position_id,entry_utc,symbol,direction,entry_price,original_stop,price_risk,nonspread_cost,risk_including_cost,horizon_seconds,feature_status,impulse_age_minutes,impulse_age_m5_bars,seconds_since_structural_break,impulse_distance_m5_atr,range_location,distance_from_favorable_extreme_m5_atr,m1_displacement_5m_atr,m1_acceleration_atr,m1_volatility_expansion,m5_displacement_15m_atr,m5_acceleration_atr,pullback_depth_m1_atr,pullback_resumption,pullback_expanding,distance_from_pullback_extreme_m1_atr,m1_directional_close_streak,m1_body_fraction,m1_opposing_wick_body_ratio,proposed_score,opposing_score,score_dominance,no_trade_score,admission_score,m1_direction,m5_direction,m15_direction,h1_direction,mtf_alignment_fraction,mtf_opposition_fraction,regime_range,regime_transition,remaining_room_r,session_room_r,previous_session_room_r,previous_day_room_r,stop_m5_atr,stop_m1_atr,m5_favorable_room_r,m15_favorable_room_r,confirmation_move_m5_atr,confirmation_consumed,cost_r,spread_m5_atr_percent,impulse_extension_m5_atr,breakout_extension_m5_atr,proposed_breakout,opposing_breakout,stop_inside_m1_noise,expected_move_consumed_fraction,broker_execution_cost_room_fraction,cost_multiple,spread_median_ratio,persistence_scans,persistence_seconds,entry_drift_m5_atr,proposed_score_rate_5m,opposing_score_rate_5m,samples,mfe_r,mae_r,mfe_before_stop_r,mae_before_stop_r,terminal_r,last_quote_utc,maximum_continuation_after_plus_1_r,maximum_tradable_continuation_after_plus_1_r,time_plus_0_5,time_plus_1,time_minus_0_5,time_minus_1,time_plus_2,time_plus_3,time_plus_5,horizon_complete,primary_label,resolved_payoff_r,available_plus_2r,available_plus_3r,available_plus_5r,seconds_to_plus_0_5,seconds_to_plus_1,seconds_to_minus_0_5,seconds_to_minus_1,seconds_to_plus_2,seconds_to_plus_3,seconds_to_plus_5
4,2026.04.01 01:04:20,AUDUSD.r,BUY,0.69191,0.69145,0.00046000000000001595,0.00018,0.000640000000000016,14400,COMPLETE,29.333333333333332,5.866666666666666,1160.0,-1.1783567134267745,0.5439330543933377,3.058116232464687,-5.4864864864869975,-5.864864864865073,2.380952380952729,-0.11222444889790671,-0.7294589178357707,0.0,0.0,0.0,0.0,0.0,0.9411764705881777,0.06250000000006506,85.0,46.88,38.12,12.0,70.14,-1.0,1.0,1.0,1.0,0.75,0.25,0.0,0.0,1.2608695652173476,2.391304347825982,0.4999999999998793,0.4999999999998793,1.2905811623246812,2.9009009009011466,2.391304347825982,-2.5217391304348036,0.07581,0.03659,0.32812499999999184,7.58,-1.84477,0.0,0.0,0.0,0.0,0.03659,0.2658227848101266,3.76,1.0,4.0,30.0,0.07581,0.6637040000000013,1.236536000000001,1441,0.8437499999998896,-3.2812499999999694,0.0,-1.046874999999959,-2.5156250000000036,2026.04.01 05:04:20,0.0,0.0,2026.04.01 01:13:10,,2026.04.01 01:04:50,2026.04.01 01:06:08,,,,True,LOSS_STOP_BEFORE_1R,-1.0,False,False,False,530,,30,108,,,
6,2026.04.01 07:22:30,US100,BUY,23971.85,23944.67,27.18000000000029,6.12,33.30000000000029,14400,COMPLETE,87.5,17.5,2250.0,4.826519337016499,0.6758122743682206,2.3152854511971284,-0.8797814207650273,-1.3005464480874318,0.6463022508038585,-0.47697974217311234,0.05156537753222834,0.0,0.0,0.0,0.11475409836065574,0.0,0.6470588235294118,0.2727272727272727,78.0,45.75,32.25,12.0,66.07,-1.0,1.0,1.0,1.0,0.75,0.25,0.0,0.0,1.3587196467991025,1.7991169977925288,1.6059602649006985,-3.130978660779898,1.4015469613259819,4.158688524590208,1.7991169977925288,-3.47130242825598,-0.22212,0.0,0.20180180180180005,2.54,-1.20157,0.0,0.0,0.0,0.0,0.0,0.15395189003436427,6.5,1.0,4.0,30.0,-0.22212,1.2,-0.1591879999999989,1441,1.1420420420420758,-3.978078078078,1.1420420420420758,-1.0276276276275749,0.21111111111115297,2026.04.01 11:22:30,1.1420420420420758,1.1420420420420758,2026.04.01 07:31:00,2026.04.01 07:37:30,2026.04.01 07:50:20,2026.04.01 07:51:30,,,,True,WIN_1R_BEFORE_STOP,1.0,False,False,False,510,900,1670,1740,,,
7,2026.04.01 07:24:00,GER40,BUY,23220.65,23173.02,47.63000000000102,6.12,53.750000000001016,14400,COMPLETE,34.0,6.8,1140.0,-0.6344003085229393,0.5473805855161825,3.1720015426146966,-1.3611111111111112,0.32407407407407396,0.7966101694915254,-2.175858079444595,-3.730813729270994,0.0,0.0,0.0,0.4537037037037037,0.0,0.18181818181818182,1.0,78.0,56.0,22.0,12.0,65.95,-1.0,1.0,1.0,1.0,0.75,0.25,0.0,1.0,1.257190846105369,2.5635103926096146,1.4927566659667653,-2.480999370144853,1.2858079444658828,3.0871296296296955,2.5635103926096146,-3.056896913709827,-0.02415,0.0,0.1231627906976721,1.21,-0.76061,0.0,0.0,0.0,0.0,0.0,0.09954887218045112,10.05,1.0,4.0,30.0,-0.02415,0.0,2.9932760000000003,1441,1.4954418604650879,-3.8626976744185315,1.4954418604650879,-1.034790697674399,0.17451162790697342,2026.04.01 11:24:00,1.4954418604650879,1.4954418604650879,2026.04.01 07:30:10,2026.04.01 07:35:30,2026.04.01 07:50:50,2026.04.01 07:51:40,,,,True,WIN_1R_BEFORE_STOP,1.0,False,False,False,370,690,1610,1660,,,
10,2026.04.01 07:49:20,GBPUSD.r,BUY,1.32693,1.326,0.0009299999999998754,0.00018,0.0011099999999998754,14400,COMPLETE,44.333333333333336,8.866666666666667,4760.0,-1.1932606541131587,0.37027027027023185,2.9554013875124903,-2.4475524475529338,-1.9825174825181426,2.2598684210527518,0.5966303270564254,1.2210109018831032,0.7587412587414041,0.0,1.0,0.0,0.0,1.0,0.0,81.5,36.8,44.7,36.0,62.95,0.0,0.0,1.0,1.0,0.5,0.0,1.0,0.0,1.3978494623657787,2.3763440860218723,2.526881720430526,-0.5591397849461545,1.2903865213081185,2.276223776223669,2.526881720430526,-0.49462365591394253,-0.21043,0.0,0.19819819819822046,4.95,-1.52255,0.0,0.0,0.0,0.0,0.0,0.14473684210526316,6.91,1.0,4.0,30.0,-0.21043,2.3149900000000003,-0.7399259999999999,1440,4.3783783783790104,-0.8738738738738336,4.3783783783790104,-0.8738738738738336,4.216216216216767,2026.04.01 11:49:20,4.3783783783790104,4.3783783783790104,2026.04.01 08:03:50,2026.04.01 08:25:20,2026.04.01 07:49:30,,2026.04.01 08:32:10,2026.04.01 10:07:10,,True,WIN_1R_BEFORE_STOP,1.0,True,True,False,870,2160,10,,2570,8270,
12,2026.04.01 15:44:40,US100,BUY,24125.6,24059.8,65.79999999999927,0.12,65.91999999999928,14400,COMPLETE,69.66666666666667,13.933333333333334,2080.0,4.359402369912375,0.9879720279720199,0.062029881504421173,0.21638330757341576,-1.7094281298299845,0.8156424581005587,0.4760432766615147,0.9953632148377125,0.0,0.0,0.0,2.293663060278207,3.0,0.5384615384615384,0.5,85.85,37.0,48.849999999999994,12.0,75.8,0.0,1.0,1.0,0.0,0.5,0.0,0.0,0.0,1.4281806338905934,-0.0053191489361481565,-1.2325227963525751,-3.629939209726462,1.8984028851107466,5.69520865533224,-0.0053191489361481565,-2.7203647416413674,0.00581,0.00263,0.010922330097087499,1.39,0.11268,0.0,0.0,0.0,0.0,0.00263,0.007603415502863504,131.52,1.0,4.0,30.0,0.00581,3.1820239999999984,-0.42546799999999935,1441,0.9318871359223845,-2.4062500000000266,0.9318871359223845,-1.0174453883494816,-0.7785194174756925,2026.04.01 19:44:40,0.0,0.0,2026.04.01 15:56:10,,2026.04.01 18:02:00,2026.04.01 18:15:20,,,,True,LOSS_STOP_BEFORE_1R,-1.0,False,False,False,690,,8240,9040,,,
14,2026.04.02 02:10:40,US500,SELL,6519.97,6541.79,21.81999999999971,6.12,27.93999999999971,14400,COMPLETE,75.66666666666667,15.133333333333333,2140.0,5.647513926139827,0.9937738246505631,0.0353827109552796,1.81831085876537,1.6527087769106212,1.2498262682419967,0.3971528780689047,0.23107076542189506,0.0,0.0,0.0,3.3087295954581086,2.0,0.14285714285714285,6.0,88.28,37.0,51.28,12.0,76.96,0.0,1.0,1.0,1.0,0.75,0.0,0.0,0.0,1.2515516562786602,-0.011457378551787504,-2.242438130155822,-1.0105407882676662,1.5756137817206153,7.226874852141139,-0.011457378551787504,-3.595783684692992,-0.01568,0.0,0.22798854688618705,1.63,0.90146,0.0,0.0,0.0,0.0,0.0,0.18913943467619698,5.29,1.0,4.0,30.0,-0.01568,2.0682699999999983,1.3161180000000001,1440,0.8829634931997214,-0.25483178239084014,0.8829634931997214,-0.25483178239084014,0.8124552612741894,2026.04.02 06:10:40,0.0,0.0,2026.04.02 04:37:00,,,,,,,True,CENSORED_NO_BOUNDARY,,False,False,False,8780,,,,,,
15,2026.04.02 02:15:40,US100,SELL,23737.8,23827.41,89.61000000000058,0.12,89.73000000000059,14400,COMPLETE,80.66666666666667,16.133333333333333,40.0,6.2890625,0.9084924292297564,0.6334635416666667,4.379679144385027,2.6577540106951876,1.8299319727891157,1.5130208333333335,1.4264322916666667,0.0,0.0,0.0,7.524064171122994,7.0,1.0,0.0,111.84,29.0,82.84,12.0,87.75,1.0,1.0,1.0,1.0,1.0,0.0,0.0,0.0,1.4453744001785422,0.39895100993192467,-2.5281776587434193,-0.6662202879142991,1.6335156250000107,6.7087700534759795,-0.17018189934159023,-3.8807052784287217,-0.20693,0.0,0.008024072216649898,1.01,0.87838,0.2576,1.0,0.0,0.0,0.0,0.005528255528255528,180.89,0.5455,4.0,30.0,-0.20693,5.363812000000001,-0.05472999999999999,1440,1.5967903711133051,-0.05817452357073608,1.5967903711133051,-0.05817452357073608,1.5003900590660773,2026.04.02 06:15:40,1.5967903711133051,1.5967903711133051,2026.04.02 03:38:40,2026.04.02 04:36:20,,,,,,True,WIN_1R_BEFORE_STOP,1.0,False,False,False,4980,8440,,,,,
18,2026.04.06 05:46:50,XAUUSD.r,BUY,4660.98,4653.5,7.479999999999563,0.18000000000000002,7.659999999999563,14400,COMPLETE,61.833333333333336,12.366666666666667,1610.0,2.850856467808567,0.5256410256410148,3.5950974601299523,-1.5951245363012672,0.7419183889764707,0.5404475043027605,-1.050206733608945,0.2728883638512749,0.8532061473234471,0.0,0.0,0.4303126656066903,1.0,1.0,0.0,70.34,54.1,16.240000000000002,12.0,67.46,-1.0,1.0,0.0,0.0,0.25,0.25,0.0,1.0,1.4077540106952693,2.382352941176692,2.7874331550804254,1.931818181818392,1.5463673951564099,5.549549549548723,2.382352941176692,-2.636363636363703,0.00363,0.00184,0.043080939947783135,2.73,-2.30578,0.0,0.0,0.0,0.0,0.00184,0.030386740331491715,32.91,1.0,4.0,30.0,0.00363,0.389045999999999,-0.8,1441,5.80287206266353,-2.070496083550951,0.7845953002612078,-1.0979112271540525,5.415143603133568,2026.04.06 09:46:50,5.80287206266353,0.0,2026.04.06 05:53:50,2026.04.06 07:49:30,2026.04.06 05:57:30,2026.04.06 05:59:40,2026.04.06 07:51:00,2026.04.06 07:54:10,2026.04.06 09:02:30,True,LOSS_STOP_BEFORE_1R,-1.0,False,False,False,420,7360,640,770,7450,7640,11740
20,2026.04.06 09:05:50,XAUUSD.r,BUY,4701.08,4688.44,12.640000000000327,0.18000000000000002,12.820000000000327,14400,COMPLETE,25.833333333333332,5.166666666666667,50.0,1.7664300435080504,1.0050450450450406,-0.04488207007094605,2.042918454935567,1.2399531798671233,1.0516224188792458,0.5129379436683922,0.26608655827797023,0.0,0.0,0.0,3.113538821693326,0.0,0.4545454545456335,0.3333333333327559,100.28,32.0,68.28,12.0,76.92,0.0,1.0,1.0,1.0,0.75,0.0,0.0,0.0,1.1835443037974378,-0.22626582278477836,-1.7626582278480354,-2.029272151898653,2.026104877490317,6.9044088958256,-0.22626582278477836,-4.009493670885995,0.03309,0.01482,0.025741029641184993,2.16,0.92662,0.41151,1.0,0.0,0.0,0.01482,0.02158273381294964,46.33,1.0,4.0,30.0,0.03309,3.233681999999999,-1.2,1441,0.3393135725428732,-3.1567862714507746,0.3393135725428732,-1.056162246489807,-2.491419656786225,2026.04.06 13:05:50,0.0,0.0,,,2026.04.06 09:50:30,2026.04.06 10:14:36,,,,True,LOSS_STOP_BEFORE_1R,-1.0,False,False,False,,,2680,4126,,,
22,2026.04.07 09:17:40,US500,BUY,6631.28,6620.48,10.800000000000182,0.12,10.920000000000181,14400,COMPLETE,27.666666666666668,5.533333333333333,2560.0,1.5654952076677315,0.9802006335797255,0.134185303514377,-0.2083668543844948,-2.6749798873687913,1.133818589025566,0.6261980830670927,0.670926517571885,0.7715205148832954,1.0,0.0,2.748189863234209,1.0,1.0,0.0,87.07,44.79,42.279999999999994,12.0,72.84,1.0,1.0,1.0,0.0,0.75,0.0,0.0,0.0,1.2880687833333115,0.10370370370369185,-0.48611111111110294,-0.06759259259255103,1.9322683706070614,6.08205953338715,-0.07037037037030518,-3.4842592592592108,0.09705,0.04225,0.03388278388278332,3.85,0.80876,0.0,0.0,0.0,0.0,0.04225,0.025908290647825648,38.6,1.0,4.0,30.0,0.09705,-0.9771219999999999,3.000000000000001,1441,0.6062271062271595,-4.956043956043874,0.6062271062271595,-1.086996336996319,-3.1822344322343894,2026.04.07 13:17:40,0.0,0.0,2026.04.07 09:27:30,,2026.04.07 10:09:30,2026.04.07 10:09:30,,,,True,LOSS_STOP_BEFORE_1R,-1.0,False,False,False,590,,3110,3110,,,
24,2026.04.07 14:28:40,GER40,SELL,22963.55,23042.9,79.35000000000218,0.12,79.47000000000219,14400,COMPLETE,63.666666666666664,12.733333333333333,1120.0,3.6663433559650698,0.626913265306125,2.6479146459747724,-0.5468750000000051,1.701388888888905,0.8833151581243289,-3.123181377303578,-6.472680245716111,0.0,0.0,0.0,1.5190972222222365,3.0,0.9047619047619048,0.10526315789473684,76.88,56.0,20.879999999999995,36.0,68.03,-1.0,0.0,1.0,1.0,0.5,0.25,1.0,0.0,1.3665676478890614,1.5248897290484773,-1.4240705734089085,3.718966603654574,1.7958292919496066,4.821614583333512,1.5248897290484773,-2.8935097668556504,-0.02017,0.0,0.007801686170881879,1.01,0.86744,0.0,0.0,0.0,0.0,0.0,0.00568509300482879,175.9,1.0,4.0,30.0,-0.02017,0.0,2.2445400000000006,1441,1.3763684409210644,-1.8361645904114163,1.3763684409210644,-1.0320875802189404,-1.3957468227003427,2026.04.07 18:28:40,1.3763684409210644,1.3763684409210644,2026.04.07 14:58:50,2026.04.07 15:00:20,2026.04.07 14:33:50,2026.04.07 16:35:50,,,,True,WIN_1R_BEFORE_STOP,1.0,False,False,False,1810,1900,310,7630,,,
26,2026.04.07 23:46:50,AUDJPY.r,BUY,112.277,112.003,0.2740000000000009,0.021523809999999997,0.2955238100000009,14400,COMPLETE,21.833333333333332,4.366666666666666,410.0,1.3392440503966287,1.0201117318435762,-0.11759216052263625,1.1951219512193305,-0.6097560975611163,0.8600917431192802,0.7708819412038869,1.2216518898739925,0.6585365853658808,1.0,0.0,3.7560975609755336,1.0,0.3199999999997499,0.8750000000011102,110.55,29.0,81.55,12.0,81.06,0.0,1.0,1.0,1.0,0.75,0.0,0.0,0.0,1.2361487591240834,-0.036496350364982055,-4.288321167883187,-6.167883211678803,1.7900139990667343,6.682926829268337,-0.036496350364982055,-3.7226277372262504,0.04754,0.02115,0.10667096502308868,5.94,0.76061,0.0,0.0,0.0,0.0,0.02115,0.08514688642208244,11.74,0.8333,4.0,30.0,0.04754,5.862204,-1.2300619999999995,1443,0.23509506729760205,-2.4212052829178146,0.23509506729760205,-1.0,-2.292620043034786,2026.04.08 03:46:50,0.0,0.0,,,2026.04.08 00:15:10,2026.04.08 00:27:58,,,,True,LOSS_STOP_BEFORE_1R,-1.0,False,False,False,,,1700,2468,,,
27,2026.04.08 00:19:10,GBPUSD.r,BUY,1.33847,1.33712,0.0013499999999999623,0.00018,0.0015299999999999624,14400,COMPLETE,44.166666666666664,8.833333333333334,3250.0,0.31132075471692194,0.6848958333333469,2.2830188679243735,-2.4965034965037645,-3.671328671329129,0.6750000000001631,-1.1981132075470438,-2.1226415094338065,0.0,0.0,0.0,0.0,0.0,1.0,0.0,78.1,61.18,16.919999999999995,12.0,63.82,-1.0,1.0,1.0,1.0,0.75,0.25,0.0,0.0,1.266666666666702,1.8814814814815242,1.8,1.8,1.2735849056603257,3.304195804195999,1.8814814814815242,-2.7851851851852523,-0.08537,0.0,0.15032679738562463,4.27,-0.7,0.0,0.0,0.0,0.0,0.0,0.11855670103092783,8.43,1.0,4.0,30.0,-0.08537,-0.3,0.7496679999999998,1443,1.888888888888874,-0.4248366013071807,1.888888888888874,-0.4248366013071807,1.594771241830003,2026.04.08 04:19:10,1.888888888888874,1.888888888888874,2026.04.08 00:52:30,2026.04.08 01:11:00,,,,,,True,WIN_1R_BEFORE_STOP,1.0,False,False,False,2000,3110,,,,,
30,2026.04.08 00:50:40,AUDUSD.r,BUY,0.70548,0.70444,0.001040000000000041,0.00018,0.001220000000000041,14400,COMPLETE,75.66666666666667,15.133333333333333,2740.0,-0.7126696832578164,0.17492711370263475,4.481900452488538,0.6441717791410253,2.9202453987730292,0.8830188679245549,-0.6176470588235112,0.0,0.0,0.0,0.0,2.190184049079772,2.0,0.7777777777775722,0.2857142857146256,77.48,56.03,21.450000000000003,12.0,64.98,0.0,1.0,1.0,1.0,0.75,0.0,0.0,1.0,1.173076923076877,2.8749999999999334,2.1826923076922164,2.1826923076922164,1.647058823529422,4.466257668711776,2.8749999999999334,-0.23076923076923897,0.14141,0.06536,0.17213114754097783,4.24,-0.93333,0.0,0.0,0.0,0.0,0.06536,0.14685314685314685,6.81,1.0,4.0,30.0,0.14141,1.487554,-1.0155460000000005,1441,1.295081967213058,-1.1393442622950802,1.295081967213058,-1.0409836065573712,0.7950819672130752,2026.04.08 04:50:40,1.295081967213058,1.295081967213058,2026.04.08 01:12:50,2026.04.08 01:24:00,2026.04.08 02:57:40,2026.04.08 03:27:10,,,,True,WIN_1R_BEFORE_STOP,1.0,False,False,False,1330,2000,7620,9390,,,
32,2026.04.08 05:05:40,US100,BUY,24984.85,24969.63,15.219999999997526,0.12,15.339999999997525,14400,COMPLETE,80.66666666666667,16.133333333333333,2740.0,3.470963624760543,0.6492424242424022,2.0682833439694885,0.5759493670886076,0.044303797468354444,1.1365638766519823,-1.0051052967453686,-0.02233567326100816,0.0,0.0,0.0,1.5063291139240504,2.0,0.8148148148148148,0.0,76.0,59.72,16.28,12.0,65.05,0.0,1.0,1.0,1.0,0.75,0.0,0.0,1.0,1.4737187910646286,1.7509855453354657,-2.6675427069648583,-2.6675427069648583,1.3597957881299578,2.697215189872979,1.7509855453354657,-2.634691195795339,0.03779,0.02114,0.04693611473273247,4.53,-1.52281,0.0,0.0,0.0,0.0,0.02114,0.031101511879049675,32.15,1.0,4.0,30.0,0.03779,2.6,2.4105259999999986,1442,6.586049543677819,-0.6336375488917935,6.586049543677819,-0.6336375488917935,5.445241199479461,2026.04.08 09:05:40,6.586049543677819,6.586049543677819,2026.04.08 05:18:30,2026.04.08 05:22:30,2026.04.08 05:09:30,,2026.04.08 05:29:10,2026.04.08 05:32:30,2026.04.08 08:59:10,True,WIN_1R_BEFORE_STOP,1.0,True,True,True,770,1010,230,,1410,1610,14010
34,2026.04.08 06:05:40,GBPUSD.r,BUY,1.34282,1.34206,0.0007599999999998719,0.00018,0.0009399999999998719,14400,COMPLETE,55.666666666666664,11.133333333333333,940.0,3.0658227848100497,0.5444743935309583,2.9949367088610073,-2.3444976076549544,-0.6363636363632643,1.1405750798722507,-2.1797468354430856,-3.827848101265993,0.7033492822967095,0.0,0.0,0.2679425837322923,0.0,0.619047619047317,0.0,78.0,57.38,20.619999999999997,12.0,60.26,0.0,1.0,1.0,1.0,0.75,0.0,0.0,1.0,1.561092105263421,2.2368421052635807,-2.526315789474007,-2.526315789474007,1.3468354430377067,2.545454545453802,2.2368421052635807,-2.552631578947576,0.0,0.0,0.23404255319152126,6.26,-0.12514,0.0,0.0,0.0,0.0,0.0,0.1564244221184133,6.39,0.8,4.0,30.0,0.0,-3.1563279999999994,4.894144,1441,1.4361702127661864,-2.223404255319299,0.0,-1.0106382978724116,-0.5744680851063718,2026.04.08 10:05:40,1.4361702127661864,0.0,2026.04.08 06:27:30,2026.04.08 06:29:10,2026.04.08 06:09:00,2026.04.08 06:09:45,,,,True,LOSS_STOP_BEFORE_1R,-1.0,False,False,False,1310,1410,200,245,,,
36,2026.04.08 14:37:50,US500,SELL,6769.9,6787.59,17.69000000000051,0.12,17.81000000000051,14400,COMPLETE,52.833333333333336,10.566666666666666,170.0,2.791417793146842,0.9301675977653635,0.27507073247405933,1.9662921348314608,0.3146067415730338,0.8828903654484944,1.1277900031436432,0.6326626846903365,0.0,0.0,0.0,4.089887640449438,0.0,0.3333333333333333,2.0,94.86,32.79,62.07,12.0,80.84,1.0,1.0,1.0,-1.0,0.75,0.25,0.0,0.0,1.3220382781231954,-0.11305822498586447,-0.7914075749010513,12.775579423402684,1.9464005029864997,5.565393258427127,-0.11305822498586447,-1.8937252685132298,-0.0463,0.0,0.020774845592363245,2.32,1.20386,0.18521,1.0,0.0,0.0,0.0,0.015574450686788109,64.21,1.0,4.0,30.0,-0.0463,3.1962159999999984,0.0,1441,1.1583380123525777,-1.6097697922515082,1.1583380123525777,-1.0314430095451699,-0.5850645704660237,2026.04.08 18:37:50,1.1583380123525777,1.1583380123525777,2026.04.08 14:47:40,2026.04.08 14:56:30,2026.04.08 15:47:20,2026.04.08 16:03:40,,,,True,WIN_1R_BEFORE_STOP,1.0,False,False,False,590,1120,4170,5150,,,
38,2026.04.08 19:10:50,XAUUSD.r,SELL,4711.21,4726.96,15.75,0.18000000000000002,15.93,14400,COMPLETE,60.833333333333336,12.166666666666666,350.0,4.215916325602617,0.7986817325800432,1.3611641655297713,-2.0211864406778237,-3.228813559321695,1.1425206124853255,0.011459754433852392,-0.7932696680308885,0.7330508474574632,0.0,0.0,0.6355932203390012,1.0,0.32214765100687937,0.5416666666665877,91.4,42.56,48.84,12.0,71.66,0.0,1.0,1.0,1.0,0.75,0.0,0.0,0.0,1.242875283174603,0.4615873015873293,-1.3358730158730137,6.573333333333317,2.005457025920926,6.673728813559514,0.6082539682539636,-2.7409523809523857,-0.13926,0.0,0.02071563088512241,1.66,0.40783,0.0,0.0,0.0,0.0,0.0,0.016578511095382813,60.32,1.0,4.0,30.0,-0.13926,-5.782276000000001,2.0169200000000003,1442,0.3766478342749712,-1.3408662900188506,0.21531701192716085,-1.0031387319523026,0.23352165725044796,2026.04.08 23:10:50,0.0,0.0,,,2026.04.08 19:36:20,2026.04.08 19:50:09,,,,True,LOSS_STOP_BEFORE_1R,-1.0,False,False,False,,,1530,2359,,,
39,2026.04.08 19:15:00,XAGUSD.r,SELL,74.213,74.732,0.5190000000000055,0.013199999999999996,0.5322000000000054,14400,COMPLETE,70.0,14.0,1800.0,3.752346074616638,0.61732283464567,2.3360036621652527,-4.201066260472145,-2.3031226199541077,0.7220338983051046,-1.749599450675187,-2.2590981918058546,0.565118050266541,0.0,0.0,0.07463823305412864,1.0,0.17073170731720844,4.857142857138217,82.0,46.03,35.97,12.0,65.24,-1.0,1.0,1.0,1.0,0.75,0.25,0.0,0.0,1.3502890173410262,1.2215799614643423,-0.955684007707137,8.491329479768691,1.6630807965209606,5.533891850723641,1.4219653179190592,-2.576107899807301,-0.13095,0.0,0.06989853438556862,7.14,-0.14583,0.0,0.0,0.0,0.0,0.0,0.050406504065040644,19.84,0.75,4.0,30.0,-0.13095,-4.383868000000001,0.40595200000000065,1442,1.0255543028936338,-0.8647125140924427,1.0255543028936338,-0.8647125140924427,0.8357760240510971,2026.04.08 23:15:00,1.0255543028936338,1.0255543028936338,2026.04.08 22:12:20,2026.04.08 22:22:50,2026.04.08 19:40:40,,,,,True,WIN_1R_BEFORE_STOP,1.0,False,False,False,10640,11270,1540,,,,
42,2026.04.12 23:08:30,USDJPY.r,BUY,159.842,159.75,0.09200000000001296,0.02152381,0.11352381000001296,14400,COMPLETE,23.5,4.7,2010.0,1.1290322580645593,1.0153846153846895,-0.24462365591407698,2.2202643171801073,2.96035242290681,1.0555555555549219,-0.0940860215052908,-0.018817204301165125,0.616740088105001,1.0,0.0,4.008810572687765,1.0,0.5000000000008882,0.37499999999777955,77.99,32.19,45.8,12.0,62.12,0.0,1.0,1.0,1.0,0.75,0.0,0.0,0.0,1.235921304347652,-0.03260869565232502,-5.347826086955971,-5.108695652173181,1.7311827956991692,5.674008810571969,-0.03260869565232502,-3.6086956521736444,0.0158,0.00713,0.2248322180166177,6.32,0.28442,0.0,0.0,0.0,0.0,0.00713,0.18332307801480688,5.45,0.25,4.0,30.0,0.0158,1.3247659999999997,0.2629439999999995,1442,0.0,-1.8632550299360284,0.0,-1.026426174385669,-1.1761744959053784,2026.04.13 03:08:30,0.0,0.0,,,2026.04.12 23:28:40,2026.04.12 23:34:50,,,,True,LOSS_STOP_BEFORE_1R,-1.0,False,False,False,,,1210,1580,,,
44,2026.04.12 23:48:30,US100,SELL,24791.8,24823.06,31.260000000002037,0.12,31.38000000000204,14400,COMPLETE,33.5,6.7,4410.0,1.9917127071823204,1.0284900284900285,-0.27071823204419887,1.8817204301075268,3.462365591397849,1.1818181818181819,0.6767955801104972,0.425414364640884,0.0,0.0,0.0,2.333333333333333,3.0,0.625,0.6,88.31,33.21,55.1,12.0,64.2,1.0,1.0,1.0,1.0,1.0,0.0,0.0,0.0,1.2208836030069583,-0.06397952655149935,-9.201855406269441,-8.554062699935509,2.4179005524863455,9.41161290322642,-0.06397952655149935,-2.3992322456812256,0.08783,0.03115,0.02294455066921457,4.22,1.35257,0.0,0.0,0.0,0.0,0.03115,0.018516222359311472,54.01,1.0,4.0,30.0,0.08783,0.043718000000001214,-0.5574079999999995,1441,0.032823454429501284,-5.153601019757542,0.032823454429501284,-1.090503505417462,-4.221478648820701,2026.04.13 03:48:30,0.0,0.0,,,2026.04.12 23:51:20,2026.04.12 23:52:30,,,,True,LOSS_STOP_BEFORE_1R,-1.0,False,False,False,,,170,240,,,
46,2026.04.13 20:49:20,US500,BUY,6896.0,6888.98,7.020000000000437,0.12,7.140000000000437,14400,COMPLETE,64.33333333333333,12.866666666666667,860.0,6.889763779527546,1.0145985401459854,-0.12526843235504628,3.1111111111111107,3.1111111111111107,1.3100436681222916,0.438439513242662,0.25053686471009257,0.0,0.0,0.0,4.277777777777778,0.0,1.0,0.0,96.54,29.0,67.54,12.0,69.31,1.0,1.0,1.0,1.0,1.0,0.0,0.0,0.0,1.2874847378916578,-0.0356125356125334,-5.306267806267476,-19.0484330484319,1.7587687902649594,10.920000000000678,-0.0356125356125334,-4.8433048433045425,-0.11692,0.0,0.05182072829131336,5.85,0.8769,0.0,0.0,0.0,0.0,0.0,0.03932763410439964,25.43,1.0,4.0,30.0,-0.11692,0.9732560000000007,-3.0,1441,0.6456582633052215,-0.826330532212799,0.6456582633052215,-0.826330532212799,-0.0546218487395536,2026.04.14 00:49:20,0.0,0.0,2026.04.13 23:08:20,,2026.04.14 00:05:20,,,,,True,CENSORED_NO_BOUNDARY,,False,False,False,8340,,11760,,,,
48,2026.04.14 08:05:40,EURUSD.r,BUY,1.17791,1.17718,0.0007300000000001194,0.00018,0.0009100000000001195,14400,COMPLETE,45.666666666666664,9.133333333333333,3340.0,-0.050179211469491454,0.539473684210551,2.1911589008361934,-0.6862745098054305,-0.6176470588261065,0.6580645161291653,-1.1206690561532138,-0.8864994026286728,0.0,0.0,0.0,0.7549019607832306,2.0,0.28571428571292623,1.5000000000166533,76.0,53.99,22.009999999999998,36.0,62.94,-1.0,0.0,1.0,1.0,0.5,0.25,1.0,0.0,1.5342465753422145,2.4109589041091724,-0.09589041095890828,-1.6849315068491275,1.2210274790921967,5.0098039215698895,2.4109589041091724,-2.356164383561181,-0.07901,0.0,0.20879120879118138,1.58,-1.50113,0.0,0.0,0.0,0.0,0.0,0.14503816793893132,6.89,1.0,4.0,30.0,-0.07901,3.7168520000000003,2.075587999999999,1441,2.7472527472524035,-0.6043956043955047,2.7472527472524035,-0.6043956043955047,1.3846153846150773,2026.04.14 12:05:40,2.7472527472524035,2.7472527472524035,2026.04.14 09:02:00,2026.04.14 09:12:20,2026.04.14 08:11:30,,2026.04.14 11:06:40,,,True,WIN_1R_BEFORE_STOP,1.0,True,False,False,3380,4000,350,,10860,,
50,2026.04.14 15:05:40,US100,BUY,25645.35,25617.05,28.299999999999272,0.12,28.419999999999273,14400,COMPLETE,25.666666666666668,5.133333333333334,640.0,-0.14749163879605476,0.7673780487804789,1.7862876254181284,-3.167420814479586,-1.781674208144767,1.1518072289157328,-0.7140468227424749,-0.8076923076923077,0.7126696832579068,0.0,1.0,0.0,0.0,1.0,0.0,78.0,44.37,33.63,36.0,65.57,0.0,1.0,1.0,1.0,0.75,0.0,1.0,0.0,1.287279151943496,1.4540636042403714,-2.971731448763276,-5.61307420494709,1.3250836120400997,4.481900452488499,1.4540636042403714,-4.332155477031862,0.07112,0.04499,0.025334271639691007,2.44,-0.69695,0.0,0.0,0.0,0.0,0.04499,0.019380888290713324,51.6,1.0,4.0,30.0,0.07112,-5.01696,1.4747420000000004,1442,6.660098522167709,-0.509148486980961,6.660098522167709,-0.509148486980961,5.903589021815825,2026.04.14 19:05:40,6.660098522167709,6.660098522167709,2026.04.14 15:16:30,2026.04.14 15:20:00,2026.04.14 15:06:40,,2026.04.14 15:26:00,2026.04.14 15:44:50,2026.04.14 16:26:10,True,WIN_1R_BEFORE_STOP,1.0,True,True,True,650,860,60,,1220,2350,4830
51,2026.04.14 16:34:40,US500,BUY,6963.9,6956.96,6.9399999999996,0.12,7.0599999999996,14400,COMPLETE,34.666666666666664,6.933333333333334,280.0,1.694736842105263,0.875,1.0315789473684212,-3.1370038412290326,-4.705505761843549,0.9477551020410124,1.9894736842105263,1.6210526315789473,0.8962868117797236,0.0,0.0,0.0,0.0,1.0,0.0,117.0,29.0,88.0,12.0,74.15,1.0,1.0,1.0,1.0,1.0,0.0,0.0,0.0,1.1694112809798944,0.5043227665706342,-7.121037463977366,-9.066282420749813,2.045473684210408,6.220230473750923,0.21613832853027182,-3.566282420749485,0.0,0.0,0.05240793201133442,6.48,1.2963,-0.38889,1.0,0.0,0.0,0.0,0.043602693580672036,22.93,1.0,4.0,30.0,0.0,0.0,0.0,1442,1.6402266288953802,-1.6883852691218055,0.9745042492918399,-1.2280453257790032,1.1444759206800548,2026.04.14 20:34:40,1.6402266288953802,0.0,2026.04.14 17:20:40,2026.04.14 19:25:20,2026.04.14 16:55:30,2026.04.14 18:21:15,,,,True,LOSS_STOP_BEFORE_1R,-1.0,False,False,False,2760,10240,1250,6395,,,
54,2026.04.16 05:26:00,XAUUSD.r,BUY,4832.4,4828.72,3.6799999999993815,0.18000000000000002,3.8599999999993817,14400,COMPLETE,56.0,11.2,1260.0,3.025083106678837,0.6693363844393307,2.44545179812679,-1.6303317535538333,-0.38862559241605,0.7533392698131344,-1.1423390752493323,-3.2112420670900677,0.9194312796210672,0.0,0.0,0.0,0.0,0.7012987012990848,0.42592592592514616,68.22,50.4,17.82,12.0,64.01,0.0,1.0,1.0,1.0,0.75,0.0,0.0,1.0,1.336956521739355,1.6440217391307606,-1.565217391304423,10.559782608697585,1.5569658507100441,3.488151658767083,1.6440217391307606,-3.182065217391849,-0.12247,0.0,0.08549222797928831,5.74,0.66976,0.0,0.0,0.0,0.0,0.0,0.06285714285714286,15.91,1.0,4.0,30.0,-0.12247,-1.3916460000000002,1.9784239999999997,1441,0.3264248704665055,-6.670984455959542,0.3264248704665055,-1.1398963730570078,-4.409326424870975,2026.04.16 09:26:00,0.0,0.0,,,2026.04.16 05:31:50,2026.04.16 05:32:25,,,,True,LOSS_STOP_BEFORE_1R,-1.0,False,False,False,,,350,385,,,
56,2026.04.16 11:16:30,US100,SELL,26281.9,26300.6,18.69999999999709,0.12,18.81999999999709,14400,COMPLETE,71.5,14.3,1890.0,3.7913741223670736,0.5538461538461539,3.054162487462365,0.09283819628647035,0.4177718832891166,1.544943820224677,-0.40371113340019765,1.158475426278828,0.9748010610079387,0.0,1.0,0.9283819628647035,0.0,1.0,0.0,70.35,45.93,24.419999999999995,36.0,67.1,0.0,0.0,0.0,0.0,0.0,0.0,1.0,0.0,1.874522536363928,2.4732620320859464,1.0294117647060426,25.62566844920189,1.312938816449134,3.4721485411134507,2.4732620320859464,-2.901069518717029,0.01537,0.00694,0.03825717321998466,3.69,-1.59895,0.0,0.0,0.0,0.0,0.00694,0.020126589860027293,49.69,1.0,4.0,30.0,0.01537,1.4589440000000011,-2.6167599999999993,1441,6.9755579171106135,-4.382040382572333,1.409670563230901,-1.114240170031976,-4.03666312433636,2026.04.16 15:16:30,6.9755579171106135,1.409670563230901,2026.04.16 11:24:40,2026.04.16 11:27:00,2026.04.16 11:34:50,2026.04.16 13:29:20,2026.04.16 13:31:50,2026.04.16 13:41:50,2026.04.16 13:53:30,True,WIN_1R_BEFORE_STOP,1.0,False,False,False,490,630,1100,7970,8120,8720,9420
58,2026.04.16 17:39:40,GER40,SELL,24087.15,24112.98,25.82999999999811,0.12,25.94999999999811,14400,COMPLETE,54.666666666666664,10.933333333333334,1480.0,1.8606321839080362,0.711864406779661,1.7097701149425197,2.4266666666666667,5.6,0.5131578947368421,-1.6091954022988422,-2.9166666666666514,0.0,0.0,0.0,2.6133333333333337,5.0,1.0,0.0,71.42,56.0,15.420000000000002,12.0,68.26,-1.0,1.0,0.0,0.0,0.25,0.25,0.0,0.0,1.1761517615177013,1.432442895857635,-0.0,3.809523809524145,1.2989224137930016,4.8215999999996475,1.432442895857635,-3.2907471931864585,-0.0,-0.0,0.02389210019267997,2.23,-0.17812,0.0,0.0,0.0,0.0,-0.0,0.02,50.0,1.0,4.0,30.0,-0.0,-1.4,0.30788799999999983,1441,0.5156069364162226,-1.3075144508670575,0.5156069364162226,-1.102890173410485,-1.1148362235067353,2026.04.16 21:39:40,0.0,0.0,2026.04.16 18:10:40,,2026.04.16 18:01:10,2026.04.16 19:00:30,,,,True,LOSS_STOP_BEFORE_1R,-1.0,False,False,False,1860,,1290,4850,,,
60,2026.04.17 13:30:40,AUDUSD.r,BUY,0.72062,0.71969,0.0009299999999999864,0.00018,0.0011099999999999864,14400,COMPLETE,45.666666666666664,9.133333333333333,1240.0,3.156220767072067,0.6960000000000071,1.9906454630495385,-2.2181818181819324,-2.2909090909092815,1.3199999999999246,-1.073900841908384,-2.0037418147802137,0.0,0.0,0.0,1.7818181818182404,2.0,0.2307692307690994,3.3333333333358004,78.0,54.34,23.659999999999997,12.0,71.29,-1.0,1.0,1.0,1.0,0.75,0.25,0.0,0.0,1.4408602150537846,1.6559139784946326,-2.559139784946326,-0.9462365591397901,1.217960710944793,3.3818181818183093,1.6559139784946326,-3.741935483871064,-0.14907,0.0,0.1801801801801824,2.48,-0.6087,0.0,0.0,0.0,0.0,0.0,0.12987012987012989,7.7,0.6667,4.0,30.0,-0.14907,-0.6400000000000006,1.6066140000000004,1447,0.8108108108107935,-2.8108108108108936,0.8108108108107935,-1.1081081081081174,-2.405405405405428,2026.04.17 17:30:40,0.0,0.0,2026.04.17 13:37:50,,2026.04.17 14:50:50,2026.04.17 15:04:00,,,,True,LOSS_STOP_BEFORE_1R,-1.0,False,False,False,430,,4810,5600,,,
61,2026.04.17 13:30:40,USDCHF.r,SELL,0.77965,0.78048,0.0008299999999999974,0.00016687,0.0009968699999999974,14400,COMPLETE,80.66666666666667,16.133333333333333,1240.0,4.390707497360188,0.6199186991870008,2.764519535374799,-2.925925925925592,-1.9629629629625465,1.2421052631577463,-1.8035902851109,-3.429778247096124,0.0,0.0,0.0,0.9999999999999118,2.0,0.4482758620692031,1.2307692307680482,78.0,57.0,21.0,12.0,66.13,-1.0,1.0,1.0,1.0,0.75,0.25,0.0,0.0,1.6490361445783184,2.289156626505913,-2.783132530120532,-0.24096385542179471,1.2270327349524948,3.0740740740738794,2.289156626505913,-3.5903614457832567,-0.06938,0.0,0.21755093442475004,6.94,-0.59663,0.0,0.0,0.0,0.0,0.0,0.13677731036788032,7.31,1.0,4.0,30.0,-0.06938,-0.8,1.8546840000000002,1447,1.8589485088325617,-0.9699058051702082,1.8589485088325617,-0.9699058051702082,-0.6188068654890437,2026.04.17 17:30:40,1.8589485088325617,1.8589485088325617,2026.04.17 13:36:20,2026.04.17 13:58:00,2026.04.17 17:08:40,,,,,True,WIN_1R_BEFORE_STOP,1.0,False,False,False,340,1640,13080,,,,
62,2026.04.17 13:30:50,XAUUSD.r,BUY,4851.14,4827.85,23.289999999999964,0.18000000000000002,23.469999999999963,14400,COMPLETE,90.83333333333333,18.166666666666668,950.0,4.394160583941607,0.5894969596462155,3.059924652695995,-1.6580238262089853,-0.8574632095306473,0.6644951140065192,-2.5539204144101997,-5.6987285142454045,0.0,0.0,0.0,0.3178696566222655,0.0,0.049295774648000085,10.595655220742183,74.81,52.73,22.080000000000005,12.0,65.27,0.0,1.0,1.0,1.0,0.75,0.0,0.0,0.0,1.2227994847574084,1.639330184628572,-1.6882782310004585,-0.5448690425075366,1.9193548387096526,4.569866853538921,1.639330184628572,-2.2911120652640906,0.11684,0.05043,0.014060502769492993,1.15,0.34593,0.0,0.0,0.0,0.0,0.05043,0.01145475372279496,87.3,1.0,4.0,30.0,0.11684,-1.7012760000000013,3.142304,1447,1.4405624201107727,-0.03238176395398076,1.4405624201107727,-0.03238176395398076,0.31827865360032587,2026.04.17 17:30:50,1.4405624201107727,1.4405624201107727,2026.04.17 13:36:20,2026.04.17 13:54:20,,,,,,True,WIN_1R_BEFORE_STOP,1.0,False,False,False,330,1410,,,,,
66,2026.04.17 13:47:40,US100,BUY,26536.45,26478.63,57.81999999999971,0.12,57.939999999999706,14400,COMPLETE,17.666666666666668,3.533333333333333,1960.0,0.6920152091255204,0.3917285259809212,1.1113525258011439,-0.582891748675246,-1.3141559424678273,0.9461966604823748,0.4182509505703408,2.900597501357948,0.4557153671461014,0.0,1.0,0.0,0.0,0.7887323943661971,0.26785714285714285,85.39,42.64,42.75,12.0,68.06,0.0,1.0,1.0,1.0,0.75,0.0,0.0,1.0,1.4040124524386097,2.6271186440677723,-1.636112071947469,-1.7779315115876824,1.2562737642585446,2.4511127933383676,2.6271186440677723,-1.6127637495676317,-0.08453,0.0,0.01242664825681746,1.19,-2.81233,0.0,0.0,0.0,0.0,0.0,0.00879120879120879,113.75,1.0,4.0,30.0,-0.08453,3.277340000000001,-3.7552679999999996,1444,3.7112530203658767,-0.43959268208495533,3.7112530203658767,-0.43959268208495533,2.7706247842595553,2026.04.17 17:47:40,3.7112530203658767,3.7112530203658767,2026.04.17 13:49:10,2026.04.17 13:51:20,,,2026.04.17 14:33:20,2026.04.17 14:48:20,,True,WIN_1R_BEFORE_STOP,1.0,True,True,False,90,220,,,2740,3640,
68,2026.04.17 15:19:40,US500,BUY,7130.4,7122.12,8.279999999999745,0.12,8.399999999999745,14400,COMPLETE,94.66666666666667,18.933333333333334,1780.0,6.983030303030241,0.7529734675205839,2.2909090909090906,1.0729613733905616,4.18454935622319,0.9056603773584905,-0.4242424242424242,0.4666666666666667,0.0,0.0,0.0,1.287553648068674,0.0,0.8,0.0,79.28,41.5,37.78,12.0,71.0,0.0,1.0,1.0,1.0,0.75,0.0,0.0,0.0,1.4347826086956963,1.6908212560386993,-6.992753623188577,-8.695652173913311,1.4050909090908659,3.5536480686694305,1.6908212560386993,-5.181159420289971,-0.07336,0.0,0.04404761904762039,3.67,-1.32048,0.0,0.0,0.0,0.0,0.0,0.030204081632653063,33.11,1.0,4.0,30.0,-0.07336,0.2567599999999999,0.8510620000000003,1443,2.932142857142946,-1.0857142857143187,2.932142857142946,-1.0261904761905074,-0.6988095238095451,2026.04.17 19:19:40,2.932142857142946,2.932142857142946,2026.04.17 15:21:50,2026.04.17 15:30:40,2026.04.17 17:24:40,2026.04.17 19:13:50,2026.04.17 16:12:40,,,True,WIN_1R_BEFORE_STOP,1.0,True,False,False,130,660,7500,14050,3180,,
69,2026.04.17 15:33:00,AUDJPY.r,SELL,113.721,113.823,0.10199999999998965,0.02152381,0.12352380999998966,14400,COMPLETE,103.0,20.6,780.0,5.874558303886756,0.6795422031473471,2.770318021201413,-4.189258312020409,-3.365728900255883,1.1598513011152345,-0.5194346289752759,-1.335689045936424,0.6803069053704965,0.0,1.0,-0.0,0.0,0.9787234042552162,0.021739130434890064,73.18,55.8,17.38000000000001,12.0,60.81,0.0,1.0,1.0,1.0,0.75,0.0,0.0,0.0,1.4458450000001468,2.1960784313728086,-3.1372549019610356,-0.3333333333332869,1.26148409893978,3.652173913042925,2.1960784313728086,-3.470588235294462,-0.21521,0.0,0.23091750489239596,7.93,-0.48706,0.0,0.0,0.0,0.0,0.0,0.16206710227272728,6.17,1.1667,4.0,30.0,-0.21521,-3.8838959999999987,5.466848000000001,1443,1.04009251333825,-0.3928296091256017,1.04009251333825,-0.3928296091256017,-0.004240558965913121,2026.04.17 19:33:00,1.04009251333825,1.04009251333825,2026.04.17 16:17:40,2026.04.17 17:24:50,,,,,,True,WIN_1R_BEFORE_STOP,1.0,False,False,False,2680,6710,,,,,
70,2026.04.17 15:33:20,US100,BUY,26727.7,26665.79,61.909999999999854,0.12,62.02999999999985,14400,COMPLETE,38.333333333333336,7.666666666666667,2600.0,1.6427095292767635,1.0112121212121346,-0.05947187141224009,1.1220945765428496,-0.03740315255142823,1.272874493927035,0.7152698048220436,0.8599311136624569,0.0,0.0,0.0,1.9262623563985584,0.0,0.6119402985074627,0.14634146341463414,93.08,29.0,64.08,12.0,74.75,0.0,1.0,1.0,1.0,0.75,0.0,0.0,0.0,1.2441678011629813,-0.017767727346182934,-4.6171862380875925,-4.749636569213374,1.9902181400688816,4.631258348917844,-0.017767727346182934,-2.2427717654660397,0.02122,0.00955,0.011607286796711296,1.7,0.83052,0.0,0.0,0.0,0.0,0.00955,0.009260875557154867,107.98,1.0,4.0,30.0,0.02122,4.816708,-0.8012780000000006,1443,0.38336288892467957,-1.8212155408673618,0.31081734644523396,-1.0030630340158364,-0.910365951958767,2026.04.17 19:33:20,0.0,0.0,,,2026.04.17 15:43:50,2026.04.17 16:00:07,,,,True,LOSS_STOP_BEFORE_1R,-1.0,False,False,False,,,630,1607,,,
74,2026.04.19 22:17:30,AUDUSD.r,SELL,0.71357,0.71429,0.0007199999999999429,0.00018,0.000899999999999943,14400,COMPLETE,32.5,6.5,1050.0,-0.9729729729729251,0.5933609958506112,3.5315315315315874,-0.4038461538463215,4.756410256410184,0.5412844036697251,-3.027027027026989,-3.8918918918919,0.538461538461596,0.0,1.0,0.2692307692305489,0.0,0.7857142857144274,0.0,72.11,52.11,20.0,12.0,62.68,-1.0,1.0,1.0,1.0,0.75,0.25,0.0,0.0,1.596819444444571,2.7777777777780006,-4.958333333333674,-2.5277777777778847,1.2972972972971668,3.2307692307690776,2.7777777777780006,-4.680555555555904,-0.03189,0.0,0.25555555555557175,7.97,-2.34396,0.0,0.0,0.0,0.0,0.0,0.1667016981829515,6.0,0.3571,4.0,30.0,-0.03189,1.5244439999999997,0.36362399999999867,1441,0.36666666666670145,-2.344444444444579,0.36666666666670145,-1.0,-2.0222222222223225,2026.04.20 02:17:30,0.0,0.0,,,2026.04.19 22:32:00,2026.04.19 22:36:30,,,,True,LOSS_STOP_BEFORE_1R,-1.0,False,False,False,,,870,1140,,,
76,2026.04.20 14:05:40,USDJPY.r,SELL,158.725,158.809,0.08400000000000318,0.02152381,0.10552381000000319,14400,COMPLETE,65.66666666666667,13.133333333333333,940.0,3.0897571277719496,0.5854922279792788,2.365364308342076,-4.317757009346606,-4.448598130842559,1.2631578947369064,-2.1140443505807855,-3.1045406546987384,2.180685358254722,0.0,0.0,0.6105919003107272,0.0,0.6666666666698247,0.4999999999928946,74.35,58.55,15.799999999999997,12.0,65.61,-1.0,1.0,1.0,1.0,0.75,0.25,0.0,1.0,1.6128117857142246,1.904761904761792,-0.011904761904818296,-0.0,1.2418162618796633,3.6635514018693214,1.904761904761792,-2.702380952380896,-0.02734,0.0,0.23240072548554927,4.1,-0.95703,0.0,0.0,0.0,0.0,0.0,0.1532738125,6.52,0.75,4.0,30.0,-0.02734,0.7891019999999997,4.533772000000001,1441,1.4165162345823918,-1.5970216579558176,0.0,-1.0284296027599291,-0.18501805421940587,2026.04.20 18:05:40,1.4165162345823918,0.0,2026.04.20 14:32:20,2026.04.20 15:27:10,2026.04.20 14:10:10,2026.04.20 14:12:13,,,,True,LOSS_STOP_BEFORE_1R,-1.0,False,False,False,1600,4890,270,393,,,
78,2026.04.21 15:20:00,XAUUSD.r,SELL,4755.81,4771.78,15.969999999999345,0.18,16.149999999999345,14400,COMPLETE,95.0,19.0,1800.0,3.975921412216478,0.5533966609096079,3.20865647389026,-2.1654885654886153,0.2415800415797449,0.9976145038167854,-2.127040401802231,-1.4176822512741722,1.1293139293139098,0.0,0.0,-0.0,0.0,0.7822580645162809,0.2783505154636694,76.72,55.02,21.699999999999996,12.0,71.64,-1.0,1.0,1.0,1.0,0.75,0.25,0.0,0.0,1.399042848465931,2.0150281778335386,-1.0569818409517777,0.7038196618660709,1.6513775020310753,4.648232848232446,2.0150281778335386,-2.4113963681904127,-0.23416,0.0,0.018575851393189607,1.17,-1.05809,0.0,0.0,0.0,0.0,0.0,0.013249294945725342,75.48,0.8,4.0,30.0,-0.23416,0.5794960000000003,0.09471599999999966,1442,3.8842105263159943,-0.07678018575848551,3.8842105263159943,-0.07678018575848551,3.022910216718389,2026.04.21 19:20:00,3.8842105263159943,3.8842105263159943,2026.04.21 15:25:20,2026.04.21 15:36:30,,,2026.04.21 16:28:40,2026.04.21 17:11:10,,True,WIN_1R_BEFORE_STOP,1.0,True,True,False,320,990,,,4120,6670,
80,2026.04.21 17:35:40,GER40,SELL,24187.25,24233.15,45.900000000001455,0.12,46.02000000000145,14400,COMPLETE,60.666666666666664,12.133333333333333,940.0,3.0847457627118646,0.654320987654321,2.214689265536723,-2.3709677419354835,-0.5645161290322578,1.0357142857142858,-2.135593220338983,-5.3389830508474585,1.0161290322580645,0.0,0.0,0.7903225806451613,1.0,0.7142857142857143,0.4,78.0,56.0,22.0,12.0,66.5,0.0,1.0,1.0,1.0,0.75,0.0,0.0,1.0,1.271895424836561,1.2854030501088918,-0.32679738562090466,-2.226579520697113,1.8152542372881932,5.182258064516293,1.2854030501088918,-2.5490196078430563,-0.03665,0.0,0.013472403302911351,1.83,0.95288,0.0,0.0,0.0,0.0,0.0,0.010508474576271186,95.16,1.0,4.0,30.0,-0.03665,-1.7675720000000013,3.4828500000000004,1441,3.432855280312767,-1.4476314645805715,0.0951760104302447,-1.099956540634472,0.4037375054324237,2026.04.21 21:35:40,3.432855280312767,0.0,2026.04.21 18:28:10,2026.04.21 19:42:10,2026.04.21 17:39:00,2026.04.21 17:39:04,2026.04.21 19:43:00,2026.04.21 19:44:30,,True,LOSS_STOP_BEFORE_1R,-1.0,False,False,False,3150,7590,200,204,7640,7730,
81,2026.04.21 17:38:50,EURUSD.r,SELL,1.1738,1.17446,0.000660000000000105,0.00018,0.000840000000000105,14400,COMPLETE,88.83333333333333,17.766666666666666,1430.0,3.6312500000002625,0.491124260355037,3.762500000000161,-0.12785388127798789,3.643835616440398,0.565445026177638,-2.646875000000054,-6.321875000000121,0.0,0.0,0.0,0.3196347031970989,0.0,0.4285714285709754,1.3333333333358004,80.4,56.0,24.400000000000006,12.0,65.1,-1.0,1.0,1.0,1.0,0.75,0.25,0.0,0.0,1.3740303030300844,2.68181818181783,-0.36363636363633306,0.3787878787876086,1.4437500000003385,4.219178082193473,2.68181818181783,-2.68181818181783,-0.1404,0.0,0.22619047619044794,2.01,0.2808,0.0,0.0,0.0,0.0,0.0,0.17322174206370913,5.77,0.5,4.0,30.0,-0.1404,-0.15999999999999942,0.4188500000000005,1441,1.7976190476187863,-2.9642857142853845,0.0,-1.0476190476190892,-1.2380952380951822,2026.04.21 21:38:50,1.7976190476187863,0.0,2026.04.21 18:22:20,2026.04.21 19:42:00,2026.04.21 17:39:00,2026.04.21 17:39:04,,,,True,LOSS_STOP_BEFORE_1R,-1.0,False,False,False,2610,7390,10,14,,,
84,2026.04.22 00:51:00,US100,BUY,26677.05,26663.07,13.979999999999563,0.12,14.099999999999563,14400,COMPLETE,76.0,15.2,1860.0,5.278853046594836,0.7108108108107911,2.1476702508962036,-3.7791411042944785,-1.8895705521472392,1.064516129032258,-1.1290322580645162,-1.1039426523297493,1.030674846625767,0.0,1.0,0.17177914110429449,0.0,0.75,0.16666666666666666,70.0,57.98,12.020000000000003,12.0,65.68,0.0,1.0,1.0,0.0,0.5,0.0,0.0,0.0,1.3433476394850206,1.638054363376407,-0.2753934191701477,7.457081545064611,1.4030107526881284,4.8029447852759235,1.638054363376407,-3.905579399141649,-0.20558,0.0,0.05106382978723562,4.93,-1.24581,0.0,0.0,0.0,0.0,0.0,0.03692307692307692,27.08,1.0,4.0,30.0,-0.20558,-1.8979099999999989,5.031771999999999,1441,2.502127659574649,-0.228368794326145,2.502127659574649,-0.228368794326145,-0.1929078014183425,2026.04.22 04:51:00,2.502127659574649,2.502127659574649,2026.04.22 01:02:00,2026.04.22 01:04:10,,,2026.04.22 01:37:20,,,True,WIN_1R_BEFORE_STOP,1.0,True,False,False,660,790,,,2780,,
86,2026.04.22 19:39:20,GER40,SELL,24193.65,24210.28,16.62999999999738,0.12,16.74999999999738,14400,COMPLETE,119.33333333333333,23.866666666666667,4460.0,2.751445086705202,0.2857142857142857,4.855491329479769,-3.5522388059701493,-4.597014925373134,1.5,0.48554913294797686,2.5895953757225434,2.0895522388059704,0.0,0.0,-0.0,0.0,1.0,0.0,69.34,38.38,30.96,36.0,62.61,0.0,0.0,0.0,1.0,0.25,0.0,1.0,0.0,1.2254960914012754,3.908598917619377,2.886349969934309,10.23451593505878,1.3457803468205973,3.474925373133781,3.908598917619377,-1.1425135297656641,0.06917,0.04545,0.03701492537314011,3.46,-2.7668,0.0,0.0,0.0,0.0,0.04545,0.029523809523809525,33.87,1.0,4.0,30.0,0.06917,3.2625360000000017,-3.060068,1440,1.4495522388062836,-1.7086567164181776,0.2614925373134737,-1.1116417910449499,0.6734328358210877,2026.04.22 23:39:20,1.4495522388062836,0.0,2026.04.22 20:36:50,2026.04.22 22:02:30,2026.04.22 19:51:40,2026.04.22 19:57:20,,,,True,LOSS_STOP_BEFORE_1R,-1.0,False,False,False,3450,8590,740,1080,,,
88,2026.04.23 04:07:10,US100,SELL,26779.85,26801.84,21.9900000000016,0.12,22.1100000000016,14400,COMPLETE,77.16666666666667,15.433333333333334,1630.0,5.042577675489068,0.7917570498915402,1.5466052934407366,0.8366533864541833,0.44621513944223107,0.3707865168539326,-0.7249712313003452,-0.8699654775604143,0.0,0.0,0.0,3.346613545816733,4.0,1.0,0.0,70.35,45.03,25.319999999999993,12.0,67.6,0.0,1.0,1.0,0.0,0.5,0.0,0.0,0.0,1.2519326966802182,2.023647112323636,-3.090040927694215,5.89586175534281,1.417077100115178,4.906135458167689,1.2846748522054545,-3.967712596634545,0.09589,0.05833,0.032564450474895874,3.29,-0.16438,0.0,0.0,0.0,0.0,0.05833,0.025486725663716812,39.24,1.0,4.0,30.0,0.09589,0.0,-2.19452,1441,0.0,-5.089099954771294,0.0,-1.0275893260968132,-3.370420624151789,2026.04.23 08:07:10,0.0,0.0,,,2026.04.23 04:08:10,2026.04.23 04:09:14,,,,True,LOSS_STOP_BEFORE_1R,-1.0,False,False,False,,,60,124,,,
90,2026.04.23 13:08:30,XAUUSD.r,BUY,4727.95,4719.14,8.80999999999949,0.18000000000000002,8.98999999999949,14400,COMPLETE,23.5,4.7,2010.0,-0.8034022394487312,0.6746118521758091,2.242894056847537,-0.8059210526313992,1.8382675438600522,0.9429824561404334,-0.24117140396201672,0.27282515073218483,0.6907894736843059,0.0,0.0,0.2878289473684317,1.0,0.4143646408840945,1.4133333333326543,71.51,46.67,24.840000000000003,12.0,70.62,-1.0,1.0,1.0,0.0,0.5,0.25,0.0,0.0,1.1748013620886035,1.729852440408702,-0.33825198637908466,5.029511918275024,1.3279500430662308,3.3810307017543155,1.729852440408702,-3.5527809307607257,0.03653,0.02555,0.03670745272525236,1.96,-1.40391,0.0,0.0,0.0,0.0,0.02555,0.030898876404494385,32.36,1.0,4.0,30.0,0.03653,0.17000400000000013,0.3855419999999995,1441,1.4471635150168238,-1.2903225806452425,1.4471635150168238,-1.1056729699667165,-0.9021134593993149,2026.04.23 17:08:30,1.4471635150168238,1.4471635150168238,2026.04.23 13:40:40,2026.04.23 13:49:10,2026.04.23 14:00:10,2026.04.23 14:01:40,,,,True,WIN_1R_BEFORE_STOP,1.0,False,False,False,1930,2440,3100,3190,,,
92,2026.04.28 07:04:20,XAUUSD.r,SELL,4635.71,4643.74,8.029999999999745,0.18000000000000002,8.209999999999745,14400,COMPLETE,34.333333333333336,6.866666666666666,4760.0,-0.21008018327612552,0.660110803324091,1.9676975945018047,-3.0724324324323913,-1.7027027027027029,1.6144121365360002,0.08018327605956539,-0.37044673539511047,1.3848648648648099,0.0,0.0,-0.0,0.0,0.8415300546448223,0.18831168831166914,82.23,37.64,44.59,12.0,67.41,0.0,1.0,1.0,1.0,0.75,0.0,0.0,0.0,1.1681195516812326,1.5529265255293463,1.5529265255293463,-3.929016189290309,1.2877434135165793,3.0383783783782823,1.5529265255293463,-2.8505603985057353,0.1347,0.08826,0.04019488428745557,2.15,-0.57748,0.0,0.0,0.0,0.0,0.08826,0.03398558187435633,29.42,1.0,4.0,30.0,0.1347,-3.725964000000002,-1.2719999999999998,1441,4.0292326431183,-0.43361753958589766,4.0292326431183,-0.43361753958589766,3.3934226552985174,2026.04.28 11:04:20,4.0292326431183,4.0292326431183,2026.04.28 07:16:20,2026.04.28 07:34:50,,,2026.04.28 08:03:40,2026.04.28 09:35:50,,True,WIN_1R_BEFORE_STOP,1.0,True,True,False,720,1830,,,3560,9090,
94,2026.04.28 12:15:40,XAUUSD.r,SELL,4582.04,4593.92,11.88000000000011,0.18000000000000002,12.060000000000109,14400,COMPLETE,55.666666666666664,11.133333333333333,1540.0,2.497411057290801,0.5598410859129248,3.1089026223484915,-2.8758605374194564,-2.2509438152341876,0.7011268985791146,-2.090529480541221,-3.046935025889526,0.8114590273150096,0.0,0.0,-0.0,0.0,0.8624338624337707,0.15950920245411096,80.0,56.0,24.0,12.0,73.82,-1.0,1.0,1.0,1.0,0.75,0.25,0.0,1.0,1.7231481481481323,2.273569023569021,2.2264309764309407,-7.173400673400629,1.389009520628064,3.693537641572265,2.273569023569021,-2.8282828282828327,-0.11211,0.0,0.027363184079601744,1.59,-1.03437,0.0,0.0,0.0,0.0,0.0,0.015864621893178214,63.03,1.0,4.0,30.0,-0.11211,-0.2,-1.2785939999999996,1443,2.014925373134274,-1.4908789386401342,0.30928689883912275,-1.3134328358208716,-0.1815920398010115,2026.04.28 16:15:40,2.014925373134274,0.0,2026.04.28 12:25:30,2026.04.28 14:03:10,2026.04.28 12:20:30,2026.04.28 12:20:50,2026.04.28 14:52:10,,,True,LOSS_STOP_BEFORE_1R,-1.0,False,False,False,590,6450,290,310,9390,,
96,2026.04.28 12:51:50,US500,SELL,7145.15,7153.06,7.910000000000764,0.12,8.030000000000763,14400,COMPLETE,31.833333333333332,6.366666666666666,3710.0,-0.5037783375314868,0.46587537091989284,3.022670025188921,-3.0545454545454547,-3.309090909090909,0.8518518518518519,-1.301427371956341,-1.3434089000839649,0.0,0.0,0.0,0.1272727272727273,0.0,0.8571428571428571,0.0,76.83,54.83,22.0,36.0,62.97,-1.0,0.0,1.0,1.0,0.5,0.25,1.0,0.0,1.28065739570152,2.307206068267792,1.3274336283184558,-1.1213653603034064,1.3282955499581486,4.02690909090948,2.307206068267792,-1.700379266750876,-0.10909,0.0,0.04607721046076772,3.64,-1.85455,0.0,0.0,0.0,0.0,0.0,0.035238095238095235,28.38,1.0,4.0,30.0,-0.10909,1.5666660000000008,-0.536514000000001,1442,2.3200498132002774,-2.100871731008518,0.5765877957658232,-1.1046077210459722,1.8281444582811803,2026.04.28 16:51:50,2.3200498132002774,0.0,2026.04.28 13:17:10,2026.04.28 14:36:40,2026.04.28 12:59:50,2026.04.28 13:37:50,2026.04.28 14:51:00,,,True,LOSS_STOP_BEFORE_1R,-1.0,False,False,False,1520,6290,480,2760,7150,,
98,2026.04.28 13:19:20,US100,SELL,27025.7,27062.11,36.409999999999854,0.12,36.52999999999985,14400,COMPLETE,19.333333333333332,3.8666666666666667,3260.0,1.01937207748831,0.21887550200803213,0.44889779559118237,-0.21973094170403587,0.31390134529147984,1.4947368421052631,0.6078824315297261,2.5437541750167,0.0,0.0,0.0,0.7533632286995515,0.0,0.8428571428571429,0.1864406779661017,86.02,38.0,48.019999999999996,36.0,64.34,0.0,0.0,1.0,1.0,0.5,0.0,1.0,0.0,1.5182642131282675,2.7464982147761714,1.538039000274656,-4.32573468827247,1.362030728122907,4.571659192825094,2.7464982147761714,-0.7896182367481492,-0.11843,0.0,0.019709827539009114,1.89,-1.33431,0.0,0.0,0.0,0.0,0.0,0.012857142857142857,77.78,1.0,5.0,30.0,-0.11843,3.447686000000002,-0.1551940000000002,1441,3.4021352313167794,-3.0035587188611825,1.6227758007117903,-1.005201204489425,2.3413632630714973,2026.04.28 17:19:20,3.4021352313167794,1.6227758007117903,2026.04.28 13:30:20,2026.04.28 13:30:40,2026.04.28 13:24:20,2026.04.28 13:36:40,2026.04.28 14:38:20,2026.04.28 14:51:00,,True,WIN_1R_BEFORE_STOP,1.0,False,False,False,660,680,300,1040,4740,5500,
100,2026.04.29 06:20:40,GER40,BUY,24075.35,24054.66,20.68999999999869,0.12,20.80999999999869,14400,COMPLETE,60.666666666666664,12.133333333333333,940.0,2.957264957264846,0.5833333333333253,2.6923076923077045,0.0,3.0,0.7792207792207516,-1.794871794871803,-4.205128205127975,1.0,1.0,0.0,1.2,1.0,0.6666666666666666,0.0,74.81,55.68,19.130000000000003,12.0,64.15,0.0,1.0,1.0,1.0,0.75,0.0,0.0,1.0,1.4936132015467354,1.619139681005419,-3.003866602223381,3.885935234413076,1.7683760683759644,4.137999999999738,1.619139681005419,-2.058965683905328,-0.20937,0.0,0.02979336857280341,3.49,0.16052,0.0,0.0,0.0,0.0,0.0,0.019668267925284897,50.84,0.2381,4.0,30.0,-0.20937,-0.8778199999999998,4.700080000000002,1441,0.4507448342143484,-8.34310427679053,0.4507448342143484,-1.0389235944258222,-3.6818837097551573,2026.04.29 10:20:40,0.0,0.0,,,2026.04.29 06:32:30,2026.04.29 06:51:00,,,,True,LOSS_STOP_BEFORE_1R,-1.0,False,False,False,,,710,1820,,,
102,2026.04.29 14:20:40,AUDUSD.r,SELL,0.71392,0.71455,0.0006300000000000194,0.00018,0.0008100000000000195,14400,COMPLETE,75.66666666666667,15.133333333333333,940.0,3.9748251748250722,0.5694822888283381,3.0937062937063007,-1.6819787985865415,1.9293286219080594,1.3437499999999332,-2.1538461538463207,-2.447552447552795,0.0,0.0,0.0,0.9893992932860717,0.0,1.0,0.0,75.33,57.33,18.0,12.0,61.47,-1.0,1.0,1.0,1.0,0.75,0.25,0.0,0.0,1.5764126984126499,2.523809523809415,-1.5238095238094147,-1.8888888888888693,1.2335664335664542,3.116607773851565,2.523809523809415,-3.3650793650792785,-0.4171,0.0,0.27160493827159843,7.25,-2.17617,0.0,0.0,0.0,0.0,0.0,0.18134757736122792,5.51,1.3333,4.0,30.0,-0.4171,-1.2739239999999996,2.9714279999999986,1441,3.518518518518406,-1.0246913580247154,0.3456790123456904,-1.0246913580247154,2.3950617283950173,2026.04.29 18:20:40,3.518518518518406,0.0,2026.04.29 15:11:50,2026.04.29 15:53:40,2026.04.29 14:53:20,2026.04.29 14:54:50,2026.04.29 15:54:10,2026.04.29 18:10:50,,True,LOSS_STOP_BEFORE_1R,-1.0,False,False,False,3070,5580,1960,2050,5610,13810,
104,2026.04.30 00:41:40,US500,BUY,7179.37,7169.49,9.88000000000011,0.12,10.000000000000108,14400,COMPLETE,81.66666666666667,16.333333333333332,100.0,6.665706743460997,0.9631067961164949,0.2553395728342629,2.1782642689597376,2.7146207974973824,1.0009478672985987,1.263258939285011,1.4312455003601359,0.0,0.0,0.0,2.4519155590300863,0.0,1.0,0.0,108.75,29.0,79.75,12.0,81.2,1.0,1.0,1.0,0.0,0.75,0.0,0.0,0.0,1.2321609311740755,-0.10020242914977437,-0.2449392712550654,-0.2449392712550654,3.3194144468445006,10.814698983580303,-0.07489878542507829,-2.009109311740813,-0.07108,0.0,0.036999999999999596,7.11,0.56864,0.2104,1.0,0.0,0.0,0.0,0.02949676133532636,33.9,1.0,4.0,30.0,-0.07108,5.796462,-3.0,1441,0.11400000000002058,-5.260999999999921,0.11400000000002058,-1.011999999999989,-5.060999999999923,2026.04.30 04:41:40,0.0,0.0,,,2026.04.30 01:36:40,2026.04.30 02:30:00,,,,True,LOSS_STOP_BEFORE_1R,-1.0,False,False,False,,,3300,6500,,,
106,2026.04.30 12:01:40,AUDJPY.r,SELL,111.936,112.429,0.492999999999995,0.02152381,0.514523809999995,14400,COMPLETE,96.66666666666667,19.333333333333332,1000.0,6.936465563267474,0.760344121261775,2.1863320875600967,-1.7416267942583332,-0.3349282296649616,0.4704225352112268,-1.270688734650308,-3.670048051254674,0.7770334928230688,0.0,1.0,-0.0,0.0,0.8135593220339636,0.229166666666568,82.0,54.26,27.740000000000002,12.0,68.44,0.0,1.0,1.0,1.0,0.75,0.0,0.0,0.0,1.1916352738336835,1.2576064908722329,1.2576064908722329,-3.5699797160243585,1.8424986652429094,6.6047846889952275,1.2576064908722329,-2.8377281947261683,0.10995,0.05054,0.06321147703543654,3.66,0.6397,0.0,0.0,0.0,0.0,0.05054,0.05245775806451613,19.06,0.9167,4.0,30.0,0.10995,-2.4705340000000007,3.7116420000000003,1443,0.2652475693982025,-1.5597408601945932,0.2652475693982025,-1.0077741786138235,-1.2215640904937042,2026.04.30 16:01:40,0.0,0.0,,,2026.04.30 12:43:30,2026.04.30 13:50:05,,,,True,LOSS_STOP_BEFORE_1R,-1.0,False,False,False,,,2510,6505,,,
107,2026.04.30 12:03:30,EURJPY.r,SELL,183.334,183.967,0.6330000000000098,0.021523809999999997,0.6545238100000098,14400,COMPLETE,53.5,10.7,1110.0,2.2576910353952924,0.7508391427833706,2.2345352299040795,-2.5639253628195404,-2.2639944713198235,0.6154981549815358,-1.0674826331458465,-2.9870989083691546,0.570836212854167,0.0,0.0,-0.0,0.0,0.7045454545452197,0.4193548387101506,80.4,57.09,23.310000000000002,12.0,74.94,0.0,1.0,1.0,1.0,0.75,0.0,0.0,0.0,1.6010682306476847,1.644549763033145,1.644549763033145,-5.278041074249536,1.4657624875951287,6.124395300622179,1.644549763033145,-3.4597156398103697,-0.22823,0.0,0.04205165584426881,1.27,0.12257,0.0,0.0,0.0,0.0,0.0,0.026439779058597502,37.82,0.5455,4.0,30.0,-0.22823,-1.4054719999999974,2.8184340000000008,1443,0.7646416866026369,-0.9174972717951984,0.7646416866026369,-0.9174972717951984,-0.6440160060792889,2026.04.30 16:03:30,0.0,0.0,2026.04.30 13:10:10,,2026.04.30 12:45:00,,,,,True,CENSORED_NO_BOUNDARY,,False,False,False,4000,,2490,,,,
110,2026.04.30 15:37:40,GER40,BUY,24256.25,24196.79,59.45999999999913,0.12,59.579999999999124,14400,COMPLETE,17.666666666666668,3.533333333333333,160.0,1.2338629592850072,0.8116883116883117,1.5119165839126145,-2.0833333333333335,-4.75,1.0413223140495866,1.8073485600794472,1.3555114200595855,1.1666666666666667,0.0,0.0,0.9166666666666666,1.0,0.3,0.0,117.0,29.0,88.0,12.0,85.11,0.0,1.0,1.0,1.0,0.75,0.0,0.0,0.0,1.2147902551295167,0.21022536158762503,-2.110662630339755,-2.4789774638412987,2.066633565044661,4.954999999999927,0.21022536158762503,-3.1701984527413853,-0.0302,0.0,0.010406176569318717,1.51,1.10224,-0.37748,1.0,0.0,0.0,0.0,0.008510471409689201,117.5,1.0,4.0,30.0,-0.0302,2.711886000000001,-0.9195719999999994,1442,1.0134273246055874,-0.5978516280631172,1.0134273246055874,-0.5978516280631172,0.5266868076535828,2026.04.30 19:37:40,1.0134273246055874,1.0134273246055874,2026.04.30 17:31:10,2026.04.30 19:13:20,2026.04.30 15:45:30,,,,,True,WIN_1R_BEFORE_STOP,1.0,False,False,False,6810,12940,470,,,,
111,2026.04.30 15:42:50,USDCAD.r,SELL,1.36066,1.36196,0.0013000000000000789,0.00020219000000000001,0.001502190000000079,14400,COMPLETE,22.833333333333332,4.566666666666666,470.0,1.269230769230824,0.9500000000000173,0.3717948717947441,-1.6325088339221645,-4.40282685512338,0.9672897196260548,0.5769230769231536,0.43589743589744323,1.335689045936516,0.0,0.0,0.8409893992934027,1.0,0.4999999999988898,0.0,97.4,37.0,60.400000000000006,12.0,69.75,1.0,1.0,1.0,1.0,1.0,0.0,0.0,0.0,1.176007692307621,-0.09999999999996584,-3.130769230769055,-4.330769230768986,1.6666666666667616,6.431095406361573,0.11538461538451028,-4.238461538461378,0.04969,0.02209,0.16122461206637462,4.97,0.54658,0.0,0.0,0.0,0.0,0.02209,0.13675324675324677,7.31,1.0,4.0,30.0,0.04969,-3.2624120000000003,2.0,1442,1.4763844786611362,-0.7337220990687363,1.4763844786611362,-0.7337220990687363,1.3033038430556965,2026.04.30 19:42:50,1.4763844786611362,1.4763844786611362,2026.04.30 18:30:50,2026.04.30 18:49:30,2026.04.30 16:00:50,,,,,True,WIN_1R_BEFORE_STOP,1.0,False,False,False,10080,11200,1080,,,,
114,2026.04.30 23:59:20,XAUUSD.r,BUY,4627.47,4624.44,3.030000000000655,0.18000000000000002,3.210000000000655,14400,COMPLETE,59.333333333333336,11.866666666666667,1460.0,-0.4642153644119981,-0.009160305343433438,3.038082731450748,-3.60075093867272,-3.0312891113891127,1.3591160220990532,-0.5929087327646463,-1.9074195666453329,1.6470588235289898,0.0,0.0,0.42052565707082457,1.0,0.3870967741932645,1.5833333333352282,76.48,51.35,25.130000000000003,36.0,67.35,-1.0,0.0,1.0,1.0,0.5,0.25,1.0,0.0,1.3300330033000427,2.7392739273922073,6.11551155115371,-5.663366336632391,1.3926460932372484,2.654568210262568,2.1914191419135256,-0.1716171617162786,-0.20272,0.0,0.10280373831773604,6.08,-1.11903,0.0,0.0,0.0,0.0,0.0,0.07568807339449542,13.21,1.0,4.0,30.0,-0.20272,0.6572559999999982,2.102866,1441,2.520249221183139,-4.165109034267221,0.0,-1.052959501557361,-0.23052959501565395,2026.05.01 03:59:20,2.520249221183139,0.0,2026.05.01 00:06:10,2026.05.01 02:11:20,2026.05.01 00:00:10,2026.05.01 00:00:28,2026.05.01 02:17:10,,,True,LOSS_STOP_BEFORE_1R,-1.0,False,False,False,410,7920,50,68,8270,,
116,2026.05.01 14:35:00,US100,BUY,27705.85,27643.09,62.7599999999984,0.12,62.8799999999984,14400,COMPLETE,20.0,4.0,1800.0,-1.1205556474285159,0.7217656012176515,2.116090623449688,-4.424691358024692,-3.318518518518519,1.7222857142856811,-1.6148503390110875,-1.441210517612046,0.0,0.0,0.0,0.0,0.0,1.0,0.0,73.82,48.35,25.46999999999999,12.0,70.58,-1.0,1.0,1.0,1.0,0.75,0.25,0.0,0.0,1.3652007648183906,1.488209050350603,-2.98119821542389,-2.6346398980242633,1.4530180254671436,4.338962962962852,1.488209050350603,-3.77390057361384,0.05478,0.02812,0.011450381679389604,1.31,-1.27422,0.0,0.0,0.0,0.0,0.02812,0.008333333333333333,120.0,1.0,4.0,30.0,0.05478,-0.6157100000000014,2.470192,1443,1.6146628498728377,-0.9139631043256998,1.6146628498728377,-0.9139631043256998,0.5014312977099595,2026.05.01 18:35:00,1.6146628498728377,1.6146628498728377,2026.05.01 15:18:30,2026.05.01 15:37:40,2026.05.01 14:36:30,,,,,True,WIN_1R_BEFORE_STOP,1.0,False,False,False,2610,3760,90,,,,
117,2026.05.01 14:35:40,US500,BUY,7262.95,7254.35,8.599999999999454,0.12,8.719999999999454,14400,COMPLETE,45.666666666666664,9.133333333333333,640.0,1.8493078304977257,0.6226415094339622,2.219169396597271,-4.613733905579415,-2.682403433476404,2.1374999999999997,-1.9232801437176348,-2.145197083377362,0.0,0.0,0.0,0.0,0.0,1.0,0.0,76.08,56.0,20.08,12.0,67.25,-1.0,1.0,1.0,1.0,0.75,0.25,0.0,1.0,1.4744186046512564,1.773255813953601,-2.994186046511818,-2.2523255813954792,1.2723237873823545,3.6909871244632977,1.773255813953601,-2.906976744186231,0.20048,0.10309,0.04243119266055312,3.34,-1.33652,0.0,0.0,0.0,0.0,0.10309,0.028352490421455937,35.27,1.0,4.0,30.0,0.20048,-1.0410200000000003,3.7328,1443,1.0986238532110573,-2.4850917431194426,0.0,-1.0229357798165986,-2.4850917431194426,2026.05.01 18:35:40,1.0986238532110573,0.0,2026.05.01 15:37:40,2026.05.01 15:47:50,2026.05.01 14:36:10,2026.05.01 14:37:46,,,,True,LOSS_STOP_BEFORE_1R,-1.0,False,False,False,3720,4330,30,126,,,
119,2026.05.01 14:42:20,XAGUSD.r,BUY,75.851,75.423,0.42799999999999727,0.0132,0.44119999999999726,14400,COMPLETE,107.33333333333333,21.466666666666665,1640.0,5.586177291264231,0.598120708348393,3.3414895900407817,-3.9185282522996094,-3.449408672798936,1.4684579439253074,-1.4333547971667926,-2.7134578235673197,0.643889618922536,0.0,1.0,0.0,0.0,1.0,0.0,75.23,59.0,16.230000000000004,12.0,61.86,-1.0,1.0,1.0,1.0,0.75,0.25,0.0,0.0,1.4855140186915983,2.5981308411215,-5.004672897196284,-2.593457943925249,1.2861128997638958,3.936925098554494,2.5981308411215,-3.92056074766357,-0.09683,0.0,0.09338168631006405,7.53,-1.01134,0.0,0.0,0.0,0.0,0.0,0.060856720827178724,16.43,1.0,4.0,30.0,-0.09683,0.05714200000000176,0.6571420000000003,1442,1.0330915684496758,-1.35811423390753,0.3893925657298353,-1.040797824116049,-0.313236627379875,2026.05.01 18:42:20,1.0330915684496758,0.0,2026.05.01 15:37:40,2026.05.01 15:41:40,2026.05.01 15:00:40,2026.05.01 15:02:20,,,,True,LOSS_STOP_BEFORE_1R,-1.0,False,False,False,3320,3560,1100,1200,,,
121,2026.05.01 15:13:00,EURUSD.r,BUY,1.17694,1.17623,0.0007099999999999884,0.00018,0.0008899999999999885,14400,COMPLETE,18.0,3.6,2880.0,0.9596774193548437,0.624378109452753,-0.15053763440875043,2.2600896860991173,1.820627802691033,1.2857142857140915,0.5833333333329678,1.9193548387092698,0.5650224215240823,1.0,0.0,2.887892376681896,1.0,1.0,0.0,81.79,46.15,35.64000000000001,36.0,66.51,0.0,0.0,0.0,1.0,0.25,0.0,1.0,0.0,1.6416478873239706,2.2253521126759725,-1.5633802816904008,-3.9295774647888955,1.336021505376302,4.457399103138145,2.2253521126759725,-3.577464788732434,0.03222,0.01443,0.22471910112359844,3.22,-0.33832,0.0,0.0,0.0,0.0,0.01443,0.14645898782193517,6.83,1.0,4.0,30.0,0.03222,3.040414000000001,-3.3777919999999995,1442,0.0,-5.808988764045075,0.0,-1.0,-5.314606741573163,2026.05.01 19:13:00,0.0,0.0,,,2026.05.01 15:22:30,2026.05.01 15:28:53,,,,True,LOSS_STOP_BEFORE_1R,-1.0,False,False,False,,,570,953,,,
126,2026.05.04 10:45:40,XAUUSD.r,SELL,4559.58,4570.48,10.899999999999636,0.18000000000000002,11.079999999999636,14400,COMPLETE,70.66666666666667,14.133333333333333,1840.0,2.8523429136127705,0.4285466828338813,3.803508194021241,0.8840803709427479,2.0896445131374297,0.7365605776944968,-1.6348513546899868,-1.1252573499135612,0.6615146831528611,0.0,0.0,1.5919629057186544,1.0,0.32575757575717906,0.0,85.0,60.0,25.0,12.0,82.98,-1.0,1.0,1.0,1.0,0.75,0.25,0.0,1.0,1.8821100917431821,3.0678899082569466,-2.2238532110092284,-4.758715596330424,1.2566910977517558,3.369397217928928,3.0678899082569466,-2.2862385321101746,-0.07282,0.0,0.029783393501806033,1.58,-1.85541,0.0,0.0,0.0,0.0,0.0,0.0158311345646438,63.17,1.0,4.0,30.0,-0.07282,1.4,0.0,1442,0.5604693140794704,-2.1425992779784457,0.5604693140794704,-1.0135379061372338,-1.5279783393502306,2026.05.04 14:45:40,0.0,0.0,2026.05.04 11:39:20,,2026.05.04 10:48:40,2026.05.04 12:17:00,,,,True,LOSS_STOP_BEFORE_1R,-1.0,False,False,False,3220,,180,5480,,,
127,2026.05.04 10:45:40,EURUSD.r,SELL,1.1709,1.17161,0.0007099999999999884,0.00018,0.0008899999999999885,14400,COMPLETE,70.66666666666667,14.133333333333333,1540.0,2.1443037974682313,0.4186046511627712,3.5443037974683493,0.48125000000029144,0.7437500000010686,0.7377049180327063,-1.400000000000118,-0.30126582278481573,0.5687499999999028,0.0,1.0,1.2687499999997087,0.0,0.7894736842104648,0.0,79.07,52.99,26.07999999999999,36.0,73.16,-1.0,0.0,0.0,0.0,0.0,0.25,1.0,0.0,1.635014084507069,2.816901408450753,-1.563380281690088,-2.267605633802698,1.2582278481012423,3.1062500000002915,2.816901408450753,-1.718309859154956,0.194,0.08103,0.22471910112359844,3.23,-2.02079,0.0,0.0,0.0,0.0,0.08103,0.1469658892171127,6.8,1.0,4.0,30.0,0.194,1.4656279999999982,-2.64157,1442,1.6741573033708759,-1.1573033707865514,1.6741573033708759,-1.0,-0.3483146067415366,2026.05.04 14:45:40,1.6741573033708759,1.6741573033708759,2026.05.04 11:04:30,2026.05.04 11:13:50,2026.05.04 10:48:50,2026.05.04 13:36:50,,,,True,WIN_1R_BEFORE_STOP,1.0,False,False,False,1130,1690,190,10270,,,
130,2026.05.05 13:25:50,US100,BUY,27886.45,27869.0,17.450000000000728,0.12,17.57000000000073,14400,COMPLETE,40.833333333333336,8.166666666666666,4250.0,1.1037344398342097,0.7329737019555107,1.769549952122485,-1.8762886597938144,0.6494845360824741,0.9467821782177877,-2.0108522183210793,-4.0440472390679485,0.5051546391752577,0.0,1.0,0.21649484536082472,0.0,0.07692307692307693,9.0,78.0,53.21,24.79,12.0,62.95,-1.0,1.0,1.0,1.0,0.75,0.25,0.0,1.0,1.1994269340973711,1.3123209169052643,-1.467048710601783,-1.1031518624641374,1.559527609320191,5.037113402062065,1.3123209169052643,-3.186246418338101,0.01875,0.01142,0.04097894137734605,4.5,0.66381,0.0,0.0,0.0,0.0,0.01142,0.03325635103926097,30.07,1.0,4.0,30.0,0.01875,-0.0011539999999996553,3.7119860000000005,1442,9.520774046669942,-0.04097894137747029,9.520774046669942,-0.04097894137747029,8.425156516789508,2026.05.05 17:25:50,9.520774046669942,9.520774046669942,2026.05.05 13:27:50,2026.05.05 13:30:10,,,2026.05.05 13:30:10,2026.05.05 13:36:30,2026.05.05 13:41:50,True,WIN_1R_BEFORE_STOP,1.0,True,True,True,120,260,,,260,640,960
132,2026.05.05 14:15:40,US100,BUY,27940.7,27903.07,37.63000000000102,0.12,37.750000000001016,14400,COMPLETE,55.666666666666664,11.133333333333333,1840.0,2.289285714285771,0.48208469055375663,2.555357142857093,-3.418734987990419,-3.418734987990419,1.2485549132947857,-0.9642857142857053,-1.4374999999999867,2.0437683480116497,0.0,0.0,0.33626901521217234,0.0,0.6925373134329661,0.056034482758421975,78.0,45.92,32.08,12.0,73.71,0.0,1.0,1.0,1.0,0.75,0.0,0.0,1.0,1.8941004517671558,1.9678448046770467,-2.121977145894234,-1.9532288068030297,1.3439285714285953,2.8119562316520863,1.9678448046770467,-1.8137124634599562,-0.04278,0.0,0.019072847682118692,1.83,-1.28037,0.0,0.0,0.0,0.0,0.0,0.010000694492673101,99.99,1.0,4.0,30.0,-0.04278,-4.885265999999999,3.383463999999999,1442,3.835231788079309,0.0,3.835231788079309,0.0,3.775629139072688,2026.05.05 18:15:40,3.835231788079309,3.835231788079309,2026.05.05 14:16:20,2026.05.05 14:17:50,,,2026.05.05 14:25:10,2026.05.05 17:45:10,,True,WIN_1R_BEFORE_STOP,1.0,True,True,False,40,130,,,570,12570,
134,2026.05.05 15:47:30,US100,BUY,28046.95,28005.45,41.5,0.12,41.62,14400,COMPLETE,17.5,3.5,4650.0,1.6660124888493508,1.0444444444444656,-0.22979482604828033,1.3099415204678364,2.0877192982456143,0.622743682310453,0.7243532560214094,1.223907225691347,0.0,0.0,0.0,1.6374269005847955,5.0,0.9090909090909091,0.1,87.99,29.0,58.989999999999995,12.0,71.66,0.0,1.0,1.0,1.0,0.75,0.0,0.0,1.0,1.293941480240964,-0.07469879518077549,-4.484337349397643,-4.331325301204819,2.073148974130241,6.795321637426901,-0.07469879518077549,-2.707228915662703,0.03032,0.01359,0.017299375300336376,2.43,0.5296,0.0,0.0,0.0,0.0,0.01359,0.013230777307819526,75.58,1.0,4.0,30.0,0.03032,-0.28189399999999976,-1.6,1441,0.9617972128783715,-1.2126381547333538,0.16290245074478177,-1.026429601153344,0.1689091782796208,2026.05.05 19:47:30,0.0,0.0,2026.05.05 17:53:40,,2026.05.05 15:57:40,2026.05.05 16:27:55,,,,True,LOSS_STOP_BEFORE_1R,-1.0,False,False,False,7570,,610,2425,,,
136,2026.05.06 01:15:40,XAUUSD.r,BUY,4610.12,4603.85,6.269999999999527,0.18000000000000002,6.449999999999527,14400,COMPLETE,60.666666666666664,12.133333333333333,940.0,4.801388231582058,0.7030834662413582,2.4669506231266087,-0.6685532366463413,0.22285107888256417,0.4669131238448181,-1.6232844297206008,-3.5248461902505164,0.0,0.0,0.0,0.8171206225683509,2.0,0.6769230769232922,0.0,77.96,51.74,26.21999999999999,12.0,72.49,0.0,1.0,1.0,1.0,0.75,0.0,0.0,0.0,1.7253132838916772,1.9920255183414233,-2.3014354066987845,-2.3014354066987845,1.384761003312674,3.1050583657584725,1.9920255183414233,-4.060606060606372,-0.43614,0.0,0.05116279069767817,2.96,-0.03158,0.0,0.0,0.0,0.0,0.0,0.029602480958453057,33.78,1.0,4.0,30.0,-0.43614,-1.5005420000000016,4.241496000000001,1440,7.122480620155544,0.0,7.122480620155544,0.0,6.551937984496684,2026.05.06 05:15:40,7.122480620155544,7.122480620155544,2026.05.06 01:16:50,2026.05.06 01:17:50,,,2026.05.06 01:24:50,2026.05.06 02:08:10,2026.05.06 03:03:20,True,WIN_1R_BEFORE_STOP,1.0,True,True,True,70,130,,,550,3150,6460
137,2026.05.06 05:15:40,USDJPY.r,SELL,156.232,156.661,0.42900000000000205,0.021374999999999998,0.450375000000002,14400,COMPLETE,60.666666666666664,12.133333333333333,1240.0,4.522287807856745,0.5783516094800113,3.396702625687025,-1.245059288537203,1.3003952569177,0.4392857142856784,-0.9061673112151106,-0.9489110523101263,0.0,0.0,0.0,0.16600790513834615,0.0,0.3548387096772123,1.363636363635659,79.56,49.45,30.11,12.0,73.63,-1.0,1.0,1.0,1.0,0.75,0.25,0.0,0.0,1.839319020979012,2.8251748251747864,-2.6386946386946377,-1.9836829836829721,1.222470995318567,5.934782608695678,2.8251748251747864,-3.7062937062936965,-0.03218,0.0,0.06966416874826502,2.68,-0.94656,0.0,0.0,0.0,0.0,0.0,0.038241541891168386,26.15,0.5,4.0,30.0,-0.03218,0.0,-1.3105919999999998,1441,0.8917568692756037,-0.7646405772967104,0.8917568692756037,-0.7646405772967104,0.40549542048294623,2026.05.06 09:15:40,0.0,0.0,2026.05.06 07:59:00,,2026.05.06 06:05:00,,,,,True,CENSORED_NO_BOUNDARY,,False,False,False,9800,,2960,,,,
139,2026.05.06 11:30:40,GER40,BUY,25070.05,25027.72,42.32999999999811,0.12,42.449999999998106,14400,COMPLETE,65.66666666666667,13.133333333333333,1240.0,2.1525821596244135,0.560126582278481,2.284037558685446,0.0,2.9836065573770494,0.712871287128713,-1.215962441314554,-1.4460093896713615,0.6885245901639345,0.0,0.0,0.918032786885246,1.0,0.25,0.0,78.0,62.78,15.219999999999999,36.0,68.6,-1.0,0.0,1.0,1.0,0.5,0.25,1.0,0.0,1.6035908339240026,1.8072289156627315,-10.385069690527242,-12.31372549019658,1.3911267605633182,4.857540983606341,1.8072289156627315,-1.7363571934798792,-0.48904,0.0,0.014605418138987695,1.36,-0.99166,0.0,0.0,0.0,0.0,0.0,0.009051094890510949,110.48,1.0,4.0,30.0,-0.48904,0.0,1.538892,1443,0.8570082449941491,-5.73898704358094,0.8570082449941491,-1.0511189634865015,-2.9592461719671523,2026.05.06 15:30:40,0.0,0.0,2026.05.06 11:37:40,,2026.05.06 11:44:40,2026.05.06 11:46:20,,,,True,LOSS_STOP_BEFORE_1R,-1.0,False,False,False,420,,840,940,,,
140,2026.05.06 11:31:20,US500,BUY,7336.6,7330.51,6.0900000000001455,0.12,6.210000000000146,14400,COMPLETE,86.33333333333333,17.266666666666666,2180.0,3.162880000000133,0.6513761467889908,2.127999999999969,-2.2603079980129035,-0.8693492300049628,1.0869565217390758,-0.8959999999999869,-1.6239999999999764,0.0,0.0,0.0,0.0,0.0,0.6666666666666666,0.5,78.0,55.92,22.08,12.0,64.07,-1.0,1.0,1.0,1.0,0.75,0.25,0.0,1.0,1.313628899835765,1.7241379310344416,-6.4154351395730185,-5.758620689655136,1.3641600000000127,4.235469448584281,1.7241379310344416,-2.380952380952324,-0.04722,0.0,0.05958132045088427,4.72,-0.51943,0.0,0.0,0.0,0.0,0.0,0.04420549581839905,22.62,1.0,4.0,30.0,-0.04722,0.0,1.2017380000000002,1443,3.088566827697073,-4.367149758454004,0.8260869565217197,-1.0660225442833888,2.48470209339757,2026.05.06 15:31:20,3.088566827697073,0.0,2026.05.06 11:37:40,2026.05.06 14:39:00,2026.05.06 11:43:20,2026.05.06 11:45:20,2026.05.06 14:43:10,2026.05.06 15:01:20,,True,LOSS_STOP_BEFORE_1R,-1.0,False,False,False,380,11260,720,840,11510,12600,
144,2026.05.06 20:38:40,US100,BUY,28638.05,28593.84,44.20999999999913,0.12,44.329999999999124,14400,COMPLETE,53.666666666666664,10.733333333333333,1420.0,2.518446601941691,0.5949685534591104,2.500970873786464,-1.9743589743589742,1.047008547008547,0.9446064139941691,-1.9902912621359223,-5.097087378640777,0.0,0.0,0.0,0.5683760683760684,0.0,0.1111111111111111,0.0,78.0,56.0,22.0,12.0,68.87,-1.0,1.0,1.0,1.0,0.75,0.25,0.0,1.0,1.4113645910427783,1.5019226419362761,-2.9993214204931276,-7.110382266455661,1.7168932038834612,5.290085470085366,1.5019226419362761,-2.1680615245419688,-0.17428,0.0,0.016241822693435916,2.09,0.75289,0.0,0.0,0.0,0.0,0.0,0.011407489560368198,87.66,1.0,4.0,30.0,-0.17428,-2.4987979999999994,2.8330240000000004,1441,0.07963004737201726,-2.011504624407874,0.07963004737201726,-1.3573200992555934,-1.7577261448229373,2026.05.07 00:38:40,0.0,0.0,,,2026.05.06 20:47:50,2026.05.06 22:01:10,,,,True,LOSS_STOP_BEFORE_1R,-1.0,False,False,False,,,550,4950,,,
146,2026.05.07 15:01:50,US100,BUY,28813.6,28744.69,68.90999999999985,0.12,69.02999999999986,14400,COMPLETE,76.83333333333333,15.366666666666667,110.0,6.0456671864557165,0.8428260869565154,1.1274225885498301,-2.0641294575965397,-7.044051543302184,0.650524033249013,1.005791935843169,0.5457785698373786,0.0,0.0,0.0,3.0206772550195047,0.0,1.0,0.0,109.0,29.0,80.0,12.0,86.75,0.0,1.0,1.0,1.0,0.75,0.0,0.0,0.0,1.1622509692352367,0.564504426063003,-1.3256421419242308,-1.583950079814222,2.1491200712853527,5.78207971231649,0.25975910608041636,-2.8638804237410964,0.03403,0.01523,0.010430247718383332,1.63,0.87389,-0.48731,1.0,0.0,0.0,0.01523,0.008909709638454427,112.24,1.0,4.0,30.0,0.03403,2.1057040000000002,-0.8727620000000001,1443,0.06562364189484955,-5.011878893234814,0.06562364189484955,-1.1128494857308018,-3.950746052440955,2026.05.07 19:01:50,0.0,0.0,,,2026.05.07 15:06:00,2026.05.07 15:26:50,,,,True,LOSS_STOP_BEFORE_1R,-1.0,False,False,False,,,250,1500,,,
147,2026.05.07 15:17:20,GER40,SELL,24710.65,24760.67,50.0199999999968,0.12,50.139999999996796,14400,COMPLETE,22.333333333333332,4.466666666666667,3140.0,1.3607705779334116,0.956989247311828,0.24518388791593537,0.34710743801652894,-0.11570247933884298,1.4634146341463414,0.8172796263864512,1.4711033274956122,0.0,0.0,0.0,2.1983471074380168,0.0,0.6,0.3333333333333333,102.47,44.0,58.47,12.0,75.88,1.0,1.0,1.0,1.0,1.0,0.0,0.0,1.0,1.2131433140744479,0.19992003198721792,-2.4390243902440587,4.572171131547688,2.0440163455923837,5.787438016528555,0.03998400639744358,-2.0491803278689837,-0.03589,0.0,0.012365376944556035,1.79,0.50244,0.0,0.0,0.0,0.0,0.0,0.010113956794530865,98.87,1.0,4.0,30.0,-0.03589,2.535972000000001,1.0509799999999998,1443,5.751495811727532,-0.05225368966893035,5.751495811727532,-0.05225368966893035,4.734343837255986,2026.05.07 19:17:20,5.751495811727532,5.751495811727532,2026.05.07 15:21:10,2026.05.07 15:26:50,,,2026.05.07 15:57:50,2026.05.07 16:15:30,2026.05.07 17:26:50,True,WIN_1R_BEFORE_STOP,1.0,True,True,True,230,570,,,2430,3490,7770
150,2026.05.07 16:33:20,GER40,SELL,24608.15,24649.97,41.81999999999971,0.12,41.939999999999706,14400,COMPLETE,98.33333333333333,19.666666666666668,800.0,5.35549295774645,0.7080291970802909,2.2084507042253523,-1.1965811965811965,2.2735042735042734,0.7878787878787878,-0.9464788732394366,-2.0901408450704224,0.5982905982905983,0.0,1.0,-0.0,0.0,1.0,0.0,78.0,54.21,23.79,12.0,72.38,-1.0,1.0,1.0,1.0,0.75,0.25,0.0,0.0,1.394274783118135,1.410808225729326,-5.368244858919215,3.01769488283122,1.6492394366197067,5.004102564102529,1.410808225729326,-3.2639885222381864,-0.112,0.0,0.014783023366714457,1.87,-0.0,0.0,0.0,0.0,0.0,0.0,0.010521212120957062,95.05,1.0,4.0,30.0,-0.112,-1.5059539999999998,2.0426659999999996,1441,5.020982355746357,0.0,5.020982355746357,0.0,4.233667143538424,2026.05.07 20:33:20,5.020982355746357,5.020982355746357,2026.05.07 16:36:10,2026.05.07 16:38:40,,,2026.05.07 17:21:20,2026.05.07 17:26:10,2026.05.07 20:01:30,True,WIN_1R_BEFORE_STOP,1.0,True,True,True,170,320,,,2880,3170,12490
152,2026.05.08 09:56:10,US100,BUY,28748.25,28733.05,15.200000000000728,0.12,15.320000000000727,14400,COMPLETE,71.16666666666667,14.233333333333333,1870.0,-0.41982864137098996,0.12170542635656659,4.853733170134721,0.5495169082125411,4.2693236714974345,1.3550983899820757,-1.7778457772337664,0.4498164014687842,0.0,0.0,0.0,1.1835748792270115,0.0,1.0,0.0,75.33,57.64,17.689999999999998,36.0,60.83,-1.0,0.0,0.0,1.0,0.25,0.25,1.0,0.0,1.3934210526315123,3.7434210526314953,-0.13815789473673976,6.858552631578619,1.3023255813953996,2.5700483091787767,3.7434210526314953,0.17434210526324528,-0.05674,0.0,0.04699738903394033,4.54,-3.92651,0.0,0.0,0.0,0.0,0.0,0.03287671232876713,30.42,1.0,4.0,30.0,-0.05674,1.26558,0.32870400000000044,1441,15.716710182766974,-0.3407310704959724,15.716710182766974,-0.3407310704959724,14.411227154046408,2026.05.08 13:56:10,15.716710182766974,15.716710182766974,2026.05.08 09:58:30,2026.05.08 10:00:30,,,2026.05.08 10:23:20,2026.05.08 10:40:40,2026.05.08 12:30:10,True,WIN_1R_BEFORE_STOP,1.0,True,True,True,140,260,,,1630,2670,9240
154,2026.05.11 14:08:00,XAGUSD.r,BUY,84.436,83.885,0.5510000000000019,0.0132,0.5642000000000019,14400,COMPLETE,88.0,17.6,1380.0,3.9509341998375684,0.6112668161435014,3.154833468724597,-5.0623441396509445,-1.3197007481297294,1.3199070487994116,-1.4125101543460554,-2.0675873273761076,1.9271820448877588,0.0,0.0,0.0,0.0,1.0,0.0,80.0,56.0,24.0,12.0,64.16,-1.0,1.0,1.0,1.0,0.75,0.25,0.0,0.0,1.2882032667876542,2.5626134301270183,-5.617059891107082,-7.50816696914698,1.2532900081234868,3.847381546134686,2.5626134301270183,-3.1578947368421106,-0.09803,0.0,0.07302375044310504,5.84,-1.6624,0.0,0.0,0.0,0.0,0.0,0.05486018641810919,18.23,0.9655,4.0,30.0,-0.09803,-0.9235359999999986,1.42727,1441,2.7398085785182418,-0.4062389223679677,2.7398085785182418,-0.4062389223679677,2.4863523573200847,2026.05.11 18:08:00,2.7398085785182418,2.7398085785182418,2026.05.11 14:09:30,2026.05.11 14:14:00,,,2026.05.11 15:19:10,,,True,WIN_1R_BEFORE_STOP,1.0,True,False,False,90,360,,,4270,,
156,2026.05.12 02:08:00,US500,SELL,7408.07,7412.48,4.4099999999998545,0.12,4.529999999999855,14400,COMPLETE,18.0,3.6,1380.0,-0.8128068303092648,0.42416340721426016,2.017075773745904,-2.332296756996868,-1.3993780541981207,0.83450704225344,0.2988260405549487,0.3735325506936859,0.6157263438470373,0.0,1.0,-0.0,0.0,1.0,0.0,75.93,39.82,36.11000000000001,12.0,67.61,-1.0,1.0,1.0,0.0,0.5,0.25,0.0,0.0,1.4467120181406372,3.0045351473923896,-0.2562358276644323,6.3492063492065585,1.3178228388472804,2.742780986228226,3.0045351473923896,-2.2131519274377642,-0.2608,0.0,0.08167770419426311,6.52,-0.91021,0.0,0.0,0.0,0.0,0.0,0.054814814814814816,18.24,1.0,4.0,30.0,-0.2608,1.1856179999999994,-1.616324,1441,1.1876379690949608,-1.4083885209713958,0.028697571743930284,-1.022075055187719,1.1324503311258642,2026.05.12 06:08:00,1.1876379690949608,0.0,2026.05.12 04:54:20,2026.05.12 05:13:10,2026.05.12 02:10:40,2026.05.12 02:13:04,,,,True,LOSS_STOP_BEFORE_1R,-1.0,False,False,False,9980,11110,160,304,,,
158,2026.05.12 09:09:20,GBPUSD.r,SELL,1.35288,1.354,0.0011200000000000099,0.00018,0.00130000000000001,14400,COMPLETE,49.333333333333336,9.866666666666667,3260.0,0.46666666666659756,0.21700879765393946,2.659999999999969,1.843260188087756,3.6426332288398107,1.0555555555556069,-0.9333333333331951,0.22166666666681534,0.0,0.0,0.0,2.238244514106143,0.0,1.0,0.0,70.36,49.48,20.880000000000003,36.0,60.91,0.0,0.0,1.0,1.0,0.5,0.0,1.0,0.0,1.702294642857128,2.4017857142857655,-1.3660714285712463,-4.473214285714209,1.3066666666666287,4.915360501566375,2.4017857142857655,-0.6428571428569871,0.09224,0.04024,0.1846153846153832,6.15,-1.65007,0.0,0.0,0.0,0.0,0.04024,0.11180627699073406,8.94,0.8571,4.0,30.0,0.09224,1.8277779999999992,-0.8427520000000002,1441,0.9615384615384868,-2.00769230769224,0.28461538461542124,-1.084615384615255,-0.5846153846153994,2026.05.12 13:09:20,0.0,0.0,2026.05.12 12:25:10,,2026.05.12 09:11:10,2026.05.12 09:30:25,,,,True,LOSS_STOP_BEFORE_1R,-1.0,False,False,False,11750,,110,1265,,,
160,2026.05.12 15:33:50,GER40,SELL,23962.55,23993.88,31.330000000001746,0.12,31.450000000001747,14400,COMPLETE,78.83333333333333,15.766666666666667,530.0,3.988130563798219,0.6486486486486487,2.1602373887240356,-3.8449111470113313,-4.749596122778703,2.177142857142826,-0.2492581602373887,-0.976261127596439,0.768982229402184,0.0,1.0,0.5654281098546076,0.0,0.2857142857142857,0.0,74.29,50.7,23.590000000000003,36.0,66.71,0.0,0.0,1.0,1.0,0.5,0.0,1.0,0.0,1.1771465049472694,1.7235876157037022,-1.0628790296839266,-7.0826683689750745,1.301543026706304,3.5429725363491684,1.5639961698052112,-3.0960740504307243,-0.0,-0.0,0.019713831478536264,1.86,-0.01862,0.0,0.0,0.0,0.0,-0.0,0.016533333333333334,60.48,1.0,4.0,30.0,-0.0,-6.466502,4.340425999999999,1443,1.0931637519872208,-2.722416534181089,1.0931637519872208,-1.0054054054053496,-2.4998410174879377,2026.05.12 19:33:50,1.0931637519872208,1.0931637519872208,2026.05.12 15:35:00,2026.05.12 15:35:40,2026.05.12 16:18:10,2026.05.12 17:05:10,,,,True,WIN_1R_BEFORE_STOP,1.0,False,False,False,70,110,2660,5480,,,
162,2026.05.12 15:44:00,US500,SELL,7361.85,7371.43,9.579999999999927,0.12,9.699999999999926,14400,COMPLETE,64.0,12.8,1140.0,2.4133202742408786,0.6692825112107583,2.0225269343780714,-0.3943661971830986,1.183098591549296,0.901442307692283,-1.5426052889324275,-4.298726738491623,0.9859154929577465,0.0,1.0,0.1971830985915493,0.0,0.8181818181818182,0.0,77.66,60.76,16.9,12.0,68.34,0.0,1.0,1.0,1.0,0.75,0.0,0.0,1.0,1.5793319415448972,1.6179540709812232,-2.489561586638793,-1.9018789144049566,1.3136141038197817,3.778028169014056,1.6179540709812232,-3.1680584551147897,-0.1801,0.0,0.038144329896907504,3.0,0.80806,0.0,0.0,0.0,0.0,0.0,0.023870967741935485,41.89,1.0,4.0,30.0,-0.1801,-1.1754800000000016,5.60956,1442,1.4721649484536758,-4.868041237113382,1.4721649484536758,-1.053608247422632,-4.739175257731938,2026.05.12 19:44:00,1.4721649484536758,1.4721649484536758,2026.05.12 15:57:50,2026.05.12 16:00:30,2026.05.12 17:17:30,2026.05.12 17:20:10,,,,True,WIN_1R_BEFORE_STOP,1.0,False,False,False,830,990,5610,5770,,,
163,2026.05.12 15:46:40,XAUUSD.r,SELL,4665.23,4676.66,11.430000000000291,0.18000000000000002,11.61000000000029,14400,COMPLETE,66.66666666666667,13.333333333333334,1300.0,2.658258676176469,0.5326815136701124,3.142906845263888,-0.9339071626191595,0.7058100215183534,0.902247191011152,-1.2992954683830522,-2.4293293902756776,0.5982170304335916,0.0,1.0,0.4475868429142209,0.0,0.7011494252873293,0.0,74.48,59.0,15.480000000000004,12.0,68.45,-1.0,1.0,1.0,1.0,0.75,0.25,0.0,1.0,1.2484689413822954,2.3342082239718898,-1.7445319335083116,1.4969378827645876,1.3918413499173912,4.919151552413322,2.3342082239718898,-2.530183727034063,0.18097,0.10484,0.02842377260981841,1.59,-0.07831,0.0,0.0,0.0,0.0,0.10484,0.022602739726027398,44.24,1.0,4.0,30.0,0.18097,-0.24791600000000075,0.6,1442,0.004306632213571246,-3.914728682170482,0.004306632213571246,-1.005167958656365,-3.8673557278207693,2026.05.12 19:46:40,0.0,0.0,,,2026.05.12 16:03:30,2026.05.12 17:02:50,,,,True,LOSS_STOP_BEFORE_1R,-1.0,False,False,False,,,1010,4570,,,
166,2026.05.12 20:18:00,US100,BUY,29039.65,28993.38,46.27000000000044,0.12,46.390000000000434,14400,COMPLETE,93.0,18.6,1380.0,5.519051838723975,0.7469045120671594,1.8701816570668743,1.454855195911414,3.291311754684838,1.2027972027971618,-1.0824102791316323,-2.152414709791797,0.9540034071550255,0.0,0.0,2.122657580919932,0.0,0.34210526315789475,1.6153846153846154,77.0,64.0,13.0,12.0,77.12,0.0,1.0,1.0,0.0,0.5,0.0,0.0,0.0,1.30386859736329,1.3302355738058935,3.7237951156256246,7.597795547871104,1.4350465219317767,4.414173764906344,1.3302355738058935,-3.8621136805705434,0.0,0.0,0.015520586333261333,1.69,-0.02966,0.0,0.0,0.0,0.0,0.0,0.011793611793611793,84.79,1.0,4.0,30.0,0.0,1.6637599999999992,0.0,1441,1.385643457641673,-1.3951282604009825,1.385643457641673,-1.3951282604009825,-0.40353524466484175,2026.05.13 00:18:00,1.385643457641673,1.385643457641673,2026.05.12 20:55:40,2026.05.12 22:05:20,2026.05.12 23:41:50,2026.05.13 00:02:10,,,,True,WIN_1R_BEFORE_STOP,1.0,False,False,False,2260,6440,12230,13450,,,
168,2026.05.13 03:20:40,XAUUSD.r,SELL,4695.61,4700.96,5.350000000000364,0.18000000000000002,5.5300000000003635,14400,COMPLETE,55.666666666666664,11.133333333333333,1540.0,2.0486600846263356,0.6526919682259514,1.9425246826516487,-1.7287977632802083,-0.26095060577794316,0.778987479586358,-0.33074753173488286,-1.093441466854827,0.5284249767010766,0.0,1.0,-0.0,0.0,1.0,0.0,73.0,48.97,24.03,12.0,66.72,0.0,1.0,1.0,0.0,0.5,0.0,0.0,1.0,1.437383177569996,1.4990654205605574,4.549532710279921,10.665420560746844,1.3205218617772772,3.4902143522834015,1.4990654205605574,-2.81121495327083,-0.0666,0.0,0.05967450271247347,3.22,0.23631,0.0,0.0,0.0,0.0,0.0,0.041147132169576064,24.3,1.0,4.0,30.0,-0.0666,-0.5730919999999997,2.236162,1441,0.1971066907774784,-3.5732368896923377,0.1971066907774784,-1.0108499095841585,-2.0506329113924084,2026.05.13 07:20:40,0.0,0.0,,,2026.05.13 03:27:20,2026.05.13 03:29:56,,,,True,LOSS_STOP_BEFORE_1R,-1.0,False,False,False,,,400,556,,,
170,2026.05.13 09:00:40,US100,BUY,29328.4,29306.24,22.159999999999854,0.12,22.279999999999855,14400,COMPLETE,30.666666666666668,6.133333333333334,2440.0,-0.7100204498976255,0.7425454545454704,2.02699386503055,0.24221453287196884,-0.2076124567474019,0.9156378600822863,-1.460122699386503,-1.4887525562372188,0.0,0.0,0.0,1.1072664359861433,0.0,0.5454545454545454,0.6666666666666666,76.0,56.0,20.0,12.0,70.48,-1.0,1.0,1.0,1.0,0.75,0.25,0.0,0.0,1.6101083032491081,1.6425992779782517,-2.633122743682426,0.6565884476534011,1.2688752556237135,3.067128027681597,1.6425992779782517,-4.517148014440561,-0.01297,0.0,0.03231597845601457,3.11,-1.33123,0.0,0.0,0.0,0.0,0.0,0.01978021978021978,50.56,1.0,4.0,30.0,-0.01297,1.4,-1.4,1441,0.6745960502692062,-9.401705565529783,0.057450628366150155,-1.0197486535010023,-7.460502692998351,2026.05.13 13:00:40,0.0,0.0,2026.05.13 09:58:10,,2026.05.13 09:06:30,2026.05.13 09:09:40,,,,True,LOSS_STOP_BEFORE_1R,-1.0,False,False,False,3450,,350,540,,,
172,2026.05.13 23:36:40,US100,BUY,29533.25,29505.54,27.709999999999127,0.12,27.829999999999128,14400,COMPLETE,76.66666666666667,15.333333333333334,1300.0,3.924459613196722,0.6753191489361579,2.430489192264029,-2.241573033707865,-2.752808988764045,0.7218045112781954,-1.8316268486916951,-3.1376564277588166,0.7471910112359551,1.0,0.0,1.7303370786516854,1.0,1.0,0.0,78.0,63.0,15.0,12.0,68.19,-1.0,1.0,1.0,1.0,0.75,0.25,0.0,0.0,1.3507758931794003,1.3767592926742207,-5.483579935041701,-6.867556838686585,1.765369738338966,4.358876404494245,1.3767592926742207,-2.9357632623601986,-0.08607,0.0,0.025871361839742098,3.44,-0.23811,0.0,0.0,0.0,0.0,0.0,0.01887287024901704,52.99,1.0,4.0,30.0,-0.08607,0.0,1.5886300000000007,1441,2.929572403880848,-1.9572403880704365,2.929572403880848,-1.0499461013294813,-1.544017247574556,2026.05.14 03:36:40,2.929572403880848,2.929572403880848,2026.05.13 23:53:30,2026.05.14 00:15:10,2026.05.14 00:03:50,2026.05.14 02:48:10,2026.05.14 00:30:20,,,True,WIN_1R_BEFORE_STOP,1.0,True,False,False,1010,2310,1630,11490,3220,,
174,2026.05.14 08:11:30,GER40,BUY,24334.55,24298.16,36.38999999999942,0.12,36.509999999999415,14400,COMPLETE,151.5,30.3,3090.0,5.710982658959577,0.5114155251141552,2.0616570327553028,0.9506172839506173,0.8641975308641976,0.5827338129496402,-1.2331406551059754,-0.5857418111753663,0.1728395061728395,0.0,0.0,1.6419753086419753,1.0,0.4166666666666667,0.0,73.44,61.2,12.239999999999995,36.0,62.21,-1.0,0.0,1.0,1.0,0.5,0.25,1.0,0.0,1.219565814784301,1.5251442704039815,-0.02748007694421588,-1.6707886782083057,1.402312138728304,3.1448148148147648,1.5251442704039815,-1.5498763396537159,0.03266,0.02174,0.01698164886332539,1.63,-1.48589,0.0,0.0,0.0,0.0,0.02174,0.013777777777777778,72.58,1.0,4.0,30.0,0.03266,0.9870440000000003,-0.7599260000000001,1441,3.817584223500472,0.0,3.817584223500472,0.0,3.160230073952392,2026.05.14 12:11:30,3.817584223500472,3.817584223500472,2026.05.14 08:14:10,2026.05.14 08:17:30,,,2026.05.14 08:30:40,2026.05.14 09:50:00,,True,WIN_1R_BEFORE_STOP,1.0,True,True,False,160,360,,,1150,5910,
176,2026.05.14 16:29:10,US500,BUY,7510.65,7505.21,5.4399999999996,0.12,5.5599999999996,14400,COMPLETE,54.166666666666664,10.833333333333334,1450.0,-0.6028708133971292,0.42857142857142855,3.751196172248804,-3.5897435897435894,-1.675213675213675,1.76,-1.339712918660287,-2.6124401913875595,0.0,0.0,0.0,0.5982905982905983,0.0,0.7777777777777778,0.0,72.94,50.94,22.0,12.0,64.52,-1.0,1.0,1.0,1.0,0.75,0.25,0.0,1.0,1.3106617647059788,2.665441176470784,-5.376838235294513,-7.650735294118189,1.457607655502285,2.603760683760492,2.665441176470784,-1.976102941176616,-0.05833,0.0,0.06654676258993285,5.83,-1.4,0.0,0.0,0.0,0.0,0.0,0.04933333333333333,20.27,1.0,4.0,30.0,-0.05833,-1.011112,0.46611599999999953,1441,1.0665467625900376,-3.214028776978649,0.2248201438850522,-1.0107913669065476,-1.0917266187050818,2026.05.14 20:29:10,1.0665467625900376,0.0,2026.05.14 19:00:20,2026.05.14 19:12:20,2026.05.14 16:33:10,2026.05.14 16:34:00,,,,True,LOSS_STOP_BEFORE_1R,-1.0,False,False,False,9070,9790,240,290,,,
178,2026.05.15 01:59:10,XAGUSD.r,SELL,80.873,81.786,0.9129999999999967,0.013199999999999996,0.9261999999999967,14400,COMPLETE,39.166666666666664,7.833333333333333,250.0,1.5446317103620333,0.9218040233614535,0.5265293383270903,-1.675727229375251,-5.875059608965119,0.9985895627645003,1.57740324594259,1.5118601747815388,0.0,0.0,0.0,3.1645207439199408,0.0,0.9374999999999445,0.0,121.0,29.0,92.0,12.0,78.19,1.0,1.0,1.0,1.0,1.0,0.0,0.0,0.0,1.1616648411829176,-0.12048192771084319,-2.167579408543271,-2.167579408543271,1.9946941323345742,6.095374344301419,-0.12048192771084319,-3.111719605695514,0.09018,0.03938,0.04016411142301893,4.81,1.13828,0.22044,1.0,0.0,0.0,0.03938,0.03388595372563308,29.51,0.8889,4.0,30.0,0.09018,6.580091999999999,-0.6059460000000001,1440,3.38026344202118,-0.8941913193694674,3.38026344202118,-0.8941913193694674,2.872813647160458,2026.05.15 05:59:10,3.38026344202118,3.38026344202118,2026.05.15 05:08:50,2026.05.15 05:30:20,2026.05.15 02:45:20,,2026.05.15 05:33:50,2026.05.15 05:40:30,,True,WIN_1R_BEFORE_STOP,1.0,True,True,False,11380,12670,2770,,12880,13280,
179,2026.05.15 06:16:40,US100,SELL,29274.0,29335.17,61.169999999998254,0.12,61.28999999999825,14400,COMPLETE,96.66666666666667,19.333333333333332,1000.0,5.416934619506967,0.6492805755395683,2.9260450160771705,-0.2774108322324967,0.11096433289299873,0.5112107623318386,-1.2754555198285102,-3.451232583065381,0.8322324966974901,0.0,0.0,0.6103038309114928,1.0,0.05,0.7397622192866579,85.0,51.65,33.35,12.0,79.01,0.0,1.0,1.0,1.0,0.75,0.0,0.0,0.0,1.3472056797450114,1.647049207127724,-3.9055092365540016,-1.5677619748243288,1.835755627009594,4.525125495376357,1.647049207127724,-2.6360961255518163,-0.2051,0.0,0.011747430249633227,1.59,0.14556,0.0,0.0,0.0,0.0,0.0,0.00866128200706889,115.46,1.0,4.0,30.0,-0.2051,2.177001999999999,4.07588,1443,2.716266927720726,-1.9451786588350783,1.3506281612009106,-1.0070158263990912,1.1132321749061918,2026.05.15 10:16:40,2.716266927720726,1.3506281612009106,2026.05.15 06:20:00,2026.05.15 06:20:30,2026.05.15 06:40:20,2026.05.15 06:45:20,2026.05.15 08:29:50,,,True,WIN_1R_BEFORE_STOP,1.0,False,False,False,200,230,1420,1720,7990,,
181,2026.05.15 06:31:00,XAUUSD.r,SELL,4580.01,4590.83,10.819999999999709,0.18000000000000002,10.999999999999709,14400,COMPLETE,16.0,3.2,1860.0,-0.2528983553518733,0.5824057450628314,1.1386716994697768,-1.627632687447174,-1.128334737432944,0.9906842274333739,-0.7599532668284278,0.03019681854944667,0.3538331929232054,0.0,1.0,-0.0,0.0,1.0,0.0,81.89,55.4,26.490000000000002,12.0,66.21,-1.0,1.0,1.0,1.0,0.75,0.25,0.0,0.0,1.4528650646950483,2.174676524953908,-5.948243992606415,-5.948243992606415,1.361373236272089,4.253861274922808,2.174676524953908,-2.4510166358595415,-0.34641,0.0,0.030000000000000797,1.59,-2.24319,0.0,0.0,0.0,0.0,0.0,0.020560747663551402,48.64,1.0,4.0,30.0,-0.34641,1.178232,-0.47289999999999993,1442,4.277272727272884,-0.7890909090909299,4.277272727272884,-0.7890909090909299,2.3700000000000627,2026.05.15 10:31:00,4.277272727272884,4.277272727272884,2026.05.15 06:36:10,2026.05.15 06:44:40,2026.05.15 07:14:00,,2026.05.15 08:17:20,2026.05.15 09:14:40,,True,WIN_1R_BEFORE_STOP,1.0,True,True,False,310,820,2580,,6380,9820,
184,2026.05.18 13:27:20,US500,BUY,7427.5,7419.01,8.489999999999782,0.12,8.609999999999781,14400,COMPLETE,67.33333333333333,13.466666666666667,2240.0,3.6840510711966634,0.7139534883720888,1.8632330664358625,-0.383771929824566,-0.9568713450291954,2.2063492063492007,-0.22722354468729694,0.4620212075308647,2.0467836257310186,0.0,0.0,0.8954678362573206,1.0,0.3033980582524352,1.8959999999999126,77.97,37.2,40.769999999999996,12.0,64.82,0.0,1.0,1.0,1.0,0.75,0.0,0.0,0.0,1.3757361601884923,1.537102473498294,-0.877502944640755,-0.7267373380447858,1.2860852629300676,4.344298245613976,1.537102473498294,-3.645465253239177,0.0,0.0,0.04297328687572699,3.39,-1.1239,0.0,0.0,0.0,0.0,0.0,0.030705394190871368,32.57,1.0,4.0,30.0,0.0,1.6915719999999994,-0.8957579999999993,1441,1.4668989547038702,-6.750290360046629,0.01509872241579597,-1.0592334494773787,-3.353077816492536,2026.05.18 17:27:20,1.4668989547038702,0.0,2026.05.18 13:53:20,2026.05.18 13:55:10,2026.05.18 13:30:30,2026.05.18 13:33:10,,,,True,LOSS_STOP_BEFORE_1R,-1.0,False,False,False,1560,1670,190,350,,,
186,2026.05.19 08:10:40,GER40,BUY,24544.65,24470.19,74.46000000000276,0.12,74.58000000000277,14400,COMPLETE,75.66666666666667,15.133333333333333,640.0,5.647397802989345,0.6696428571428571,2.7984873041598988,-3.5487465181058497,-1.286908077994429,0.7448979591836735,-1.8026292094363312,-3.706104808211758,1.16991643454039,0.0,0.0,0.6239554317548747,0.0,0.0,6.239554317548746,73.53,56.0,17.53,12.0,71.06,-1.0,1.0,1.0,1.0,0.75,0.25,0.0,0.0,1.2978204981197476,1.5041633091592244,-1.8506580714477276,-1.5296803652967663,1.8772555375473314,5.807465181058712,1.5041633091592244,-3.0942788074132808,0.1131,0.0489,0.008313220702600925,1.13,-0.23752,0.0,0.0,0.0,0.0,0.0489,0.0063749467527559915,156.86,1.0,4.0,30.0,0.1131,-2.0,3.9422079999999995,1441,1.9090909090908381,-0.3100026816840861,1.9090909090908381,-0.3100026816840861,0.6218825422365015,2026.05.19 12:10:40,1.9090909090908381,1.9090909090908381,2026.05.19 08:16:00,2026.05.19 08:35:30,,,,,,True,WIN_1R_BEFORE_STOP,1.0,False,False,False,320,1490,,,,,
188,2026.05.19 13:55:40,XAUUSD.r,SELL,4508.81,4529.93,21.11999999999989,0.18000000000000002,21.29999999999989,14400,COMPLETE,60.666666666666664,12.133333333333333,1240.0,2.9095051259334004,0.4642159257449836,3.886723199595115,-4.378329021457897,-3.040328717090294,0.9114778694673772,-1.768383748892574,-3.6882673079357673,0.0,0.0,0.0,0.036219753462197295,0.0,0.9751824817518122,0.0,72.41,53.89,18.519999999999996,12.0,68.97,-1.0,1.0,1.0,0.0,0.5,0.25,0.0,0.0,1.3171875000000068,2.082859848484892,-0.7911931818181877,1.3385416666666943,1.871155549930406,4.499771724242797,2.082859848484892,-1.8177083333333153,-0.01719,0.0,0.015492957746478953,1.17,-0.29308,0.0,0.0,0.0,0.0,0.0,0.011723329425556858,85.3,1.0,4.0,30.0,-0.01719,-2.0154059999999987,3.3789159999999994,1441,1.1159624413145939,-0.17464788732394285,1.1159624413145939,-0.17464788732394285,0.4009389671361643,2026.05.19 17:55:40,1.1159624413145939,1.1159624413145939,2026.05.19 14:00:40,2026.05.19 14:21:50,,,,,,True,WIN_1R_BEFORE_STOP,1.0,False,False,False,300,1570,,,,,
190,2026.05.20 09:31:40,GER40,BUY,24468.65,24411.08,57.56999999999971,0.12,57.689999999999706,14400,COMPLETE,16.666666666666668,3.3333333333333335,2500.0,1.8009355509355542,1.0186666666666666,-0.16372141372141402,3.4285714285714284,5.857142857142857,0.9473684210526316,1.4916839916839946,1.764553014553018,0.0,0.0,0.0,3.4285714285714284,0.0,0.3333333333333333,1.0,96.13,29.0,67.13,12.0,75.71,0.0,1.0,1.0,1.0,0.75,0.0,0.0,0.0,1.1850666268890107,-0.043425395171096275,-1.8360257078339632,3.812749696022253,2.094542619542613,8.224285714285672,-0.043425395171096275,-3.3871808233455094,0.06391,0.02823,0.010747096550528742,1.6,1.18238,0.0,0.0,0.0,0.0,0.02823,0.009005830964848572,111.04,1.0,4.0,30.0,0.06391,3.3215820000000007,0.0,1441,1.9479979199168065,-0.5307678973825647,1.9479979199168065,-0.5307678973825647,-0.5307678973825647,2026.05.20 13:31:40,1.9479979199168065,1.9479979199168065,2026.05.20 10:02:30,2026.05.20 10:14:10,2026.05.20 13:31:40,,,,,True,WIN_1R_BEFORE_STOP,1.0,False,False,False,1850,2550,14400,,,,
192,2026.05.20 15:35:40,GER40,BUY,24733.65,24646.61,87.04000000000087,0.12,87.16000000000088,14400,COMPLETE,60.666666666666664,12.133333333333333,940.0,2.523006134969325,0.6747947851279622,2.8923312883434957,-0.84,2.73,1.1598951507208497,-0.7730061349693251,-2.4907975460122698,0.0,0.0,0.0,0.0,0.0,0.9655172413793104,0.03571428571428571,77.12,49.24,27.880000000000003,12.0,64.81,0.0,1.0,1.0,1.0,0.75,0.0,0.0,0.0,1.3563222163373025,1.7773437499999487,-1.6969209558823444,-0.5227481617647006,1.8689570552147428,6.092800000000061,1.7773437499999487,-3.2226562499999676,-0.14831,0.0,0.007113354749885197,0.93,1.06594,0.0,0.0,0.0,0.0,0.0,0.0052243836673689465,191.41,1.0,4.0,30.0,-0.14831,-3.5206819999999994,4.048139999999999,1441,0.33708122992197914,-0.744837081229948,0.33708122992197914,-0.744837081229948,0.29118861863239726,2026.05.20 19:35:40,0.0,0.0,,,2026.05.20 16:24:10,,,,,True,CENSORED_NO_BOUNDARY,,False,False,False,,,2910,,,,
193,2026.05.20 15:41:00,US500,BUY,7426.25,7411.05,15.199999999999818,0.12,15.319999999999817,14400,COMPLETE,91.0,18.2,1260.0,7.051712558764279,0.7741935483870968,2.056749496306248,-0.643776824034337,-2.3605150214592356,0.6939622641509557,-0.1903962390866227,-1.6736064472800298,0.42918454935622463,0.0,1.0,1.6094420600858423,0.0,0.4444444444444444,1.0,72.52,45.91,26.61,12.0,65.91,0.0,1.0,0.0,1.0,0.5,0.0,0.0,0.0,1.332236842105279,1.3565789473684302,-1.6776315789473886,0.13026315789470969,1.7864338482202624,6.523605150214537,1.3565789473684302,-3.9802631578947847,-0.02642,0.0,0.02415143603133188,2.64,1.03019,0.0,0.0,0.0,0.0,0.0,0.017943743937924344,55.73,1.0,4.0,30.0,-0.02642,0.29446999999999834,0.9367339999999998,1441,1.0528720626631978,-0.8563968668407412,1.0528720626631978,-0.8563968668407412,0.9223237597911338,2026.05.20 19:41:00,1.0528720626631978,1.0528720626631978,2026.05.20 15:49:30,2026.05.20 19:39:30,2026.05.20 16:21:30,,,,,True,WIN_1R_BEFORE_STOP,1.0,False,False,False,510,14310,2430,,,,
196,2026.05.21 02:03:40,XAUUSD.r,BUY,4557.83,4550.5,7.329999999999927,0.18000000000000002,7.509999999999927,14400,COMPLETE,63.666666666666664,12.733333333333333,2020.0,3.162323630354522,0.6195151887081949,2.206686157366121,-0.3888888888891309,2.237520128823849,1.6453317674690466,-1.2154569721621684,-1.3809584339645222,1.4090177133653763,0.0,0.0,0.20289855072442967,0.0,1.0,0.0,75.28,60.0,15.280000000000001,12.0,65.61,-1.0,1.0,1.0,1.0,0.75,0.25,0.0,1.0,1.338335607094147,1.7667121418826666,-1.0190995907231009,-0.6848567530695193,1.3044362527011275,4.131239935587242,1.7667121418826666,-2.4870395634378917,0.01726,0.01073,0.043941411451398564,2.35,-1.45742,0.0,0.0,0.0,0.0,0.01073,0.03254437869822485,30.73,1.0,4.0,30.0,0.01726,0.4244039999999984,0.18991199999999964,1441,0.17976031957386931,-5.10652463382163,0.17976031957386931,-1.0026631158455974,-3.2902796271637795,2026.05.21 06:03:40,0.0,0.0,,,2026.05.21 02:12:50,2026.05.21 02:17:57,,,,True,LOSS_STOP_BEFORE_1R,-1.0,False,False,False,,,550,857,,,
198,2026.05.21 07:33:30,XAUUSD.r,SELL,4515.94,4525.68,9.740000000000691,0.18000000000000002,9.920000000000691,14400,COMPLETE,33.5,6.7,210.0,1.8416869424169853,0.8652455272173618,0.8038929440389141,1.0952600092037246,-0.8439944776802792,1.090909090909091,1.7735604217354728,1.8121654501215392,0.49608835710967064,0.0,1.0,2.7703635526916015,0.0,1.0,0.0,109.24,29.0,80.24,12.0,80.45,1.0,1.0,1.0,0.0,0.75,0.0,0.0,0.0,1.1542094455851337,0.4127310061600864,-0.27002053388089553,6.394250513346543,2.2118410381185476,6.275195582144809,-0.14887063655037214,-2.456878850102525,0.01521,0.00687,0.03326612903225575,2.85,1.07605,0.27567,1.0,0.0,0.0,0.00687,0.0285171102661597,35.07,1.0,4.0,30.0,0.01521,4.434289999999999,0.0,1441,0.967741935483778,-2.6814516129030466,0.11088709677416016,-1.045362903225785,0.36693548387091285,2026.05.21 11:33:30,0.0,0.0,2026.05.21 10:31:00,,2026.05.21 07:51:30,2026.05.21 08:07:00,,,,True,LOSS_STOP_BEFORE_1R,-1.0,False,False,False,10650,,1080,2010,,,
200,2026.05.21 18:20:50,US500,BUY,7458.9,7446.06,12.839999999999236,0.12,12.959999999999235,14400,COMPLETE,90.83333333333333,18.166666666666668,1550.0,5.282051282051246,0.7601476014760148,1.6666666666666554,1.1666666666666667,4.136363636363637,0.798426745329497,0.025641025641025467,0.6923076923076876,0.0,0.0,0.0,2.121212121212121,3.0,0.5,1.0,86.13,39.05,47.08,12.0,78.61,0.0,1.0,1.0,0.0,0.5,0.0,0.0,0.0,1.2562305295950902,1.285046728972039,-2.0638629283490326,-0.9369158878505032,1.3169230769229896,5.447272727272403,1.285046728972039,-4.06931464174479,-0.02238,0.0,0.028549382716051067,2.24,-0.5148,0.0,0.0,0.0,0.0,0.0,0.022424242424242423,44.59,1.0,4.0,30.0,-0.02238,3.2261680000000013,-2.87577,1441,0.5362654320988448,-2.3626543209877937,0.29938271604940037,-1.0509259259259878,0.2854938271605584,2026.05.21 22:20:50,0.0,0.0,2026.05.21 22:16:10,,2026.05.21 18:48:40,2026.05.21 18:52:16,,,,True,LOSS_STOP_BEFORE_1R,-1.0,False,False,False,14120,,1670,1886,,,
202,2026.05.25 15:06:10,GER40,BUY,25352.85,25331.33,21.5199999999968,0.12,21.6399999999968,14400,COMPLETE,21.166666666666668,4.233333333333333,2170.0,0.14227642276422764,0.705607476635514,1.792682926829268,-2.5796545105563027,-1.907869481765497,1.2882352941175186,-0.45528455284552843,-0.17073170731707316,0.0,0.0,0.0,0.0,0.0,1.0,0.0,80.24,31.35,48.88999999999999,12.0,67.67,0.0,1.0,1.0,1.0,0.75,0.0,0.0,0.0,1.2026022304834503,1.4637546468403664,-2.486059479554273,-18.680297397772296,1.2247154471542891,2.8913627639151978,1.4637546468403664,-3.276022304833201,-0.05344,0.0,0.02865064695009666,2.67,-1.09542,0.0,0.0,0.0,0.0,0.0,0.02339622641509434,42.74,1.0,4.0,30.0,-0.05344,-4.629048,-2.530164,1440,4.315157116451655,-0.16728280961185468,4.315157116451655,-0.16728280961185468,1.4731977818856152,2026.05.25 19:06:10,4.315157116451655,4.315157116451655,2026.05.25 15:10:50,2026.05.25 15:11:00,,,2026.05.25 15:11:00,2026.05.25 15:11:00,,True,WIN_1R_BEFORE_STOP,1.0,True,True,False,280,290,,,290,290,
204,2026.05.26 08:51:40,GER40,SELL,25206.25,25261.11,54.86000000000058,0.12,54.98000000000058,14400,COMPLETE,66.66666666666667,13.333333333333334,100.0,3.75609756097561,0.9050632911392406,0.5121951219512195,1.8394160583941603,3.0656934306569337,0.7433628318584071,0.5463414634146342,-0.5121951219512195,0.0,0.0,0.0,2.8613138686131383,0.0,0.6666666666666666,0.5,100.41,32.01,68.4,12.0,80.25,0.0,1.0,1.0,0.0,0.5,0.0,0.0,1.0,1.2948804750273286,0.20051039008384766,-0.6580386438206008,2.6868392271235852,1.8732682926829467,5.606131386861373,0.20051039008384766,-2.6248632883703693,-0.09211,0.0,0.011276827937431674,1.54,0.98246,-0.33772,1.0,0.0,0.0,0.0,0.008652312599336033,115.58,1.0,4.0,30.0,-0.09211,3.181389999999999,-0.9982460000000003,1442,0.4579847217169699,-1.7482720989450526,0.4579847217169699,-1.0116405965805642,-1.4572571844306867,2026.05.26 12:51:40,0.0,0.0,,,2026.05.26 09:29:00,2026.05.26 10:21:59,,,,True,LOSS_STOP_BEFORE_1R,-1.0,False,False,False,,,2240,5419,,,
206,2026.05.26 10:52:10,US100,BUY,29825.6,29802.37,23.229999999999563,0.11999999999999988,23.349999999999564,14400,COMPLETE,72.16666666666667,14.433333333333334,1030.0,3.14037057832658,0.6092870544089867,3.274003368894021,0.9062885326756845,5.524044389642268,1.237333333333372,-2.153846153846286,-4.012914093206326,0.0,0.0,0.0,1.381011097410567,0.0,1.0,0.0,76.93,62.24,14.690000000000005,12.0,69.16,-1.0,1.0,1.0,0.0,0.5,0.25,0.0,0.0,1.2939856095566322,1.889797675419814,0.35083943176933313,5.243219974171554,1.8260527793374315,4.010110974105858,1.889797675419814,-2.845458458889358,-0.17584,0.0,0.052248394004283626,7.74,-0.39739,0.0,0.0,0.0,0.0,0.0,0.03900344820246217,25.64,1.0,4.0,30.0,-0.17584,1.4,0.6425080000000009,1441,10.590149892933878,-1.9794432548179617,0.011991434689570044,-1.0158458244110915,9.123340471092309,2026.05.26 14:52:10,10.590149892933878,0.0,2026.05.26 12:22:30,2026.05.26 12:29:00,2026.05.26 10:57:50,2026.05.26 11:03:27,2026.05.26 12:42:00,2026.05.26 13:45:20,2026.05.26 13:57:50,True,LOSS_STOP_BEFORE_1R,-1.0,False,False,False,5420,5810,340,677,6590,10390,11140
208,2026.05.26 15:11:40,US100,BUY,29974.1,29936.26,37.840000000000146,0.11999999999999988,37.96000000000014,14400,COMPLETE,96.66666666666667,19.333333333333332,1900.0,6.662130937098792,0.6520668425681567,3.5548138639281652,-0.3869346733668342,1.864321608040201,1.4944444444444445,-1.1052631578947367,0.09884467265725294,0.49246231155778897,0.0,1.0,1.2135678391959799,0.0,1.0,0.0,76.0,56.41,19.590000000000003,12.0,69.92,-1.0,1.0,1.0,1.0,0.75,0.25,0.0,0.0,1.6300211416490424,2.613636363636392,-2.7642706131077732,-0.7056025369978062,1.360102695763805,2.6621105527638296,2.613636363636392,-5.07663847780121,-0.0076,0.0,0.03213909378292928,3.34,-2.4435,0.0,0.0,0.0,0.0,0.0,0.019395866454689985,51.56,1.0,4.0,30.0,-0.0076,1.4,0.0821879999999993,1441,1.0576923076923153,-3.430453108535249,0.5079030558482978,-1.0990516332981661,0.9557428872497714,2026.05.26 19:11:40,1.0576923076923153,0.0,2026.05.26 15:15:00,2026.05.26 18:34:00,2026.05.26 15:18:00,2026.05.26 15:36:20,,,,True,LOSS_STOP_BEFORE_1R,-1.0,False,False,False,200,12140,380,1480,,,
210,2026.05.26 18:26:30,XAUUSD.r,SELL,4495.63,4502.57,6.9399999999996,0.18,7.1199999999995995,14400,COMPLETE,36.5,7.3,1290.0,1.3727469358326199,0.4961303462321874,3.1214852198990086,-2.402323125660145,-0.9535374868004614,0.7635997313633536,-1.0825522710886621,-3.076063446286823,0.4139387539601977,0.0,1.0,0.02217529039119307,0.0,0.9806451612899024,0.0,77.56,57.84,19.72,12.0,68.84,-1.0,1.0,1.0,1.0,0.75,0.25,0.0,1.0,1.375277891930915,1.8717579250721226,-0.6109510086455369,-7.913544668588363,1.7512617159335537,5.12988384371706,1.8717579250721226,-1.7622478386167535,-0.1719,0.0,0.04353932584269908,2.9,0.20092,0.0,0.0,0.0,0.0,0.0,0.0314579376975483,31.79,0.8667,4.0,30.0,-0.1719,-1.2003559999999993,2.450156,1442,0.15730337078655127,-6.221910112359885,0.15730337078655127,-1.0028089887641065,-1.4578651685393822,2026.05.26 22:26:30,0.0,0.0,,,2026.05.26 18:51:50,2026.05.26 19:16:29,,,,True,LOSS_STOP_BEFORE_1R,-1.0,False,False,False,,,1520,2999,,,
212,2026.05.26 19:59:00,US100,BUY,30026.6,29993.23,33.36999999999898,0.11999999999999988,33.48999999999898,14400,COMPLETE,34.0,6.8,540.0,1.444347573379753,0.6295238095237957,2.2609706480675165,-4.935370152761506,-6.54622013317672,1.1973076923077315,0.8718395815170046,-0.7120023249055536,0.7032902467686543,0.0,1.0,0.2056404230317294,0.0,0.8536585365853658,0.0,88.66,49.68,38.98,12.0,71.76,0.0,1.0,1.0,1.0,0.75,0.0,0.0,1.0,1.2633888435721092,0.6712616122266148,1.3904704824693699,-2.373389271801004,1.939552455681437,4.574813944379068,0.8136050344621601,-1.9883128558585728,-0.05072,0.0,0.03642878471185539,5.58,0.86723,0.0,0.0,0.0,0.0,0.0,0.02812402233074944,35.56,1.0,4.0,30.0,-0.05072,-5.149032,4.136025999999999,1441,1.0415049268438659,-1.0889817856076338,0.21737832188718056,-1.0367273813078413,0.6981188414452287,2026.05.26 23:59:00,1.0415049268438659,0.0,2026.05.26 23:43:30,2026.05.26 23:48:10,2026.05.26 20:47:20,2026.05.26 20:50:30,,,,True,LOSS_STOP_BEFORE_1R,-1.0,False,False,False,13470,13750,2900,3090,,,
214,2026.05.27 09:30:50,US100,BUY,30138.95,30122.01,16.94000000000233,0.11999999999999988,17.06000000000233,14400,COMPLETE,25.833333333333332,5.166666666666667,3950.0,0.6018619934284306,0.654545454545476,1.1040525739319333,0.369811320754717,-0.2113207547169812,0.9014778325123152,0.0,0.7475355969331932,0.4226415094339623,0.0,1.0,1.267924528301887,0.0,1.0,0.0,87.06,38.0,49.06,12.0,68.19,0.0,1.0,1.0,1.0,0.75,0.0,0.0,1.0,1.7373081463988167,2.1044864226678226,-1.3488783943328833,-3.893152302242719,1.2987951807230804,3.5797735849061527,2.1044864226678226,-2.9132231404955964,-0.35636,0.0,0.07151230949588706,7.47,-1.02836,0.0,0.0,0.0,0.0,0.0,0.039804241435562805,25.12,1.0,4.0,30.0,-0.35636,1.3509419999999976,0.0,1443,11.197538100818976,-1.8446658851112478,11.197538100818976,-1.522274325908478,-1.8446658851112478,2026.05.27 13:30:50,11.197538100818976,11.197538100818976,2026.05.27 09:34:00,2026.05.27 09:38:20,2026.05.27 13:30:10,2026.05.27 13:30:10,2026.05.27 10:00:20,2026.05.27 10:04:50,2026.05.27 11:02:40,True,WIN_1R_BEFORE_STOP,1.0,True,True,True,190,450,14360,14360,1770,2040,5510
216,2026.05.27 10:40:40,US100,BUY,30177.95,30161.73,16.220000000001164,0.11999999999999988,16.340000000001165,14400,COMPLETE,55.666666666666664,11.133333333333333,1840.0,2.5581901239941116,0.6288590604027139,2.105177289536518,0.25998142989787143,3.9647168059425395,1.003584229390716,-1.6179029802045042,-1.541766369371351,0.3899721448468072,0.0,1.0,1.1049210770659537,0.0,1.0,0.0,75.04,53.15,21.890000000000008,12.0,64.05,-1.0,1.0,1.0,1.0,0.75,0.25,0.0,1.0,1.6448828606657266,1.7200986436495571,-3.813193588162623,-6.470406905055068,1.2349358277138327,4.216898792943778,1.7200986436495571,-2.903822441430259,-0.03544,0.0,0.07466340269277313,7.8,-1.44608,0.0,0.0,0.0,0.0,0.0,0.04372759856630824,22.87,1.0,4.0,30.0,-0.03544,-0.5691919999999981,-0.5691919999999996,1442,9.30416156670667,-20.255201958383022,9.30416156670667,-1.007955936352571,-13.66095471236146,2026.05.27 14:40:40,9.30416156670667,9.30416156670667,2026.05.27 10:46:00,2026.05.27 10:57:40,2026.05.27 13:12:50,2026.05.27 13:22:00,2026.05.27 11:00:50,2026.05.27 11:02:50,2026.05.27 12:19:20,True,WIN_1R_BEFORE_STOP,1.0,True,True,True,320,1020,9130,9680,1210,1330,5920
218,2026.05.27 11:37:30,XAUUSD.r,SELL,4440.19,4455.25,15.0600000000004,0.18000000000000002,15.2400000000004,14400,COMPLETE,32.5,6.5,150.0,1.5888540321093072,0.8797668609492203,0.9326443993356087,-0.36687268232367376,-3.0595797280590133,0.6351001939238374,1.710278649197282,1.3447130466875943,0.0,0.0,0.0,2.0004944375771316,0.0,0.6566265060242417,0.0,120.76,29.0,91.76,12.0,79.87,0.0,1.0,1.0,1.0,0.75,0.0,0.0,0.0,1.2145702901726105,0.03585657370517591,-2.6374501992031343,-2.818725099601567,1.945377375899711,5.212360939431441,0.03585657370517591,-3.34196547144751,0.11105,0.04805,0.02165354330708605,1.77,1.45316,-0.0638,1.0,0.0,0.0,0.04805,0.017721518988701307,56.43,1.0,4.0,30.0,0.11105,2.6,-1.6,1441,2.4967191601048926,-1.7125984251968103,0.9429133858266991,-1.095144356955366,0.09055118110232642,2026.05.27 15:37:30,2.4967191601048926,0.0,2026.05.27 11:56:10,2026.05.27 13:07:00,2026.05.27 12:19:10,2026.05.27 12:21:30,2026.05.27 13:20:50,,,True,LOSS_STOP_BEFORE_1R,-1.0,False,False,False,1120,5370,2500,2640,6200,,
220,2026.05.27 13:50:40,XAUUSD.r,SELL,4423.38,4436.27,12.890000000000327,0.18000000000000002,13.070000000000327,14400,COMPLETE,90.66666666666667,18.133333333333333,1240.0,4.122830071235872,0.6637568199532372,2.088526177467278,-0.770057899090369,-0.4574028122417586,0.5660102115244492,0.13942872951099144,1.3323189708831105,0.0,0.0,0.0,1.5922249793217342,3.0,0.3888888888876257,1.2737799834588617,90.21,39.0,51.209999999999994,36.0,74.87,-1.0,1.0,1.0,1.0,0.75,0.25,1.0,0.0,1.6726144297904928,1.6982156710628218,-0.1148176881302968,-4.597362296353663,1.2480807801369616,3.7315963606286684,1.6982156710628218,-3.3382467028703378,-0.14187,0.0,0.025248661055852467,1.34,-1.06718,0.0,0.0,0.0,0.0,0.0,0.015075376884422112,66.33,1.0,4.0,30.0,-0.14187,1.8424479999999988,-2.5347800000000005,1440,0.019127773527183225,-2.443764345830101,0.019127773527183225,-1.003060443764343,-2.154552410099377,2026.05.27 17:50:40,0.0,0.0,,,2026.05.27 13:51:50,2026.05.27 14:04:30,,,,True,LOSS_STOP_BEFORE_1R,-1.0,False,False,False,,,70,830,,,
222,2026.05.28 17:17:00,XAUUSD.r,BUY,4504.19,4496.06,8.1299999999992,0.18000000000000002,8.3099999999992,14400,COMPLETE,42.0,8.4,1020.0,1.2046862375436667,0.7223567393058757,1.9455965526529762,-2.4449188727585005,-3.102476515798878,1.3426934097420469,-1.214112577430585,-2.3773229194720855,0.0,0.0,0.0,0.5977796754910547,0.0,0.37142857142833013,0.9038461538474656,78.0,50.96,27.04,12.0,68.17,0.0,1.0,1.0,1.0,0.75,0.0,0.0,0.0,1.247232472324846,1.2878228782289405,0.8487084870850216,2.675276752767791,1.5327228656071892,4.859948761741796,1.2878228782289405,-3.260762607626312,-0.07905,0.0,0.0397111913357439,2.63,-0.03689,0.0,0.0,0.0,0.0,0.0,0.03151862464183381,31.73,1.0,4.0,30.0,-0.07905,-1.966156000000001,2.9920919999999995,1441,1.4464500601686987,-1.1119133574007678,1.4464500601686987,-1.0132370637786514,-1.0168471720818701,2026.05.28 21:17:00,1.4464500601686987,1.4464500601686987,2026.05.28 17:46:10,2026.05.28 18:02:30,2026.05.28 18:46:50,2026.05.28 20:02:40,,,,True,WIN_1R_BEFORE_STOP,1.0,False,False,False,1750,2730,5390,9940,,,
224,2026.05.29 14:18:10,US100,BUY,30373.6,30325.54,48.05999999999767,0.12,48.17999999999767,14400,COMPLETE,63.166666666666664,12.633333333333333,1390.0,2.4081876945175433,0.4613076098606583,4.211395738568392,-4.208903449604922,-3.750240894199257,0.8836801203309068,-1.2652621498683243,-2.9830021546564467,0.33725187897475334,0.0,1.0,0.08094045095394081,0.0,0.8928571428571429,0.0,77.62,63.0,14.620000000000005,12.0,72.1,-1.0,1.0,1.0,1.0,0.75,0.25,0.0,0.0,1.557264728672568,2.614440282979766,-0.7771535580524418,-1.0008322929671427,1.6108211635144032,2.593332048564138,2.614440282979766,-2.0516021639617836,-0.24748,0.0,0.014943960149440324,1.75,-1.5038,0.0,0.0,0.0,0.0,0.0,0.009528581016210742,104.95,1.0,4.0,30.0,-0.24748,0.49854799999999955,3.7925200000000006,1442,0.7737650477377181,-2.785803237858137,0.65960979659616,-1.0786633457866555,-1.5508509755085547,2026.05.29 18:18:10,0.0,0.0,2026.05.29 14:20:40,,2026.05.29 14:25:10,2026.05.29 14:26:10,,,,True,LOSS_STOP_BEFORE_1R,-1.0,False,False,False,150,,420,480,,,
225,2026.05.29 14:20:40,US500,BUY,7595.1,7588.2,6.900000000000546,0.12,7.020000000000546,14400,COMPLETE,50.666666666666664,10.133333333333333,1540.0,3.08,0.57,2.408,-2.3241774826441217,-2.112888620585565,0.9339622641509433,-1.736,-1.68,0.0,0.0,0.0,0.9507998792635043,0.0,0.35714285714285715,0.0,72.73,56.0,16.730000000000004,36.0,62.64,-1.0,1.0,1.0,1.0,0.75,0.25,1.0,0.0,1.2869565217390289,1.5942028985505985,-0.6884057971013948,-1.1768115942029216,1.5456000000001222,2.9157862964083106,1.5942028985505985,-2.0652173913041847,0.29215,0.13953,0.05270655270654861,4.87,-1.266,0.0,0.0,0.0,0.0,0.13953,0.04,25.0,1.0,4.0,30.0,0.29215,-1.4,0.5665779999999998,1442,1.0512820512819696,-3.222222222221972,0.0,-1.0498575498574683,-1.512820512820395,2026.05.29 18:20:40,1.0512820512819696,0.0,2026.05.29 15:15:50,2026.05.29 16:40:10,2026.05.29 14:23:50,2026.05.29 14:25:00,,,,True,LOSS_STOP_BEFORE_1R,-1.0,False,False,False,3310,8370,190,260,,,
