time_msc,bid,ask
1790186010474,0.7046000000,0.7046300000
1790186010876,0.7046100000,0.7046300000
1790186011683,0.7045900000,0.7046100000
1790186012488,0.7046000000,0.7046200000
1790186012789,0.7045900000,0.7046200000
1790186013795,0.7046100000,0.7046300000
1790186014600,0.7046000000,0.7046200000
1790186015002,0.7046100000,0.7046400000
1790186015405,0.7046800000,0.7046900000
1790186015807,0.7046700000,0.7046900000
1790186016612,0.7046400000,0.7046700000
1790186017016,0.7046300000,0.7046600000
1790186017821,0.7046600000,0.7046800000
1790186018224,0.7046700000,0.7046900000
1790186020941,0.7046600000,0.7046800000
1790186021342,0.7046700000,0.7047000000
1790186021745,0.7046700000,0.7047100000
1790186022147,0.7046900000,0.7047200000
1790186022550,0.7048000000,0.7048300000
1790186022953,0.7047800000,0.7048100000
1790186023759,0.7047700000,0.7048000000
1790186024163,0.7047700000,0.7048100000
1790186024566,0.7047500000,0.7047800000
1790186024968,0.7047700000,0.7048100000
1790186025371,0.7048100000,0.7048400000
1790186025773,0.7048400000,0.7048700000
1790186026176,0.7048300000,0.7048600000
1790186026981,0.7048500000,0.7048900000
1790186027384,0.7048900000,0.7049200000
1790186028189,0.7049500000,0.7049800000
1790186028592,0.7049600000,0.7050000000
1790186028994,0.7049400000,0.7049700000
1790186029396,0.7049500000,0.7049700000
1790186029798,0.7049400000,0.7049600000
1790186030201,0.7049400000,0.7049700000
1790186030604,0.7049400000,0.7049600000
1790186031006,0.7049300000,0.7049600000
1790186031812,0.7048600000,0.7048800000
1790186032617,0.7048500000,0.7048700000
1790186033020,0.7048600000,0.7048800000
1790186033422,0.7048600000,0.7048900000
1790186033825,0.7048800000,0.7049200000
1790186034227,0.7048700000,0.7049100000
1790186034629,0.7048700000,0.7049000000
1790186035032,0.7048300000,0.7048600000
1790186035434,0.7048500000,0.7048900000
1790186035836,0.7049000000,0.7049400000
1790186036239,0.7049100000,0.7049500000
1790186036641,0.7048800000,0.7049200000
1790186037044,0.7048900000,0.7049200000
1790186037447,0.7049100000,0.7049500000
1790186037851,0.7048800000,0.7049200000
1790186038253,0.7048700000,0.7049000000
1790186038555,0.7048700000,0.7048800000
1790186038957,0.7048500000,0.7048900000
1790186039360,0.7048700000,0.7049100000
1790186039763,0.7048900000,0.7049100000
1790186040165,0.7049100000,0.7049400000
1790186040567,0.7049000000,0.7049300000
1790186040972,0.7049200000,0.7049500000
1790186041374,0.7049100000,0.7049400000
1790186041778,0.7049400000,0.7049600000
1790186042179,0.7049700000,0.7050100000
1790186042582,0.7049600000,0.7050000000
1790186042986,0.7049500000,0.7049700000
1790186043791,0.7049700000,0.7050100000
1790186044195,0.7049600000,0.7049800000
1790186044597,0.7049500000,0.7049700000
1790186045002,0.7049600000,0.7049900000
1790186045403,0.7049700000,0.7050000000
1790186045806,0.7049700000,0.7050100000
1790186046211,0.7049300000,0.7049700000
1790186046614,0.7049200000,0.7049500000
1790186047420,0.7049000000,0.7049300000
1790186047821,0.7049100000,0.7049500000
1790186048224,0.7049200000,0.7049500000
1790186048626,0.7049000000,0.7049400000
1790186049029,0.7049300000,0.7049600000
1790186049836,0.7049500000,0.7049800000
1790186050239,0.7049300000,0.7049600000
1790186050642,0.7049000000,0.7049300000
1790186051447,0.7048800000,0.7049100000
1790186052253,0.7048800000,0.7049000000
1790186052655,0.7049000000,0.7049200000
1790186053058,0.7048800000,0.7049000000
1790186053461,0.7048400000,0.7048600000
1790186053862,0.7048100000,0.7048400000
1790186054265,0.7048100000,0.7048300000
1790186054669,0.7047800000,0.7048100000
1790186055071,0.7047900000,0.7048100000
1790186055876,0.7048000000,0.7048300000
1790186056681,0.7048200000,0.7048700000
1790186057083,0.7048400000,0.7048700000
1790186057887,0.7048500000,0.7048900000
1790186058290,0.7048600000,0.7048900000
1790186058694,0.7048500000,0.7048700000
1790186059096,0.7048500000,0.7048800000
1790186059499,0.7048400000,0.7048800000
1790186059901,0.7048300000,0.7048700000
1790186060303,0.7048100000,0.7048400000
1790186060707,0.7048000000,0.7048300000
1790186061511,0.7047600000,0.7047800000
1790186062618,0.7047500000,0.7047800000
1790186063021,0.7047600000,0.7047900000
1790186064229,0.7047600000,0.7048000000
1790186064631,0.7048000000,0.7048300000
1790186065035,0.7047900000,0.7048300000
1790186065438,0.7048000000,0.7048300000
1790186065840,0.7047900000,0.7048200000
1790186066846,0.7048000000,0.7048200000
1790186067249,0.7048100000,0.7048400000
1790186067651,0.7048400000,0.7048700000
1790186068053,0.7048600000,0.7048900000
1790186068456,0.7048500000,0.7048900000
1790186068858,0.7048600000,0.7049000000
1790186069260,0.7048600000,0.7048800000
1790186069664,0.7048400000,0.7048700000
1790186070065,0.7048500000,0.7048800000
1790186070467,0.7048600000,0.7048800000
1790186070870,0.7048600000,0.7049000000
1790186071273,0.7048600000,0.7048800000
1790186071675,0.7048300000,0.7048600000
1790186072078,0.7048400000,0.7048700000
1790186072480,0.7048300000,0.7048600000
1790186074896,0.7048100000,0.7048500000
1790186075298,0.7047900000,0.7048200000
1790186075700,0.7047800000,0.7048100000
1790186076104,0.7047800000,0.7048000000
1790186076506,0.7047700000,0.7048100000
1790186076908,0.7047800000,0.7048000000
1790186077311,0.7047700000,0.7048000000
1790186077713,0.7047700000,0.7047900000
1790186078116,0.7047700000,0.7048000000
1790186078519,0.7047600000,0.7047900000
1790186078922,0.7047300000,0.7047600000
1790186079324,0.7047400000,0.7047700000
1790186079727,0.7047300000,0.7047600000
1790186080129,0.7047900000,0.7048200000
1790186080934,0.7047800000,0.7048200000
1790186081337,0.7047800000,0.7048100000
1790186081741,0.7047800000,0.7048200000
1790186083753,0.7047900000,0.7048200000
1790186084155,0.7047800000,0.7048200000
1790186084558,0.7047800000,0.7048100000
1790186084963,0.7047800000,0.7048200000
1790186085367,0.7047800000,0.7048100000
1790186085768,0.7047900000,0.7048200000
1790186086171,0.7047900000,0.7048300000
1790186086574,0.7048000000,0.7048200000
1790186086976,0.7047900000,0.7048200000
1790186087378,0.7048000000,0.7048400000
1790186087781,0.7048200000,0.7048600000
1790186088184,0.7048200000,0.7048500000
1790186089391,0.7048100000,0.7048400000
1790186089794,0.7048200000,0.7048400000
1790186090197,0.7048300000,0.7048600000
1790186091001,0.7048300000,0.7048700000
1790186091404,0.7048500000,0.7048800000
1790186091808,0.7048700000,0.7049000000
1790186092210,0.7048700000,0.7048900000
1790186092612,0.7049000000,0.7049300000
1790186093015,0.7048900000,0.7049300000
1790186093418,0.7048900000,0.7049200000
1790186094626,0.7049100000,0.7049300000
1790186095028,0.7049000000,0.7049300000
1790186095330,0.7048800000,0.7049200000
1790186096137,0.7049500000,0.7049900000
1790186096539,0.7049500000,0.7049800000
1790186096943,0.7049400000,0.7049700000
1790186097748,0.7049500000,0.7049800000
1790186098151,0.7048900000,0.7049200000
1790186099360,0.7049000000,0.7049300000
1790186100164,0.7049100000,0.7049400000
1790186100567,0.7049300000,0.7049600000
1790186100971,0.7049200000,0.7049500000
1790186102180,0.7049300000,0.7049600000
1790186102584,0.7049400000,0.7049700000
1790186103791,0.7049200000,0.7049600000
1790186104193,0.7049300000,0.7049600000
1790186105803,0.7049300000,0.7049500000
1790186106206,0.7049100000,0.7049400000
1790186106610,0.7048900000,0.7049200000
1790186107013,0.7048800000,0.7049100000
1790186107415,0.7048700000,0.7049100000
1790186109832,0.7048800000,0.7049100000
1790186110235,0.7048600000,0.7049000000
1790186111040,0.7048700000,0.7049000000
1790186111443,0.7048800000,0.7049000000
1790186112248,0.7048900000,0.7049300000
1790186112651,0.7048800000,0.7049100000
1790186113053,0.7048700000,0.7049000000
1790186113859,0.7048800000,0.7049100000
1790186114262,0.7048700000,0.7049100000
1790186115067,0.7048900000,0.7049200000
1790186115469,0.7049100000,0.7049500000
1790186115872,0.7049200000,0.7049500000
1790186116275,0.7049000000,0.7049500000
1790186116677,0.7049000000,0.7049400000
1790186117081,0.7049100000,0.7049500000
1790186117482,0.7048800000,0.7049100000
1790186117884,0.7047700000,0.7047800000
1790186118287,0.7048100000,0.7048400000
1790186118690,0.7047700000,0.7048000000
1790186119092,0.7048100000,0.7048400000
1790186119494,0.7048000000,0.7048400000
1790186119897,0.7048100000,0.7048400000
1790186120299,0.7048100000,0.7048500000
1790186120702,0.7048300000,0.7048600000
1790186121104,0.7047700000,0.7047900000
1790186121507,0.7047700000,0.7048100000
1790186121909,0.7047700000,0.7048000000
1790186122312,0.7047700000,0.7047900000
1790186122714,0.7047600000,0.7048000000
1790186123117,0.7047900000,0.7048200000
1790186123520,0.7047700000,0.7047900000
1790186123922,0.7048300000,0.7048400000
1790186124324,0.7048300000,0.7048500000
1790186124727,0.7048400000,0.7048600000
1790186125129,0.7048500000,0.7048800000
1790186125532,0.7048700000,0.7048900000
1790186125934,0.7048500000,0.7048800000
1790186126739,0.7048400000,0.7048700000
1790186127141,0.7048300000,0.7048500000
1790186127544,0.7048500000,0.7048800000
1790186128251,0.7048400000,0.7048600000
1790186129056,0.7048400000,0.7048700000
1790186129458,0.7047800000,0.7048100000
1790186129860,0.7047700000,0.7048000000
1790186130262,0.7047400000,0.7047700000
1790186130665,0.7047300000,0.7047600000
1790186131069,0.7047500000,0.7047800000
1790186131472,0.7047500000,0.7047700000
1790186131975,0.7047500000,0.7047800000
1790186132378,0.7047700000,0.7047900000
1790186132780,0.7047800000,0.7047900000
1790186133182,0.7047800000,0.7048000000
1790186133585,0.7047800000,0.7048100000
1790186133988,0.7047800000,0.7048200000
1790186134390,0.7047800000,0.7048100000
1790186136001,0.7047800000,0.7048000000
1790186136404,0.7047900000,0.7048200000
1790186137209,0.7047900000,0.7048100000
1790186137612,0.7047700000,0.7047800000
1790186138013,0.7047700000,0.7047900000
1790186138818,0.7047500000,0.7047800000
1790186140027,0.7047500000,0.7047900000
1790186140428,0.7047600000,0.7048000000
1790186140831,0.7047400000,0.7047800000
1790186141234,0.7047300000,0.7047600000
1790186142441,0.7047100000,0.7047300000
1790186142843,0.7047000000,0.7047200000
1790186143245,0.7046900000,0.7047200000
1790186143648,0.7046900000,0.7047100000
1790186144453,0.7047100000,0.7047500000
1790186144855,0.7047500000,0.7047900000
1790186145660,0.7047500000,0.7047800000
1790186146063,0.7047300000,0.7047700000
1790186146465,0.7047300000,0.7047600000
1790186146868,0.7047300000,0.7047500000
1790186147271,0.7047300000,0.7047600000
1790186147675,0.7047400000,0.7047700000
1790186148479,0.7047500000,0.7047800000
1790186148881,0.7047400000,0.7047700000
1790186149284,0.7047500000,0.7047700000
1790186149686,0.7047400000,0.7047700000
1790186150089,0.7047400000,0.7047600000
1790186150491,0.7047300000,0.7047600000
1790186151297,0.7047300000,0.7047500000
1790186151699,0.7047500000,0.7047900000
1790186152504,0.7047500000,0.7047800000
1790186152907,0.7047800000,0.7048000000
1790186153310,0.7047500000,0.7047800000
1790186153712,0.7047500000,0.7047700000
1790186154116,0.7047400000,0.7047700000
1790186154518,0.7047200000,0.7047400000
1790186154921,0.7047300000,0.7047600000
1790186155726,0.7047200000,0.7047500000
1790186156129,0.7047100000,0.7047300000
1790186156531,0.7047000000,0.7047300000
1790186156934,0.7047000000,0.7047200000
1790186158142,0.7047000000,0.7047300000
1790186158545,0.7047000000,0.7047200000
1790186159450,0.7047000000,0.7047300000
1790186159854,0.7047200000,0.7047600000
1790186160256,0.7047200000,0.7047600000
1790186160659,0.7047200000,0.7047500000
1790186161868,0.7047300000,0.7047500000
1790186162372,0.7047300000,0.7047600000
1790186162774,0.7047300000,0.7047500000
1790186163479,0.7047300000,0.7047600000
1790186166296,0.7047800000,0.7048100000
1790186167506,0.7048200000,0.7048500000
1790186168717,0.7048200000,0.7048600000
1790186169120,0.7048300000,0.7048600000
1790186169523,0.7048400000,0.7048700000
1790186169928,0.7048400000,0.7048600000
1790186170330,0.7048300000,0.7048600000
1790186170732,0.7048300000,0.7048500000
1790186171537,0.7048300000,0.7048600000
1790186171940,0.7048300000,0.7048700000
1790186172544,0.7048300000,0.7048600000
1790186172947,0.7048100000,0.7048400000
1790186173350,0.7048000000,0.7048300000
1790186173754,0.7048100000,0.7048400000
1790186174156,0.7048000000,0.7048400000
1790186174558,0.7047800000,0.7048100000
1790186175968,0.7047800000,0.7048000000
1790186176371,0.7047800000,0.7048100000
1790186176773,0.7047200000,0.7047600000
1790186177176,0.7047200000,0.7047500000
1790186177579,0.7047300000,0.7047600000
1790186178384,0.7047200000,0.7047500000
1790186178787,0.7047000000,0.7047200000
1790186179592,0.7047000000,0.7047300000
1790186179994,0.7047000000,0.7047200000
1790186181403,0.7047300000,0.7047500000
1790186181805,0.7047700000,0.7048000000
1790186182209,0.7047600000,0.7047900000
1790186182611,0.7047500000,0.7047700000
1790186183517,0.7047300000,0.7047600000
1790186184322,0.7047600000,0.7047900000
1790186185530,0.7047700000,0.7047900000
1790186185935,0.7047600000,0.7047800000
1790186186337,0.7047400000,0.7047700000
1790186186741,0.7047300000,0.7047600000
1790186187143,0.7047400000,0.7047600000
1790186189157,0.7047300000,0.7047600000
1790186190365,0.7047400000,0.7047700000
1790186190767,0.7047400000,0.7047600000
1790186191170,0.7047300000,0.7047600000
1790186192378,0.7047500000,0.7047700000
1790186192781,0.7047300000,0.7047700000
1790186193184,0.7047400000,0.7047700000
1790186194391,0.7047600000,0.7048000000
1790186195196,0.7047800000,0.7048000000
1790186195598,0.7048100000,0.7048400000
1790186196001,0.7047800000,0.7048100000
1790186196806,0.7047900000,0.7048100000
1790186198416,0.7048200000,0.7048400000
1790186198819,0.7048300000,0.7048500000
1790186199222,0.7048200000,0.7048500000
1790186199624,0.7048300000,0.7048600000
1790186200027,0.7048400000,0.7048600000
1790186200429,0.7048300000,0.7048600000
1790186201638,0.7048400000,0.7048600000
1790186202040,0.7048500000,0.7048700000
1790186202845,0.7048300000,0.7048600000
1790186204053,0.7048200000,0.7048500000
1790186204455,0.7048200000,0.7048400000
1790186205261,0.7048200000,0.7048300000
1790186205664,0.7047800000,0.7048100000
1790186206165,0.7047600000,0.7047900000
1790186206568,0.7047300000,0.7047600000
1790186206970,0.7047400000,0.7047600000
1790186207373,0.7047300000,0.7047600000
1790186207776,0.7047200000,0.7047500000
1790186208178,0.7047200000,0.7047400000
1790186208581,0.7047200000,0.7047500000
1790186208983,0.7047200000,0.7047400000
1790186209387,0.7047200000,0.7047500000
1790186209790,0.7047200000,0.7047400000
1790186210595,0.7046800000,0.7047100000
1790186211803,0.7046800000,0.7047000000
1790186212205,0.7046700000,0.7046900000
1790186213010,0.7046700000,0.7047000000
1790186213817,0.7046500000,0.7046600000
1790186214218,0.7046400000,0.7046700000
1790186214621,0.7046300000,0.7046700000
1790186215022,0.7046100000,0.7046200000
1790186215324,0.7045900000,0.7046200000
1790186216733,0.7046000000,0.7046200000
1790186217136,0.7045900000,0.7046100000
1790186217539,0.7046000000,0.7046300000
1790186217941,0.7046000000,0.7046200000
1790186218746,0.7045800000,0.7046000000
1790186219149,0.7046100000,0.7046400000
1790186219552,0.7046100000,0.7046300000
1790186220359,0.7046200000,0.7046500000
1790186220761,0.7046100000,0.7046300000
1790186221164,0.7046200000,0.7046400000
1790186221567,0.7046100000,0.7046400000
1790186221969,0.7045900000,0.7046100000
1790186222372,0.7045700000,0.7046000000
1790186223580,0.7045600000,0.7045800000
1790186223982,0.7045500000,0.7045800000
1790186224988,0.7045300000,0.7045500000
1790186227003,0.7044700000,0.7044900000
1790186228212,0.7045200000,0.7045400000
1790186228614,0.7045500000,0.7045700000
1790186229017,0.7045300000,0.7045500000
1790186229420,0.7045200000,0.7045400000
1790186229822,0.7045600000,0.7045700000
1790186230228,0.7045300000,0.7045500000
1790186230630,0.7044900000,0.7045100000
1790186231434,0.7044800000,0.7045000000
1790186232241,0.7044700000,0.7044900000
1790186232643,0.7044800000,0.7045000000
1790186233045,0.7044900000,0.7045100000
1790186233448,0.7044800000,0.7045000000
1790186233851,0.7044900000,0.7045100000
1790186234656,0.7044800000,0.7045000000
1790186235059,0.7044700000,0.7044900000
1790186237273,0.7045100000,0.7045200000
1790186237676,0.7045000000,0.7045200000
1790186238481,0.7045000000,0.7045300000
1790186238884,0.7045200000,0.7045400000
1790186239689,0.7045300000,0.7045500000
1790186240091,0.7045300000,0.7045400000
1790186242406,0.7045600000,0.7045800000
1790186243213,0.7045500000,0.7045600000
1790186243917,0.7045400000,0.7045600000
1790186244320,0.7045300000,0.7045500000
1790186244722,0.7045400000,0.7045600000
1790186245528,0.7045600000,0.7045800000
1790186247238,0.7045500000,0.7045600000
1790186247641,0.7045500000,0.7045700000
1790186248144,0.7045400000,0.7045700000
1790186248546,0.7045600000,0.7045800000
1790186250156,0.7045700000,0.7045900000
1790186250559,0.7046200000,0.7046400000
1790186250961,0.7046300000,0.7046500000
1790186251363,0.7046700000,0.7046900000
1790186252169,0.7047000000,0.7047200000
1790186252574,0.7047100000,0.7047300000
1790186253378,0.7046800000,0.7047000000
1790186254586,0.7046600000,0.7046900000
1790186254988,0.7046400000,0.7046600000
1790186255391,0.7046500000,0.7046700000
1790186255793,0.7046600000,0.7046900000
1790186256196,0.7046500000,0.7046700000
1790186256599,0.7046300000,0.7046500000
1790186257203,0.7046300000,0.7046600000
1790186257605,0.7046500000,0.7046700000
1790186258007,0.7046400000,0.7046600000
1790186259416,0.7046700000,0.7047000000
1790186259819,0.7047000000,0.7047200000
1790186260221,0.7047100000,0.7047300000
1790186261027,0.7047000000,0.7047200000
1790186261429,0.7046800000,0.7047000000
1790186264450,0.7047200000,0.7047400000
1790186264853,0.7047400000,0.7047600000
1790186265255,0.7047300000,0.7047500000
1790186266061,0.7047600000,0.7047800000
1790186266891,0.7047800000,0.7048000000
1790186268502,0.7047700000,0.7048000000
1790186269307,0.7047600000,0.7047800000
1790186270112,0.7047500000,0.7047700000
1790186270515,0.7047300000,0.7047500000
1790186274139,0.7047400000,0.7047600000
1790186276151,0.7047300000,0.7047600000
1790186276554,0.7047400000,0.7047600000
1790186276957,0.7047300000,0.7047600000
1790186277763,0.7047400000,0.7047600000
1790186279877,0.7047400000,0.7047700000
1790186280280,0.7047400000,0.7047600000
1790186280682,0.7047300000,0.7047500000
1790186281488,0.7047100000,0.7047200000
1790186281892,0.7046800000,0.7047000000
1790186284508,0.7046900000,0.7047100000
1790186285314,0.7046600000,0.7046800000
1790186286121,0.7046400000,0.7046600000
1790186286522,0.7046300000,0.7046500000
1790186287732,0.7046100000,0.7046400000
1790186288135,0.7046300000,0.7046500000
1790186293271,0.7046400000,0.7046500000
1790186293673,0.7046300000,0.7046500000
1790186298001,0.7046300000,0.7046700000
1790186298404,0.7046300000,0.7046600000
1790186303237,0.7046400000,0.7046600000
1790186303639,0.7046400000,0.7046700000
1790186312093,0.7046400000,0.7046600000
1790186312497,0.7046300000,0.7046500000
1790186314107,0.7046200000,0.7046500000
1790186314509,0.7045900000,0.7046200000
1790186314914,0.7046000000,0.7046200000
1790186315316,0.7045900000,0.7046200000
1790186316624,0.7046000000,0.7046200000
1790186318939,0.7045900000,0.7046200000
1790186320448,0.7045900000,0.7046100000
1790186320850,0.7046000000,0.7046200000
1790186321656,0.7046100000,0.7046400000
1790186322461,0.7046200000,0.7046600000
1790186323771,0.7046300000,0.7046500000
1790186324172,0.7046200000,0.7046500000
1790186324575,0.7046300000,0.7046600000
1790186325381,0.7046200000,0.7046400000
1790186327696,0.7046300000,0.7046600000
1790186328098,0.7046200000,0.7046500000
1790186328903,0.7046100000,0.7046400000
1790186329306,0.7046200000,0.7046400000
1790186332325,0.7046300000,0.7046600000
1790186333533,0.7046300000,0.7046700000
1790186334540,0.7046400000,0.7046700000
1790186335344,0.7046300000,0.7046500000
1790186335747,0.7046200000,0.7046500000
1790186336150,0.7046300000,0.7046600000
1790186336954,0.7046300000,0.7046500000
1790186338565,0.7046300000,0.7046400000
1790186338968,0.7046300000,0.7046500000
1790186339572,0.7046400000,0.7046500000
1790186340176,0.7046300000,0.7046500000
1790186340478,0.7046400000,0.7046500000
1790186340880,0.7046500000,0.7046600000
1790186341284,0.7046700000,0.7046900000
1790186341685,0.7046300000,0.7046500000
1790186342087,0.7046400000,0.7046500000
1790186342592,0.7046300000,0.7046500000
1790186342993,0.7046400000,0.7046500000
1790186345107,0.7046300000,0.7046500000
1790186345509,0.7046400000,0.7046500000
1790186347022,0.7046300000,0.7046500000
1790186349135,0.7046200000,0.7046400000
1790186349538,0.7046300000,0.7046400000
1790186351451,0.7046200000,0.7046400000
1790186352255,0.7046300000,0.7046400000
1790186356482,0.7046400000,0.7046500000
1790186357689,0.7046300000,0.7046500000
1790186358092,0.7046400000,0.7046600000
1790186361715,0.7046500000,0.7046700000
1790186362118,0.7046600000,0.7046800000
1790186362922,0.7046700000,0.7046900000
1790186363325,0.7046600000,0.7046900000
1790186364533,0.7046500000,0.7046700000
1790186365740,0.7046300000,0.7046500000
1790186369465,0.7046400000,0.7046500000
1790186370270,0.7046500000,0.7046600000
1790186370673,0.7046500000,0.7046700000
1790186371076,0.7046400000,0.7046600000
1790186372485,0.7046300000,0.7046500000
1790186372886,0.7046600000,0.7046800000
1790186373289,0.7046700000,0.7046900000
1790186375704,0.7046800000,0.7046900000
1790186376610,0.7046700000,0.7046900000
1790186377818,0.7046900000,0.7047000000
1790186378221,0.7046900000,0.7047100000
1790186378623,0.7046900000,0.7047200000
1790186379428,0.7047000000,0.7047300000
1790186380736,0.7047200000,0.7047400000
1790186381541,0.7047300000,0.7047600000
1790186381945,0.7047200000,0.7047400000
1790186383054,0.7047300000,0.7047500000
1790186384765,0.7047300000,0.7047400000
1790186385167,0.7047100000,0.7047400000
1790186385872,0.7047200000,0.7047400000
1790186386376,0.7047100000,0.7047400000
1790186387583,0.7047200000,0.7047400000
1790186388792,0.7047300000,0.7047400000
1790186389194,0.7047200000,0.7047400000
1790186390404,0.7047300000,0.7047400000
1790186390807,0.7047200000,0.7047400000
1790186391209,0.7047100000,0.7047400000
1790186391612,0.7046900000,0.7047100000
1790186392015,0.7046700000,0.7046900000
1790186392418,0.7046900000,0.7047100000
1790186392820,0.7046900000,0.7047200000
1790186393525,0.7047000000,0.7047200000
1790186393928,0.7047100000,0.7047400000
1790186394331,0.7047200000,0.7047400000
1790186395739,0.7047100000,0.7047400000
1790186397550,0.7047200000,0.7047400000
1790186397953,0.7047200000,0.7047300000
1790186398759,0.7047200000,0.7047400000
1790186400067,0.7047200000,0.7047400000
1790186401880,0.7046600000,0.7046800000
1790186402686,0.7046700000,0.7046800000
1790186403088,0.7046600000,0.7046800000
1790186403491,0.7046700000,0.7046800000
1790186403895,0.7046600000,0.7046800000
1790186404298,0.7046700000,0.7046800000
1790186404700,0.7046800000,0.7047000000
1790186407923,0.7046800000,0.7046900000
1790186408730,0.7046800000,0.7047000000
1790186409534,0.7046500000,0.7046700000
1790186410742,0.7046300000,0.7046500000
1790186412553,0.7046200000,0.7046400000
1790186413660,0.7046300000,0.7046500000
1790186419296,0.7046400000,0.7046500000
1790186420502,0.7046600000,0.7046800000
1790186420904,0.7046500000,0.7046700000
1790186421307,0.7046600000,0.7046800000
1790186422919,0.7046700000,0.7046800000
1790186423321,0.7046800000,0.7046900000
1790186424530,0.7046700000,0.7046900000
1790186425335,0.7047200000,0.7047300000
1790186425637,0.7047200000,0.7047400000
1790186426040,0.7047300000,0.7047400000
1790186426442,0.7047200000,0.7047400000
1790186426844,0.7047300000,0.7047500000
1790186427247,0.7047100000,0.7047300000
1790186427650,0.7046900000,0.7047100000
1790186429260,0.7046800000,0.7046900000
1790186430568,0.7046800000,0.7047000000
1790186431776,0.7046900000,0.7047100000
1790186432178,0.7047000000,0.7047200000
1790186432983,0.7046600000,0.7046700000
1790186433790,0.7046700000,0.7046900000
1790186434594,0.7046300000,0.7046500000
1790186436203,0.7046300000,0.7046600000
1790186437109,0.7046300000,0.7046500000
1790186440531,0.7046300000,0.7046400000
1790186440933,0.7046100000,0.7046300000
1790186443348,0.7046200000,0.7046400000
1790186443750,0.7046300000,0.7046500000
1790186444152,0.7046300000,0.7046400000
1790186444555,0.7046200000,0.7046400000
1790186446567,0.7046300000,0.7046500000
1790186447473,0.7046400000,0.7046600000
1790186447876,0.7046300000,0.7046500000
1790186448278,0.7046300000,0.7046600000
1790186449788,0.7046400000,0.7046600000
1790186451096,0.7046400000,0.7046700000
1790186452205,0.7046600000,0.7046700000
1790186452607,0.7046900000,0.7047100000
1790186453010,0.7046900000,0.7047000000
1790186453412,0.7046700000,0.7046900000
1790186453814,0.7046800000,0.7047000000
1790186454217,0.7046900000,0.7047100000
1790186454619,0.7046800000,0.7047000000
1790186457437,0.7046900000,0.7047100000
1790186458242,0.7047100000,0.7047300000
1790186458645,0.7047200000,0.7047500000
1790186459852,0.7047400000,0.7047500000
1790186460254,0.7047500000,0.7047700000
1790186460657,0.7047400000,0.7047600000
1790186461061,0.7047200000,0.7047500000
1790186462268,0.7047100000,0.7047400000
1790186462671,0.7047000000,0.7047300000
1790186463074,0.7047100000,0.7047300000
1790186463476,0.7047200000,0.7047300000
1790186463878,0.7047300000,0.7047400000
1790186464281,0.7047400000,0.7047500000
1790186464683,0.7047300000,0.7047500000
1790186465086,0.7047200000,0.7047400000
1790186466195,0.7047300000,0.7047500000
1790186467002,0.7047300000,0.7047400000
1790186467806,0.7047300000,0.7047500000
1790186468208,0.7047200000,0.7047400000
1790186469013,0.7046800000,0.7047000000
1790186469416,0.7046900000,0.7047100000
1790186470220,0.7046800000,0.7047000000
1790186471629,0.7047300000,0.7047500000
1790186477368,0.7047400000,0.7047600000
1790186479479,0.7047500000,0.7047600000
1790186480185,0.7047400000,0.7047600000
1790186480587,0.7047400000,0.7047500000
1790186480991,0.7047400000,0.7047600000
1790186484616,0.7047300000,0.7047500000
1790186487332,0.7046800000,0.7047000000
1790186491961,0.7046900000,0.7047000000
1790186492364,0.7046900000,0.7047100000
1790186494478,0.7046800000,0.7047100000
1790186495687,0.7046800000,0.7047000000
1790186497497,0.7047300000,0.7047400000
1790186497899,0.7047300000,0.7047500000
1790186499510,0.7047400000,0.7047500000
1790186499914,0.7047400000,0.7047600000
1790186501926,0.7047300000,0.7047500000
1790186503135,0.7047200000,0.7047300000
1790186503537,0.7047000000,0.7047200000
1790186503940,0.7046900000,0.7047100000
1790186504343,0.7046800000,0.7047000000
1790186504745,0.7046800000,0.7046900000
1790186505148,0.7046700000,0.7046900000
1790186505551,0.7046500000,0.7046800000
1790186506356,0.7046600000,0.7046800000
1790186506758,0.7046500000,0.7046800000
1790186507161,0.7046300000,0.7046600000
1790186509075,0.7046100000,0.7046400000
1790186509476,0.7046100000,0.7046500000
1790186509879,0.7046100000,0.7046400000
1790186510281,0.7046200000,0.7046400000
1790186510684,0.7046100000,0.7046400000
1790186511893,0.7046000000,0.7046300000
1790186512296,0.7046100000,0.7046300000
1790186513504,0.7046000000,0.7046300000
1790186513906,0.7046100000,0.7046300000
1790186514309,0.7046200000,0.7046300000
1790186515114,0.7046100000,0.7046400000
1790186515516,0.7045800000,0.7046000000
1790186517126,0.7045900000,0.7046000000
1790186518233,0.7045900000,0.7046100000
1790186518636,0.7045800000,0.7046000000
1790186519039,0.7045900000,0.7046100000
1790186520247,0.7045900000,0.7046100000
1790186520549,0.7046200000,0.7046400000
1790186520951,0.7046100000,0.7046400000
1790186521355,0.7046000000,0.7046300000
1790186521858,0.7046200000,0.7046400000
1790186523066,0.7046600000,0.7046800000
1790186523870,0.7046500000,0.7046800000
1790186524273,0.7046300000,0.7046500000
1790186524977,0.7046200000,0.7046500000
1790186526186,0.7046100000,0.7046400000
1790186526589,0.7046000000,0.7046300000
1790186526991,0.7046100000,0.7046300000
1790186527395,0.7046000000,0.7046300000
1790186527798,0.7045900000,0.7046200000
1790186528201,0.7046000000,0.7046300000
1790186530116,0.7046200000,0.7046400000
1790186530518,0.7046100000,0.7046200000
1790186530921,0.7045700000,0.7045900000
1790186531324,0.7045800000,0.7045900000
1790186531727,0.7046000000,0.7046100000
1790186532531,0.7045800000,0.7046000000
1790186533942,0.7045700000,0.7046000000
1790186534345,0.7045800000,0.7046000000
1790186536056,0.7045900000,0.7046000000
1790186536860,0.7045800000,0.7046000000
1790186537263,0.7045900000,0.7046000000
1790186537665,0.7045800000,0.7046000000
1790186538068,0.7045800000,0.7046100000
1790186538472,0.7045800000,0.7046000000
1790186541490,0.7045800000,0.7046100000
1790186541893,0.7045800000,0.7046000000
1790186542295,0.7045600000,0.7045800000
1790186543100,0.7046000000,0.7046200000
1790186543503,0.7046100000,0.7046400000
1790186543905,0.7046300000,0.7046500000
1790186544308,0.7046500000,0.7046700000
1790186544710,0.7046600000,0.7046800000
1790186545113,0.7046800000,0.7047000000
1790186545918,0.7047000000,0.7047200000
1790186546321,0.7046900000,0.7047100000
1790186547529,0.7046900000,0.7047200000
1790186547931,0.7047200000,0.7047400000
1790186548334,0.7047300000,0.7047400000
1790186548736,0.7047000000,0.7047200000
1790186549139,0.7047000000,0.7047300000
1790186549944,0.7047100000,0.7047400000
1790186550346,0.7047300000,0.7047500000
1790186551152,0.7047300000,0.7047600000
1790186551554,0.7047300000,0.7047500000
1790186551956,0.7047200000,0.7047400000
1790186552359,0.7047000000,0.7047300000
1790186552761,0.7046900000,0.7047200000
1790186553163,0.7046900000,0.7047100000
1790186553967,0.7046900000,0.7047200000
1790186555176,0.7046400000,0.7046700000
1790186556384,0.7046700000,0.7046900000
1790186556787,0.7046800000,0.7047100000
1790186557994,0.7046800000,0.7047000000
1790186560913,0.7046700000,0.7046900000
1790186561315,0.7046800000,0.7047100000
1790186561717,0.7046900000,0.7047100000
1790186562120,0.7046900000,0.7047000000
1790186562522,0.7046700000,0.7046900000
1790186563128,0.7046700000,0.7047000000
1790186563529,0.7046700000,0.7047100000
1790186563932,0.7046700000,0.7046900000
1790186566952,0.7046300000,0.7046500000
1790186571179,0.7046200000,0.7046400000
1790186572388,0.7046300000,0.7046500000
1790186573999,0.7046400000,0.7046500000
1790186575610,0.7046400000,0.7046600000
1790186576013,0.7046600000,0.7046700000
1790186576416,0.7046300000,0.7046500000
1790186578027,0.7045900000,0.7046100000
1790186578831,0.7046000000,0.7046200000
1790186579233,0.7045900000,0.7046100000
1790186579636,0.7045700000,0.7045900000
1790186580040,0.7045700000,0.7045900000
1790186580444,0.7045600000,0.7045800000
1790186582456,0.7045300000,0.7045500000
1790186584066,0.7045400000,0.7045600000
1790186585878,0.7045300000,0.7045500000
1790186587593,0.7044900000,0.7045100000
1790186587996,0.7044500000,0.7044600000
1790186588399,0.7044400000,0.7044600000
1790186588802,0.7044500000,0.7044700000
1790186591118,0.7044400000,0.7044600000
1790186591923,0.7044500000,0.7044600000
1790186592326,0.7044400000,0.7044600000
1790186593837,0.7044300000,0.7044500000
1790186598871,0.7044400000,0.7044600000
1790186600482,0.7044300000,0.7044500000
1790186600884,0.7044400000,0.7044500000
1790186601287,0.7044300000,0.7044500000
1790186602494,0.7044400000,0.7044500000
1790186602898,0.7044400000,0.7044600000
1790186607024,0.7044300000,0.7044500000
1790186607427,0.7044200000,0.7044400000
1790186608232,0.7044400000,0.7044500000
1790186609138,0.7044300000,0.7044500000
1790186610748,0.7044400000,0.7044700000
1790186612459,0.7044200000,0.7044300000
1790186613566,0.7044200000,0.7044400000
1790186613969,0.7043900000,0.7044200000
1790186614774,0.7044000000,0.7044300000
1790186615177,0.7044300000,0.7044500000
1790186615579,0.7044400000,0.7044700000
1790186616183,0.7044400000,0.7044600000
1790186617190,0.7044300000,0.7044600000
1790186617593,0.7044200000,0.7044400000
1790186617995,0.7044000000,0.7044200000
1790186618398,0.7043900000,0.7044100000
1790186620612,0.7043700000,0.7043800000
1790186621418,0.7043500000,0.7043900000
1790186621819,0.7043500000,0.7043800000
1790186622222,0.7043700000,0.7043900000
1790186622624,0.7043800000,0.7044000000
1790186623831,0.7043900000,0.7044100000
1790186626751,0.7043900000,0.7044000000
1790186627155,0.7043800000,0.7044000000
1790186627960,0.7043700000,0.7043900000
1790186628363,0.7043400000,0.7043600000
1790186629167,0.7043600000,0.7043800000
1790186630375,0.7043400000,0.7043600000
1790186632791,0.7043500000,0.7043700000
1790186633193,0.7043700000,0.7043900000
1790186633596,0.7043300000,0.7043500000
1790186634805,0.7043100000,0.7043300000
1790186636215,0.7043200000,0.7043300000
1790186636617,0.7043200000,0.7043400000
1790186640141,0.7043200000,0.7043400000
1790186641449,0.7043100000,0.7043400000
1790186641852,0.7043600000,0.7043800000
1790186642959,0.7043700000,0.7043900000
1790186643764,0.7043800000,0.7044000000
1790186644569,0.7043700000,0.7043800000
1790186644973,0.7043600000,0.7043800000
1790186646583,0.7043700000,0.7043900000
1790186647389,0.7043700000,0.7043800000
1790186647793,0.7043300000,0.7043600000
1790186648195,0.7043300000,0.7043500000
1790186648699,0.7043200000,0.7043500000
1790186649102,0.7043200000,0.7043400000
1790186649907,0.7042900000,0.7043100000
1790186650309,0.7042900000,0.7043200000
1790186651115,0.7042900000,0.7043100000
1790186651517,0.7042800000,0.7043100000
1790186652827,0.7042900000,0.7043100000
1790186653228,0.7042800000,0.7043100000
1790186654536,0.7042900000,0.7043100000
1790186654939,0.7043200000,0.7043400000
1790186655341,0.7042900000,0.7043200000
1790186656550,0.7043000000,0.7043200000
1790186656952,0.7043000000,0.7043300000
1790186657354,0.7042900000,0.7043200000
1790186657757,0.7043000000,0.7043200000
1790186658160,0.7042900000,0.7043100000
1790186658966,0.7042900000,0.7043200000
1790186659369,0.7043200000,0.7043400000
1790186660172,0.7043200000,0.7043300000
1790186660576,0.7043200000,0.7043400000
1790186660980,0.7043100000,0.7043300000
1790186661786,0.7042800000,0.7043100000
1790186662592,0.7042700000,0.7043000000
1790186662994,0.7042600000,0.7042800000
1790186663397,0.7042500000,0.7042700000
1790186663799,0.7042400000,0.7042600000
1790186664201,0.7042500000,0.7042600000
1790186664604,0.7042400000,0.7042600000
1790186665007,0.7042500000,0.7042700000
1790186665409,0.7042500000,0.7042800000
1790186665813,0.7042500000,0.7042700000
1790186666617,0.7042300000,0.7042400000
1790186667826,0.7042200000,0.7042400000
1790186668228,0.7042300000,0.7042400000
1790186668631,0.7042200000,0.7042400000
1790186670546,0.7042400000,0.7042500000
1790186670947,0.7042400000,0.7042600000
1790186672658,0.7042500000,0.7042800000
1790186673865,0.7042600000,0.7042800000
1790186674267,0.7042700000,0.7042900000
1790186675879,0.7042900000,0.7043000000
1790186676482,0.7042800000,0.7043000000
1790186677287,0.7042900000,0.7043000000
1790186677690,0.7042800000,0.7043000000
1790186678495,0.7043000000,0.7043200000
1790186678898,0.7042900000,0.7043100000
1790186681414,0.7042900000,0.7043000000
1790186682219,0.7042800000,0.7043000000
1790186683026,0.7042500000,0.7042800000
1790186683429,0.7042300000,0.7042600000
1790186683833,0.7042400000,0.7042600000
1790186684236,0.7042200000,0.7042500000
1790186684638,0.7041800000,0.7042000000
1790186685444,0.7041900000,0.7042000000
1790186686048,0.7041800000,0.7042000000
1790186687658,0.7042100000,0.7042300000
1790186688060,0.7042300000,0.7042400000
1790186688463,0.7042400000,0.7042600000
1790186689268,0.7042300000,0.7042500000
1790186689670,0.7042200000,0.7042400000
1790186690576,0.7042300000,0.7042400000
1790186692388,0.7042200000,0.7042400000
1790186692791,0.7042200000,0.7042500000
1790186694099,0.7042200000,0.7042400000
1790186696113,0.7042000000,0.7042400000
1790186696516,0.7042100000,0.7042300000
1790186696918,0.7042100000,0.7042400000
1790186697724,0.7042200000,0.7042400000
1790186698128,0.7042000000,0.7042300000
1790186698529,0.7042100000,0.7042300000
1790186700039,0.7042000000,0.7042300000
1790186700442,0.7042100000,0.7042300000
1790186700844,0.7042400000,0.7042600000
1790186701649,0.7042300000,0.7042400000
1790186702052,0.7042200000,0.7042400000
1790186706582,0.7042000000,0.7042300000
1790186707892,0.7042100000,0.7042300000
1790186708697,0.7042000000,0.7042300000
1790186710308,0.7042100000,0.7042400000
1790186712722,0.7042100000,0.7042300000
1790186713126,0.7042300000,0.7042400000
1790186713528,0.7042200000,0.7042400000
1790186713933,0.7042300000,0.7042400000
1790186715142,0.7042200000,0.7042400000
1790186715544,0.7042300000,0.7042500000
1790186718260,0.7042200000,0.7042500000
1790186719066,0.7042200000,0.7042400000
1790186722790,0.7042100000,0.7042400000
1790186723193,0.7042000000,0.7042300000
1790186723596,0.7042300000,0.7042500000
1790186724300,0.7042600000,0.7042800000
1790186727121,0.7042500000,0.7042700000
1790186727523,0.7042300000,0.7042600000
1790186728329,0.7042400000,0.7042600000
1790186728732,0.7042700000,0.7042900000
1790186729938,0.7042400000,0.7042700000
1790186730846,0.7042300000,0.7042600000
1790186731149,0.7042600000,0.7042800000
1790186731551,0.7043000000,0.7043100000
1790186731953,0.7042900000,0.7043100000
1790186732357,0.7043000000,0.7043100000
1790186732758,0.7042900000,0.7043100000
1790186735777,0.7042800000,0.7043000000
1790186736581,0.7042900000,0.7043100000
1790186737386,0.7043000000,0.7043100000
1790186737890,0.7042900000,0.7043100000
1790186739903,0.7042800000,0.7043100000
1790186740305,0.7042800000,0.7043000000
1790186740708,0.7042900000,0.7043000000
1790186741414,0.7042800000,0.7043000000
1790186743426,0.7042600000,0.7042800000
1790186744533,0.7042400000,0.7042600000
1790186749063,0.7042700000,0.7042800000
1790186749465,0.7042400000,0.7042600000
1790186750271,0.7042500000,0.7042600000
1790186750673,0.7042600000,0.7042700000
1790186751076,0.7042800000,0.7043000000
1790186757720,0.7042900000,0.7043100000
1790186758527,0.7042800000,0.7043100000
1790186758930,0.7042600000,0.7042800000
1790186759332,0.7041900000,0.7042200000
1790186759735,0.7042100000,0.7042300000
1790186760139,0.7042100000,0.7042300000
1790186760542,0.7042100000,0.7042400000
1790186760944,0.7042400000,0.7042500000
1790186761348,0.7042300000,0.7042500000
1790186762656,0.7042300000,0.7042600000
1790186763058,0.7042300000,0.7042500000
1790186763461,0.7042300000,0.7042600000
1790186763863,0.7042200000,0.7042400000
1790186764668,0.7042300000,0.7042400000
1790186765071,0.7042300000,0.7042500000
1790186768195,0.7041800000,0.7042000000
1790186768899,0.7041700000,0.7041900000
1790186769302,0.7041600000,0.7041800000
1790186770610,0.7041800000,0.7041900000
1790186770912,0.7041700000,0.7041900000
1790186771316,0.7041800000,0.7041900000
1790186771719,0.7041700000,0.7041900000
1790186772926,0.7041600000,0.7041900000
1790186773329,0.7041300000,0.7041500000
1790186773731,0.7041200000,0.7041400000
1790186774133,0.7041100000,0.7041300000
1790186776248,0.7041000000,0.7041300000
1790186777254,0.7041200000,0.7041400000
1790186777657,0.7041300000,0.7041500000
1790186778060,0.7041200000,0.7041500000
1790186779672,0.7041100000,0.7041400000
1790186780075,0.7041000000,0.7041200000
1790186780880,0.7041100000,0.7041300000
1790186781685,0.7041200000,0.7041300000
1790186782490,0.7041200000,0.7041400000
1790186783295,0.7041100000,0.7041300000
1790186784603,0.7041200000,0.7041400000
1790186789237,0.7041300000,0.7041400000
1790186790446,0.7041300000,0.7041500000
1790186792258,0.7041200000,0.7041400000
1790186794169,0.7041700000,0.7041900000
1790186795376,0.7041600000,0.7041800000
1790186795779,0.7041500000,0.7041700000
1790186796584,0.7041700000,0.7041900000
1790186796987,0.7041800000,0.7041900000
1790186798094,0.7041700000,0.7041900000
1790186798496,0.7041800000,0.7042000000
1790186801417,0.7041900000,0.7042100000
1790186802220,0.7041700000,0.7042000000
1790186802623,0.7042100000,0.7042300000
1790186803025,0.7042300000,0.7042400000
1790186803428,0.7042200000,0.7042400000
1790186805038,0.7042300000,0.7042400000
1790186805441,0.7042200000,0.7042400000
1790186807554,0.7041800000,0.7042000000
1790186807956,0.7041700000,0.7042000000
1790186809164,0.7041800000,0.7042000000
1790186809567,0.7041700000,0.7042000000
1790186811479,0.7041800000,0.7042000000
1790186811883,0.7042000000,0.7042200000
1790186812286,0.7041900000,0.7042200000
1790186812890,0.7042000000,0.7042200000
1790186813293,0.7041900000,0.7042200000
1790186814099,0.7042000000,0.7042200000
1790186814501,0.7042000000,0.7042300000
1790186815007,0.7042100000,0.7042300000
1790186815408,0.7042000000,0.7042300000
1790186816617,0.7041900000,0.7042200000
1790186817019,0.7041900000,0.7042100000
1790186817420,0.7041800000,0.7042100000
1790186818125,0.7041900000,0.7042100000
1790186818528,0.7042000000,0.7042300000
1790186818930,0.7041800000,0.7042000000
1790186819332,0.7041700000,0.7042000000
1790186820439,0.7041700000,0.7042000000
1790186822051,0.7041600000,0.7041900000
1790186822454,0.7041700000,0.7041900000
1790186822858,0.7041900000,0.7042100000
1790186823260,0.7042000000,0.7042200000
1790186823663,0.7042500000,0.7042700000
1790186824065,0.7042500000,0.7042800000
1790186824467,0.7042800000,0.7042900000
1790186825674,0.7042700000,0.7043000000
1790186826077,0.7042700000,0.7042900000
1790186826480,0.7042900000,0.7043100000
1790186826882,0.7042900000,0.7043000000
1790186827285,0.7042800000,0.7042900000
1790186828595,0.7042800000,0.7043000000
1790186830708,0.7043100000,0.7043200000
1790186831914,0.7043000000,0.7043200000
1790186832318,0.7043100000,0.7043200000
1790186832719,0.7043000000,0.7043200000
1790186834330,0.7043100000,0.7043200000
1790186834734,0.7043200000,0.7043300000
1790186835137,0.7043000000,0.7043200000
1790186835539,0.7043000000,0.7043300000
1790186837754,0.7042900000,0.7043300000
1790186838157,0.7043000000,0.7043300000
1790186839163,0.7043100000,0.7043300000
1790186839567,0.7043000000,0.7043200000
1790186839969,0.7043000000,0.7043300000
1790186842183,0.7042900000,0.7043300000
1790186842988,0.7043000000,0.7043300000
1790186844196,0.7043200000,0.7043400000
1790186846309,0.7043100000,0.7043400000
1790186847919,0.7043200000,0.7043400000
1790186848322,0.7043300000,0.7043500000
1790186849932,0.7043400000,0.7043500000
1790186850335,0.7043500000,0.7043800000
1790186851543,0.7043600000,0.7043800000
1790186851945,0.7043500000,0.7043800000
1790186852348,0.7043700000,0.7043900000
1790186854865,0.7043600000,0.7043900000
1790186855268,0.7043700000,0.7043900000
1790186856073,0.7043800000,0.7044100000
1790186856878,0.7043800000,0.7044000000
1790186857280,0.7043800000,0.7044100000
1790186857683,0.7043700000,0.7044100000
1790186858085,0.7043600000,0.7044000000
1790186858488,0.7043500000,0.7043900000
1790186858890,0.7043600000,0.7043900000
1790186859294,0.7043500000,0.7043900000
1790186859696,0.7043600000,0.7043900000
1790186861306,0.7043500000,0.7043700000
1790186862213,0.7043300000,0.7043500000
1790186864930,0.7043300000,0.7043400000
1790186865634,0.7043200000,0.7043400000
1790186867371,0.7043500000,0.7043600000
1790186868580,0.7043400000,0.7043600000
1790186868982,0.7043300000,0.7043600000
1790186870089,0.7043300000,0.7043500000
1790186870492,0.7043300000,0.7043600000
1790186870895,0.7043500000,0.7043700000
1790186872002,0.7043600000,0.7043800000
1790186874216,0.7043800000,0.7044000000
1790186874618,0.7043800000,0.7043900000
1790186878040,0.7043800000,0.7044000000
1790186878443,0.7043800000,0.7043900000
1790186878846,0.7043800000,0.7044000000
1790186879651,0.7043800000,0.7043900000
1790186880053,0.7043800000,0.7043900000
1790186880456,0.7043600000,0.7043800000
1790186880859,0.7043600000,0.7043900000
1790186881262,0.7043800000,0.7044000000
1790186884485,0.7043900000,0.7044200000
1790186884888,0.7043800000,0.7044000000
1790186885693,0.7043800000,0.7044100000
1790186886498,0.7043800000,0.7044000000
1790186886901,0.7043800000,0.7043900000
1790186888009,0.7043800000,0.7044000000
1790186888815,0.7043800000,0.7044100000
1790186889218,0.7043800000,0.7044000000
1790186890426,0.7043800000,0.7044100000
1790186892036,0.7044100000,0.7044400000
1790186892439,0.7044400000,0.7044600000
1790186894855,0.7044400000,0.7044500000
1790186896266,0.7044400000,0.7044600000
1790186897474,0.7044300000,0.7044500000
1790186899485,0.7044300000,0.7044600000
1790186902706,0.7044600000,0.7045000000
1790186903110,0.7044600000,0.7044900000
1790186904318,0.7044800000,0.7045000000
1790186905527,0.7044800000,0.7045100000
1790186905930,0.7045100000,0.7045300000
1790186906734,0.7045200000,0.7045400000
1790186907137,0.7045300000,0.7045500000
1790186910459,0.7045400000,0.7045500000
1790186911766,0.7045300000,0.7045500000
1790186913679,0.7045300000,0.7045600000
1790186916094,0.7045700000,0.7045900000
1790186916800,0.7045800000,0.7045900000
1790186917202,0.7045700000,0.7045900000
1790186919416,0.7045800000,0.7045900000
1790186919818,0.7045900000,0.7046100000
1790186922132,0.7045400000,0.7045600000
1790186923341,0.7045300000,0.7045500000
1790186934109,0.7045400000,0.7045500000
1790186934512,0.7045400000,0.7045700000
1790186934914,0.7045600000,0.7045800000
1790186938737,0.7045700000,0.7045900000
1790186939844,0.7045800000,0.7046000000
1790186940247,0.7045800000,0.7046000000
1790186940651,0.7045800000,0.7046100000
1790186941857,0.7045500000,0.7045900000
1790186943870,0.7045500000,0.7045800000
1790186944271,0.7045400000,0.7045600000
1790186945177,0.7045500000,0.7045800000
1790186945580,0.7045600000,0.7045800000
1790186947693,0.7045900000,0.7046100000
1790186948095,0.7045800000,0.7046100000
1790186948802,0.7045800000,0.7046200000
1790186949206,0.7046100000,0.7046300000
1790186950418,0.7046300000,0.7046500000
1790186953234,0.7046100000,0.7046400000
1790186953939,0.7045900000,0.7046200000
1790186954341,0.7046000000,0.7046200000
1790186956252,0.7046000000,0.7046300000
1790186956655,0.7046100000,0.7046400000
1790186957460,0.7046100000,0.7046300000
1790186957862,0.7045900000,0.7046200000
1790186958265,0.7045900000,0.7046100000
1790186958667,0.7045900000,0.7046200000
1790186959070,0.7045800000,0.7046200000
1790186959472,0.7045900000,0.7046200000
1790186959875,0.7046000000,0.7046200000
1790186960277,0.7046000000,0.7046300000
1790186960680,0.7045900000,0.7046200000
1790186961686,0.7045800000,0.7046200000
1790186962088,0.7046100000,0.7046300000
1790186962491,0.7046100000,0.7046400000
1790186963698,0.7046200000,0.7046400000
1790186964102,0.7046200000,0.7046500000
1790186964504,0.7046200000,0.7046400000
1790186964906,0.7046300000,0.7046500000
1790186968226,0.7046400000,0.7046600000
1790186969836,0.7046300000,0.7046600000
1790186970239,0.7046300000,0.7046500000
1790186971044,0.7046400000,0.7046500000
1790186971848,0.7046300000,0.7046500000
1790186975173,0.7046400000,0.7046500000
1790186976882,0.7046300000,0.7046500000
1790186984331,0.7046100000,0.7046300000
1790186985639,0.7046000000,0.7046200000
1790186989969,0.7046000000,0.7046100000
1790186990373,0.7046000000,0.7046200000
1790186991178,0.7046100000,0.7046300000
1790186996311,0.7046100000,0.7046400000
1790186996715,0.7046300000,0.7046500000
1790186997117,0.7046400000,0.7046500000
1790186997620,0.7046300000,0.7046500000
1790186998022,0.7046100000,0.7046300000
1790186999331,0.7046000000,0.7046200000
1790186999834,0.7046100000,0.7046200000
1790187000639,0.7046200000,0.7046400000
1790187001041,0.7046300000,0.7046400000
1790187001444,0.7046300000,0.7046500000
1790187001846,0.7046200000,0.7046400000
1790187002249,0.7045700000,0.7045900000
1790187007080,0.7045500000,0.7045700000
1790187007483,0.7045400000,0.7045600000
1790187010001,0.7045500000,0.7045700000
1790187010403,0.7045500000,0.7045800000
1790187010806,0.7045800000,0.7045900000
1790187011209,0.7045700000,0.7045900000
1790187012919,0.7045700000,0.7045800000
1790187013321,0.7045700000,0.7045900000
1790187014931,0.7045600000,0.7045800000
1790187017548,0.7045800000,0.7045900000
1790187017950,0.7046000000,0.7046200000
1790187019561,0.7045900000,0.7046100000
1790187019965,0.7046000000,0.7046100000
1790187020367,0.7046100000,0.7046300000
1790187020769,0.7046200000,0.7046400000
1790187021574,0.7046600000,0.7046800000
1790187024595,0.7046800000,0.7046900000
1790187024997,0.7046600000,0.7046800000
1790187025803,0.7046500000,0.7046700000
1790187026205,0.7046200000,0.7046400000
1790187026608,0.7046300000,0.7046500000
1790187027012,0.7046400000,0.7046600000
1790187028221,0.7046300000,0.7046500000
1790187030032,0.7046400000,0.7046600000
1790187030435,0.7046600000,0.7046700000
1790187030837,0.7046500000,0.7046700000
1790187031240,0.7046700000,0.7046900000
1790187031642,0.7046700000,0.7046800000
1790187032045,0.7046500000,0.7046800000
1790187032448,0.7046400000,0.7046600000
1790187032850,0.7046400000,0.7046500000
1790187033252,0.7046500000,0.7046700000
1790187034863,0.7046400000,0.7046700000
1790187035265,0.7046300000,0.7046600000
1790187036272,0.7046400000,0.7046600000
1790187036675,0.7046500000,0.7046800000
1790187037077,0.7046500000,0.7046700000
1790187037480,0.7046500000,0.7046900000
1790187039190,0.7046600000,0.7046900000
1790187039995,0.7046700000,0.7046900000
1790187040800,0.7046800000,0.7047100000
1790187044123,0.7046900000,0.7047100000
1790187045231,0.7046900000,0.7047000000
1790187045632,0.7046800000,0.7047100000
1790187048248,0.7046800000,0.7047000000
1790187049859,0.7046800000,0.7047100000
1790187050765,0.7046800000,0.7047000000
1790187052878,0.7046900000,0.7047200000
1790187053381,0.7046900000,0.7047100000
1790187054891,0.7046900000,0.7047000000
1790187055293,0.7046700000,0.7047100000
1790187055998,0.7046800000,0.7047100000
1790187056401,0.7046900000,0.7047100000
1790187059622,0.7046800000,0.7047000000
1790187060026,0.7046800000,0.7047100000
1790187060630,0.7046800000,0.7047000000
1790187061033,0.7046800000,0.7046900000
1790187062142,0.7046600000,0.7046800000
1790187062544,0.7046400000,0.7046700000
1790187062947,0.7046500000,0.7046900000
1790187063349,0.7046400000,0.7046700000
1790187063752,0.7046400000,0.7046600000
1790187064557,0.7046700000,0.7047000000
1790187066169,0.7046800000,0.7047100000
1790187066975,0.7046900000,0.7047100000
1790187067378,0.7046800000,0.7047100000
1790187067780,0.7046700000,0.7047100000
1790187068991,0.7046700000,0.7047000000
1790187069394,0.7046600000,0.7046800000
1790187069796,0.7046600000,0.7046900000
1790187070199,0.7046800000,0.7047000000
1790187070601,0.7046800000,0.7047100000
1790187071004,0.7046700000,0.7047000000
1790187071407,0.7046700000,0.7046900000
1790187072212,0.7046600000,0.7046800000
1790187073017,0.7046400000,0.7046600000
1790187073420,0.7046000000,0.7046100000
1790187073823,0.7046000000,0.7046200000
1790187075032,0.7046000000,0.7046300000
1790187075435,0.7046000000,0.7046200000
1790187078454,0.7046000000,0.7046300000
1790187078857,0.7046300000,0.7046500000
1790187079259,0.7045800000,0.7046000000
1790187085799,0.7045900000,0.7046100000
1790187088416,0.7045900000,0.7046000000
1790187089221,0.7045800000,0.7045900000
1790187090430,0.7045500000,0.7045800000
1790187090833,0.7045300000,0.7045600000
1790187091638,0.7045300000,0.7045500000
1790187092040,0.7045400000,0.7045600000
1790187092442,0.7045500000,0.7045700000
1790187092846,0.7045500000,0.7045800000
1790187093350,0.7045600000,0.7045800000
1790187094056,0.7045400000,0.7045700000
1790187094458,0.7045400000,0.7045600000
1790187094861,0.7045500000,0.7045600000
1790187097377,0.7045400000,0.7045600000
1790187097780,0.7044800000,0.7045100000
1790187098182,0.7044600000,0.7044900000
1790187098987,0.7044800000,0.7045000000
1790187099390,0.7044600000,0.7045000000
1790187099793,0.7044700000,0.7045000000
1790187100195,0.7044800000,0.7045000000
1790187102511,0.7044700000,0.7045000000
1790187102913,0.7044800000,0.7045000000
1790187103918,0.7044700000,0.7045000000
1790187104321,0.7044500000,0.7044800000
1790187104724,0.7044400000,0.7044800000
1790187105127,0.7044500000,0.7044800000
1790187105529,0.7044400000,0.7044500000
1790187105932,0.7044200000,0.7044500000
1790187106334,0.7044300000,0.7044500000
1790187106737,0.7044400000,0.7044500000
1790187107139,0.7044500000,0.7044700000
1790187107542,0.7044400000,0.7044600000
1790187107944,0.7044000000,0.7044200000
1790187108347,0.7044000000,0.7044100000
1790187109152,0.7043900000,0.7044100000
1790187109554,0.7044000000,0.7044200000
1790187111566,0.7043900000,0.7044200000
1790187112774,0.7043800000,0.7043900000
1790187113175,0.7043300000,0.7043600000
1790187113980,0.7043200000,0.7043400000
1790187114383,0.7043300000,0.7043600000
1790187115188,0.7043300000,0.7043500000
1790187115591,0.7043000000,0.7043400000
1790187116599,0.7042900000,0.7043200000
1790187118609,0.7043200000,0.7043400000
1790187119012,0.7043300000,0.7043400000
1790187120219,0.7043300000,0.7043500000
1790187123341,0.7043200000,0.7043400000
1790187125353,0.7043300000,0.7043400000
1790187125757,0.7043200000,0.7043400000
1790187129484,0.7043100000,0.7043300000
1790187129887,0.7042900000,0.7043100000
1790187130289,0.7042800000,0.7043100000
1790187132504,0.7042900000,0.7043100000
1790187133409,0.7042800000,0.7043100000
1790187135019,0.7042900000,0.7043100000
1790187136228,0.7042800000,0.7043100000
1790187136629,0.7042700000,0.7043100000
1790187139548,0.7042800000,0.7043100000
1790187139950,0.7043000000,0.7043100000
1790187140353,0.7043200000,0.7043400000
1790187140755,0.7043300000,0.7043400000
1790187141158,0.7043200000,0.7043400000
1790187141966,0.7043100000,0.7043400000
1790187142367,0.7043200000,0.7043400000
1790187142770,0.7043100000,0.7043400000
1790187143172,0.7043200000,0.7043400000
1790187143575,0.7043100000,0.7043400000
1790187145286,0.7043200000,0.7043400000
1790187146091,0.7043300000,0.7043400000
1790187146494,0.7043300000,0.7043500000
1790187148909,0.7043700000,0.7043900000
1790187149816,0.7043700000,0.7044000000
1790187150219,0.7043700000,0.7043900000
1790187150521,0.7043700000,0.7044000000
1790187150923,0.7043700000,0.7043900000
1790187151326,0.7043700000,0.7044000000
1790187151729,0.7043700000,0.7043900000
1790187154647,0.7043600000,0.7043900000
1790187155049,0.7043700000,0.7043900000
1790187155452,0.7043800000,0.7044000000
1790187157667,0.7044000000,0.7044200000
1790187158070,0.7044200000,0.7044400000
1790187158472,0.7044300000,0.7044500000
1790187158877,0.7044500000,0.7044700000
1790187160084,0.7044400000,0.7044700000
1790187162097,0.7044300000,0.7044500000
1790187162499,0.7044100000,0.7044400000
1790187163304,0.7044200000,0.7044400000
1790187163706,0.7044200000,0.7044500000
1790187164512,0.7044200000,0.7044400000
1790187164914,0.7044200000,0.7044500000
1790187165721,0.7043900000,0.7044100000
1790187166124,0.7044000000,0.7044200000
1790187166527,0.7043900000,0.7044200000
1790187166930,0.7043900000,0.7044100000
1790187167936,0.7043800000,0.7044100000
1790187168741,0.7043600000,0.7043900000
1790187169546,0.7043500000,0.7043700000
1790187170753,0.7043400000,0.7043700000
1790187171155,0.7043300000,0.7043600000
1790187172565,0.7043500000,0.7043700000
1790187172967,0.7043400000,0.7043700000
1790187174176,0.7043300000,0.7043600000
1790187174578,0.7043200000,0.7043500000
1790187176188,0.7043100000,0.7043500000
1790187176590,0.7043200000,0.7043500000
1790187177898,0.7043300000,0.7043500000
1790187178703,0.7043300000,0.7043600000
1790187180315,0.7043300000,0.7043600000
1790187180716,0.7043200000,0.7043600000
1790187181924,0.7043200000,0.7043500000
1790187182328,0.7043300000,0.7043600000
1790187183937,0.7043200000,0.7043600000
1790187184843,0.7043300000,0.7043600000
1790187185245,0.7043500000,0.7043800000
1790187185748,0.7043500000,0.7043700000
1790187186151,0.7043400000,0.7043700000
1790187186553,0.7043200000,0.7043500000
1790187186955,0.7043200000,0.7043400000
1790187189374,0.7043300000,0.7043400000
1790187189777,0.7043700000,0.7044000000
1790187190179,0.7043700000,0.7043900000
1790187190983,0.7043700000,0.7044000000
1790187191386,0.7043800000,0.7044000000
1790187191788,0.7044000000,0.7044200000
1790187193296,0.7043800000,0.7044100000
1790187196316,0.7043600000,0.7043900000
1790187196718,0.7043600000,0.7043800000
1790187197121,0.7043500000,0.7043800000
1790187198431,0.7043600000,0.7043700000
1790187199337,0.7043500000,0.7043700000
1790187200142,0.7043500000,0.7043800000
1790187200545,0.7043500000,0.7043700000
1790187200948,0.7043600000,0.7043700000
1790187201250,0.7043700000,0.7043800000
1790187201652,0.7043700000,0.7043900000
1790187203061,0.7043800000,0.7044100000
1790187203464,0.7043600000,0.7043900000
1790187203866,0.7043700000,0.7043900000
1790187204268,0.7043800000,0.7043900000
1790187204671,0.7043700000,0.7043900000
1790187205073,0.7043800000,0.7043900000
1790187205576,0.7043700000,0.7043900000
1790187205979,0.7043600000,0.7043900000
1790187207187,0.7043700000,0.7043900000
1790187207993,0.7043700000,0.7044100000
1790187208395,0.7043900000,0.7044200000
1790187208797,0.7044000000,0.7044200000
1790187210206,0.7044000000,0.7044100000
1790187210609,0.7044000000,0.7044300000
1790187221280,0.7043700000,0.7044000000
1790187221682,0.7043600000,0.7044000000
1790187222084,0.7043600000,0.7043900000
1790187222487,0.7043400000,0.7043700000
1790187223291,0.7043400000,0.7043600000
1790187223693,0.7043600000,0.7043800000
1790187224096,0.7043700000,0.7044000000
1790187224498,0.7043900000,0.7044000000
1790187225706,0.7044000000,0.7044200000
1790187226109,0.7044000000,0.7044300000
1790187227318,0.7043900000,0.7044300000
1790187227721,0.7043900000,0.7044200000
1790187228928,0.7044000000,0.7044300000
1790187229934,0.7044100000,0.7044300000
1790187230337,0.7044000000,0.7044300000
1790187230739,0.7044200000,0.7044300000
1790187233257,0.7044200000,0.7044400000
1790187235069,0.7044300000,0.7044400000
1790187235472,0.7044200000,0.7044400000
1790187235876,0.7044100000,0.7044400000
1790187237888,0.7044100000,0.7044300000
1790187238291,0.7044200000,0.7044300000
1790187238794,0.7044100000,0.7044300000
1790187239801,0.7044000000,0.7044300000
1790187240607,0.7044000000,0.7044300000
1790187241011,0.7044000000,0.7044200000
1790187242319,0.7043900000,0.7044200000
1790187242722,0.7044000000,0.7044200000
1790187243528,0.7044100000,0.7044200000
1790187244031,0.7044100000,0.7044300000
1790187244434,0.7044000000,0.7044200000
1790187247050,0.7043800000,0.7044100000
1790187247452,0.7043700000,0.7044000000
1790187249062,0.7043800000,0.7044000000
1790187249569,0.7043800000,0.7044100000
1790187250173,0.7043900000,0.7044100000
1790187250575,0.7043800000,0.7044100000
1790187252488,0.7043900000,0.7044100000
1790187252891,0.7043800000,0.7044100000
1790187254303,0.7044000000,0.7044200000
1790187255108,0.7044100000,0.7044300000
1790187255509,0.7044200000,0.7044500000
1790187256315,0.7044300000,0.7044500000
1790187256717,0.7044200000,0.7044500000
1790187257321,0.7044100000,0.7044500000
1790187257724,0.7044200000,0.7044500000
1790187260642,0.7044300000,0.7044500000
1790187262656,0.7044600000,0.7044800000
1790187263059,0.7044700000,0.7044900000
1790187263461,0.7045100000,0.7045400000
1790187266279,0.7044800000,0.7045100000
1790187267084,0.7045000000,0.7045200000
1790187267487,0.7044800000,0.7045200000
1790187268293,0.7045100000,0.7045400000
1790187270406,0.7045000000,0.7045400000
1790187271211,0.7044800000,0.7045000000
1790187271614,0.7044700000,0.7044900000
1790187272018,0.7044900000,0.7045100000
1790187273828,0.7044700000,0.7044900000
1790187275439,0.7044600000,0.7044800000
1790187275842,0.7044400000,0.7044700000
1790187276244,0.7044500000,0.7044700000
1790187276647,0.7044400000,0.7044500000
1790187278258,0.7044300000,0.7044400000
1790187278660,0.7044200000,0.7044500000
1790187279566,0.7044300000,0.7044600000
1790187280373,0.7044200000,0.7044400000
1790187280774,0.7044200000,0.7044500000
1790187284899,0.7044200000,0.7044400000
1790187287114,0.7044100000,0.7044400000
1790187287517,0.7044100000,0.7044300000
1790187287919,0.7044100000,0.7044400000
1790187288322,0.7044400000,0.7044600000
1790187288724,0.7044500000,0.7044700000
1790187290435,0.7044500000,0.7044600000
1790187290837,0.7044400000,0.7044600000
1790187291240,0.7044100000,0.7044400000
1790187292750,0.7044100000,0.7044300000
1790187293153,0.7044100000,0.7044400000
1790187293555,0.7044200000,0.7044400000
1790187293957,0.7044100000,0.7044400000
1790187294360,0.7044200000,0.7044500000
1790187295165,0.7044500000,0.7044700000
1790187297176,0.7044500000,0.7044600000
1790187297579,0.7044500000,0.7044700000
1790187299390,0.7044200000,0.7044400000
1790187299793,0.7044200000,0.7044500000
1790187300397,0.7044200000,0.7044500000
1790187301604,0.7044200000,0.7044600000
1790187302008,0.7044500000,0.7044600000
1790187302411,0.7044400000,0.7044600000
1790187304224,0.7044200000,0.7044500000
1790187305028,0.7044100000,0.7044400000
1790187305431,0.7044400000,0.7044600000
1790187306236,0.7044600000,0.7044900000
1790187307041,0.7044600000,0.7044800000
1790187307847,0.7044400000,0.7044500000
1790187308651,0.7044200000,0.7044400000
1790187309055,0.7044300000,0.7044500000
1790187309460,0.7044300000,0.7044600000
1790187309863,0.7044500000,0.7044700000
1790187310668,0.7044400000,0.7044600000
1790187311070,0.7044400000,0.7044500000
1790187311473,0.7044600000,0.7044800000
1790187311876,0.7044600000,0.7044900000
1790187312680,0.7044700000,0.7045000000
1790187313486,0.7044800000,0.7045100000
1790187313888,0.7044800000,0.7045000000
1790187315397,0.7044700000,0.7044900000
1790187315800,0.7044700000,0.7045000000
1790187316605,0.7044800000,0.7045100000
1790187317814,0.7044700000,0.7045000000
1790187318619,0.7044800000,0.7045000000
1790187319021,0.7044700000,0.7045100000
1790187319726,0.7044800000,0.7045100000
1790187320129,0.7044800000,0.7045000000
1790187321438,0.7044700000,0.7044900000
1790187321840,0.7044700000,0.7045000000
1790187323350,0.7044800000,0.7045100000
1790187324156,0.7045000000,0.7045200000
1790187325363,0.7045300000,0.7045500000
1790187325766,0.7045000000,0.7045300000
1790187326168,0.7045100000,0.7045300000
1790187326571,0.7045000000,0.7045300000
1790187328987,0.7045000000,0.7045400000
1790187329390,0.7045000000,0.7045300000
1790187329793,0.7044800000,0.7045100000
1790187330197,0.7044500000,0.7044800000
1790187330598,0.7044700000,0.7044900000
1790187331605,0.7044800000,0.7045000000
1790187332007,0.7044700000,0.7044900000
1790187332410,0.7044700000,0.7044800000
1790187333214,0.7044400000,0.7044700000
1790187333617,0.7044500000,0.7044700000
1790187334019,0.7044500000,0.7044800000
1790187334422,0.7044400000,0.7044700000
1790187334827,0.7044300000,0.7044600000
1790187335230,0.7044400000,0.7044700000
1790187336437,0.7044500000,0.7044700000
1790187336841,0.7044300000,0.7044700000
1790187337244,0.7044300000,0.7044600000
1790187338754,0.7044400000,0.7044600000
1790187339560,0.7044300000,0.7044600000
1790187339961,0.7044300000,0.7044500000
1790187340364,0.7044300000,0.7044600000
1790187340766,0.7044300000,0.7044700000
1790187341169,0.7044500000,0.7044800000
1790187345999,0.7044500000,0.7044700000
1790187346402,0.7044300000,0.7044600000
1790187347207,0.7044300000,0.7044500000
1790187348014,0.7044200000,0.7044400000
1790187348819,0.7044200000,0.7044500000
1790187349624,0.7044300000,0.7044600000
1790187350429,0.7044200000,0.7044500000
1790187353853,0.7044200000,0.7044600000
1790187354255,0.7044300000,0.7044600000
1790187356972,0.7044200000,0.7044600000
1790187357374,0.7044300000,0.7044600000
1790187357777,0.7044200000,0.7044600000
1790187358280,0.7044200000,0.7044500000
1790187359390,0.7044200000,0.7044600000
1790187360195,0.7044300000,0.7044600000
1790187361000,0.7044300000,0.7044500000
1790187361403,0.7044300000,0.7044600000
1790187362812,0.7044400000,0.7044600000
1790187363718,0.7044300000,0.7044600000
1790187365127,0.7044400000,0.7044600000
1790187367745,0.7044500000,0.7044800000
1790187369860,0.7044500000,0.7044900000
1790187370363,0.7044500000,0.7044800000
1790187370766,0.7044400000,0.7044700000
1790187371169,0.7044300000,0.7044600000
1790187371571,0.7044300000,0.7044500000
1790187372376,0.7044300000,0.7044600000
1790187372880,0.7044300000,0.7044500000
1790187374489,0.7044300000,0.7044600000
1790187375696,0.7044400000,0.7044600000
1790187376098,0.7044300000,0.7044600000
1790187376501,0.7044300000,0.7044500000
1790187376903,0.7044200000,0.7044500000
1790187377306,0.7044100000,0.7044300000
1790187379822,0.7044200000,0.7044400000
1790187380225,0.7044100000,0.7044300000
1790187381032,0.7044100000,0.7044400000
1790187381435,0.7044200000,0.7044400000
1790187381839,0.7044300000,0.7044600000
1790187382240,0.7044500000,0.7044800000
1790187382643,0.7044500000,0.7044700000
1790187383649,0.7044500000,0.7044800000
1790187385259,0.7044500000,0.7044700000
1790187385662,0.7044300000,0.7044700000
1790187386065,0.7044300000,0.7044600000
1790187386468,0.7044300000,0.7044700000
1790187388382,0.7044300000,0.7044600000
1790187389991,0.7044400000,0.7044700000
1790187391903,0.7044300000,0.7044700000
1790187392909,0.7044400000,0.7044700000
1790187393312,0.7044600000,0.7044800000
1790187393715,0.7044700000,0.7045100000
1790187394922,0.7044700000,0.7045000000
1790187398646,0.7044800000,0.7045000000
1790187399049,0.7044700000,0.7045000000
1790187400961,0.7044500000,0.7044800000
1790187403880,0.7044500000,0.7044700000
1790187404282,0.7044200000,0.7044500000
1790187404685,0.7044200000,0.7044400000
1790187406497,0.7044300000,0.7044400000
1790187406900,0.7044100000,0.7044400000
1790187407302,0.7044000000,0.7044400000
1790187407806,0.7044100000,0.7044400000
1790187408209,0.7044000000,0.7044400000
1790187409418,0.7044100000,0.7044400000
1790187410223,0.7044100000,0.7044300000
1790187410626,0.7044000000,0.7044200000
1790187411534,0.7043800000,0.7044100000
1790187412741,0.7043400000,0.7043800000
1790187413145,0.7043100000,0.7043400000
1790187413948,0.7043000000,0.7043400000
1790187414552,0.7043100000,0.7043400000
1790187415357,0.7043100000,0.7043300000
1790187417473,0.7043000000,0.7043300000
1790187417976,0.7043100000,0.7043300000
1790187418379,0.7043000000,0.7043100000
1790187418781,0.7042900000,0.7043200000
1790187419183,0.7043000000,0.7043200000
1790187420191,0.7043000000,0.7043200000
1790187420592,0.7043000000,0.7043300000
1790187423111,0.7043000000,0.7043200000
1790187423917,0.7043000000,0.7043300000
1790187424319,0.7042800000,0.7043000000
1790187425025,0.7042900000,0.7043000000
1790187425428,0.7042700000,0.7043000000
1790187426736,0.7042800000,0.7043000000
1790187427541,0.7042500000,0.7042700000
1790187427943,0.7042400000,0.7042600000
1790187428346,0.7042300000,0.7042600000
1790187428749,0.7042500000,0.7042600000
1790187429558,0.7042400000,0.7042600000
1790187429961,0.7042300000,0.7042600000
1790187430363,0.7042200000,0.7042500000
1790187430766,0.7041900000,0.7042000000
1790187432275,0.7042000000,0.7042100000
1790187433282,0.7041900000,0.7042000000
1790187433684,0.7042000000,0.7042100000
1790187434590,0.7041900000,0.7042000000
1790187434992,0.7042200000,0.7042400000
1790187435396,0.7042300000,0.7042500000
1790187435798,0.7042400000,0.7042500000
1790187436402,0.7042500000,0.7042600000
1790187436805,0.7042400000,0.7042500000
1790187437609,0.7042300000,0.7042500000
1790187440226,0.7042400000,0.7042500000
1790187440629,0.7042300000,0.7042500000
1790187441031,0.7042400000,0.7042500000
1790187441836,0.7042500000,0.7042700000
1790187445160,0.7042500000,0.7042800000
1790187445563,0.7042600000,0.7042800000
1790187445964,0.7042100000,0.7042400000
1790187446367,0.7041900000,0.7042100000
1790187446770,0.7041800000,0.7042000000
1790187447173,0.7041700000,0.7042000000
1790187447575,0.7041600000,0.7041900000
1790187447979,0.7041600000,0.7041800000
1790187448784,0.7042000000,0.7042100000
1790187449187,0.7041800000,0.7042000000
1790187449590,0.7041900000,0.7042000000
1790187450093,0.7041800000,0.7042000000
1790187451200,0.7041900000,0.7042000000
1790187451602,0.7042000000,0.7042100000
1790187452004,0.7041800000,0.7042000000
1790187453514,0.7041700000,0.7041900000
1790187453916,0.7041600000,0.7041900000
1790187454722,0.7041700000,0.7041900000
1790187455125,0.7041800000,0.7041900000
1790187455930,0.7041800000,0.7042100000
1790187456332,0.7041800000,0.7042000000
1790187456735,0.7041400000,0.7041800000
1790187457137,0.7041200000,0.7041500000
1790187458345,0.7041300000,0.7041500000
1790187458748,0.7041400000,0.7041500000
1790187461465,0.7041500000,0.7041600000
1790187461867,0.7041500000,0.7041700000
1790187462270,0.7041600000,0.7041700000
1790187463075,0.7041500000,0.7041700000
1790187463477,0.7041500000,0.7041800000
1790187463881,0.7041400000,0.7041600000
1790187464385,0.7041300000,0.7041600000
1790187465492,0.7041400000,0.7041600000
1790187465893,0.7041500000,0.7041800000
1790187467528,0.7041400000,0.7041700000
1790187467931,0.7041500000,0.7041700000
1790187468737,0.7041400000,0.7041700000
1790187469542,0.7041300000,0.7041600000
1790187470044,0.7041200000,0.7041600000
1790187470850,0.7041300000,0.7041600000
1790187475780,0.7041400000,0.7041600000
1790187476182,0.7041300000,0.7041600000
1790187480310,0.7041200000,0.7041600000
1790187480712,0.7041300000,0.7041600000
1790187481114,0.7041500000,0.7041700000
1790187482321,0.7041400000,0.7041700000
1790187482724,0.7041500000,0.7041800000
1790187483127,0.7041300000,0.7041600000
1790187483530,0.7041400000,0.7041600000
1790187483932,0.7041400000,0.7041700000
1790187484334,0.7041300000,0.7041600000
1790187485543,0.7041400000,0.7041600000
1790187485945,0.7041400000,0.7041700000
1790187486752,0.7041500000,0.7041700000
1790187487153,0.7041500000,0.7041800000
1790187487556,0.7041400000,0.7041800000
1790187487958,0.7041300000,0.7041600000
1790187488360,0.7041400000,0.7041700000
1790187490176,0.7041300000,0.7041600000
1790187490679,0.7041400000,0.7041600000
1790187491888,0.7041300000,0.7041600000
1790187492290,0.7041200000,0.7041400000
1790187496618,0.7041300000,0.7041500000
1790187497020,0.7041200000,0.7041500000
1790187500644,0.7041200000,0.7041400000
1790187501450,0.7041100000,0.7041400000
1790187502658,0.7041200000,0.7041400000
1790187503464,0.7041300000,0.7041500000
1790187505073,0.7041300000,0.7041600000
1790187506684,0.7041200000,0.7041500000
1790187510711,0.7041300000,0.7041500000
1790187511115,0.7041500000,0.7041900000
1790187511517,0.7041700000,0.7041900000
1790187511920,0.7042000000,0.7042300000
1790187512322,0.7041800000,0.7042000000
1790187512726,0.7041700000,0.7042000000
1790187513934,0.7041700000,0.7041900000
1790187514840,0.7041600000,0.7041900000
1790187515242,0.7041700000,0.7041900000
1790187515645,0.7041800000,0.7042000000
1790187516047,0.7042000000,0.7042200000
1790187517356,0.7041900000,0.7042200000
1790187518162,0.7042000000,0.7042200000
1790187518563,0.7042200000,0.7042400000
1790187518968,0.7042100000,0.7042400000
1790187519370,0.7042200000,0.7042400000
1790187519772,0.7042200000,0.7042500000
1790187521382,0.7042600000,0.7042800000
1790187521784,0.7042600000,0.7042900000
1790187524602,0.7042700000,0.7042900000
1790187525006,0.7042600000,0.7042900000
1790187525408,0.7042700000,0.7042900000
1790187525811,0.7042600000,0.7042900000
1790187526213,0.7042700000,0.7042900000
1790187527621,0.7042800000,0.7042900000
1790187528024,0.7042700000,0.7042900000
1790187529535,0.7042600000,0.7042900000
1790187529937,0.7042700000,0.7042900000
1790187530742,0.7042600000,0.7042900000
1790187531145,0.7042700000,0.7042900000
1790187532655,0.7042600000,0.7042900000
1790187534973,0.7042700000,0.7042900000
1790187535376,0.7042600000,0.7042900000
1790187535778,0.7042500000,0.7042800000
1790187536985,0.7042500000,0.7042700000
1790187537388,0.7042300000,0.7042600000
1790187538193,0.7042200000,0.7042500000
1790187538998,0.7042300000,0.7042500000
1790187539401,0.7042200000,0.7042500000
1790187539805,0.7042300000,0.7042500000
1790187540208,0.7042300000,0.7042500000
1790187540612,0.7042100000,0.7042500000
1790187541014,0.7042200000,0.7042500000
1790187544641,0.7042500000,0.7042600000
1790187545446,0.7042500000,0.7042800000
1790187545848,0.7042800000,0.7043000000
1790187547157,0.7042700000,0.7043000000
1790187547559,0.7042500000,0.7042900000
1790187547961,0.7042400000,0.7042600000
1790187548766,0.7042500000,0.7042700000
1790187554404,0.7042600000,0.7042700000
1790187554807,0.7042700000,0.7043000000
1790187555210,0.7042600000,0.7043000000
1790187555612,0.7042500000,0.7043000000
1790187557222,0.7042700000,0.7043000000
1790187558833,0.7043200000,0.7043300000
1790187559235,0.7043100000,0.7043400000
1790187560845,0.7043000000,0.7043300000
1790187561753,0.7043100000,0.7043300000
1790187564370,0.7043000000,0.7043300000
1790187565780,0.7042800000,0.7043000000
1790187567589,0.7042900000,0.7043000000
1790187568395,0.7042800000,0.7043000000
1790187570206,0.7042900000,0.7043000000
1790187570910,0.7042800000,0.7043000000
1790187571312,0.7042900000,0.7043000000
1790187571715,0.7043000000,0.7043200000
1790187572622,0.7043000000,0.7043300000
1790187573024,0.7043300000,0.7043400000
1790187574234,0.7043400000,0.7043500000
1790187574737,0.7043500000,0.7043600000
1790187575140,0.7043400000,0.7043500000
1790187575544,0.7043300000,0.7043500000
1790187576348,0.7043400000,0.7043500000
1790187576751,0.7043300000,0.7043500000
1790187577557,0.7043400000,0.7043500000
1790187577958,0.7043300000,0.7043500000
1790187579871,0.7043500000,0.7043600000
1790187580273,0.7043300000,0.7043600000
1790187580676,0.7043400000,0.7043600000
1790187581078,0.7043300000,0.7043600000
1790187581481,0.7043300000,0.7043500000
1790187582386,0.7043400000,0.7043500000
1790187582790,0.7043400000,0.7043600000
1790187583192,0.7043300000,0.7043500000
1790187583595,0.7043500000,0.7043600000
1790187584399,0.7043400000,0.7043600000
1790187584802,0.7043500000,0.7043700000
1790187586010,0.7043500000,0.7043800000
1790187586815,0.7043400000,0.7043700000
1790187587218,0.7043500000,0.7043700000
1790187588828,0.7043400000,0.7043700000
1790187589231,0.7043500000,0.7043700000
1790187592350,0.7043700000,0.7043800000
1790187592753,0.7043500000,0.7043700000
1790187593558,0.7043500000,0.7043800000
1790187595169,0.7043600000,0.7043800000
1790187595974,0.7043400000,0.7043700000
1790187596377,0.7043400000,0.7043600000
1790187598591,0.7043500000,0.7043600000
1790187599800,0.7043400000,0.7043600000
1790187600202,0.7043600000,0.7043900000
1790187600605,0.7043500000,0.7043800000
1790187601411,0.7043400000,0.7043700000
1790187601812,0.7043500000,0.7043800000
1790187603120,0.7043600000,0.7043900000
1790187607246,0.7043500000,0.7043800000
1790187607649,0.7043500000,0.7043700000
1790187608052,0.7043500000,0.7043800000
1790187608455,0.7043600000,0.7043800000
1790187608858,0.7043500000,0.7043800000
1790187609260,0.7043600000,0.7043800000
1790187611075,0.7043500000,0.7043800000
1790187613594,0.7043600000,0.7043800000
1790187613998,0.7043300000,0.7043500000
1790187614400,0.7043200000,0.7043500000
1790187615207,0.7043000000,0.7043300000
1790187615610,0.7042900000,0.7043200000
1790187616012,0.7043000000,0.7043200000
1790187616415,0.7043200000,0.7043400000
1790187617220,0.7043100000,0.7043400000
1790187618126,0.7043000000,0.7043300000
1790187619737,0.7043100000,0.7043300000
1790187620139,0.7043000000,0.7043300000
1790187620542,0.7043100000,0.7043400000
1790187623763,0.7043000000,0.7043400000
1790187624166,0.7043000000,0.7043300000
1790187628089,0.7043100000,0.7043300000
1790187628492,0.7043100000,0.7043400000
1790187629297,0.7043200000,0.7043400000
1790187637350,0.7043300000,0.7043500000
1790187641677,0.7043300000,0.7043400000
1790187644496,0.7043200000,0.7043400000
1790187659796,0.7043200000,0.7043300000
1790187660400,0.7043200000,0.7043300000
1790187660803,0.7043200000,0.7043400000
1790187662011,0.7043200000,0.7043300000
1790187662414,0.7043200000,0.7043400000
1790187670870,0.7043000000,0.7043200000
1790187671675,0.7042900000,0.7043100000
1790187673891,0.7042800000,0.7042900000
1790187675098,0.7042800000,0.7043000000
1790187675904,0.7042800000,0.7042900000
1790187677515,0.7042700000,0.7042900000
1790187678320,0.7042700000,0.7042800000
1790187680334,0.7042700000,0.7042900000
1790187684666,0.7042800000,0.7042900000
1790187685772,0.7042600000,0.7042900000
1790187686175,0.7042700000,0.7042900000
1790187686578,0.7042600000,0.7042900000
1790187687382,0.7042700000,0.7042900000
1790187688187,0.7042600000,0.7042900000
1790187689897,0.7042700000,0.7042900000
1790187690702,0.7043300000,0.7043500000
1790187691104,0.7043200000,0.7043500000
1790187691607,0.7043300000,0.7043500000
1790187694023,0.7043200000,0.7043500000
1790187694830,0.7042700000,0.7042900000
1790187695233,0.7042800000,0.7042900000
1790187695635,0.7042700000,0.7042900000
1790187697347,0.7042600000,0.7042900000
1790187697749,0.7042600000,0.7042800000
1790187698152,0.7042500000,0.7042800000
1790187698555,0.7042600000,0.7042800000
1790187698957,0.7042500000,0.7042800000
1790187699360,0.7042600000,0.7042800000
1790187700568,0.7042500000,0.7042800000
1790187700970,0.7042700000,0.7042800000
1790187701374,0.7042600000,0.7042800000
1790187702282,0.7042200000,0.7042400000
1790187703489,0.7042000000,0.7042300000
1790187703791,0.7042200000,0.7042300000
1790187704898,0.7041900000,0.7042100000
1790187705300,0.7042100000,0.7042300000
1790187706911,0.7042000000,0.7042300000
1790187707414,0.7042000000,0.7042200000
1790187707816,0.7041800000,0.7042100000
1790187708218,0.7041900000,0.7042100000
1790187708822,0.7041800000,0.7042100000
1790187709224,0.7041800000,0.7042000000
1790187710029,0.7041700000,0.7042000000
1790187710432,0.7041600000,0.7041900000
1790187711639,0.7041700000,0.7041900000
1790187713651,0.7041800000,0.7042000000
1790187714960,0.7041600000,0.7041900000
1790187715362,0.7041500000,0.7041900000
1790187715765,0.7041600000,0.7041900000
1790187716572,0.7041700000,0.7041900000
1790187716974,0.7041600000,0.7041900000
1790187717880,0.7041700000,0.7041900000
1790187718988,0.7041600000,0.7041900000
1790187719390,0.7041700000,0.7041900000
1790187719793,0.7041600000,0.7041900000
1790187720296,0.7041600000,0.7041900000
1790187721002,0.7041900000,0.7042000000
1790187721405,0.7041800000,0.7042000000
1790187721808,0.7041700000,0.7042000000
1790187722310,0.7041600000,0.7041900000
1790187722713,0.7041700000,0.7041900000
1790187725330,0.7041800000,0.7041900000
1790187725732,0.7042200000,0.7042400000
1790187727342,0.7042100000,0.7042400000
1790187728349,0.7042200000,0.7042400000
1790187728751,0.7042100000,0.7042400000
1790187729556,0.7042200000,0.7042500000
1790187730366,0.7042300000,0.7042500000
1790187731574,0.7042200000,0.7042500000
1790187744055,0.7042700000,0.7042900000
1790187744860,0.7042800000,0.7042900000
1790187745666,0.7043100000,0.7043300000
1790187746067,0.7043200000,0.7043500000
1790187747679,0.7043300000,0.7043500000
1790187751205,0.7043200000,0.7043500000
1790187752412,0.7043300000,0.7043500000
1790187752815,0.7043200000,0.7043500000
1790187753619,0.7043300000,0.7043500000
1790187754526,0.7043200000,0.7043500000
1790187754928,0.7043000000,0.7043400000
1790187755733,0.7043000000,0.7043300000
1790187756236,0.7042700000,0.7043100000
1790187756940,0.7042500000,0.7042800000
1790187758248,0.7042400000,0.7042700000
1790187759456,0.7042600000,0.7042800000
1790187759858,0.7042500000,0.7042800000
1790187764286,0.7042600000,0.7042800000
1790187764689,0.7042500000,0.7042800000
1790187765193,0.7042600000,0.7042800000
1790187767106,0.7042500000,0.7042800000
1790187770930,0.7042500000,0.7042700000
1790187771332,0.7042400000,0.7042700000
1790187772138,0.7042500000,0.7042700000
1790187772540,0.7042400000,0.7042700000
1790187773044,0.7042500000,0.7042700000
1790187773447,0.7042400000,0.7042700000
1790187774252,0.7042300000,0.7042600000
1790187774655,0.7042400000,0.7042700000
1790187775460,0.7042500000,0.7042800000
1790187776366,0.7042600000,0.7042800000
1790187777473,0.7042700000,0.7042800000
1790187778077,0.7042800000,0.7042900000
1790187778881,0.7042700000,0.7042900000
1790187779284,0.7042600000,0.7042900000
1790187780291,0.7042600000,0.7042900000
1790187780693,0.7042700000,0.7042900000
1790187790259,0.7042800000,0.7042900000
1790187790662,0.7043200000,0.7043500000
1790187791165,0.7043300000,0.7043500000
1790187795091,0.7043400000,0.7043600000
1790187795493,0.7043600000,0.7043900000
1790187796701,0.7043700000,0.7043900000
1790187797506,0.7043600000,0.7043900000
1790187799922,0.7043600000,0.7043800000
1790187800325,0.7043300000,0.7043600000
1790187800828,0.7043400000,0.7043600000
1790187801232,0.7043300000,0.7043500000
1790187802137,0.7043200000,0.7043400000
1790187802540,0.7043200000,0.7043300000
1790187805759,0.7043000000,0.7043300000
1790187807470,0.7042900000,0.7043200000
1790187807872,0.7043000000,0.7043300000
1790187808275,0.7043100000,0.7043300000
1790187808677,0.7043000000,0.7043300000
1790187809583,0.7043200000,0.7043400000
1790187809986,0.7043100000,0.7043400000
1790187813006,0.7043200000,0.7043400000
1790187813811,0.7043100000,0.7043400000
1790187815018,0.7043200000,0.7043400000
1790187817735,0.7043100000,0.7043400000
1790187818339,0.7043200000,0.7043400000
1790187821359,0.7043100000,0.7043400000
1790187822366,0.7043200000,0.7043400000
1790187823574,0.7043100000,0.7043400000
1790187823977,0.7043200000,0.7043400000
1790187826292,0.7043100000,0.7043400000
1790187830720,0.7043000000,0.7043300000
1790187832834,0.7042700000,0.7043000000
1790187833739,0.7042800000,0.7043100000
1790187838978,0.7042900000,0.7043200000
1790187839381,0.7043000000,0.7043200000
1790187839885,0.7042900000,0.7043200000
1790187840288,0.7042700000,0.7043000000
1790187842503,0.7042700000,0.7042900000
1790187842905,0.7042600000,0.7042900000
1790187843710,0.7042700000,0.7042900000
1790187844112,0.7042600000,0.7042900000
1790187844515,0.7042600000,0.7043000000
1790187845119,0.7042600000,0.7042900000
1790187847835,0.7042600000,0.7042800000
1790187848237,0.7042500000,0.7042700000
1790187848640,0.7042500000,0.7042800000
1790187849043,0.7042500000,0.7042900000
1790187852972,0.7042500000,0.7042800000
1790187853374,0.7042200000,0.7042400000
1790187853778,0.7042100000,0.7042200000
1790187855286,0.7042000000,0.7042200000
1790187856193,0.7041900000,0.7042100000
1790187861426,0.7041900000,0.7042200000
1790187862132,0.7041900000,0.7042100000
1790187862535,0.7041800000,0.7042000000
1790187862940,0.7041700000,0.7042000000
1790187863444,0.7041700000,0.7041900000
1790187864248,0.7041600000,0.7041800000
1790187868073,0.7041700000,0.7041800000
1790187869079,0.7041600000,0.7041800000
1790187876025,0.7041700000,0.7041900000
1790187876428,0.7041900000,0.7042100000
1790187876831,0.7042000000,0.7042200000
1790187877737,0.7041800000,0.7042100000
1790187879146,0.7041700000,0.7042100000
1790187881058,0.7041800000,0.7042100000
1790187884578,0.7041800000,0.7041900000
1790187884981,0.7041700000,0.7041900000
1790187885384,0.7041700000,0.7042000000
1790187890214,0.7041700000,0.7041900000
1790187890616,0.7041700000,0.7042000000
1790187895245,0.7042200000,0.7042400000
1790187896453,0.7042300000,0.7042400000
1790187896955,0.7042200000,0.7042400000
1790187899271,0.7042300000,0.7042400000
1790187899673,0.7042200000,0.7042400000
1790187900780,0.7042200000,0.7042400000
1790187903599,0.7042700000,0.7042800000
1790187904306,0.7042700000,0.7042900000
1790187909539,0.7042800000,0.7043000000
1790187916584,0.7042700000,0.7042900000
1790187916986,0.7042700000,0.7043000000
1790187917389,0.7042700000,0.7042900000
1790187917893,0.7042700000,0.7042800000
1790187918294,0.7042400000,0.7042600000
1790187923426,0.7042400000,0.7042500000
1790187923829,0.7042400000,0.7042600000
1790187925841,0.7042300000,0.7042500000
1790187927853,0.7042400000,0.7042600000
1790187931276,0.7042700000,0.7042900000
1790187935503,0.7042600000,0.7042800000
1790187939531,0.7042600000,0.7042900000
1790187942449,0.7042700000,0.7042900000
1790187943758,0.7042700000,0.7043000000
1790187946075,0.7042700000,0.7043100000
1790187946479,0.7042800000,0.7043100000
1790187952619,0.7042900000,0.7043200000
1790187953022,0.7043100000,0.7043300000
1790187953426,0.7043000000,0.7043300000
1790187958560,0.7043100000,0.7043400000
1790187958963,0.7043100000,0.7043500000
1790187959366,0.7043300000,0.7043500000
1790187960171,0.7043300000,0.7043600000
1790187960574,0.7043400000,0.7043600000
1790187960976,0.7043300000,0.7043600000
1790187965908,0.7043300000,0.7043500000
1790187966310,0.7043300000,0.7043400000
1790187968324,0.7043300000,0.7043500000
1790187968726,0.7043300000,0.7043400000
1790187969129,0.7043300000,0.7043500000
1790187974667,0.7042700000,0.7043000000
1790187975071,0.7042700000,0.7042900000
1790187976278,0.7042600000,0.7042900000
1790187977084,0.7042700000,0.7042900000
1790187977486,0.7042800000,0.7043100000
1790187980205,0.7042700000,0.7043000000
1790187981916,0.7042700000,0.7043100000
1790187982318,0.7042800000,0.7043100000
1790187983528,0.7042800000,0.7043000000
1790187983931,0.7042800000,0.7043100000
1790187986346,0.7042900000,0.7043100000
1790187986749,0.7042800000,0.7043100000
1790187988962,0.7043100000,0.7043300000
1790187989366,0.7043100000,0.7043400000
1790187989767,0.7043200000,0.7043400000
1790187992384,0.7043100000,0.7043200000
1790187992787,0.7042900000,0.7043000000
1790187993592,0.7042900000,0.7043100000
1790187994397,0.7042900000,0.7043000000
1790187994800,0.7042900000,0.7043100000
1790187995605,0.7042700000,0.7043000000
1790187996007,0.7042500000,0.7042700000
1790187996812,0.7042400000,0.7042700000
1790187997516,0.7042300000,0.7042600000
1790187998723,0.7042100000,0.7042400000
1790187999126,0.7042100000,0.7042500000
1790187999529,0.7042100000,0.7042400000
1790188000737,0.7042000000,0.7042300000
1790188003655,0.7042100000,0.7042300000
1790188004460,0.7042000000,0.7042300000
1790188004864,0.7041900000,0.7042100000
1790188006374,0.7041700000,0.7042000000
1790188006777,0.7041800000,0.7042000000
1790188007179,0.7041700000,0.7042000000
1790188009092,0.7041600000,0.7041900000
1790188009496,0.7041300000,0.7041600000
1790188010703,0.7041400000,0.7041600000
1790188012112,0.7041300000,0.7041600000
1790188012516,0.7041200000,0.7041500000
1790188014527,0.7041200000,0.7041400000
1790188015735,0.7041200000,0.7041500000
1790188016136,0.7041200000,0.7041400000
1790188016942,0.7041200000,0.7041500000
1790188017345,0.7041200000,0.7041400000
1790188018150,0.7041200000,0.7041500000
1790188019759,0.7041200000,0.7041300000
1790188020161,0.7041200000,0.7041300000
1790188021772,0.7041100000,0.7041300000
1790188022175,0.7041200000,0.7041300000
1790188022578,0.7041300000,0.7041400000
1790188022980,0.7041200000,0.7041300000
1790188023785,0.7041200000,0.7041400000
1790188026403,0.7041100000,0.7041400000
1790188026807,0.7041200000,0.7041400000
1790188028719,0.7041100000,0.7041400000
1790188030733,0.7041100000,0.7041300000
1790188031135,0.7040400000,0.7040800000
1790188031538,0.7040300000,0.7040600000
1790188032444,0.7040400000,0.7040600000
1790188032847,0.7040400000,0.7040800000
1790188034457,0.7040700000,0.7040900000
1790188035262,0.7040600000,0.7040900000
1790188037274,0.7040600000,0.7040800000
1790188038079,0.7040600000,0.7040900000
1790188040998,0.7040700000,0.7040900000
1790188041400,0.7040600000,0.7040900000
1790188043815,0.7040700000,0.7040900000
1790188044621,0.7040900000,0.7041200000
1790188045024,0.7040800000,0.7041000000
1790188050358,0.7040800000,0.7041100000
1790188050761,0.7040900000,0.7041100000
1790188052875,0.7040900000,0.7041000000
1790188053277,0.7040900000,0.7041100000
1790188053680,0.7040800000,0.7041100000
1790188054083,0.7041000000,0.7041300000
1790188054486,0.7040900000,0.7041200000
1790188056095,0.7041100000,0.7041300000
1790188061733,0.7041000000,0.7041200000
1790188063343,0.7041100000,0.7041300000
1790188065459,0.7041200000,0.7041400000
1790188070818,0.7040900000,0.7041100000
1790188071623,0.7041100000,0.7041400000
1790188072428,0.7041100000,0.7041300000
1790188072830,0.7041000000,0.7041200000
1790188074039,0.7040900000,0.7041200000
1790188074441,0.7040800000,0.7041000000
1790188074844,0.7040700000,0.7040900000
1790188076254,0.7040600000,0.7040800000
1790188078366,0.7040700000,0.7040900000
1790188078769,0.7040700000,0.7040800000
1790188079674,0.7040600000,0.7040800000
1790188080077,0.7040600000,0.7040800000
1790188080479,0.7040300000,0.7040600000
1790188083301,0.7040600000,0.7040800000
1790188083703,0.7040500000,0.7040700000
1790188084106,0.7040300000,0.7040500000
1790188084510,0.7040300000,0.7040600000
1790188086928,0.7040300000,0.7040500000
1790188087331,0.7040100000,0.7040400000
1790188088539,0.7040100000,0.7040300000
1790188089546,0.7040100000,0.7040200000
1790188089950,0.7040000000,0.7040200000
1790188090858,0.7039900000,0.7040100000
1790188091261,0.7039800000,0.7040000000
1790188092066,0.7039900000,0.7040100000
1790188093374,0.7039800000,0.7040000000
1790188094983,0.7039700000,0.7039900000
1790188098205,0.7039600000,0.7039800000
1790188107463,0.7039700000,0.7039900000
1790188107866,0.7039800000,0.7040000000
1790188111289,0.7039800000,0.7039900000
1790188111691,0.7039700000,0.7039900000
1790188113402,0.7040000000,0.7040200000
1790188118436,0.7039900000,0.7040100000
1790188118839,0.7039800000,0.7040000000
1790188120248,0.7039800000,0.7040100000
1790188120651,0.7039800000,0.7040000000
1790188121456,0.7039900000,0.7040100000
1790188125181,0.7039800000,0.7040000000
1790188129511,0.7039900000,0.7040000000
1790188129912,0.7039800000,0.7040000000
1790188130315,0.7040000000,0.7040200000
1790188140177,0.7040100000,0.7040200000
1790188140579,0.7040200000,0.7040400000
1790188140983,0.7040400000,0.7040600000
1790188141385,0.7040600000,0.7040800000
1790188142190,0.7040600000,0.7040700000
1790188142593,0.7040200000,0.7040400000
1790188142995,0.7040100000,0.7040300000
1790188144705,0.7040200000,0.7040400000
1790188148127,0.7040100000,0.7040400000
1790188149435,0.7040400000,0.7040700000
1790188149837,0.7040300000,0.7040600000
1790188150642,0.7040300000,0.7040500000
1790188151449,0.7040300000,0.7040600000
1790188152254,0.7040400000,0.7040700000
1790188152657,0.7040500000,0.7040700000
1790188153060,0.7040600000,0.7040800000
1790188153865,0.7040300000,0.7040600000
1790188154671,0.7040400000,0.7040700000
1790188155476,0.7040600000,0.7040800000
1790188156684,0.7040500000,0.7040700000
1790188157892,0.7040600000,0.7040800000
1790188158697,0.7040600000,0.7040700000
1790188162722,0.7040400000,0.7040700000
1790188163124,0.7040400000,0.7040600000
1790188163527,0.7040300000,0.7040500000
1790188166043,0.7040200000,0.7040400000
1790188166847,0.7040200000,0.7040300000
1790188168356,0.7040100000,0.7040300000
1790188168758,0.7040000000,0.7040200000
1790188169563,0.7040100000,0.7040300000
1790188172786,0.7039800000,0.7040000000
1790188173992,0.7039600000,0.7039800000
1790188176107,0.7039700000,0.7039800000
1790188177818,0.7039600000,0.7039800000
1790188178824,0.7039800000,0.7040000000
1790188189392,0.7040000000,0.7040200000
1790188189794,0.7040100000,0.7040300000
1790188194827,0.7039800000,0.7040000000
1790188197444,0.7039700000,0.7039900000
1790188200262,0.7039700000,0.7039900000
1790188200664,0.7039300000,0.7039500000
1790188201871,0.7039600000,0.7039800000
1790188202274,0.7039500000,0.7039700000
1790188202677,0.7039300000,0.7039700000
1790188203079,0.7039500000,0.7039700000
1790188203482,0.7039300000,0.7039500000
1790188205093,0.7039200000,0.7039500000
1790188205496,0.7039100000,0.7039300000
1790188205899,0.7039000000,0.7039200000
1790188206301,0.7039100000,0.7039300000
1790188206704,0.7038900000,0.7039100000
1790188207509,0.7038800000,0.7039000000
1790188210027,0.7038700000,0.7038900000
1790188210831,0.7038600000,0.7038800000
1790188215057,0.7038500000,0.7038800000
1790188215661,0.7038600000,0.7038800000
1790188216466,0.7038700000,0.7038900000
1790188219385,0.7038400000,0.7038600000
1790188219788,0.7038600000,0.7038800000
1790188220996,0.7038700000,0.7038900000
1790188222706,0.7038500000,0.7038700000
1790188223108,0.7038400000,0.7038600000
1790188223511,0.7038300000,0.7038500000
1790188228642,0.7038500000,0.7038600000
1790188229044,0.7038300000,0.7038500000
1790188230655,0.7038400000,0.7038600000
1790188231462,0.7038200000,0.7038400000
1790188232871,0.7038100000,0.7038300000
1790188234080,0.7038100000,0.7038400000
1790188235287,0.7038100000,0.7038300000
1790188240622,0.7038000000,0.7038200000
1790188242434,0.7037900000,0.7038100000
1790188243239,0.7037800000,0.7038000000
1790188246360,0.7037700000,0.7037900000
1790188247166,0.7037600000,0.7037800000
1790188250990,0.7037500000,0.7037700000
1790188251795,0.7037400000,0.7037600000
1790188254614,0.7037500000,0.7037600000
1790188255017,0.7037500000,0.7037700000
1790188256627,0.7037600000,0.7037700000
1790188257029,0.7037600000,0.7037800000
1790188258237,0.7038100000,0.7038300000
1790188258640,0.7038100000,0.7038400000
1790188260352,0.7038100000,0.7038200000
1790188260855,0.7038100000,0.7038400000
1790188261660,0.7038100000,0.7038300000
1790188263273,0.7038100000,0.7038400000
1790188263676,0.7038000000,0.7038200000
1790188264077,0.7037800000,0.7038000000
1790188264480,0.7037600000,0.7037900000
1790188267297,0.7037700000,0.7038000000
1790188268505,0.7037700000,0.7037900000
1790188268909,0.7037600000,0.7037900000
1790188269312,0.7037300000,0.7037500000
1790188269715,0.7037200000,0.7037400000
1790188275956,0.7037200000,0.7037500000
1790188276861,0.7037300000,0.7037500000
1790188277668,0.7037200000,0.7037500000
1790188280888,0.7037200000,0.7037400000
1790188281291,0.7037200000,0.7037500000
1790188282296,0.7037500000,0.7037700000
1790188283000,0.7037700000,0.7037800000
1790188283403,0.7037500000,0.7037700000
1790188284208,0.7037200000,0.7037400000
1790188285416,0.7037500000,0.7037700000
1790188286221,0.7037600000,0.7037800000
1790188287227,0.7037700000,0.7037900000
1790188288435,0.7037700000,0.7037800000
1790188288838,0.7037700000,0.7037900000
1790188290851,0.7037600000,0.7037800000
1790188291153,0.7037500000,0.7037600000
1790188291556,0.7037500000,0.7037700000
1790188293770,0.7037600000,0.7037800000
1790188294171,0.7037600000,0.7037700000
1790188294574,0.7037000000,0.7037300000
1790188295783,0.7037000000,0.7037200000
1790188297392,0.7036800000,0.7037000000
1790188297796,0.7036800000,0.7037100000
1790188298198,0.7036900000,0.7037100000
1790188298601,0.7037400000,0.7037500000
1790188299004,0.7037400000,0.7037600000
1790188300815,0.7037300000,0.7037500000
1790188302827,0.7037200000,0.7037500000
1790188304035,0.7037100000,0.7037500000
1790188304437,0.7037100000,0.7037400000
1790188304840,0.7036700000,0.7037000000
1790188305645,0.7036600000,0.7036900000
1790188306855,0.7036500000,0.7036900000
1790188307258,0.7036700000,0.7036900000
1790188308466,0.7036900000,0.7037000000
1790188308869,0.7036800000,0.7037000000
1790188309272,0.7037000000,0.7037100000
1790188310077,0.7036900000,0.7037100000
1790188311285,0.7036800000,0.7037100000
1790188311687,0.7036900000,0.7037100000
1790188316117,0.7037000000,0.7037100000
1790188316520,0.7036900000,0.7037100000
1790188316923,0.7037000000,0.7037200000
1790188317325,0.7037000000,0.7037400000
1790188317729,0.7036900000,0.7037300000
1790188318130,0.7036900000,0.7037200000
1790188318936,0.7037000000,0.7037200000
1790188319338,0.7036900000,0.7037200000
1790188319741,0.7037000000,0.7037200000
1790188320143,0.7037000000,0.7037300000
1790188320546,0.7037200000,0.7037300000
1790188322457,0.7037400000,0.7037600000
1790188322860,0.7037500000,0.7037800000
1790188324067,0.7037300000,0.7037500000
1790188324471,0.7037100000,0.7037400000
1790188324872,0.7037000000,0.7037300000
1790188328898,0.7036800000,0.7037200000
1790188329301,0.7037000000,0.7037300000
1790188330509,0.7036900000,0.7037300000
1790188330912,0.7036900000,0.7037200000
1790188331315,0.7036800000,0.7037100000
1790188331719,0.7036700000,0.7037000000
1790188332122,0.7036500000,0.7036900000
1790188332525,0.7036600000,0.7036900000
1790188334941,0.7036300000,0.7036600000
1790188335345,0.7036400000,0.7036700000
1790188336552,0.7036300000,0.7036600000
1790188336954,0.7036500000,0.7036700000
1790188338162,0.7036600000,0.7036800000
1790188338564,0.7036500000,0.7036800000
1790188341987,0.7036400000,0.7036800000
1790188342389,0.7036500000,0.7036800000
1790188342792,0.7036600000,0.7036800000
1790188343194,0.7036700000,0.7036900000
1790188344603,0.7037000000,0.7037100000
1790188345004,0.7037000000,0.7037300000
1790188345407,0.7037100000,0.7037300000
1790188345810,0.7037200000,0.7037400000
1790188346214,0.7037100000,0.7037400000
1790188346617,0.7037000000,0.7037400000
1790188347421,0.7037100000,0.7037400000
1790188347824,0.7037000000,0.7037400000
1790188348629,0.7037000000,0.7037300000
1790188349434,0.7037000000,0.7037400000
1790188350239,0.7037100000,0.7037400000
1790188350642,0.7037000000,0.7037400000
1790188351448,0.7037100000,0.7037400000
1790188353560,0.7037100000,0.7037300000
1790188357687,0.7037200000,0.7037400000
1790188358491,0.7037300000,0.7037500000
1790188361513,0.7037400000,0.7037600000
1790188361914,0.7037500000,0.7037700000
1790188364131,0.7037300000,0.7037500000
1790188366447,0.7037200000,0.7037400000
1790188370170,0.7037100000,0.7037300000
1790188370572,0.7036900000,0.7037000000
1790188370975,0.7036900000,0.7037100000
1790188371378,0.7037000000,0.7037200000
1790188373592,0.7036800000,0.7037200000
1790188373995,0.7036800000,0.7037000000
1790188374397,0.7037000000,0.7037200000
1790188380133,0.7037000000,0.7037200000
1790188380536,0.7037400000,0.7037600000
1790188381745,0.7037600000,0.7037800000
1790188382147,0.7037700000,0.7037900000
1790188383758,0.7037500000,0.7037700000
1790188384159,0.7037400000,0.7037600000
1790188386174,0.7037300000,0.7037500000
1790188387281,0.7037500000,0.7037700000
1790188387683,0.7037600000,0.7037800000
1790188390601,0.7037700000,0.7037900000
1790188395536,0.7037600000,0.7037800000
1790188396340,0.7037200000,0.7037400000
1790188398050,0.7037300000,0.7037500000
1790188399862,0.7037500000,0.7037700000
1790188400265,0.7037600000,0.7037800000
1790188401473,0.7037700000,0.7037900000
1790188402278,0.7037700000,0.7037800000
1790188405096,0.7037700000,0.7037900000
1790188408417,0.7037700000,0.7037800000
1790188411839,0.7037600000,0.7037800000
1790188415662,0.7037700000,0.7037900000
1790188416769,0.7037400000,0.7037700000
1790188421499,0.7037700000,0.7037900000
1790188421902,0.7037800000,0.7038000000
1790188432468,0.7037800000,0.7038100000
1790188437300,0.7037700000,0.7037900000
1790188440924,0.7037700000,0.7037900000
1790188443238,0.7037700000,0.7037800000
1790188443641,0.7037500000,0.7037700000
1790188444043,0.7037100000,0.7037400000
1790188444848,0.7037300000,0.7037600000
1790188445653,0.7037300000,0.7037500000
1790188446055,0.7037200000,0.7037500000
1790188446458,0.7037300000,0.7037500000
1790188446860,0.7037300000,0.7037600000
1790188447263,0.7037200000,0.7037500000
1790188447665,0.7037200000,0.7037600000
1790188448067,0.7037300000,0.7037600000
1790188448873,0.7037200000,0.7037600000
1790188449276,0.7037500000,0.7037700000
1790188449678,0.7037500000,0.7037800000
1790188450081,0.7037600000,0.7037800000
1790188450484,0.7037700000,0.7038000000
1790188451289,0.7037800000,0.7038000000
1790188451691,0.7037800000,0.7038100000
1790188457629,0.7038100000,0.7038200000
1790188458031,0.7037800000,0.7038100000
1790188459842,0.7038000000,0.7038400000
1790188461552,0.7038000000,0.7038300000
1790188461956,0.7038000000,0.7038400000
1790188462359,0.7038000000,0.7038300000
1790188462661,0.7037800000,0.7038000000
1790188463063,0.7037800000,0.7038100000
1790188463467,0.7037900000,0.7038100000
1790188464271,0.7037800000,0.7038100000
1790188465075,0.7037800000,0.7038000000
1790188465478,0.7037900000,0.7038100000
1790188465881,0.7038100000,0.7038400000
1790188467895,0.7038100000,0.7038300000
1790188470414,0.7038200000,0.7038500000
1790188470816,0.7038200000,0.7038400000
1790188471218,0.7038200000,0.7038500000
1790188472123,0.7038300000,0.7038500000
1790188472526,0.7038400000,0.7038700000
1790188472928,0.7038400000,0.7038600000
1790188474941,0.7038300000,0.7038500000
1790188477458,0.7038300000,0.7038600000
1790188480176,0.7038300000,0.7038500000
1790188480579,0.7038200000,0.7038500000
1790188481787,0.7038200000,0.7038400000
1790188483397,0.7038600000,0.7038900000
1790188484203,0.7038600000,0.7039000000
1790188484605,0.7038700000,0.7038900000
1790188485411,0.7038700000,0.7039000000
1790188486618,0.7038700000,0.7038900000
1790188487826,0.7038200000,0.7038400000
1790188488230,0.7038100000,0.7038300000
1790188488633,0.7038100000,0.7038400000
1790188489035,0.7038200000,0.7038500000
1790188489438,0.7038100000,0.7038500000
1790188489840,0.7038200000,0.7038400000
1790188490243,0.7038200000,0.7038500000
1790188491047,0.7038300000,0.7038600000
1790188491450,0.7038400000,0.7038600000
1790188491853,0.7038300000,0.7038600000
1790188493564,0.7038400000,0.7038700000
1790188494368,0.7038400000,0.7038600000
1790188494771,0.7038300000,0.7038600000
1790188497589,0.7038200000,0.7038600000
1790188499299,0.7038300000,0.7038600000
1790188500507,0.7038300000,0.7038600000
1790188501312,0.7038200000,0.7038500000
1790188505136,0.7038300000,0.7038500000
1790188505539,0.7038200000,0.7038500000
1790188505942,0.7038300000,0.7038600000
1790188507552,0.7038200000,0.7038600000
1790188508358,0.7038300000,0.7038600000
1790188509165,0.7038200000,0.7038600000
1790188510473,0.7038300000,0.7038600000
1790188511278,0.7038200000,0.7038600000
1790188511681,0.7038300000,0.7038600000
1790188514502,0.7038300000,0.7038500000
1790188515107,0.7038300000,0.7038600000
1790188517119,0.7038400000,0.7038600000
1790188517523,0.7038300000,0.7038600000
1790188518227,0.7038400000,0.7038600000
1790188519034,0.7038300000,0.7038700000
1790188519637,0.7038400000,0.7038700000
1790188520040,0.7038600000,0.7038900000
1790188521650,0.7038700000,0.7038900000
1790188523260,0.7038800000,0.7039000000
1790188525273,0.7038800000,0.7039100000
1790188525675,0.7039100000,0.7039400000
1790188527688,0.7039100000,0.7039300000
1790188528091,0.7039000000,0.7039200000
1790188528493,0.7039000000,0.7039300000
1790188530204,0.7039100000,0.7039400000
1790188530607,0.7039200000,0.7039500000
1790188530908,0.7039400000,0.7039600000
1790188531412,0.7039400000,0.7039700000
1790188531814,0.7039600000,0.7039800000
1790188532317,0.7039500000,0.7039800000
1790188532720,0.7039400000,0.7039600000
1790188534330,0.7039200000,0.7039500000
1790188534733,0.7039100000,0.7039400000
1790188535739,0.7039200000,0.7039400000
1790188536544,0.7039100000,0.7039400000
1790188536947,0.7039200000,0.7039500000
1790188537350,0.7039100000,0.7039500000
1790188537752,0.7039100000,0.7039400000
1790188538155,0.7039300000,0.7039500000
1790188538960,0.7039400000,0.7039600000
1790188540067,0.7039600000,0.7039800000
1790188540671,0.7039600000,0.7039900000
1790188541476,0.7039700000,0.7039900000
1790188541878,0.7039700000,0.7040000000
1790188543891,0.7039700000,0.7039900000
1790188545904,0.7040100000,0.7040300000
1790188546307,0.7040200000,0.7040500000
1790188546709,0.7040300000,0.7040600000
1790188547515,0.7040500000,0.7040800000
1790188547918,0.7040600000,0.7040800000
1790188548319,0.7040500000,0.7040700000
1790188548722,0.7040300000,0.7040600000
1790188550734,0.7040300000,0.7040500000
1790188551136,0.7040300000,0.7040600000
1790188554559,0.7040400000,0.7040600000
1790188554962,0.7040400000,0.7040700000
1790188556974,0.7040300000,0.7040600000
1790188557377,0.7040100000,0.7040300000
1790188558183,0.7040000000,0.7040300000
1790188560395,0.7040000000,0.7040200000
1790188560798,0.7039700000,0.7039900000
1790188561201,0.7039700000,0.7040000000
1790188562509,0.7039600000,0.7039900000
1790188562912,0.7039400000,0.7039700000
1790188566232,0.7039500000,0.7039800000
1790188567641,0.7039600000,0.7039900000
1790188568446,0.7039700000,0.7039900000
1790188568849,0.7040000000,0.7040300000
1790188569252,0.7040100000,0.7040300000
1790188571970,0.7040100000,0.7040400000
1790188573784,0.7040100000,0.7040300000
1790188574589,0.7040100000,0.7040400000
1790188574990,0.7040200000,0.7040400000
1790188575394,0.7040100000,0.7040300000
1790188576402,0.7040100000,0.7040400000
1790188576804,0.7040100000,0.7040300000
1790188578414,0.7040000000,0.7040200000
1790188579219,0.7039700000,0.7040000000
1790188579621,0.7039800000,0.7040100000
1790188580024,0.7039800000,0.7040000000
1790188580426,0.7039800000,0.7040100000
1790188581634,0.7039700000,0.7040000000
1790188582036,0.7039500000,0.7039800000
1790188582439,0.7039500000,0.7039700000
1790188582841,0.7039500000,0.7039800000
1790188583747,0.7039500000,0.7039700000
1790188584150,0.7039300000,0.7039600000
1790188584955,0.7039300000,0.7039500000
1790188585358,0.7039200000,0.7039400000
1790188586867,0.7039100000,0.7039300000
1790188587270,0.7038900000,0.7039200000
1790188587673,0.7039100000,0.7039300000
1790188591296,0.7039100000,0.7039400000
1790188592905,0.7039100000,0.7039200000
1790188593308,0.7038800000,0.7039100000
1790188593712,0.7038600000,0.7038900000
1790188594113,0.7038500000,0.7038700000
1790188594918,0.7038300000,0.7038500000
1790188595321,0.7038200000,0.7038400000
1790188598137,0.7038100000,0.7038400000
1790188598540,0.7038000000,0.7038400000
1790188598942,0.7038200000,0.7038400000
1790188599747,0.7038100000,0.7038400000
1790188603369,0.7038000000,0.7038200000
1790188604376,0.7037800000,0.7038000000
1790188607800,0.7037800000,0.7037900000
1790188608203,0.7037800000,0.7038000000
1790188609916,0.7037800000,0.7037900000
1790188610319,0.7037700000,0.7037900000
1790188613239,0.7037700000,0.7038000000
1790188616963,0.7037700000,0.7037900000
1790188618774,0.7037500000,0.7037800000
1790188620688,0.7037500000,0.7037800000
1790188625724,0.7037500000,0.7037700000
1790188629851,0.7037800000,0.7038000000
1790188630656,0.7037700000,0.7038000000
1790188631059,0.7037600000,0.7037800000
1790188634682,0.7037700000,0.7038000000
1790188635486,0.7037900000,0.7038100000
1790188635888,0.7038000000,0.7038200000
1790188637097,0.7037900000,0.7038100000
1790188637901,0.7038000000,0.7038200000
1790188643033,0.7038000000,0.7038300000
1790188644341,0.7038100000,0.7038300000
1790188653905,0.7038000000,0.7038200000
1790188654407,0.7037900000,0.7038200000
1790188654811,0.7038000000,0.7038200000
1790188656420,0.7038100000,0.7038200000
1790188656823,0.7038000000,0.7038200000
1790188657225,0.7038100000,0.7038200000
1790188657628,0.7038000000,0.7038200000
1790188658031,0.7038100000,0.7038300000
1790188660950,0.7038200000,0.7038300000
1790188662560,0.7038100000,0.7038300000
1790188662964,0.7038200000,0.7038400000
1790188668321,0.7038300000,0.7038500000
1790188669530,0.7038300000,0.7038600000
1790188669932,0.7038500000,0.7038700000
1790188671442,0.7038400000,0.7038700000
1790188672249,0.7038500000,0.7038700000
1790188674464,0.7038500000,0.7038600000
1790188674866,0.7038800000,0.7039000000
1790188676074,0.7039000000,0.7039300000
1790188676879,0.7039000000,0.7039200000
1790188677282,0.7039000000,0.7039300000
1790188678491,0.7038900000,0.7039200000
1790188678893,0.7038900000,0.7039100000
1790188679396,0.7038900000,0.7039200000
1790188679800,0.7039000000,0.7039300000
1790188680203,0.7039000000,0.7039300000
1790188680505,0.7039100000,0.7039400000
1790188680907,0.7039000000,0.7039300000
1790188683225,0.7038800000,0.7039000000
1790188689063,0.7039000000,0.7039300000
1790188689464,0.7038900000,0.7039200000
1790188689867,0.7038800000,0.7039100000
1790188692586,0.7038800000,0.7038900000
1790188692988,0.7038800000,0.7039000000
1790188693793,0.7038600000,0.7038800000
1790188694195,0.7038700000,0.7039000000
1790188695000,0.7038700000,0.7038900000
1790188697415,0.7038700000,0.7039000000
1790188697818,0.7038900000,0.7039200000
1790188698221,0.7039000000,0.7039200000
1790188698724,0.7038900000,0.7039200000
1790188700436,0.7039000000,0.7039200000
1790188702853,0.7038900000,0.7039200000
1790188704866,0.7039000000,0.7039200000
1790188705774,0.7039000000,0.7039300000
1790188710805,0.7038800000,0.7039000000
1790188711208,0.7038700000,0.7038900000
1790188714933,0.7039000000,0.7039200000
1790188719361,0.7038900000,0.7039100000
1790188719764,0.7038800000,0.7039000000
1790188720971,0.7038800000,0.7038900000
1790188721778,0.7038800000,0.7039000000
1790188722181,0.7038700000,0.7038900000
1790188723690,0.7038700000,0.7038800000
1790188725502,0.7038700000,0.7038900000
1790188731242,0.7038600000,0.7038700000
1790188731644,0.7038600000,0.7038800000
1790188732048,0.7038700000,0.7038900000
1790188732854,0.7038700000,0.7038800000
1790188733659,0.7038700000,0.7038900000
1790188739499,0.7038600000,0.7038800000
1790188740203,0.7038600000,0.7038800000
1790188746745,0.7038300000,0.7038600000
1790188748154,0.7038400000,0.7038700000
1790188751579,0.7038500000,0.7038800000
1790188752383,0.7038500000,0.7038700000
1790188752789,0.7038300000,0.7038600000
1790188753192,0.7038400000,0.7038700000
1790188754097,0.7038500000,0.7038800000
1790188754500,0.7038600000,0.7038900000
1790188755305,0.7038600000,0.7038800000
1790188757016,0.7038600000,0.7038900000
1790188757419,0.7038700000,0.7038900000
1790188757821,0.7038700000,0.7039000000
1790188759835,0.7038700000,0.7038900000
1790188761647,0.7038600000,0.7038800000
1790188762051,0.7038700000,0.7038900000
1790188762453,0.7038700000,0.7039000000
1790188762856,0.7038700000,0.7038900000
1790188764064,0.7038600000,0.7038800000
1790188766278,0.7038600000,0.7038900000
1790188766681,0.7038500000,0.7038800000
1790188767085,0.7038200000,0.7038300000
1790188768291,0.7038000000,0.7038300000
1790188769600,0.7038000000,0.7038200000
1790188770003,0.7037800000,0.7038000000
1790188770405,0.7037700000,0.7038000000
1790188771211,0.7037700000,0.7037900000
1790188772015,0.7037700000,0.7038000000
1790188772821,0.7037700000,0.7037900000
1790188773223,0.7037600000,0.7037800000
1790188773626,0.7037600000,0.7037900000
1790188778960,0.7037600000,0.7037800000
1790188779361,0.7037600000,0.7037900000
1790188781072,0.7037600000,0.7037800000
1790188781475,0.7037500000,0.7037700000
1790188781878,0.7037300000,0.7037600000
1790188782280,0.7037200000,0.7037500000
1790188783991,0.7037200000,0.7037600000
1790188784393,0.7037300000,0.7037600000
1790188785802,0.7037200000,0.7037600000
1790188786204,0.7037200000,0.7037500000
1790188786607,0.7037200000,0.7037600000
1790188787009,0.7037400000,0.7037600000
1790188788318,0.7037200000,0.7037500000
1790188790029,0.7037300000,0.7037500000
1790188790431,0.7037200000,0.7037600000
1790188790935,0.7037200000,0.7037500000
1790188793450,0.7037800000,0.7038000000
1790188795161,0.7037700000,0.7038000000
1790188800495,0.7037700000,0.7037900000
1790188800897,0.7037800000,0.7038000000
1790188801301,0.7037900000,0.7038100000
1790188801904,0.7037800000,0.7038100000
1790188802307,0.7037800000,0.7038000000
1790188802709,0.7037600000,0.7037900000
1790188803515,0.7037600000,0.7037800000
1790188806634,0.7037400000,0.7037600000
1790188810359,0.7037300000,0.7037500000
1790188811164,0.7037400000,0.7037600000
1790188814587,0.7037500000,0.7037700000
1790188814991,0.7037500000,0.7037800000
1790188819520,0.7037600000,0.7037800000
1790188820728,0.7037600000,0.7037900000
1790188821129,0.7037600000,0.7038000000
1790188821934,0.7037600000,0.7037900000
1790188822337,0.7037600000,0.7038000000
1790188822740,0.7037700000,0.7038000000
1790188824351,0.7037700000,0.7037900000
1790188824754,0.7037500000,0.7037700000
1790188825760,0.7037500000,0.7037800000
1790188826971,0.7037600000,0.7037900000
1790188829789,0.7037900000,0.7038100000
1790188831500,0.7037900000,0.7038000000
1790188831902,0.7037700000,0.7037900000
1790188835024,0.7037900000,0.7038100000
1790188835426,0.7037700000,0.7037900000
1790188837942,0.7037800000,0.7038000000
1790188838747,0.7037900000,0.7038000000
1790188839553,0.7037800000,0.7038000000
1790188840862,0.7037900000,0.7038000000
1790188841264,0.7037900000,0.7038100000
1790188841669,0.7037800000,0.7038000000
1790188845293,0.7037700000,0.7037900000
1790188846502,0.7037700000,0.7038000000
1790188846903,0.7037800000,0.7038000000
1790188853348,0.7037700000,0.7037900000
1790188857979,0.7037600000,0.7037800000
1790188858381,0.7037700000,0.7037900000
1790188858784,0.7037800000,0.7037900000
1790188859187,0.7037800000,0.7038000000
1790188859590,0.7037900000,0.7038100000
1790188860396,0.7037900000,0.7038100000
1790188862612,0.7037700000,0.7037900000
1790188864223,0.7037800000,0.7038000000
1790188864625,0.7038100000,0.7038300000
1790188865836,0.7038100000,0.7038200000
1790188866238,0.7037700000,0.7037900000
1790188868954,0.7037600000,0.7037800000
1790188871572,0.7037800000,0.7038000000
1790188873987,0.7037800000,0.7037900000
1790188874390,0.7037800000,0.7038000000
1790188874792,0.7037600000,0.7037800000
1790188875195,0.7037900000,0.7038100000
1790188875597,0.7038000000,0.7038100000
1790188875999,0.7037800000,0.7037900000
1790188877610,0.7037600000,0.7037800000
1790188878415,0.7037600000,0.7037900000
1790188879222,0.7037600000,0.7037800000
1790188879623,0.7037600000,0.7037900000
1790188880026,0.7037600000,0.7037800000
1790188882642,0.7037600000,0.7037700000
1790188883047,0.7037600000,0.7037800000
1790188886973,0.7037900000,0.7038100000
1790188890697,0.7037800000,0.7038000000
1790188891099,0.7037800000,0.7037900000
1790188891803,0.7037700000,0.7037900000
1790188894218,0.7037700000,0.7037800000
1790188900258,0.7037200000,0.7037400000
1790188901465,0.7037100000,0.7037400000
1790188901868,0.7037100000,0.7037300000
1790188903378,0.7037100000,0.7037400000
1790188911430,0.7037100000,0.7037300000
1790188911832,0.7036300000,0.7036600000
1790188913946,0.7036300000,0.7036400000
1790188914751,0.7036300000,0.7036500000
1790188915859,0.7036100000,0.7036300000
1790188920187,0.7036100000,0.7036300000
1790188923814,0.7036200000,0.7036400000
1790188925021,0.7036200000,0.7036300000
1790188928243,0.7036200000,0.7036400000
1790188929854,0.7036100000,0.7036400000
1790188930256,0.7036100000,0.7036300000
1790188934184,0.7036200000,0.7036300000
1790188934588,0.7036100000,0.7036300000
1790188937606,0.7036200000,0.7036300000
1790188938008,0.7036300000,0.7036400000
1790188938411,0.7036400000,0.7036600000
1790188940729,0.7036200000,0.7036300000
1790188941131,0.7036100000,0.7036300000
1790188943447,0.7036100000,0.7036400000
1790188948782,0.7036100000,0.7036300000
1790188952407,0.7036600000,0.7036900000
1790188952808,0.7036800000,0.7036900000
1790188953211,0.7036900000,0.7037000000
1790188953614,0.7037100000,0.7037300000
1790188954418,0.7037200000,0.7037400000
1790188955424,0.7037100000,0.7037400000
1790188957136,0.7037100000,0.7037300000
1790188957539,0.7037100000,0.7037400000
1790188959552,0.7036900000,0.7037200000
1790188959954,0.7037100000,0.7037400000
1790188960761,0.7037200000,0.7037400000
1790188961566,0.7037200000,0.7037300000
1790188962370,0.7037000000,0.7037200000
1790188963176,0.7037000000,0.7037300000
1790188963579,0.7037100000,0.7037300000
1790188964384,0.7037100000,0.7037400000
1790188964886,0.7037100000,0.7037300000
1790188965289,0.7037100000,0.7037400000
1790188965692,0.7037100000,0.7037300000
1790188966497,0.7037100000,0.7037400000
1790188966899,0.7037200000,0.7037400000
1790188967704,0.7037100000,0.7037400000
1790188971025,0.7037200000,0.7037400000
1790188971528,0.7037300000,0.7037400000
1790188972232,0.7037200000,0.7037400000
1790188974044,0.7037100000,0.7037400000
1790188974447,0.7037200000,0.7037400000
1790188976057,0.7037300000,0.7037400000
1790188976460,0.7037100000,0.7037400000
1790188977668,0.7037200000,0.7037400000
1790188978071,0.7037100000,0.7037400000
1790188979279,0.7037200000,0.7037400000
1790188980084,0.7037300000,0.7037400000
1790188980487,0.7037300000,0.7037500000
1790188982501,0.7037200000,0.7037500000
1790188986024,0.7037200000,0.7037400000
1790188988337,0.7037200000,0.7037300000
1790188989142,0.7037100000,0.7037300000
1790188989544,0.7037000000,0.7037200000
1790188989948,0.7036700000,0.7037000000
1790188990754,0.7036800000,0.7037000000
1790188991960,0.7036900000,0.7037100000
1790188997999,0.7037100000,0.7037300000
1790188999207,0.7037200000,0.7037300000
1790188999609,0.7037300000,0.7037500000
1790189000112,0.7037300000,0.7037400000
1790189000515,0.7036900000,0.7037100000
1790189000918,0.7036800000,0.7037000000
1790189004743,0.7037100000,0.7037300000
1790189005147,0.7037200000,0.7037300000
1790189005550,0.7037100000,0.7037300000
1790189007160,0.7037200000,0.7037300000
1790189012092,0.7037100000,0.7037300000
1790189015011,0.7037300000,0.7037500000
1790189015414,0.7037100000,0.7037300000
1790189021357,0.7037000000,0.7037200000
1790189022967,0.7037100000,0.7037300000
1790189028503,0.7037200000,0.7037300000
1790189028905,0.7037300000,0.7037400000
1790189029409,0.7037200000,0.7037400000
1790189033435,0.7037300000,0.7037500000
1790189033837,0.7037200000,0.7037400000
1790189034240,0.7037300000,0.7037500000
1790189036152,0.7037200000,0.7037400000
1790189040178,0.7037200000,0.7037400000
1790189065142,0.7037100000,0.7037400000
1790189065545,0.7037100000,0.7037300000
1790189066350,0.7037100000,0.7037400000
1790189071585,0.7037200000,0.7037400000
1790189077826,0.7037200000,0.7037500000
1790189084067,0.7037700000,0.7037900000
1790189084470,0.7037800000,0.7038000000
1790189088597,0.7037800000,0.7038100000
1790189088999,0.7038000000,0.7038300000
1790189089402,0.7038100000,0.7038400000
1790189091414,0.7038000000,0.7038400000
1790189092219,0.7038000000,0.7038300000
1790189093024,0.7038000000,0.7038200000
1790189093427,0.7038000000,0.7038300000
1790189096244,0.7038100000,0.7038400000
1790189096647,0.7038100000,0.7038300000
1790189097049,0.7038100000,0.7038400000
1790189098257,0.7038100000,0.7038300000
1790189100370,0.7038100000,0.7038300000
1790189101176,0.7038000000,0.7038300000
1790189101982,0.7038100000,0.7038400000
1790189102384,0.7038000000,0.7038300000
1790189102786,0.7037700000,0.7037900000
1790189103995,0.7037700000,0.7038000000
1790189104398,0.7037800000,0.7038100000
1790189106814,0.7037900000,0.7038100000
1790189107620,0.7037800000,0.7038100000
1790189111648,0.7037900000,0.7038100000
1790189112553,0.7038200000,0.7038400000
1790189112956,0.7038200000,0.7038500000
1790189113358,0.7038200000,0.7038400000
1790189114266,0.7038200000,0.7038300000
1790189116077,0.7038200000,0.7038400000
1790189116480,0.7038200000,0.7038500000
1790189118896,0.7038300000,0.7038500000
1790189119701,0.7038300000,0.7038600000
1790189124432,0.7038400000,0.7038600000
1790189124837,0.7038300000,0.7038600000
1790189126044,0.7038300000,0.7038500000
1790189130574,0.7038300000,0.7038600000
1790189133090,0.7038300000,0.7038500000
1790189133494,0.7038200000,0.7038400000
1790189133896,0.7038200000,0.7038500000
1790189134701,0.7038200000,0.7038400000
1790189136612,0.7038200000,0.7038500000
1790189138323,0.7038200000,0.7038400000
1790189139128,0.7038200000,0.7038500000
1790189139531,0.7038200000,0.7038400000
1790189139933,0.7038200000,0.7038500000
1790189140336,0.7038200000,0.7038400000
1790189140738,0.7038200000,0.7038500000
1790189141544,0.7038200000,0.7038400000
1790189141948,0.7038200000,0.7038500000
1790189143156,0.7038200000,0.7038300000
1790189144061,0.7038200000,0.7038400000
1790189147286,0.7038200000,0.7038300000
1790189149501,0.7038200000,0.7038400000
1790189149903,0.7038200000,0.7038300000
1790189150910,0.7038200000,0.7038400000
1790189151816,0.7038200000,0.7038300000
1790189152217,0.7038100000,0.7038300000
1790189154532,0.7038000000,0.7038200000
1790189160370,0.7038000000,0.7038200000
1790189160774,0.7038000000,0.7038100000
1790189161178,0.7038100000,0.7038300000
1790189161579,0.7038200000,0.7038300000
1790189162084,0.7038100000,0.7038300000
1790189169732,0.7038100000,0.7038400000
1790189170537,0.7038200000,0.7038400000
1790189172953,0.7038300000,0.7038600000
1790189173355,0.7038300000,0.7038500000
1790189176376,0.7038200000,0.7038400000
1790189184024,0.7038400000,0.7038700000
1790189184829,0.7038500000,0.7038700000
1790189185232,0.7038300000,0.7038600000
1790189188049,0.7038400000,0.7038600000
1790189188451,0.7038300000,0.7038600000
1790189189458,0.7038200000,0.7038300000
1790189189861,0.7038600000,0.7038900000
1790189190263,0.7038700000,0.7038900000
1790189190665,0.7038700000,0.7039000000
1790189192175,0.7038700000,0.7038900000
1790189193181,0.7038700000,0.7039000000
1790189194390,0.7038500000,0.7038700000
1790189194792,0.7038600000,0.7038800000
1790189195195,0.7038600000,0.7038900000
1790189196503,0.7038300000,0.7038500000
1790189196905,0.7038200000,0.7038500000
1790189198717,0.7038100000,0.7038400000
1790189199522,0.7038200000,0.7038400000
1790189200226,0.7038200000,0.7038500000
1790189201233,0.7038200000,0.7038400000
1790189202944,0.7038100000,0.7038300000
1790189203749,0.7038000000,0.7038300000
1790189204152,0.7037700000,0.7038000000
1790189205763,0.7037800000,0.7038100000
1790189207371,0.7037900000,0.7038100000
1790189210088,0.7037800000,0.7038000000
1790189210896,0.7038000000,0.7038300000
1790189211299,0.7038100000,0.7038300000
1790189211701,0.7038000000,0.7038300000
1790189212105,0.7038000000,0.7038200000
1790189212608,0.7038000000,0.7038300000
1790189213112,0.7038000000,0.7038200000
1790189214219,0.7038000000,0.7038300000
1790189215430,0.7037700000,0.7038000000
1790189215832,0.7037800000,0.7038000000
1790189216738,0.7037700000,0.7038000000
1790189217140,0.7037800000,0.7038000000
1790189219556,0.7038000000,0.7038200000
1790189219958,0.7037900000,0.7038200000
1790189220362,0.7037900000,0.7038200000
1790189223888,0.7037800000,0.7038000000
1790189225599,0.7037700000,0.7037900000
1790189227713,0.7037300000,0.7037500000
1790189229123,0.7036900000,0.7037100000
1790189230332,0.7036800000,0.7037100000
1790189230734,0.7036800000,0.7037000000
1790189231439,0.7036900000,0.7037000000
1790189232247,0.7036800000,0.7037000000
1790189232750,0.7036900000,0.7037000000
1790189233153,0.7036800000,0.7037000000
1790189233556,0.7036500000,0.7036700000
1790189235972,0.7036500000,0.7036800000
1790189236978,0.7036600000,0.7036800000
1790189237381,0.7036500000,0.7036800000
1790189241910,0.7036100000,0.7036400000
1790189242312,0.7036200000,0.7036400000
1790189242715,0.7036100000,0.7036400000
1790189243118,0.7036200000,0.7036400000
1790189243521,0.7036100000,0.7036400000
1790189247146,0.7036100000,0.7036300000
1790189247649,0.7036000000,0.7036300000
1790189248053,0.7035800000,0.7036000000
1790189250367,0.7035900000,0.7036100000
1790189250770,0.7035800000,0.7036000000
1790189251173,0.7035700000,0.7035900000
1790189253185,0.7035800000,0.7035900000
1790189253992,0.7035700000,0.7035900000
1790189256004,0.7035600000,0.7035800000
1790189256408,0.7035700000,0.7035800000
1790189256809,0.7035600000,0.7035800000
1790189258722,0.7035500000,0.7035700000
1790189261137,0.7035500000,0.7035600000
1790189261542,0.7035300000,0.7035500000
1790189265162,0.7035200000,0.7035400000
1790189268914,0.7035100000,0.7035400000
1790189272537,0.7035200000,0.7035400000
1790189274249,0.7035300000,0.7035500000
1790189277167,0.7035200000,0.7035500000
1790189280087,0.7035200000,0.7035500000
1790189282302,0.7035600000,0.7035800000
1790189282704,0.7035500000,0.7035800000
1790189283510,0.7035700000,0.7035900000
1790189285124,0.7035500000,0.7035700000
1790189285526,0.7035700000,0.7035900000
1790189288748,0.7035800000,0.7036000000
1790189290761,0.7035900000,0.7036200000
1790189292777,0.7036000000,0.7036200000
1790189294896,0.7035900000,0.7036200000
1790189295703,0.7036000000,0.7036200000
1790189296106,0.7035900000,0.7036200000
1790189296508,0.7035700000,0.7035900000
1790189298521,0.7035800000,0.7036000000
1790189303455,0.7035700000,0.7035900000
1790189305166,0.7035600000,0.7035800000
1790189311305,0.7035800000,0.7036000000
1790189311708,0.7035700000,0.7035900000
1790189312111,0.7035600000,0.7035800000
1790189316540,0.7035700000,0.7035900000
1790189316942,0.7035800000,0.7035900000
1790189317445,0.7035700000,0.7035900000
1790189320162,0.7035600000,0.7035800000
1790189320967,0.7035400000,0.7035600000
1790189322778,0.7035500000,0.7035700000
1790189327309,0.7035400000,0.7035600000
1790189328718,0.7035200000,0.7035400000
1790189330731,0.7035200000,0.7035300000
1790189334865,0.7034900000,0.7035000000
1790189335268,0.7034900000,0.7035100000
1790189335669,0.7034900000,0.7035000000
1790189340805,0.7034800000,0.7035000000
1790189342716,0.7035100000,0.7035300000
1790189345535,0.7034900000,0.7035100000
1790189347650,0.7034800000,0.7035000000
1790189348457,0.7034700000,0.7034900000
1790189352181,0.7034600000,0.7034800000
1790189354498,0.7034700000,0.7034900000
1790189355302,0.7034700000,0.7034800000
1790189355704,0.7034600000,0.7034800000
1790189358321,0.7034600000,0.7034700000
1790189359731,0.7034500000,0.7034700000
1790189365770,0.7034600000,0.7034800000
1790189375532,0.7034500000,0.7034800000
1790189375935,0.7034500000,0.7034700000
1790189377144,0.7034300000,0.7034500000
1790189377547,0.7034100000,0.7034300000
1790189379560,0.7034200000,0.7034400000
1790189379963,0.7034300000,0.7034400000
1790189380366,0.7034200000,0.7034400000
1790189381271,0.7034300000,0.7034400000
1790189381674,0.7034300000,0.7034500000
1790189387514,0.7033800000,0.7034000000
1790189397075,0.7033500000,0.7033700000
1790189399189,0.7033600000,0.7033800000
1790189400397,0.7033500000,0.7033800000
1790189400799,0.7033700000,0.7033900000
1790189402514,0.7033600000,0.7033800000
1790189406242,0.7033700000,0.7033900000
1790189408354,0.7033800000,0.7033900000
1790189408756,0.7033900000,0.7034100000
1790189409159,0.7033900000,0.7034200000
1790189409965,0.7034000000,0.7034200000
1790189410368,0.7034100000,0.7034300000
1790189411174,0.7034200000,0.7034400000
1790189411577,0.7034100000,0.7034300000
1790189412986,0.7034200000,0.7034400000
1790189418726,0.7034300000,0.7034500000
1790189420336,0.7034300000,0.7034400000
1790189420738,0.7034200000,0.7034400000
1790189431005,0.7034200000,0.7034300000
1790189431810,0.7033800000,0.7034000000
1790189432212,0.7033700000,0.7033900000
1790189434829,0.7033700000,0.7033800000
1790189435231,0.7033600000,0.7033800000
1790189436036,0.7033500000,0.7033700000
1790189437043,0.7033500000,0.7033600000
1790189437445,0.7033300000,0.7033500000
1790189439660,0.7033400000,0.7033600000
1790189441775,0.7033500000,0.7033600000
1790189442178,0.7033400000,0.7033600000
1790189443386,0.7033300000,0.7033500000
1790189444694,0.7033200000,0.7033300000
1790189446203,0.7033200000,0.7033400000
1790189446605,0.7033000000,0.7033200000
1790189447410,0.7033100000,0.7033300000
1790189452343,0.7033200000,0.7033300000
1790189452746,0.7033300000,0.7033500000
1790189453148,0.7033100000,0.7033300000
1790189453551,0.7033000000,0.7033200000
1790189455764,0.7033000000,0.7033100000
1790189456268,0.7033000000,0.7033200000
1790189456671,0.7033100000,0.7033300000
1790189460697,0.7033100000,0.7033300000
1790189464220,0.7033200000,0.7033300000
1790189465027,0.7033100000,0.7033300000
1790189469155,0.7033200000,0.7033400000
1790189470868,0.7033200000,0.7033300000
1790189471271,0.7033200000,0.7033400000
1790189471673,0.7033200000,0.7033300000
1790189472078,0.7033200000,0.7033400000
1790189477112,0.7033600000,0.7033800000
1790189477516,0.7033600000,0.7033700000
1790189477918,0.7033600000,0.7033800000
1790189481943,0.7033500000,0.7033800000
1790189482346,0.7033300000,0.7033500000
1790189483554,0.7033500000,0.7033700000
1790189484057,0.7033300000,0.7033500000
1790189486273,0.7033000000,0.7033200000
1790189487078,0.7033000000,0.7033100000
1790189487481,0.7032800000,0.7033000000
1790189487884,0.7032600000,0.7032800000
1790189488286,0.7032600000,0.7032900000
1790189489493,0.7032600000,0.7032800000
1790189489996,0.7032600000,0.7032900000
1790189491607,0.7032600000,0.7032800000
1790189492010,0.7032600000,0.7032900000
1790189493720,0.7032700000,0.7033000000
1790189495734,0.7032700000,0.7032900000
1790189496136,0.7032500000,0.7032700000
1790189497042,0.7032600000,0.7032800000
1790189497444,0.7032500000,0.7032800000
1790189498653,0.7032400000,0.7032700000
1790189500363,0.7032500000,0.7032700000
1790189503583,0.7032400000,0.7032700000
1790189504991,0.7032600000,0.7032800000
1790189505394,0.7032600000,0.7032900000
1790189508212,0.7032500000,0.7032900000
1790189508614,0.7032600000,0.7032900000
1790189509017,0.7032700000,0.7032900000
1790189509419,0.7032500000,0.7032900000
1790189509823,0.7032700000,0.7032900000
1790189510226,0.7032600000,0.7032900000
1790189510629,0.7032600000,0.7032800000
1790189511031,0.7032600000,0.7033000000
1790189511835,0.7032700000,0.7033000000
1790189513849,0.7032700000,0.7033100000
1790189515158,0.7032700000,0.7033000000
1790189517673,0.7032600000,0.7033000000
1790189519285,0.7032700000,0.7032900000
1790189519686,0.7032600000,0.7032900000
1790189520089,0.7032600000,0.7033000000
1790189520894,0.7032500000,0.7032800000
1790189521600,0.7032600000,0.7032800000
1790189523209,0.7032500000,0.7032800000
1790189525325,0.7032600000,0.7032800000
1790189526130,0.7032500000,0.7032800000
1790189526532,0.7032600000,0.7032800000
1790189527739,0.7032800000,0.7033000000
1790189528142,0.7032600000,0.7032800000
1790189528545,0.7032500000,0.7032800000
1790189528948,0.7032600000,0.7032800000
1790189530559,0.7032700000,0.7033000000
1790189531364,0.7032800000,0.7033000000
1790189532269,0.7032700000,0.7033000000
1790189533878,0.7032600000,0.7033000000
1790189534887,0.7032700000,0.7033000000
1790189536296,0.7032600000,0.7033000000
1790189537202,0.7032600000,0.7032900000
1790189537605,0.7032600000,0.7033000000
1790189537909,0.7032400000,0.7032800000
1790189538311,0.7032300000,0.7032600000
1790189538815,0.7032400000,0.7032600000
1790189539218,0.7032300000,0.7032600000
1790189539621,0.7032400000,0.7032600000
1790189544755,0.7032400000,0.7032800000
1790189545559,0.7032500000,0.7032800000
1790189549685,0.7032400000,0.7032700000
1790189552805,0.7032500000,0.7032800000
1790189554314,0.7032700000,0.7032900000
1790189554717,0.7032900000,0.7033100000
1790189556125,0.7033000000,0.7033300000
1790189564485,0.7033100000,0.7033400000
1790189565491,0.7033000000,0.7033300000
1790189565894,0.7033000000,0.7033200000
1790189566296,0.7033000000,0.7033300000
1790189568310,0.7033100000,0.7033400000
1790189568713,0.7033200000,0.7033500000
1790189569115,0.7033100000,0.7033500000
1790189569518,0.7033300000,0.7033600000
1790189570524,0.7033100000,0.7033500000
1790189570926,0.7033100000,0.7033400000
1790189571329,0.7033200000,0.7033400000
1790189573746,0.7033100000,0.7033400000
1790189574148,0.7033000000,0.7033400000
1790189574955,0.7033100000,0.7033400000
1790189575358,0.7033000000,0.7033400000
1790189575760,0.7033100000,0.7033300000
1790189576666,0.7033000000,0.7033300000
1790189577068,0.7032800000,0.7033200000
1790189578276,0.7032900000,0.7033200000
1790189578679,0.7033000000,0.7033300000
1790189579081,0.7032900000,0.7033300000
1790189579484,0.7033000000,0.7033300000
1790189580894,0.7033000000,0.7033300000
1790189581296,0.7032800000,0.7033200000
1790189583308,0.7032900000,0.7033200000
1790189583711,0.7033000000,0.7033200000
1790189584113,0.7032900000,0.7033200000
1790189585220,0.7032600000,0.7032900000
1790189585623,0.7032500000,0.7032900000
1790189586027,0.7032600000,0.7032900000
1790189586833,0.7032800000,0.7033000000
1790189587236,0.7032600000,0.7033000000
1790189588041,0.7032600000,0.7032900000
1790189588443,0.7032500000,0.7032900000
1790189591262,0.7032600000,0.7032900000
1790189592066,0.7033000000,0.7033300000
1790189592872,0.7033200000,0.7033400000
1790189593275,0.7033100000,0.7033400000
1790189596597,0.7033000000,0.7033400000
1790189597000,0.7033100000,0.7033400000
1790189598610,0.7033200000,0.7033400000
1790189599013,0.7033100000,0.7033400000
1790189603141,0.7033200000,0.7033400000
1790189603644,0.7033100000,0.7033400000
1790189604650,0.7033200000,0.7033400000
1790189605052,0.7033200000,0.7033500000
1790189611501,0.7033300000,0.7033500000
1790189611904,0.7033200000,0.7033500000
1790189616836,0.7033600000,0.7033900000
1790189618043,0.7033700000,0.7034000000
1790189619251,0.7033600000,0.7033900000
1790189619654,0.7033600000,0.7034000000
1790189621769,0.7033700000,0.7034000000
1790189622676,0.7033800000,0.7034100000
1790189623480,0.7033700000,0.7034000000
1790189624687,0.7033600000,0.7033900000
1790189625089,0.7033600000,0.7034000000
1790189625492,0.7033700000,0.7034000000
1790189628915,0.7033900000,0.7034100000
1790189629318,0.7034000000,0.7034100000
1790189630224,0.7033900000,0.7034100000
1790189631130,0.7033700000,0.7034000000
1790189631533,0.7033600000,0.7033800000
1790189631936,0.7033500000,0.7033900000
1790189633546,0.7033600000,0.7033900000
1790189634351,0.7033700000,0.7033900000
1790189635962,0.7033800000,0.7033900000
1790189636366,0.7033800000,0.7034000000
1790189636767,0.7033900000,0.7034100000
1790189640292,0.7033900000,0.7034100000
1790189640693,0.7033800000,0.7034000000
1790189645124,0.7033900000,0.7034100000
1790189646834,0.7034000000,0.7034100000
1790189647237,0.7033900000,0.7034100000
1790189649551,0.7033800000,0.7034000000
1790189653173,0.7033900000,0.7034000000
1790189653978,0.7033800000,0.7034000000
1790189661935,0.7033700000,0.7034000000
1790189662740,0.7033700000,0.7033900000
1790189673609,0.7033800000,0.7034000000
1790189674012,0.7033900000,0.7034100000
1790189676026,0.7034000000,0.7034100000
1790189676428,0.7034100000,0.7034300000
1790189676830,0.7034300000,0.7034400000
1790189677233,0.7034400000,0.7034700000
1790189677635,0.7034600000,0.7034800000
1790189678440,0.7034700000,0.7034900000
1790189678842,0.7034700000,0.7034800000
1790189681157,0.7034700000,0.7034900000
1790189681560,0.7034700000,0.7034800000
1790189684577,0.7034600000,0.7034800000
1790189693740,0.7034700000,0.7034800000
1790189695350,0.7034600000,0.7034800000
1790189695752,0.7034700000,0.7034800000
1790189696961,0.7034600000,0.7034800000
1790189700181,0.7034600000,0.7034800000
1790189702194,0.7034600000,0.7034900000
1790189703201,0.7034700000,0.7034900000
1790189703603,0.7034600000,0.7034900000
1790189705114,0.7034700000,0.7034900000
1790189705919,0.7034600000,0.7034900000
1790189706725,0.7034700000,0.7034900000
1790189709241,0.7035000000,0.7035200000
1790189709644,0.7035100000,0.7035400000
1790189710047,0.7035000000,0.7035100000
1790189710449,0.7035000000,0.7035200000
1790189710852,0.7034900000,0.7035200000
1790189711255,0.7035000000,0.7035200000
1790189711657,0.7035100000,0.7035300000
1790189712461,0.7035000000,0.7035200000
1790189713769,0.7035000000,0.7035300000
1790189714171,0.7035100000,0.7035300000
1790189717192,0.7035100000,0.7035400000
1790189718098,0.7035100000,0.7035300000
1790189719305,0.7034900000,0.7035100000
1790189719708,0.7034700000,0.7035000000
1790189722829,0.7034900000,0.7035100000
1790189726961,0.7034700000,0.7035000000
1790189729679,0.7034800000,0.7035100000
1790189730886,0.7034800000,0.7035200000
1790189732597,0.7034900000,0.7035200000
1790189733401,0.7034800000,0.7035100000
1790189734208,0.7034900000,0.7035200000
1790189734609,0.7035100000,0.7035300000
1790189736624,0.7035100000,0.7035400000
1790189737429,0.7035200000,0.7035400000
1790189742865,0.7035200000,0.7035500000
1790189744577,0.7035500000,0.7035800000
1790189745382,0.7035400000,0.7035700000
1790189745785,0.7035500000,0.7035800000
1790189746994,0.7035700000,0.7035800000
1790189747396,0.7035400000,0.7035700000
1790189747798,0.7035400000,0.7035600000
1790189748201,0.7035300000,0.7035700000
1790189748603,0.7035300000,0.7035600000
1790189749008,0.7035400000,0.7035700000
1790189749410,0.7035300000,0.7035700000
1790189749813,0.7035500000,0.7035700000
1790189750216,0.7035600000,0.7035800000
1790189750619,0.7035600000,0.7035900000
1790189751021,0.7035300000,0.7035600000
1790189754946,0.7035600000,0.7035900000
1790189755348,0.7035700000,0.7036000000
1790189755751,0.7035600000,0.7036000000
1790189756959,0.7035700000,0.7036000000
1790189757763,0.7035600000,0.7036000000
1790189758167,0.7035600000,0.7035900000
1790189758670,0.7035700000,0.7035900000
1790189759072,0.7035600000,0.7035900000
1790189759474,0.7035600000,0.7035800000
1790189760280,0.7035600000,0.7035800000
1790189760683,0.7035600000,0.7035900000
1790189761487,0.7035600000,0.7036000000
1790189761891,0.7035600000,0.7035800000
1790189762294,0.7035600000,0.7035900000
1790189763099,0.7035600000,0.7035800000
1790189763904,0.7035600000,0.7035900000
1790189766422,0.7035600000,0.7035800000
1790189767126,0.7035600000,0.7035900000
1790189769943,0.7035600000,0.7035800000
1790189770748,0.7035600000,0.7035900000
1790189771152,0.7035600000,0.7036000000
1790189771555,0.7035600000,0.7035900000
1790189773167,0.7035600000,0.7035800000
1790189775585,0.7035600000,0.7035900000
1790189777698,0.7035600000,0.7035800000
1790189779307,0.7035600000,0.7035900000
1790189780616,0.7035200000,0.7035500000
1790189782226,0.7035200000,0.7035600000
1790189782629,0.7035200000,0.7035500000
1790189783534,0.7035200000,0.7035600000
1790189783838,0.7035200000,0.7035500000
1790189785146,0.7035200000,0.7035400000
1790189786455,0.7035200000,0.7035500000
1790189786856,0.7035400000,0.7035700000
1790189787259,0.7035500000,0.7035700000
1790189788065,0.7035400000,0.7035700000
1790189790581,0.7035500000,0.7035800000
1790189791688,0.7035600000,0.7035900000
1790189792090,0.7035700000,0.7036100000
1790189792492,0.7035700000,0.7035900000
1790189793398,0.7035700000,0.7036000000
1790189793802,0.7035600000,0.7035900000
1790189794205,0.7035700000,0.7035900000
1790189794607,0.7035600000,0.7035900000
1790189795010,0.7035600000,0.7036000000
1790189795413,0.7035700000,0.7036100000
1790189795815,0.7035700000,0.7036000000
1790189796621,0.7035600000,0.7036000000
1790189797024,0.7035600000,0.7035900000
1790189797426,0.7035300000,0.7035600000
1790189797829,0.7035300000,0.7035500000
1790189798232,0.7035200000,0.7035300000
1790189798635,0.7035200000,0.7035400000
1790189799642,0.7035200000,0.7035500000
1790189800448,0.7035200000,0.7035400000
1790189801354,0.7035100000,0.7035300000
1790189801758,0.7035200000,0.7035300000
1790189802159,0.7035100000,0.7035300000
1790189803772,0.7035000000,0.7035300000
1790189805081,0.7035100000,0.7035300000
1790189805483,0.7034800000,0.7035100000
1790189806290,0.7035000000,0.7035200000
1790189806692,0.7034900000,0.7035100000
1790189807597,0.7034800000,0.7035100000
1790189808000,0.7034900000,0.7035100000
1790189808503,0.7034800000,0.7035100000
1790189809209,0.7034900000,0.7035100000
1790189809613,0.7034800000,0.7035100000
1790189810215,0.7034900000,0.7035100000
1790189810618,0.7035100000,0.7035300000
1790189813838,0.7035200000,0.7035300000
1790189814241,0.7035100000,0.7035300000
1790189814844,0.7035200000,0.7035300000
1790189815248,0.7035100000,0.7035300000
1790189815650,0.7035200000,0.7035300000
1790189816052,0.7035100000,0.7035300000
1790189816655,0.7035200000,0.7035300000
1790189817461,0.7035300000,0.7035600000
1790189818568,0.7035300000,0.7035500000
1790189818970,0.7035000000,0.7035300000
1790189820179,0.7035000000,0.7035300000
1790189820580,0.7035100000,0.7035300000
1790189820983,0.7035000000,0.7035300000
1790189821386,0.7035000000,0.7035200000
1790189821790,0.7035000000,0.7035300000
1790189823099,0.7035100000,0.7035300000
1790189824306,0.7035100000,0.7035400000
1790189824709,0.7035200000,0.7035400000
1790189825113,0.7035100000,0.7035400000
1790189825515,0.7035200000,0.7035500000
1790189825918,0.7035300000,0.7035500000
1790189826321,0.7035200000,0.7035500000
1790189826823,0.7035300000,0.7035500000
1790189828232,0.7035200000,0.7035500000
1790189829038,0.7035100000,0.7035400000
1790189831755,0.7035200000,0.7035400000
1790189832160,0.7035000000,0.7035400000
1790189832562,0.7035100000,0.7035400000
1790189834575,0.7035000000,0.7035400000
1790189834977,0.7035100000,0.7035400000
1790189835787,0.7035000000,0.7035400000
1790189836190,0.7035100000,0.7035400000
1790189837598,0.7035000000,0.7035400000
1790189838403,0.7034900000,0.7035300000
1790189839308,0.7035000000,0.7035300000
1790189841724,0.7035100000,0.7035300000
1790189842531,0.7035200000,0.7035400000
1790189842932,0.7035500000,0.7035600000
1790189843436,0.7035600000,0.7035700000
1790189843838,0.7035500000,0.7035700000
1790189844242,0.7035600000,0.7035700000
1790189844644,0.7035500000,0.7035700000
1790189848770,0.7035100000,0.7035400000
1790189849172,0.7035100000,0.7035300000
1790189849675,0.7035100000,0.7035400000
1790189850178,0.7035100000,0.7035300000
1790189851486,0.7035000000,0.7035200000
1790189852291,0.7034900000,0.7035100000
1790189852694,0.7034800000,0.7035000000
1790189853801,0.7035000000,0.7035200000
1790189854203,0.7035100000,0.7035300000
1790189855813,0.7035200000,0.7035300000
1790189856216,0.7035100000,0.7035300000
1790189856619,0.7035200000,0.7035400000
1790189858631,0.7035300000,0.7035400000
1790189859034,0.7035300000,0.7035600000
1790189862557,0.7035200000,0.7035400000
1790189866179,0.7035300000,0.7035400000
1790189866605,0.7035300000,0.7035500000
1790189867007,0.7035200000,0.7035400000
1790189868416,0.7035100000,0.7035300000
1790189880692,0.7035100000,0.7035300000
1790189882706,0.7035100000,0.7035400000
1790189883813,0.7035200000,0.7035400000
1790189884215,0.7035100000,0.7035400000
1790189884618,0.7035300000,0.7035500000
1790189885827,0.7035600000,0.7035800000
1790189887537,0.7035700000,0.7036000000
1790189889853,0.7035700000,0.7035900000
1790189890255,0.7035700000,0.7036000000
1790189891869,0.7035700000,0.7035900000
1790189892271,0.7035700000,0.7036000000
1790189893579,0.7035700000,0.7035900000
1790189893982,0.7035700000,0.7036000000
1790189895192,0.7035800000,0.7036100000
1790189897206,0.7035700000,0.7036100000
1790189897608,0.7035800000,0.7036200000
1790189898616,0.7036000000,0.7036200000
1790189899018,0.7036100000,0.7036300000
1790189900225,0.7036100000,0.7036400000
1790189901635,0.7036100000,0.7036200000
1790189902037,0.7035700000,0.7036000000
1790189906669,0.7035600000,0.7035800000
1790189907071,0.7035600000,0.7035900000
1790189907976,0.7035700000,0.7035900000
1790189908480,0.7035600000,0.7035900000
1790189909284,0.7035600000,0.7035800000
1790189909687,0.7035500000,0.7035800000
1790189910694,0.7035600000,0.7035800000
1790189912002,0.7035600000,0.7035900000
1790189912405,0.7035600000,0.7035800000
1790189913211,0.7035500000,0.7035800000
1790189915324,0.7035600000,0.7035800000
1790189918445,0.7035600000,0.7035900000
1790189918849,0.7035700000,0.7036000000
1790189922572,0.7035700000,0.7035900000
1790189923378,0.7035700000,0.7035800000
1790189923780,0.7035700000,0.7035900000
1790189925391,0.7035700000,0.7036000000
1790189926599,0.7035800000,0.7036000000
1790189927002,0.7035700000,0.7036000000
1790189934050,0.7035600000,0.7035800000
1790189938880,0.7035400000,0.7035600000
1790189939785,0.7035400000,0.7035500000
1790189940189,0.7035200000,0.7035500000
1790189941497,0.7035300000,0.7035500000
1790189941899,0.7035400000,0.7035600000
1790189945824,0.7035400000,0.7035700000
1790189947033,0.7035300000,0.7035700000
1790189947436,0.7035400000,0.7035600000
1790189950556,0.7035400000,0.7035700000
1790189950959,0.7035300000,0.7035700000
1790189951361,0.7035400000,0.7035700000
1790189951763,0.7035300000,0.7035600000
1790189952669,0.7035400000,0.7035600000
1790189953072,0.7035300000,0.7035600000
1790189953777,0.7035300000,0.7035700000
1790189955087,0.7035300000,0.7035600000
1790189956397,0.7035300000,0.7035700000
1790189959416,0.7035400000,0.7035700000
1790189961227,0.7035400000,0.7035800000
1790189961630,0.7035600000,0.7036000000
1790189962033,0.7035300000,0.7035500000
1790189963643,0.7035300000,0.7035600000
1790189964045,0.7035300000,0.7035500000
1790189964448,0.7035300000,0.7035600000
1790189964850,0.7035300000,0.7035500000
1790189965555,0.7035300000,0.7035600000
1790189970387,0.7035400000,0.7035700000
1790189971191,0.7035300000,0.7035700000
1790189972399,0.7035300000,0.7035600000
1790189977029,0.7035300000,0.7035700000
1790189978035,0.7035300000,0.7035600000
1790189981155,0.7035300000,0.7035500000
1790189981558,0.7035300000,0.7035600000
1790189984979,0.7035300000,0.7035500000
1790189985382,0.7035300000,0.7035600000
1790189986187,0.7035100000,0.7035400000
1790189986590,0.7035200000,0.7035600000
1790189987898,0.7035200000,0.7035500000
1790189991220,0.7035400000,0.7035600000
1790189991623,0.7035300000,0.7035600000
1790189994342,0.7035400000,0.7035600000
1790189994746,0.7035400000,0.7035700000
1790189996657,0.7035500000,0.7035800000
1790189997361,0.7035600000,0.7035800000
1790190000281,0.7035600000,0.7035800000
1790190000683,0.7035100000,0.7035300000
1790190001086,0.7035100000,0.7035400000
1790190001488,0.7035100000,0.7035300000
1790190002495,0.7035000000,0.7035200000
1790190003300,0.7035000000,0.7035300000
1790190003703,0.7035100000,0.7035300000
1790190004106,0.7035100000,0.7035400000
1790190005615,0.7035200000,0.7035500000
1790190008131,0.7035200000,0.7035400000
1790190008534,0.7035200000,0.7035500000
1790190010144,0.7035100000,0.7035300000
1790190014777,0.7035100000,0.7035200000
1790190015180,0.7034800000,0.7035000000
1790190015585,0.7034800000,0.7035100000
1790190016189,0.7034800000,0.7035000000
1790190016994,0.7034800000,0.7035100000
1790190018101,0.7034900000,0.7035100000
1790190018503,0.7035100000,0.7035400000
1790190018805,0.7035200000,0.7035500000
1790190020314,0.7035200000,0.7035400000
1790190020717,0.7035300000,0.7035600000
1790190021121,0.7035200000,0.7035600000
1790190021524,0.7035200000,0.7035500000
1790190022832,0.7035300000,0.7035600000
1790190023235,0.7035200000,0.7035600000
1790190024141,0.7035200000,0.7035500000
1790190024947,0.7035300000,0.7035600000
1790190025753,0.7035200000,0.7035500000
1790190026558,0.7035200000,0.7035400000
1790190026960,0.7035100000,0.7035400000
1790190027363,0.7034700000,0.7035100000
1790190027665,0.7034800000,0.7035100000
1790190028469,0.7034700000,0.7035000000
1790190030582,0.7034700000,0.7034900000
1790190030985,0.7034600000,0.7034800000
1790190031387,0.7034600000,0.7034900000
1790190032192,0.7034700000,0.7035100000
1790190032595,0.7034700000,0.7035000000
1790190032998,0.7034900000,0.7035200000
1790190033402,0.7034900000,0.7035100000
1790190033805,0.7034700000,0.7035100000
1790190035011,0.7034700000,0.7035000000
1790190035414,0.7034700000,0.7035100000
1790190035818,0.7034800000,0.7035100000
1790190036219,0.7034700000,0.7035000000
1790190036621,0.7034800000,0.7035100000
1790190038030,0.7034700000,0.7035100000
1790190038432,0.7034800000,0.7035100000
1790190038935,0.7034900000,0.7035100000
1790190041049,0.7035200000,0.7035600000
1790190041452,0.7035100000,0.7035400000
1790190045882,0.7035100000,0.7035300000
1790190046687,0.7035000000,0.7035200000
1790190047190,0.7035100000,0.7035200000
1790190047794,0.7035100000,0.7035300000
1790190049304,0.7035100000,0.7035400000
1790190050007,0.7035100000,0.7035300000
1790190050410,0.7034900000,0.7035200000
1790190050813,0.7035000000,0.7035200000
1790190051215,0.7035100000,0.7035200000
1790190051619,0.7034900000,0.7035000000
1790190052121,0.7034900000,0.7035100000
1790190056449,0.7034800000,0.7035100000
1790190056850,0.7034800000,0.7035000000
1790190057253,0.7034600000,0.7034900000
1790190059568,0.7034700000,0.7035000000
1790190060776,0.7034700000,0.7035100000
1790190061179,0.7034700000,0.7035000000
1790190063093,0.7034500000,0.7034700000
1790190063495,0.7034600000,0.7034900000
1790190063898,0.7034500000,0.7034900000
1790190064804,0.7034500000,0.7034800000
1790190065306,0.7034500000,0.7034900000
1790190066819,0.7034700000,0.7035000000
1790190067222,0.7034800000,0.7035000000
1790190067624,0.7034800000,0.7035100000
1790190068027,0.7035000000,0.7035200000
1790190068430,0.7034800000,0.7035100000
1790190070745,0.7034700000,0.7035100000
1790190071147,0.7034800000,0.7035100000
1790190071550,0.7034700000,0.7035000000
1790190073159,0.7034900000,0.7035100000
1790190073562,0.7034900000,0.7035200000
1790190073965,0.7034800000,0.7035100000
1790190074367,0.7034900000,0.7035100000
1790190079000,0.7034900000,0.7035200000
1790190079404,0.7035100000,0.7035400000
1790190086045,0.7035100000,0.7035300000
1790190086750,0.7035100000,0.7035400000
1790190087757,0.7035200000,0.7035500000
1790190090174,0.7035400000,0.7035800000
1790190090576,0.7035400000,0.7035700000
1790190091382,0.7035300000,0.7035500000
1790190091784,0.7035200000,0.7035500000
1790190095105,0.7035100000,0.7035500000
1790190095508,0.7035100000,0.7035400000
1790190096313,0.7034600000,0.7034900000
1790190097421,0.7034700000,0.7034900000
1790190097723,0.7034600000,0.7034900000
1790190098629,0.7034700000,0.7034900000
1790190099433,0.7034600000,0.7034900000
1790190100440,0.7034500000,0.7034800000
1790190100843,0.7034300000,0.7034600000
1790190101245,0.7034200000,0.7034400000
1790190101648,0.7034000000,0.7034400000
1790190102754,0.7034100000,0.7034400000
1790190103257,0.7034000000,0.7034300000
1790190103660,0.7034100000,0.7034300000
1790190104063,0.7034000000,0.7034300000
1790190105975,0.7034100000,0.7034300000
1790190106378,0.7034300000,0.7034500000
1790190106780,0.7034200000,0.7034500000
1790190107183,0.7034100000,0.7034400000
1790190108793,0.7034100000,0.7034300000
1790190109598,0.7034100000,0.7034200000
1790190111409,0.7034000000,0.7034200000
1790190111811,0.7033900000,0.7034100000
1790190112213,0.7034000000,0.7034200000
1790190115436,0.7033900000,0.7034200000
1790190115838,0.7033700000,0.7033900000
1790190116241,0.7033900000,0.7034000000
1790190116644,0.7033800000,0.7033900000
1790190117046,0.7033900000,0.7034000000
1790190117448,0.7033800000,0.7033900000
1790190118253,0.7033900000,0.7034000000
1790190120368,0.7033800000,0.7033900000
1790190120770,0.7033700000,0.7033900000
1790190121175,0.7033800000,0.7033900000
1790190124999,0.7033700000,0.7033900000
1790190125402,0.7033800000,0.7033900000
1790190126610,0.7033900000,0.7034100000
1790190127514,0.7033600000,0.7033800000
1790190131344,0.7033600000,0.7033700000
1790190131747,0.7033300000,0.7033500000
1790190136982,0.7033600000,0.7033700000
1790190137385,0.7033700000,0.7033800000
1790190137787,0.7033800000,0.7033900000
1790190138391,0.7033700000,0.7033900000
1790190140605,0.7033600000,0.7033800000
1790190143624,0.7033500000,0.7033700000
1790190146745,0.7033400000,0.7033600000
1790190149160,0.7033300000,0.7033500000
1790190150065,0.7033200000,0.7033400000
1790190150871,0.7033100000,0.7033300000
1790190155099,0.7033100000,0.7033200000
1790190155503,0.7032900000,0.7033100000
1790190156308,0.7032800000,0.7033000000
1790190157112,0.7033000000,0.7033200000
1790190157515,0.7033100000,0.7033300000
1790190166069,0.7033200000,0.7033400000
1790190166472,0.7033100000,0.7033300000
1790190174425,0.7033200000,0.7033400000
1790190175431,0.7033100000,0.7033400000
1790190175834,0.7033100000,0.7033300000
1790190179959,0.7033200000,0.7033400000
1790190180362,0.7033100000,0.7033400000
1790190180765,0.7033300000,0.7033400000
1790190181972,0.7033600000,0.7033800000
1790190182375,0.7033700000,0.7033900000
1790190187506,0.7033800000,0.7033900000
1790190187909,0.7033700000,0.7033900000
1790190191431,0.7033300000,0.7033400000
1790190191834,0.7033200000,0.7033400000
1790190195860,0.7033300000,0.7033400000
1790190196264,0.7033200000,0.7033400000
1790190197069,0.7033200000,0.7033500000
1790190198276,0.7033300000,0.7033500000
1790190213072,0.7033400000,0.7033500000
1790190213474,0.7033700000,0.7034000000
1790190214279,0.7033600000,0.7033900000
1790190214681,0.7033700000,0.7033900000
1790190216091,0.7034000000,0.7034200000
1790190217601,0.7033800000,0.7034100000
1790190218406,0.7033700000,0.7033900000
1790190224242,0.7033800000,0.7033900000
1790190224645,0.7033700000,0.7033900000
1790190225651,0.7033800000,0.7034000000
1790190231790,0.7033700000,0.7033900000
1790190240243,0.7033700000,0.7033900000
1790190249401,0.7033700000,0.7033800000
1790190249804,0.7033300000,0.7033600000
1790190251011,0.7033500000,0.7033600000
1790190251414,0.7033600000,0.7033800000
1790190252520,0.7033500000,0.7033800000
1790190255038,0.7033600000,0.7033800000
1790190255442,0.7033700000,0.7033900000
1790190256248,0.7033700000,0.7034000000
1790190257052,0.7033700000,0.7033900000
1790190261280,0.7033500000,0.7033800000
1790190261683,0.7033600000,0.7033800000
1790190262085,0.7033800000,0.7034000000
1790190262488,0.7033600000,0.7033900000
1790190263696,0.7033700000,0.7033900000
1790190264602,0.7033600000,0.7033900000
1790190267925,0.7033700000,0.7033900000
1790190268327,0.7033600000,0.7033900000
1790190270440,0.7033700000,0.7033900000
1790190270842,0.7033600000,0.7033900000
1790190271244,0.7033700000,0.7033900000
1790190271647,0.7033600000,0.7033900000
1790190273056,0.7033700000,0.7033900000
1790190273660,0.7033600000,0.7033900000
1790190274062,0.7033400000,0.7033700000
1790190274867,0.7033600000,0.7033800000
1790190275672,0.7033700000,0.7033900000
1790190279799,0.7033800000,0.7033900000
1790190285236,0.7033700000,0.7033900000
1790190287953,0.7033700000,0.7034000000
1790190288759,0.7033800000,0.7034000000
1790190289665,0.7033700000,0.7034000000
1790190290471,0.7033700000,0.7033900000
1790190291779,0.7033600000,0.7033900000
1790190295101,0.7033600000,0.7033800000
1790190296409,0.7033600000,0.7033900000
1790190296811,0.7033700000,0.7033900000
1790190300133,0.7033700000,0.7033900000
1790190300536,0.7033700000,0.7033800000
1790190302649,0.7033700000,0.7033900000
1790190303455,0.7033200000,0.7033300000
1790190303857,0.7033200000,0.7033400000
1790190305872,0.7033100000,0.7033400000
1790190306275,0.7033100000,0.7033300000
1790190307080,0.7033200000,0.7033400000
1790190310704,0.7033600000,0.7033900000
1790190311508,0.7033700000,0.7033900000
1790190316341,0.7033700000,0.7034000000
1790190318153,0.7034100000,0.7034300000
1790190318454,0.7034000000,0.7034300000
1790190324092,0.7034000000,0.7034100000
1790190324494,0.7033800000,0.7034000000
1790190324897,0.7033800000,0.7034100000
1790190325301,0.7033900000,0.7034100000
1790190325904,0.7033800000,0.7034100000
1790190326709,0.7033800000,0.7034000000
1790190330937,0.7033900000,0.7034000000
1790190331340,0.7033800000,0.7034100000
1790190332348,0.7034000000,0.7034300000
1790190336573,0.7034100000,0.7034400000
1790190337781,0.7034200000,0.7034400000
1790190338989,0.7034100000,0.7034400000
1790190339795,0.7034200000,0.7034400000
1790190340197,0.7034100000,0.7034400000
1790190340599,0.7034200000,0.7034400000
1790190343116,0.7034300000,0.7034400000
1790190343518,0.7034200000,0.7034400000
1790190351270,0.7034300000,0.7034500000
1790190351672,0.7034300000,0.7034600000
1790190352075,0.7034200000,0.7034500000
1790190353383,0.7034200000,0.7034400000
1790190353787,0.7034200000,0.7034500000
1790190360129,0.7034200000,0.7034500000
1790190360530,0.7034200000,0.7034400000
1790190365161,0.7034100000,0.7034300000
1790190365564,0.7034100000,0.7034400000
1790190367980,0.7033600000,0.7033900000
1790190370094,0.7033700000,0.7034000000
1790190371503,0.7033800000,0.7034000000
1790190371906,0.7033900000,0.7034100000
1790190372710,0.7033800000,0.7034100000
1790190373113,0.7033900000,0.7034100000
1790190374924,0.7033800000,0.7034100000
1790190375326,0.7033800000,0.7034000000
1790190376132,0.7033900000,0.7034000000
1790190379053,0.7033900000,0.7034200000
1790190379457,0.7034300000,0.7034600000
1790190379860,0.7034400000,0.7034600000
1790190384587,0.7034400000,0.7034700000
1790190386298,0.7034500000,0.7034700000
1790190386701,0.7034400000,0.7034700000
1790190387607,0.7034600000,0.7034900000
1790190389820,0.7034500000,0.7034800000
1790190390223,0.7034200000,0.7034400000
1790190390626,0.7034200000,0.7034500000
1790190391934,0.7034300000,0.7034500000
1790190392337,0.7034200000,0.7034500000
1790190392740,0.7034200000,0.7034400000
1790190393143,0.7034100000,0.7034300000
1790190393545,0.7034000000,0.7034300000
1790190393948,0.7034100000,0.7034300000
1790190394351,0.7034100000,0.7034400000
1790190396162,0.7034200000,0.7034400000
1790190396967,0.7034100000,0.7034400000
1790190398175,0.7034000000,0.7034200000
1790190398578,0.7034000000,0.7034300000
1790190399785,0.7034100000,0.7034300000
1790190402300,0.7033800000,0.7034100000
1790190406124,0.7034000000,0.7034200000
1790190407533,0.7033800000,0.7034100000
1790190408338,0.7033700000,0.7034000000
1790190408740,0.7033800000,0.7034000000
1790190410151,0.7033700000,0.7034000000
1790190410553,0.7033500000,0.7033900000
1790190410956,0.7033500000,0.7033800000
1790190412364,0.7033400000,0.7033800000
1790190412766,0.7033500000,0.7033800000
1790190413269,0.7033400000,0.7033800000
1790190413672,0.7033500000,0.7033800000
1790190414176,0.7033400000,0.7033800000
1790190414579,0.7033600000,0.7033900000
1790190414982,0.7033500000,0.7033900000
1790190415385,0.7033500000,0.7033800000
1790190415988,0.7033500000,0.7033900000
1790190417196,0.7033600000,0.7033900000
1790190417600,0.7033500000,0.7033900000
1790190418001,0.7033600000,0.7033900000
1790190420114,0.7033600000,0.7033900000
1790190420919,0.7033700000,0.7034000000
1790190421925,0.7033800000,0.7034000000
1790190423336,0.7033900000,0.7034000000
1790190423739,0.7034000000,0.7034300000
1790190427463,0.7034100000,0.7034300000
1790190430381,0.7034000000,0.7034300000
1790190430784,0.7033800000,0.7034100000
1790190432697,0.7034100000,0.7034300000
1790190433100,0.7034200000,0.7034400000
1790190434008,0.7034300000,0.7034400000
1790190436323,0.7034300000,0.7034500000
1790190440352,0.7034600000,0.7034800000
1790190441157,0.7034700000,0.7034800000
1790190442364,0.7034600000,0.7034800000
1790190443572,0.7034700000,0.7034800000
1790190444880,0.7034600000,0.7034800000
1790190446591,0.7034800000,0.7034900000
1790190446994,0.7034700000,0.7034900000
1790190447396,0.7034600000,0.7034900000
1790190447799,0.7034700000,0.7034900000
1790190448403,0.7034600000,0.7034900000
1790190449510,0.7034500000,0.7034800000
1790190451121,0.7034400000,0.7034600000
1790190452027,0.7034500000,0.7034600000
1790190452631,0.7034500000,0.7034700000
1790190453436,0.7034400000,0.7034700000
1790190453839,0.7034500000,0.7034700000
1790190454241,0.7034400000,0.7034700000
1790190455652,0.7034500000,0.7034700000
1790190458268,0.7034500000,0.7034800000
1790190459476,0.7034600000,0.7034800000
1790190462698,0.7034800000,0.7034900000
1790190463201,0.7034800000,0.7035000000
1790190463906,0.7034700000,0.7035000000
1790190464308,0.7034700000,0.7034900000
1790190467552,0.7034900000,0.7035300000
1790190467955,0.7034900000,0.7035100000
1790190468356,0.7034700000,0.7035000000
1790190470268,0.7034800000,0.7035000000
1790190471074,0.7035100000,0.7035400000
1790190472282,0.7035100000,0.7035300000
1790190472686,0.7035100000,0.7035400000
1790190474898,0.7035200000,0.7035400000
1790190476710,0.7034800000,0.7035100000
1790190477112,0.7034700000,0.7035000000
1790190477917,0.7034600000,0.7034800000
1790190478320,0.7034600000,0.7034900000
1790190479225,0.7034700000,0.7034900000
1790190479628,0.7034600000,0.7034900000
1790190480032,0.7034700000,0.7034900000
1790190480435,0.7034600000,0.7034900000
1790190480837,0.7034700000,0.7034900000
1790190482549,0.7035100000,0.7035300000
1790190486577,0.7034900000,0.7035100000
1790190487382,0.7035000000,0.7035200000
1790190487785,0.7035200000,0.7035400000
1790190488991,0.7035200000,0.7035500000
1790190490200,0.7035200000,0.7035400000
1790190490602,0.7035200000,0.7035300000
1790190491006,0.7035200000,0.7035500000
1790190492513,0.7035300000,0.7035500000
1790190492917,0.7035700000,0.7036000000
1790190493521,0.7035700000,0.7035900000
1790190494932,0.7035700000,0.7036000000
1790190495335,0.7036000000,0.7036200000
1790190495738,0.7036100000,0.7036300000
1790190496141,0.7036100000,0.7036400000
1790190496644,0.7036000000,0.7036300000
1790190498561,0.7036200000,0.7036300000
1790190498963,0.7036200000,0.7036400000
1790190500574,0.7036200000,0.7036500000
1790190500976,0.7036200000,0.7036400000
1790190501985,0.7036200000,0.7036500000
1790190502388,0.7036400000,0.7036600000
1790190503193,0.7036300000,0.7036500000
1790190503998,0.7036400000,0.7036600000
1790190505208,0.7036500000,0.7036700000
1790190505611,0.7036400000,0.7036600000
1790190506013,0.7036600000,0.7036800000
1790190511047,0.7036300000,0.7036500000
1790190515376,0.7036200000,0.7036400000
1790190518496,0.7036100000,0.7036300000
1790190519302,0.7036100000,0.7036400000
1790190519703,0.7036200000,0.7036500000
1790190520106,0.7036200000,0.7036600000
1790190520911,0.7036200000,0.7036500000
1790190522522,0.7036200000,0.7036400000
1790190522926,0.7036200000,0.7036500000
1790190523328,0.7036300000,0.7036600000
1790190527455,0.7036300000,0.7036500000
1790190527858,0.7036200000,0.7036500000
1790190528260,0.7036200000,0.7036400000
1790190528663,0.7036200000,0.7036300000
1790190529065,0.7036200000,0.7036500000
1790190529468,0.7036200000,0.7036400000
1790190531179,0.7036200000,0.7036300000
1790190531682,0.7036100000,0.7036300000
1790190532085,0.7036000000,0.7036200000
1790190534298,0.7036000000,0.7036300000
1790190535506,0.7036000000,0.7036200000
1790190540137,0.7036000000,0.7036100000
1790190540539,0.7035800000,0.7036000000
1790190540942,0.7035700000,0.7035800000
1790190541345,0.7035700000,0.7035900000
1790190542552,0.7035700000,0.7036000000
1790190543760,0.7035700000,0.7035900000
1790190544263,0.7035700000,0.7036000000
1790190545069,0.7035700000,0.7035900000
1790190545875,0.7035700000,0.7035800000
1790190546680,0.7035200000,0.7035400000
1790190547485,0.7035200000,0.7035500000
1790190550305,0.7035200000,0.7035400000
1790190550708,0.7035200000,0.7035500000
1790190551513,0.7035200000,0.7035400000
1790190552317,0.7035200000,0.7035500000
1790190557654,0.7035200000,0.7035400000
1790190559870,0.7035200000,0.7035300000
1790190560674,0.7035000000,0.7035200000
1790190563695,0.7035100000,0.7035200000
1790190564096,0.7035000000,0.7035200000
1790190565306,0.7035100000,0.7035400000
1790190565708,0.7035100000,0.7035300000
1790190567922,0.7035000000,0.7035200000
1790190569130,0.7035000000,0.7035300000
1790190569935,0.7035100000,0.7035400000
1790190570338,0.7035100000,0.7035300000
1790190570741,0.7035100000,0.7035400000
1790190572756,0.7035100000,0.7035300000
1790190573160,0.7035000000,0.7035200000
1790190573561,0.7035100000,0.7035300000
1790190573964,0.7035100000,0.7035400000
1790190574367,0.7035200000,0.7035400000
1790190575675,0.7035200000,0.7035500000
1790190576078,0.7035300000,0.7035600000
1790190580707,0.7035300000,0.7035500000
1790190581111,0.7035200000,0.7035500000
1790190583325,0.7035200000,0.7035400000
1790190583728,0.7035100000,0.7035300000
1790190586545,0.7035100000,0.7035400000
1790190598020,0.7035200000,0.7035500000
1790190599730,0.7035200000,0.7035400000
1790190600133,0.7035200000,0.7035400000
1790190604260,0.7035100000,0.7035400000
1790190605770,0.7035100000,0.7035300000
1790190606173,0.7035100000,0.7035200000
1790190606576,0.7035200000,0.7035400000
1790190607381,0.7035100000,0.7035200000
1790190607784,0.7035100000,0.7035400000
1790190610099,0.7035200000,0.7035500000
1790190610904,0.7035100000,0.7035400000
1790190611306,0.7035100000,0.7035200000
1790190611709,0.7035100000,0.7035300000
1790190612413,0.7035000000,0.7035300000
1790190612816,0.7035000000,0.7035200000
1790190614425,0.7034900000,0.7035100000
1790190614827,0.7034800000,0.7035000000
1790190615230,0.7034800000,0.7035100000
1790190615633,0.7034800000,0.7035000000
1790190616035,0.7034700000,0.7034900000
1790190617243,0.7034700000,0.7034800000
1790190618149,0.7034500000,0.7034800000
1790190620564,0.7034600000,0.7034800000
1790190620967,0.7034600000,0.7034900000
1790190621772,0.7034800000,0.7035000000
1790190622174,0.7034800000,0.7035100000
1790190624390,0.7034800000,0.7035000000
1790190624793,0.7034800000,0.7035100000
1790190627110,0.7034800000,0.7035000000
1790190630234,0.7034800000,0.7034900000
1790190631946,0.7034700000,0.7034900000
1790190632348,0.7034700000,0.7035000000
1790190636476,0.7034800000,0.7035000000
1790190638487,0.7034900000,0.7035100000
1790190642209,0.7035000000,0.7035300000
1790190642612,0.7035000000,0.7035200000
1790190644020,0.7035000000,0.7035300000
1790190645632,0.7035000000,0.7035200000
1790190646034,0.7035000000,0.7035300000
1790190646839,0.7035100000,0.7035400000
1790190649053,0.7035100000,0.7035500000
1790190649455,0.7035100000,0.7035400000
1790190651974,0.7035100000,0.7035300000
1790190653684,0.7035200000,0.7035500000
1790190655193,0.7035200000,0.7035400000
1790190660428,0.7035100000,0.7035400000
1790190660830,0.7035000000,0.7035300000
1790190661634,0.7035100000,0.7035300000
1790190662036,0.7035100000,0.7035500000
1790190662439,0.7035300000,0.7035600000
1790190663850,0.7035300000,0.7035500000
1790190664253,0.7035300000,0.7035600000
1790190665762,0.7035200000,0.7035600000
1790190666165,0.7035400000,0.7035600000
1790190666567,0.7035300000,0.7035600000
1790190668479,0.7035300000,0.7035500000
1790190668881,0.7035300000,0.7035600000
1790190671499,0.7035500000,0.7035700000
1790190671900,0.7035500000,0.7035800000
1790190672302,0.7035600000,0.7035900000
1790190674818,0.7035600000,0.7035800000
1790190676127,0.7035600000,0.7035900000
1790190676529,0.7035600000,0.7035800000
1790190676933,0.7035500000,0.7035700000
1790190679753,0.7035400000,0.7035700000
1790190680156,0.7035400000,0.7035600000
1790190680658,0.7035500000,0.7035700000
1790190681061,0.7035500000,0.7035800000
1790190681866,0.7035700000,0.7035900000
1790190684180,0.7035700000,0.7035800000
1790190684684,0.7035700000,0.7035900000
1790190685086,0.7035700000,0.7035800000
1790190685892,0.7035700000,0.7035900000
1790190687501,0.7035700000,0.7036000000
1790190688306,0.7035800000,0.7036100000
1790190688708,0.7035900000,0.7036100000
1790190690017,0.7035800000,0.7036100000
1790190691123,0.7035800000,0.7036000000
1790190691526,0.7035900000,0.7036200000
1790190693237,0.7035900000,0.7036100000
1790190693640,0.7035800000,0.7036100000
1790190694445,0.7035900000,0.7036200000
1790190697062,0.7035900000,0.7036000000
1790190699679,0.7035800000,0.7036000000
1790190700081,0.7035500000,0.7035700000
1790190702496,0.7035700000,0.7035900000
1790190702900,0.7035500000,0.7035700000
1790190706120,0.7035700000,0.7035800000
1790190706724,0.7035500000,0.7035800000
1790190707126,0.7035500000,0.7035700000
1790190714577,0.7035400000,0.7035600000
1790190718400,0.7035300000,0.7035500000
1790190719909,0.7035700000,0.7035900000
1790190720311,0.7035700000,0.7035900000
1790190720714,0.7035800000,0.7036000000
1790190721117,0.7035800000,0.7036100000
1790190721519,0.7035800000,0.7036000000
1790190722324,0.7035800000,0.7035900000
1790190723532,0.7035700000,0.7035900000
1790190729270,0.7035700000,0.7036000000
1790190731888,0.7035800000,0.7036000000
1790190734303,0.7035800000,0.7035900000
1790190734706,0.7035800000,0.7036000000
1790190736720,0.7035800000,0.7035900000
1790190737222,0.7035700000,0.7035900000
1790190738934,0.7035600000,0.7035900000
1790190739337,0.7035600000,0.7035800000
1790190740948,0.7035500000,0.7035700000
1790190745175,0.7035600000,0.7035800000
1790190747592,0.7035500000,0.7035700000
1790190749000,0.7035600000,0.7035800000
1790190758560,0.7035600000,0.7035900000
1790190758962,0.7035800000,0.7035900000
1790190759365,0.7035800000,0.7036000000
1790190760170,0.7035900000,0.7036000000
1790190761680,0.7035800000,0.7036000000
1790190763994,0.7035800000,0.7035900000
1790190764397,0.7035500000,0.7035700000
1790190765604,0.7035600000,0.7035800000
1790190766610,0.7035600000,0.7035900000
1790190767013,0.7035700000,0.7035900000
1790190767818,0.7035600000,0.7035800000
1790190768220,0.7035500000,0.7035700000
1790190768824,0.7035600000,0.7035700000
1790190770433,0.7035500000,0.7035700000
1790190770836,0.7035600000,0.7035700000
1790190772145,0.7035400000,0.7035500000
1790190772548,0.7035600000,0.7035800000
1790190773050,0.7035600000,0.7035900000
1790190773452,0.7035700000,0.7035900000
1790190780196,0.7035700000,0.7035900000
1790190780599,0.7035600000,0.7035800000
1790190781910,0.7035700000,0.7035900000
1790190785533,0.7035800000,0.7035900000
1790190786741,0.7035700000,0.7035900000
1790190798617,0.7035800000,0.7036000000
1790190799422,0.7035700000,0.7036000000
1790190800730,0.7036200000,0.7036400000
1790190801132,0.7036100000,0.7036300000
1790190804153,0.7036000000,0.7036200000
1790190804556,0.7036100000,0.7036300000
1790190808883,0.7036100000,0.7036200000
1790190809386,0.7036000000,0.7036200000
1790190809788,0.7036000000,0.7036300000
1790190812606,0.7036100000,0.7036300000
1790190813713,0.7036100000,0.7036200000
1790190817135,0.7036100000,0.7036300000
1790190818141,0.7036100000,0.7036400000
1790190818846,0.7036100000,0.7036300000
1790190819652,0.7036200000,0.7036400000
1790190821263,0.7036300000,0.7036500000
1790190823578,0.7036200000,0.7036500000
1790190825490,0.7036300000,0.7036500000
1790190825893,0.7036300000,0.7036600000
1790190833142,0.7036300000,0.7036500000
1790190833544,0.7036300000,0.7036600000
1790190836060,0.7036400000,0.7036600000
1790190836864,0.7036500000,0.7036700000
1790190840186,0.7036500000,0.7036700000
1790190840588,0.7036200000,0.7036500000
1790190840991,0.7036400000,0.7036700000
1790190847635,0.7036300000,0.7036600000
1790190851259,0.7036200000,0.7036500000
1790190852164,0.7036200000,0.7036400000
1790190854681,0.7036200000,0.7036300000
1790190855084,0.7036100000,0.7036400000
1790190858506,0.7036000000,0.7036300000
1790190859311,0.7036000000,0.7036200000
1790190859714,0.7036000000,0.7036300000
1790190862634,0.7036000000,0.7036200000
1790190863440,0.7036100000,0.7036400000
1790190866258,0.7036200000,0.7036500000
1790190869780,0.7036400000,0.7036500000
1790190870687,0.7036500000,0.7036600000
1790190871089,0.7036600000,0.7036900000
1790190871692,0.7036600000,0.7036800000
1790190873907,0.7036600000,0.7036900000
1790190876322,0.7036700000,0.7036900000
1790190877127,0.7036700000,0.7036800000
1790190878939,0.7036700000,0.7036900000
1790190884572,0.7036700000,0.7036800000
1790190884975,0.7036600000,0.7036800000
1790190885378,0.7036800000,0.7036900000
1790190885780,0.7036700000,0.7036900000
1790190886183,0.7036800000,0.7036900000
1790190887997,0.7036700000,0.7036900000
1790190893029,0.7036800000,0.7036900000
1790190893433,0.7036700000,0.7036900000
1790190899674,0.7036600000,0.7036800000
1790190900176,0.7036600000,0.7036800000
1790190906820,0.7036200000,0.7036500000
1790190908531,0.7036400000,0.7036600000
1790190908933,0.7036300000,0.7036600000
1790190910442,0.7036400000,0.7036600000
1790190910845,0.7036400000,0.7036700000
1790190911650,0.7036500000,0.7036700000
1790190914267,0.7036600000,0.7036900000
1790190915273,0.7036600000,0.7036800000
1790190915676,0.7036600000,0.7036900000
1790190916983,0.7036600000,0.7036800000
1790190920912,0.7036700000,0.7036900000
1790190921315,0.7036800000,0.7037000000
1790190926647,0.7036700000,0.7037000000
1790190929464,0.7036800000,0.7037000000
1790190932686,0.7036700000,0.7036900000
1790190933996,0.7036700000,0.7037000000
1790190934399,0.7036700000,0.7036900000
1790190934801,0.7036800000,0.7037000000
1790190935607,0.7036700000,0.7037000000
1790190937015,0.7036700000,0.7036800000
1790190938625,0.7036600000,0.7036700000
1790190939028,0.7036400000,0.7036600000
1790190939933,0.7036300000,0.7036600000
1790190940336,0.7036300000,0.7036500000
1790190942350,0.7036500000,0.7036700000
1790190942753,0.7036700000,0.7036900000
1790190944966,0.7036600000,0.7036800000
1790190953220,0.7036700000,0.7036900000
1790190957853,0.7036800000,0.7037000000
1790190960066,0.7036800000,0.7037100000
1790190960468,0.7036800000,0.7037000000
1790190960871,0.7036900000,0.7037100000
1790190965805,0.7037100000,0.7037200000
1790190966409,0.7037000000,0.7037200000
1790190966812,0.7036800000,0.7037000000
1790190967214,0.7036800000,0.7037100000
1790190969832,0.7036800000,0.7037000000
1790190970235,0.7036800000,0.7037100000
1790190974060,0.7036900000,0.7037100000
1790190976275,0.7036900000,0.7037200000
1790190976679,0.7037000000,0.7037300000
1790190977080,0.7037000000,0.7037200000
1790190978087,0.7037000000,0.7037300000
1790190980004,0.7037100000,0.7037400000
1790190980808,0.7037100000,0.7037300000
1790190981615,0.7036800000,0.7037100000
1790190984937,0.7036900000,0.7037100000
1790190985339,0.7037200000,0.7037400000
1790190986146,0.7037200000,0.7037500000
1790190986548,0.7037200000,0.7037400000
1790190988764,0.7037200000,0.7037300000
1790190991381,0.7037100000,0.7037200000
1790190991783,0.7036800000,0.7037100000
1790190993493,0.7036700000,0.7036900000
1790190993895,0.7036700000,0.7037000000
1790190994299,0.7036600000,0.7036800000
1790190999534,0.7036500000,0.7036700000
1790191000339,0.7036600000,0.7036800000
1790191002956,0.7036500000,0.7036800000
1790191003761,0.7036600000,0.7036800000
1790191006176,0.7036500000,0.7036700000
1790191006578,0.7036300000,0.7036500000
1790191010705,0.7036300000,0.7036400000
1790191011410,0.7036200000,0.7036400000
1790191012315,0.7036300000,0.7036400000
1790191012918,0.7036200000,0.7036400000
1790191013724,0.7036300000,0.7036400000
1790191015336,0.7036300000,0.7036500000
1790191015738,0.7036400000,0.7036500000
1790191016142,0.7036300000,0.7036500000
1790191017653,0.7036200000,0.7036400000
1790191018055,0.7036300000,0.7036400000
1790191019766,0.7036200000,0.7036400000
1790191020572,0.7036200000,0.7036400000
1790191021880,0.7036300000,0.7036400000
1790191023792,0.7036500000,0.7036700000
1790191025908,0.7036400000,0.7036600000
1790191026713,0.7036600000,0.7036800000
1790191034460,0.7036400000,0.7036600000
1790191036272,0.7036500000,0.7036700000
1790191036675,0.7036400000,0.7036600000
1790191038083,0.7036500000,0.7036700000
1790191040301,0.7036300000,0.7036500000
1790191042414,0.7036500000,0.7036700000
1790191042817,0.7036400000,0.7036600000
1790191045735,0.7036400000,0.7036700000
1790191046138,0.7036600000,0.7036800000
1790191046540,0.7036600000,0.7036700000
1790191046942,0.7036600000,0.7036800000
1790191053592,0.7036700000,0.7036900000
1790191056008,0.7036700000,0.7036800000
1790191056411,0.7036700000,0.7036900000
1790191056813,0.7036900000,0.7037000000
1790191057216,0.7036900000,0.7037100000
1790191057618,0.7037000000,0.7037100000
1790191058021,0.7037000000,0.7037200000
1790191059330,0.7037100000,0.7037200000
1790191059732,0.7037000000,0.7037200000
1790191061745,0.7037000000,0.7037300000
1790191062952,0.7037200000,0.7037400000
1790191066175,0.7037200000,0.7037300000
1790191067909,0.7037100000,0.7037300000
1790191073648,0.7037100000,0.7037200000
1790191074051,0.7036800000,0.7037000000
1790191074453,0.7036700000,0.7036800000
1790191074855,0.7036700000,0.7036900000
1790191075260,0.7036500000,0.7036800000
1790191076871,0.7036300000,0.7036500000
1790191080495,0.7036300000,0.7036500000
1790191085629,0.7036600000,0.7036800000
1790191088449,0.7036600000,0.7036900000
1790191090163,0.7036800000,0.7037000000
1790191091370,0.7036700000,0.7037000000
1790191091772,0.7037000000,0.7037200000
1790191092174,0.7036900000,0.7037200000
1790191092577,0.7037000000,0.7037200000
1790191093382,0.7036900000,0.7037200000
1790191094388,0.7036800000,0.7037000000
1790191095192,0.7036700000,0.7036900000
1790191095997,0.7036700000,0.7037000000
1790191097104,0.7036700000,0.7036900000
1790191097506,0.7036600000,0.7036700000
1790191097908,0.7036700000,0.7037000000
1790191098311,0.7036800000,0.7037000000
1790191102840,0.7036700000,0.7037000000
1790191103242,0.7036800000,0.7037000000
1790191103645,0.7036700000,0.7037000000
1790191107973,0.7036700000,0.7036900000
1790191109785,0.7036600000,0.7036900000
1790191110187,0.7036600000,0.7036800000
1790191113509,0.7036500000,0.7036800000
1790191114314,0.7036600000,0.7036800000
1790191120955,0.7036600000,0.7036700000
1790191121559,0.7036600000,0.7036800000
1790191126493,0.7036600000,0.7036700000
1790191127300,0.7036600000,0.7036800000
1790191128106,0.7036500000,0.7036700000
1790191128508,0.7036500000,0.7036800000
1790191129213,0.7036400000,0.7036800000
1790191129616,0.7036400000,0.7036700000
1790191130019,0.7036500000,0.7036800000
1790191130421,0.7036600000,0.7036800000
1790191131126,0.7036500000,0.7036800000
1790191140389,0.7036600000,0.7036900000
1790191141597,0.7036600000,0.7036800000
1790191142000,0.7036700000,0.7036900000
1790191143308,0.7036600000,0.7036900000
1790191143711,0.7036800000,0.7037000000
1790191150656,0.7036600000,0.7036800000
1790191151059,0.7036500000,0.7036700000
1790191151663,0.7036500000,0.7036800000
1790191153676,0.7036300000,0.7036600000
1790191154682,0.7036300000,0.7036500000
1790191155084,0.7036200000,0.7036500000
1790191156294,0.7036300000,0.7036500000
1790191156696,0.7036500000,0.7036700000
1790191157099,0.7036500000,0.7036800000
1790191158812,0.7036300000,0.7036600000
1790191164448,0.7036200000,0.7036500000
1790191165657,0.7036300000,0.7036500000
1790191169582,0.7036500000,0.7036700000
1790191171695,0.7036400000,0.7036700000
1790191172197,0.7036500000,0.7036700000
1790191173506,0.7036400000,0.7036700000
1790191173908,0.7036500000,0.7036700000
1790191176828,0.7036500000,0.7036800000
1790191177231,0.7036600000,0.7036800000
1790191178739,0.7036700000,0.7037000000
1790191180250,0.7036800000,0.7037100000
1790191181055,0.7037100000,0.7037300000
1790191181861,0.7037100000,0.7037400000
1790191182263,0.7037200000,0.7037500000
1790191183067,0.7037300000,0.7037600000
1790191185986,0.7037300000,0.7037500000
1790191186389,0.7037300000,0.7037600000
1790191186792,0.7037200000,0.7037500000
1790191187196,0.7037200000,0.7037600000
1790191187598,0.7037500000,0.7037800000
1790191188404,0.7037400000,0.7037700000
1790191190114,0.7037300000,0.7037600000
1790191191826,0.7037600000,0.7037800000
1790191192730,0.7037500000,0.7037800000
1790191195247,0.7037500000,0.7037700000
1790191195651,0.7037400000,0.7037700000
1790191196052,0.7037300000,0.7037700000
1790191197664,0.7037400000,0.7037700000
1790191198065,0.7037600000,0.7037800000
1790191200180,0.7037600000,0.7037800000
1790191200582,0.7037500000,0.7037700000
1790191201388,0.7037500000,0.7037800000
1790191203603,0.7037500000,0.7037700000
1790191205616,0.7037500000,0.7037800000
1790191206119,0.7037500000,0.7037700000
1790191206521,0.7037500000,0.7037800000
1790191208736,0.7037500000,0.7037900000
1790191209140,0.7037600000,0.7037900000
1790191209945,0.7037600000,0.7037800000
1790191210348,0.7037600000,0.7037900000
1790191214778,0.7037700000,0.7037900000
1790191215181,0.7037800000,0.7038100000
1790191215584,0.7037800000,0.7038000000
1790191216087,0.7037800000,0.7038100000
1790191216892,0.7037700000,0.7038100000
1790191217395,0.7037800000,0.7038100000
1790191217797,0.7037700000,0.7038100000
1790191218200,0.7037800000,0.7038100000
1790191219008,0.7037700000,0.7037900000
1790191219612,0.7037800000,0.7038000000
1790191220014,0.7037800000,0.7038100000
1790191221323,0.7037700000,0.7038100000
1790191221726,0.7037700000,0.7037900000
1790191222532,0.7037700000,0.7038000000
1790191222934,0.7037800000,0.7038100000
1790191232093,0.7037800000,0.7038200000
1790191232697,0.7037900000,0.7038200000
1790191233100,0.7037800000,0.7038200000
1790191233905,0.7037800000,0.7038100000
1790191234711,0.7037800000,0.7038200000
1790191236522,0.7037800000,0.7038100000
1790191246687,0.7037800000,0.7038000000
1790191247089,0.7037800000,0.7038100000
1790191248599,0.7037800000,0.7038000000
1790191249606,0.7037700000,0.7038000000
1790191250008,0.7037300000,0.7037600000
1790191250813,0.7037400000,0.7037600000
1790191251618,0.7037400000,0.7037700000
1790191252020,0.7037400000,0.7037600000
1790191255443,0.7037400000,0.7037700000
1790191257053,0.7037300000,0.7037600000
1790191260578,0.7037300000,0.7037600000
1790191262389,0.7037300000,0.7037700000
1790191262792,0.7037300000,0.7037500000
1790191263195,0.7037200000,0.7037400000
1790191263598,0.7037200000,0.7037600000
1790191264001,0.7037300000,0.7037600000
1790191264403,0.7037200000,0.7037600000
1790191265309,0.7037200000,0.7037500000
1790191265711,0.7037200000,0.7037600000
1790191266113,0.7037200000,0.7037500000
1790191266516,0.7037200000,0.7037600000
1790191266919,0.7037300000,0.7037600000
1790191267925,0.7037300000,0.7037500000
1790191268429,0.7037300000,0.7037400000
1790191269939,0.7037200000,0.7037400000
1790191270342,0.7037000000,0.7037300000
1790191276481,0.7037200000,0.7037400000
1790191282422,0.7037200000,0.7037300000
1790191282824,0.7037200000,0.7037400000
1790191283227,0.7037000000,0.7037400000
1790191284334,0.7037100000,0.7037400000
1790191287757,0.7037000000,0.7037400000
1790191288160,0.7037000000,0.7037300000
1790191288864,0.7037000000,0.7037400000
1790191289267,0.7037200000,0.7037400000
1790191289669,0.7037300000,0.7037500000
1790191297117,0.7037300000,0.7037600000
1790191297520,0.7037400000,0.7037700000
1790191297921,0.7037300000,0.7037700000
1790191299734,0.7037400000,0.7037700000
1790191300539,0.7037300000,0.7037600000
1790191302151,0.7037200000,0.7037600000
1790191302554,0.7037200000,0.7037500000
1790191302956,0.7037300000,0.7037500000
1790191303459,0.7037200000,0.7037500000
1790191310503,0.7037200000,0.7037300000
1790191311409,0.7037100000,0.7037300000
1790191311811,0.7037000000,0.7037300000
1790191312616,0.7037200000,0.7037300000
1790191313019,0.7037100000,0.7037300000
1790191315938,0.7037200000,0.7037300000
1790191316341,0.7037300000,0.7037400000
1790191317547,0.7037200000,0.7037400000
1790191318755,0.7037300000,0.7037400000
1790191319560,0.7037200000,0.7037400000
1790191320365,0.7037200000,0.7037400000
1790191320767,0.7037100000,0.7037300000
1790191321170,0.7037000000,0.7037300000
1790191321974,0.7037100000,0.7037300000
1790191324189,0.7037000000,0.7037300000
1790191324591,0.7037000000,0.7037200000
1790191325094,0.7036900000,0.7037100000
1790191325496,0.7036900000,0.7037000000
1790191325898,0.7036700000,0.7037000000
1790191326302,0.7036800000,0.7037000000
1790191326703,0.7036700000,0.7037000000
1790191327108,0.7036600000,0.7036900000
1790191327913,0.7036500000,0.7036800000
1790191331737,0.7036600000,0.7036800000
1790191333045,0.7036700000,0.7036900000
1790191334557,0.7036800000,0.7036900000
1790191334959,0.7036700000,0.7036900000
1790191336469,0.7036800000,0.7036900000
1790191336871,0.7036700000,0.7036900000
1790191337678,0.7036500000,0.7036700000
1790191338481,0.7036600000,0.7036800000
1790191341605,0.7036800000,0.7036900000
1790191342006,0.7036700000,0.7036900000
1790191342408,0.7036800000,0.7036900000
1790191343113,0.7036800000,0.7037000000
1790191349556,0.7036700000,0.7037000000
1790191349958,0.7036800000,0.7037000000
1790191351165,0.7036700000,0.7037000000
1790191351669,0.7036800000,0.7037000000
1790191352473,0.7036700000,0.7037000000
1790191352876,0.7036800000,0.7037000000
1790191353983,0.7036700000,0.7037000000
1790191355493,0.7036800000,0.7037000000
1790191356199,0.7036700000,0.7037000000
1790191356702,0.7036800000,0.7037000000
1790191357105,0.7036700000,0.7037000000
1790191361432,0.7036800000,0.7037000000
1790191370793,0.7036900000,0.7037000000
1790191371197,0.7037200000,0.7037400000
1790191372404,0.7037100000,0.7037300000
1790191372806,0.7037100000,0.7037400000
1790191373309,0.7037200000,0.7037400000
1790191373712,0.7037100000,0.7037400000
1790191380255,0.7037100000,0.7037400000
1790191381262,0.7037100000,0.7037300000
1790191381967,0.7037100000,0.7037400000
1790191383578,0.7037200000,0.7037400000
1790191386093,0.7037100000,0.7037400000
1790191389414,0.7037000000,0.7037300000
1790191389816,0.7036800000,0.7037000000
1790191390219,0.7036700000,0.7036900000
1790191392433,0.7036700000,0.7036800000
1790191393943,0.7036700000,0.7036900000
1790191394346,0.7036700000,0.7036800000
1790191395454,0.7036700000,0.7036900000
1790191396259,0.7036800000,0.7036900000
1790191397466,0.7036700000,0.7036900000
1790191397969,0.7036800000,0.7036900000
1790191399581,0.7036700000,0.7036900000
1790191399984,0.7036800000,0.7036900000
1790191400386,0.7036700000,0.7036900000
1790191400889,0.7036800000,0.7036900000
1790191401393,0.7036800000,0.7037100000
1790191401795,0.7037100000,0.7037400000
1790191406625,0.7037000000,0.7037400000
1790191407030,0.7037000000,0.7037200000
1790191408236,0.7037100000,0.7037400000
1790191409846,0.7036900000,0.7037100000
1790191412164,0.7037100000,0.7037400000
1790191412567,0.7037200000,0.7037500000
1790191413373,0.7037300000,0.7037500000
1790191417699,0.7037300000,0.7037600000
1790191428669,0.7037200000,0.7037500000
1790191439036,0.7037300000,0.7037500000
1790191440243,0.7037300000,0.7037600000
1790191468022,0.7037200000,0.7037600000
1790191468424,0.7037300000,0.7037600000
1790191468827,0.7037200000,0.7037600000
1790191469229,0.7037300000,0.7037600000
1790191469632,0.7037200000,0.7037600000
1790191474160,0.7037600000,0.7037900000
1790191474563,0.7037700000,0.7037900000
1790191474966,0.7037600000,0.7037900000
1790191477181,0.7037300000,0.7037600000
1790191483018,0.7037400000,0.7037700000
1790191484225,0.7037400000,0.7037600000
1790191487446,0.7037300000,0.7037600000
1790191493081,0.7037300000,0.7037500000
1790191494390,0.7037000000,0.7037300000
1790191494692,0.7036800000,0.7037000000
1790191499724,0.7037100000,0.7037400000
1790191500126,0.7037100000,0.7037400000
1790191500528,0.7036900000,0.7037100000
1790191505458,0.7036800000,0.7037000000
1790191510189,0.7036900000,0.7037000000
1790191510994,0.7036800000,0.7037000000
1790191511397,0.7036900000,0.7037000000
1790191511799,0.7037100000,0.7037400000
1790191513409,0.7037100000,0.7037300000
1790191518542,0.7037200000,0.7037400000
1790191518944,0.7037000000,0.7037400000
1790191519347,0.7036800000,0.7037100000
1790191520959,0.7036900000,0.7037100000
1790191521361,0.7036800000,0.7037100000
1790191524682,0.7036900000,0.7037100000
1790191525084,0.7037000000,0.7037300000
1790191526997,0.7037100000,0.7037300000
1790191527400,0.7037200000,0.7037400000
1790191531226,0.7037100000,0.7037300000
1790191538171,0.7037100000,0.7037200000
1790191538574,0.7037300000,0.7037500000
1790191538976,0.7037200000,0.7037500000
1790191543103,0.7037200000,0.7037600000
1790191543505,0.7037300000,0.7037600000
1790191543908,0.7037200000,0.7037600000
1790191544310,0.7037300000,0.7037600000
1790191544713,0.7037200000,0.7037600000
1790191545117,0.7037300000,0.7037600000
1790191556589,0.7037200000,0.7037500000
1790191556991,0.7037100000,0.7037400000
1790191557796,0.7037100000,0.7037500000
1790191559307,0.7037200000,0.7037600000
1790191560113,0.7037200000,0.7037600000
1790191560514,0.7037300000,0.7037700000
1790191565951,0.7037400000,0.7037700000
1790191568164,0.7037300000,0.7037600000
1790191568567,0.7037300000,0.7037700000
1790191575410,0.7037300000,0.7037600000
1790191575813,0.7037300000,0.7037700000
1790191576215,0.7037300000,0.7037500000
1790191576617,0.7037300000,0.7037600000
1790191577019,0.7037600000,0.7037900000
1790191582959,0.7037400000,0.7037700000
1790191585475,0.7037300000,0.7037600000
1790191586884,0.7037300000,0.7037500000
1790191587689,0.7037300000,0.7037400000
1790191588091,0.7036900000,0.7037300000
1790191589701,0.7036800000,0.7037200000
1790191590103,0.7036800000,0.7037100000
1790191595841,0.7036800000,0.7037000000
1790191596244,0.7036700000,0.7037000000
1790191599867,0.7036800000,0.7037000000
1790191600270,0.7036700000,0.7037000000
1790191604498,0.7036600000,0.7036800000
1790191604902,0.7036500000,0.7036800000
1790191608324,0.7036500000,0.7036700000
1790191609229,0.7036300000,0.7036600000
1790191610639,0.7036500000,0.7036700000
1790191611041,0.7036400000,0.7036600000
1790191611846,0.7036400000,0.7036500000
1790191612250,0.7036500000,0.7036700000
1790191614263,0.7036400000,0.7036600000
1790191614666,0.7036400000,0.7036500000
1790191616276,0.7036300000,0.7036500000
1790191617082,0.7036400000,0.7036500000
1790191618792,0.7036300000,0.7036500000
1790191620201,0.7036400000,0.7036500000
1790191620604,0.7036400000,0.7036600000
1790191621410,0.7036600000,0.7036800000
1790191634891,0.7036700000,0.7036900000
1790191640729,0.7036800000,0.7036900000
1790191641735,0.7036700000,0.7036900000
1790191642946,0.7036800000,0.7036900000
1790191643854,0.7036800000,0.7037000000
1790191644256,0.7037100000,0.7037300000
1790191647276,0.7036900000,0.7037100000
1790191649190,0.7036800000,0.7037000000
1790191653418,0.7036600000,0.7036800000
1790191667935,0.7036500000,0.7036800000
1790191668338,0.7036600000,0.7036800000
1790191672161,0.7036500000,0.7036800000
1790191672564,0.7036400000,0.7036700000
1790191672966,0.7036400000,0.7036600000
1790191674174,0.7036400000,0.7036700000
1790191676388,0.7036300000,0.7036500000
1790191677193,0.7036400000,0.7036500000
1790191677999,0.7036300000,0.7036500000
1790191678502,0.7036400000,0.7036500000
1790191679307,0.7036400000,0.7036600000
1790191679710,0.7036400000,0.7036800000
1790191680515,0.7036500000,0.7036800000
1790191682327,0.7036300000,0.7036500000
1790191689979,0.7036500000,0.7036700000
1790191694407,0.7036400000,0.7036700000
1790191694811,0.7036400000,0.7036600000
1790191695212,0.7036400000,0.7036800000
1790191695615,0.7036500000,0.7036800000
1790191697326,0.7036400000,0.7036800000
1790191698130,0.7036600000,0.7036800000
1790191698935,0.7036600000,0.7036900000
1790191703669,0.7036700000,0.7036900000
1790191713432,0.7036800000,0.7037000000
1790191714840,0.7036600000,0.7036900000
1790191716451,0.7036700000,0.7037000000
1790191716854,0.7036800000,0.7037000000
1790191720577,0.7036900000,0.7037000000
1790191720979,0.7036800000,0.7037100000
1790191721785,0.7036900000,0.7037100000
1790191727520,0.7037000000,0.7037200000
1790191727922,0.7037000000,0.7037300000
1790191731746,0.7036900000,0.7037200000
1790191733559,0.7037000000,0.7037200000
1790191733961,0.7037000000,0.7037300000
1790191736175,0.7037000000,0.7037200000
1790191737685,0.7037000000,0.7037300000
1790191738089,0.7037100000,0.7037300000
1790191740000,0.7037100000,0.7037300000
1790191743625,0.7037000000,0.7037300000
1790191744028,0.7036900000,0.7037100000
1790191744833,0.7037000000,0.7037200000
1790191746042,0.7037100000,0.7037300000
1790191748860,0.7036900000,0.7037100000
1790191749865,0.7036800000,0.7037100000
1790191750268,0.7036800000,0.7037000000
1790191752483,0.7037100000,0.7037300000
1790191752885,0.7037000000,0.7037200000
1790191753288,0.7037100000,0.7037300000
1790191758119,0.7037000000,0.7037200000
1790191762044,0.7036800000,0.7037100000
1790191762850,0.7036900000,0.7037100000
1790191763253,0.7036800000,0.7037100000
1790191763656,0.7036900000,0.7037100000
1790191764763,0.7036800000,0.7037100000
1790191767180,0.7036900000,0.7037100000
1790191769797,0.7036800000,0.7037100000
1790191770199,0.7036700000,0.7036900000
1790191771810,0.7036900000,0.7037100000
1790191775132,0.7036800000,0.7037100000
1790191775534,0.7036800000,0.7037000000
1790191777749,0.7036900000,0.7037100000
1790191784594,0.7036800000,0.7037100000
1790191784997,0.7036800000,0.7037000000
1790191790935,0.7037000000,0.7037200000
1790191791337,0.7037200000,0.7037400000
1790191792545,0.7037400000,0.7037600000
1790191794356,0.7037300000,0.7037600000
1790191794759,0.7037300000,0.7037700000
1790191795161,0.7037400000,0.7037700000
1790191795564,0.7037300000,0.7037700000
1790191797677,0.7037300000,0.7037600000
1790191798583,0.7037300000,0.7037700000
1790191799690,0.7037400000,0.7037700000
1790191800092,0.7037400000,0.7037700000
1790191800494,0.7037300000,0.7037700000
1790191805024,0.7037400000,0.7037800000
1790191805829,0.7037400000,0.7037700000
1790191806634,0.7037300000,0.7037600000
1790191809152,0.7037300000,0.7037700000
1790191811768,0.7037200000,0.7037500000
1790191812573,0.7037200000,0.7037600000
1790191817001,0.7037200000,0.7037500000
1790191818611,0.7037200000,0.7037600000
1790191821631,0.7037200000,0.7037500000
1790191824048,0.7037200000,0.7037400000
1790191828880,0.7037200000,0.7037500000
1790191832502,0.7037200000,0.7037600000
1790191832904,0.7037300000,0.7037600000
1790191834918,0.7037200000,0.7037600000
1790191835320,0.7037200000,0.7037500000
1790191835723,0.7037300000,0.7037600000
1790191836528,0.7037200000,0.7037600000
1790191836931,0.7037300000,0.7037600000
1790191837334,0.7037100000,0.7037300000
1790191837737,0.7037100000,0.7037400000
1790191838139,0.7037100000,0.7037300000
1790191840657,0.7036800000,0.7037100000
1790191849815,0.7036700000,0.7037100000
1790191850720,0.7036700000,0.7037000000
1790191851927,0.7036700000,0.7037100000
1790191852833,0.7036700000,0.7037000000
1790191860284,0.7036700000,0.7037000000
1790191862701,0.7036700000,0.7037100000
1790191866224,0.7036800000,0.7037100000
1790191891692,0.7037000000,0.7037300000
1790191892094,0.7037200000,0.7037500000
1790191892900,0.7037400000,0.7037700000
1790191893706,0.7037300000,0.7037600000
1790191894108,0.7037300000,0.7037500000
1790191894510,0.7037300000,0.7037600000
1790191903370,0.7037300000,0.7037500000
1790191905784,0.7036700000,0.7037100000
1790191906187,0.7036700000,0.7036900000
1790191906590,0.7036800000,0.7036900000
1790191906993,0.7036700000,0.7036900000
1790191908604,0.7036800000,0.7036900000
1790191910012,0.7036700000,0.7036900000
1790191910817,0.7036800000,0.7036900000
1790191911824,0.7036700000,0.7036900000
1790191912226,0.7036800000,0.7036900000
1790191915044,0.7036900000,0.7037100000
1790191917561,0.7037000000,0.7037100000
1790191917964,0.7037000000,0.7037300000
1790191920078,0.7037000000,0.7037300000
1790191920884,0.7037000000,0.7037200000
1790191921286,0.7037000000,0.7037300000
1790191922594,0.7037200000,0.7037400000
1790191923399,0.7037100000,0.7037400000
1790191924204,0.7037200000,0.7037400000
1790191924606,0.7037300000,0.7037500000
1790191925714,0.7037400000,0.7037500000
1790191926518,0.7037500000,0.7037600000
1790191926920,0.7037300000,0.7037500000
1790191930747,0.7037300000,0.7037600000
1790191931553,0.7037300000,0.7037500000
1790191931954,0.7037200000,0.7037500000
1790191934976,0.7037300000,0.7037500000
1790191935378,0.7037400000,0.7037600000
1790191936183,0.7037300000,0.7037600000
1790191938700,0.7037300000,0.7037500000
1790191946754,0.7037200000,0.7037500000
1790191948766,0.7037300000,0.7037500000
1790191954605,0.7037400000,0.7037600000
1790191955410,0.7037500000,0.7037700000
1790191955813,0.7037600000,0.7037800000
1790191957926,0.7037300000,0.7037500000
1790191959939,0.7037400000,0.7037700000
1790191960341,0.7037400000,0.7037600000
1790191960744,0.7037300000,0.7037600000
1790191961147,0.7037400000,0.7037600000
1790191961549,0.7037300000,0.7037600000
1790191962354,0.7037200000,0.7037500000
1790191963662,0.7037200000,0.7037400000
1790191966180,0.7037000000,0.7037300000
1790191980172,0.7036900000,0.7037300000
1790191980575,0.7036900000,0.7037200000
1790191981581,0.7036800000,0.7037100000
1790191982486,0.7037100000,0.7037300000
1790191983995,0.7037300000,0.7037500000
1790191988021,0.7037400000,0.7037600000
1790191990442,0.7037600000,0.7037800000
1790191992454,0.7037500000,0.7037700000
1790191993863,0.7037400000,0.7037700000
1790191994265,0.7037400000,0.7037600000
1790191998089,0.7037600000,0.7037800000
1790191999096,0.7037700000,0.7037900000
1790191999499,0.7037800000,0.7037900000
1790191999901,0.7037700000,0.7037900000
1790192005743,0.7037600000,0.7037900000
1790192006146,0.7037500000,0.7037600000
1790192006548,0.7037500000,0.7037700000
1790192009870,0.7037600000,0.7037700000
1790192010272,0.7037500000,0.7037700000
1790192011079,0.7037400000,0.7037700000
1790192011482,0.7037400000,0.7037600000
1790192016212,0.7037500000,0.7037800000
1790192017823,0.7037500000,0.7037700000
1790192020036,0.7037600000,0.7037700000
1790192020439,0.7037500000,0.7037700000
1790192020841,0.7037600000,0.7037800000
1790192021244,0.7037700000,0.7037900000
1790192024666,0.7037700000,0.7037800000
1790192028591,0.7037600000,0.7037800000
1790192028993,0.7037400000,0.7037700000
1790192029396,0.7037300000,0.7037500000
1790192034026,0.7037200000,0.7037400000
1790192035942,0.7037100000,0.7037300000
1790192036748,0.7037200000,0.7037400000
1790192039263,0.7037300000,0.7037500000
1790192040370,0.7037300000,0.7037500000
1790192042686,0.7037200000,0.7037500000
1790192043088,0.7037200000,0.7037400000
1790192047515,0.7037300000,0.7037400000
1790192047918,0.7037400000,0.7037600000
1790192048321,0.7037300000,0.7037600000
1790192053051,0.7037500000,0.7037800000
1790192054259,0.7037600000,0.7037800000
1790192055064,0.7037600000,0.7037700000
1790192055467,0.7037500000,0.7037700000
1790192059291,0.7037400000,0.7037600000
1790192059694,0.7037500000,0.7037800000
1790192060097,0.7037400000,0.7037600000
1790192060499,0.7037500000,0.7037600000
1790192060902,0.7037400000,0.7037600000
1790192062817,0.7037300000,0.7037600000
1790192064026,0.7037300000,0.7037500000
1790192064429,0.7037300000,0.7037600000
1790192068857,0.7037200000,0.7037500000
1790192072583,0.7037200000,0.7037400000
1790192075503,0.7037200000,0.7037300000
1790192075905,0.7037200000,0.7037400000
1790192082951,0.7036900000,0.7037300000
1790192084259,0.7037000000,0.7037300000
1790192084661,0.7037200000,0.7037500000
1790192087077,0.7037300000,0.7037500000
1790192087480,0.7037200000,0.7037500000
1790192089190,0.7037200000,0.7037400000
1790192090096,0.7037200000,0.7037500000
1790192092110,0.7037200000,0.7037400000
1790192092613,0.7037100000,0.7037400000
1790192094727,0.7037200000,0.7037600000
1790192095129,0.7037300000,0.7037600000
1790192096538,0.7037100000,0.7037400000
1790192099862,0.7037100000,0.7037300000
1790192100264,0.7037100000,0.7037300000
1790192101976,0.7037000000,0.7037300000
1790192102378,0.7037200000,0.7037400000
1790192103184,0.7037300000,0.7037500000
1790192104089,0.7037200000,0.7037500000
1790192104492,0.7037400000,0.7037600000
1790192104894,0.7037300000,0.7037600000
1790192112645,0.7037400000,0.7037700000
1790192113349,0.7037400000,0.7037600000
1790192114457,0.7037300000,0.7037600000
1790192114859,0.7037100000,0.7037400000
1790192116067,0.7037200000,0.7037500000
1790192116973,0.7037100000,0.7037500000
1790192117778,0.7037100000,0.7037400000
1790192118182,0.7037200000,0.7037500000
1790192121301,0.7037200000,0.7037400000
1790192121706,0.7037200000,0.7037600000
1790192122209,0.7037300000,0.7037600000
1790192122612,0.7037400000,0.7037600000
1790192124323,0.7037300000,0.7037600000
1790192124725,0.7037200000,0.7037500000
1790192125027,0.7037200000,0.7037400000
1790192125531,0.7037200000,0.7037500000
1790192126739,0.7037200000,0.7037600000
1790192128555,0.7037200000,0.7037500000
1790192130066,0.7036900000,0.7037200000
1790192130469,0.7036800000,0.7037100000
1790192130971,0.7036800000,0.7037200000
1790192131374,0.7036900000,0.7037200000
1790192134594,0.7037200000,0.7037400000
1790192134997,0.7037200000,0.7037500000
1790192140331,0.7037200000,0.7037400000
1790192140734,0.7037200000,0.7037500000
1790192142746,0.7037300000,0.7037600000
1790192149492,0.7037200000,0.7037400000
1790192150298,0.7037200000,0.7037500000
1790192151102,0.7037200000,0.7037400000
1790192151907,0.7037300000,0.7037600000
1790192152311,0.7037200000,0.7037600000
1790192153114,0.7037200000,0.7037500000
1790192155129,0.7037200000,0.7037600000
1790192155531,0.7037300000,0.7037600000
1790192155933,0.7037600000,0.7037900000
1790192156336,0.7037600000,0.7037800000
1790192156739,0.7037300000,0.7037700000
1790192159356,0.7037300000,0.7037600000
1790192160262,0.7037300000,0.7037600000
1790192161873,0.7037700000,0.7037900000
1790192163281,0.7037700000,0.7038000000
1790192164089,0.7037700000,0.7037900000
1790192164492,0.7037700000,0.7038000000
1790192166101,0.7037700000,0.7037900000
1790192167713,0.7037700000,0.7038000000
1790192168115,0.7037700000,0.7037900000
1790192168719,0.7037700000,0.7037800000
1790192169122,0.7037500000,0.7037800000
1790192170432,0.7037400000,0.7037600000
1790192170834,0.7037300000,0.7037600000
1790192175869,0.7037400000,0.7037700000
1790192177178,0.7037800000,0.7038100000
1790192177983,0.7037800000,0.7038000000
1790192179593,0.7037700000,0.7038000000
1790192179996,0.7037700000,0.7037900000
1790192182312,0.7037700000,0.7038000000
1790192182716,0.7037800000,0.7038000000
1790192186944,0.7037800000,0.7038100000
1790192193994,0.7037900000,0.7038200000
1790192196009,0.7038100000,0.7038400000
1790192199933,0.7038000000,0.7038300000
1790192201445,0.7038000000,0.7038200000
1790192201847,0.7037800000,0.7038200000
1790192202250,0.7038100000,0.7038400000
1790192203960,0.7038300000,0.7038600000
1790192204765,0.7038300000,0.7038700000
1790192205168,0.7038300000,0.7038600000
1790192205570,0.7038300000,0.7038700000
1790192206677,0.7038300000,0.7038600000
1790192208891,0.7038300000,0.7038700000
1790192211004,0.7038400000,0.7038700000
1790192211407,0.7038600000,0.7038900000
1790192212615,0.7038600000,0.7039000000
1790192213017,0.7038700000,0.7039100000
1790192213420,0.7038700000,0.7039000000
1790192213822,0.7038700000,0.7038900000
1790192214627,0.7038700000,0.7039100000
1790192215835,0.7038700000,0.7039000000
1790192219156,0.7038700000,0.7039100000
1790192219559,0.7038800000,0.7039100000
1790192219961,0.7038700000,0.7039100000
1790192220465,0.7038700000,0.7039100000
1790192221169,0.7038700000,0.7039000000
1790192221572,0.7038700000,0.7039100000
1790192223886,0.7038700000,0.7039000000
1790192224792,0.7038700000,0.7039100000
1790192225597,0.7038900000,0.7039100000
1790192226001,0.7038800000,0.7039100000
1790192231738,0.7038800000,0.7039200000
1790192232547,0.7039100000,0.7039500000
1790192232949,0.7039200000,0.7039500000
1790192233352,0.7039200000,0.7039600000
1790192233755,0.7039200000,0.7039500000
1790192234157,0.7039200000,0.7039600000
1790192235767,0.7039300000,0.7039600000
1790192236371,0.7039200000,0.7039600000
1790192236774,0.7038600000,0.7038900000
1790192242717,0.7038600000,0.7039000000
1790192243121,0.7038600000,0.7038900000
1790192247850,0.7038800000,0.7038900000
1790192248253,0.7038600000,0.7038900000
1790192248656,0.7038500000,0.7038700000
1790192249059,0.7038500000,0.7038800000
1790192250065,0.7038500000,0.7038700000
1790192256911,0.7038400000,0.7038600000
1790192260735,0.7038300000,0.7038600000
1790192261139,0.7038300000,0.7038500000
1790192271933,0.7038200000,0.7038400000
1790192272336,0.7038200000,0.7038300000
1790192273142,0.7038200000,0.7038400000
1790192278476,0.7038300000,0.7038500000
1790192281596,0.7038300000,0.7038500000
1790192282402,0.7038200000,0.7038400000
1790192291160,0.7038300000,0.7038500000
1790192299721,0.7038400000,0.7038600000
1790192300828,0.7038300000,0.7038500000
1790192309888,0.7038400000,0.7038600000
1790192320156,0.7038300000,0.7038600000
1790192320559,0.7038300000,0.7038500000
1790192324989,0.7038300000,0.7038600000
1790192326599,0.7038300000,0.7038700000
1790192329619,0.7038300000,0.7038600000
1790192330424,0.7038300000,0.7038700000
1790192331733,0.7038300000,0.7038600000
1790192332539,0.7038600000,0.7038900000
1790192337267,0.7038600000,0.7038800000
1790192338072,0.7038300000,0.7038700000
1790192338474,0.7038600000,0.7038900000
1790192338877,0.7038700000,0.7039000000
1790192339279,0.7038700000,0.7038900000
1790192339682,0.7038700000,0.7039100000
1790192340085,0.7038700000,0.7039100000
1790192340488,0.7038800000,0.7039100000
1790192342500,0.7038800000,0.7039000000
1790192342903,0.7038800000,0.7039100000
1790192343810,0.7038800000,0.7039000000
1790192344614,0.7038800000,0.7039100000
1790192348741,0.7038800000,0.7039000000
1790192349546,0.7038700000,0.7039100000
1790192350653,0.7038700000,0.7039000000
1790192352466,0.7038700000,0.7038900000
1790192353675,0.7038500000,0.7038800000
1790192355286,0.7038500000,0.7038900000
1790192355689,0.7038500000,0.7038800000
1790192356091,0.7038500000,0.7038900000
1790192361223,0.7038400000,0.7038700000
1790192362028,0.7038300000,0.7038500000
1790192362432,0.7038200000,0.7038400000
1790192365754,0.7038200000,0.7038300000
1790192366960,0.7038200000,0.7038400000
1790192368067,0.7038200000,0.7038500000
1790192369276,0.7038200000,0.7038400000
1790192371390,0.7038100000,0.7038400000
1790192373506,0.7038200000,0.7038500000
1790192375117,0.7038200000,0.7038600000
1790192380148,0.7038300000,0.7038600000
1790192380550,0.7038200000,0.7038600000
1790192381558,0.7038300000,0.7038600000
1790192381958,0.7038200000,0.7038600000
1790192386186,0.7038300000,0.7038600000
1790192386589,0.7038200000,0.7038600000
1790192387394,0.7038300000,0.7038700000
1790192387797,0.7038300000,0.7038600000
1790192392025,0.7038200000,0.7038500000
1790192392830,0.7038100000,0.7038400000
1790192393635,0.7038100000,0.7038500000
1790192394441,0.7038200000,0.7038500000
1790192394843,0.7038200000,0.7038400000
1790192400581,0.7038200000,0.7038400000
1790192400982,0.7038200000,0.7038300000
1790192401384,0.7038200000,0.7038400000
1790192402290,0.7038100000,0.7038300000
1790192403497,0.7038000000,0.7038200000
1790192403900,0.7037800000,0.7038000000
1790192407022,0.7037700000,0.7038000000
1790192407424,0.7037600000,0.7037800000
1790192408632,0.7037700000,0.7037900000
1790192409236,0.7037800000,0.7037900000
1790192410041,0.7037700000,0.7037900000
1790192410444,0.7037800000,0.7037900000
1790192411149,0.7037700000,0.7037900000
1790192413766,0.7037800000,0.7037900000
1790192414168,0.7038000000,0.7038200000
1790192414570,0.7038200000,0.7038400000
1790192418800,0.7038300000,0.7038500000
1790192424740,0.7038200000,0.7038400000
1790192433498,0.7038200000,0.7038300000
1790192433902,0.7038200000,0.7038400000
1790192441450,0.7038200000,0.7038500000
1790192442255,0.7038200000,0.7038400000
1790192443765,0.7038200000,0.7038500000
1790192444570,0.7038300000,0.7038500000
1790192455442,0.7038200000,0.7038500000
1790192455844,0.7038200000,0.7038400000
1790192460373,0.7038200000,0.7038300000
1790192460776,0.7038200000,0.7038400000
1790192461179,0.7038200000,0.7038500000
1790192461581,0.7038200000,0.7038400000
1790192463191,0.7038200000,0.7038300000
1790192465909,0.7038000000,0.7038300000
1790192466311,0.7037800000,0.7038100000
1790192467116,0.7037900000,0.7038100000
1790192467519,0.7038100000,0.7038300000
1790192473457,0.7037900000,0.7038200000
1790192474765,0.7038200000,0.7038500000
1790192479195,0.7038200000,0.7038600000
1790192483627,0.7038200000,0.7038500000
1790192484432,0.7038200000,0.7038600000
1790192490170,0.7038200000,0.7038500000
1790192490673,0.7038200000,0.7038600000
1790192491177,0.7038200000,0.7038500000
1790192491881,0.7038200000,0.7038600000
1790192493693,0.7038200000,0.7038500000
1790192496812,0.7038200000,0.7038400000
1790192498322,0.7038200000,0.7038500000
1790192501844,0.7038200000,0.7038400000
1790192502246,0.7038100000,0.7038300000
1790192502649,0.7037800000,0.7038100000
1790192503454,0.7037700000,0.7038000000
1790192505064,0.7037700000,0.7037900000
1790192508388,0.7037500000,0.7037800000
1790192511305,0.7037500000,0.7037700000
1790192512110,0.7037400000,0.7037700000
1790192512915,0.7037500000,0.7037700000
1790192514124,0.7037300000,0.7037500000
1790192514525,0.7037200000,0.7037400000
1790192520061,0.7037200000,0.7037400000
1790192520564,0.7037200000,0.7037500000
1790192521772,0.7037200000,0.7037600000
1790192522175,0.7037200000,0.7037500000
1790192523685,0.7037300000,0.7037500000
1790192524892,0.7037200000,0.7037500000
1790192527006,0.7036900000,0.7037200000
1790192531031,0.7036800000,0.7037200000
1790192531433,0.7036800000,0.7037100000
1790192535760,0.7036800000,0.7037000000
1790192536164,0.7036800000,0.7037100000
1790192536867,0.7037000000,0.7037300000
1790192541799,0.7037000000,0.7037200000
1790192542201,0.7036900000,0.7037100000
1790192543912,0.7036900000,0.7037200000
1790192547635,0.7036800000,0.7037100000
1790192548742,0.7036900000,0.7037100000
1790192549448,0.7036800000,0.7037100000
1790192549849,0.7036800000,0.7037000000
1790192551359,0.7036800000,0.7037100000
1790192551761,0.7037200000,0.7037400000
1790192555484,0.7037300000,0.7037400000
1790192558202,0.7037200000,0.7037400000
1790192562731,0.7037200000,0.7037600000
1790192563737,0.7037200000,0.7037500000
1790192564138,0.7037200000,0.7037400000
1790192566654,0.7037200000,0.7037300000
1790192567057,0.7037100000,0.7037300000
1790192567460,0.7037000000,0.7037200000
1790192567862,0.7037000000,0.7037300000
1790192571285,0.7037100000,0.7037400000
1790192571687,0.7037200000,0.7037400000
1790192572089,0.7037200000,0.7037300000
1790192572693,0.7037200000,0.7037400000
1790192573096,0.7037200000,0.7037300000
1790192574806,0.7037200000,0.7037400000
1790192575208,0.7037100000,0.7037300000
1790192575912,0.7037100000,0.7037200000
1790192576315,0.7036800000,0.7037000000
1790192576717,0.7036700000,0.7036900000
1790192577120,0.7036700000,0.7036800000
1790192578428,0.7036600000,0.7036800000
1790192580241,0.7036600000,0.7036800000
1790192580643,0.7036600000,0.7036900000
1790192582052,0.7036500000,0.7036700000
1790192582457,0.7036500000,0.7036800000
1790192583866,0.7036400000,0.7036700000
1790192585274,0.7036600000,0.7036900000
1790192588899,0.7036600000,0.7036800000
1790192589904,0.7036500000,0.7036800000
1790192592020,0.7036600000,0.7036800000
1790192592423,0.7036600000,0.7036900000
1790192593931,0.7036700000,0.7036900000
1790192596547,0.7036600000,0.7036800000
1790192596950,0.7036600000,0.7036900000
1790192597855,0.7036700000,0.7037000000
1790192599066,0.7036800000,0.7037100000
1790192603091,0.7036800000,0.7037000000
1790192603898,0.7036600000,0.7036800000
1790192607016,0.7036500000,0.7036700000
1790192607419,0.7036300000,0.7036600000
1790192608224,0.7036300000,0.7036500000
1790192611546,0.7036400000,0.7036700000
1790192612350,0.7036500000,0.7036800000
1790192619495,0.7036700000,0.7036900000
1790192621108,0.7036800000,0.7037000000
1790192628353,0.7037000000,0.7037200000
1790192629560,0.7037100000,0.7037300000
1790192629962,0.7037000000,0.7037200000
1790192636609,0.7036900000,0.7037100000
1790192640129,0.7036900000,0.7037100000
1790192641438,0.7037100000,0.7037300000
1790192642243,0.7037000000,0.7037300000
1790192642645,0.7037100000,0.7037300000
1790192643450,0.7036800000,0.7037000000
1790192648585,0.7037000000,0.7037100000
1790192648988,0.7036800000,0.7037000000
1790192654426,0.7036700000,0.7037000000
1790192654829,0.7036700000,0.7036900000
1790192657849,0.7036600000,0.7036800000
1790192658251,0.7036500000,0.7036800000
1790192659458,0.7036500000,0.7036700000
1790192659861,0.7036300000,0.7036500000
1790192662076,0.7036200000,0.7036500000
1790192662478,0.7036200000,0.7036400000
1790192664695,0.7036100000,0.7036300000
1790192667112,0.7036000000,0.7036200000
1790192674558,0.7035900000,0.7036200000
1790192674961,0.7035900000,0.7036100000
1790192676169,0.7035800000,0.7036000000
1790192683314,0.7035800000,0.7035900000
1790192684119,0.7035600000,0.7035800000
1790192690460,0.7035500000,0.7035800000
1790192690862,0.7035500000,0.7035700000
1790192692171,0.7035400000,0.7035600000
1790192692574,0.7035300000,0.7035500000
1790192694385,0.7035200000,0.7035400000
1790192700626,0.7035200000,0.7035400000
1790192702235,0.7035300000,0.7035400000
1790192702637,0.7035200000,0.7035400000
1790192705053,0.7035300000,0.7035400000
1790192706059,0.7035200000,0.7035400000
1790192707266,0.7035300000,0.7035400000
1790192707669,0.7035200000,0.7035400000
1790192708374,0.7035300000,0.7035400000
1790192709884,0.7035200000,0.7035400000
1790192718239,0.7035300000,0.7035400000
1790192721660,0.7035200000,0.7035400000
1790192722064,0.7035300000,0.7035400000
1790192723979,0.7035400000,0.7035500000
1790192724382,0.7035400000,0.7035600000
1790192725187,0.7035300000,0.7035500000
1790192727001,0.7035200000,0.7035500000
1790192727403,0.7035200000,0.7035400000
1790192727806,0.7034900000,0.7035100000
1790192728209,0.7034400000,0.7034600000
1790192728611,0.7034000000,0.7034200000
1790192729014,0.7034600000,0.7034800000
1790192729417,0.7034700000,0.7034800000
1790192729819,0.7034800000,0.7035000000
1790192730626,0.7035000000,0.7035200000
1790192731331,0.7034800000,0.7035000000
1790192731734,0.7034900000,0.7035000000
1790192732137,0.7034900000,0.7035100000
1790192732539,0.7035000000,0.7035200000
1790192732941,0.7034800000,0.7035000000
1790192734148,0.7034900000,0.7035000000
1790192734551,0.7034900000,0.7035100000
1790192735355,0.7034800000,0.7035000000
1790192735758,0.7034900000,0.7035100000
1790192736161,0.7034800000,0.7035000000
1790192737369,0.7034600000,0.7034800000
1790192738978,0.7034800000,0.7034900000
1790192739381,0.7034700000,0.7034900000
1790192739783,0.7034800000,0.7034900000
1790192740186,0.7034600000,0.7034900000
1790192740589,0.7034600000,0.7034800000
1790192741796,0.7034300000,0.7034400000
1790192742200,0.7034300000,0.7034500000
1790192743408,0.7034200000,0.7034400000
1790192745523,0.7034100000,0.7034300000
1790192745925,0.7034300000,0.7034400000
1790192746328,0.7034200000,0.7034400000
1790192748341,0.7034300000,0.7034400000
1790192748743,0.7034200000,0.7034400000
1790192749750,0.7034600000,0.7034800000
1790192750154,0.7034700000,0.7034800000
1790192750555,0.7034500000,0.7034600000
1790192750958,0.7034600000,0.7034700000
1790192751361,0.7034600000,0.7034900000
1790192753876,0.7034700000,0.7034900000
1790192754278,0.7034800000,0.7034900000
1790192754681,0.7034700000,0.7034900000
1790192755890,0.7034800000,0.7034900000
1790192756292,0.7034800000,0.7035000000
1790192756695,0.7034900000,0.7035000000
1790192757098,0.7035000000,0.7035100000
1790192757601,0.7035100000,0.7035200000
1790192758708,0.7035000000,0.7035200000
1790192760219,0.7035000000,0.7035300000
1790192760621,0.7035300000,0.7035400000
1790192763240,0.7035400000,0.7035500000
1790192763643,0.7035300000,0.7035500000
1790192764850,0.7035200000,0.7035400000
1790192765254,0.7035100000,0.7035300000
1790192765658,0.7035000000,0.7035200000
1790192766865,0.7035100000,0.7035300000
1790192767871,0.7035000000,0.7035300000
1790192768273,0.7035000000,0.7035200000
1790192769984,0.7035100000,0.7035300000
1790192770789,0.7035100000,0.7035400000
1790192771191,0.7035200000,0.7035400000
1790192773306,0.7035100000,0.7035300000
1790192778035,0.7035200000,0.7035400000
1790192778841,0.7035200000,0.7035300000
1790192779243,0.7035100000,0.7035300000
1790192779646,0.7034900000,0.7035100000
1790192780049,0.7035100000,0.7035300000
1790192780451,0.7035100000,0.7035400000
1790192780854,0.7035200000,0.7035400000
1790192782463,0.7035100000,0.7035300000
1790192783873,0.7034900000,0.7035100000
1790192785283,0.7034900000,0.7035200000
1790192785685,0.7035000000,0.7035100000
1790192786087,0.7034800000,0.7035100000
1790192786490,0.7034900000,0.7035100000
1790192786892,0.7034900000,0.7035000000
1790192787294,0.7035000000,0.7035200000
1790192787697,0.7034900000,0.7035100000
1790192788100,0.7035000000,0.7035200000
1790192788504,0.7034900000,0.7035100000
1790192789714,0.7035000000,0.7035200000
1790192790117,0.7034800000,0.7035000000
1790192790520,0.7034700000,0.7034900000
1790192790922,0.7034800000,0.7035000000
1790192792028,0.7034900000,0.7035100000
1790192794544,0.7035000000,0.7035200000
1790192795349,0.7035100000,0.7035300000
1790192796256,0.7034800000,0.7035000000
1790192797565,0.7035000000,0.7035200000
1790192797967,0.7035000000,0.7035300000
1790192798369,0.7035000000,0.7035200000
1790192798772,0.7034700000,0.7034900000
1790192799175,0.7034700000,0.7035000000
1790192799577,0.7034800000,0.7035000000
1790192799980,0.7034700000,0.7035000000
1790192800785,0.7034800000,0.7035000000
1790192801188,0.7034700000,0.7035000000
1790192802497,0.7034800000,0.7035000000
1790192804005,0.7034700000,0.7035000000
1790192804811,0.7034800000,0.7035000000
1790192805212,0.7034900000,0.7035000000
1790192805615,0.7034700000,0.7035000000
1790192806926,0.7034800000,0.7035000000
1790192807733,0.7034500000,0.7034800000
1790192808134,0.7034300000,0.7034600000
1790192808537,0.7034300000,0.7034500000
1790192808939,0.7034200000,0.7034500000
1790192811053,0.7034100000,0.7034400000
1790192811858,0.7034200000,0.7034400000
1790192812260,0.7034300000,0.7034400000
1790192812663,0.7034400000,0.7034500000
1790192813168,0.7034300000,0.7034400000
1790192815786,0.7034200000,0.7034400000
1790192816189,0.7034100000,0.7034400000
1790192816592,0.7034200000,0.7034400000
1790192817398,0.7034100000,0.7034400000
1790192819613,0.7034000000,0.7034400000
1790192820015,0.7034200000,0.7034400000
1790192821223,0.7034200000,0.7034500000
1790192821626,0.7034300000,0.7034500000
1790192823236,0.7034100000,0.7034400000
1790192823639,0.7034000000,0.7034300000
1790192824043,0.7034200000,0.7034400000
1790192825251,0.7034100000,0.7034400000
1790192825654,0.7034000000,0.7034400000
1790192826056,0.7034000000,0.7034300000
1790192826458,0.7034200000,0.7034400000
1790192828271,0.7034300000,0.7034500000
1790192828674,0.7034400000,0.7034600000
1790192829177,0.7034300000,0.7034600000
1790192830385,0.7034300000,0.7034500000
1790192830888,0.7034200000,0.7034500000
1790192831292,0.7034300000,0.7034500000
1790192832299,0.7034200000,0.7034500000
1790192833709,0.7034000000,0.7034400000
1790192834916,0.7034100000,0.7034400000
1790192836929,0.7034200000,0.7034400000
1790192837734,0.7034100000,0.7034400000
1790192838940,0.7034200000,0.7034400000
1790192839544,0.7034100000,0.7034400000
1790192840753,0.7034200000,0.7034400000
1790192841357,0.7034100000,0.7034400000
1790192845386,0.7034300000,0.7034500000
1790192845788,0.7034200000,0.7034500000
1790192846190,0.7034300000,0.7034500000
1790192846593,0.7034500000,0.7034800000
1790192846995,0.7034600000,0.7034800000
1790192847397,0.7034300000,0.7034700000
1790192847800,0.7034300000,0.7034600000
1790192848204,0.7034200000,0.7034600000
1790192848605,0.7034500000,0.7034800000
1790192849411,0.7034600000,0.7034800000
1790192849813,0.7034500000,0.7034800000
1790192850217,0.7034600000,0.7034800000
1790192850620,0.7034800000,0.7034900000
1790192851023,0.7034800000,0.7035100000
1790192851425,0.7034800000,0.7035000000
1790192851827,0.7034500000,0.7034900000
1790192852230,0.7034500000,0.7034800000
1790192852634,0.7034600000,0.7034800000
1790192853035,0.7034500000,0.7034800000
1790192853839,0.7034400000,0.7034700000
1790192854242,0.7034300000,0.7034700000
1790192854646,0.7034200000,0.7034500000
1790192856356,0.7034300000,0.7034600000
1790192857363,0.7034300000,0.7034500000
1790192860988,0.7034200000,0.7034500000
1790192861793,0.7034300000,0.7034500000
1790192862194,0.7034200000,0.7034500000
1790192862999,0.7034000000,0.7034300000
1790192864005,0.7033900000,0.7034200000
1790192864811,0.7033800000,0.7034000000
1790192865212,0.7033600000,0.7034000000
1790192865615,0.7033700000,0.7033900000
1790192866018,0.7033800000,0.7034000000
1790192866420,0.7033700000,0.7034000000
1790192867350,0.7033700000,0.7033900000
1790192867753,0.7033700000,0.7034000000
1790192869463,0.7033600000,0.7033800000
1790192870269,0.7033700000,0.7034000000
1790192873086,0.7033800000,0.7034000000
1790192873489,0.7033800000,0.7034100000
1790192873991,0.7033900000,0.7034100000
1790192875302,0.7033800000,0.7034100000
1790192876106,0.7033900000,0.7034100000
1790192877415,0.7034000000,0.7034200000
1790192878421,0.7033900000,0.7034200000
1790192878824,0.7033800000,0.7034100000
1790192879629,0.7033800000,0.7034000000
1790192880031,0.7033700000,0.7034000000
1790192882850,0.7033700000,0.7033900000
1790192887883,0.7033600000,0.7033900000
1790192888285,0.7033500000,0.7033700000
1790192889392,0.7033700000,0.7033800000
1790192890398,0.7033500000,0.7033800000
1790192890801,0.7033400000,0.7033600000
1790192895934,0.7033300000,0.7033600000
1790192896337,0.7033300000,0.7033500000
1790192896739,0.7033500000,0.7033700000
1790192898047,0.7033400000,0.7033600000
1790192902978,0.7033500000,0.7033600000
1790192903685,0.7033500000,0.7033700000
1790192905097,0.7033300000,0.7033500000
1790192907411,0.7033200000,0.7033400000
1790192910328,0.7033100000,0.7033400000
1790192910730,0.7033100000,0.7033300000
1790192912240,0.7033000000,0.7033200000
1790192914657,0.7033100000,0.7033300000
1790192915462,0.7033200000,0.7033400000
1790192917174,0.7033100000,0.7033300000
1790192920899,0.7033200000,0.7033400000
1790192938812,0.7033400000,0.7033600000
1790192939617,0.7033500000,0.7033700000
1790192940021,0.7033500000,0.7033600000
1790192940423,0.7033300000,0.7033500000
1790192940827,0.7033400000,0.7033500000
1790192942033,0.7033400000,0.7033600000
1790192942435,0.7033500000,0.7033600000
1790192942838,0.7033400000,0.7033600000
1790192943240,0.7033600000,0.7033800000
1790192946259,0.7033300000,0.7033500000
1790192947869,0.7033200000,0.7033400000
1790192954210,0.7033100000,0.7033400000
1790192956323,0.7033100000,0.7033300000
1790192957127,0.7033200000,0.7033400000
1790192957631,0.7033300000,0.7033400000
1790192958033,0.7033300000,0.7033500000
1790192959240,0.7033400000,0.7033500000
1790192959643,0.7033500000,0.7033700000
1790192962260,0.7033400000,0.7033600000
1790192964981,0.7033200000,0.7033400000
1790192966190,0.7033100000,0.7033300000
1790192966592,0.7033200000,0.7033300000
1790192966994,0.7033100000,0.7033300000
1790192968202,0.7033000000,0.7033200000
1790192970217,0.7033100000,0.7033200000
1790192970620,0.7033000000,0.7033200000
1790192973944,0.7032600000,0.7032800000
1790192974347,0.7032700000,0.7032800000
1790192974750,0.7032600000,0.7032800000
1790192975456,0.7032700000,0.7032800000
1790192975857,0.7032600000,0.7032800000
1790192976260,0.7032700000,0.7032800000
1790192976663,0.7032600000,0.7032800000
1790192979883,0.7032500000,0.7032700000
1790192980991,0.7032600000,0.7032800000
1790192981393,0.7032400000,0.7032600000
1790192982802,0.7032300000,0.7032600000
1790192983205,0.7032300000,0.7032500000
1790192986026,0.7032200000,0.7032400000
1790192987637,0.7032300000,0.7032400000
1790192988543,0.7032200000,0.7032400000
1790192988946,0.7032300000,0.7032500000
1790192989751,0.7032200000,0.7032500000
1790192992670,0.7032200000,0.7032300000
1790192993073,0.7032300000,0.7032500000
1790192993477,0.7032200000,0.7032500000
1790192996292,0.7032300000,0.7032500000
1790192996697,0.7032200000,0.7032400000
1790192997099,0.7032300000,0.7032400000
1790192997501,0.7032200000,0.7032400000
1790192997904,0.7032300000,0.7032500000
1790193000219,0.7032300000,0.7032500000
1790193001024,0.7032200000,0.7032500000
1790193002231,0.7032600000,0.7032800000
1790193003036,0.7032300000,0.7032400000
1790193003439,0.7032400000,0.7032600000
1790193004748,0.7032300000,0.7032500000
1790193005150,0.7032200000,0.7032400000
1790193008173,0.7032000000,0.7032200000
1790193009784,0.7032100000,0.7032300000
1790193013207,0.7032000000,0.7032200000
1790193015521,0.7031700000,0.7031900000
1790193015923,0.7031700000,0.7032000000
1790193016326,0.7031600000,0.7031800000
1790193016729,0.7031700000,0.7031800000
1790193017130,0.7031600000,0.7031800000
1790193017533,0.7031700000,0.7031800000
1790193017935,0.7031600000,0.7031800000
1790193019646,0.7031500000,0.7031800000
1790193020048,0.7031500000,0.7031700000
1790193020451,0.7031600000,0.7031800000
1790193022263,0.7031700000,0.7031800000
1790193022665,0.7031700000,0.7031900000
1790193023069,0.7031600000,0.7031800000
1790193028706,0.7031800000,0.7032000000
1790193030316,0.7031800000,0.7031900000
1790193030719,0.7031700000,0.7031900000
1790193034543,0.7031800000,0.7032000000
1790193039377,0.7031900000,0.7032000000
1790193039778,0.7031900000,0.7032100000
1790193040584,0.7031600000,0.7031800000
1790193040986,0.7031700000,0.7031800000
1790193041390,0.7031800000,0.7031900000
1790193042194,0.7031800000,0.7032000000
1790193046622,0.7032100000,0.7032300000
1790193050447,0.7032100000,0.7032400000
1790193051955,0.7032200000,0.7032400000
1790193052761,0.7032100000,0.7032400000
1790193053164,0.7032100000,0.7032300000
1790193053566,0.7032000000,0.7032300000
1790193054373,0.7032000000,0.7032200000
1790193054775,0.7031700000,0.7032000000
1790193055580,0.7031600000,0.7031800000
1790193055983,0.7031300000,0.7031600000
1790193057895,0.7031300000,0.7031500000
1790193058297,0.7031200000,0.7031500000
1790193059505,0.7031200000,0.7031400000
1790193060210,0.7031200000,0.7031400000
1790193060714,0.7031100000,0.7031400000
1790193062123,0.7031200000,0.7031400000
1790193062527,0.7031000000,0.7031200000
1790193062930,0.7030900000,0.7031200000
1790193064543,0.7030800000,0.7031100000
1790193064945,0.7030800000,0.7031200000
1790193066153,0.7030900000,0.7031200000
1790193066556,0.7030800000,0.7031100000
1790193066958,0.7030800000,0.7031200000
1790193067361,0.7030900000,0.7031200000
1790193067763,0.7030800000,0.7031200000
1790193069272,0.7030900000,0.7031200000
1790193069675,0.7030800000,0.7031200000
1790193070078,0.7030900000,0.7031200000
1790193070482,0.7030800000,0.7031200000
1790193070884,0.7030800000,0.7031100000
1790193071287,0.7030900000,0.7031200000
1790193071689,0.7030900000,0.7031100000
1790193072091,0.7030800000,0.7031000000
1790193072493,0.7030800000,0.7031100000
1790193073298,0.7030700000,0.7031100000
1790193073701,0.7030700000,0.7030900000
1790193074104,0.7030400000,0.7030600000
1790193074507,0.7030300000,0.7030500000
1790193074910,0.7030600000,0.7030800000
1790193075313,0.7030700000,0.7030900000
1790193076520,0.7030300000,0.7030600000
1790193076924,0.7030300000,0.7030500000
1790193077729,0.7030800000,0.7030900000
1790193078938,0.7030600000,0.7030900000
1790193079340,0.7030400000,0.7030600000
1790193079744,0.7030200000,0.7030500000
1790193080548,0.7030200000,0.7030400000
1790193080950,0.7030300000,0.7030400000
1790193081352,0.7030300000,0.7030500000
1790193082157,0.7030200000,0.7030500000
1790193083264,0.7030300000,0.7030500000
1790193083667,0.7030500000,0.7030700000
1790193084072,0.7030600000,0.7030700000
1790193084474,0.7030600000,0.7030800000
1790193084877,0.7030700000,0.7030900000
1790193085280,0.7030600000,0.7030900000
1790193085682,0.7030400000,0.7030600000
1790193086085,0.7030300000,0.7030600000
1790193086489,0.7030200000,0.7030500000
1790193089305,0.7030300000,0.7030500000
1790193089708,0.7030400000,0.7030600000
1790193090111,0.7030300000,0.7030600000
1790193090513,0.7030400000,0.7030600000
1790193092927,0.7030800000,0.7030900000
1790193094136,0.7030700000,0.7030900000
1790193094537,0.7030600000,0.7030800000
1790193094940,0.7030600000,0.7030900000
1790193095342,0.7030700000,0.7030900000
1790193095744,0.7030800000,0.7030900000
1790193096146,0.7030700000,0.7030900000
1790193096549,0.7030300000,0.7030600000
1790193098159,0.7030200000,0.7030500000
1790193098964,0.7030100000,0.7030500000
1790193099367,0.7030200000,0.7030400000
1790193100172,0.7030100000,0.7030300000
1790193100574,0.7029900000,0.7030200000
1790193101380,0.7030100000,0.7030300000
1790193101783,0.7029700000,0.7030000000
1790193102588,0.7029800000,0.7030100000
1790193103393,0.7029900000,0.7030100000
1790193104299,0.7030100000,0.7030300000
1790193104703,0.7030200000,0.7030600000
1790193105104,0.7030300000,0.7030600000
1790193105506,0.7030200000,0.7030400000
1790193106412,0.7030100000,0.7030400000
1790193106815,0.7030300000,0.7030400000
1790193107217,0.7030200000,0.7030400000
1790193108425,0.7029600000,0.7030000000
1790193109633,0.7029500000,0.7029800000
1790193110439,0.7029600000,0.7029900000
1790193111647,0.7029400000,0.7029800000
1790193112049,0.7029500000,0.7029800000
1790193112855,0.7029400000,0.7029700000
1790193113258,0.7029600000,0.7029800000
1790193113662,0.7029500000,0.7029800000
1790193114063,0.7029400000,0.7029700000
1790193114465,0.7029500000,0.7029700000
1790193114868,0.7029400000,0.7029700000
1790193115673,0.7029100000,0.7029500000
1790193116076,0.7029100000,0.7029300000
1790193116478,0.7029100000,0.7029400000
1790193116881,0.7028900000,0.7029200000
1790193117686,0.7029100000,0.7029400000
1790193118089,0.7028900000,0.7029200000
1790193118491,0.7028900000,0.7029300000
1790193118894,0.7028900000,0.7029200000
1790193119598,0.7028900000,0.7029100000
1790193120002,0.7028700000,0.7029000000
1790193120405,0.7028800000,0.7029000000
1790193120808,0.7028700000,0.7029100000
1790193121210,0.7028700000,0.7029000000
1790193121613,0.7028600000,0.7028900000
1790193122016,0.7028700000,0.7028900000
1790193122418,0.7028600000,0.7028900000
1790193123223,0.7028700000,0.7028900000
1790193124632,0.7028900000,0.7029100000
1790193125034,0.7029000000,0.7029200000
1790193125437,0.7028800000,0.7029100000
1790193125839,0.7028700000,0.7029100000
1790193126242,0.7028800000,0.7029100000
1790193126646,0.7028700000,0.7029000000
1790193127450,0.7028900000,0.7029200000
1790193127853,0.7028900000,0.7029100000
1790193128658,0.7028700000,0.7029000000
1790193129462,0.7028800000,0.7029000000
1790193130771,0.7028600000,0.7028900000
1790193131174,0.7028600000,0.7028800000
1790193131577,0.7028700000,0.7028800000
1790193131979,0.7028700000,0.7028900000
1790193132382,0.7028600000,0.7028900000
1790193133188,0.7028700000,0.7028900000
1790193134799,0.7029300000,0.7029400000
1790193135201,0.7029200000,0.7029400000
1790193136006,0.7029100000,0.7029400000
1790193136409,0.7029200000,0.7029400000
1790193136811,0.7029100000,0.7029400000
1790193137216,0.7029200000,0.7029400000
1790193137618,0.7029200000,0.7029500000
1790193138423,0.7029300000,0.7029500000
1790193140335,0.7029200000,0.7029500000
1790193141644,0.7029100000,0.7029400000
1790193142046,0.7029000000,0.7029300000
1790193142448,0.7029200000,0.7029500000
1790193143658,0.7029100000,0.7029400000
1790193144065,0.7029200000,0.7029400000
1790193144468,0.7029200000,0.7029500000
1790193146379,0.7029300000,0.7029500000
1790193147586,0.7029300000,0.7029600000
1790193147989,0.7029400000,0.7029600000
1790193148391,0.7029300000,0.7029500000
1790193148794,0.7029300000,0.7029600000
1790193150707,0.7029300000,0.7029500000
1790193151311,0.7029300000,0.7029600000
1790193151713,0.7029600000,0.7029900000
1790193153927,0.7029700000,0.7030000000
1790193154329,0.7029500000,0.7029900000
1790193154833,0.7029500000,0.7029800000
1790193156042,0.7029600000,0.7029800000
1790193156444,0.7029700000,0.7029900000
1790193158458,0.7029600000,0.7029900000
1790193158861,0.7029800000,0.7030000000
1790193159265,0.7029700000,0.7030000000
1790193160775,0.7029800000,0.7030000000
1790193161178,0.7030100000,0.7030300000
1790193161580,0.7029800000,0.7030200000
1790193161981,0.7029700000,0.7030000000
1790193162384,0.7029600000,0.7030000000
1790193162786,0.7029700000,0.7030000000
1790193163289,0.7029700000,0.7030100000
1790193166711,0.7029700000,0.7030000000
1790193167517,0.7029500000,0.7029900000
1790193167919,0.7029600000,0.7029900000
1790193168726,0.7029700000,0.7030000000
1790193172652,0.7029500000,0.7029900000
1790193173054,0.7029300000,0.7029600000
1790193174564,0.7029400000,0.7029800000
1790193174967,0.7029400000,0.7029700000
1790193175370,0.7029100000,0.7029500000
1790193175772,0.7029200000,0.7029500000
1790193177584,0.7029300000,0.7029500000
1790193177987,0.7029200000,0.7029500000
1790193179598,0.7029300000,0.7029600000
1790193180102,0.7029300000,0.7029600000
1790193180504,0.7029200000,0.7029500000
1790193181310,0.7029300000,0.7029500000
1790193181712,0.7029300000,0.7029600000
1790193182517,0.7029000000,0.7029400000
1790193183725,0.7029100000,0.7029400000
1790193184530,0.7029000000,0.7029400000
1790193184932,0.7028800000,0.7029100000
1790193185335,0.7028800000,0.7029000000
1790193185738,0.7028700000,0.7029000000
1790193187347,0.7029000000,0.7029200000
1790193187750,0.7029100000,0.7029400000
1790193188555,0.7029200000,0.7029500000
1790193189361,0.7029100000,0.7029400000
1790193190269,0.7029200000,0.7029500000
1790193192082,0.7029300000,0.7029500000
1790193192485,0.7029500000,0.7029700000
1790193193189,0.7029600000,0.7029700000
1790193193592,0.7029400000,0.7029600000
1790193193996,0.7029600000,0.7029800000
1790193194398,0.7029600000,0.7029900000
1790193196009,0.7029400000,0.7029600000
1790193197418,0.7029500000,0.7029600000
1790193197820,0.7029500000,0.7029700000
1790193198224,0.7029300000,0.7029600000
1790193198625,0.7029600000,0.7029700000
1790193199029,0.7029600000,0.7029800000
1790193199431,0.7029500000,0.7029800000
1790193199833,0.7029500000,0.7029700000
1790193200942,0.7029400000,0.7029700000
1790193201344,0.7029400000,0.7029600000
1790193201948,0.7029300000,0.7029600000
1790193202350,0.7029300000,0.7029500000
1790193202753,0.7029200000,0.7029500000
1790193203558,0.7029100000,0.7029500000
1790193204768,0.7028900000,0.7029100000
1790193205172,0.7029100000,0.7029300000
1790193205575,0.7028900000,0.7029200000
1790193205977,0.7028900000,0.7029100000
1790193206782,0.7028800000,0.7029100000
1790193207184,0.7028900000,0.7029100000
1790193208291,0.7028900000,0.7029200000
1790193209499,0.7029100000,0.7029300000
1790193209901,0.7029200000,0.7029400000
1790193210305,0.7029100000,0.7029400000
1790193210708,0.7029000000,0.7029400000
1790193211111,0.7029000000,0.7029300000
1790193211715,0.7028900000,0.7029300000
1790193212120,0.7029200000,0.7029400000
1790193212521,0.7029100000,0.7029400000
1790193213326,0.7029000000,0.7029200000
1790193213729,0.7028800000,0.7029200000
1790193214131,0.7028800000,0.7029100000
1790193214938,0.7028900000,0.7029100000
1790193215340,0.7028900000,0.7029200000
1790193215743,0.7028900000,0.7029100000
1790193216145,0.7028800000,0.7029100000
1790193216548,0.7029100000,0.7029300000
1790193216950,0.7029200000,0.7029400000
1790193217353,0.7029200000,0.7029500000
1790193219767,0.7029300000,0.7029500000
1790193220170,0.7029600000,0.7029800000
1790193220574,0.7029400000,0.7029700000
1790193220977,0.7029500000,0.7029800000
1790193221378,0.7029500000,0.7029700000
1790193221680,0.7029500000,0.7029900000
1790193222987,0.7029400000,0.7029700000
1790193223794,0.7029500000,0.7029700000
1790193224197,0.7029500000,0.7029900000
1790193225001,0.7029500000,0.7029700000
1790193225404,0.7029400000,0.7029700000
1790193225807,0.7029500000,0.7029700000
1790193227014,0.7029400000,0.7029600000
1790193227416,0.7029200000,0.7029600000
1790193227819,0.7029100000,0.7029500000
1790193230638,0.7029200000,0.7029500000
1790193231040,0.7029100000,0.7029500000
1790193231845,0.7029200000,0.7029600000
1790193232652,0.7029200000,0.7029500000
1790193233053,0.7029300000,0.7029600000
1790193235168,0.7029300000,0.7029500000
1790193235570,0.7029200000,0.7029500000
1790193236979,0.7029100000,0.7029500000
1790193237382,0.7029200000,0.7029500000
1790193238187,0.7029100000,0.7029500000
1790193238589,0.7029200000,0.7029600000
1790193238991,0.7029300000,0.7029600000
1790193240200,0.7029300000,0.7029600000
1790193241005,0.7029200000,0.7029300000
1790193241407,0.7029200000,0.7029400000
1790193241810,0.7029100000,0.7029400000
1790193242213,0.7029200000,0.7029400000
1790193243420,0.7029100000,0.7029400000
1790193244627,0.7029200000,0.7029400000
1790193245432,0.7029100000,0.7029400000
1790193251370,0.7029200000,0.7029400000
1790193252778,0.7029100000,0.7029400000
1790193253180,0.7029200000,0.7029400000
1790193254086,0.7029100000,0.7029400000
1790193254489,0.7029200000,0.7029400000
1790193255193,0.7029100000,0.7029400000
1790193256002,0.7028600000,0.7029000000
1790193257210,0.7028800000,0.7029000000
1790193257613,0.7028900000,0.7029100000
1790193259727,0.7029000000,0.7029200000
1790193260532,0.7028900000,0.7029200000
1790193260935,0.7028900000,0.7029100000
1790193261338,0.7028700000,0.7029000000
1790193264860,0.7028800000,0.7029000000
1790193267677,0.7028700000,0.7029000000
1790193268483,0.7028500000,0.7028700000
1790193268885,0.7028500000,0.7028800000
1790193270495,0.7028600000,0.7028800000
1790193270898,0.7028500000,0.7028700000
1790193271301,0.7028500000,0.7028800000
1790193271703,0.7028300000,0.7028700000
1790193272105,0.7028300000,0.7028600000
1790193272508,0.7028200000,0.7028500000
1790193273011,0.7028200000,0.7028600000
1790193273414,0.7028200000,0.7028500000
1790193273819,0.7028000000,0.7028400000
1790193274219,0.7028100000,0.7028300000
1790193274622,0.7028200000,0.7028300000
1790193275026,0.7028200000,0.7028500000
1790193276937,0.7028300000,0.7028500000
1790193277340,0.7028300000,0.7028600000
1790193280461,0.7028400000,0.7028800000
1790193280863,0.7028600000,0.7028900000
1790193281266,0.7028400000,0.7028800000
1790193282473,0.7028400000,0.7028700000
1790193282876,0.7028500000,0.7028700000
1790193283278,0.7028400000,0.7028700000
1790193283681,0.7028500000,0.7028800000
1790193284486,0.7028600000,0.7028900000
1790193285392,0.7028500000,0.7028700000
1790193285793,0.7028500000,0.7028800000
1790193286196,0.7028600000,0.7028900000
1790193286599,0.7028500000,0.7028800000
1790193287404,0.7028000000,0.7028300000
1790193287806,0.7028300000,0.7028500000
1790193288611,0.7028400000,0.7028500000
1790193290321,0.7028200000,0.7028500000
1790193291831,0.7028000000,0.7028300000
1790193292234,0.7028000000,0.7028400000
1790193292636,0.7028200000,0.7028400000
1790193293039,0.7028100000,0.7028400000
1790193293844,0.7028000000,0.7028400000
1790193295053,0.7028100000,0.7028400000
1790193295455,0.7028200000,0.7028400000
1790193296664,0.7028100000,0.7028400000
1790193297067,0.7027900000,0.7028300000
1790193297469,0.7028000000,0.7028300000
1790193298376,0.7028100000,0.7028300000
1790193298777,0.7028000000,0.7028300000
1790193300088,0.7028000000,0.7028300000
1790193300490,0.7027900000,0.7028300000
1790193300893,0.7028000000,0.7028300000
1790193301698,0.7028100000,0.7028400000
1790193302906,0.7028200000,0.7028400000
1790193303309,0.7028200000,0.7028500000
1790193304820,0.7028300000,0.7028500000
1790193305728,0.7028200000,0.7028500000
1790193307640,0.7028500000,0.7028800000
1790193308043,0.7028700000,0.7029000000
1790193310056,0.7028700000,0.7029100000
1790193310459,0.7028900000,0.7029200000
1790193310861,0.7028900000,0.7029100000
1790193311264,0.7028900000,0.7029200000
1790193311667,0.7028800000,0.7029200000
1790193312472,0.7028800000,0.7029100000
1790193312874,0.7029000000,0.7029300000
1790193313680,0.7029200000,0.7029500000
1790193314485,0.7029200000,0.7029600000
1790193315290,0.7029200000,0.7029500000
1790193316196,0.7029200000,0.7029600000
1790193317405,0.7029300000,0.7029600000
1790193318713,0.7029400000,0.7029600000
1790193319015,0.7029400000,0.7029800000
1790193319820,0.7029500000,0.7029800000
1790193320223,0.7029800000,0.7030100000
1790193323040,0.7029900000,0.7030300000
1790193323443,0.7029500000,0.7029800000
1790193323845,0.7029200000,0.7029500000
1790193324248,0.7029200000,0.7029600000
1790193324654,0.7029300000,0.7029600000
1790193326769,0.7029400000,0.7029800000
1790193328682,0.7029500000,0.7029800000
1790193329185,0.7029300000,0.7029600000
1790193329587,0.7029400000,0.7029700000
1790193330493,0.7029500000,0.7029700000
1790193330896,0.7029500000,0.7029800000
1790193331299,0.7029400000,0.7029700000
1790193331702,0.7029500000,0.7029800000
1790193332608,0.7029400000,0.7029700000
1790193333010,0.7029500000,0.7029900000
1790193333817,0.7029700000,0.7029900000
1790193334220,0.7029600000,0.7029900000
1790193334622,0.7029700000,0.7029900000
1790193335125,0.7029600000,0.7029900000
1790193335527,0.7029400000,0.7029700000
1790193336332,0.7029300000,0.7029600000
1790193337239,0.7029400000,0.7029600000
1790193337643,0.7029500000,0.7029800000
1790193338045,0.7029700000,0.7030100000
1790193338447,0.7029800000,0.7030100000
1790193340159,0.7029700000,0.7030100000
1790193340561,0.7029600000,0.7029900000
1790193342072,0.7029500000,0.7029800000
1790193343379,0.7029400000,0.7029800000
1790193343884,0.7029400000,0.7029700000
1790193344285,0.7029400000,0.7029800000
1790193346097,0.7029300000,0.7029700000
1790193346499,0.7029400000,0.7029700000
1790193346902,0.7029300000,0.7029700000
1790193347709,0.7029400000,0.7029700000
1790193348111,0.7029500000,0.7029800000
1790193348514,0.7029500000,0.7029900000
1790193350125,0.7029400000,0.7029800000
1790193350528,0.7029500000,0.7029800000
1790193350931,0.7029400000,0.7029700000
1790193351736,0.7029300000,0.7029700000
1790193352138,0.7029500000,0.7029800000
1790193352541,0.7029500000,0.7029900000
1790193357573,0.7029500000,0.7029800000
1790193358478,0.7029300000,0.7029700000
1790193358881,0.7029400000,0.7029700000
1790193359284,0.7029500000,0.7029800000
1790193360089,0.7029500000,0.7029800000
1790193360894,0.7029500000,0.7029900000
1790193361699,0.7029400000,0.7029700000
1790193363812,0.7029100000,0.7029500000
1790193365121,0.7029300000,0.7029700000
1790193365523,0.7029100000,0.7029500000
1790193365927,0.7029100000,0.7029400000
1790193366328,0.7029000000,0.7029400000
1790193367637,0.7029200000,0.7029500000
1790193368040,0.7029300000,0.7029500000
1790193369147,0.7029300000,0.7029600000
1790193370858,0.7029200000,0.7029600000
1790193371260,0.7029100000,0.7029500000
1790193372568,0.7029200000,0.7029500000
1790193372971,0.7029300000,0.7029600000
1790193373373,0.7029400000,0.7029700000
1790193375084,0.7029500000,0.7029700000
1790193375487,0.7029500000,0.7029800000
1790193375889,0.7029600000,0.7029800000
1790193376292,0.7029600000,0.7029900000
1790193377096,0.7029700000,0.7030000000
1790193377499,0.7029800000,0.7030000000
1790193378304,0.7029900000,0.7030200000
1790193378707,0.7029800000,0.7030100000
1790193379111,0.7029800000,0.7030200000
1790193380521,0.7029800000,0.7030100000
1790193382836,0.7029700000,0.7030000000
1790193383239,0.7029600000,0.7029800000
1790193385456,0.7029500000,0.7029700000
1790193386161,0.7029400000,0.7029700000
1790193386563,0.7029400000,0.7029600000
1790193387066,0.7029400000,0.7029700000
1790193387470,0.7029500000,0.7029700000
1790193387873,0.7029600000,0.7029800000
1790193388276,0.7029700000,0.7029900000
1790193389082,0.7029600000,0.7029900000
1790193389484,0.7029500000,0.7029700000
1790193390692,0.7029400000,0.7029700000
1790193391900,0.7029300000,0.7029600000
1790193392303,0.7029300000,0.7029500000
1790193392706,0.7029300000,0.7029400000
1790193393107,0.7029200000,0.7029400000
1790193393913,0.7028900000,0.7029200000
1790193394718,0.7028700000,0.7029000000
1790193396329,0.7029100000,0.7029300000
1790193397537,0.7029100000,0.7029200000
1790193397939,0.7029000000,0.7029200000
1790193398342,0.7029100000,0.7029300000
1790193398744,0.7029000000,0.7029300000
1790193399146,0.7029100000,0.7029400000
1790193399549,0.7028900000,0.7029300000
1790193399951,0.7028600000,0.7029000000
1790193400354,0.7028700000,0.7029100000
1790193400756,0.7028800000,0.7029100000
1790193401562,0.7029000000,0.7029400000
1790193401964,0.7029200000,0.7029400000
1790193403172,0.7029200000,0.7029600000
1790193403574,0.7029200000,0.7029500000
1790193403976,0.7029100000,0.7029400000
1790193404379,0.7029200000,0.7029500000
1790193404781,0.7029200000,0.7029600000
1790193405183,0.7029200000,0.7029400000
1790193405586,0.7029200000,0.7029500000
1790193407599,0.7029200000,0.7029600000
1790193408404,0.7029400000,0.7029700000
1790193408807,0.7029300000,0.7029600000
1790193409209,0.7029200000,0.7029600000
1790193409612,0.7029300000,0.7029600000
1790193411224,0.7029300000,0.7029500000
1790193411627,0.7029300000,0.7029600000
1790193419778,0.7029500000,0.7029700000
1790193420181,0.7029500000,0.7029600000
1790193420584,0.7029400000,0.7029700000
1790193420986,0.7029300000,0.7029700000
1790193421389,0.7029600000,0.7029800000
1790193421792,0.7029700000,0.7029900000
1790193423000,0.7029800000,0.7030000000
1790193425617,0.7029800000,0.7030100000
1790193426019,0.7030100000,0.7030300000
1790193427228,0.7029900000,0.7030000000
1790193427631,0.7029900000,0.7030100000
1790193428637,0.7029900000,0.7030200000
1790193429039,0.7030000000,0.7030200000
1790193430651,0.7030100000,0.7030300000
1790193431963,0.7030200000,0.7030500000
1790193434280,0.7030100000,0.7030300000
1790193435487,0.7030000000,0.7030100000
1790193437399,0.7030000000,0.7030300000
1790193437801,0.7030100000,0.7030300000
1790193438707,0.7030100000,0.7030200000
1790193439915,0.7030100000,0.7030300000
1790193440319,0.7030200000,0.7030400000
1790193440721,0.7030200000,0.7030500000
1790193441124,0.7030300000,0.7030500000
1790193443540,0.7030200000,0.7030500000
1790193443942,0.7030200000,0.7030400000
1790193445957,0.7030200000,0.7030300000
1790193446561,0.7030200000,0.7030400000
1790193447367,0.7030200000,0.7030500000
1790193448173,0.7030100000,0.7030200000
1790193448575,0.7030000000,0.7030100000
1790193448978,0.7029900000,0.7030100000
1790193450186,0.7029800000,0.7030000000
1790193450589,0.7029600000,0.7029900000
1790193451897,0.7029800000,0.7030000000
1790193452300,0.7029700000,0.7030000000
1790193453106,0.7029600000,0.7029900000
1790193453508,0.7029500000,0.7029800000
1790193454716,0.7029600000,0.7029900000
1790193455924,0.7029700000,0.7029900000
1790193456326,0.7029600000,0.7029800000
1790193456729,0.7029600000,0.7029700000
1790193457131,0.7029600000,0.7029800000
1790193458641,0.7029700000,0.7029900000
1790193460253,0.7029600000,0.7029800000
1790193461461,0.7029700000,0.7029900000
1790193462265,0.7029800000,0.7030100000
1790193462668,0.7029800000,0.7030000000
1790193463072,0.7029800000,0.7030100000
1790193463475,0.7029800000,0.7030000000
1790193464783,0.7029800000,0.7030100000
1790193470443,0.7029900000,0.7030100000
1790193470846,0.7029700000,0.7030000000
1790193471248,0.7029800000,0.7030000000
1790193471650,0.7029700000,0.7030000000
1790193473662,0.7029600000,0.7029800000
1790193474065,0.7029500000,0.7029800000
1790193478394,0.7029100000,0.7029400000
1790193480106,0.7029200000,0.7029400000
1790193480408,0.7029300000,0.7029500000
1790193482119,0.7029300000,0.7029600000
1790193482522,0.7029400000,0.7029600000
1790193484436,0.7029300000,0.7029500000
1790193485243,0.7029300000,0.7029400000
1790193485646,0.7029300000,0.7029500000
1790193486451,0.7029100000,0.7029400000
1790193490678,0.7029200000,0.7029400000
1790193491082,0.7029100000,0.7029400000
1790193494806,0.7029300000,0.7029500000
1790193495611,0.7029300000,0.7029400000
1790193496013,0.7029300000,0.7029500000
1790193496415,0.7029300000,0.7029400000
1790193496818,0.7029300000,0.7029500000
1790193497219,0.7029300000,0.7029400000
1790193497924,0.7029300000,0.7029500000
1790193498327,0.7029100000,0.7029400000
1790193500238,0.7029200000,0.7029400000
1790193501548,0.7029100000,0.7029400000
1790193502556,0.7029100000,0.7029300000
1790193502959,0.7029100000,0.7029400000
1790193503764,0.7029200000,0.7029400000
1790193506079,0.7029200000,0.7029500000
1790193507993,0.7029200000,0.7029400000
1790193508395,0.7029400000,0.7029600000
1790193508798,0.7029300000,0.7029500000
1790193509201,0.7029300000,0.7029600000
1790193509603,0.7029200000,0.7029400000
1790193510307,0.7029200000,0.7029500000
1790193510710,0.7029300000,0.7029500000
1790193511114,0.7029400000,0.7029600000
1790193512724,0.7029300000,0.7029600000
1790193513126,0.7029300000,0.7029500000
1790193514938,0.7029100000,0.7029400000
1790193515341,0.7029400000,0.7029600000
1790193516549,0.7029600000,0.7029800000
1790193517656,0.7029600000,0.7029700000
1790193518059,0.7029600000,0.7029800000
1790193523094,0.7029700000,0.7030000000
1790193524605,0.7029800000,0.7030000000
1790193525006,0.7029700000,0.7029900000
1790193526013,0.7029700000,0.7030000000
1790193526617,0.7029700000,0.7029900000
1790193527422,0.7029700000,0.7030000000
1790193528529,0.7029700000,0.7029900000
1790193528931,0.7029600000,0.7029800000
1790193530440,0.7029700000,0.7030000000
1790193531247,0.7029900000,0.7030100000
1790193531650,0.7029900000,0.7030200000
1790193532054,0.7030100000,0.7030300000
1790193532455,0.7029800000,0.7030100000
1790193533260,0.7029600000,0.7029800000
1790193533663,0.7029600000,0.7029700000
1790193534066,0.7029600000,0.7029800000
1790193534871,0.7029600000,0.7029700000
1790193538192,0.7029400000,0.7029700000
1790193538595,0.7029300000,0.7029500000
1790193538999,0.7029300000,0.7029600000
1790193539401,0.7029400000,0.7029700000
1790193540205,0.7029400000,0.7029700000
1790193540910,0.7029200000,0.7029500000
1790193541615,0.7029200000,0.7029600000
1790193542923,0.7029200000,0.7029500000
1790193543327,0.7029200000,0.7029600000
1790193544937,0.7029300000,0.7029600000
1790193545742,0.7029200000,0.7029600000
1790193546748,0.7029300000,0.7029600000
1790193547150,0.7029400000,0.7029600000
1790193547955,0.7029100000,0.7029400000
1790193548357,0.7029000000,0.7029300000
1790193549062,0.7029000000,0.7029200000
1790193549464,0.7028900000,0.7029200000
1790193550975,0.7028800000,0.7029100000
1790193552987,0.7029000000,0.7029200000
1790193553390,0.7029100000,0.7029300000
1790193555704,0.7029000000,0.7029200000
1790193556106,0.7028900000,0.7029200000
1790193556509,0.7029000000,0.7029100000
1790193556912,0.7028900000,0.7029100000
1790193558319,0.7029000000,0.7029200000
1790193562446,0.7029000000,0.7029100000
1790193562849,0.7028900000,0.7029100000
1790193564761,0.7028700000,0.7029100000
1790193565167,0.7028700000,0.7029000000
1790193566778,0.7028600000,0.7028900000
1790193569093,0.7028600000,0.7028800000
1790193569496,0.7028500000,0.7028900000
1790193571105,0.7028600000,0.7028900000
1790193571508,0.7028500000,0.7028900000
1790193573925,0.7028500000,0.7028700000
1790193574330,0.7028600000,0.7028900000
1790193575134,0.7028800000,0.7029100000
1790193575538,0.7028800000,0.7029000000
1790193580367,0.7028800000,0.7028900000
1790193580770,0.7028600000,0.7028900000
1790193581977,0.7028700000,0.7029000000
1790193582681,0.7028600000,0.7029000000
1790193583084,0.7028700000,0.7028900000
1790193586001,0.7028700000,0.7029000000
1790193586404,0.7028600000,0.7029000000
1790193586806,0.7028600000,0.7028900000
1790193589322,0.7028700000,0.7029000000
1790193589725,0.7028700000,0.7028900000
1790193590127,0.7028700000,0.7029000000
1790193598885,0.7028700000,0.7028900000
1790193599288,0.7028700000,0.7029000000
1790193601101,0.7028700000,0.7028900000
1790193601504,0.7028700000,0.7029000000
1790193601906,0.7028700000,0.7028900000
1790193602309,0.7028600000,0.7028800000
1790193602712,0.7028700000,0.7028900000
1790193604523,0.7028700000,0.7029000000
1790193606034,0.7028700000,0.7028900000
1790193606436,0.7028600000,0.7028900000
1790193606839,0.7028700000,0.7028900000
1790193608048,0.7028600000,0.7028800000
1790193608451,0.7028200000,0.7028500000
1790193612981,0.7028100000,0.7028500000
1790193613383,0.7028100000,0.7028400000
1790193613786,0.7028000000,0.7028300000
1790193614187,0.7028100000,0.7028300000
1790193614590,0.7028200000,0.7028300000
1790193615395,0.7028200000,0.7028400000
1790193615798,0.7028100000,0.7028400000
1790193617510,0.7028100000,0.7028300000
1790193617912,0.7028100000,0.7028400000
1790193618316,0.7028000000,0.7028300000
1790193619120,0.7028100000,0.7028300000
1790193619523,0.7028200000,0.7028300000
1790193619925,0.7028300000,0.7028400000
1790193620328,0.7028200000,0.7028400000
1790193621536,0.7028100000,0.7028400000
1790193623447,0.7028200000,0.7028500000
1790193624051,0.7028100000,0.7028500000
1790193624453,0.7028100000,0.7028400000
1790193624856,0.7028200000,0.7028500000
1790193626470,0.7028500000,0.7028600000
1790193626873,0.7028100000,0.7028400000
1790193627981,0.7028100000,0.7028500000
1790193628383,0.7028800000,0.7029100000
1790193629188,0.7028800000,0.7029000000
1790193629590,0.7028700000,0.7029000000
1790193630496,0.7028800000,0.7029000000
1790193632007,0.7028700000,0.7029000000
1790193632410,0.7028700000,0.7028900000
1790193633417,0.7028700000,0.7029000000
1790193634321,0.7028700000,0.7028900000
1790193639254,0.7028300000,0.7028500000
1790193641672,0.7028200000,0.7028500000
1790193642478,0.7028200000,0.7028600000
1790193645297,0.7028300000,0.7028600000
1790193647009,0.7028300000,0.7028700000
1790193649224,0.7028300000,0.7028600000
1790193649626,0.7028300000,0.7028700000
1790193650431,0.7028500000,0.7028800000
1790193650834,0.7028600000,0.7028900000
1790193652846,0.7028600000,0.7028800000
1790193654055,0.7028600000,0.7028900000
1790193655666,0.7028800000,0.7029100000
1790193658283,0.7028800000,0.7029000000
1790193658685,0.7028900000,0.7029100000
1790193659088,0.7028800000,0.7029100000
1790193660900,0.7028800000,0.7029100000
1790193661905,0.7028800000,0.7029200000
1790193662307,0.7029000000,0.7029300000
1790193662710,0.7028700000,0.7029200000
1790193663113,0.7028700000,0.7029100000
1790193664118,0.7028600000,0.7028900000
1790193664521,0.7028400000,0.7028800000
1790193664924,0.7028500000,0.7028900000
1790193667539,0.7028700000,0.7029000000
1790193667941,0.7028500000,0.7028900000
1790193669148,0.7028500000,0.7028800000
1790193669652,0.7028500000,0.7028900000
1790193670557,0.7028700000,0.7029100000
1790193671564,0.7028800000,0.7029100000
1790193671966,0.7029100000,0.7029500000
1790193672771,0.7029000000,0.7029300000
1790193673174,0.7029200000,0.7029500000
1790193673576,0.7029400000,0.7029700000
1790193673978,0.7029300000,0.7029700000
1790193674884,0.7029400000,0.7029700000
1790193675286,0.7029200000,0.7029600000
1790193675689,0.7029200000,0.7029700000
1790193676091,0.7029200000,0.7029600000
1790193677298,0.7029400000,0.7029600000
1790193677701,0.7029700000,0.7030000000
1790193678103,0.7029700000,0.7030100000
1790193678506,0.7029800000,0.7030100000
1790193680519,0.7029700000,0.7030100000
1790193680921,0.7029800000,0.7030100000
1790193684043,0.7030000000,0.7030300000
1790193684445,0.7030100000,0.7030400000
1790193684848,0.7030100000,0.7030300000
1790193685757,0.7030200000,0.7030400000
1790193687367,0.7029800000,0.7030200000
1790193687770,0.7029800000,0.7030100000
1790193688171,0.7030000000,0.7030300000
1790193688574,0.7029900000,0.7030300000
1790193689379,0.7030000000,0.7030300000
1790193689782,0.7029900000,0.7030300000
1790193690185,0.7029900000,0.7030200000
1790193691695,0.7029600000,0.7029900000
1790193696024,0.7029600000,0.7029800000
1790193696426,0.7029500000,0.7029700000
1790193696829,0.7029900000,0.7030300000
1790193698038,0.7030000000,0.7030300000
1790193698440,0.7029900000,0.7030300000
1790193698843,0.7030000000,0.7030300000
1790193699849,0.7029900000,0.7030300000
1790193700252,0.7030000000,0.7030300000
1790193702567,0.7029900000,0.7030300000
1790193704278,0.7029900000,0.7030200000
1790193705988,0.7030000000,0.7030400000
1790193706793,0.7030000000,0.7030300000
1790193707195,0.7030100000,0.7030300000
1790193707598,0.7030000000,0.7030400000
1790193708000,0.7030100000,0.7030500000
1790193708403,0.7030100000,0.7030400000
1790193710013,0.7030100000,0.7030500000
1790193711121,0.7030200000,0.7030500000
1790193712531,0.7030100000,0.7030500000
1790193713336,0.7030000000,0.7030300000
1790193715954,0.7030100000,0.7030500000
1790193718873,0.7030200000,0.7030500000
1790193720080,0.7030200000,0.7030400000
1790193720482,0.7030300000,0.7030400000
1790193720885,0.7030300000,0.7030600000
1790193721287,0.7030200000,0.7030500000
1790193722898,0.7030200000,0.7030400000
1790193723401,0.7030200000,0.7030500000
1790193723804,0.7030200000,0.7030400000
1790193725516,0.7030200000,0.7030600000
1790193725918,0.7030600000,0.7030700000
1790193726321,0.7028600000,0.7029100000
1790193726724,0.7028500000,0.7028900000
1790193727126,0.7028200000,0.7028500000
1790193727529,0.7028600000,0.7028700000
1790193727931,0.7028700000,0.7029000000
1790193728334,0.7028600000,0.7029000000
1790193728737,0.7028700000,0.7029000000
1790193729139,0.7028800000,0.7029100000
1790193730346,0.7028400000,0.7028600000
1790193730749,0.7028300000,0.7028600000
1790193731152,0.7028200000,0.7028500000
1790193731555,0.7027900000,0.7028200000
1790193731957,0.7027600000,0.7027900000
1790193732359,0.7027700000,0.7028000000
1790193732761,0.7027800000,0.7028200000
1790193733164,0.7028100000,0.7028400000
1790193734371,0.7027900000,0.7028300000
1790193734774,0.7027900000,0.7028200000
1790193735177,0.7027800000,0.7028200000
1790193735580,0.7027300000,0.7027600000
1790193735982,0.7027900000,0.7028100000
1790193736384,0.7027800000,0.7028000000
1790193736787,0.7027500000,0.7027800000
1790193737592,0.7027400000,0.7027700000
1790193737994,0.7027300000,0.7027600000
1790193738799,0.7027100000,0.7027400000
1790193739201,0.7027400000,0.7027500000
1790193739604,0.7027300000,0.7027500000
1790193740007,0.7027400000,0.7027500000
1790193740408,0.7027300000,0.7027500000
1790193740812,0.7027300000,0.7027600000
1790193741214,0.7027300000,0.7027500000
1790193741618,0.7027200000,0.7027500000
1790193742020,0.7027000000,0.7027300000
1790193742321,0.7026700000,0.7027100000
1790193742724,0.7026600000,0.7026900000
1790193743126,0.7026800000,0.7027000000
1790193743530,0.7026900000,0.7027100000
1790193743934,0.7026700000,0.7027100000
1790193744337,0.7026700000,0.7027000000
1790193744739,0.7026800000,0.7027000000
1790193745140,0.7026700000,0.7027000000
1790193745544,0.7026800000,0.7027100000
1790193745947,0.7026700000,0.7027000000
1790193746349,0.7026300000,0.7026600000
1790193747155,0.7026200000,0.7026500000
1790193748464,0.7026300000,0.7026600000
1790193748867,0.7026400000,0.7026600000
1790193749269,0.7026600000,0.7026800000
1790193749672,0.7026500000,0.7026900000
1790193750075,0.7026600000,0.7027000000
1790193750476,0.7026700000,0.7027000000
1790193751284,0.7027100000,0.7027300000
1790193752491,0.7027100000,0.7027400000
1790193753297,0.7027200000,0.7027500000
1790193754403,0.7027300000,0.7027500000
1790193755409,0.7027400000,0.7027500000
1790193755812,0.7027200000,0.7027500000
1790193756214,0.7027300000,0.7027500000
1790193756617,0.7027200000,0.7027500000
1790193757020,0.7027100000,0.7027500000
1790193757422,0.7026700000,0.7027000000
1790193759034,0.7026800000,0.7027100000
1790193759435,0.7027100000,0.7027400000
1790193759838,0.7027200000,0.7027500000
1790193760240,0.7027400000,0.7027600000
1790193760643,0.7027400000,0.7027700000
1790193761448,0.7026900000,0.7027300000
1790193761851,0.7026900000,0.7027200000
1790193762253,0.7026800000,0.7027200000
1790193762655,0.7026800000,0.7027100000
1790193763058,0.7026700000,0.7027100000
1790193763461,0.7026600000,0.7026900000
1790193763864,0.7026400000,0.7026700000
1790193764267,0.7026600000,0.7026900000
1790193764669,0.7026600000,0.7027000000
1790193765876,0.7026700000,0.7027000000
1790193766279,0.7026500000,0.7026900000
1790193766681,0.7026200000,0.7026500000
1790193767084,0.7026200000,0.7026400000
1790193767486,0.7026300000,0.7026600000
1790193768292,0.7026300000,0.7026700000
1790193768694,0.7026200000,0.7026500000
1790193769098,0.7026200000,0.7026600000
1790193769500,0.7026200000,0.7026500000
1790193769903,0.7026100000,0.7026400000
1790193770708,0.7026300000,0.7026500000
1790193771110,0.7026300000,0.7026600000
1790193771513,0.7026400000,0.7026800000
1790193771915,0.7026200000,0.7026600000
1790193773123,0.7026100000,0.7026400000
1790193773526,0.7026200000,0.7026500000
1790193773929,0.7026300000,0.7026600000
1790193774734,0.7026000000,0.7026400000
1790193775539,0.7026000000,0.7026300000
1790193776949,0.7026000000,0.7026400000
1790193777352,0.7026100000,0.7026400000
1790193777754,0.7026100000,0.7026300000
1790193778560,0.7026000000,0.7026300000
1790193779567,0.7026100000,0.7026500000
1790193780372,0.7026200000,0.7026500000
1790193780775,0.7026000000,0.7026400000
1790193781177,0.7026100000,0.7026400000
1790193781982,0.7026100000,0.7026500000
1790193782386,0.7026200000,0.7026500000
1790193782789,0.7026000000,0.7026300000
1790193783191,0.7025700000,0.7026100000
1790193783996,0.7025800000,0.7026100000
1790193784801,0.7025700000,0.7026100000
1790193785203,0.7025800000,0.7026100000
1790193785606,0.7026000000,0.7026200000
1790193786009,0.7026300000,0.7026500000
1790193786411,0.7026800000,0.7027000000
1790193787218,0.7026800000,0.7027100000
1790193788025,0.7027000000,0.7027300000
1790193788426,0.7027200000,0.7027500000
1790193788829,0.7027100000,0.7027500000
1790193789633,0.7027200000,0.7027500000
1790193790438,0.7027300000,0.7027600000
1790193790740,0.7027300000,0.7027700000
1790193791143,0.7027400000,0.7027800000
1790193791546,0.7027400000,0.7027700000
1790193791948,0.7027600000,0.7028000000
1790193792351,0.7027700000,0.7028100000
1790193792754,0.7028000000,0.7028400000
1790193794161,0.7028200000,0.7028500000
1790193794564,0.7028000000,0.7028400000
1790193794966,0.7028100000,0.7028400000
1790193795369,0.7028000000,0.7028500000
1790193795771,0.7028100000,0.7028500000
1790193796576,0.7028200000,0.7028500000
1790193796979,0.7028100000,0.7028500000
1790193797381,0.7028200000,0.7028500000
1790193797784,0.7028100000,0.7028500000
1790193799092,0.7028200000,0.7028600000
1790193799495,0.7028600000,0.7028900000
1790193799898,0.7028600000,0.7029000000
1790193800300,0.7028600000,0.7028900000
1790193801105,0.7028600000,0.7029000000
1790193801508,0.7028500000,0.7028800000
1790193801910,0.7028200000,0.7028600000
1790193802312,0.7028200000,0.7028500000
1790193802715,0.7028300000,0.7028700000
1790193803117,0.7028200000,0.7028500000
1790193804324,0.7028200000,0.7028600000
1790193805532,0.7028300000,0.7028600000
1790193805937,0.7028200000,0.7028500000
1790193806340,0.7028300000,0.7028500000
1790193806742,0.7028300000,0.7028600000
1790193807144,0.7028300000,0.7028700000
1790193811170,0.7028200000,0.7028500000
1790193811974,0.7028300000,0.7028600000
1790193812376,0.7028200000,0.7028600000
1790193812779,0.7028200000,0.7028500000
1790193813182,0.7028100000,0.7028500000
1790193814087,0.7028100000,0.7028400000
1790193814892,0.7028200000,0.7028500000
1790193815296,0.7028000000,0.7028300000
1790193816100,0.7027700000,0.7028100000
1790193816503,0.7027800000,0.7028000000
1790193816907,0.7027700000,0.7028000000
1790193817310,0.7027500000,0.7027700000
1790193817712,0.7027500000,0.7027800000
1790193818117,0.7027500000,0.7027700000
1790193818518,0.7027500000,0.7027800000
1790193818921,0.7027500000,0.7027700000
1790193819324,0.7027400000,0.7027600000
1790193819726,0.7027400000,0.7027700000
1790193821438,0.7027400000,0.7027600000
1790193821842,0.7027100000,0.7027300000
1790193822243,0.7026800000,0.7027100000
1790193822645,0.7026900000,0.7027300000
1790193823452,0.7027000000,0.7027300000
1790193823856,0.7026700000,0.7027100000
1790193824259,0.7026700000,0.7026900000
1790193824661,0.7026600000,0.7026900000
1790193825063,0.7026700000,0.7026900000
1790193826070,0.7026600000,0.7026900000
1790193826473,0.7026800000,0.7027100000
1790193826877,0.7026800000,0.7027000000
1790193827684,0.7026600000,0.7027000000
1790193828086,0.7026600000,0.7026800000
1790193828892,0.7026300000,0.7026600000
1790193829696,0.7026400000,0.7026600000
1790193830099,0.7026400000,0.7026700000
1790193830502,0.7026300000,0.7026600000
1790193831307,0.7026400000,0.7026600000
1790193832111,0.7026300000,0.7026600000
1790193832514,0.7026500000,0.7026900000
1790193832916,0.7026200000,0.7026600000
1790193833318,0.7026200000,0.7026500000
1790193833722,0.7026100000,0.7026600000
1790193834025,0.7026200000,0.7026500000
1790193835838,0.7026000000,0.7026200000
1790193837551,0.7026200000,0.7026500000
1790193837953,0.7026300000,0.7026500000
1790193838356,0.7026300000,0.7026600000
1790193838759,0.7026400000,0.7026600000
1790193839161,0.7026700000,0.7026900000
1790193839564,0.7026600000,0.7026900000
1790193839967,0.7026300000,0.7026600000
1790193840369,0.7026300000,0.7026600000
1790193841175,0.7026200000,0.7026500000
1790193841577,0.7026300000,0.7026600000
1790193841980,0.7026400000,0.7026800000
1790193842383,0.7026500000,0.7026800000
1790193843590,0.7026400000,0.7026600000
1790193843993,0.7027000000,0.7027200000
1790193844395,0.7027100000,0.7027400000
1790193845203,0.7027000000,0.7027300000
1790193846007,0.7026800000,0.7027100000
1790193848022,0.7027200000,0.7027500000
1790193848424,0.7027200000,0.7027600000
1790193849229,0.7027100000,0.7027500000
1790193849632,0.7027200000,0.7027500000
1790193851343,0.7027200000,0.7027600000
1790193852149,0.7027300000,0.7027600000
1790193852955,0.7027700000,0.7028000000
1790193853759,0.7027800000,0.7028100000
1790193854161,0.7027700000,0.7028000000
1790193854564,0.7027700000,0.7028100000
1790193854966,0.7027700000,0.7028000000
1790193855369,0.7027300000,0.7027600000
1790193856173,0.7027200000,0.7027500000
1790193856576,0.7027300000,0.7027500000
1790193856978,0.7027400000,0.7027700000
1790193857381,0.7027200000,0.7027500000
1790193859797,0.7027200000,0.7027600000
1790193860201,0.7027200000,0.7027500000
1790193861107,0.7027200000,0.7027600000
1790193861912,0.7027200000,0.7027500000
1790193863824,0.7027500000,0.7027600000
1790193864227,0.7027200000,0.7027500000
1790193864629,0.7027300000,0.7027500000
1790193865032,0.7027200000,0.7027600000
1790193865435,0.7027400000,0.7027700000
1790193865839,0.7027400000,0.7027600000
1790193866243,0.7027700000,0.7028000000
1790193866644,0.7027500000,0.7027800000
1790193867148,0.7027600000,0.7027900000
1790193867450,0.7027700000,0.7028000000
1790193867854,0.7027800000,0.7028000000
1790193869161,0.7027700000,0.7028000000
1790193869966,0.7027700000,0.7028100000
1790193870369,0.7027700000,0.7028000000
1790193870771,0.7027800000,0.7028000000
1790193871174,0.7027900000,0.7028100000
1790193871980,0.7028200000,0.7028400000
1790193872383,0.7028300000,0.7028500000
1790193874295,0.7028300000,0.7028600000
1790193874697,0.7027800000,0.7028100000
1790193875100,0.7028000000,0.7028300000
1790193875503,0.7028200000,0.7028400000
1790193875906,0.7028200000,0.7028500000
1790193877518,0.7028300000,0.7028500000
1790193877919,0.7028300000,0.7028600000
1790193878321,0.7028200000,0.7028600000
1790193878724,0.7028200000,0.7028500000
1790193879529,0.7028300000,0.7028500000
1790193880233,0.7028200000,0.7028500000
1790193880636,0.7028100000,0.7028300000
1790193881040,0.7028200000,0.7028500000
1790193889795,0.7028600000,0.7028900000
1790193890197,0.7028200000,0.7028600000
1790193891002,0.7028300000,0.7028600000
1790193891405,0.7028200000,0.7028600000
1790193892410,0.7028200000,0.7028500000
1790193892813,0.7028400000,0.7028700000
1790193893215,0.7028300000,0.7028600000
1790193893618,0.7028200000,0.7028400000
1790193894826,0.7028200000,0.7028500000
1790193895732,0.7027800000,0.7028100000
1790193896134,0.7028200000,0.7028500000
1790193898046,0.7028100000,0.7028300000
1790193898448,0.7028100000,0.7028500000
1790193899253,0.7028200000,0.7028500000
1790193899655,0.7028100000,0.7028400000
1790193900059,0.7028100000,0.7028300000
1790193900462,0.7028100000,0.7028500000
1790193902172,0.7027800000,0.7028100000
1790193902474,0.7027900000,0.7028200000
1790193903280,0.7027800000,0.7028100000
1790193903682,0.7027900000,0.7028200000
1790193904084,0.7027800000,0.7028100000
1790193904487,0.7027700000,0.7028000000
1790193904889,0.7027300000,0.7027600000
1790193905292,0.7026900000,0.7027200000
1790193906096,0.7026900000,0.7027300000
1790193906499,0.7027000000,0.7027200000
1790193906902,0.7026900000,0.7027200000
1790193907304,0.7026900000,0.7027100000
1790193907707,0.7026900000,0.7027200000
1790193908109,0.7027200000,0.7027500000
1790193908512,0.7027400000,0.7027600000
1790193909319,0.7027400000,0.7027700000
1790193910124,0.7027200000,0.7027500000
1790193911533,0.7027400000,0.7027700000
1790193912539,0.7027700000,0.7028000000
1790193913646,0.7027600000,0.7027800000
1790193915055,0.7027600000,0.7027900000
1790193915457,0.7027600000,0.7028000000
1790193915860,0.7027600000,0.7027800000
1790193916262,0.7027500000,0.7027800000
1790193917571,0.7027500000,0.7027700000
1790193917974,0.7027500000,0.7027800000
1790193919182,0.7027700000,0.7028000000
1790193921697,0.7027600000,0.7028000000
1790193922099,0.7027700000,0.7028000000
1790193925019,0.7027600000,0.7027800000
1790193926128,0.7027600000,0.7027900000
1790193926532,0.7027800000,0.7028100000
1790193926933,0.7027900000,0.7028100000
1790193927336,0.7028000000,0.7028300000
1790193928141,0.7028400000,0.7028700000
1790193928544,0.7028400000,0.7028800000
1790193928946,0.7028400000,0.7028700000
1790193930557,0.7028400000,0.7028800000
1790193930960,0.7028200000,0.7028600000
1790193931362,0.7028200000,0.7028500000
1790193931765,0.7028200000,0.7028600000
1790193932269,0.7028200000,0.7028500000
1790193932671,0.7028200000,0.7028600000
1790193933074,0.7028300000,0.7028600000
1790193934884,0.7028300000,0.7028700000
1790193935287,0.7028300000,0.7028600000
1790193935690,0.7028600000,0.7028900000
1790193936092,0.7028700000,0.7029000000
1790193937302,0.7028800000,0.7029000000
1790193937704,0.7028700000,0.7029000000
1790193941327,0.7028800000,0.7029000000
1790193941730,0.7028800000,0.7029100000
1790193942131,0.7028900000,0.7029100000
1790193942534,0.7028800000,0.7029100000
1790193942936,0.7028700000,0.7029000000
1790193945149,0.7028800000,0.7029000000
1790193945552,0.7028800000,0.7029100000
1790193946357,0.7028700000,0.7029000000
1790193947263,0.7029300000,0.7029600000
1790193947666,0.7029400000,0.7029700000
1790193948069,0.7029300000,0.7029600000
1790193948773,0.7029300000,0.7029700000
1790193948875,0.7029400000,0.7029700000
1790193949276,0.7029200000,0.7029600000
1790193949678,0.7029200000,0.7029500000
1790193951188,0.7029100000,0.7029500000
1790193951591,0.7029100000,0.7029300000
1790193952396,0.7028800000,0.7029100000
1790193952799,0.7028700000,0.7029000000
1790193955617,0.7028700000,0.7028800000
1790193957228,0.7028700000,0.7028900000
1790193957631,0.7028700000,0.7029000000
1790193960247,0.7028700000,0.7029000000
1790193961052,0.7028600000,0.7029000000
1790193961455,0.7028600000,0.7028900000
1790193961857,0.7028200000,0.7028500000
1790193963468,0.7028200000,0.7028600000
1790193963871,0.7028300000,0.7028600000
1790193964877,0.7028200000,0.7028500000
1790193966388,0.7028100000,0.7028300000
1790193966890,0.7028100000,0.7028400000
1790193967292,0.7028100000,0.7028500000
1790193967695,0.7028200000,0.7028500000
1790193968098,0.7028100000,0.7028500000
1790193968803,0.7028100000,0.7028400000
1790193969909,0.7028100000,0.7028500000
1790193972325,0.7027700000,0.7028000000
1790193972728,0.7027600000,0.7027900000
1790193973935,0.7027600000,0.7027800000
1790193974337,0.7027600000,0.7027900000
1790193975545,0.7027700000,0.7028000000
1790193976856,0.7027600000,0.7028000000
1790193977258,0.7027600000,0.7027900000
1790193977660,0.7027400000,0.7027700000
1790193978063,0.7027200000,0.7027500000
1790193979674,0.7026700000,0.7027000000
1790193980882,0.7026700000,0.7027100000
1790193981990,0.7026800000,0.7027200000
1790193982394,0.7027200000,0.7027500000
1790193982896,0.7027100000,0.7027500000
1790193983298,0.7027200000,0.7027500000
1790193984103,0.7027200000,0.7027600000
1790193984506,0.7027200000,0.7027500000
1790193985713,0.7027300000,0.7027500000
1790193986220,0.7027200000,0.7027500000
1790193986622,0.7027100000,0.7027400000
1790193987025,0.7027000000,0.7027200000
1790193989138,0.7027200000,0.7027500000
1790193989541,0.7027600000,0.7027900000
1790193989945,0.7027400000,0.7027800000
1790193991152,0.7027500000,0.7027800000
1790193991655,0.7027400000,0.7027800000
1790193993064,0.7027500000,0.7027800000
1790193993467,0.7027700000,0.7027900000
1790193994170,0.7027600000,0.7027900000
1790193994574,0.7027800000,0.7028000000
1790193994976,0.7027700000,0.7028000000
1790193996484,0.7027900000,0.7028300000
1790193997691,0.7028000000,0.7028300000
1790194000209,0.7027700000,0.7028000000
1790194000612,0.7027800000,0.7028100000
1790194002020,0.7027700000,0.7028000000
1790194002926,0.7027800000,0.7028200000
1790194003329,0.7027800000,0.7028100000
1790194004034,0.7027800000,0.7028200000
1790194004436,0.7027900000,0.7028200000
1790194005243,0.7028100000,0.7028300000
1790194005646,0.7028100000,0.7028400000
1790194006048,0.7028100000,0.7028300000
1790194006450,0.7027900000,0.7028300000
1790194006853,0.7028000000,0.7028300000
1790194007255,0.7027900000,0.7028200000
1790194008463,0.7027900000,0.7028300000
1790194009269,0.7027900000,0.7028200000
1790194012489,0.7027700000,0.7028000000
1790194013294,0.7027800000,0.7028000000
1790194013696,0.7027800000,0.7028100000
1790194014904,0.7027800000,0.7028000000
1790194015306,0.7027700000,0.7028100000
1790194015810,0.7027800000,0.7028100000
1790194016111,0.7027800000,0.7028200000
1790194017018,0.7027700000,0.7028000000
1790194017419,0.7027700000,0.7028100000
1790194017822,0.7027800000,0.7028100000
1790194019131,0.7027700000,0.7028100000
1790194020338,0.7027800000,0.7028100000
1790194021948,0.7027900000,0.7028100000
1790194022351,0.7027800000,0.7028100000
1790194023961,0.7028000000,0.7028300000
1790194024363,0.7027900000,0.7028200000
1790194024766,0.7028100000,0.7028400000
1790194025168,0.7028200000,0.7028600000
1790194026175,0.7028500000,0.7028900000
1790194027382,0.7028700000,0.7029000000
1790194027785,0.7028300000,0.7028600000
1790194028187,0.7028200000,0.7028500000
1790194028590,0.7028100000,0.7028400000
1790194028992,0.7028200000,0.7028600000
1790194029797,0.7028200000,0.7028500000
1790194030200,0.7028300000,0.7028700000
1790194030603,0.7028200000,0.7028600000
1790194032215,0.7028100000,0.7028600000
1790194032618,0.7028100000,0.7028400000
1790194033021,0.7028000000,0.7028400000
1790194035236,0.7028100000,0.7028400000
1790194035638,0.7028200000,0.7028500000
1790194036040,0.7028200000,0.7028600000
1790194036846,0.7028200000,0.7028500000
1790194040067,0.7028200000,0.7028600000
1790194040471,0.7028600000,0.7028900000
1790194041275,0.7028500000,0.7028800000
1790194042887,0.7028500000,0.7028900000
1790194043290,0.7029100000,0.7029300000
1790194043692,0.7029000000,0.7029300000
1790194044094,0.7028900000,0.7029200000
1790194044497,0.7028700000,0.7029100000
1790194044900,0.7028600000,0.7029000000
1790194046207,0.7028700000,0.7029100000
1790194047015,0.7028700000,0.7029000000
1790194047418,0.7028600000,0.7029000000
1790194047820,0.7028500000,0.7028900000
1790194048223,0.7028600000,0.7029000000
1790194049532,0.7028700000,0.7029000000
1790194049933,0.7028700000,0.7029100000
1790194051242,0.7028700000,0.7029000000
1790194051644,0.7028700000,0.7029100000
1790194052047,0.7028700000,0.7029000000
1790194052450,0.7028900000,0.7029200000
1790194053355,0.7029000000,0.7029200000
1790194053757,0.7028900000,0.7029200000
1790194054964,0.7028700000,0.7029100000
1790194055367,0.7028800000,0.7029200000
1790194057580,0.7029200000,0.7029600000
1790194060197,0.7029500000,0.7029800000
1790194060599,0.7029600000,0.7029900000
1790194061001,0.7029700000,0.7030100000
1790194061403,0.7029700000,0.7030000000
1790194061806,0.7029500000,0.7029800000
1790194062208,0.7029600000,0.7030000000
1790194062611,0.7029500000,0.7029800000
1790194065931,0.7029500000,0.7029900000
1790194066333,0.7029900000,0.7030300000
1790194066760,0.7030000000,0.7030300000
1790194067162,0.7029900000,0.7030300000
1790194067565,0.7029600000,0.7030000000
1790194067967,0.7029600000,0.7029900000
1790194068370,0.7029600000,0.7030000000
1790194070281,0.7029600000,0.7029900000
1790194070684,0.7029500000,0.7029900000
1790194071791,0.7029400000,0.7029800000
1790194072194,0.7029500000,0.7029900000
1790194073402,0.7029700000,0.7030000000
1790194073905,0.7029600000,0.7030000000
1790194074307,0.7029500000,0.7029900000
1790194074710,0.7029400000,0.7029800000
1790194076623,0.7029500000,0.7029800000
1790194080046,0.7029500000,0.7029800000
1790194080449,0.7029600000,0.7029800000
1790194081355,0.7029500000,0.7029800000
1790194081758,0.7029700000,0.7030000000
1790194082564,0.7029700000,0.7030100000
1790194083469,0.7030000000,0.7030400000
1790194084576,0.7029900000,0.7030300000
1790194084979,0.7030000000,0.7030300000
1790194085785,0.7030200000,0.7030600000
1790194087395,0.7030000000,0.7030400000
1790194087798,0.7030100000,0.7030400000
1790194088200,0.7030000000,0.7030400000
1790194090414,0.7030000000,0.7030300000
1790194091221,0.7030100000,0.7030500000
1790194091623,0.7030200000,0.7030600000
1790194092028,0.7030300000,0.7030600000
1790194093334,0.7030400000,0.7030800000
1790194093736,0.7030400000,0.7030700000
1790194094541,0.7030400000,0.7030800000
1790194094944,0.7030400000,0.7030900000
1790194095348,0.7030400000,0.7030800000
1790194096152,0.7030600000,0.7030900000
1790194096555,0.7030400000,0.7030800000
1790194096957,0.7030400000,0.7030700000
1790194097359,0.7030400000,0.7030800000
1790194097762,0.7030400000,0.7030700000
1790194098567,0.7030400000,0.7030800000
1790194098969,0.7030500000,0.7030800000
1790194099372,0.7030500000,0.7030900000
1790194099774,0.7030500000,0.7030800000
1790194100277,0.7030600000,0.7030800000
1790194100680,0.7030500000,0.7030800000
1790194101083,0.7030400000,0.7030800000
1790194101486,0.7030400000,0.7030700000
1790194102089,0.7030400000,0.7030800000
1790194103397,0.7030700000,0.7031000000
1790194103800,0.7030600000,0.7031000000
1790194104202,0.7030400000,0.7030800000
1790194104605,0.7030500000,0.7030900000
1790194105008,0.7030600000,0.7031000000
1790194105410,0.7030500000,0.7030900000
1790194105813,0.7030600000,0.7030800000
1790194106215,0.7030600000,0.7030900000
1790194106623,0.7030700000,0.7031100000
1790194107024,0.7030700000,0.7031000000
1790194107427,0.7030700000,0.7031100000
1790194108734,0.7030500000,0.7030800000
1790194109136,0.7030400000,0.7030800000
1790194109539,0.7030500000,0.7030800000
1790194109942,0.7030400000,0.7030700000
1790194110344,0.7030400000,0.7030800000
1790194110747,0.7030400000,0.7030700000
1790194111856,0.7030400000,0.7030800000
1790194112259,0.7030400000,0.7030700000
1790194113264,0.7030400000,0.7030800000
1790194113666,0.7030200000,0.7030600000
1790194114873,0.7030500000,0.7030900000
1790194115275,0.7030600000,0.7031000000
1790194115678,0.7030600000,0.7030900000
1790194116483,0.7030500000,0.7030900000
1790194116886,0.7030700000,0.7031100000
1790194118899,0.7030700000,0.7031000000
1790194119302,0.7030600000,0.7031100000
1790194119704,0.7030600000,0.7031000000
1790194120610,0.7030700000,0.7031100000
1790194123427,0.7030600000,0.7031000000
1790194123829,0.7030500000,0.7030900000
1790194124232,0.7030600000,0.7030900000
1790194124637,0.7030600000,0.7031000000
1790194125137,0.7030700000,0.7031100000
1790194125540,0.7030400000,0.7030700000
1790194125945,0.7030400000,0.7030800000
1790194126345,0.7030500000,0.7030900000
1790194126748,0.7030600000,0.7031000000
1790194127150,0.7030700000,0.7031000000
1790194127553,0.7030600000,0.7031000000
1790194127955,0.7030500000,0.7030800000
1790194128861,0.7030500000,0.7030900000
1790194129264,0.7030500000,0.7030800000
1790194129667,0.7030500000,0.7030900000
1790194130875,0.7030500000,0.7030800000
1790194131278,0.7030500000,0.7030900000
1790194132486,0.7030500000,0.7030800000
1790194132888,0.7030400000,0.7030800000
1790194133492,0.7030500000,0.7030800000
1790194133894,0.7030500000,0.7031000000
1790194134296,0.7030500000,0.7030800000
1790194134699,0.7030100000,0.7030500000
1790194135504,0.7030200000,0.7030600000
1790194140033,0.7030200000,0.7030600000
1790194140436,0.7030100000,0.7030500000
1790194140838,0.7030100000,0.7030600000
1790194141241,0.7030200000,0.7030600000
1790194143556,0.7030300000,0.7030700000
1790194146977,0.7030300000,0.7030600000
1790194147380,0.7029800000,0.7030200000
1790194147782,0.7029600000,0.7030000000
1790194148185,0.7029700000,0.7030100000
1790194148588,0.7029800000,0.7030100000
1790194149796,0.7029700000,0.7030100000
1790194152112,0.7029800000,0.7030100000
1790194152515,0.7030300000,0.7030700000
1790194152917,0.7030400000,0.7030800000
1790194153320,0.7030400000,0.7030700000
1790194153722,0.7030200000,0.7030600000
1790194154125,0.7030300000,0.7030700000
1790194154528,0.7030400000,0.7030700000
1790194155232,0.7030500000,0.7030800000
1790194155634,0.7030500000,0.7030900000
1790194156037,0.7030500000,0.7030800000
1790194156439,0.7030400000,0.7030700000
1790194159458,0.7030300000,0.7030700000
1790194159861,0.7030100000,0.7030500000
1790194160263,0.7030200000,0.7030600000
1790194161068,0.7030100000,0.7030500000
1790194161470,0.7030200000,0.7030600000
1790194162579,0.7030200000,0.7030500000
1790194162981,0.7030400000,0.7030700000
1790194163787,0.7030300000,0.7030600000
1790194164188,0.7030500000,0.7030800000
1790194164993,0.7030500000,0.7030700000
1790194165396,0.7030400000,0.7030700000
1790194165798,0.7030500000,0.7030800000
1790194166201,0.7030500000,0.7030900000
1790194167611,0.7030500000,0.7030800000
1790194168013,0.7030400000,0.7030800000
1790194169120,0.7030500000,0.7030800000
1790194170731,0.7030400000,0.7030800000
1790194171134,0.7030100000,0.7030500000
1790194171537,0.7030200000,0.7030600000
1790194172341,0.7030400000,0.7030800000
1790194172744,0.7030500000,0.7030800000
1790194175664,0.7030500000,0.7030900000
1790194176067,0.7030700000,0.7031000000
1790194176469,0.7030600000,0.7031000000
1790194176873,0.7030500000,0.7030900000
1790194177275,0.7030500000,0.7030800000
1790194177677,0.7030500000,0.7030900000
1790194178079,0.7030500000,0.7030800000
1790194179287,0.7030700000,0.7031100000
1790194179689,0.7030700000,0.7031000000
1790194180092,0.7030500000,0.7030800000
1790194180897,0.7030500000,0.7030900000
1790194181300,0.7030400000,0.7030700000
1790194181702,0.7030500000,0.7030800000
1790194182105,0.7030500000,0.7030900000
1790194184119,0.7030700000,0.7031100000
1790194186132,0.7030600000,0.7031100000
1790194186535,0.7030700000,0.7031000000
1790194187441,0.7030600000,0.7031000000
1790194190460,0.7030700000,0.7031000000
1790194190863,0.7031200000,0.7031500000
1790194191265,0.7031200000,0.7031600000
1790194193680,0.7031200000,0.7031700000
1790194194083,0.7031400000,0.7031800000
1790194194485,0.7031500000,0.7031800000
1790194194888,0.7031600000,0.7031900000
1790194196900,0.7031600000,0.7032000000
1790194197302,0.7031600000,0.7031900000
1790194197705,0.7031500000,0.7031800000
1790194200120,0.7031500000,0.7031800000
1790194201932,0.7031400000,0.7031700000
1790194203544,0.7031300000,0.7031600000
1790194204351,0.7031400000,0.7031700000
1790194204752,0.7031500000,0.7031900000
1790194205559,0.7031600000,0.7031900000
1790194206765,0.7031600000,0.7031800000
1790194207571,0.7031500000,0.7031800000
1790194209181,0.7031600000,0.7031900000
1790194209584,0.7031600000,0.7031800000
1790194210388,0.7031600000,0.7031900000
1790194211193,0.7031600000,0.7031800000
1790194214615,0.7031500000,0.7031800000
1790194215018,0.7031500000,0.7031700000
1790194215420,0.7031300000,0.7031500000
1790194215823,0.7031300000,0.7031600000
1790194216627,0.7031300000,0.7031700000
1790194217030,0.7031300000,0.7031600000
1790194217835,0.7031300000,0.7031700000
1790194218640,0.7031300000,0.7031600000
1790194221457,0.7031300000,0.7031500000
1790194222564,0.7031300000,0.7031400000
1790194222966,0.7031300000,0.7031500000
1790194224678,0.7031300000,0.7031700000
1790194225082,0.7031300000,0.7031600000
1790194225483,0.7031300000,0.7031700000
1790194225886,0.7031300000,0.7031600000
1790194227198,0.7031300000,0.7031500000
1790194229211,0.7031300000,0.7031600000
1790194230620,0.7031300000,0.7031500000
1790194231022,0.7031300000,0.7031600000
1790194232230,0.7031500000,0.7031800000
1790194234043,0.7031800000,0.7032100000
1790194234445,0.7031700000,0.7032100000
1790194234847,0.7031700000,0.7032000000
1790194236456,0.7031800000,0.7032100000
1790194236859,0.7032000000,0.7032300000
1790194237262,0.7032000000,0.7032200000
1790194238067,0.7031700000,0.7032000000
1790194239274,0.7031700000,0.7031900000
1790194240079,0.7031700000,0.7031800000
1790194240481,0.7031700000,0.7032000000
1790194241690,0.7031700000,0.7031900000
1790194242495,0.7031600000,0.7031700000
1790194242899,0.7031600000,0.7032000000
1790194244106,0.7031600000,0.7031900000
1790194246423,0.7031700000,0.7032100000
1790194247126,0.7031900000,0.7032100000
1790194247528,0.7032000000,0.7032300000
1790194248233,0.7032100000,0.7032400000
1790194250548,0.7032200000,0.7032600000
1790194250951,0.7032200000,0.7032500000
1790194251353,0.7032200000,0.7032400000
1790194251755,0.7032200000,0.7032500000
1790194252561,0.7032200000,0.7032300000
1790194252963,0.7032100000,0.7032300000
1790194253366,0.7032100000,0.7032400000
1790194254272,0.7032200000,0.7032500000
1790194254876,0.7032200000,0.7032400000
1790194258703,0.7032200000,0.7032300000
1790194259307,0.7032200000,0.7032400000
1790194260616,0.7032200000,0.7032400000
1790194261421,0.7031800000,0.7032000000
1790194263937,0.7031500000,0.7031800000
1790194264340,0.7031600000,0.7031800000
1790194264742,0.7031600000,0.7031900000
1790194265547,0.7031700000,0.7032000000
1790194265950,0.7031700000,0.7032100000
1790194266856,0.7031800000,0.7032200000
1790194267258,0.7032000000,0.7032400000
1790194267660,0.7032100000,0.7032400000
1790194272592,0.7032200000,0.7032600000
1790194273298,0.7032300000,0.7032600000
1790194273700,0.7032200000,0.7032600000
1790194275512,0.7032400000,0.7032700000
1790194275915,0.7032400000,0.7032600000
1790194276316,0.7032200000,0.7032600000
1790194279034,0.7032400000,0.7032700000
1790194280444,0.7032500000,0.7032700000
1790194280847,0.7032600000,0.7032900000
1790194282054,0.7032600000,0.7032800000
1790194282860,0.7032300000,0.7032700000
1790194283262,0.7032300000,0.7032600000
1790194283664,0.7032200000,0.7032600000
1790194284066,0.7032300000,0.7032600000
1790194284470,0.7032400000,0.7032700000
1790194285274,0.7032300000,0.7032600000
1790194285777,0.7032300000,0.7032500000
1790194286280,0.7032300000,0.7032600000
1790194288596,0.7032300000,0.7032500000
1790194289400,0.7032300000,0.7032600000
1790194290306,0.7032300000,0.7032500000
1790194290709,0.7032300000,0.7032700000
1790194291111,0.7032400000,0.7032700000
1790194291917,0.7032300000,0.7032500000
1790194292319,0.7032000000,0.7032200000
1790194292722,0.7031800000,0.7032100000
1790194293527,0.7031700000,0.7031800000
1790194294735,0.7031600000,0.7031700000
1790194295137,0.7031600000,0.7031800000
1790194295540,0.7031600000,0.7031700000
1790194296244,0.7031600000,0.7031800000
1790194297049,0.7031300000,0.7031400000
1790194297451,0.7031100000,0.7031200000
1790194297854,0.7031100000,0.7031300000
1790194298258,0.7031100000,0.7031200000
1790194300172,0.7030900000,0.7031100000
1790194300575,0.7030800000,0.7031000000
1790194300978,0.7030700000,0.7031000000
1790194301482,0.7030700000,0.7031100000
1790194302387,0.7030700000,0.7031000000
1790194302789,0.7030700000,0.7031100000
1790194303192,0.7030700000,0.7031000000
1790194303796,0.7030700000,0.7031100000
1790194305406,0.7030700000,0.7031000000
1790194305808,0.7030700000,0.7030800000
1790194308626,0.7030700000,0.7031000000
1790194310539,0.7030700000,0.7030900000
1790194311949,0.7031100000,0.7031400000
1790194312351,0.7031100000,0.7031300000
1790194312754,0.7030900000,0.7031200000
1790194313157,0.7031000000,0.7031300000
1790194313560,0.7031000000,0.7031200000
1790194313962,0.7030800000,0.7031000000
1790194314366,0.7030800000,0.7031100000
1790194315672,0.7030800000,0.7031000000
1790194316075,0.7030800000,0.7030900000
1790194317183,0.7030800000,0.7031000000
1790194317585,0.7030800000,0.7031100000
1790194317988,0.7030800000,0.7031000000
1790194318390,0.7030800000,0.7031100000
1790194318793,0.7030800000,0.7031000000
1790194319397,0.7030800000,0.7031100000
1790194319799,0.7030800000,0.7030900000
1790194320202,0.7030800000,0.7031000000
1790194321007,0.7030800000,0.7031100000
1790194321411,0.7030800000,0.7031000000
1790194321813,0.7030700000,0.7030800000
1790194322216,0.7030600000,0.7030800000
1790194322618,0.7030500000,0.7030800000
1790194323422,0.7030600000,0.7030800000
1790194323825,0.7030600000,0.7030900000
1790194324831,0.7030600000,0.7030800000
1790194325837,0.7030600000,0.7030900000
1790194328956,0.7030600000,0.7031000000
1790194329761,0.7030600000,0.7030900000
1790194333284,0.7030600000,0.7030800000
1790194333687,0.7030700000,0.7031000000
1790194334091,0.7030800000,0.7031100000
1790194334492,0.7030700000,0.7031100000
1790194334895,0.7030700000,0.7031000000
1790194335699,0.7030800000,0.7031100000
1790194336101,0.7030700000,0.7031100000
1790194337309,0.7030800000,0.7031100000
1790194337712,0.7030700000,0.7031100000
1790194341036,0.7030800000,0.7031200000
1790194341841,0.7030900000,0.7031200000
1790194342243,0.7030800000,0.7031200000
1790194342948,0.7030900000,0.7031200000
1790194343351,0.7031000000,0.7031400000
1790194344961,0.7031100000,0.7031500000
1790194346469,0.7031100000,0.7031400000
1790194348584,0.7031100000,0.7031500000
1790194348985,0.7031100000,0.7031400000
1790194350595,0.7031100000,0.7031300000
1790194350998,0.7031100000,0.7031400000
1790194351400,0.7031100000,0.7031500000
1790194352608,0.7031200000,0.7031500000
1790194353714,0.7031100000,0.7031400000
1790194354924,0.7031200000,0.7031600000
1790194357542,0.7031300000,0.7031600000
1790194357945,0.7031200000,0.7031500000
1790194359757,0.7031300000,0.7031500000
1790194360260,0.7031200000,0.7031500000
1790194361066,0.7031300000,0.7031600000
1790194361871,0.7031300000,0.7031500000
1790194362675,0.7031200000,0.7031500000
1790194363480,0.7031200000,0.7031600000
1790194365294,0.7031000000,0.7031200000
1790194365695,0.7030700000,0.7031100000
1790194366099,0.7030700000,0.7031000000
1790194366501,0.7030800000,0.7031000000
1790194366903,0.7031000000,0.7031300000
1790194368615,0.7031100000,0.7031400000
1790194369018,0.7031200000,0.7031500000
1790194373647,0.7031200000,0.7031400000
1790194374049,0.7031100000,0.7031300000
1790194374452,0.7031200000,0.7031500000
1790194376569,0.7031200000,0.7031400000
1790194377373,0.7031200000,0.7031500000
1790194377776,0.7031400000,0.7031700000
1790194378984,0.7031500000,0.7031900000
1790194379387,0.7031600000,0.7031800000
1790194380192,0.7031400000,0.7031700000
1790194381903,0.7031600000,0.7031900000
1790194382306,0.7031600000,0.7031800000
1790194382708,0.7031500000,0.7031800000
1790194383111,0.7031500000,0.7031700000
1790194387339,0.7031400000,0.7031700000
1790194388747,0.7031600000,0.7031900000
1790194389149,0.7031600000,0.7032000000
1790194389552,0.7031700000,0.7031900000
1790194389955,0.7031600000,0.7031900000
1790194390761,0.7031600000,0.7031800000
1790194397098,0.7031600000,0.7031900000
1790194397501,0.7031600000,0.7031800000
1790194403542,0.7031700000,0.7032000000
1790194406462,0.7031700000,0.7031900000
1790194406865,0.7031600000,0.7032000000
1790194409079,0.7031600000,0.7031900000
1790194410286,0.7031700000,0.7031900000
1790194410689,0.7031600000,0.7031900000
1790194414111,0.7031700000,0.7031900000
1790194415119,0.7031300000,0.7031600000
1790194415923,0.7031500000,0.7031800000
1790194419245,0.7031500000,0.7031700000
1790194419647,0.7031400000,0.7031700000
1790194422264,0.7031600000,0.7031800000
1790194423471,0.7031700000,0.7032000000
1790194423874,0.7031700000,0.7031900000
1790194425286,0.7031700000,0.7032000000
1790194425689,0.7031700000,0.7031900000
1790194426092,0.7031700000,0.7031800000
1790194426494,0.7031600000,0.7031800000
1790194428204,0.7031600000,0.7031900000
1790194428808,0.7031600000,0.7031800000
1790194430721,0.7031600000,0.7031900000
1790194431123,0.7031600000,0.7031800000
1790194431526,0.7031700000,0.7031800000
1790194431930,0.7031500000,0.7031800000
1790194434647,0.7031500000,0.7031700000
1790194435050,0.7031300000,0.7031600000
1790194435453,0.7031200000,0.7031400000
1790194436258,0.7031200000,0.7031300000
1790194437667,0.7030900000,0.7031100000
1790194438071,0.7030800000,0.7031200000
1790194439781,0.7030800000,0.7031100000
1790194440183,0.7030800000,0.7031200000
1790194440586,0.7030800000,0.7031100000
1790194444513,0.7031100000,0.7031400000
1790194444916,0.7031200000,0.7031600000
1790194445721,0.7031200000,0.7031500000
1790194446124,0.7031200000,0.7031600000
1790194446527,0.7031200000,0.7031500000
1790194450150,0.7031200000,0.7031600000
1790194451661,0.7031300000,0.7031600000
1790194452164,0.7031600000,0.7031800000
1790194454578,0.7031500000,0.7031800000
1790194454980,0.7031600000,0.7031900000
1790194455383,0.7031500000,0.7031900000
1790194455886,0.7031600000,0.7031900000
1790194456288,0.7031600000,0.7031800000
1790194457092,0.7031500000,0.7031800000
1790194457495,0.7031400000,0.7031600000
1790194458603,0.7031600000,0.7031900000
1790194459006,0.7031500000,0.7031800000
1790194459408,0.7031500000,0.7031700000
1790194459811,0.7031500000,0.7031800000
1790194460817,0.7031600000,0.7031900000
1790194463435,0.7031700000,0.7032000000
1790194463838,0.7031600000,0.7031900000
1790194464240,0.7031600000,0.7032000000
1790194465045,0.7031700000,0.7032000000
1790194467059,0.7031600000,0.7032000000
1790194467462,0.7031600000,0.7031900000
1790194469378,0.7031700000,0.7032000000
1790194469780,0.7031800000,0.7032100000
1790194475214,0.7031800000,0.7032000000
1790194475617,0.7031800000,0.7032100000
1790194476423,0.7031800000,0.7032000000
1790194476825,0.7031800000,0.7032100000
1790194481656,0.7031800000,0.7032000000
1790194482059,0.7031600000,0.7031800000
1790194484074,0.7031600000,0.7031900000
1790194486188,0.7031600000,0.7032000000
1790194486591,0.7031800000,0.7032100000
1790194487396,0.7031800000,0.7031900000
1790194487798,0.7031800000,0.7032000000
1790194489007,0.7031600000,0.7031900000
1790194490617,0.7031800000,0.7032100000
1790194493034,0.7032100000,0.7032400000
1790194493436,0.7032200000,0.7032500000
1790194493839,0.7032200000,0.7032400000
1790194494342,0.7032100000,0.7032400000
1790194497060,0.7032100000,0.7032300000
1790194497462,0.7031900000,0.7032100000
1790194499778,0.7032000000,0.7032300000
1790194500180,0.7032000000,0.7032200000
1790194501189,0.7031800000,0.7032100000
1790194501592,0.7031900000,0.7032100000
1790194501997,0.7031900000,0.7032200000
1790194502400,0.7031900000,0.7032100000
1790194505420,0.7032000000,0.7032100000
1790194505822,0.7031900000,0.7032100000
1790194506829,0.7032000000,0.7032200000
1790194507232,0.7031900000,0.7032200000
1790194507634,0.7031900000,0.7032100000
1790194509145,0.7031900000,0.7032200000
1790194509548,0.7031900000,0.7032100000
1790194510353,0.7032000000,0.7032200000
1790194510756,0.7031800000,0.7032100000
1790194511159,0.7031800000,0.7032000000
1790194511562,0.7031700000,0.7031900000
1790194512870,0.7031700000,0.7032000000
1790194513273,0.7031700000,0.7031900000
1790194513675,0.7031600000,0.7031900000
1790194516191,0.7031700000,0.7032000000
1790194516996,0.7031700000,0.7031900000
1790194520619,0.7031700000,0.7032000000
1790194521928,0.7031700000,0.7032100000
1790194522330,0.7031800000,0.7032100000
1790194526259,0.7032000000,0.7032200000
1790194526662,0.7032100000,0.7032300000
1790194527467,0.7032200000,0.7032400000
1790194527872,0.7032200000,0.7032500000
1790194528274,0.7032200000,0.7032600000
1790194529884,0.7032300000,0.7032600000
1790194530689,0.7032300000,0.7032500000
1790194532802,0.7032200000,0.7032400000
1790194533206,0.7032200000,0.7032300000
1790194533608,0.7032100000,0.7032300000
1790194535622,0.7032200000,0.7032400000
1790194538441,0.7032100000,0.7032300000
1790194538844,0.7032100000,0.7032200000
1790194539247,0.7031900000,0.7032200000
1790194539650,0.7032100000,0.7032400000
1790194540052,0.7032100000,0.7032300000
1790194541361,0.7032100000,0.7032200000
1790194541764,0.7032100000,0.7032300000
1790194542568,0.7032100000,0.7032200000
1790194542971,0.7031700000,0.7032100000
1790194544683,0.7032100000,0.7032300000
1790194546092,0.7031900000,0.7032100000
1790194546494,0.7031800000,0.7031900000
1790194547299,0.7031600000,0.7031800000
1790194548205,0.7031600000,0.7031900000
1790194550620,0.7031600000,0.7031800000
1790194551023,0.7031600000,0.7031900000
1790194551426,0.7031700000,0.7032100000
1790194553340,0.7031600000,0.7032100000
1790194553743,0.7031600000,0.7031900000
1790194554146,0.7031600000,0.7031800000
1790194555051,0.7031700000,0.7032100000
1790194555454,0.7031800000,0.7032100000
1790194555857,0.7031700000,0.7032100000
1790194559177,0.7031700000,0.7032000000
1790194560385,0.7031700000,0.7032100000
1790194565521,0.7031700000,0.7032000000
1790194567936,0.7031700000,0.7032100000
1790194568338,0.7031800000,0.7032100000
1790194568741,0.7031700000,0.7032100000
1790194573672,0.7031900000,0.7032100000
1790194574074,0.7031800000,0.7031900000
1790194574476,0.7031700000,0.7031800000
1790194576992,0.7031500000,0.7031800000
1790194578301,0.7031600000,0.7031800000
1790194579005,0.7031600000,0.7031700000
1790194579408,0.7031600000,0.7031800000
1790194582125,0.7031600000,0.7031900000
1790194587459,0.7031700000,0.7032100000
1790194587865,0.7031800000,0.7032100000
1790194588268,0.7031700000,0.7032000000
1790194588670,0.7031700000,0.7032100000
1790194589275,0.7031800000,0.7032100000
1790194589679,0.7031700000,0.7032000000
1790194590482,0.7031700000,0.7031900000
1790194590885,0.7031700000,0.7032100000
1790194591288,0.7031800000,0.7032100000
1790194591690,0.7031700000,0.7032100000
1790194592998,0.7031600000,0.7032000000
1790194594206,0.7031600000,0.7031900000
1790194595011,0.7031600000,0.7031800000
1790194595514,0.7031600000,0.7031900000
1790194602360,0.7031600000,0.7031800000
1790194602763,0.7031300000,0.7031500000
1790194603970,0.7031300000,0.7031700000
1790194604374,0.7031300000,0.7031600000
1790194605178,0.7031200000,0.7031600000
1790194605580,0.7031300000,0.7031700000
1790194605982,0.7031400000,0.7031700000
1790194608599,0.7031200000,0.7031500000
1790194611417,0.7031100000,0.7031400000
1790194613831,0.7031100000,0.7031300000
1790194615643,0.7031100000,0.7031400000
1790194616046,0.7031000000,0.7031200000
1790194616448,0.7030900000,0.7031100000
1790194618059,0.7031000000,0.7031300000
1790194618463,0.7031200000,0.7031500000
1790194619270,0.7031100000,0.7031300000
1790194619673,0.7031000000,0.7031200000
1790194620074,0.7030800000,0.7031100000
1790194624301,0.7030700000,0.7031100000
1790194624704,0.7030700000,0.7030900000
1790194626617,0.7030800000,0.7030900000
1790194627020,0.7030700000,0.7030900000
1790194627522,0.7030800000,0.7030900000
1790194627925,0.7030900000,0.7031200000
1790194629133,0.7030700000,0.7030900000
1790194637789,0.7030800000,0.7030900000
1790194638191,0.7030700000,0.7030900000
1790194644134,0.7031100000,0.7031400000
1790194644938,0.7031200000,0.7031400000
1790194645340,0.7031100000,0.7031400000
1790194647454,0.7031200000,0.7031400000
1790194648566,0.7031300000,0.7031500000
1790194649372,0.7031400000,0.7031800000
1790194651183,0.7031700000,0.7032000000
1790194651586,0.7031600000,0.7031900000
1790194653196,0.7031500000,0.7031900000
1790194655510,0.7031500000,0.7031800000
1790194656315,0.7031400000,0.7031800000
1790194657120,0.7031500000,0.7031800000
1790194657522,0.7031400000,0.7031800000
1790194657925,0.7031500000,0.7031800000
1790194658833,0.7031400000,0.7031700000
1790194661348,0.7031500000,0.7031700000
1790194661852,0.7031500000,0.7031800000
1790194662253,0.7031600000,0.7031900000
1790194662657,0.7031500000,0.7031900000
1790194663059,0.7031500000,0.7031800000
1790194663461,0.7031500000,0.7031900000
1790194664870,0.7031600000,0.7031900000
1790194665274,0.7031900000,0.7032200000
1790194671235,0.7032000000,0.7032300000
1790194672041,0.7032000000,0.7032400000
1790194672443,0.7032000000,0.7032300000
1790194672848,0.7032100000,0.7032400000
1790194673248,0.7032000000,0.7032300000
1790194674757,0.7032100000,0.7032400000
1790194675159,0.7032200000,0.7032400000
1790194675965,0.7032100000,0.7032400000
1790194679990,0.7032300000,0.7032500000
1790194680391,0.7032300000,0.7032500000
1790194680794,0.7032300000,0.7032600000
1790194682102,0.7032200000,0.7032500000
1790194683409,0.7032100000,0.7032500000
1790194684618,0.7032000000,0.7032300000
1790194685423,0.7032100000,0.7032300000
1790194685825,0.7032000000,0.7032300000
1790194688746,0.7031800000,0.7032200000
1790194690456,0.7031900000,0.7032200000
1790194692066,0.7031800000,0.7032200000
1790194692469,0.7031500000,0.7031800000
1790194692972,0.7031600000,0.7031800000
1790194693375,0.7031500000,0.7031800000
1790194695790,0.7031600000,0.7031800000
1790194697198,0.7031700000,0.7031900000
1790194699210,0.7031600000,0.7031900000
1790194700417,0.7031600000,0.7031800000
1790194704948,0.7031600000,0.7031900000
1790194705450,0.7031700000,0.7031900000
1790194707466,0.7031800000,0.7032000000
1790194708273,0.7031900000,0.7032100000
1790194711290,0.7031700000,0.7032000000
1790194711693,0.7031600000,0.7031900000
1790194712902,0.7031700000,0.7031900000
1790194713907,0.7031800000,0.7032000000
1790194714309,0.7031900000,0.7032200000
1790194715116,0.7031800000,0.7032000000
1790194715619,0.7031700000,0.7032000000
1790194716021,0.7031800000,0.7032000000
1790194717431,0.7031800000,0.7032100000
1790194719242,0.7031900000,0.7032200000
1790194719645,0.7032000000,0.7032200000
1790194720048,0.7031900000,0.7032200000
1790194720452,0.7032000000,0.7032300000
1790194724882,0.7032100000,0.7032300000
1790194725689,0.7032000000,0.7032300000
1790194727904,0.7032100000,0.7032300000
1790194728608,0.7032000000,0.7032300000
1790194729514,0.7032300000,0.7032600000
1790194729917,0.7032400000,0.7032700000
1790194732533,0.7032300000,0.7032700000
1790194733540,0.7032400000,0.7032700000
1790194734043,0.7032300000,0.7032700000
1790194734445,0.7032200000,0.7032600000
1790194735252,0.7032300000,0.7032600000
1790194735654,0.7032400000,0.7032600000
1790194737869,0.7032200000,0.7032500000
1790194738273,0.7032100000,0.7032500000
1790194738676,0.7032000000,0.7032300000
1790194738977,0.7031800000,0.7032100000
1790194739380,0.7031800000,0.7032200000
1790194739783,0.7031800000,0.7032100000
1790194740186,0.7031800000,0.7032100000
1790194740588,0.7031700000,0.7032100000
1790194740991,0.7031700000,0.7032000000
1790194741394,0.7031700000,0.7031900000
1790194742299,0.7031500000,0.7031900000
1790194742701,0.7031500000,0.7031800000
1790194747232,0.7031600000,0.7031800000
1790194747634,0.7031500000,0.7031800000
1790194749347,0.7031700000,0.7031900000
1790194750658,0.7031800000,0.7032100000
1790194751060,0.7031900000,0.7032200000
1790194751462,0.7032000000,0.7032300000
1790194752570,0.7032200000,0.7032400000
1790194752975,0.7032100000,0.7032400000
1790194753880,0.7032200000,0.7032400000
1790194754183,0.7032100000,0.7032400000
1790194754586,0.7032200000,0.7032400000
1790194758815,0.7032400000,0.7032600000
1790194761734,0.7032400000,0.7032800000
1790194764854,0.7032400000,0.7032700000
1790194765257,0.7032500000,0.7032700000
1790194766565,0.7032300000,0.7032500000
1790194766968,0.7032200000,0.7032400000
1790194767370,0.7032100000,0.7032400000
1790194767773,0.7032000000,0.7032300000
1790194768179,0.7031900000,0.7032200000
1790194770191,0.7032000000,0.7032200000
1790194770594,0.7032100000,0.7032300000
1790194770997,0.7032200000,0.7032300000
1790194771399,0.7032100000,0.7032300000
1790194772206,0.7032200000,0.7032300000
1790194772610,0.7032000000,0.7032300000
1790194773414,0.7032100000,0.7032300000
1790194775427,0.7032100000,0.7032400000
1790194775829,0.7032200000,0.7032400000
1790194776234,0.7032100000,0.7032400000
1790194776637,0.7032400000,0.7032700000
1790194777039,0.7032500000,0.7032700000
1790194777644,0.7032400000,0.7032700000
1790194778046,0.7032300000,0.7032500000
1790194778449,0.7032200000,0.7032500000
1790194779959,0.7032200000,0.7032400000
1790194780361,0.7032300000,0.7032600000
1790194781166,0.7032200000,0.7032500000
1790194781570,0.7032100000,0.7032500000
1790194782777,0.7032200000,0.7032500000
1790194783179,0.7032100000,0.7032500000
1790194786903,0.7032000000,0.7032300000
1790194787306,0.7032300000,0.7032500000
1790194788011,0.7032200000,0.7032500000
1790194788816,0.7032300000,0.7032500000
1790194789219,0.7032200000,0.7032500000
1790194789622,0.7032200000,0.7032400000
1790194790830,0.7032300000,0.7032400000
1790194791232,0.7032200000,0.7032400000
1790194791836,0.7032300000,0.7032400000
1790194792239,0.7032400000,0.7032600000
1790194792642,0.7032400000,0.7032700000
1790194793548,0.7032400000,0.7032500000
1790194794958,0.7032300000,0.7032500000
1790194797373,0.7032200000,0.7032500000
1790194798180,0.7032100000,0.7032300000
1790194798582,0.7031900000,0.7032100000
1790194799991,0.7031800000,0.7032100000
1790194800393,0.7031800000,0.7032100000
1790194802005,0.7031700000,0.7031900000
1790194802810,0.7031600000,0.7031900000
1790194803212,0.7031600000,0.7031800000
1790194804923,0.7031600000,0.7031900000
1790194805727,0.7031600000,0.7031800000
1790194806129,0.7031500000,0.7031800000
1790194806633,0.7031600000,0.7031800000
1790194807035,0.7031600000,0.7031900000
1790194808748,0.7031900000,0.7032000000
1790194809150,0.7031700000,0.7032000000
1790194809552,0.7031700000,0.7031900000
1790194809955,0.7031700000,0.7032000000
1790194812975,0.7031800000,0.7032000000
1790194813780,0.7032000000,0.7032200000
1790194814182,0.7032100000,0.7032300000
1790194814585,0.7032000000,0.7032300000
1790194815390,0.7032100000,0.7032300000
1790194821126,0.7032000000,0.7032300000
1790194822637,0.7032100000,0.7032400000
1790194824650,0.7032200000,0.7032400000
1790194826362,0.7032100000,0.7032400000
1790194826763,0.7032200000,0.7032400000
1790194827167,0.7032300000,0.7032500000
1790194827570,0.7032100000,0.7032400000
1790194827972,0.7032300000,0.7032400000
1790194828378,0.7032200000,0.7032400000
1790194830290,0.7032100000,0.7032400000
1790194832405,0.7032200000,0.7032400000
1790194836128,0.7032100000,0.7032400000
1790194836530,0.7032200000,0.7032400000
1790194839953,0.7032100000,0.7032400000
1790194840356,0.7032200000,0.7032400000
1790194841666,0.7032200000,0.7032500000
1790194842067,0.7032200000,0.7032400000
1790194843477,0.7032100000,0.7032400000
1790194843881,0.7032200000,0.7032400000
1790194844282,0.7032100000,0.7032400000
1790194845590,0.7032300000,0.7032600000
1790194845993,0.7032200000,0.7032600000
1790194848106,0.7032300000,0.7032600000
1790194849315,0.7032500000,0.7032700000
1790194850120,0.7032600000,0.7032800000
1790194850523,0.7032800000,0.7032900000
1790194851629,0.7032800000,0.7033000000
1790194852434,0.7032900000,0.7033100000
1790194855051,0.7032800000,0.7033000000
1790194856560,0.7032900000,0.7033100000
1790194857768,0.7033200000,0.7033400000
1790194860083,0.7033200000,0.7033400000
1790194863507,0.7033100000,0.7033400000
1790194865922,0.7033400000,0.7033600000
1790194866224,0.7033400000,0.7033700000
1790194866627,0.7033100000,0.7033400000
1790194867030,0.7033000000,0.7033200000
1790194867432,0.7032800000,0.7033100000
1790194867836,0.7032700000,0.7032900000
1790194868641,0.7032800000,0.7033000000
1790194869850,0.7032700000,0.7032900000
1790194873874,0.7032800000,0.7033000000
1790194874277,0.7032900000,0.7033200000
1790194874680,0.7033100000,0.7033300000
1790194877902,0.7032800000,0.7033000000
1790194878607,0.7032700000,0.7033000000
1790194879010,0.7032700000,0.7032900000
1790194882432,0.7032800000,0.7033100000
1790194887262,0.7033200000,0.7033400000
1790194901765,0.7033100000,0.7033400000
1790194904281,0.7033200000,0.7033400000
1790194906495,0.7033100000,0.7033300000
1790194910520,0.7033200000,0.7033400000
1790194914045,0.7033200000,0.7033500000
1790194914447,0.7033300000,0.7033500000
1790194920184,0.7033300000,0.7033500000
1790194921794,0.7033400000,0.7033600000
1790194922196,0.7033300000,0.7033500000
1790194923201,0.7033000000,0.7033200000
1790194923604,0.7032800000,0.7033100000
1790194924812,0.7032800000,0.7033000000
1790194925215,0.7032800000,0.7033100000
1790194929743,0.7033000000,0.7033200000
1790194930145,0.7033100000,0.7033300000
1790194930950,0.7033200000,0.7033400000
1790194933264,0.7033300000,0.7033400000
1790194933666,0.7033300000,0.7033500000
1790194939003,0.7033200000,0.7033400000
1790194944341,0.7033200000,0.7033500000
1790194944743,0.7033300000,0.7033500000
1790194947160,0.7033200000,0.7033400000
1790194950785,0.7033300000,0.7033400000
1790194951187,0.7033300000,0.7033500000
1790194973935,0.7033200000,0.7033400000
1790194977761,0.7032900000,0.7033200000
1790194978164,0.7033000000,0.7033200000
1790194980882,0.7033000000,0.7033200000
1790194981285,0.7033100000,0.7033300000
1790194982493,0.7033300000,0.7033500000
1790194982896,0.7033200000,0.7033500000
1790194984908,0.7033200000,0.7033400000
1790194985312,0.7033200000,0.7033500000
1790194988532,0.7033200000,0.7033400000
1790194989841,0.7033200000,0.7033500000
1790194991450,0.7033100000,0.7033300000
1790194994770,0.7033200000,0.7033300000
1790194995175,0.7033200000,0.7033400000
1790194996081,0.7033100000,0.7033300000
1790195001115,0.7033200000,0.7033300000
1790195003127,0.7033200000,0.7033400000
1790195003530,0.7033300000,0.7033400000
1790195003932,0.7033200000,0.7033400000
1790195004838,0.7033300000,0.7033400000
1790195007656,0.7033200000,0.7033400000
1790195008158,0.7033300000,0.7033400000
1790195008561,0.7033400000,0.7033600000
1790195008966,0.7033300000,0.7033600000
1790195009469,0.7033400000,0.7033600000
1790195010274,0.7033500000,0.7033700000
1790195011482,0.7033300000,0.7033600000
1790195012690,0.7033200000,0.7033500000
1790195013091,0.7033200000,0.7033400000
1790195020338,0.7033100000,0.7033300000
1790195021143,0.7033000000,0.7033200000
1790195021547,0.7033200000,0.7033400000
1790195023959,0.7033100000,0.7033300000
1790195024362,0.7032800000,0.7033000000
1790195024764,0.7032900000,0.7033000000
1790195027783,0.7033000000,0.7033100000
1790195028287,0.7032800000,0.7033000000
1790195031608,0.7032700000,0.7032900000
1790195040373,0.7032700000,0.7032900000
1790195040775,0.7032600000,0.7032800000
1790195043392,0.7032100000,0.7032300000
1790195043794,0.7032000000,0.7032300000
1790195044197,0.7031900000,0.7032200000
1790195044599,0.7032000000,0.7032300000
1790195045404,0.7032100000,0.7032400000
1790195045909,0.7032100000,0.7032300000
1790195046311,0.7031900000,0.7032100000
1790195047115,0.7031800000,0.7032000000
1790195051241,0.7031900000,0.7032000000
1790195051947,0.7031800000,0.7032000000
1790195053757,0.7031900000,0.7032000000
1790195054159,0.7031800000,0.7032000000
1790195055870,0.7031900000,0.7032000000
1790195056273,0.7031800000,0.7032000000
1790195057078,0.7031700000,0.7031900000
1790195058285,0.7031800000,0.7031900000
1790195059292,0.7031800000,0.7032000000
1790195067242,0.7031700000,0.7032000000
1790195068450,0.7031800000,0.7032000000
1790195069257,0.7031700000,0.7032000000
1790195071269,0.7031800000,0.7032000000
1790195071974,0.7031700000,0.7032000000
1790195072376,0.7031900000,0.7032100000
1790195072780,0.7031700000,0.7032000000
1790195073784,0.7031800000,0.7032000000
1790195074993,0.7031700000,0.7032000000
1790195076100,0.7031900000,0.7032000000
1790195079525,0.7032000000,0.7032200000
1790195079928,0.7032100000,0.7032300000
1790195081538,0.7032000000,0.7032300000
1790195081941,0.7032000000,0.7032200000
1790195088386,0.7032000000,0.7032300000
1790195089090,0.7032000000,0.7032200000
1790195089494,0.7031900000,0.7032200000
1790195090601,0.7031800000,0.7032200000
1790195091002,0.7031800000,0.7032000000
1790195094322,0.7031900000,0.7032000000
1790195096839,0.7031800000,0.7032000000
1790195100360,0.7031600000,0.7031800000
1790195100763,0.7031300000,0.7031500000
1790195101265,0.7031400000,0.7031500000
1790195101668,0.7031300000,0.7031500000
1790195102474,0.7031400000,0.7031500000
1790195102878,0.7031700000,0.7031900000
1790195103278,0.7032000000,0.7032300000
1790195104486,0.7032200000,0.7032400000
1790195104888,0.7032000000,0.7032200000
1790195105291,0.7031900000,0.7032200000
1790195105694,0.7032000000,0.7032200000
1790195107103,0.7032000000,0.7032300000
1790195107507,0.7032100000,0.7032400000
1790195108311,0.7031800000,0.7032000000
1790195113546,0.7031800000,0.7032100000
1790195114048,0.7031800000,0.7032000000
1790195117268,0.7031500000,0.7031800000
1790195118073,0.7031700000,0.7031900000
1790195120086,0.7031800000,0.7032000000
1790195132061,0.7031900000,0.7032000000
1790195132463,0.7031800000,0.7032000000
1790195140313,0.7031500000,0.7031800000
1790195140716,0.7031300000,0.7031500000
1790195143235,0.7031400000,0.7031600000
1790195143636,0.7031300000,0.7031500000
1790195144745,0.7031500000,0.7031600000
1790195145146,0.7031600000,0.7031700000
1790195145549,0.7031700000,0.7031900000
1790195145952,0.7031500000,0.7031700000
1790195146354,0.7031200000,0.7031400000
1790195147460,0.7030900000,0.7031100000
1790195148568,0.7031200000,0.7031400000
1790195150179,0.7031300000,0.7031400000
1790195151890,0.7031200000,0.7031400000
1790195154808,0.7031300000,0.7031400000
1790195160143,0.7031300000,0.7031400000
1790195161553,0.7031200000,0.7031400000
1790195161954,0.7030800000,0.7031000000
1790195162759,0.7030900000,0.7031100000
1790195165476,0.7030900000,0.7031000000
1790195166180,0.7030900000,0.7031100000
1790195173830,0.7030500000,0.7030800000
1790195175138,0.7030600000,0.7030800000
1790195175541,0.7030700000,0.7030900000
1790195176446,0.7030500000,0.7030800000
1790195176849,0.7030400000,0.7030700000
1790195180573,0.7030300000,0.7030500000
1790195181881,0.7030400000,0.7030500000
1790195182283,0.7030300000,0.7030500000
1790195185606,0.7030400000,0.7030500000
1790195186009,0.7030400000,0.7030600000
1790195187216,0.7030400000,0.7030500000
1790195187619,0.7030300000,0.7030500000
1790195189231,0.7030700000,0.7030900000
1790195190843,0.7030800000,0.7031000000
1790195199800,0.7030700000,0.7030900000
1790195201007,0.7030800000,0.7031000000
1790195203423,0.7030900000,0.7031100000
1790195209869,0.7030900000,0.7031200000
1790195210272,0.7031200000,0.7031500000
1790195213393,0.7031200000,0.7031400000
1790195216007,0.7031300000,0.7031400000
1790195217616,0.7031200000,0.7031400000
1790195221140,0.7031200000,0.7031400000
1790195221542,0.7031300000,0.7031400000
1790195221945,0.7031300000,0.7031500000
1790195224663,0.7031200000,0.7031500000
1790195226072,0.7031300000,0.7031500000
1790195226474,0.7031400000,0.7031600000
1790195233924,0.7031500000,0.7031700000
1790195235534,0.7031500000,0.7031600000
1790195237144,0.7031300000,0.7031600000
1790195238353,0.7031300000,0.7031500000
1790195238856,0.7031300000,0.7031600000
1790195239259,0.7031200000,0.7031400000
1790195239662,0.7031300000,0.7031400000
1790195240065,0.7031200000,0.7031400000
1790195240870,0.7031300000,0.7031500000
1790195244191,0.7031400000,0.7031500000
1790195244593,0.7031300000,0.7031500000
1790195248217,0.7031400000,0.7031500000
1790195248620,0.7031400000,0.7031700000
1790195256673,0.7031700000,0.7031900000
1790195257478,0.7031800000,0.7032000000
1790195263114,0.7031900000,0.7032000000
1790195263516,0.7031800000,0.7032000000
1790195263918,0.7031900000,0.7032000000
1790195265024,0.7031800000,0.7032000000
1790195267865,0.7031900000,0.7032100000
1790195269980,0.7031800000,0.7032100000
1790195270382,0.7031900000,0.7032100000
1790195270785,0.7031800000,0.7032100000
1790195271992,0.7031800000,0.7032000000
1790195272394,0.7031500000,0.7031800000
1790195272797,0.7031400000,0.7031600000
1790195276420,0.7031300000,0.7031600000
1790195276823,0.7031300000,0.7031500000
1790195277226,0.7031200000,0.7031400000
1790195280446,0.7031200000,0.7031400000
1790195280848,0.7031000000,0.7031200000
1790195282058,0.7030800000,0.7031000000
1790195282864,0.7030900000,0.7031000000
1790195284674,0.7030900000,0.7031100000
1790195285077,0.7031000000,0.7031100000
1790195286385,0.7030900000,0.7031100000
1790195293732,0.7030700000,0.7030900000
1790195297557,0.7030500000,0.7030700000
1790195302286,0.7030800000,0.7030900000
1790195302689,0.7030800000,0.7031000000
1790195303797,0.7030900000,0.7031000000
1790195305004,0.7030800000,0.7031000000
1790195305809,0.7030400000,0.7030600000
1790195306211,0.7030500000,0.7030700000
1790195307620,0.7030400000,0.7030600000
1790195309534,0.7030500000,0.7030700000
1790195310540,0.7030600000,0.7030800000
1790195311244,0.7030600000,0.7030900000
1790195311646,0.7030700000,0.7030900000
1790195314466,0.7030800000,0.7031000000
1790195314868,0.7030800000,0.7030900000
1790195315271,0.7030900000,0.7031000000
1790195315673,0.7030800000,0.7031000000
1790195316882,0.7030700000,0.7030900000
1790195320607,0.7030600000,0.7030800000
1790195321412,0.7030700000,0.7030900000
1790195321814,0.7030800000,0.7030900000
1790195322719,0.7030700000,0.7030900000
1790195324531,0.7030700000,0.7030800000
1790195324934,0.7030600000,0.7030800000
1790195326745,0.7030500000,0.7030700000
1790195327148,0.7030400000,0.7030600000
1790195330369,0.7030400000,0.7030500000
1790195330772,0.7030400000,0.7030600000
1790195335202,0.7030300000,0.7030500000
1790195338019,0.7030400000,0.7030500000
1790195338422,0.7030300000,0.7030500000
1790195340738,0.7030300000,0.7030500000
1790195341140,0.7030400000,0.7030600000
1790195342552,0.7030300000,0.7030600000
1790195342955,0.7030200000,0.7030500000
1790195343761,0.7030400000,0.7030500000
1790195344364,0.7030400000,0.7030600000
1790195344766,0.7030500000,0.7030600000
1790195345168,0.7030400000,0.7030600000
1790195346074,0.7030300000,0.7030500000
1790195346477,0.7030200000,0.7030500000
1790195346879,0.7030300000,0.7030500000
1790195347282,0.7030200000,0.7030500000
1790195349697,0.7030300000,0.7030500000
1790195350099,0.7030400000,0.7030500000
1790195352615,0.7030400000,0.7030600000
1790195354226,0.7030300000,0.7030500000
1790195355534,0.7030400000,0.7030600000
1790195360870,0.7030700000,0.7031000000
1790195361273,0.7030800000,0.7031000000
1790195362078,0.7030800000,0.7031100000
1790195366205,0.7030700000,0.7031000000
1790195366608,0.7030700000,0.7030900000
1790195367916,0.7030700000,0.7031000000
1790195368319,0.7030500000,0.7030700000
1790195370333,0.7030600000,0.7030800000
1790195377684,0.7030400000,0.7030600000
1790195380300,0.7030800000,0.7031000000
1790195382313,0.7030900000,0.7031000000
1790195382716,0.7031000000,0.7031200000
1790195384024,0.7031100000,0.7031300000
1790195384426,0.7031000000,0.7031200000
1790195384829,0.7031100000,0.7031300000
1790195386038,0.7031000000,0.7031200000
1790195387447,0.7030900000,0.7031100000
1790195389057,0.7031000000,0.7031100000
1790195389459,0.7031200000,0.7031400000
1790195389862,0.7031300000,0.7031500000
1790195391773,0.7031200000,0.7031400000
1790195397509,0.7031600000,0.7031800000
1790195400127,0.7031600000,0.7031800000
1790195400530,0.7031400000,0.7031600000
1790195404054,0.7031300000,0.7031500000
1790195411400,0.7031300000,0.7031600000
1790195411903,0.7031400000,0.7031600000
1790195418445,0.7031300000,0.7031500000
1790195423177,0.7031400000,0.7031600000
1790195426499,0.7031400000,0.7031500000
1790195426902,0.7031400000,0.7031600000
1790195428109,0.7031200000,0.7031400000
1790195428511,0.7031300000,0.7031500000
1790195431634,0.7031400000,0.7031600000
1790195432037,0.7031800000,0.7032000000
1790195433848,0.7031600000,0.7031800000
1790195436062,0.7031400000,0.7031600000
1790195437370,0.7031300000,0.7031500000
1790195439384,0.7031200000,0.7031400000
1790195441598,0.7031300000,0.7031400000
1790195442001,0.7031300000,0.7031500000
1790195455390,0.7031300000,0.7031600000
1790195455794,0.7031400000,0.7031600000
1790195456195,0.7031800000,0.7032000000
1790195456598,0.7031600000,0.7031900000
1790195458310,0.7031600000,0.7031800000
1790195459316,0.7031600000,0.7031900000
1790195460120,0.7031600000,0.7031900000
1790195462739,0.7031500000,0.7031700000
1790195464147,0.7031400000,0.7031700000
1790195464550,0.7031400000,0.7031600000
1790195464953,0.7031500000,0.7031600000
1790195465357,0.7031400000,0.7031600000
1790195473915,0.7031500000,0.7031600000
1790195474318,0.7031400000,0.7031600000
1790195475626,0.7031500000,0.7031600000
1790195476029,0.7031800000,0.7031900000
1790195476431,0.7031600000,0.7031900000
1790195481465,0.7031700000,0.7032100000
1790195482973,0.7031800000,0.7032100000
1790195483778,0.7031700000,0.7032100000
1790195484784,0.7031800000,0.7032100000
1790195485187,0.7031400000,0.7031700000
1790195485992,0.7031400000,0.7031600000
1790195486394,0.7031400000,0.7031700000
1790195486797,0.7031400000,0.7031600000
1790195487602,0.7031200000,0.7031600000
1790195488004,0.7031300000,0.7031700000
1790195488407,0.7031400000,0.7031600000
1790195490219,0.7031400000,0.7031700000
1790195490622,0.7031400000,0.7031600000
1790195491630,0.7031400000,0.7031700000
1790195496663,0.7031600000,0.7032000000
1790195497066,0.7031600000,0.7031900000
1790195498273,0.7031700000,0.7032000000
1790195499079,0.7031600000,0.7031800000
1790195499481,0.7031400000,0.7031700000
1790195502602,0.7031500000,0.7031800000
1790195503106,0.7031600000,0.7031800000
1790195503508,0.7031400000,0.7031700000
1790195505521,0.7031400000,0.7031800000
1790195505924,0.7031500000,0.7031800000
1790195507132,0.7031400000,0.7031700000
1790195509247,0.7031500000,0.7031700000
1790195510455,0.7031500000,0.7031800000
1790195514983,0.7031400000,0.7031700000
1790195519410,0.7031300000,0.7031700000
1790195519813,0.7031400000,0.7031700000
1790195520217,0.7031300000,0.7031600000
1790195521122,0.7030700000,0.7030900000
1790195521526,0.7030600000,0.7030900000
1790195521929,0.7030500000,0.7030700000
1790195522331,0.7030300000,0.7030600000
1790195522733,0.7030100000,0.7030400000
1790195523137,0.7030100000,0.7030300000
1790195523539,0.7030000000,0.7030200000
1790195523942,0.7029900000,0.7030200000
1790195524746,0.7030000000,0.7030200000
1790195525149,0.7030100000,0.7030500000
1790195525552,0.7030100000,0.7030400000
1790195527967,0.7029900000,0.7030100000
1790195528370,0.7029900000,0.7030200000
1790195530885,0.7029800000,0.7030100000
1790195532094,0.7029800000,0.7030200000
1790195533101,0.7029800000,0.7030100000
1790195536222,0.7029800000,0.7030200000
1790195536624,0.7029900000,0.7030200000
1790195537429,0.7029800000,0.7030100000
1790195538639,0.7029800000,0.7030000000
1790195539044,0.7029800000,0.7030100000
1790195543773,0.7030000000,0.7030200000
1790195545483,0.7030000000,0.7030100000
1790195545886,0.7030000000,0.7030200000
1790195547999,0.7029900000,0.7030200000
1790195549207,0.7030000000,0.7030200000
1790195550619,0.7030000000,0.7030300000
1790195551022,0.7030300000,0.7030600000
1790195551425,0.7030100000,0.7030300000
1790195552028,0.7030100000,0.7030400000
1790195552431,0.7030100000,0.7030300000
1790195552833,0.7030200000,0.7030400000
1790195554044,0.7030200000,0.7030500000
1790195556459,0.7030200000,0.7030400000
1790195556862,0.7030200000,0.7030300000
1790195558070,0.7030200000,0.7030400000
1790195560686,0.7030300000,0.7030500000
1790195561692,0.7030500000,0.7030700000
1790195562699,0.7030400000,0.7030600000
1790195563101,0.7030400000,0.7030700000
1790195564612,0.7030500000,0.7030800000
1790195565015,0.7030500000,0.7030700000
1790195567026,0.7030400000,0.7030600000
1790195567831,0.7030100000,0.7030300000
1790195568335,0.7030100000,0.7030400000
1790195570248,0.7029900000,0.7030100000
1790195571657,0.7030000000,0.7030100000
1790195572059,0.7029900000,0.7030200000
1790195572461,0.7030000000,0.7030200000
1790195572864,0.7030200000,0.7030600000
1790195573266,0.7030200000,0.7030500000
1790195574071,0.7030300000,0.7030500000
1790195574473,0.7030300000,0.7030700000
1790195575682,0.7030300000,0.7030600000
1790195576487,0.7030300000,0.7030700000
1790195576890,0.7030400000,0.7030700000
1790195578905,0.7030300000,0.7030600000
1790195579810,0.7030400000,0.7030700000
1790195580212,0.7030400000,0.7030700000
1790195582124,0.7030300000,0.7030600000
1790195582527,0.7029900000,0.7030200000
1790195582930,0.7029800000,0.7030100000
1790195583935,0.7029800000,0.7030200000
1790195586148,0.7029800000,0.7030100000
1790195586551,0.7029900000,0.7030100000
1790195586953,0.7029900000,0.7030200000
1790195587356,0.7029400000,0.7029700000
1790195591282,0.7029600000,0.7029900000
1790195591684,0.7029600000,0.7030000000
1790195592090,0.7029600000,0.7029900000
1790195592491,0.7029700000,0.7030000000
1790195593296,0.7029600000,0.7029900000
1790195600344,0.7029700000,0.7030000000
1790195601149,0.7029600000,0.7029800000
1790195601552,0.7029600000,0.7029900000
1790195602357,0.7029400000,0.7029700000
1790195602760,0.7029300000,0.7029600000
1790195603364,0.7029300000,0.7029700000
1790195604974,0.7029300000,0.7029600000
1790195605276,0.7029300000,0.7029700000
1790195606686,0.7029300000,0.7029600000
1790195610813,0.7029300000,0.7029500000
1790195611517,0.7029300000,0.7029600000
1790195612322,0.7029400000,0.7029600000
1790195613228,0.7029300000,0.7029600000
1790195615844,0.7029500000,0.7029700000
1790195616748,0.7029800000,0.7030100000
1790195619969,0.7029900000,0.7030100000
1790195620372,0.7029900000,0.7030200000
1790195621177,0.7029800000,0.7030100000
1790195623994,0.7030000000,0.7030200000
1790195625504,0.7030000000,0.7030300000
1790195625907,0.7030200000,0.7030500000
1790195626712,0.7030200000,0.7030400000
1790195627114,0.7030200000,0.7030500000
1790195627919,0.7030200000,0.7030600000
1790195628324,0.7030200000,0.7030500000
1790195629129,0.7030200000,0.7030600000
1790195630841,0.7030300000,0.7030600000
1790195635674,0.7030400000,0.7030700000
1790195641715,0.7030400000,0.7030600000
1790195642117,0.7030300000,0.7030600000
1790195643023,0.7030400000,0.7030600000
1790195643426,0.7030400000,0.7030700000
1790195645641,0.7030700000,0.7031000000
1790195649263,0.7030800000,0.7031200000
1790195649665,0.7030800000,0.7031100000
1790195651778,0.7030700000,0.7030900000
1790195652181,0.7030600000,0.7030900000
1790195652584,0.7030700000,0.7031000000
1790195652986,0.7030700000,0.7031100000
1790195653389,0.7030900000,0.7031100000
1790195653791,0.7030900000,0.7031200000
1790195655401,0.7030900000,0.7031100000
1790195656206,0.7030900000,0.7031200000
1790195661038,0.7030900000,0.7031100000
1790195661440,0.7030900000,0.7031200000
1790195665063,0.7030900000,0.7031100000
1790195666271,0.7030800000,0.7031000000
1790195666673,0.7030800000,0.7030900000
1790195667076,0.7030400000,0.7030700000
1790195669693,0.7030300000,0.7030600000
1790195670096,0.7030300000,0.7030700000
1790195670903,0.7030500000,0.7030800000
1790195674526,0.7030700000,0.7031000000
1790195674929,0.7030800000,0.7031100000
1790195677344,0.7030800000,0.7031200000
1790195679561,0.7030800000,0.7031100000
1790195679964,0.7030700000,0.7030900000
1790195680366,0.7030700000,0.7031000000
1790195681574,0.7030700000,0.7030900000
1790195683888,0.7030600000,0.7030900000
1790195688116,0.7030700000,0.7031000000
1790195688519,0.7030900000,0.7031300000
1790195688921,0.7030900000,0.7031200000
1790195689726,0.7030900000,0.7031100000
1790195690634,0.7030800000,0.7031100000
1790195696571,0.7030600000,0.7030900000
1790195697879,0.7030600000,0.7030800000
1790195698282,0.7030400000,0.7030700000
1790195699690,0.7030300000,0.7030700000
1790195700093,0.7029800000,0.7030200000
1790195700496,0.7029800000,0.7030100000
1790195701302,0.7029800000,0.7030200000
1790195703720,0.7029400000,0.7029700000
1790195704121,0.7029300000,0.7029700000
1790195705832,0.7029300000,0.7029600000
1790195706234,0.7029400000,0.7029700000
1790195710259,0.7029500000,0.7029700000
1790195710662,0.7029700000,0.7030000000
1790195711065,0.7029400000,0.7029700000
1790195712373,0.7029300000,0.7029700000
1790195712776,0.7029400000,0.7029700000
1790195713178,0.7029500000,0.7029700000
1790195714385,0.7029500000,0.7029800000
1790195715492,0.7029300000,0.7029700000
1790195715895,0.7029200000,0.7029500000
1790195716297,0.7029100000,0.7029300000
1790195716700,0.7029000000,0.7029300000
1790195717505,0.7028900000,0.7029200000
1790195722033,0.7029000000,0.7029200000
1790195722437,0.7029300000,0.7029700000
1790195722839,0.7029300000,0.7029600000
1790195724047,0.7029300000,0.7029700000
1790195724952,0.7029300000,0.7029600000
1790195725354,0.7029400000,0.7029700000
1790195727266,0.7029700000,0.7030100000
1790195727669,0.7029700000,0.7030000000
1790195728071,0.7029700000,0.7029900000
1790195728474,0.7029700000,0.7030000000
1790195729883,0.7029800000,0.7030100000
1790195731899,0.7029700000,0.7030000000
1790195732301,0.7029800000,0.7030100000
1790195733509,0.7029700000,0.7029900000
1790195734314,0.7029500000,0.7029700000
1790195735119,0.7029400000,0.7029600000
1790195736125,0.7029500000,0.7029600000
1790195736527,0.7029600000,0.7029900000
1790195737333,0.7029600000,0.7030000000
1790195737736,0.7029600000,0.7029900000
1790195739044,0.7029400000,0.7029600000
1790195739446,0.7029400000,0.7029700000
1790195740654,0.7029400000,0.7029600000
1790195741057,0.7029400000,0.7029700000
1790195743371,0.7029400000,0.7029600000
1790195745685,0.7029400000,0.7029500000
1790195746088,0.7029400000,0.7029600000
1790195747497,0.7029400000,0.7029700000
1790195748303,0.7029400000,0.7029600000
1790195749310,0.7029300000,0.7029500000
1790195749712,0.7029300000,0.7029600000
1790195750116,0.7029400000,0.7029600000
1790195751726,0.7029300000,0.7029600000
1790195754344,0.7029400000,0.7029700000
1790195756456,0.7029400000,0.7029600000
1790195758169,0.7029400000,0.7029700000
1790195758974,0.7029600000,0.7029700000
1790195759377,0.7029400000,0.7029600000
1790195760484,0.7029400000,0.7029600000
1790195760887,0.7029300000,0.7029500000
1790195762195,0.7029400000,0.7029600000
1790195765415,0.7029300000,0.7029600000
1790195765818,0.7029300000,0.7029500000
1790195766221,0.7029300000,0.7029600000
1790195777193,0.7029400000,0.7029600000
1790195780012,0.7029400000,0.7029700000
1790195781721,0.7029400000,0.7029600000
1790195782125,0.7029000000,0.7029300000
1790195782528,0.7029000000,0.7029200000
1790195783333,0.7029100000,0.7029400000
1790195785345,0.7029000000,0.7029200000
1790195789472,0.7028900000,0.7029100000
1790195789875,0.7029000000,0.7029300000
1790195790277,0.7029200000,0.7029400000
1790195794506,0.7029200000,0.7029300000
1790195794909,0.7028900000,0.7029200000
1790195797123,0.7028800000,0.7029000000
1790195797927,0.7028900000,0.7029000000
1790195799539,0.7028900000,0.7029200000
1790195799943,0.7029000000,0.7029200000
1790195801853,0.7028900000,0.7029200000
1790195803061,0.7029000000,0.7029200000
1790195806178,0.7028900000,0.7029200000
1790195807589,0.7029000000,0.7029200000
1790195808898,0.7029100000,0.7029300000
1790195811413,0.7029200000,0.7029300000
1790195811816,0.7029200000,0.7029400000
1790195818561,0.7029300000,0.7029500000
1790195820977,0.7029300000,0.7029500000
1790195822384,0.7029200000,0.7029400000
1790195825203,0.7029400000,0.7029600000
1790195825606,0.7029500000,0.7029600000
1790195826008,0.7029500000,0.7029700000
1790195826813,0.7029600000,0.7029900000
1790195827216,0.7029700000,0.7029900000
1790195827619,0.7029600000,0.7029900000
1790195829031,0.7029400000,0.7029600000
1790195829433,0.7029300000,0.7029500000
1790195830237,0.7029400000,0.7029500000
1790195831646,0.7029400000,0.7029600000
1790195832048,0.7029500000,0.7029700000
1790195833458,0.7029700000,0.7029900000
1790195833861,0.7029800000,0.7030000000
1790195836982,0.7029900000,0.7030000000
1790195837383,0.7030000000,0.7030200000
1790195838188,0.7030000000,0.7030100000
1790195838591,0.7029900000,0.7030100000
1790195844430,0.7029800000,0.7030100000
1790195844833,0.7029800000,0.7029900000
1790195845235,0.7029600000,0.7029900000
1790195845638,0.7029700000,0.7030000000
1790195847248,0.7029700000,0.7029900000
1790195847651,0.7029600000,0.7029800000
1790195848054,0.7029400000,0.7029600000
1790195849059,0.7029300000,0.7029500000
1790195849462,0.7028800000,0.7029100000
1790195854695,0.7028900000,0.7029200000
1790195857212,0.7028800000,0.7029000000
1790195858621,0.7028900000,0.7029200000
1790195863453,0.7029200000,0.7029400000
1790195864962,0.7029300000,0.7029400000
1790195865367,0.7029300000,0.7029500000
1790195879685,0.7029400000,0.7029600000
1790195880088,0.7029400000,0.7029600000
1790195891765,0.7029300000,0.7029500000
1790195892167,0.7029200000,0.7029400000
1790195892973,0.7029100000,0.7029300000
1790195895488,0.7029100000,0.7029400000
1790195895891,0.7029200000,0.7029400000
1790195914311,0.7028900000,0.7029200000
1790195915417,0.7029000000,0.7029200000
1790195915820,0.7028900000,0.7029200000
1790195916827,0.7028900000,0.7029300000
1790195917128,0.7029100000,0.7029400000
1790195920148,0.7029100000,0.7029300000
1790195920552,0.7028900000,0.7029200000
1790195921558,0.7028800000,0.7029000000
1790195921960,0.7028800000,0.7029100000
1790195922766,0.7028800000,0.7029200000
1790195924374,0.7028800000,0.7029100000
1790195927494,0.7028700000,0.7029000000
1790195928300,0.7028800000,0.7029100000
1790195928702,0.7028900000,0.7029100000
1790195930513,0.7028800000,0.7029100000
1790195932728,0.7028900000,0.7029100000
1790195933130,0.7028800000,0.7029100000
1790195933936,0.7028900000,0.7029200000
1790195934539,0.7029000000,0.7029200000
1790195936551,0.7028900000,0.7029200000
1790195940275,0.7029000000,0.7029300000
1790195941282,0.7029000000,0.7029200000
1790195942893,0.7029000000,0.7029300000
1790195944805,0.7029000000,0.7029200000
1790195946213,0.7029000000,0.7029300000
1790195947926,0.7029100000,0.7029300000
1790195948330,0.7028900000,0.7029200000
1790195949840,0.7028900000,0.7029100000
1790195950344,0.7028900000,0.7029200000
1790195951149,0.7028900000,0.7029100000
1790195951652,0.7028900000,0.7029200000
1790195952458,0.7028800000,0.7029100000
1790195956886,0.7028800000,0.7029000000
1790195957289,0.7028700000,0.7028900000
1790195957691,0.7028500000,0.7028800000
1790195958095,0.7028400000,0.7028700000
1790195959705,0.7028300000,0.7028700000
1790195960712,0.7028300000,0.7028600000
1790195961114,0.7028300000,0.7028700000
1790195961517,0.7028300000,0.7028600000
1790195962725,0.7028300000,0.7028700000
1790195964536,0.7028300000,0.7028600000
1790195965139,0.7028300000,0.7028500000
1790195965542,0.7028200000,0.7028500000
1790195965844,0.7028100000,0.7028300000
1790195966246,0.7028000000,0.7028300000
1790195968160,0.7028100000,0.7028300000
1790195968964,0.7028000000,0.7028300000
1790195969366,0.7027900000,0.7028200000
1790195969769,0.7028000000,0.7028200000
1790195970171,0.7028100000,0.7028300000
1790195971177,0.7027900000,0.7028200000
1790195971985,0.7027900000,0.7028100000
1790195973597,0.7027900000,0.7028200000
1790195974401,0.7027900000,0.7028100000
1790195978023,0.7027800000,0.7028100000
1790195979030,0.7027400000,0.7027700000
1790195979836,0.7027500000,0.7027700000
1790195980238,0.7027500000,0.7027800000
1790195981747,0.7027500000,0.7027700000
1790195982049,0.7027400000,0.7027800000
1790195982554,0.7027200000,0.7027500000
1790195982955,0.7027200000,0.7027600000
1790195983763,0.7027300000,0.7027600000
1790195984769,0.7027000000,0.7027400000
1790195985172,0.7026900000,0.7027300000
1790195985979,0.7027000000,0.7027300000
1790195986684,0.7027000000,0.7027400000
1790195987087,0.7027100000,0.7027400000
1790195987892,0.7026900000,0.7027200000
1790195989099,0.7026900000,0.7027100000
1790195989502,0.7026800000,0.7027100000
1790195991817,0.7026700000,0.7027000000
1790195992220,0.7026800000,0.7027100000
1790195993428,0.7026800000,0.7027200000
1790195994837,0.7026800000,0.7027100000
1790195996446,0.7026800000,0.7027000000
1790195998662,0.7026900000,0.7027000000
1790195999467,0.7027000000,0.7027100000
1790195999870,0.7026900000,0.7027100000
1790196000272,0.7027000000,0.7027100000
1790196001078,0.7027000000,0.7027300000
1790196002286,0.7027100000,0.7027300000
1790196002990,0.7027000000,0.7027300000
1790196004197,0.7027100000,0.7027300000
1790196004801,0.7027000000,0.7027300000
1790196005606,0.7027000000,0.7027200000
1790196006008,0.7027000000,0.7027300000
1790196006410,0.7027100000,0.7027300000
1790196009832,0.7027000000,0.7027300000
1790196010234,0.7027100000,0.7027300000
1790196012247,0.7027100000,0.7027400000
1790196012649,0.7026800000,0.7027000000
1790196013052,0.7026900000,0.7027000000
1790196013656,0.7026800000,0.7027000000
1790196014965,0.7027300000,0.7027500000
1790196018487,0.7027600000,0.7027700000
1790196018890,0.7027500000,0.7027700000
1790196020198,0.7027400000,0.7027700000
1790196020601,0.7027300000,0.7027500000
1790196021809,0.7027300000,0.7027600000
1790196026640,0.7027400000,0.7027700000
1790196027043,0.7027500000,0.7027800000
1790196027445,0.7027500000,0.7027900000
1790196027848,0.7027600000,0.7027900000
1790196028452,0.7027500000,0.7027900000
1790196029257,0.7027600000,0.7028000000
1790196030667,0.7027700000,0.7028000000
1790196031471,0.7027500000,0.7027800000
1790196031878,0.7027300000,0.7027600000
1790196033387,0.7027200000,0.7027600000
1790196036911,0.7027100000,0.7027400000
1790196041742,0.7027100000,0.7027300000
1790196042144,0.7027100000,0.7027400000
1790196043454,0.7027000000,0.7027300000
1790196045467,0.7027100000,0.7027400000
1790196045870,0.7027100000,0.7027300000
1790196047481,0.7027100000,0.7027400000
1790196047885,0.7026900000,0.7027100000
1790196048287,0.7026800000,0.7027100000
1790196049294,0.7028600000,0.7029000000
1790196049697,0.7029200000,0.7029600000
1790196050099,0.7029600000,0.7030000000
1790196050503,0.7029200000,0.7029500000
1790196050906,0.7029000000,0.7029300000
1790196051309,0.7029400000,0.7029500000
1790196051711,0.7029700000,0.7030000000
1790196052013,0.7030100000,0.7030400000
1790196052415,0.7030000000,0.7030300000
1790196052818,0.7029900000,0.7030000000
1790196053221,0.7029900000,0.7030100000
1790196053623,0.7030300000,0.7030600000
1790196054026,0.7030900000,0.7031100000
1790196054831,0.7030500000,0.7030900000
1790196055233,0.7030400000,0.7030600000
1790196055635,0.7030700000,0.7030900000
1790196056440,0.7030200000,0.7030400000
1790196056843,0.7030100000,0.7030400000
1790196057247,0.7030000000,0.7030300000
1790196057648,0.7030000000,0.7030200000
1790196058051,0.7029800000,0.7030100000
1790196058453,0.7029600000,0.7029800000
1790196059862,0.7030100000,0.7030300000
1790196060264,0.7029900000,0.7030200000
1790196060668,0.7029900000,0.7030100000
1790196061471,0.7029800000,0.7030100000
1790196061874,0.7029700000,0.7029900000
1790196062278,0.7029400000,0.7029600000
1790196063284,0.7029300000,0.7029600000
1790196063688,0.7029900000,0.7030100000
1790196064089,0.7029700000,0.7029900000
1790196065699,0.7030300000,0.7030500000
1790196066103,0.7030400000,0.7030600000
1790196066907,0.7030700000,0.7031000000
1790196067712,0.7030400000,0.7030600000
1790196068116,0.7030700000,0.7030900000
1790196068518,0.7030600000,0.7030800000
1790196068920,0.7030700000,0.7031000000
1790196069725,0.7030500000,0.7030700000
1790196070129,0.7030400000,0.7030500000
1790196070532,0.7030100000,0.7030300000
1790196070935,0.7030000000,0.7030200000
1790196071340,0.7030500000,0.7030800000
1790196071641,0.7030300000,0.7030500000
1790196072848,0.7030400000,0.7030500000
1790196073252,0.7030500000,0.7030800000
1790196073655,0.7030800000,0.7031000000
1790196074056,0.7030500000,0.7030700000
1790196074459,0.7030500000,0.7030800000
1790196075265,0.7030600000,0.7030900000
1790196075667,0.7030800000,0.7031000000
1790196076070,0.7030600000,0.7030900000
1790196076472,0.7031100000,0.7031300000
1790196076875,0.7031000000,0.7031200000
1790196077277,0.7030900000,0.7031100000
1790196077680,0.7031000000,0.7031200000
1790196078887,0.7031200000,0.7031400000
1790196079291,0.7031000000,0.7031200000
1790196079693,0.7030900000,0.7031100000
1790196080096,0.7031000000,0.7031200000
1790196080498,0.7030900000,0.7031000000
1790196081305,0.7031400000,0.7031500000
1790196081708,0.7031200000,0.7031400000
1790196082512,0.7031300000,0.7031500000
1790196082915,0.7031700000,0.7031900000
1790196083318,0.7031900000,0.7032000000
1790196084123,0.7031800000,0.7032000000
1790196085331,0.7031900000,0.7032100000
1790196086136,0.7031800000,0.7032000000
1790196086541,0.7032300000,0.7032500000
1790196086943,0.7032100000,0.7032300000
1790196087347,0.7031900000,0.7032100000
1790196087751,0.7031500000,0.7031700000
1790196088152,0.7031700000,0.7031900000
1790196088554,0.7031900000,0.7032000000
1790196088957,0.7031800000,0.7032000000
1790196089360,0.7031700000,0.7031900000
1790196089762,0.7031600000,0.7031800000
1790196090164,0.7031800000,0.7032000000
1790196091172,0.7031900000,0.7032200000
1790196091981,0.7031700000,0.7032000000
1790196092383,0.7031500000,0.7031800000
1790196092786,0.7031600000,0.7031900000
1790196093188,0.7031600000,0.7032000000
1790196093994,0.7031800000,0.7032000000
1790196094396,0.7032300000,0.7032500000
1790196094799,0.7032000000,0.7032400000
1790196095202,0.7031900000,0.7032100000
1790196095603,0.7031800000,0.7032100000
1790196096006,0.7031800000,0.7032000000
1790196096409,0.7031700000,0.7032000000
1790196096811,0.7032000000,0.7032400000
1790196097213,0.7032100000,0.7032400000
1790196097616,0.7032000000,0.7032400000
1790196098018,0.7031900000,0.7032100000
1790196098421,0.7031900000,0.7032200000
1790196099226,0.7031900000,0.7032100000
1790196100534,0.7031800000,0.7032100000
1790196100936,0.7032000000,0.7032300000
1790196101943,0.7031900000,0.7032200000
1790196102849,0.7031900000,0.7032300000
1790196103654,0.7032200000,0.7032500000
1790196104055,0.7032500000,0.7032800000
1790196104458,0.7032300000,0.7032700000
1790196105263,0.7032200000,0.7032600000
1790196105666,0.7032200000,0.7032500000
1790196106070,0.7032400000,0.7032800000
1790196107378,0.7032400000,0.7032700000
1790196108185,0.7032600000,0.7032900000
1790196108587,0.7032400000,0.7032600000
1790196108990,0.7032100000,0.7032400000
1790196109393,0.7032300000,0.7032600000
1790196109796,0.7032300000,0.7032700000
1790196110198,0.7032400000,0.7032700000
1790196110601,0.7032600000,0.7033000000
1790196111506,0.7032700000,0.7033000000
1790196111909,0.7032800000,0.7033200000
1790196112312,0.7032900000,0.7033200000
1790196112715,0.7033200000,0.7033500000
1790196113117,0.7033100000,0.7033400000
1790196113521,0.7033000000,0.7033300000
1790196113923,0.7033200000,0.7033500000
1790196114326,0.7033300000,0.7033600000
1790196114728,0.7033000000,0.7033400000
1790196115535,0.7032900000,0.7033300000
1790196115937,0.7033300000,0.7033500000
1790196116338,0.7033300000,0.7033700000
1790196116742,0.7033300000,0.7033600000
1790196117144,0.7033400000,0.7033700000
1790196117547,0.7033200000,0.7033600000
1790196118352,0.7033300000,0.7033600000
1790196119560,0.7033200000,0.7033500000
1790196119963,0.7033300000,0.7033500000
1790196120366,0.7033000000,0.7033200000
1790196121775,0.7033000000,0.7033100000
1790196122881,0.7032900000,0.7033100000
1790196123284,0.7033000000,0.7033300000
1790196124190,0.7033100000,0.7033500000
1790196124593,0.7033300000,0.7033700000
1790196124996,0.7033700000,0.7034000000
1790196125400,0.7033800000,0.7034200000
1790196125803,0.7033800000,0.7034100000
1790196126205,0.7033800000,0.7034000000
1790196126608,0.7033500000,0.7033700000
1790196127011,0.7033500000,0.7033800000
1790196127614,0.7033600000,0.7033900000
1790196128017,0.7033900000,0.7034200000
1790196128418,0.7033800000,0.7034200000
1790196128821,0.7033900000,0.7034300000
1790196129224,0.7033900000,0.7034200000
1790196130028,0.7034000000,0.7034300000
1790196130430,0.7033900000,0.7034200000
1790196130833,0.7033900000,0.7034100000
1790196131237,0.7033700000,0.7034100000
1790196132042,0.7034000000,0.7034300000
1790196132444,0.7034300000,0.7034500000
1790196133653,0.7034300000,0.7034700000
1790196134056,0.7034300000,0.7034500000
1790196134458,0.7034200000,0.7034500000
1790196134861,0.7034400000,0.7034600000
1790196135365,0.7034400000,0.7034700000
1790196135767,0.7034700000,0.7035000000
1790196136170,0.7034800000,0.7035200000
1790196137377,0.7034900000,0.7035200000
1790196137780,0.7034900000,0.7035100000
1790196138687,0.7034600000,0.7034900000
1790196139088,0.7034600000,0.7035000000
1790196139491,0.7034400000,0.7034700000
1790196140296,0.7035000000,0.7035300000
1790196140700,0.7035000000,0.7035200000
1790196141102,0.7034900000,0.7035200000
1790196141504,0.7034900000,0.7035100000
1790196141907,0.7035000000,0.7035200000
1790196142309,0.7034900000,0.7035200000
1790196142712,0.7034600000,0.7034800000
1790196143114,0.7034600000,0.7034900000
1790196143517,0.7034700000,0.7035000000
1790196143921,0.7034700000,0.7035100000
1790196144322,0.7034900000,0.7035200000
1790196144726,0.7034900000,0.7035100000
1790196145127,0.7034600000,0.7034900000
1790196145530,0.7034600000,0.7034800000
1790196145933,0.7034300000,0.7034600000
1790196147140,0.7034200000,0.7034500000
1790196148348,0.7034200000,0.7034400000
1790196148750,0.7033800000,0.7034200000
1790196149153,0.7033800000,0.7034100000
1790196150361,0.7033500000,0.7033800000
1790196150764,0.7033600000,0.7033900000
1790196151167,0.7034000000,0.7034400000
1790196151569,0.7034300000,0.7034600000
1790196152377,0.7034200000,0.7034600000
1790196153181,0.7034600000,0.7034900000
1790196153586,0.7034600000,0.7035000000
1790196154188,0.7034600000,0.7034900000
1790196154590,0.7034600000,0.7035000000
1790196154993,0.7034500000,0.7034700000
1790196155395,0.7034500000,0.7034800000
1790196155798,0.7034300000,0.7034600000
1790196156603,0.7034600000,0.7035000000
1790196157006,0.7034500000,0.7034900000
1790196157408,0.7034400000,0.7034700000
1790196159019,0.7034600000,0.7034900000
1790196159421,0.7035000000,0.7035300000
1790196159824,0.7035200000,0.7035500000
1790196160629,0.7035100000,0.7035500000
1790196161031,0.7035100000,0.7035400000
1790196161434,0.7035100000,0.7035500000
1790196163949,0.7034900000,0.7035300000
1790196164351,0.7034900000,0.7035200000
1790196165661,0.7035100000,0.7035500000
1790196166063,0.7035200000,0.7035600000
1790196166466,0.7035300000,0.7035600000
1790196166869,0.7035500000,0.7035800000
1790196167271,0.7035500000,0.7035900000
1790196167674,0.7035700000,0.7036100000
1790196168076,0.7035900000,0.7036200000
1790196168478,0.7035800000,0.7036200000
1790196168881,0.7035800000,0.7036100000
1790196169284,0.7035700000,0.7036000000
1790196169686,0.7035800000,0.7036100000
1790196170088,0.7035900000,0.7036200000
1790196170491,0.7036000000,0.7036300000
1790196171297,0.7035800000,0.7036200000
1790196171700,0.7035700000,0.7035900000
1790196172102,0.7035800000,0.7036100000
1790196172907,0.7035800000,0.7036000000
1790196173310,0.7035800000,0.7036100000
1790196173713,0.7035900000,0.7036100000
1790196174115,0.7035900000,0.7036000000
1790196174518,0.7035800000,0.7036200000
1790196175323,0.7036000000,0.7036300000
1790196175726,0.7036000000,0.7036400000
1790196176128,0.7036200000,0.7036600000
1790196176531,0.7036300000,0.7036600000
1790196177538,0.7036400000,0.7036600000
1790196178947,0.7036400000,0.7036700000
1790196180055,0.7036500000,0.7036800000
1790196180457,0.7036700000,0.7037000000
1790196180759,0.7036900000,0.7037100000
1790196181161,0.7037000000,0.7037100000
1790196182873,0.7036900000,0.7037100000
1790196183276,0.7036400000,0.7036500000
1790196183678,0.7036800000,0.7037000000
1790196184081,0.7037100000,0.7037300000
1790196184483,0.7037300000,0.7037500000
1790196184886,0.7037400000,0.7037600000
1790196185289,0.7037900000,0.7038000000
1790196185692,0.7038100000,0.7038200000
1790196186094,0.7037900000,0.7038000000
1790196186799,0.7037800000,0.7038000000
1790196187201,0.7038000000,0.7038200000
1790196189215,0.7037800000,0.7038100000
1790196190021,0.7038000000,0.7038200000
1790196190422,0.7037900000,0.7038100000
1790196190825,0.7037900000,0.7038200000
1790196191229,0.7038000000,0.7038200000
1790196191631,0.7037900000,0.7038200000
1790196192034,0.7037800000,0.7038000000
1790196194651,0.7037900000,0.7038000000
1790196195053,0.7037400000,0.7037600000
1790196196866,0.7037300000,0.7037400000
1790196198175,0.7037000000,0.7037300000
1790196198980,0.7037000000,0.7037100000
1790196199382,0.7036800000,0.7037000000
1790196200087,0.7036600000,0.7036900000
1790196200490,0.7036600000,0.7037000000
1790196202099,0.7036500000,0.7036700000
1790196202502,0.7036500000,0.7036800000
1790196203309,0.7036600000,0.7036900000
1790196203711,0.7036800000,0.7037100000
1790196204516,0.7036700000,0.7037100000
1790196204919,0.7036800000,0.7037100000
1790196205723,0.7036800000,0.7037200000
1790196206126,0.7036700000,0.7036900000
1790196206528,0.7036600000,0.7036800000
1790196206931,0.7036500000,0.7036800000
1790196207334,0.7036400000,0.7036800000
1790196208138,0.7036500000,0.7036800000
1790196208542,0.7036500000,0.7036900000
1790196208943,0.7036500000,0.7036800000
1790196209748,0.7036900000,0.7037300000
1790196210151,0.7036900000,0.7037200000
1790196210554,0.7037000000,0.7037300000
1790196210956,0.7037100000,0.7037400000
1790196211359,0.7037300000,0.7037700000
1790196211761,0.7037200000,0.7037500000
1790196212167,0.7037300000,0.7037600000
1790196212570,0.7037300000,0.7037500000
1790196213376,0.7037300000,0.7037400000
1790196215488,0.7037300000,0.7037600000
1790196215891,0.7037300000,0.7037700000
1790196216295,0.7037300000,0.7037600000
1790196217100,0.7037300000,0.7037400000
1790196217502,0.7037300000,0.7037700000
1790196218712,0.7037300000,0.7037600000
1790196219516,0.7037300000,0.7037700000
1790196219919,0.7037500000,0.7037800000
1790196220322,0.7037600000,0.7037900000
1790196220724,0.7037700000,0.7038000000
1790196221128,0.7037700000,0.7038100000
1790196221529,0.7037900000,0.7038200000
1790196222032,0.7037800000,0.7038200000
1790196222434,0.7038000000,0.7038300000
1790196222937,0.7038000000,0.7038400000
1790196223341,0.7038200000,0.7038500000
1790196223744,0.7038200000,0.7038400000
1790196224146,0.7038300000,0.7038600000
1790196224549,0.7038300000,0.7038700000
1790196224952,0.7038500000,0.7038900000
1790196225355,0.7038500000,0.7038700000
1790196225757,0.7038300000,0.7038500000
1790196226160,0.7038500000,0.7038800000
1790196226965,0.7038500000,0.7038700000
1790196227367,0.7038600000,0.7038800000
1790196227769,0.7038800000,0.7039100000
1790196228172,0.7038800000,0.7039000000
1790196229481,0.7038800000,0.7039100000
1790196229884,0.7038800000,0.7039000000
1790196230186,0.7038800000,0.7038900000
1790196230991,0.7038400000,0.7038700000
1790196231394,0.7038500000,0.7038700000
1790196232199,0.7038400000,0.7038700000
1790196232904,0.7038300000,0.7038700000
1790196233307,0.7038500000,0.7038800000
1790196234113,0.7038500000,0.7038900000
1790196234517,0.7038500000,0.7038800000
1790196234918,0.7038500000,0.7038700000
1790196235321,0.7038500000,0.7038900000
1790196235723,0.7038600000,0.7038900000
1790196236125,0.7038700000,0.7039200000
1790196236528,0.7038700000,0.7039000000
1790196236930,0.7038900000,0.7039100000
1790196237333,0.7038800000,0.7039100000
1790196238138,0.7038400000,0.7038800000
1790196238541,0.7038400000,0.7038700000
1790196239749,0.7038300000,0.7038600000
1790196240152,0.7038200000,0.7038300000
1790196240557,0.7038200000,0.7038400000
1790196240960,0.7038200000,0.7038600000
1790196241365,0.7038700000,0.7038900000
1790196241766,0.7038700000,0.7039000000
1790196242169,0.7038700000,0.7038900000
1790196242571,0.7038700000,0.7039000000
1790196242975,0.7038700000,0.7038900000
1790196243879,0.7038300000,0.7038700000
1790196244282,0.7038300000,0.7038600000
1790196245086,0.7038000000,0.7038300000
1790196245489,0.7037400000,0.7037700000
1790196246294,0.7037200000,0.7037400000
1790196246697,0.7036900000,0.7037200000
1790196247905,0.7037000000,0.7037300000
1790196248306,0.7036900000,0.7037200000
1790196249917,0.7036800000,0.7037200000
1790196250318,0.7036900000,0.7037200000
1790196251123,0.7037200000,0.7037300000
1790196251526,0.7036900000,0.7037200000
1790196251929,0.7036800000,0.7037200000
1790196252333,0.7036700000,0.7036900000
1790196252735,0.7036800000,0.7037100000
1790196253541,0.7036700000,0.7037000000
1790196253944,0.7036700000,0.7037100000
1790196254347,0.7037300000,0.7037600000
1790196255153,0.7037300000,0.7037500000
1790196255555,0.7037600000,0.7038000000
1790196255958,0.7037700000,0.7038100000
1790196257165,0.7037700000,0.7038000000
1790196257568,0.7037700000,0.7038100000
1790196258775,0.7037800000,0.7038100000
1790196259178,0.7037900000,0.7038100000
1790196260285,0.7037700000,0.7038100000
1790196260688,0.7037900000,0.7038100000
1790196261191,0.7038000000,0.7038100000
1790196261594,0.7037900000,0.7038200000
1790196261996,0.7038000000,0.7038300000
1790196262398,0.7038000000,0.7038200000
1790196262801,0.7037900000,0.7038200000
1790196264312,0.7038000000,0.7038200000
1790196264715,0.7038300000,0.7038700000
1790196265117,0.7038500000,0.7038800000
1790196265922,0.7039000000,0.7039500000
1790196266325,0.7039300000,0.7039700000
1790196267129,0.7039300000,0.7039600000
1790196267532,0.7039200000,0.7039400000
1790196268136,0.7039200000,0.7039300000
1790196268539,0.7038700000,0.7038900000
1790196268941,0.7038800000,0.7039100000
1790196269344,0.7038700000,0.7039000000
1790196269746,0.7038700000,0.7038900000
1790196270149,0.7038400000,0.7038800000
1790196270553,0.7038400000,0.7038700000
1790196270956,0.7038300000,0.7038600000
1790196271358,0.7038400000,0.7038700000
1790196271760,0.7038500000,0.7038800000
1790196272163,0.7038400000,0.7038700000
1790196272569,0.7038500000,0.7038700000
1790196272972,0.7038500000,0.7038800000
1790196273374,0.7038800000,0.7039200000
1790196273776,0.7038900000,0.7039200000
1790196274178,0.7038900000,0.7039100000
1790196274581,0.7038700000,0.7039100000
1790196274984,0.7038800000,0.7039100000
1790196275386,0.7038900000,0.7039200000
1790196276192,0.7039100000,0.7039500000
1790196276595,0.7039000000,0.7039300000
1790196276997,0.7038800000,0.7039100000
1790196277804,0.7038600000,0.7038900000
1790196278207,0.7038400000,0.7038600000
1790196278609,0.7037900000,0.7038200000
1790196279415,0.7038000000,0.7038300000
1790196279818,0.7038200000,0.7038600000
1790196280221,0.7038200000,0.7038500000
1790196280623,0.7038400000,0.7038700000
1790196281327,0.7038300000,0.7038700000
1790196281730,0.7038200000,0.7038500000
1790196282133,0.7038000000,0.7038200000
1790196282535,0.7038000000,0.7038300000
1790196284044,0.7038200000,0.7038600000
1790196284850,0.7038000000,0.7038400000
1790196285252,0.7038100000,0.7038300000
1790196285655,0.7038200000,0.7038600000
1790196286057,0.7038100000,0.7038500000
1790196286461,0.7038100000,0.7038400000
1790196286863,0.7038100000,0.7038500000
1790196287265,0.7037900000,0.7038300000
1790196287668,0.7038200000,0.7038500000
1790196288473,0.7038200000,0.7038400000
1790196288876,0.7037900000,0.7038200000
1790196289279,0.7037800000,0.7038100000
1790196290890,0.7038200000,0.7038500000
1790196292096,0.7038100000,0.7038400000
1790196292902,0.7037900000,0.7038200000
1790196293706,0.7037800000,0.7038000000
1790196294109,0.7037900000,0.7038300000
1790196294914,0.7038000000,0.7038300000
1790196295315,0.7038200000,0.7038600000
1790196296926,0.7038400000,0.7038700000
1790196297328,0.7038300000,0.7038700000
1790196297730,0.7038200000,0.7038600000
1790196298134,0.7038200000,0.7038400000
1790196298537,0.7037900000,0.7038200000
1790196298940,0.7038000000,0.7038300000
1790196300146,0.7037800000,0.7038200000
1790196300549,0.7037500000,0.7037800000
1790196300951,0.7037700000,0.7038100000
1790196301356,0.7037900000,0.7038100000
1790196302162,0.7037900000,0.7038200000
1790196302564,0.7038000000,0.7038200000
1790196303069,0.7037900000,0.7038300000
1790196303471,0.7038000000,0.7038300000
1790196303873,0.7037900000,0.7038200000
1790196304276,0.7037900000,0.7038300000
1790196304680,0.7037900000,0.7038200000
1790196305081,0.7037900000,0.7038100000
1790196305384,0.7037900000,0.7038200000
1790196305887,0.7037900000,0.7038100000
1790196306290,0.7038600000,0.7038800000
1790196307097,0.7038900000,0.7039000000
1790196307499,0.7038800000,0.7039000000
1790196308808,0.7038600000,0.7038900000
1790196309211,0.7038400000,0.7038600000
1790196310518,0.7038400000,0.7038500000
1790196311122,0.7038300000,0.7038500000
1790196311928,0.7038500000,0.7038600000
1790196314342,0.7038300000,0.7038500000
1790196315550,0.7038500000,0.7038600000
1790196316860,0.7038300000,0.7038500000
1790196318774,0.7038400000,0.7038500000
1790196319178,0.7038200000,0.7038400000
1790196319983,0.7038100000,0.7038300000
1790196320385,0.7038500000,0.7038700000
1790196320687,0.7038600000,0.7038900000
1790196321190,0.7038800000,0.7039000000
1790196322096,0.7039000000,0.7039200000
1790196322500,0.7038800000,0.7039000000
1790196322903,0.7038900000,0.7039000000
1790196323406,0.7038800000,0.7039000000
1790196327533,0.7038700000,0.7038900000
1790196328741,0.7038800000,0.7039000000
1790196329547,0.7038900000,0.7039000000
1790196329949,0.7038800000,0.7039000000
1790196330352,0.7038900000,0.7039000000
1790196330754,0.7038900000,0.7039100000
1790196331157,0.7039200000,0.7039300000
1790196331559,0.7039300000,0.7039500000
1790196332370,0.7039500000,0.7039600000
1790196332773,0.7039200000,0.7039400000
1790196333175,0.7039300000,0.7039500000
1790196334885,0.7039500000,0.7039700000
1790196335288,0.7039700000,0.7039900000
1790196336194,0.7039600000,0.7039900000
1790196336597,0.7039700000,0.7039900000
1790196337000,0.7039800000,0.7040000000
1790196338208,0.7039900000,0.7040000000
1790196338611,0.7039800000,0.7040000000
1790196339819,0.7039700000,0.7039900000
1790196340625,0.7039600000,0.7039800000
1790196341027,0.7039500000,0.7039700000
1790196341432,0.7039200000,0.7039400000
1790196341834,0.7038900000,0.7039100000
1790196342237,0.7039200000,0.7039400000
1790196342640,0.7039300000,0.7039400000
1790196343042,0.7039200000,0.7039400000
1790196343445,0.7039300000,0.7039400000
1790196343847,0.7039300000,0.7039600000
1790196344250,0.7038800000,0.7039100000
1790196345055,0.7039000000,0.7039200000
1790196345659,0.7039000000,0.7039100000
1790196346062,0.7038800000,0.7039100000
1790196349181,0.7038900000,0.7039100000
1790196349583,0.7039000000,0.7039200000
1790196351296,0.7039300000,0.7039500000
1790196352805,0.7039300000,0.7039600000
1790196353209,0.7039500000,0.7039900000
1790196353611,0.7039700000,0.7040100000
1790196354013,0.7039500000,0.7039800000
1790196354415,0.7039400000,0.7039800000
1790196355222,0.7039500000,0.7039800000
1790196357536,0.7040300000,0.7040500000
1790196358142,0.7040300000,0.7040600000
1790196359853,0.7040300000,0.7040700000
1790196360658,0.7040300000,0.7040600000
1790196361060,0.7040300000,0.7040700000
1790196361867,0.7040300000,0.7040600000
1790196363477,0.7040000000,0.7040400000
1790196363880,0.7040400000,0.7040700000
1790196365388,0.7040000000,0.7040300000
1790196365791,0.7040200000,0.7040500000
1790196366193,0.7040000000,0.7040300000
1790196366596,0.7040000000,0.7040400000
1790196366998,0.7040200000,0.7040600000
1790196367401,0.7040200000,0.7040500000
1790196369514,0.7040200000,0.7040600000
1790196369916,0.7040200000,0.7040500000
1790196370319,0.7040000000,0.7040300000
1790196370722,0.7040000000,0.7040400000
1790196371124,0.7040400000,0.7040700000
1790196371528,0.7040500000,0.7040800000
1790196371931,0.7040600000,0.7040900000
1790196372333,0.7040600000,0.7040800000
1790196372735,0.7040600000,0.7040900000
1790196374950,0.7040500000,0.7040800000
1790196375352,0.7040500000,0.7040700000
1790196375856,0.7040500000,0.7040800000
1790196376664,0.7040700000,0.7041000000
1790196376966,0.7040800000,0.7041100000
1790196377472,0.7040800000,0.7041000000
1790196378780,0.7040700000,0.7041000000
1790196379182,0.7040700000,0.7040900000
1790196380189,0.7040500000,0.7040800000
1790196380592,0.7040500000,0.7040900000
1790196381497,0.7040500000,0.7040800000
1790196381900,0.7040800000,0.7041100000
1790196382304,0.7040700000,0.7041000000
1790196382707,0.7040700000,0.7040900000
1790196384821,0.7040700000,0.7041000000
1790196385224,0.7040800000,0.7041200000
1790196385627,0.7040900000,0.7041200000
1790196386029,0.7040900000,0.7041300000
1790196386834,0.7040900000,0.7041200000
1790196387640,0.7040900000,0.7041300000
1790196388444,0.7040800000,0.7041000000
1790196388846,0.7040500000,0.7040800000
1790196389249,0.7040300000,0.7040700000
1790196390859,0.7040500000,0.7040800000
1790196391262,0.7040700000,0.7041100000
1790196392067,0.7040700000,0.7041000000
1790196392471,0.7040700000,0.7040900000
1790196392874,0.7040800000,0.7041200000
1790196393278,0.7040700000,0.7041100000
1790196393681,0.7040700000,0.7040900000
1790196394083,0.7040800000,0.7041100000
1790196394485,0.7040800000,0.7041200000
1790196395291,0.7040700000,0.7041000000
1790196395693,0.7040800000,0.7041200000
1790196396096,0.7040800000,0.7041100000
1790196397102,0.7040700000,0.7041100000
1790196397505,0.7040800000,0.7041100000
1790196397907,0.7040700000,0.7041000000
