time_msc,bid,ask
1790644081513,4122.5100000000,4122.6000000000
1790644082318,4122.4900000000,4122.6100000000
1790644082720,4122.4800000000,4122.6000000000
1790644083123,4122.3800000000,4122.5000000000
1790644083525,4122.3200000000,4122.4300000000
1790644083928,4122.3400000000,4122.4500000000
1790644084734,4122.3700000000,4122.4800000000
1790644087553,4122.3800000000,4122.4800000000
1790644088359,4122.4200000000,4122.5100000000
1790644089970,4122.4500000000,4122.5400000000
1790644091580,4122.5800000000,4122.6700000000
1790644091982,4122.5700000000,4122.6600000000
1790644092385,4122.5500000000,4122.6400000000
1790644093593,4122.5400000000,4122.6300000000
1790644093995,4122.6200000000,4122.7100000000
1790644094397,4122.5800000000,4122.6700000000
1790644094800,4122.5100000000,4122.6000000000
1790644095605,4122.4000000000,4122.4900000000
1790644096007,4122.3700000000,4122.4600000000
1790644096812,4122.5100000000,4122.6000000000
1790644097214,4122.4900000000,4122.5800000000
1790644098019,4122.5600000000,4122.6500000000
1790644098824,4122.6400000000,4122.7300000000
1790644100836,4122.7900000000,4122.8800000000
1790644101238,4122.8100000000,4122.9000000000
1790644102446,4122.8000000000,4122.8900000000
1790644104861,4122.5800000000,4122.6700000000
1790644105264,4122.5900000000,4122.6800000000
1790644105666,4122.5700000000,4122.6600000000
1790644106068,4122.5400000000,4122.6300000000
1790644106471,4122.3700000000,4122.4800000000
1790644106873,4122.5100000000,4122.6200000000
1790644107276,4122.4200000000,4122.5200000000
1790644107679,4122.4100000000,4122.5100000000
1790644108081,4122.4200000000,4122.5200000000
1790644109289,4122.4300000000,4122.5200000000
1790644110095,4122.3600000000,4122.4500000000
1790644110497,4122.3500000000,4122.4400000000
1790644112511,4122.3600000000,4122.4500000000
1790644112914,4122.3500000000,4122.4400000000
1790644113720,4122.3700000000,4122.4600000000
1790644114927,4122.3500000000,4122.4400000000
1790644115330,4122.3800000000,4122.4700000000
1790644115733,4122.3600000000,4122.4500000000
1790644116538,4122.3300000000,4122.4200000000
1790644117746,4122.3400000000,4122.4300000000
1790644118148,4122.4000000000,4122.4900000000
1790644118954,4122.3400000000,4122.4300000000
1790644119760,4122.3500000000,4122.4400000000
1790644121371,4122.3900000000,4122.4800000000
1790644122579,4122.3600000000,4122.4500000000
1790644123384,4122.3500000000,4122.4400000000
1790644123786,4122.3600000000,4122.4500000000
1790644124591,4122.2100000000,4122.3000000000
1790644124993,4122.2700000000,4122.3600000000
1790644125397,4122.2900000000,4122.3800000000
1790644131439,4122.3800000000,4122.4700000000
1790644131841,4122.4700000000,4122.5600000000
1790644133049,4122.4800000000,4122.5700000000
1790644133452,4122.4900000000,4122.5800000000
1790644138284,4122.4200000000,4122.5100000000
1790644139090,4122.4100000000,4122.5000000000
1790644140297,4123.1700000000,4123.2600000000
1790644140700,4123.1900000000,4123.2800000000
1790644141102,4123.1600000000,4123.3000000000
1790644141505,4123.1500000000,4123.2900000000
1790644141907,4122.5200000000,4122.6600000000
1790644142310,4122.5400000000,4122.6800000000
1790644142713,4122.4900000000,4122.6300000000
1790644143115,4122.3700000000,4122.5100000000
1790644143517,4122.3500000000,4122.4900000000
1790644144323,4122.3400000000,4122.4800000000
1790644145129,4122.3200000000,4122.4600000000
1790644145531,4122.3100000000,4122.4500000000
1790644146739,4122.3200000000,4122.4600000000
1790644147141,4122.3200000000,4122.4500000000
1790644147945,4122.2500000000,4122.3800000000
1790644148751,4122.2200000000,4122.3500000000
1790644149154,4122.2200000000,4122.3400000000
1790644149657,4122.4800000000,4122.6000000000
1790644150060,4122.4900000000,4122.6100000000
1790644150462,4122.4800000000,4122.6000000000
1790644150764,4122.3800000000,4122.5000000000
1790644151670,4122.3400000000,4122.4600000000
1790644152474,4122.3400000000,4122.4500000000
1790644154487,4122.3400000000,4122.4400000000
1790644156499,4122.3300000000,4122.4200000000
1790644156902,4122.3000000000,4122.3900000000
1790644157304,4122.2900000000,4122.3800000000
1790644157707,4122.1600000000,4122.2500000000
1790644158916,4122.1200000000,4122.2100000000
1790644159721,4122.3000000000,4122.3900000000
1790644160123,4122.3900000000,4122.4800000000
1790644160526,4122.4100000000,4122.5000000000
1790644160928,4122.3300000000,4122.4200000000
1790644161331,4122.2300000000,4122.3200000000
1790644161733,4122.2000000000,4122.2900000000
1790644162136,4122.1800000000,4122.2700000000
1790644165357,4122.1700000000,4122.2600000000
1790644166565,4122.1500000000,4122.2400000000
1790644166967,4122.1800000000,4122.2700000000
1790644168176,4122.2500000000,4122.3400000000
1790644168578,4122.2200000000,4122.3100000000
1790644169383,4122.1800000000,4122.2700000000
1790644171799,4122.2000000000,4122.2900000000
1790644173813,4122.2900000000,4122.3800000000
1790644176230,4122.1800000000,4122.2700000000
1790644176633,4122.2400000000,4122.3300000000
1790644177438,4122.2300000000,4122.3200000000
1790644178243,4122.2500000000,4122.3400000000
1790644182269,4122.3900000000,4122.4800000000
1790644183478,4122.4100000000,4122.5000000000
1790644185490,4122.4000000000,4122.4900000000
1790644188307,4122.4500000000,4122.5400000000
1790644189515,4122.4600000000,4122.5500000000
1790644190724,4122.4100000000,4122.5000000000
1790644193542,4122.4500000000,4122.5400000000
1790644193944,4122.6000000000,4122.6900000000
1790644195956,4122.8700000000,4122.9600000000
1790644196761,4122.8300000000,4122.9200000000
1790644199581,4122.7700000000,4122.8600000000
1790644199983,4122.8000000000,4122.8900000000
1790644200386,4122.8100000000,4122.9000000000
1790644201191,4122.6200000000,4122.7100000000
1790644201995,4122.5700000000,4122.6600000000
1790644202801,4122.6400000000,4122.7300000000
1790644207230,4122.7600000000,4122.8500000000
1790644209745,4122.6900000000,4122.7800000000
1790644211757,4122.6700000000,4122.7600000000
1790644212964,4122.5000000000,4122.5900000000
1790644213367,4122.4600000000,4122.5500000000
1790644214977,4122.4200000000,4122.5100000000
1790644215379,4122.4000000000,4122.4900000000
1790644215782,4122.3100000000,4122.4000000000
1790644216184,4122.3800000000,4122.4700000000
1790644216586,4122.3200000000,4122.4100000000
1790644216988,4122.2600000000,4122.3500000000
1790644219001,4121.9700000000,4122.0600000000
1790644219404,4121.9000000000,4121.9900000000
1790644219806,4121.8300000000,4121.9200000000
1790644220209,4121.8100000000,4121.9000000000
1790644220612,4121.8000000000,4121.8900000000
1790644221014,4121.7900000000,4121.8800000000
1790644221820,4121.7700000000,4121.8600000000
1790644222625,4121.6200000000,4121.7100000000
1790644223430,4121.6000000000,4121.6900000000
1790644224235,4121.5500000000,4121.6400000000
1790644224638,4121.5300000000,4121.6200000000
1790644225040,4121.4900000000,4121.5800000000
1790644227052,4121.4600000000,4121.5500000000
1790644227455,4121.3700000000,4121.4600000000
1790644227858,4121.3300000000,4121.4200000000
1790644228260,4121.3000000000,4121.3900000000
1790644229065,4121.2600000000,4121.3500000000
1790644230675,4121.2400000000,4121.3300000000
1790644231882,4121.2300000000,4121.3200000000
1790644232285,4121.0400000000,4121.1300000000
1790644232687,4121.0000000000,4121.0900000000
1790644233090,4121.0300000000,4121.1200000000
1790644234700,4121.2000000000,4121.2900000000
1790644235505,4121.1900000000,4121.2900000000
1790644235907,4121.1400000000,4121.2400000000
1790644236309,4121.1400000000,4121.2300000000
1790644238323,4121.1700000000,4121.2600000000
1790644239128,4121.3700000000,4121.4900000000
1790644239932,4121.3600000000,4121.4800000000
1790644241141,4121.3700000000,4121.4800000000
1790644241543,4121.3100000000,4121.4200000000
1790644242349,4121.3200000000,4121.4300000000
1790644242752,4121.2500000000,4121.3600000000
1790644243155,4121.2500000000,4121.3500000000
1790644243557,4121.2000000000,4121.3000000000
1790644243960,4121.1800000000,4121.2800000000
1790644244363,4121.1800000000,4121.2700000000
1790644244766,4121.1500000000,4121.2400000000
1790644247183,4121.2300000000,4121.3200000000
1790644247586,4121.1900000000,4121.2800000000
1790644251612,4121.2700000000,4121.3600000000
1790644252015,4121.2600000000,4121.3500000000
1790644252417,4121.1600000000,4121.2500000000
1790644252820,4121.1200000000,4121.2100000000
1790644253625,4121.0900000000,4121.1800000000
1790644256444,4121.4500000000,4121.5400000000
1790644257249,4121.3800000000,4121.4800000000
1790644257651,4121.2900000000,4121.3900000000
1790644258054,4121.0800000000,4121.1800000000
1790644258457,4121.0200000000,4121.1600000000
1790644258859,4120.9700000000,4121.1100000000
1790644259262,4120.9300000000,4121.0700000000
1790644260067,4120.9600000000,4121.1000000000
1790644260469,4120.9700000000,4121.1100000000
1790644261276,4120.9700000000,4121.1000000000
1790644262484,4120.9700000000,4121.0900000000
1790644263289,4120.9800000000,4121.0900000000
1790644264095,4120.9800000000,4121.0800000000
1790644265303,4120.8000000000,4120.9100000000
1790644265706,4120.3800000000,4120.4900000000
1790644266108,4120.4600000000,4120.6000000000
1790644266510,4120.4500000000,4120.5900000000
1790644267719,4120.4800000000,4120.6200000000
1790644268121,4120.5100000000,4120.6400000000
1790644268926,4120.5000000000,4120.6300000000
1790644269329,4120.5100000000,4120.6400000000
1790644270134,4120.5200000000,4120.6400000000
1790644271342,4120.5200000000,4120.6300000000
1790644271744,4120.4400000000,4120.5500000000
1790644272146,4120.6400000000,4120.7600000000
1790644272549,4120.3700000000,4120.4900000000
1790644273353,4120.2300000000,4120.3700000000
1790644273756,4120.2100000000,4120.3500000000
1790644274158,4120.2400000000,4120.3700000000
1790644274561,4120.2300000000,4120.3600000000
1790644274963,4120.3600000000,4120.4900000000
1790644275366,4120.3500000000,4120.4900000000
1790644275869,4120.3400000000,4120.4800000000
1790644276171,4120.3700000000,4120.5000000000
1790644277077,4120.3800000000,4120.5100000000
1790644277480,4120.3800000000,4120.5000000000
1790644277883,4120.3600000000,4120.4800000000
1790644278285,4120.3700000000,4120.4800000000
1790644280298,4120.3700000000,4120.4700000000
1790644280701,4120.6500000000,4120.7500000000
1790644281506,4120.6500000000,4120.7400000000
1790644281908,4120.6700000000,4120.7600000000
1790644282311,4120.6600000000,4120.7900000000
1790644283518,4120.6600000000,4120.7800000000
1790644284323,4120.6700000000,4120.7800000000
1790644285129,4120.6700000000,4120.7700000000
1790644286337,4120.6800000000,4120.7700000000
1790644287142,4120.4300000000,4120.5200000000
1790644287545,4120.3700000000,4120.4600000000
1790644287947,4120.3800000000,4120.4700000000
1790644288350,4120.3600000000,4120.4700000000
1790644289156,4120.3600000000,4120.4600000000
1790644289558,4120.3000000000,4120.4000000000
1790644289960,4120.3100000000,4120.4100000000
1790644290363,4120.3200000000,4120.4100000000
1790644292376,4120.3400000000,4120.4300000000
1790644292779,4120.2600000000,4120.3500000000
1790644293181,4120.2900000000,4120.3800000000
1790644294390,4120.3100000000,4120.4000000000
1790644294793,4120.3600000000,4120.4500000000
1790644295195,4120.3200000000,4120.4100000000
1790644296000,4120.2100000000,4120.3000000000
1790644296403,4120.2000000000,4120.2900000000
1790644298818,4120.0900000000,4120.1800000000
1790644299623,4120.1900000000,4120.2800000000
1790644302843,4120.3200000000,4120.4100000000
1790644304855,4120.3700000000,4120.4600000000
1790644305257,4120.3800000000,4120.4700000000
1790644306063,4120.2200000000,4120.3100000000
1790644306868,4120.2100000000,4120.3000000000
1790644309284,4120.3900000000,4120.4800000000
1790644310491,4120.4100000000,4120.5000000000
1790644312505,4120.4000000000,4120.4900000000
1790644313310,4120.1200000000,4120.2100000000
1790644314517,4120.0900000000,4120.1800000000
1790644315323,4120.1300000000,4120.2200000000
1790644315726,4120.1200000000,4120.2100000000
1790644316129,4120.0900000000,4120.1800000000
1790644316531,4120.0800000000,4120.1700000000
1790644318547,4120.1400000000,4120.2300000000
1790644318949,4120.1100000000,4120.2000000000
1790644319755,4120.1000000000,4120.1900000000
1790644320158,4120.1000000000,4120.1900000000
1790644320963,4120.0200000000,4120.1100000000
1790644321365,4120.0000000000,4120.0900000000
1790644322170,4119.9600000000,4120.0500000000
1790644322573,4119.9300000000,4120.0200000000
1790644322975,4119.9700000000,4120.0600000000
1790644323378,4119.9800000000,4120.0700000000
1790644324989,4119.9700000000,4120.0600000000
1790644328209,4120.2000000000,4120.2900000000
1790644328612,4120.2600000000,4120.3500000000
1790644329014,4120.3300000000,4120.4200000000
1790644329417,4120.3100000000,4120.4000000000
1790644330222,4120.5200000000,4120.6100000000
1790644330625,4120.6800000000,4120.7700000000
1790644331028,4120.8000000000,4120.8900000000
1790644331431,4120.8000000000,4120.9100000000
1790644332236,4120.8000000000,4120.9300000000
1790644333545,4120.7900000000,4120.9200000000
1790644334351,4120.7900000000,4120.9100000000
1790644335156,4120.5700000000,4120.6800000000
1790644335558,4120.5200000000,4120.6300000000
1790644335961,4120.5000000000,4120.6100000000
1790644336364,4120.4800000000,4120.6200000000
1790644338779,4120.5600000000,4120.7000000000
1790644339181,4120.4600000000,4120.5900000000
1790644339986,4120.4700000000,4120.6000000000
1790644340389,4120.4700000000,4120.5900000000
1790644340792,4120.7100000000,4120.8300000000
1790644341196,4120.6900000000,4120.8000000000
1790644342404,4120.6800000000,4120.8100000000
1790644342807,4120.6200000000,4120.7500000000
1790644343209,4120.6300000000,4120.7500000000
1790644343612,4120.5600000000,4120.6800000000
1790644344416,4120.5500000000,4120.6700000000
1790644345221,4120.5900000000,4120.7000000000
1790644346429,4120.6000000000,4120.6900000000
1790644349650,4120.6500000000,4120.7400000000
1790644350052,4120.7200000000,4120.8100000000
1790644350857,4120.7400000000,4120.8300000000
1790644351662,4120.8400000000,4120.9300000000
1790644352869,4120.9200000000,4121.0100000000
1790644353272,4120.9400000000,4121.0300000000
1790644353675,4120.9500000000,4121.0400000000
1790644354479,4120.9600000000,4121.0500000000
1790644355284,4120.9800000000,4121.0700000000
1790644355687,4121.3100000000,4121.4000000000
1790644356090,4121.3000000000,4121.3900000000
1790644362129,4121.0500000000,4121.1400000000
1790644362532,4121.0300000000,4121.1200000000
1790644362934,4121.0100000000,4121.1000000000
1790644363337,4120.9900000000,4121.1300000000
1790644363739,4120.9700000000,4121.1100000000
1790644364948,4120.9800000000,4121.1200000000
1790644365351,4121.0600000000,4121.1800000000
1790644365753,4120.8400000000,4120.9600000000
1790644366158,4120.8200000000,4120.9400000000
1790644366561,4120.8100000000,4120.9300000000
1790644367366,4120.8000000000,4120.9400000000
1790644367768,4120.7900000000,4120.9300000000
1790644368573,4120.6100000000,4120.7500000000
1790644368975,4120.5800000000,4120.7200000000
1790644369377,4120.5700000000,4120.7000000000
1790644370183,4120.5600000000,4120.7000000000
1790644371392,4120.5600000000,4120.6800000000
1790644371795,4120.5400000000,4120.6600000000
1790644372197,4120.5500000000,4120.6600000000
1790644372600,4120.5800000000,4120.6900000000
1790644373406,4120.5900000000,4120.6800000000
1790644374614,4120.9000000000,4120.9900000000
1790644375017,4120.8800000000,4120.9700000000
1790644376226,4120.8600000000,4121.0000000000
1790644376629,4120.8500000000,4120.9900000000
1790644377434,4120.7400000000,4120.8800000000
1790644378239,4120.7500000000,4120.8800000000
1790644379446,4120.7500000000,4120.8700000000
1790644379849,4120.7900000000,4120.9100000000
1790644380251,4120.8000000000,4120.9000000000
1790644380654,4120.8500000000,4120.9500000000
1790644381458,4120.8700000000,4120.9600000000
1790644382263,4120.8800000000,4120.9700000000
1790644383069,4121.0600000000,4121.1500000000
1790644384276,4121.0500000000,4121.1600000000
1790644384679,4121.2800000000,4121.3900000000
1790644385082,4121.2800000000,4121.3800000000
1790644385887,4121.2200000000,4121.3200000000
1790644386289,4121.2000000000,4121.2900000000
1790644386692,4121.2100000000,4121.3000000000
1790644387095,4121.2000000000,4121.3100000000
1790644388302,4121.2100000000,4121.3100000000
1790644389208,4121.2100000000,4121.3000000000
1790644389611,4121.2500000000,4121.3400000000
1790644390013,4121.2600000000,4121.3500000000
1790644390416,4121.2800000000,4121.3700000000
1790644393635,4121.2900000000,4121.3800000000
1790644394037,4121.3700000000,4121.4600000000
1790644394439,4121.2200000000,4121.3100000000
1790644394842,4121.2300000000,4121.3200000000
1790644395648,4121.2200000000,4121.3100000000
1790644396857,4121.2700000000,4121.3600000000
1790644397663,4121.2600000000,4121.3500000000
1790644398065,4121.3100000000,4121.4000000000
1790644398468,4121.4200000000,4121.5100000000
1790644399274,4121.4100000000,4121.5000000000
1790644402900,4121.4500000000,4121.5400000000
1790644404107,4121.5400000000,4121.6300000000
1790644404510,4121.5700000000,4121.6600000000
1790644405316,4121.5800000000,4121.6700000000
1790644407733,4121.4600000000,4121.5500000000
1790644410553,4121.6400000000,4121.7300000000
1790644410954,4121.6200000000,4121.7100000000
1790644411357,4121.6500000000,4121.7400000000
1790644411760,4121.6400000000,4121.7300000000
1790644412565,4121.6500000000,4121.7400000000
1790644413370,4121.6000000000,4121.6900000000
1790644413772,4121.4900000000,4121.5800000000
1790644414579,4121.4600000000,4121.5500000000
1790644419007,4121.6300000000,4121.7200000000
1790644419409,4121.4400000000,4121.5300000000
1790644419811,4121.4500000000,4121.5400000000
1790644420214,4121.4600000000,4121.5500000000
1790644422226,4121.4400000000,4121.5300000000
1790644422629,4121.4100000000,4121.5000000000
1790644423031,4121.3800000000,4121.4700000000
1790644429473,4121.3200000000,4121.4100000000
1790644429875,4121.3500000000,4121.4400000000
1790644430278,4121.3800000000,4121.4700000000
1790644430681,4121.4300000000,4121.5200000000
1790644431083,4121.4000000000,4121.4900000000
1790644431486,4121.5400000000,4121.6300000000
1790644431889,4121.5700000000,4121.6600000000
1790644435513,4121.6900000000,4121.7800000000
1790644435915,4121.6400000000,4121.7300000000
1790644436318,4121.6500000000,4121.7400000000
1790644440343,4121.6900000000,4121.7800000000
1790644440746,4121.7600000000,4121.8500000000
1790644442358,4121.9600000000,4122.0500000000
1790644442761,4121.9500000000,4122.0400000000
1790644443164,4121.9700000000,4122.0700000000
1790644443969,4121.8900000000,4121.9900000000
1790644444371,4121.9400000000,4122.0300000000
1790644445178,4121.9400000000,4122.0400000000
1790644445983,4121.9600000000,4122.0600000000
1790644446386,4121.9700000000,4122.0600000000
1790644448096,4121.9500000000,4122.0400000000
1790644448398,4121.9700000000,4122.0600000000
1790644452523,4121.9800000000,4122.0700000000
1790644453328,4121.9700000000,4122.0600000000
1790644453731,4121.9500000000,4122.0400000000
1790644455340,4121.9700000000,4122.0600000000
1790644459769,4121.9000000000,4121.9900000000
1790644460976,4121.8900000000,4121.9800000000
1790644461379,4121.8800000000,4121.9700000000
1790644462988,4121.8400000000,4121.9300000000
1790644467819,4121.8300000000,4121.9200000000
1790644470637,4121.9000000000,4121.9900000000
1790644471039,4121.9300000000,4122.0200000000
1790644471844,4121.9500000000,4122.0400000000
1790644473857,4121.9900000000,4122.0800000000
1790644474260,4121.9700000000,4122.0600000000
1790644475066,4121.9900000000,4122.0800000000
1790644475468,4121.9500000000,4122.0400000000
1790644475872,4122.0600000000,4122.1500000000
1790644476275,4122.0400000000,4122.1300000000
1790644476678,4122.1400000000,4122.2300000000
1790644477081,4122.1200000000,4122.2100000000
1790644477483,4122.0600000000,4122.1800000000
1790644478288,4122.0500000000,4122.1800000000
1790644480300,4122.1400000000,4122.2600000000
1790644482313,4122.2100000000,4122.3300000000
1790644482716,4122.2400000000,4122.3600000000
1790644483119,4122.1900000000,4122.3100000000
1790644484326,4122.2000000000,4122.3100000000
1790644484728,4122.1900000000,4122.3000000000
1790644485130,4122.2800000000,4122.3900000000
1790644485936,4122.3800000000,4122.4900000000
1790644486341,4122.3700000000,4122.4800000000
1790644486743,4122.3600000000,4122.4700000000
1790644487145,4122.4100000000,4122.5100000000
1790644488353,4122.3900000000,4122.4800000000
1790644489158,4122.3400000000,4122.4400000000
1790644490365,4122.2900000000,4122.3800000000
1790644490768,4122.3700000000,4122.4600000000
1790644491271,4122.3100000000,4122.4000000000
1790644491573,4122.3000000000,4122.3900000000
1790644492378,4122.2800000000,4122.3800000000
1790644492781,4122.3500000000,4122.4500000000
1790644493183,4122.3600000000,4122.4500000000
1790644495196,4122.3500000000,4122.4400000000
1790644496806,4122.3800000000,4122.4700000000
1790644497208,4122.4000000000,4122.4900000000
1790644497611,4122.5600000000,4122.6500000000
1790644498417,4122.5200000000,4122.6200000000
1790644498820,4122.4100000000,4122.5100000000
1790644499222,4122.4200000000,4122.5100000000
1790644500431,4122.4000000000,4122.5200000000
1790644501236,4122.4600000000,4122.5700000000
1790644501639,4122.5000000000,4122.6100000000
1790644502041,4122.6500000000,4122.7600000000
1790644503249,4122.6400000000,4122.7800000000
1790644503652,4122.6200000000,4122.7600000000
1790644504054,4122.6000000000,4122.7400000000
1790644504858,4122.6100000000,4122.7500000000
1790644505261,4122.6800000000,4122.8200000000
1790644506066,4122.7200000000,4122.8600000000
1790644507273,4122.7300000000,4122.8600000000
1790644509386,4122.7300000000,4122.8500000000
1790644510191,4122.7500000000,4122.8600000000
1790644510999,4122.7400000000,4122.8500000000
1790644511402,4122.7000000000,4122.8000000000
1790644512610,4122.7100000000,4122.8100000000
1790644513414,4122.7200000000,4122.8100000000
1790644515024,4122.7400000000,4122.8300000000
1790644519050,4122.7900000000,4122.8800000000
1790644519452,4122.8300000000,4122.9200000000
1790644519855,4122.8200000000,4122.9100000000
1790644521465,4122.9100000000,4123.0000000000
1790644521867,4122.9200000000,4123.0100000000
1790644522270,4122.9100000000,4123.0000000000
1790644522673,4122.9400000000,4123.0300000000
1790644523076,4122.9700000000,4123.0600000000
1790644523479,4123.0700000000,4123.1600000000
1790644523881,4123.0600000000,4123.1500000000
1790644525091,4123.0800000000,4123.1700000000
1790644525897,4123.1200000000,4123.2100000000
1790644526300,4123.1400000000,4123.2300000000
1790644526702,4123.1600000000,4123.2500000000
1790644527507,4123.0100000000,4123.1000000000
1790644527909,4122.9800000000,4123.0700000000
1790644528312,4122.9700000000,4123.0800000000
1790644529117,4123.0000000000,4123.1100000000
1790644529519,4123.1200000000,4123.2300000000
1790644529922,4123.0900000000,4123.2000000000
1790644530325,4123.0800000000,4123.2200000000
1790644531130,4123.0800000000,4123.2100000000
1790644531533,4123.1100000000,4123.2400000000
1790644532338,4123.1300000000,4123.2500000000
1790644533143,4123.1300000000,4123.2400000000
1790644534351,4123.1400000000,4123.2400000000
1790644535156,4123.0900000000,4123.1800000000
1790644536768,4123.0800000000,4123.1700000000
1790644538379,4123.1100000000,4123.2000000000
1790644539184,4123.1200000000,4123.2100000000
1790644542405,4123.1000000000,4123.1900000000
1790644543612,4123.1100000000,4123.2000000000
1790644544417,4123.1200000000,4123.2100000000
1790644545222,4123.1600000000,4123.2500000000
1790644545625,4123.1300000000,4123.2200000000
1790644546028,4123.1700000000,4123.2600000000
1790644546834,4123.2200000000,4123.3100000000
1790644548443,4123.1300000000,4123.2200000000
1790644548846,4123.1200000000,4123.2100000000
1790644549651,4123.1100000000,4123.2000000000
1790644550053,4123.1400000000,4123.2300000000
1790644550456,4123.1300000000,4123.2200000000
1790644551261,4123.1100000000,4123.2000000000
1790644552469,4123.1000000000,4123.1900000000
1790644553274,4123.1300000000,4123.2200000000
1790644553677,4122.9400000000,4123.0300000000
1790644554078,4122.8700000000,4122.9900000000
1790644554481,4122.7900000000,4122.9100000000
1790644554883,4122.7500000000,4122.8700000000
1790644556091,4122.7600000000,4122.8700000000
1790644556494,4122.7300000000,4122.8400000000
1790644556896,4122.7200000000,4122.8300000000
1790644557299,4122.7300000000,4122.8200000000
1790644562130,4122.7300000000,4122.8200000000
1790644567769,4122.6800000000,4122.7700000000
1790644568173,4122.6200000000,4122.7100000000
1790644568575,4122.5900000000,4122.6800000000
1790644569783,4122.5800000000,4122.6700000000
1790644572221,4122.4700000000,4122.5600000000
1790644572624,4122.4600000000,4122.5500000000
1790644573026,4122.4700000000,4122.5600000000
1790644574234,4122.3800000000,4122.4700000000
1790644574637,4122.2700000000,4122.3600000000
1790644575542,4122.3700000000,4122.5100000000
1790644576347,4122.4200000000,4122.5600000000
1790644576750,4122.4300000000,4122.5700000000
1790644577555,4122.4000000000,4122.5400000000
1790644578762,4122.3900000000,4122.5300000000
1790644579969,4122.3800000000,4122.5200000000
1790644581177,4122.3900000000,4122.5200000000
1790644581981,4122.4000000000,4122.5300000000
1790644582384,4122.4300000000,4122.5500000000
1790644583189,4122.4400000000,4122.5500000000
1790644584397,4122.4400000000,4122.5400000000
1790644585202,4122.4500000000,4122.5400000000
1790644585604,4122.5700000000,4122.6600000000
1790644586410,4122.5900000000,4122.7000000000
1790644587215,4122.5900000000,4122.6900000000
1790644587618,4122.6000000000,4122.7000000000
1790644588423,4122.6000000000,4122.6900000000
1790644588825,4122.7400000000,4122.8300000000
1790644589228,4122.7400000000,4122.8500000000
1790644590033,4122.7000000000,4122.8100000000
1790644590436,4122.7000000000,4122.8000000000
1790644592046,4122.6900000000,4122.7900000000
1790644592449,4122.6900000000,4122.7800000000
1790644596073,4122.7700000000,4122.8600000000
1790644596476,4122.8000000000,4122.8900000000
1790644596878,4122.8300000000,4122.9200000000
1790644597281,4122.8500000000,4122.9500000000
1790644598489,4122.8600000000,4122.9500000000
1790644599698,4122.9600000000,4123.0500000000
1790644600100,4122.9700000000,4123.0600000000
1790644600502,4122.9800000000,4123.0700000000
1790644601711,4122.9600000000,4123.0500000000
1790644604528,4122.9700000000,4123.0600000000
1790644607347,4122.9200000000,4123.0100000000
1790644607750,4122.9300000000,4123.0200000000
1790644608958,4122.9200000000,4123.0100000000
1790644613387,4122.9300000000,4123.0200000000
1790644614191,4122.9500000000,4123.0400000000
1790644615801,4122.9700000000,4123.0600000000
1790644616204,4123.0100000000,4123.1000000000
1790644618217,4123.0200000000,4123.1100000000
1790644620631,4123.0100000000,4123.1000000000
1790644621034,4123.0200000000,4123.1100000000
1790644623047,4122.9800000000,4123.0700000000
1790644626670,4123.0100000000,4123.1000000000
1790644627073,4123.0500000000,4123.1400000000
1790644627475,4123.2000000000,4123.2900000000
1790644627878,4123.2200000000,4123.3100000000
1790644628280,4123.2100000000,4123.3400000000
1790644629488,4123.2300000000,4123.3500000000
1790644630293,4123.2900000000,4123.4000000000
1790644630696,4123.3000000000,4123.4100000000
1790644631501,4123.3200000000,4123.4300000000
1790644632306,4123.3200000000,4123.4200000000
1790644633111,4123.3300000000,4123.4200000000
1790644634016,4123.3600000000,4123.4500000000
1790644634318,4123.5000000000,4123.5900000000
1790644634822,4123.4300000000,4123.5200000000
1790644635224,4123.4200000000,4123.5300000000
1790644636432,4123.4200000000,4123.5200000000
1790644637238,4123.3200000000,4123.4200000000
1790644637640,4123.3100000000,4123.4100000000
1790644638043,4123.2600000000,4123.3600000000
1790644638445,4123.2400000000,4123.3800000000
1790644641262,4123.2400000000,4123.3700000000
1790644642874,4123.1200000000,4123.2500000000
1790644643276,4123.0300000000,4123.1700000000
1790644644081,4123.0000000000,4123.1400000000
1790644644483,4123.0000000000,4123.1300000000
1790644645289,4123.0300000000,4123.1500000000
1790644646497,4123.0300000000,4123.1400000000
1790644647302,4123.0400000000,4123.1400000000
1790644647704,4123.0300000000,4123.1300000000
1790644648509,4123.0400000000,4123.1300000000
1790644652536,4122.8900000000,4122.9800000000
1790644652938,4122.8400000000,4122.9300000000
1790644653341,4122.7800000000,4122.9200000000
1790644653743,4122.9400000000,4123.0800000000
1790644654548,4122.9600000000,4123.1000000000
1790644654950,4122.9700000000,4123.1100000000
1790644656158,4122.9600000000,4123.1000000000
1790644658171,4122.9700000000,4123.1000000000
1790644659380,4122.9700000000,4123.0900000000
1790644660185,4122.9800000000,4123.0900000000
1790644660990,4122.9200000000,4123.0300000000
1790644661393,4122.9300000000,4123.0300000000
1790644661796,4122.9500000000,4123.0500000000
1790644663407,4122.9600000000,4123.0500000000
1790644664213,4122.9500000000,4123.0400000000
1790644664616,4122.9200000000,4123.0100000000
1790644665019,4122.9000000000,4122.9900000000
1790644665421,4122.9500000000,4123.0400000000
1790644665824,4123.0000000000,4123.0900000000
1790644666228,4123.1800000000,4123.3200000000
1790644666631,4123.1900000000,4123.3300000000
1790644667035,4123.2100000000,4123.3500000000
1790644667438,4123.2100000000,4123.3400000000
1790644668243,4122.9300000000,4123.0700000000
1790644669048,4122.9100000000,4123.0500000000
1790644669451,4122.9200000000,4123.0600000000
1790644669853,4123.1600000000,4123.3000000000
1790644670257,4123.1800000000,4123.3200000000
1790644670660,4123.2200000000,4123.3600000000
1790644671062,4123.3500000000,4123.4900000000
1790644671464,4123.2900000000,4123.4300000000
1790644671867,4123.2700000000,4123.4100000000
1790644672672,4123.2500000000,4123.3900000000
1790644673477,4123.2700000000,4123.4100000000
1790644674283,4123.2900000000,4123.4200000000
1790644675088,4123.0700000000,4123.2000000000
1790644675490,4122.9900000000,4123.1300000000
1790644676295,4123.0100000000,4123.1400000000
1790644676698,4123.3900000000,4123.5200000000
1790644677100,4123.4800000000,4123.6100000000
1790644677502,4123.5300000000,4123.6700000000
1790644677904,4123.5600000000,4123.7000000000
1790644678307,4123.5800000000,4123.7200000000
1790644680320,4123.5900000000,4123.7200000000
1790644682333,4123.6000000000,4123.7200000000
1790644683945,4123.6200000000,4123.7400000000
1790644684348,4123.6200000000,4123.7300000000
1790644684751,4123.6700000000,4123.7800000000
1790644685556,4123.6500000000,4123.7600000000
1790644685958,4123.6300000000,4123.7400000000
1790644686361,4123.6300000000,4123.7300000000
1790644687166,4123.6400000000,4123.7300000000
1790644687971,4123.7000000000,4123.7900000000
1790644688374,4123.7300000000,4123.8200000000
1790644688776,4123.6800000000,4123.7700000000
1790644690386,4123.6200000000,4123.7100000000
1790644690788,4123.6700000000,4123.7600000000
1790644691593,4123.7000000000,4123.7900000000
1790644692398,4123.7200000000,4123.8100000000
1790644698439,4123.6500000000,4123.7400000000
1790644698842,4123.6800000000,4123.7700000000
1790644699244,4123.7100000000,4123.8000000000
1790644699647,4123.7400000000,4123.8300000000
1790644702062,4123.7000000000,4123.7900000000
1790644704075,4123.7300000000,4123.8200000000
1790644706895,4123.1100000000,4123.2000000000
1790644707298,4123.1200000000,4123.2600000000
1790644707700,4123.1500000000,4123.2900000000
1790644709310,4123.1600000000,4123.3000000000
1790644710619,4123.1300000000,4123.2700000000
1790644711423,4123.1300000000,4123.2600000000
1790644713438,4123.1400000000,4123.2600000000
1790644714243,4123.1400000000,4123.2500000000
1790644716256,4123.1300000000,4123.2300000000
1790644717062,4123.1400000000,4123.2400000000
1790644717867,4123.0200000000,4123.1200000000
1790644718672,4122.9900000000,4123.0900000000
1790644719476,4123.0200000000,4123.1100000000
1790644719879,4123.0000000000,4123.0900000000
1790644720281,4123.0100000000,4123.1000000000
1790644721086,4123.0700000000,4123.1600000000
1790644721488,4123.0900000000,4123.1800000000
1790644721893,4122.9100000000,4123.0000000000
1790644722295,4122.9000000000,4122.9900000000
1790644722698,4122.8700000000,4122.9600000000
1790644723101,4122.8500000000,4122.9400000000
1790644723905,4122.8200000000,4122.9100000000
1790644724308,4122.7200000000,4122.8100000000
1790644724710,4122.6800000000,4122.7700000000
1790644725517,4122.6500000000,4122.7400000000
1790644725920,4122.6600000000,4122.7500000000
1790644726322,4122.7500000000,4122.8400000000
1790644727532,4122.7600000000,4122.8500000000
1790644727935,4122.7500000000,4122.8400000000
1790644728338,4122.7800000000,4122.8700000000
1790644728740,4122.7900000000,4122.8800000000
1790644729142,4122.8300000000,4122.9200000000
1790644729545,4122.8500000000,4122.9400000000
1790644730754,4122.8600000000,4122.9500000000
1790644732364,4122.8000000000,4122.8900000000
1790644733572,4122.8200000000,4122.9100000000
1790644734378,4122.8300000000,4122.9200000000
1790644735183,4122.8200000000,4122.9100000000
1790644735989,4122.8300000000,4122.9200000000
1790644738001,4122.8000000000,4122.8900000000
1790644738404,4122.7800000000,4122.8700000000
1790644740417,4122.8100000000,4122.9000000000
1790644741224,4122.8600000000,4122.9500000000
1790644742028,4122.8200000000,4122.9100000000
1790644742833,4122.8000000000,4122.8900000000
1790644745652,4122.7800000000,4122.8700000000
1790644746054,4122.5900000000,4122.6800000000
1790644746457,4122.6000000000,4122.6900000000
1790644746859,4122.5900000000,4122.6800000000
1790644747665,4122.6800000000,4122.7700000000
1790644748470,4122.7100000000,4122.8000000000
1790644751291,4122.7200000000,4122.8100000000
1790644752499,4122.7100000000,4122.8000000000
1790644757330,4122.5500000000,4122.6400000000
1790644757733,4122.6700000000,4122.7600000000
1790644758538,4122.7200000000,4122.8100000000
1790644758940,4122.6600000000,4122.7500000000
1790644759745,4122.7400000000,4122.8300000000
1790644760550,4122.7700000000,4122.8600000000
1790644761355,4122.8200000000,4122.9100000000
1790644762160,4122.8900000000,4122.9800000000
1790644762562,4122.8800000000,4122.9700000000
1790644765379,4122.8900000000,4122.9800000000
1790644765782,4122.9100000000,4123.0000000000
1790644766588,4122.9200000000,4123.0100000000
1790644768198,4122.9400000000,4123.0300000000
1790644769004,4122.9500000000,4123.0400000000
1790644769406,4123.2800000000,4123.3700000000
1790644769808,4123.2700000000,4123.3600000000
1790644770210,4123.2300000000,4123.3400000000
1790644770613,4123.2400000000,4123.3500000000
1790644772222,4123.2500000000,4123.3500000000
1790644773430,4123.2500000000,4123.3400000000
1790644788505,4123.1800000000,4123.2700000000
1790644788708,4123.1500000000,4123.2400000000
1790644788733,4123.1400000000,4123.2300000000
1790644789941,4123.1900000000,4123.2800000000
1790644792356,4123.1600000000,4123.2500000000
1790644793162,4123.1400000000,4123.2300000000
1790644794772,4123.1000000000,4123.1900000000
1790644795175,4123.1100000000,4123.2000000000
1790644800508,4123.2700000000,4123.3600000000
1790644800910,4123.2500000000,4123.3400000000
1790644801312,4123.2800000000,4123.3700000000
1790644806547,4123.2900000000,4123.3800000000
1790644815404,4123.3300000000,4123.4200000000
1790644820638,4123.3400000000,4123.4300000000
1790644827080,4123.3300000000,4123.4200000000
1790644828287,4123.3400000000,4123.4300000000
1790644829494,4123.3300000000,4123.4200000000
1790644838352,4123.5300000000,4123.6200000000
1790644839156,4123.5200000000,4123.6400000000
1790644839559,4123.5800000000,4123.7000000000
1790644839961,4123.6100000000,4123.7300000000
1790644841169,4123.6100000000,4123.7200000000
1790644844391,4123.6200000000,4123.7200000000
1790644847212,4123.6300000000,4123.7200000000
1790644848018,4123.7200000000,4123.8100000000
1790644848823,4123.7300000000,4123.8200000000
1790644849226,4123.7700000000,4123.8600000000
1790644862211,4123.7000000000,4123.7900000000
1790644863016,4123.6200000000,4123.7100000000
1790644863419,4123.6700000000,4123.7600000000
1790644867847,4123.6900000000,4123.7800000000
1790644868250,4123.7600000000,4123.8500000000
1790644868653,4123.8600000000,4123.9500000000
1790644869055,4123.9000000000,4123.9900000000
1790644869458,4123.9200000000,4124.0100000000
1790644870265,4123.9100000000,4124.0400000000
1790644870667,4123.9200000000,4124.0500000000
1790644871472,4123.9300000000,4124.0500000000
1790644871875,4124.0100000000,4124.1300000000
1790644872278,4124.0300000000,4124.1500000000
1790644873084,4124.0600000000,4124.1800000000
1790644873487,4124.0600000000,4124.1900000000
1790644874292,4124.0700000000,4124.1900000000
1790644875097,4124.1200000000,4124.2400000000
1790644875499,4124.1100000000,4124.2300000000
1790644876304,4124.1600000000,4124.2700000000
1790644877109,4124.1800000000,4124.2900000000
1790644877511,4124.2500000000,4124.3600000000
1790644877914,4124.3000000000,4124.4100000000
1790644878317,4124.3300000000,4124.4400000000
1790644879123,4124.3500000000,4124.4600000000
1790644879927,4124.4000000000,4124.5100000000
1790644880330,4124.3900000000,4124.5100000000
1790644880732,4124.3700000000,4124.4900000000
1790644881135,4124.3800000000,4124.4900000000
1790644882342,4124.3900000000,4124.4900000000
1790644883952,4124.3800000000,4124.4800000000
1790644884355,4124.4000000000,4124.5000000000
1790644884758,4124.0600000000,4124.1600000000
1790644885162,4124.1300000000,4124.2200000000
1790644885967,4124.1600000000,4124.2500000000
1790644886370,4124.1400000000,4124.2800000000
1790644886772,4124.1700000000,4124.3100000000
1790644891202,4124.1700000000,4124.3000000000
1790644892412,4124.1800000000,4124.3000000000
1790644894424,4124.1800000000,4124.2900000000
1790644895229,4124.1500000000,4124.2500000000
1790644895631,4124.1400000000,4124.2400000000
1790644896034,4124.1800000000,4124.2800000000
1790644896437,4124.1800000000,4124.2900000000
1790644899255,4124.1900000000,4124.2900000000
1790644900463,4124.2600000000,4124.3500000000
1790644900866,4124.2700000000,4124.3600000000
1790644902476,4124.2800000000,4124.3700000000
1790644903683,4124.2900000000,4124.3800000000
1790644904087,4124.3000000000,4124.3900000000
1790644905294,4124.2800000000,4124.3700000000
1790644906502,4124.2900000000,4124.3800000000
1790644908113,4124.3200000000,4124.4100000000
1790644908515,4124.3400000000,4124.4300000000
1790644909321,4124.1300000000,4124.2200000000
1790644910126,4124.1300000000,4124.2300000000
1790644911334,4124.1400000000,4124.2300000000
1790644914252,4124.1500000000,4124.2400000000
1790644914655,4124.2000000000,4124.2900000000
1790644918680,4124.2700000000,4124.3600000000
1790644919485,4124.2800000000,4124.3700000000
1790644919888,4124.3000000000,4124.3900000000
1790644920693,4124.3100000000,4124.4000000000
1790644921902,4124.3600000000,4124.4500000000
1790644925528,4124.2400000000,4124.3300000000
1790644926736,4124.2300000000,4124.3200000000
1790644927943,4124.2200000000,4124.3100000000
1790644928749,4124.2900000000,4124.3800000000
1790644929955,4124.2800000000,4124.3700000000
1790644930358,4124.2600000000,4124.3500000000
1790644931968,4124.2700000000,4124.3600000000
1790644932371,4124.6500000000,4124.7400000000
1790644932774,4124.7200000000,4124.8100000000
1790644933176,4124.7100000000,4124.8500000000
1790644935593,4125.0000000000,4125.1400000000
1790644935995,4125.0300000000,4125.1700000000
1790644936398,4125.0500000000,4125.1900000000
1790644937204,4125.0000000000,4125.1400000000
1790644938010,4125.0600000000,4125.2000000000
1790644939218,4125.0800000000,4125.2100000000
1790644939620,4125.0900000000,4125.2200000000
1790644940426,4125.0800000000,4125.2100000000
1790644941634,4125.0900000000,4125.2200000000
1790644942036,4125.1100000000,4125.2400000000
1790644942439,4125.1100000000,4125.2300000000
1790644942841,4125.3000000000,4125.4200000000
1790644943244,4125.3200000000,4125.4400000000
1790644943647,4125.2600000000,4125.3800000000
1790644944049,4125.4000000000,4125.5200000000
1790644944452,4125.4800000000,4125.5900000000
1790644945257,4125.5100000000,4125.6200000000
1790644946062,4125.5200000000,4125.6300000000
1790644946465,4125.5400000000,4125.6500000000
1790644946866,4125.5300000000,4125.6400000000
1790644947269,4125.5400000000,4125.6400000000
1790644949282,4125.5400000000,4125.6300000000
1790644953311,4125.5900000000,4125.6800000000
1790644954116,4125.6000000000,4125.6900000000
1790644962571,4125.5300000000,4125.6200000000
1790644962974,4125.5200000000,4125.6100000000
1790644963376,4125.1900000000,4125.2800000000
1790644963779,4125.3400000000,4125.4300000000
1790644964181,4125.3600000000,4125.4600000000
1790644964584,4125.3700000000,4125.4700000000
1790644965389,4125.3700000000,4125.4800000000
1790644966194,4125.4000000000,4125.5000000000
1790644966999,4125.4200000000,4125.5200000000
1790644967402,4125.3900000000,4125.4800000000
1790644968208,4125.4400000000,4125.5300000000
1790644973844,4125.2300000000,4125.3200000000
1790644974246,4125.2800000000,4125.3700000000
1790644975453,4125.2900000000,4125.3800000000
1790644977063,4125.3000000000,4125.3900000000
1790644978271,4125.3600000000,4125.4500000000
1790644979076,4125.3800000000,4125.4700000000
1790644980686,4125.3800000000,4125.4700000000
1790644981088,4125.3900000000,4125.4800000000
1790644982296,4125.5100000000,4125.6000000000
1790644982699,4125.5300000000,4125.6200000000
1790644983101,4125.7400000000,4125.8300000000
1790644983504,4125.8700000000,4125.9600000000
1790644984409,4125.8200000000,4125.9500000000
1790644984811,4125.8300000000,4125.9600000000
1790644985114,4125.8400000000,4125.9600000000
1790644985617,4125.8900000000,4126.0100000000
1790644986019,4125.8800000000,4126.0000000000
1790644986824,4125.9200000000,4126.0400000000
1790644987226,4125.9200000000,4126.0300000000
1790644988031,4125.9100000000,4126.0200000000
1790644988433,4125.9100000000,4126.0100000000
1790644989238,4125.8600000000,4125.9500000000
1790644995278,4125.7100000000,4125.8000000000
1790644995681,4125.7800000000,4125.8700000000
1790644996487,4125.8900000000,4125.9900000000
1790644996889,4125.9000000000,4126.0000000000
1790644997292,4125.8800000000,4126.0100000000
1790644997694,4125.9000000000,4126.0300000000
1790644998097,4125.8600000000,4125.9900000000
1790644998499,4125.8600000000,4125.9800000000
1790644998902,4125.8500000000,4125.9700000000
1790644999305,4125.8600000000,4125.9700000000
1790644999708,4125.9100000000,4126.0200000000
1790645000111,4125.8800000000,4125.9900000000
1790645000513,4125.8800000000,4125.9800000000
1790645000917,4125.9600000000,4126.0600000000
1790645001320,4126.0000000000,4126.0900000000
1790645002124,4126.0100000000,4126.1000000000
1790645002527,4126.0200000000,4126.1300000000
1790645003333,4126.0400000000,4126.1300000000
1790645004140,4126.0000000000,4126.0900000000
1790645006957,4126.0400000000,4126.1300000000
1790645008969,4126.0600000000,4126.1500000000
1790645010984,4126.1200000000,4126.2100000000
1790645011387,4126.2800000000,4126.3700000000
1790645011789,4126.3300000000,4126.4200000000
1790645012192,4126.4400000000,4126.5600000000
1790645012594,4126.4600000000,4126.5800000000
1790645012997,4126.4800000000,4126.6000000000
1790645014205,4126.4900000000,4126.6000000000
1790645014608,4126.4400000000,4126.5500000000
1790645015413,4126.4200000000,4126.5300000000
1790645016217,4126.4500000000,4126.5400000000
1790645016620,4126.4600000000,4126.5500000000
1790645017022,4126.4800000000,4126.5700000000
1790645017828,4126.6800000000,4126.7700000000
1790645018230,4126.6600000000,4126.7600000000
1790645018633,4126.5500000000,4126.6500000000
1790645019438,4126.5200000000,4126.6400000000
1790645019840,4126.5000000000,4126.6200000000
1790645021451,4126.5100000000,4126.6200000000
1790645022256,4126.5200000000,4126.6100000000
1790645028297,4126.5000000000,4126.5900000000
1790645028700,4126.3700000000,4126.4600000000
1790645029504,4126.3300000000,4126.4200000000
1790645029906,4126.3200000000,4126.4100000000
1790645030713,4126.3100000000,4126.4000000000
1790645031115,4126.3000000000,4126.3900000000
1790645033934,4126.3400000000,4126.4300000000
1790645034337,4126.3700000000,4126.4600000000
1790645035142,4126.3800000000,4126.4700000000
1790645035544,4126.3400000000,4126.4300000000
1790645035946,4126.4000000000,4126.4900000000
1790645037154,4126.4300000000,4126.5200000000
1790645037556,4126.3500000000,4126.4400000000
1790645038764,4125.9900000000,4126.0800000000
1790645039166,4125.7700000000,4125.9100000000
1790645039972,4125.7500000000,4125.8900000000
1790645040777,4125.1900000000,4125.3300000000
1790645041179,4125.1600000000,4125.3000000000
1790645041582,4125.0900000000,4125.2300000000
1790645041985,4125.0800000000,4125.2200000000
1790645042388,4125.0600000000,4125.2000000000
1790645042790,4124.9500000000,4125.0900000000
1790645043192,4124.9900000000,4125.1300000000
1790645043595,4125.0100000000,4125.1500000000
1790645043997,4125.0500000000,4125.1900000000
1790645044802,4125.0600000000,4125.2000000000
1790645045205,4125.0600000000,4125.1900000000
1790645047216,4125.0700000000,4125.1900000000
1790645049229,4125.0600000000,4125.1700000000
1790645050035,4125.1300000000,4125.2400000000
1790645051243,4125.1300000000,4125.2300000000
1790645051645,4125.2700000000,4125.3700000000
1790645052853,4125.3000000000,4125.4000000000
1790645053256,4125.3700000000,4125.4600000000
1790645053760,4125.3500000000,4125.4400000000
1790645054162,4125.3500000000,4125.4500000000
1790645054565,4125.3400000000,4125.4400000000
1790645055370,4125.3500000000,4125.4400000000
1790645058590,4125.3600000000,4125.4500000000
1790645059798,4125.4200000000,4125.5100000000
1790645060200,4125.4400000000,4125.5300000000
1790645061007,4125.4600000000,4125.5500000000
1790645061409,4125.4700000000,4125.5600000000
1790645061812,4125.5800000000,4125.6700000000
1790645063019,4125.5600000000,4125.6500000000
1790645063421,4125.6000000000,4125.6900000000
1790645063824,4125.6400000000,4125.7300000000
1790645065836,4125.5300000000,4125.6200000000
1790645066239,4125.5200000000,4125.6100000000
1790645067046,4125.4900000000,4125.5800000000
1790645067448,4125.5200000000,4125.6100000000
1790645067851,4125.5300000000,4125.6200000000
1790645068656,4125.5400000000,4125.6300000000
1790645069460,4125.5800000000,4125.6700000000
1790645071474,4125.5200000000,4125.6100000000
1790645071877,4125.5000000000,4125.5900000000
1790645073085,4125.4200000000,4125.5100000000
1790645073488,4125.3700000000,4125.4600000000
1790645077110,4125.3800000000,4125.4700000000
1790645077916,4125.3700000000,4125.4600000000
1790645080733,4125.3400000000,4125.4300000000
1790645081538,4125.2900000000,4125.3800000000
1790645081941,4125.2800000000,4125.3700000000
1790645082747,4125.2900000000,4125.3800000000
1790645083954,4125.3100000000,4125.4000000000
1790645084357,4125.3200000000,4125.4100000000
1790645087981,4125.3000000000,4125.3900000000
1790645092410,4125.2400000000,4125.3300000000
1790645094020,4125.2200000000,4125.3100000000
1790645096033,4125.1800000000,4125.2700000000
1790645096838,4125.2100000000,4125.3000000000
1790645100460,4125.2100000000,4125.3000000000
1790645102875,4124.9600000000,4125.0500000000
1790645103278,4124.9500000000,4125.0700000000
1790645103681,4124.9800000000,4125.1000000000
1790645105291,4124.9800000000,4125.0900000000
1790645106498,4125.0000000000,4125.1100000000
1790645106901,4125.0900000000,4125.2000000000
1790645107303,4125.0900000000,4125.1900000000
1790645107706,4125.0500000000,4125.1500000000
1790645109315,4125.0600000000,4125.1500000000
1790645109718,4125.0500000000,4125.1400000000
1790645110522,4125.0200000000,4125.1100000000
1790645111327,4124.9900000000,4125.0800000000
1790645119781,4124.8000000000,4124.8900000000
1790645120183,4124.7800000000,4124.8700000000
1790645121391,4124.7400000000,4124.8300000000
1790645122598,4124.6700000000,4124.7600000000
1790645123001,4124.6400000000,4124.7300000000
1790645123806,4124.6300000000,4124.7200000000
1790645124611,4124.5500000000,4124.6400000000
1790645125416,4124.5100000000,4124.6000000000
1790645129039,4124.5700000000,4124.6600000000
1790645130246,4124.7400000000,4124.8300000000
1790645130649,4124.7600000000,4124.8500000000
1790645131453,4124.7300000000,4124.8600000000
1790645132259,4124.7300000000,4124.8500000000
1790645133466,4124.6500000000,4124.7700000000
1790645133869,4124.7100000000,4124.8300000000
1790645134271,4124.7100000000,4124.8200000000
1790645135076,4124.7200000000,4124.8200000000
1790645136284,4124.7200000000,4124.8100000000
1790645139505,4124.7300000000,4124.8200000000
1790645140713,4124.7000000000,4124.7900000000
1790645141116,4124.7200000000,4124.8100000000
1790645141519,4124.7700000000,4124.8600000000
1790645141921,4124.7800000000,4124.8700000000
1790645152489,4124.7700000000,4124.8600000000
1790645155309,4124.4700000000,4124.5600000000
1790645155711,4124.4300000000,4124.5200000000
1790645156114,4124.3700000000,4124.4600000000
1790645156516,4124.3400000000,4124.4800000000
1790645157321,4124.3600000000,4124.5000000000
1790645160138,4124.3600000000,4124.5000000000
1790645160942,4124.3400000000,4124.4800000000
1790645161345,4124.3500000000,4124.4800000000
1790645161748,4124.2800000000,4124.4100000000
1790645162150,4124.2400000000,4124.3700000000
1790645162553,4124.2300000000,4124.3600000000
1790645163358,4124.2300000000,4124.3500000000
1790645164163,4124.2500000000,4124.3600000000
1790645164566,4124.2400000000,4124.3500000000
1790645165371,4124.2300000000,4124.3400000000
1790645165774,4124.2900000000,4124.4000000000
1790645166176,4124.2900000000,4124.3900000000
1790645166579,4124.3600000000,4124.4600000000
1790645167385,4124.3800000000,4124.4800000000
1790645168189,4124.3900000000,4124.4800000000
1790645168995,4124.5300000000,4124.6200000000
1790645169397,4124.5500000000,4124.6700000000
1790645169800,4124.5600000000,4124.6800000000
1790645170203,4124.4800000000,4124.6000000000
1790645171837,4124.5100000000,4124.6300000000
1790645173044,4124.5600000000,4124.6800000000
1790645173446,4124.5700000000,4124.6800000000
1790645173849,4124.5600000000,4124.6700000000
1790645174251,4124.5600000000,4124.6600000000
1790645175058,4124.5700000000,4124.6700000000
1790645175460,4124.5700000000,4124.6600000000
1790645176265,4124.5400000000,4124.6300000000
1790645177070,4124.5200000000,4124.6100000000
1790645177473,4124.4800000000,4124.5700000000
1790645178278,4124.4300000000,4124.5200000000
1790645181097,4124.3400000000,4124.4300000000
1790645182304,4124.3100000000,4124.4000000000
1790645183109,4124.5200000000,4124.6100000000
1790645183511,4124.5300000000,4124.6200000000
1790645183914,4124.5700000000,4124.6600000000
1790645184316,4124.5400000000,4124.6800000000
1790645185526,4124.5600000000,4124.7000000000
1790645186733,4124.5400000000,4124.6800000000
1790645187136,4124.5500000000,4124.6800000000
1790645187538,4124.5200000000,4124.6500000000
1790645188343,4124.5300000000,4124.6500000000
1790645189148,4124.5300000000,4124.6400000000
1790645189551,4124.5700000000,4124.6800000000
1790645190356,4124.5800000000,4124.6800000000
1790645190758,4124.5600000000,4124.6600000000
1790645191161,4124.4900000000,4124.5900000000
1790645191564,4124.5000000000,4124.6000000000
1790645192369,4124.5100000000,4124.6000000000
1790645193174,4124.5000000000,4124.5900000000
1790645194381,4124.5100000000,4124.6000000000
1790645194784,4124.5300000000,4124.6200000000
1790645195186,4124.5600000000,4124.6500000000
1790645195588,4124.5700000000,4124.6600000000
1790645200419,4124.5500000000,4124.6400000000
1790645200822,4124.5400000000,4124.6300000000
1790645201626,4124.2200000000,4124.3100000000
1790645202028,4124.1900000000,4124.2800000000
1790645202431,4124.1600000000,4124.3000000000
1790645203639,4124.2400000000,4124.3800000000
1790645204846,4124.1500000000,4124.2900000000
1790645206054,4124.1700000000,4124.3100000000
1790645206457,4124.1300000000,4124.2700000000
1790645207261,4124.1300000000,4124.2600000000
1790645208473,4124.3800000000,4124.5000000000
1790645209277,4124.4300000000,4124.5400000000
1790645209680,4124.3700000000,4124.4800000000
1790645210082,4124.3600000000,4124.5000000000
1790645210485,4124.3300000000,4124.4700000000
1790645210887,4124.3900000000,4124.5300000000
1790645211692,4124.4200000000,4124.5600000000
1790645212094,4124.3700000000,4124.5100000000
1790645213302,4124.3800000000,4124.5100000000
1790645213705,4124.4000000000,4124.5300000000
1790645214108,4124.4000000000,4124.5200000000
1790645214913,4124.4900000000,4124.6100000000
1790645215316,4124.5000000000,4124.6100000000
1790645215719,4124.5300000000,4124.6400000000
1790645216928,4124.5400000000,4124.6500000000
1790645217330,4124.6100000000,4124.7100000000
1790645217733,4124.7200000000,4124.8200000000
1790645218135,4124.7800000000,4124.8700000000
1790645219342,4124.7800000000,4124.8800000000
1790645220149,4124.7900000000,4124.8800000000
1790645220552,4124.6100000000,4124.7000000000
1790645221358,4124.5800000000,4124.6700000000
1790645222163,4124.6100000000,4124.7000000000
1790645222968,4124.5900000000,4124.6800000000
1790645223370,4124.5700000000,4124.6600000000
1790645224679,4124.5800000000,4124.6700000000
1790645226692,4124.3000000000,4124.3900000000
1790645227094,4124.3200000000,4124.4100000000
1790645227899,4124.3300000000,4124.4200000000
1790645228301,4124.4200000000,4124.5600000000
1790645229106,4124.4300000000,4124.5700000000
1790645229912,4124.4500000000,4124.5900000000
1790645230717,4124.4100000000,4124.5500000000
1790645231523,4124.3900000000,4124.5200000000
1790645232329,4124.4000000000,4124.5200000000
1790645233538,4124.5200000000,4124.6400000000
1790645233940,4124.7300000000,4124.8500000000
1790645234343,4124.7900000000,4124.8900000000
1790645234745,4124.7100000000,4124.8100000000
1790645235149,4124.6700000000,4124.8100000000
1790645235552,4124.7000000000,4124.8400000000
1790645235954,4124.7100000000,4124.8500000000
1790645236357,4124.7700000000,4124.9100000000
1790645238369,4124.7700000000,4124.9000000000
1790645238772,4124.7100000000,4124.8400000000
1790645239175,4124.7100000000,4124.8300000000
1790645239979,4124.7000000000,4124.8200000000
1790645240382,4124.6800000000,4124.7900000000
1790645240785,4124.7200000000,4124.8300000000
1790645241187,4124.7300000000,4124.8300000000
1790645242395,4124.7300000000,4124.8200000000
1790645243603,4124.7400000000,4124.8300000000
1790645244005,4124.7500000000,4124.8400000000
1790645244811,4124.6600000000,4124.7500000000
1790645246018,4124.6700000000,4124.7600000000
1790645246421,4124.6900000000,4124.7800000000
1790645247630,4124.6800000000,4124.7700000000
1790645250851,4124.6100000000,4124.7000000000
1790645251253,4124.6200000000,4124.7100000000
1790645252058,4124.6600000000,4124.7500000000
1790645252461,4124.6300000000,4124.7200000000
1790645252864,4124.6400000000,4124.7300000000
1790645253267,4124.6800000000,4124.7700000000
1790645254475,4124.7500000000,4124.8400000000
1790645257695,4125.0900000000,4125.1800000000
1790645258098,4125.1600000000,4125.2500000000
1790645258500,4125.1800000000,4125.2700000000
1790645258903,4125.1700000000,4125.2600000000
1790645259305,4125.1500000000,4125.2900000000
1790645260110,4125.1600000000,4125.3000000000
1790645260513,4125.1500000000,4125.2900000000
1790645262123,4125.1600000000,4125.3000000000
1790645263331,4125.1700000000,4125.3000000000
1790645264539,4125.1700000000,4125.2900000000
1790645264942,4125.3500000000,4125.4700000000
1790645265345,4125.3900000000,4125.5000000000
1790645266955,4125.4100000000,4125.5200000000
1790645267357,4125.4200000000,4125.5200000000
1790645268162,4125.4200000000,4125.5100000000
1790645268566,4125.4400000000,4125.5300000000
1790645269774,4125.4800000000,4125.5700000000
1790645270579,4125.4200000000,4125.5100000000
1790645270981,4125.4800000000,4125.5700000000
1790645271787,4125.5100000000,4125.6000000000
1790645273399,4125.5200000000,4125.6100000000
1790645280646,4125.5200000000,4125.6100000000
1790645285881,4125.4400000000,4125.5300000000
1790645286283,4125.4200000000,4125.5100000000
1790645286686,4125.3000000000,4125.3900000000
1790645287088,4125.3700000000,4125.4600000000
1790645287491,4125.4100000000,4125.5000000000
1790645287894,4125.4400000000,4125.5300000000
1790645288297,4125.4900000000,4125.5800000000
1790645288699,4125.4000000000,4125.4900000000
1790645289102,4125.3400000000,4125.4300000000
1790645289505,4125.4000000000,4125.4900000000
1790645289907,4125.4100000000,4125.5000000000
1790645290309,4125.4300000000,4125.5200000000
1790645291115,4125.4400000000,4125.5300000000
1790645291517,4125.4600000000,4125.5500000000
1790645291919,4125.5000000000,4125.5900000000
1790645292725,4125.5700000000,4125.6600000000
1790645293127,4125.5900000000,4125.6800000000
1790645293932,4125.5500000000,4125.6400000000
1790645294335,4125.5800000000,4125.6700000000
1790645294738,4125.5500000000,4125.6400000000
1790645295140,4125.9300000000,4126.0200000000
1790645295945,4126.0100000000,4126.1000000000
1790645296348,4125.9800000000,4126.1200000000
1790645296750,4125.9500000000,4126.0900000000
1790645297958,4125.9800000000,4126.1200000000
1790645298361,4126.0000000000,4126.1400000000
1790645298764,4126.0200000000,4126.1600000000
1790645299166,4126.0300000000,4126.1600000000
1790645300375,4126.4100000000,4126.5400000000
1790645300776,4126.4000000000,4126.5300000000
1790645301179,4126.4500000000,4126.5800000000
1790645301582,4126.4800000000,4126.6100000000
1790645301985,4126.4900000000,4126.6200000000
1790645302387,4126.4200000000,4126.5600000000
1790645303594,4126.4300000000,4126.5700000000
1790645304802,4126.4900000000,4126.6300000000
1790645305206,4126.3900000000,4126.5300000000
1790645306414,4126.4100000000,4126.5500000000
1790645306817,4126.4300000000,4126.5700000000
1790645307219,4126.4300000000,4126.5600000000
1790645309231,4126.4400000000,4126.5600000000
1790645309634,4126.3900000000,4126.5100000000
1790645310439,4126.4300000000,4126.5500000000
1790645310841,4126.3800000000,4126.5000000000
1790645311244,4126.3000000000,4126.4100000000
1790645311646,4126.3800000000,4126.4900000000
1790645312451,4126.3800000000,4126.5000000000
1790645312854,4126.2000000000,4126.3200000000
1790645313256,4126.0300000000,4126.1500000000
1790645314464,4126.0000000000,4126.1400000000
1790645314866,4125.9900000000,4126.1300000000
1790645315269,4126.0000000000,4126.1300000000
1790645315671,4126.0100000000,4126.1400000000
1790645316879,4125.9900000000,4126.1200000000
1790645317281,4125.9900000000,4126.1100000000
1790645318086,4126.0000000000,4126.1100000000
1790645318489,4126.0100000000,4126.1200000000
1790645319294,4126.0000000000,4126.1100000000
1790645319697,4126.0200000000,4126.1300000000
1790645320099,4126.0200000000,4126.1200000000
1790645320501,4126.0100000000,4126.1100000000
1790645321407,4126.0400000000,4126.1300000000
1790645323016,4126.0600000000,4126.1500000000
1790645324627,4126.0500000000,4126.1400000000
1790645325029,4126.1000000000,4126.1900000000
1790645326236,4126.0500000000,4126.1400000000
1790645326639,4125.9800000000,4126.0700000000
1790645327041,4125.9500000000,4126.0400000000
1790645327846,4125.9300000000,4126.0200000000
1790645329056,4125.9700000000,4126.0600000000
1790645341939,4125.9300000000,4126.0200000000
1790645342341,4125.9200000000,4126.0100000000
1790645343146,4125.9300000000,4126.0200000000
1790645343951,4125.9100000000,4126.0000000000
1790645345560,4125.9000000000,4125.9900000000
1790645347573,4125.9100000000,4126.0000000000
1790645352807,4125.5600000000,4125.6500000000
1790645353208,4125.5700000000,4125.6600000000
1790645354416,4125.5300000000,4125.6500000000
1790645354819,4125.5400000000,4125.6600000000
1790645355221,4125.5500000000,4125.6600000000
1790645355623,4125.5400000000,4125.6500000000
1790645356428,4125.5400000000,4125.6400000000
1790645356831,4125.5500000000,4125.6500000000
1790645357635,4125.5400000000,4125.6400000000
1790645358442,4125.5500000000,4125.6400000000
1790645360454,4125.4500000000,4125.5400000000
1790645360858,4125.4300000000,4125.5200000000
1790645361261,4125.4700000000,4125.5600000000
1790645362469,4125.5100000000,4125.6000000000
1790645362871,4125.5200000000,4125.6100000000
1790645363676,4125.5300000000,4125.6200000000
1790645366092,4125.5400000000,4125.6300000000
1790645366898,4125.5300000000,4125.6200000000
1790645373744,4125.5400000000,4125.6300000000
1790645383104,4125.7600000000,4125.8500000000
1790645383909,4125.8500000000,4125.9400000000
1790645384311,4125.8600000000,4125.9500000000
1790645385116,4125.8200000000,4125.9100000000
1790645395181,4125.8100000000,4125.9000000000
1790645395584,4125.7200000000,4125.8100000000
1790645396792,4125.5900000000,4125.6800000000
1790645397999,4125.5700000000,4125.6600000000
1790645399208,4125.5400000000,4125.6300000000
1790645400416,4125.5400000000,4125.6300000000
1790645400819,4125.4900000000,4125.5800000000
1790645402026,4125.4800000000,4125.5700000000
1790645402429,4125.4900000000,4125.5800000000
1790645403235,4125.4800000000,4125.5700000000
1790645404040,4125.4700000000,4125.5600000000
1790645405247,4125.5200000000,4125.6100000000
1790645405650,4125.5100000000,4125.6000000000
1790645406052,4125.5000000000,4125.5900000000
1790645407663,4125.4800000000,4125.5700000000
1790645408469,4125.5100000000,4125.6000000000
1790645409677,4125.5700000000,4125.6600000000
1790645410484,4125.3500000000,4125.4400000000
1790645410886,4125.3000000000,4125.3900000000
1790645411289,4125.2800000000,4125.4200000000
1790645411691,4125.2500000000,4125.3900000000
1790645412496,4125.2500000000,4125.3800000000
1790645414508,4125.2600000000,4125.3800000000
1790645415313,4124.7400000000,4124.8600000000
1790645415716,4124.6600000000,4124.7800000000
1790645416119,4124.6200000000,4124.7600000000
1790645416924,4124.1500000000,4124.2900000000
1790645417326,4124.2600000000,4124.4000000000
1790645417729,4124.2700000000,4124.4100000000
1790645418132,4124.2400000000,4124.3800000000
1790645419339,4123.4700000000,4123.6100000000
1790645420145,4123.4500000000,4123.5900000000
1790645420548,4123.5700000000,4123.7100000000
1790645420950,4123.6800000000,4123.8200000000
1790645421353,4123.9100000000,4124.0500000000
1790645421755,4123.9600000000,4124.1000000000
1790645422158,4123.9900000000,4124.1300000000
1790645422560,4124.0100000000,4124.1500000000
1790645422964,4123.7800000000,4123.9200000000
1790645423366,4123.7500000000,4123.8900000000
1790645424172,4123.6800000000,4123.8200000000
1790645424575,4123.6900000000,4123.8300000000
1790645424977,4123.6000000000,4123.7400000000
1790645425380,4123.6100000000,4123.7400000000
1790645425783,4123.6300000000,4123.7600000000
1790645426186,4123.6500000000,4123.7800000000
1790645427394,4123.6600000000,4123.7800000000
1790645427796,4123.5900000000,4123.7100000000
1790645428198,4123.5800000000,4123.7000000000
1790645429406,4123.5900000000,4123.7000000000
1790645431419,4123.6400000000,4123.7400000000
1790645431822,4123.7700000000,4123.8700000000
1790645432225,4123.5600000000,4123.6600000000
1790645432628,4123.5500000000,4123.6500000000
1790645433030,4123.4900000000,4123.5900000000
1790645433836,4123.4800000000,4123.5800000000
1790645435447,4123.4900000000,4123.5800000000
1790645436253,4123.0700000000,4123.1600000000
1790645436655,4123.0900000000,4123.1800000000
1790645437460,4123.1100000000,4123.2100000000
1790645437863,4123.1500000000,4123.2500000000
1790645438265,4123.1200000000,4123.2200000000
1790645438668,4123.0900000000,4123.1900000000
1790645439071,4123.0700000000,4123.1700000000
1790645439473,4123.0600000000,4123.1500000000
1790645439876,4123.1300000000,4123.2200000000
1790645440278,4123.1200000000,4123.2100000000
1790645441083,4123.0500000000,4123.1400000000
1790645441486,4123.0900000000,4123.1800000000
1790645442292,4123.0800000000,4123.1700000000
1790645443097,4123.1500000000,4123.2400000000
1790645443500,4123.1000000000,4123.1900000000
1790645443902,4123.0600000000,4123.1500000000
1790645444707,4123.0800000000,4123.1700000000
1790645445110,4122.7200000000,4122.8100000000
1790645445513,4122.4700000000,4122.5600000000
1790645445917,4122.4800000000,4122.5700000000
1790645446319,4122.4300000000,4122.5400000000
1790645446722,4122.4100000000,4122.5200000000
1790645447125,4122.4000000000,4122.5100000000
1790645447930,4122.4800000000,4122.5900000000
1790645448332,4122.5700000000,4122.6700000000
1790645448735,4122.4900000000,4122.5900000000
1790645449239,4122.5000000000,4122.6000000000
1790645450044,4122.4900000000,4122.5900000000
1790645450447,4122.4400000000,4122.5400000000
1790645450749,4122.4500000000,4122.5500000000
1790645451151,4122.4600000000,4122.5500000000
1790645451654,4122.4800000000,4122.5700000000
1790645452460,4122.3300000000,4122.4200000000
1790645452864,4122.4300000000,4122.5200000000
1790645453266,4122.4500000000,4122.5400000000
1790645454474,4122.4700000000,4122.5600000000
1790645454876,4122.4800000000,4122.5700000000
1790645455278,4122.5400000000,4122.6300000000
1790645456084,4122.5900000000,4122.6800000000
1790645456486,4122.4300000000,4122.5200000000
1790645457291,4122.4400000000,4122.5300000000
1790645457694,4122.4500000000,4122.5400000000
1790645458096,4122.4600000000,4122.5500000000
1790645458901,4122.2800000000,4122.3700000000
1790645459706,4122.2900000000,4122.3800000000
1790645460109,4122.2300000000,4122.3200000000
1790645460511,4122.2200000000,4122.3100000000
1790645460914,4122.2500000000,4122.3400000000
1790645461316,4122.2600000000,4122.3500000000
1790645461719,4122.2700000000,4122.3600000000
1790645462121,4122.2900000000,4122.3800000000
1790645462523,4122.2600000000,4122.3500000000
1790645462926,4122.4500000000,4122.5400000000
1790645463328,4122.5200000000,4122.6100000000
1790645463731,4122.4500000000,4122.5400000000
1790645464133,4122.4600000000,4122.5500000000
1790645464535,4122.4500000000,4122.5400000000
1790645465340,4122.3900000000,4122.4800000000
1790645466548,4122.2600000000,4122.3500000000
1790645466950,4122.0400000000,4122.1300000000
1790645467352,4122.2200000000,4122.3100000000
1790645467755,4122.2500000000,4122.3400000000
1790645468158,4122.2700000000,4122.3600000000
1790645468560,4122.2200000000,4122.3100000000
1790645468962,4122.2100000000,4122.3000000000
1790645469365,4122.1100000000,4122.2000000000
1790645469768,4122.1800000000,4122.2700000000
1790645470170,4122.1900000000,4122.2800000000
1790645470975,4122.2200000000,4122.3100000000
1790645471378,4122.2600000000,4122.3500000000
1790645471780,4122.2700000000,4122.3600000000
1790645472586,4122.2200000000,4122.3100000000
1790645473391,4122.2100000000,4122.3000000000
1790645473794,4122.3700000000,4122.4600000000
1790645474197,4122.4000000000,4122.4900000000
1790645474600,4122.2000000000,4122.2900000000
1790645475002,4122.2100000000,4122.3000000000
1790645475405,4122.1900000000,4122.2800000000
1790645475807,4122.1600000000,4122.2500000000
1790645476210,4122.1700000000,4122.2600000000
1790645476612,4122.1100000000,4122.2000000000
1790645478625,4122.0800000000,4122.1700000000
1790645479028,4122.0700000000,4122.1600000000
1790645479431,4122.1600000000,4122.2500000000
1790645480236,4122.2200000000,4122.3100000000
1790645480639,4122.3600000000,4122.4500000000
1790645483860,4122.3900000000,4122.4800000000
1790645484262,4122.4000000000,4122.4900000000
1790645484665,4122.4100000000,4122.5000000000
1790645487888,4122.3800000000,4122.4700000000
1790645488290,4122.4000000000,4122.4900000000
1790645488693,4122.4100000000,4122.5000000000
1790645493121,4122.3700000000,4122.4600000000
1790645493524,4122.3600000000,4122.4500000000
1790645494328,4122.3300000000,4122.4200000000
1790645495134,4122.3800000000,4122.4700000000
1790645495938,4122.4000000000,4122.4900000000
1790645496341,4122.3700000000,4122.4600000000
1790645506405,4122.0800000000,4122.1700000000
1790645506808,4122.0100000000,4122.1000000000
1790645507211,4121.9400000000,4122.0400000000
1790645508017,4121.9700000000,4122.0700000000
1790645508420,4121.9700000000,4122.0600000000
1790645509225,4121.9200000000,4122.0100000000
1790645509630,4121.9500000000,4122.0400000000
1790645510134,4121.9700000000,4122.0600000000
1790645512146,4122.0000000000,4122.0900000000
1790645512951,4121.9800000000,4122.0700000000
1790645514560,4121.9700000000,4122.0600000000
1790645515668,4121.9800000000,4122.0700000000
1790645517378,4121.9600000000,4122.0500000000
1790645517781,4121.8900000000,4121.9800000000
1790645518989,4121.9200000000,4122.0100000000
1790645519392,4121.9300000000,4122.0200000000
1790645520197,4121.9200000000,4122.0100000000
1790645520600,4121.9300000000,4122.0200000000
1790645521002,4121.8000000000,4121.8900000000
1790645521405,4121.8300000000,4121.9200000000
1790645521807,4121.8500000000,4121.9400000000
1790645522210,4121.8800000000,4121.9700000000
1790645523015,4121.9200000000,4122.0100000000
1790645523417,4121.8400000000,4121.9300000000
1790645524222,4121.8200000000,4121.9100000000
1790645527040,4121.7200000000,4121.8100000000
1790645527443,4121.6100000000,4121.7000000000
1790645527846,4121.6300000000,4121.7200000000
1790645528249,4121.5900000000,4121.6800000000
1790645528651,4121.5700000000,4121.6600000000
1790645529053,4121.5100000000,4121.6000000000
1790645529456,4121.5700000000,4121.6600000000
1790645529859,4121.6300000000,4121.7200000000
1790645530261,4121.7100000000,4121.8000000000
1790645531470,4121.6700000000,4121.7600000000
1790645531873,4121.6200000000,4121.7100000000
1790645532277,4121.6600000000,4121.7500000000
1790645532679,4121.6700000000,4121.7600000000
1790645536705,4121.8800000000,4121.9700000000
1790645537108,4121.9200000000,4122.0100000000
1790645537510,4121.9100000000,4122.0200000000
1790645537912,4121.9800000000,4122.0900000000
1790645538315,4122.0200000000,4122.1300000000
1790645538718,4122.0800000000,4122.1900000000
1790645539121,4122.0800000000,4122.1800000000
1790645540328,4122.1900000000,4122.2900000000
1790645540731,4122.2100000000,4122.3100000000
1790645541133,4122.2200000000,4122.3200000000
1790645541536,4122.2700000000,4122.3700000000
1790645541939,4122.1100000000,4122.2100000000
1790645542341,4122.1300000000,4122.2200000000
1790645543147,4122.1500000000,4122.2600000000
1790645543550,4122.1600000000,4122.2700000000
1790645543952,4122.2400000000,4122.3500000000
1790645544757,4122.4200000000,4122.5300000000
1790645545160,4122.5500000000,4122.6600000000
1790645545563,4122.5900000000,4122.7000000000
1790645545966,4122.5800000000,4122.6900000000
1790645546369,4122.4800000000,4122.5900000000
1790645546772,4122.5300000000,4122.6400000000
1790645547174,4122.6200000000,4122.7200000000
1790645547979,4122.6500000000,4122.7500000000
1790645548381,4122.6400000000,4122.7400000000
1790645548784,4122.6200000000,4122.7200000000
1790645550395,4122.6300000000,4122.7200000000
1790645550797,4122.6100000000,4122.7000000000
1790645552005,4122.6600000000,4122.7500000000
1790645552408,4122.6500000000,4122.7400000000
1790645552811,4122.7300000000,4122.8200000000
1790645553213,4122.7900000000,4122.8800000000
1790645553615,4122.8600000000,4122.9500000000
1790645555226,4122.8500000000,4122.9400000000
1790645555628,4122.8600000000,4122.9500000000
1790645558043,4122.9200000000,4123.0100000000
1790645558446,4122.9400000000,4123.0300000000
1790645558849,4122.9500000000,4123.0400000000
1790645559654,4122.9600000000,4123.0500000000
1790645560056,4122.8500000000,4122.9400000000
1790645560459,4122.8400000000,4122.9300000000
1790645561264,4122.8000000000,4122.8900000000
1790645561667,4122.6700000000,4122.7600000000
1790645562069,4122.6900000000,4122.7800000000
1790645562472,4122.6800000000,4122.7800000000
1790645562875,4122.3900000000,4122.4900000000
1790645563277,4122.3800000000,4122.5100000000
1790645564084,4122.3100000000,4122.4400000000
1790645565291,4122.3100000000,4122.4300000000
1790645566096,4122.3500000000,4122.4600000000
1790645566499,4122.3600000000,4122.4700000000
1790645566901,4122.4000000000,4122.5100000000
1790645567304,4122.3700000000,4122.4800000000
1790645567707,4122.3900000000,4122.5000000000
1790645568109,4122.5000000000,4122.6100000000
1790645568512,4122.5100000000,4122.6200000000
1790645569317,4122.6100000000,4122.7300000000
1790645570123,4122.6700000000,4122.7800000000
1790645572139,4122.6800000000,4122.7800000000
1790645573346,4122.6800000000,4122.7700000000
1790645574152,4122.6900000000,4122.7800000000
1790645574957,4122.7200000000,4122.8100000000
1790645575360,4122.7300000000,4122.8200000000
1790645575763,4122.7700000000,4122.8600000000
1790645576567,4122.7100000000,4122.8000000000
1790645576972,4122.6000000000,4122.6900000000
1790645577375,4122.5900000000,4122.6900000000
1790645577777,4122.5700000000,4122.6700000000
1790645578180,4122.5800000000,4122.6700000000
1790645580193,4122.5700000000,4122.6600000000
1790645583010,4122.4600000000,4122.5500000000
1790645583413,4122.4000000000,4122.4900000000
1790645583816,4122.4100000000,4122.5000000000
1790645584219,4122.4300000000,4122.5200000000
1790645584621,4122.4100000000,4122.5000000000
1790645585023,4122.4300000000,4122.5200000000
1790645586231,4122.4600000000,4122.5500000000
1790645586634,4122.4400000000,4122.5300000000
1790645595495,4122.3500000000,4122.4400000000
1790645595897,4122.3600000000,4122.4500000000
1790645596702,4122.3700000000,4122.4600000000
1790645597105,4122.4000000000,4122.4900000000
1790645597507,4122.3900000000,4122.4800000000
1790645598312,4122.3700000000,4122.4600000000
1790645599118,4122.3600000000,4122.4500000000
1790645599923,4122.3500000000,4122.4400000000
1790645600728,4122.5700000000,4122.6600000000
1790645601130,4122.7100000000,4122.8100000000
1790645601533,4122.8000000000,4122.9000000000
1790645601935,4122.8600000000,4122.9600000000
1790645602338,4122.6600000000,4122.8000000000
1790645602740,4122.7200000000,4122.8600000000
1790645603948,4122.7400000000,4122.8800000000
1790645604350,4122.7700000000,4122.9100000000
1790645604753,4122.7800000000,4122.9200000000
1790645605156,4122.8100000000,4122.9500000000
1790645606364,4122.8100000000,4122.9400000000
1790645606766,4122.8200000000,4122.9500000000
1790645607672,4122.8100000000,4122.9400000000
1790645608477,4122.8000000000,4122.9200000000
1790645609282,4122.8100000000,4122.9200000000
1790645610491,4122.8100000000,4122.9100000000
1790645610893,4122.8300000000,4122.9300000000
1790645611295,4122.8400000000,4122.9300000000
1790645612504,4122.8100000000,4122.9000000000
1790645612906,4122.8300000000,4122.9200000000
1790645617335,4122.7300000000,4122.8200000000
1790645617738,4122.6900000000,4122.7800000000
1790645618140,4122.5300000000,4122.6600000000
1790645618542,4122.3000000000,4122.4300000000
1790645618945,4122.3800000000,4122.5100000000
1790645619347,4122.4500000000,4122.5800000000
1790645620152,4122.3600000000,4122.4900000000
1790645620957,4122.3400000000,4122.4700000000
1790645621359,4122.3500000000,4122.4600000000
1790645622165,4122.3500000000,4122.4500000000
1790645623373,4122.3600000000,4122.4500000000
1790645624580,4122.3500000000,4122.4400000000
1790645626593,4122.5500000000,4122.6400000000
1790645626995,4122.5800000000,4122.6700000000
1790645627398,4122.5600000000,4122.6900000000
1790645627800,4122.6500000000,4122.7800000000
1790645628203,4122.7500000000,4122.8800000000
1790645628605,4122.7900000000,4122.9200000000
1790645629411,4122.8000000000,4122.9200000000
1790645629816,4122.8400000000,4122.9600000000
1790645630219,4122.8400000000,4122.9500000000
1790645631023,4122.8500000000,4122.9600000000
1790645631426,4122.9100000000,4123.0100000000
1790645631829,4122.9800000000,4123.0800000000
1790645633439,4122.9900000000,4123.0800000000
1790645635050,4122.9800000000,4123.0700000000
1790645635855,4122.9600000000,4123.0500000000
1790645639076,4122.9900000000,4123.0800000000
1790645640284,4122.9100000000,4123.0000000000
1790645640686,4122.9000000000,4122.9900000000
1790645641090,4122.8500000000,4122.9400000000
1790645641493,4122.8600000000,4122.9500000000
1790645642298,4122.9000000000,4122.9900000000
1790645643507,4122.8900000000,4122.9800000000
1790645643910,4122.8300000000,4122.9200000000
1790645644312,4122.8100000000,4122.9000000000
1790645644715,4122.8200000000,4122.9100000000
1790645645520,4122.8400000000,4122.9300000000
1790645645923,4122.8200000000,4122.9100000000
1790645647936,4122.8000000000,4122.8900000000
1790645648338,4122.7300000000,4122.8200000000
1790645648741,4122.7000000000,4122.7900000000
1790645655586,4122.7600000000,4122.8500000000
1790645656390,4122.8300000000,4122.9200000000
1790645657598,4122.8100000000,4122.9000000000
1790645660013,4122.8300000000,4122.9200000000
1790645660819,4122.8700000000,4122.9600000000
1790645662429,4122.9000000000,4122.9900000000
1790645664040,4122.8200000000,4122.9100000000
1790645664443,4122.8100000000,4122.9000000000
1790645665248,4122.8600000000,4122.9500000000
1790645665650,4122.8700000000,4122.9600000000
1790645666857,4122.8200000000,4122.9100000000
1790645667259,4122.8100000000,4122.9000000000
1790645668065,4122.8000000000,4122.8900000000
1790645668467,4122.8200000000,4122.9100000000
1790645668870,4122.8300000000,4122.9200000000
1790645669272,4122.8500000000,4122.9400000000
1790645669675,4122.8600000000,4122.9500000000
1790645671689,4122.8000000000,4122.8900000000
1790645672494,4122.7900000000,4122.8800000000
1790645672897,4122.7500000000,4122.8400000000
1790645678534,4122.7800000000,4122.8700000000
1790645680547,4122.8400000000,4122.9300000000
1790645681755,4122.9300000000,4123.0200000000
1790645682158,4123.0100000000,4123.1000000000
1790645683869,4123.0300000000,4123.1200000000
1790645689506,4123.0200000000,4123.1100000000
1790645689910,4122.9600000000,4123.0500000000
1790645695546,4122.9500000000,4123.0400000000
1790645696754,4122.9300000000,4123.0200000000
1790645698766,4122.9700000000,4123.0600000000
1790645699169,4123.0100000000,4123.1000000000
1790645699975,4123.0500000000,4123.1400000000
1790645700780,4122.9200000000,4123.0100000000
1790645701182,4122.9100000000,4123.0000000000
1790645702389,4122.8700000000,4122.9700000000
1790645702792,4122.8400000000,4122.9400000000
1790645703597,4122.8300000000,4122.9300000000
1790645704402,4122.8500000000,4122.9500000000
1790645704805,4122.8600000000,4122.9600000000
1790645705208,4122.8500000000,4122.9400000000
1790645705610,4122.8300000000,4122.9200000000
1790645706415,4122.8100000000,4122.9000000000
1790645707623,4122.8800000000,4122.9700000000
1790645708428,4122.8900000000,4122.9800000000
1790645709233,4122.8800000000,4122.9900000000
1790645709636,4122.8400000000,4122.9500000000
1790645710038,4122.8600000000,4122.9700000000
1790645710441,4122.8700000000,4122.9700000000
1790645710843,4122.9000000000,4123.0000000000
1790645711246,4122.9100000000,4123.0000000000
1790645718896,4122.8900000000,4122.9800000000
1790645722117,4122.8500000000,4122.9400000000
1790645724130,4122.8200000000,4122.9100000000
1790645726543,4122.7700000000,4122.8600000000
1790645726946,4122.8500000000,4122.9400000000
1790645728153,4122.8700000000,4122.9600000000
1790645733385,4122.8600000000,4122.9500000000
1790645734190,4122.8300000000,4122.9200000000
1790645736606,4122.8500000000,4122.9400000000
1790645748284,4122.9700000000,4123.0600000000
1790645749491,4122.9400000000,4123.0300000000
1790645750701,4122.9100000000,4123.0000000000
1790645754829,4122.9300000000,4123.0200000000
1790645755634,4122.9400000000,4123.0300000000
1790645756036,4122.9600000000,4123.0500000000
1790645757243,4123.0400000000,4123.1300000000
1790645759659,4123.1600000000,4123.2500000000
1790645760465,4123.2000000000,4123.2900000000
1790645761270,4123.2100000000,4123.3400000000
1790645762478,4123.2200000000,4123.3400000000
1790645764089,4123.4700000000,4123.5900000000
1790645764492,4123.4700000000,4123.5800000000
1790645765297,4123.5800000000,4123.7200000000
1790645765700,4123.6000000000,4123.7400000000
1790645766103,4123.7100000000,4123.8500000000
1790645766505,4123.7500000000,4123.8900000000
1790645767312,4123.8000000000,4123.9400000000
1790645768117,4123.8000000000,4123.9300000000
1790645770130,4123.6600000000,4123.7900000000
1790645771361,4123.5900000000,4123.7300000000
1790645772972,4123.5700000000,4123.7100000000
1790645773375,4123.5800000000,4123.7100000000
1790645774180,4123.6100000000,4123.7400000000
1790645774985,4123.5700000000,4123.7000000000
1790645775388,4123.5800000000,4123.7000000000
1790645775790,4123.5700000000,4123.6900000000
1790645777399,4123.6200000000,4123.7300000000
1790645778205,4123.6700000000,4123.7800000000
1790645779412,4123.7000000000,4123.8000000000
1790645779815,4123.6600000000,4123.7600000000
1790645780218,4123.6600000000,4123.7500000000
1790645782633,4123.6700000000,4123.7600000000
1790645783438,4123.7500000000,4123.8400000000
1790645784243,4123.8200000000,4123.9100000000
1790645784645,4123.8100000000,4123.9000000000
1790645785450,4123.8400000000,4123.9300000000
1790645788267,4123.8800000000,4123.9700000000
1790645788669,4123.9000000000,4123.9900000000
1790645789878,4123.8800000000,4123.9700000000
1790645791488,4123.9500000000,4124.0400000000
1790645792696,4123.9300000000,4124.0200000000
1790645793502,4123.9800000000,4124.0700000000
1790645796321,4123.9300000000,4124.0200000000
1790645797528,4123.9100000000,4124.0000000000
1790645797931,4123.9500000000,4124.0400000000
1790645798736,4123.9900000000,4124.0800000000
1790645803167,4123.9400000000,4124.0300000000
1790645803570,4123.8900000000,4123.9800000000
1790645803972,4123.1400000000,4123.2300000000
1790645804374,4122.8300000000,4122.9200000000
1790645804777,4122.9100000000,4123.0000000000
1790645805179,4122.8800000000,4123.0200000000
1790645805984,4122.8200000000,4122.9600000000
1790645806387,4122.7300000000,4122.8700000000
1790645806789,4122.7500000000,4122.8900000000
1790645808802,4122.7600000000,4122.9000000000
1790645809205,4122.7000000000,4122.8300000000
1790645809608,4122.6400000000,4122.7700000000
1790645810816,4122.6900000000,4122.8200000000
1790645811218,4122.6900000000,4122.8100000000
1790645812024,4122.6800000000,4122.8000000000
1790645813232,4122.6900000000,4122.8000000000
1790645814440,4122.7000000000,4122.8100000000
1790645814843,4122.7200000000,4122.8300000000
1790645815245,4122.7300000000,4122.8400000000
1790645816452,4122.7400000000,4122.8400000000
1790645817257,4122.7000000000,4122.8000000000
1790645817659,4122.7600000000,4122.8600000000
1790645818062,4122.8200000000,4122.9200000000
1790645819270,4122.8300000000,4122.9200000000
1790645820075,4122.8000000000,4122.8900000000
1790645820477,4122.8200000000,4122.9100000000
1790645821685,4122.7900000000,4122.8800000000
1790645822490,4122.7400000000,4122.8300000000
1790645822893,4122.7600000000,4122.8500000000
1790645823296,4122.7700000000,4122.8600000000
1790645823699,4123.0800000000,4123.1700000000
1790645824202,4123.1800000000,4123.2700000000
1790645824604,4123.2500000000,4123.3400000000
1790645825007,4123.2700000000,4123.3600000000
1790645825409,4123.2600000000,4123.3600000000
1790645825711,4123.2800000000,4123.3800000000
1790645826214,4123.3200000000,4123.4200000000
1790645827422,4123.3400000000,4123.4400000000
1790645828227,4123.3100000000,4123.4000000000
1790645829838,4123.0400000000,4123.1300000000
1790645830643,4123.0100000000,4123.1000000000
1790645835072,4123.0300000000,4123.1200000000
1790645835475,4123.0100000000,4123.1000000000
1790645836683,4123.0000000000,4123.0900000000
1790645839904,4123.0100000000,4123.1000000000
1790645841112,4123.0700000000,4123.1600000000
1790645841515,4123.1100000000,4123.2000000000
1790645843124,4123.1000000000,4123.1900000000
1790645843527,4123.0400000000,4123.1300000000
1790645844735,4123.0800000000,4123.1700000000
1790645846345,4123.1100000000,4123.2000000000
1790645847554,4123.1300000000,4123.2200000000
1790645847956,4123.1200000000,4123.2100000000
1790645850773,4123.0500000000,4123.1400000000
1790645851578,4123.1300000000,4123.2200000000
1790645854396,4123.1400000000,4123.2300000000
1790645855604,4123.1600000000,4123.2500000000
1790645856812,4123.1700000000,4123.2600000000
1790645857214,4123.1800000000,4123.2700000000
1790645857617,4123.0900000000,4123.1800000000
1790645858020,4123.1400000000,4123.2300000000
1790645858422,4123.1700000000,4123.2600000000
1790645858825,4123.1600000000,4123.2500000000
1790645862448,4123.1300000000,4123.2200000000
1790645862851,4122.8300000000,4122.9200000000
1790645863254,4122.8800000000,4122.9700000000
1790645864059,4122.8900000000,4122.9800000000
1790645864461,4122.8800000000,4122.9700000000
1790645864864,4122.9200000000,4123.0100000000
1790645865267,4123.0300000000,4123.1200000000
1790645865669,4123.0200000000,4123.1100000000
1790645866475,4123.0600000000,4123.1500000000
1790645866878,4123.0700000000,4123.1600000000
1790645867280,4123.0400000000,4123.1300000000
1790645868086,4123.0300000000,4123.1200000000
1790645869295,4123.0500000000,4123.1400000000
1790645870100,4123.0800000000,4123.1700000000
1790645870906,4123.0600000000,4123.1500000000
1790645872114,4123.3600000000,4123.4500000000
1790645872516,4123.4300000000,4123.5200000000
1790645872919,4123.4800000000,4123.5700000000
1790645873322,4123.4200000000,4123.5200000000
1790645873724,4123.4300000000,4123.5300000000
1790645874127,4123.4300000000,4123.5200000000
1790645874530,4123.4200000000,4123.5100000000
1790645875335,4123.4000000000,4123.4900000000
1790645876544,4123.4100000000,4123.5000000000
1790645876947,4123.4000000000,4123.4900000000
1790645877752,4123.3700000000,4123.4600000000
1790645878155,4123.3900000000,4123.4800000000
1790645879362,4123.4000000000,4123.4900000000
1790645880167,4123.3900000000,4123.4800000000
1790645880570,4123.5000000000,4123.5900000000
1790645880974,4123.5600000000,4123.6500000000
1790645881376,4123.5500000000,4123.6400000000
1790645881779,4123.5400000000,4123.6300000000
1790645882584,4123.5700000000,4123.6600000000
1790645883389,4123.7300000000,4123.8200000000
1790645884597,4123.6800000000,4123.7700000000
1790645885805,4123.7100000000,4123.8000000000
1790645886610,4123.7400000000,4123.8300000000
1790645887415,4123.7500000000,4123.8400000000
1790645891845,4123.8800000000,4123.9700000000
1790645892649,4123.7700000000,4123.8600000000
1790645893051,4123.7400000000,4123.8300000000
1790645893454,4123.7300000000,4123.8200000000
1790645894662,4123.7100000000,4123.8000000000
1790645895066,4123.7300000000,4123.8200000000
1790645895468,4123.6500000000,4123.7400000000
1790645895871,4123.6300000000,4123.7200000000
1790645896376,4123.6500000000,4123.7400000000
1790645896678,4123.6900000000,4123.7800000000
1790645897885,4123.6600000000,4123.7500000000
1790645899093,4123.7300000000,4123.8200000000
1790645899898,4123.7000000000,4123.7900000000
1790645901609,4123.5700000000,4123.6600000000
1790645902011,4123.6100000000,4123.7000000000
1790645902716,4123.6200000000,4123.7100000000
1790645904025,4123.6000000000,4123.6900000000
1790645908454,4123.6300000000,4123.7200000000
1790645908856,4123.6900000000,4123.7800000000
1790645909259,4123.7000000000,4123.7900000000
1790645910064,4123.7100000000,4123.8000000000
1790645912480,4123.6900000000,4123.7800000000
1790645921337,4123.7100000000,4123.8000000000
1790645922545,4123.6100000000,4123.7000000000
1790645923350,4123.5900000000,4123.6800000000
1790645925363,4123.5800000000,4123.6700000000
1790645925766,4123.5500000000,4123.6400000000
1790645926168,4123.5400000000,4123.6300000000
1790645931000,4123.6000000000,4123.6900000000
1790645931403,4123.5800000000,4123.6700000000
1790645932207,4123.5700000000,4123.6600000000
1790645932610,4123.6000000000,4123.6900000000
1790645933012,4123.5700000000,4123.6600000000
1790645933818,4123.5600000000,4123.6500000000
1790645936233,4123.5900000000,4123.6800000000
1790645936636,4123.5700000000,4123.6600000000
1790645938648,4123.5600000000,4123.6500000000
1790645939051,4123.4100000000,4123.5000000000
1790645939453,4123.4600000000,4123.5500000000
1790645939856,4123.5300000000,4123.6200000000
1790645940661,4123.5900000000,4123.6800000000
1790645941064,4123.5700000000,4123.6600000000
1790645941466,4123.5800000000,4123.6700000000
1790645941869,4123.5700000000,4123.6600000000
1790645942272,4123.5400000000,4123.6300000000
1790645947102,4123.5700000000,4123.6600000000
1790645947505,4123.5600000000,4123.6500000000
1790645950321,4123.4800000000,4123.5700000000
1790645950724,4123.4900000000,4123.5800000000
1790645951529,4123.5000000000,4123.5900000000
1790645952737,4123.4600000000,4123.5500000000
1790645953140,4123.4300000000,4123.5200000000
1790645953945,4123.4100000000,4123.5000000000
1790645954347,4123.4200000000,4123.5100000000
1790645954750,4123.4300000000,4123.5200000000
1790645956359,4123.3800000000,4123.4700000000
1790645956762,4123.3500000000,4123.4400000000
1790645957164,4123.2800000000,4123.3700000000
1790645957567,4123.2700000000,4123.3600000000
1790645957970,4123.2900000000,4123.3800000000
1790645958372,4123.3100000000,4123.4000000000
1790645959179,4123.3000000000,4123.3900000000
1790645959581,4123.2700000000,4123.3600000000
1790645960789,4123.2600000000,4123.3500000000
1790645961192,4123.2500000000,4123.3400000000
1790645966831,4123.1700000000,4123.2600000000
1790645967233,4123.1300000000,4123.2200000000
1790645967635,4123.1200000000,4123.2100000000
1790645971358,4123.1400000000,4123.2300000000
1790645972164,4123.1200000000,4123.2100000000
1790645975787,4123.1000000000,4123.1900000000
1790645976592,4123.0000000000,4123.0900000000
1790645977396,4122.9800000000,4123.0700000000
1790645981420,4122.7600000000,4122.8500000000
1790645982226,4122.7500000000,4122.8600000000
1790645982628,4122.7300000000,4122.8400000000
1790645983836,4122.6300000000,4122.7400000000
1790645984238,4122.6400000000,4122.7500000000
1790645986652,4122.5400000000,4122.6500000000
1790645987057,4122.5200000000,4122.6300000000
1790645987458,4122.5100000000,4122.6200000000
1790645987861,4122.5000000000,4122.6100000000
1790645988264,4122.5100000000,4122.6100000000
1790645988666,4122.2800000000,4122.3800000000
1790645989473,4122.1800000000,4122.3100000000
1790645990277,4122.2100000000,4122.3300000000
1790645991486,4122.2100000000,4122.3400000000
1790645991889,4122.2200000000,4122.3500000000
1790645992293,4122.2000000000,4122.3300000000
1790645992696,4122.2300000000,4122.3600000000
1790645994305,4122.2300000000,4122.3500000000
1790645995515,4122.2800000000,4122.4000000000
1790645997528,4122.2800000000,4122.3900000000
1790645999138,4122.2900000000,4122.3900000000
1790646000346,4122.2900000000,4122.3800000000
1790646000748,4122.2500000000,4122.3400000000
1790646001151,4122.5900000000,4122.7000000000
1790646001554,4122.6500000000,4122.7600000000
1790646002358,4122.7500000000,4122.8900000000
1790646002761,4122.7700000000,4122.9100000000
1790646003566,4122.8000000000,4122.9400000000
1790646003968,4122.7800000000,4122.9200000000
1790646004773,4122.8200000000,4122.9600000000
1790646005176,4122.8100000000,4122.9500000000
1790646005981,4122.7200000000,4122.8600000000
1790646006787,4122.7000000000,4122.8400000000
1790646007189,4122.4700000000,4122.6100000000
1790646007592,4122.4600000000,4122.6000000000
1790646008396,4122.4600000000,4122.5900000000
1790646008799,4122.4500000000,4122.5800000000
1790646010409,4122.4600000000,4122.5800000000
1790646012422,4122.4600000000,4122.5700000000
1790646014434,4122.4600000000,4122.5600000000
1790646016448,4122.4700000000,4122.5600000000
1790646019266,4122.4600000000,4122.5500000000
1790646019668,4122.4300000000,4122.5200000000
1790646020072,4122.4100000000,4122.5000000000
1790646020877,4122.3800000000,4122.4700000000
1790646021682,4122.3900000000,4122.4800000000
1790646022891,4122.4100000000,4122.5000000000
1790646023696,4122.4000000000,4122.4900000000
1790646024099,4122.3500000000,4122.4400000000
1790646025307,4122.4200000000,4122.5100000000
1790646029736,4122.4000000000,4122.4900000000
1790646030542,4122.4100000000,4122.5000000000
1790646030944,4123.3700000000,4123.4600000000
1790646031347,4123.5900000000,4123.7300000000
1790646031750,4123.3900000000,4123.5300000000
1790646032253,4123.4000000000,4123.5400000000
1790646033058,4123.4400000000,4123.5800000000
1790646034668,4123.4800000000,4123.6200000000
1790646035070,4124.0800000000,4124.2200000000
1790646035473,4124.2200000000,4124.3600000000
1790646035875,4124.2600000000,4124.4000000000
1790646036277,4124.2600000000,4124.3900000000
1790646036679,4124.4000000000,4124.5300000000
1790646038290,4124.4000000000,4124.5200000000
1790646038693,4124.4100000000,4124.5300000000
1790646041512,4124.5400000000,4124.6500000000
1790646042317,4124.6000000000,4124.7100000000
1790646043525,4124.6200000000,4124.7200000000
1790646045136,4124.6300000000,4124.7200000000
1790646048359,4124.7800000000,4124.8700000000
1790646048762,4124.8600000000,4124.9500000000
1790646049567,4124.8900000000,4124.9800000000
1790646060441,4124.9100000000,4125.0000000000
1790646060844,4124.9000000000,4124.9900000000
1790646062455,4124.8800000000,4124.9700000000
1790646068091,4125.2300000000,4125.3200000000
1790646068897,4125.2900000000,4125.3800000000
1790646069702,4125.3500000000,4125.4400000000
1790646070105,4125.3600000000,4125.4500000000
1790646070910,4125.2500000000,4125.3400000000
1790646071716,4125.2400000000,4125.3300000000
1790646072118,4125.2300000000,4125.3200000000
1790646075340,4125.2000000000,4125.2900000000
1790646076145,4125.2200000000,4125.3100000000
1790646077353,4125.2400000000,4125.3300000000
1790646078561,4125.2300000000,4125.3200000000
1790646078963,4125.2800000000,4125.3700000000
1790646079366,4125.3000000000,4125.3900000000
1790646080574,4125.2900000000,4125.3800000000
1790646082586,4125.2800000000,4125.3700000000
1790646083794,4125.2900000000,4125.3800000000
1790646088625,4125.3900000000,4125.4800000000
1790646090637,4125.3400000000,4125.4300000000
1790646091845,4125.3700000000,4125.4600000000
1790646092650,4125.3500000000,4125.4400000000
1790646093053,4124.9800000000,4125.0700000000
1790646093455,4125.0600000000,4125.1600000000
1790646094260,4125.0700000000,4125.1700000000
1790646094662,4125.1100000000,4125.2100000000
1790646095467,4125.1700000000,4125.2700000000
1790646095870,4125.1500000000,4125.2500000000
1790646096272,4125.1600000000,4125.2500000000
1790646097075,4125.1100000000,4125.2000000000
1790646097478,4125.1200000000,4125.2100000000
1790646099088,4125.1100000000,4125.2000000000
1790646101104,4125.1600000000,4125.2500000000
1790646102312,4125.1800000000,4125.2700000000
1790646103116,4125.1900000000,4125.2800000000
1790646103519,4125.2200000000,4125.3100000000
1790646104324,4125.2300000000,4125.3200000000
1790646106035,4125.1900000000,4125.2800000000
1790646107646,4125.1800000000,4125.2700000000
1790646110868,4125.1900000000,4125.2800000000
1790646112076,4125.2100000000,4125.3000000000
1790646112479,4125.1200000000,4125.2100000000
1790646112882,4125.1000000000,4125.1900000000
1790646114090,4125.0900000000,4125.1800000000
1790646116103,4125.1600000000,4125.2500000000
1790646116909,4125.1900000000,4125.2800000000
1790646117313,4125.1300000000,4125.2200000000
1790646118521,4125.1100000000,4125.2000000000
1790646119326,4125.1000000000,4125.1900000000
1790646120535,4125.2300000000,4125.3200000000
1790646120937,4125.2800000000,4125.3700000000
1790646121340,4125.3500000000,4125.4400000000
1790646122145,4125.3600000000,4125.4500000000
1790646122548,4125.1400000000,4125.2300000000
1790646122951,4125.1200000000,4125.2100000000
1790646123353,4125.1000000000,4125.2000000000
1790646123756,4125.0900000000,4125.1900000000
1790646124963,4125.1000000000,4125.2000000000
1790646125365,4125.1000000000,4125.1900000000
1790646125768,4125.1600000000,4125.2500000000
1790646129391,4125.1000000000,4125.1900000000
1790646130196,4125.1100000000,4125.2000000000
1790646131405,4125.1200000000,4125.2100000000
1790646131808,4125.1300000000,4125.2200000000
1790646132211,4125.1100000000,4125.2000000000
1790646134223,4125.1400000000,4125.2300000000
1790646134626,4125.0800000000,4125.1700000000
1790646135430,4125.0700000000,4125.1600000000
1790646137040,4125.0300000000,4125.1200000000
1790646139858,4125.0800000000,4125.1700000000
1790646140663,4125.1000000000,4125.1900000000
1790646141066,4125.1100000000,4125.2000000000
1790646141871,4125.1400000000,4125.2300000000
1790646146703,4125.0900000000,4125.1800000000
1790646147106,4125.1300000000,4125.2200000000
1790646147509,4125.1800000000,4125.2700000000
1790646148717,4125.2100000000,4125.3000000000
1790646152340,4125.2000000000,4125.2900000000
1790646155561,4125.2100000000,4125.3000000000
1790646156768,4125.2800000000,4125.3700000000
1790646157171,4125.3400000000,4125.4300000000
1790646158378,4125.3700000000,4125.4600000000
1790646158781,4125.3800000000,4125.4700000000
1790646162508,4125.3900000000,4125.4800000000
1790646162911,4125.3700000000,4125.4600000000
1790646164522,4125.3900000000,4125.4800000000
1790646168550,4125.3800000000,4125.4700000000
1790646169757,4125.3900000000,4125.4800000000
1790646171369,4125.3400000000,4125.4300000000
1790646172577,4125.3300000000,4125.4200000000
1790646174188,4125.3200000000,4125.4100000000
1790646174992,4125.0900000000,4125.1800000000
1790646175798,4125.0300000000,4125.1200000000
1790646176200,4124.9900000000,4125.0900000000
1790646176603,4125.0100000000,4125.1100000000
1790646177812,4125.0800000000,4125.1800000000
1790646178215,4125.0200000000,4125.1200000000
1790646178618,4125.0300000000,4125.1300000000
1790646179424,4125.0700000000,4125.1700000000
1790646179826,4125.0800000000,4125.1800000000
1790646180229,4125.0500000000,4125.1500000000
1790646181035,4125.0100000000,4125.1100000000
1790646181437,4125.0200000000,4125.1100000000
1790646182242,4124.9700000000,4125.0600000000
1790646182645,4124.9400000000,4125.0300000000
1790646183046,4124.5800000000,4124.6700000000
1790646183449,4124.6000000000,4124.6900000000
1790646183851,4124.5800000000,4124.6700000000
1790646184254,4124.5600000000,4124.7000000000
1790646185462,4124.5600000000,4124.6900000000
1790646185865,4124.6800000000,4124.8100000000
1790646186266,4124.7000000000,4124.8300000000
1790646186669,4124.7200000000,4124.8500000000
1790646187474,4124.7200000000,4124.8600000000
1790646189488,4124.7200000000,4124.8500000000
1790646190293,4124.7600000000,4124.8900000000
1790646191098,4124.7800000000,4124.9100000000
1790646191501,4124.7900000000,4124.9100000000
1790646192708,4124.5800000000,4124.7000000000
1790646193111,4124.5700000000,4124.6800000000
1790646193917,4124.6300000000,4124.7400000000
1790646194319,4124.7100000000,4124.8400000000
1790646194722,4124.7400000000,4124.8700000000
1790646196736,4124.7500000000,4124.8800000000
1790646197138,4124.7400000000,4124.8600000000
1790646198749,4124.7600000000,4124.8800000000
1790646199152,4124.7700000000,4124.8800000000
1790646200763,4124.7400000000,4124.8500000000
1790646201167,4124.7500000000,4124.8500000000
1790646201973,4124.7100000000,4124.8100000000
1790646202375,4124.7200000000,4124.8100000000
1790646202778,4124.7100000000,4124.8000000000
1790646203181,4124.6800000000,4124.7700000000
1790646203987,4124.7100000000,4124.8000000000
1790646206000,4124.7000000000,4124.7900000000
1790646211234,4124.7500000000,4124.8400000000
1790646212039,4124.7600000000,4124.8500000000
1790646213248,4124.7300000000,4124.8200000000
1790646214052,4124.7500000000,4124.8400000000
1790646216065,4124.7000000000,4124.7900000000
1790646220192,4124.7300000000,4124.8200000000
1790646220595,4124.7500000000,4124.8400000000
1790646222609,4124.7600000000,4124.8500000000
1790646225426,4124.7300000000,4124.8200000000
1790646225829,4124.7600000000,4124.8500000000
1790646229856,4124.7300000000,4124.8200000000
1790646230260,4124.7500000000,4124.8400000000
1790646231065,4124.7600000000,4124.8500000000
1790646232273,4124.7500000000,4124.8400000000
1790646234286,4124.7700000000,4124.8600000000
1790646235494,4124.9100000000,4125.0000000000
1790646235897,4124.8000000000,4124.8900000000
1790646236299,4124.7500000000,4124.8400000000
1790646236702,4124.7300000000,4124.8200000000
1790646237104,4124.7200000000,4124.8100000000
1790646238716,4124.7800000000,4124.8700000000
1790646239521,4124.7900000000,4124.8800000000
1790646240326,4124.7600000000,4124.8500000000
1790646241131,4124.7300000000,4124.8200000000
1790646242338,4124.7400000000,4124.8300000000
1790646244755,4124.7700000000,4124.8600000000
1790646246767,4124.7800000000,4124.8700000000
1790646249986,4124.7700000000,4124.8600000000
1790646251597,4124.7600000000,4124.8500000000
1790646254015,4124.7700000000,4124.8600000000
1790646254820,4124.7300000000,4124.8200000000
1790646258442,4124.7200000000,4124.8100000000
1790646260858,4124.7100000000,4124.8000000000
1790646261663,4124.3900000000,4124.4800000000
1790646262066,4123.9600000000,4124.0500000000
1790646262468,4123.8900000000,4124.0300000000
1790646262871,4123.9100000000,4124.0500000000
1790646264079,4123.9400000000,4124.0800000000
1790646264482,4123.9900000000,4124.1300000000
1790646264885,4124.0300000000,4124.1700000000
1790646265690,4123.9700000000,4124.1100000000
1790646266897,4123.9600000000,4124.1000000000
1790646267300,4123.9700000000,4124.1100000000
1790646268104,4124.0000000000,4124.1300000000
1790646268910,4124.0300000000,4124.1600000000
1790646270119,4124.0400000000,4124.1600000000
1790646271327,4124.0300000000,4124.1500000000
1790646271730,4124.0500000000,4124.1700000000
1790646272132,4124.0500000000,4124.1600000000
1790646272535,4124.0700000000,4124.1800000000
1790646275352,4124.0800000000,4124.1800000000
1790646277365,4124.0800000000,4124.1700000000
1790646278573,4124.0200000000,4124.1100000000
1790646279378,4124.0900000000,4124.1800000000
1790646281391,4124.1100000000,4124.2000000000
1790646282599,4124.1300000000,4124.2200000000
1790646283002,4124.0600000000,4124.1500000000
1790646283807,4124.1300000000,4124.2200000000
1790646285416,4124.1100000000,4124.2000000000
1790646287025,4124.1500000000,4124.2400000000
1790646287428,4124.2200000000,4124.3100000000
1790646288234,4124.3100000000,4124.4000000000
1790646289040,4124.3400000000,4124.4300000000
1790646292362,4124.3300000000,4124.4200000000
1790646293570,4124.1000000000,4124.1900000000
1790646293973,4124.1100000000,4124.2000000000
1790646294375,4124.1000000000,4124.2000000000
1790646294777,4124.1100000000,4124.2100000000
1790646295180,4124.1100000000,4124.2000000000
1790646295583,4124.1200000000,4124.2100000000
1790646296791,4124.1100000000,4124.2000000000
1790646298401,4124.0500000000,4124.1400000000
1790646299610,4124.0200000000,4124.1100000000
1790646300415,4124.0600000000,4124.1500000000
1790646300817,4124.0200000000,4124.1100000000
1790646301622,4124.0000000000,4124.0900000000
1790646302427,4123.9800000000,4124.0700000000
1790646306051,4124.2300000000,4124.3200000000
1790646306454,4124.2600000000,4124.3500000000
1790646306856,4124.3100000000,4124.4000000000
1790646307258,4124.3000000000,4124.4200000000
1790646308466,4124.3000000000,4124.4100000000
1790646309674,4124.3400000000,4124.4500000000
1790646310077,4124.3500000000,4124.4600000000
1790646310480,4124.3700000000,4124.4700000000
1790646311286,4124.4000000000,4124.4900000000
1790646311689,4124.4700000000,4124.5600000000
1790646312091,4124.4800000000,4124.5700000000
1790646312896,4124.4900000000,4124.5800000000
1790646313701,4124.4700000000,4124.5600000000
1790646314104,4124.4600000000,4124.5500000000
1790646314506,4124.4700000000,4124.5600000000
1790646315713,4124.4400000000,4124.5300000000
1790646318128,4124.4600000000,4124.5500000000
1790646318531,4124.4500000000,4124.5400000000
1790646318933,4124.4400000000,4124.5300000000
1790646319335,4124.4500000000,4124.5400000000
1790646320140,4124.5000000000,4124.5900000000
1790646320543,4124.5700000000,4124.6600000000
1790646320945,4124.5600000000,4124.6500000000
1790646322153,4124.5100000000,4124.6000000000
1790646322958,4124.5300000000,4124.6200000000
1790646323763,4124.5400000000,4124.6300000000
1790646324165,4124.5100000000,4124.6000000000
1790646324568,4124.5000000000,4124.5900000000
1790646325776,4124.4800000000,4124.5700000000
1790646326179,4124.5200000000,4124.6100000000
1790646326582,4124.5100000000,4124.6000000000
1790646326984,4124.5000000000,4124.5900000000
1790646327789,4124.4600000000,4124.5500000000
1790646328998,4124.5000000000,4124.5900000000
1790646337050,4124.5300000000,4124.6200000000
1790646337453,4124.5500000000,4124.6400000000
1790646337856,4124.5600000000,4124.6500000000
1790646338661,4124.5700000000,4124.6600000000
1790646342287,4124.6300000000,4124.7200000000
1790646342690,4124.6500000000,4124.7400000000
1790646344702,4124.6700000000,4124.7600000000
1790646345104,4124.7000000000,4124.7900000000
1790646345909,4124.7200000000,4124.8100000000
1790646346715,4124.7100000000,4124.8000000000
1790646347119,4124.7000000000,4124.7900000000
1790646347522,4124.6800000000,4124.7700000000
1790646347925,4124.6700000000,4124.7600000000
1790646348730,4124.8300000000,4124.9200000000
1790646349537,4124.8400000000,4124.9300000000
1790646350745,4124.8700000000,4124.9600000000
1790646351147,4125.0100000000,4125.1000000000
1790646351550,4125.0300000000,4125.1200000000
1790646352357,4125.0100000000,4125.1100000000
1790646353162,4124.9200000000,4125.0200000000
1790646354369,4124.9500000000,4125.0700000000
1790646355174,4124.9800000000,4125.0900000000
1790646355577,4124.9600000000,4125.0700000000
1790646355981,4124.9800000000,4125.0900000000
1790646356383,4124.9700000000,4125.0800000000
1790646356785,4124.9400000000,4125.0500000000
1790646357189,4124.9500000000,4125.0500000000
1790646357994,4124.9900000000,4125.0900000000
1790646358397,4125.0000000000,4125.1000000000
1790646359202,4125.0200000000,4125.1200000000
1790646360108,4125.0200000000,4125.1200000000
1790646360511,4125.0100000000,4125.1000000000
1790646361719,4125.0000000000,4125.0900000000
1790646362524,4124.7600000000,4124.8500000000
1790646362927,4124.8200000000,4124.9100000000
1790646363330,4124.7900000000,4124.9300000000
1790646364135,4124.5700000000,4124.7100000000
1790646364940,4124.5400000000,4124.6800000000
1790646368160,4124.5500000000,4124.6800000000
1790646369367,4124.5600000000,4124.6900000000
1790646370173,4124.5400000000,4124.6600000000
1790646370978,4124.5100000000,4124.6300000000
1790646371405,4124.5100000000,4124.6200000000
1790646373418,4124.5100000000,4124.6100000000
1790646374222,4124.5000000000,4124.5900000000
1790646375833,4124.5200000000,4124.6100000000
1790646377040,4124.5000000000,4124.5900000000
1790646378249,4124.5100000000,4124.6000000000
1790646380665,4124.5600000000,4124.6500000000
1790646381872,4124.5500000000,4124.6400000000
1790646383885,4124.6400000000,4124.7300000000
1790646384690,4124.6600000000,4124.7500000000
1790646386704,4124.6500000000,4124.7400000000
1790646388315,4124.6600000000,4124.7500000000
1790646388717,4124.6400000000,4124.7300000000
1790646389120,4124.6000000000,4124.6900000000
1790646390329,4124.6500000000,4124.7400000000
1790646390732,4124.6800000000,4124.7700000000
1790646391134,4124.7400000000,4124.8300000000
1790646391537,4124.7700000000,4124.8600000000
1790646392342,4124.7800000000,4124.8700000000
1790646393147,4124.7300000000,4124.8200000000
1790646393550,4124.7800000000,4124.8700000000
1790646393952,4124.8500000000,4124.9400000000
1790646394757,4124.6700000000,4124.7600000000
1790646395562,4124.6500000000,4124.7400000000
1790646395964,4124.6800000000,4124.7700000000
1790646396367,4125.1400000000,4125.2300000000
1790646397172,4125.1400000000,4125.2800000000
1790646398782,4125.1500000000,4125.2900000000
1790646399588,4125.0900000000,4125.2300000000
1790646400796,4125.0500000000,4125.1900000000
1790646401600,4125.0200000000,4125.1600000000
1790646402002,4125.0000000000,4125.1400000000
1790646402405,4124.9800000000,4125.1200000000
1790646403209,4124.9900000000,4125.1200000000
1790646404014,4125.0000000000,4125.1300000000
1790646404820,4124.9800000000,4125.1100000000
1790646405223,4124.9800000000,4125.1000000000
1790646406430,4124.9900000000,4125.1000000000
1790646408445,4124.9900000000,4125.0900000000
1790646408848,4125.0000000000,4125.1000000000
1790646409250,4125.0000000000,4125.0900000000
1790646410459,4125.0200000000,4125.1100000000
1790646410862,4124.8800000000,4124.9700000000
1790646411264,4124.7600000000,4124.8500000000
1790646411667,4124.6900000000,4124.7800000000
1790646412474,4124.6700000000,4124.8000000000
1790646414489,4124.6300000000,4124.7500000000
1790646414891,4124.6100000000,4124.7300000000
1790646415294,4124.5900000000,4124.7000000000
1790646416099,4124.6000000000,4124.7100000000
1790646416501,4124.6700000000,4124.7800000000
1790646417307,4124.7200000000,4124.8300000000
1790646419319,4124.7200000000,4124.8200000000
1790646420125,4124.7300000000,4124.8200000000
1790646422138,4124.5700000000,4124.6600000000
1790646422541,4124.5200000000,4124.6100000000
1790646423345,4124.4800000000,4124.5900000000
1790646424151,4124.4700000000,4124.5700000000
1790646425359,4124.4700000000,4124.5600000000
1790646425762,4124.4800000000,4124.5700000000
1790646426568,4124.4900000000,4124.5800000000
1790646427775,4124.4800000000,4124.5700000000
1790646430693,4124.4200000000,4124.5100000000
1790646431096,4124.4400000000,4124.5300000000
1790646433107,4124.4300000000,4124.5200000000
1790646435121,4124.4400000000,4124.5300000000
1790646435524,4124.5000000000,4124.5900000000
1790646436329,4124.5400000000,4124.6300000000
1790646436731,4124.5300000000,4124.6200000000
1790646439148,4124.5600000000,4124.6500000000
1790646439551,4124.5800000000,4124.6700000000
1790646443980,4124.6200000000,4124.7100000000
1790646444382,4124.5200000000,4124.6100000000
1790646445589,4124.5100000000,4124.6000000000
1790646446394,4124.4900000000,4124.5800000000
1790646448811,4124.5100000000,4124.6000000000
1790646449213,4124.5200000000,4124.6100000000
1790646450420,4124.5100000000,4124.6000000000
1790646451628,4124.5200000000,4124.6100000000
1790646453239,4124.5300000000,4124.6200000000
1790646454044,4124.5100000000,4124.6000000000
1790646454447,4124.5000000000,4124.5900000000
1790646458471,4124.4500000000,4124.5400000000
1790646462095,4124.4700000000,4124.5600000000
1790646462497,4124.4400000000,4124.5300000000
1790646463704,4124.4300000000,4124.5200000000
1790646464509,4124.4200000000,4124.5100000000
1790646464912,4124.3500000000,4124.4400000000
1790646466925,4124.3400000000,4124.4300000000
1790646468938,4124.3700000000,4124.4600000000
1790646470147,4124.3900000000,4124.4800000000
1790646471354,4124.4000000000,4124.4900000000
1790646472161,4124.3300000000,4124.4200000000
1790646473369,4124.2800000000,4124.3700000000
1790646478601,4124.2600000000,4124.3500000000
1790646479408,4124.2800000000,4124.3700000000
1790646480214,4124.3400000000,4124.4300000000
1790646480616,4124.3900000000,4124.4800000000
1790646481422,4124.4200000000,4124.5100000000
1790646482629,4124.4400000000,4124.5300000000
1790646483031,4124.4200000000,4124.5100000000
1790646484643,4124.4300000000,4124.5200000000
1790646485449,4124.4200000000,4124.5100000000
1790646485852,4124.4000000000,4124.4900000000
1790646490682,4124.4100000000,4124.5000000000
1790646491890,4124.4400000000,4124.5300000000
1790646492293,4124.4500000000,4124.5400000000
1790646492695,4124.4600000000,4124.5500000000
1790646498734,4124.4400000000,4124.5300000000
1790646499943,4124.4100000000,4124.5000000000
1790646503567,4124.4400000000,4124.5300000000
1790646504070,4124.4200000000,4124.5100000000
1790646504775,4124.4000000000,4124.4900000000
1790646508099,4124.1700000000,4124.2600000000
1790646508502,4124.1600000000,4124.2500000000
1790646509307,4124.1300000000,4124.2400000000
1790646509710,4124.1400000000,4124.2500000000
1790646510917,4124.1600000000,4124.2700000000
1790646511723,4124.1700000000,4124.2800000000
1790646512529,4124.1400000000,4124.2500000000
1790646512931,4124.1500000000,4124.2600000000
1790646513334,4124.1600000000,4124.2600000000
1790646513736,4124.1400000000,4124.2400000000
1790646514139,4124.1200000000,4124.2200000000
1790646515346,4124.1100000000,4124.2000000000
1790646516152,4124.0600000000,4124.1500000000
1790646516555,4124.0500000000,4124.1400000000
1790646517359,4124.0600000000,4124.1500000000
1790646518567,4124.2000000000,4124.2900000000
1790646518970,4124.1900000000,4124.2800000000
1790646519372,4124.1800000000,4124.3200000000
1790646520177,4124.2100000000,4124.3400000000
1790646521385,4124.2600000000,4124.3900000000
1790646521787,4124.2100000000,4124.3400000000
1790646522190,4124.2100000000,4124.3300000000
1790646522592,4124.2300000000,4124.3500000000
1790646522994,4124.1800000000,4124.3000000000
1790646523397,4124.1600000000,4124.2800000000
1790646523800,4124.1100000000,4124.2300000000
1790646524203,4124.1000000000,4124.2300000000
1790646524606,4124.0600000000,4124.1900000000
1790646525008,4124.0500000000,4124.1800000000
1790646525411,4124.0600000000,4124.1800000000
1790646526216,4124.0500000000,4124.1700000000
1790646527424,4124.0600000000,4124.1700000000
1790646528230,4124.0600000000,4124.1600000000
1790646530243,4124.0600000000,4124.1500000000
1790646530645,4124.0700000000,4124.1600000000
1790646532659,4124.1200000000,4124.2100000000
1790646533062,4124.1600000000,4124.2500000000
1790646533465,4124.2000000000,4124.2900000000
1790646534271,4124.1900000000,4124.2800000000
1790646535076,4124.1800000000,4124.2700000000
1790646535479,4124.1900000000,4124.2800000000
1790646535882,4124.2200000000,4124.3100000000
1790646536687,4124.3800000000,4124.4700000000
1790646537089,4124.4200000000,4124.5100000000
1790646537492,4124.4200000000,4124.5400000000
1790646537894,4124.4300000000,4124.5500000000
1790646539504,4124.4400000000,4124.5500000000
1790646540309,4124.4400000000,4124.5400000000
1790646542321,4124.4400000000,4124.5300000000
1790646543931,4124.4500000000,4124.5400000000
1790646544736,4124.4400000000,4124.5300000000
1790646552787,4124.4500000000,4124.5400000000
1790646554800,4124.4700000000,4124.5600000000
1790646556812,4124.5300000000,4124.6200000000
1790646557215,4124.5200000000,4124.6100000000
1790646558019,4124.5600000000,4124.6500000000
1790646559629,4124.5700000000,4124.6600000000
1790646560435,4124.6200000000,4124.7100000000
1790646561643,4124.5800000000,4124.6700000000
1790646562449,4124.6000000000,4124.6900000000
1790646563254,4124.6400000000,4124.7300000000
1790646570903,4124.6200000000,4124.7100000000
1790646571306,4124.6300000000,4124.7200000000
1790646579055,4124.6400000000,4124.7300000000
1790646579458,4124.6500000000,4124.7400000000
1790646583483,4124.4500000000,4124.5400000000
1790646584288,4124.3900000000,4124.5200000000
1790646585497,4124.3600000000,4124.5000000000
1790646586301,4124.3700000000,4124.5000000000
1790646588314,4124.3700000000,4124.4900000000
1790646590327,4124.3800000000,4124.4900000000
1790646592340,4124.3800000000,4124.4800000000
1790646593145,4124.3900000000,4124.4800000000
1790646595158,4124.2000000000,4124.2900000000
1790646595561,4124.2300000000,4124.3200000000
1790646596367,4124.2400000000,4124.3500000000
1790646598380,4124.2400000000,4124.3400000000
1790646599186,4124.2500000000,4124.3400000000
1790646600394,4124.2000000000,4124.2900000000
1790646606434,4124.2100000000,4124.3000000000
1790646611264,4124.2000000000,4124.2900000000
1790646612875,4124.2100000000,4124.3000000000
1790646613680,4124.2000000000,4124.2900000000
1790646616096,4124.2100000000,4124.3000000000
1790646616499,4124.2800000000,4124.3700000000
1790646618109,4124.2700000000,4124.3600000000
1790646618512,4123.9200000000,4124.0500000000
1790646618914,4123.8800000000,4124.0100000000
1790646619719,4123.8600000000,4123.9900000000
1790646620121,4123.8400000000,4123.9800000000
1790646620524,4123.7400000000,4123.8800000000
1790646621731,4123.7300000000,4123.8700000000
1790646624550,4123.7600000000,4123.9000000000
1790646625355,4123.7600000000,4123.8900000000
1790646625758,4123.7700000000,4123.9000000000
1790646626160,4123.7100000000,4123.8400000000
1790646626563,4123.6600000000,4123.7900000000
1790646626965,4123.6200000000,4123.7500000000
1790646628173,4123.6300000000,4123.7500000000
1790646630186,4123.6300000000,4123.7400000000
1790646632202,4123.6300000000,4123.7300000000
1790646634215,4123.6400000000,4123.7300000000
1790646635020,4123.6500000000,4123.7400000000
1790646637032,4123.6000000000,4123.6900000000
1790646637837,4123.5900000000,4123.6800000000
1790646639045,4123.5800000000,4123.6700000000
1790646644280,4123.5600000000,4123.6500000000
1790646645085,4123.7000000000,4123.7900000000
1790646646293,4123.6700000000,4123.7700000000
1790646647097,4123.6700000000,4123.7600000000
1790646654445,4123.4900000000,4123.5800000000
1790646654848,4123.4600000000,4123.5500000000
1790646655249,4123.4300000000,4123.5400000000
1790646657262,4123.4300000000,4123.5300000000
1790646657665,4123.3900000000,4123.4900000000
1790646658067,4123.4300000000,4123.5300000000
1790646658470,4123.4400000000,4123.5400000000
1790646659275,4123.4600000000,4123.5500000000
1790646660887,4123.5300000000,4123.6200000000
1790646661289,4123.5500000000,4123.6400000000
1790646662094,4123.6500000000,4123.7400000000
1790646662497,4123.6100000000,4123.7300000000
1790646662900,4123.7400000000,4123.8600000000
1790646664107,4123.7700000000,4123.8900000000
1790646664913,4123.7200000000,4123.8400000000
1790646665316,4123.7300000000,4123.8400000000
1790646666120,4123.7800000000,4123.8900000000
1790646666925,4123.4500000000,4123.5600000000
1790646667328,4123.4000000000,4123.5000000000
1790646668133,4123.3800000000,4123.5200000000
1790646668535,4123.3100000000,4123.4500000000
1790646668938,4123.2500000000,4123.3900000000
1790646670146,4123.2400000000,4123.3800000000
1790646670951,4123.3500000000,4123.4900000000
1790646671354,4123.3600000000,4123.5000000000
1790646672159,4123.3100000000,4123.4500000000
1790646674171,4123.3100000000,4123.4400000000
1790646674574,4123.2900000000,4123.4200000000
1790646675379,4123.2900000000,4123.4100000000
1790646677392,4123.3000000000,4123.4100000000
1790646677795,4123.2900000000,4123.4000000000
1790646679404,4123.2900000000,4123.3900000000
1790646680209,4123.3100000000,4123.4000000000
1790646680611,4123.2700000000,4123.3600000000
1790646684238,4123.2800000000,4123.3700000000
1790646684641,4123.0800000000,4123.1700000000
1790646685043,4123.0600000000,4123.1500000000
1790646685446,4123.0400000000,4123.1300000000
1790646686251,4123.0300000000,4123.1400000000
1790646687460,4123.0300000000,4123.1300000000
1790646688266,4123.0400000000,4123.1300000000
1790646688668,4122.8900000000,4122.9800000000
1790646689070,4122.8700000000,4122.9600000000
1790646689473,4122.8400000000,4122.9300000000
1790646689877,4122.8500000000,4122.9400000000
1790646690281,4122.7700000000,4122.8800000000
1790646691085,4122.8100000000,4122.9200000000
1790646691488,4122.8200000000,4122.9300000000
1790646692697,4122.8300000000,4122.9400000000
1790646693502,4122.8100000000,4122.9200000000
1790646694308,4122.7700000000,4122.8700000000
1790646694710,4122.7400000000,4122.8400000000
1790646695113,4122.8500000000,4122.9400000000
1790646695516,4122.8300000000,4122.9200000000
1790646697529,4122.8500000000,4122.9400000000
1790646699541,4122.7700000000,4122.8600000000
1790646699944,4122.2400000000,4122.3300000000
1790646700348,4122.2200000000,4122.3100000000
1790646700750,4122.1700000000,4122.2600000000
1790646701153,4122.1300000000,4122.2700000000
1790646703568,4122.1600000000,4122.3000000000
1790646705179,4122.1600000000,4122.2900000000
1790646705582,4122.1000000000,4122.2300000000
1790646705984,4122.2000000000,4122.3300000000
1790646706789,4122.2400000000,4122.3700000000
1790646707996,4122.1700000000,4122.3000000000
1790646708399,4122.2300000000,4122.3500000000
1790646708801,4122.0400000000,4122.1600000000
1790646709203,4121.9800000000,4122.0900000000
1790646710411,4121.9700000000,4122.0900000000
1790646710813,4122.0100000000,4122.1300000000
1790646711216,4122.0200000000,4122.1300000000
1790646711618,4122.0100000000,4122.1200000000
1790646712423,4122.0200000000,4122.1300000000
1790646713230,4122.0700000000,4122.1700000000
1790646713632,4122.1400000000,4122.2400000000
1790646714035,4122.0800000000,4122.1800000000
1790646714438,4122.0300000000,4122.1400000000
1790646714841,4122.0100000000,4122.1200000000
1790646715243,4121.9400000000,4122.0400000000
1790646715645,4121.8600000000,4121.9600000000
1790646716048,4121.8800000000,4121.9800000000
1790646717256,4121.8600000000,4121.9500000000
1790646718061,4121.8900000000,4121.9800000000
1790646718866,4121.8400000000,4121.9300000000
1790646719369,4121.7800000000,4121.8700000000
1790646719772,4121.7700000000,4121.8600000000
1790646720476,4121.7900000000,4121.8800000000
1790646720979,4121.7800000000,4121.8700000000
1790646721784,4121.8000000000,4121.8900000000
1790646722187,4121.7900000000,4121.8800000000
1790646722589,4121.7600000000,4121.8500000000
1790646723797,4121.7800000000,4121.8700000000
1790646724200,4121.7700000000,4121.8600000000
1790646724602,4121.8700000000,4121.9600000000
1790646725005,4121.9200000000,4122.0100000000
1790646725407,4121.9600000000,4122.0500000000
1790646725810,4121.9700000000,4122.0600000000
1790646726213,4121.9500000000,4122.0400000000
1790646726615,4121.8900000000,4121.9800000000
1790646727017,4121.9100000000,4122.0000000000
1790646727823,4121.9300000000,4122.0200000000
1790646728627,4121.8800000000,4121.9700000000
1790646729029,4121.8600000000,4121.9500000000
1790646732652,4121.8500000000,4121.9400000000
1790646736275,4121.7000000000,4121.7900000000
1790646736678,4121.4100000000,4121.5000000000
1790646737082,4121.3000000000,4121.3900000000
1790646737485,4121.2800000000,4121.4200000000
1790646737888,4121.4500000000,4121.5900000000
1790646738291,4121.5200000000,4121.6500000000
1790646738693,4121.5100000000,4121.6400000000
1790646739096,4121.4900000000,4121.6200000000
1790646739499,4121.4600000000,4121.6000000000
1790646740304,4121.4700000000,4121.6000000000
1790646742317,4121.3500000000,4121.4700000000
1790646742720,4121.2700000000,4121.3900000000
1790646743525,4121.2500000000,4121.3700000000
1790646744331,4121.2500000000,4121.3600000000
1790646745136,4121.2200000000,4121.3200000000
1790646745942,4121.2500000000,4121.3500000000
1790646746345,4121.2500000000,4121.3400000000
1790646746747,4121.2700000000,4121.3600000000
1790646748760,4121.2300000000,4121.3200000000
1790646749163,4121.1800000000,4121.2700000000
1790646749565,4121.1300000000,4121.2200000000
1790646749968,4121.1000000000,4121.1900000000
1790646750370,4121.1100000000,4121.2000000000
1790646750773,4121.0700000000,4121.1600000000
1790646756006,4121.1400000000,4121.2300000000
1790646756408,4121.0700000000,4121.1600000000
1790646757215,4121.0300000000,4121.1200000000
1790646758825,4121.0200000000,4121.1100000000
1790646760033,4120.9500000000,4121.0400000000
1790646763254,4121.0100000000,4121.1000000000
1790646766475,4120.9600000000,4121.0500000000
1790646766877,4120.9700000000,4121.0600000000
1790646768488,4120.9500000000,4121.0400000000
1790646769696,4121.0300000000,4121.1200000000
1790646770903,4121.0200000000,4121.1100000000
1790646771708,4121.0300000000,4121.1200000000
1790646772110,4121.0200000000,4121.1100000000
1790646773318,4120.9400000000,4121.0300000000
1790646773721,4120.8600000000,4120.9500000000
1790646774123,4120.7900000000,4120.8800000000
1790646774526,4120.8100000000,4120.9000000000
1790646780161,4121.0300000000,4121.1200000000
1790646780563,4121.0700000000,4121.1600000000
1790646781369,4121.0400000000,4121.1700000000
1790646781772,4121.1400000000,4121.2700000000
1790646782176,4121.1700000000,4121.2900000000
1790646782578,4121.1400000000,4121.2600000000
1790646783786,4121.1800000000,4121.3000000000
1790646784189,4121.1800000000,4121.2900000000
1790646784592,4121.2100000000,4121.3200000000
1790646785397,4121.2000000000,4121.3000000000
1790646786605,4121.2300000000,4121.3300000000
1790646787409,4120.9500000000,4121.0400000000
1790646787811,4120.9600000000,4121.0500000000
1790646788214,4120.9300000000,4121.0700000000
1790646789422,4120.9300000000,4121.0600000000
1790646790228,4120.8500000000,4120.9800000000
1790646791435,4120.8200000000,4120.9400000000
1790646793447,4120.8200000000,4120.9300000000
1790646793850,4120.8100000000,4120.9200000000
1790646794252,4120.8200000000,4120.9200000000
1790646795158,4120.8000000000,4120.8900000000
1790646795963,4120.5400000000,4120.6300000000
1790646796365,4120.4900000000,4120.6100000000
1790646796768,4120.4800000000,4120.6000000000
1790646797170,4120.4800000000,4120.5900000000
1790646797572,4120.4700000000,4120.5800000000
1790646798377,4120.5000000000,4120.6100000000
1790646799182,4120.4700000000,4120.5700000000
1790646799584,4120.5000000000,4120.6000000000
1790646800389,4120.5200000000,4120.6100000000
1790646801999,4120.7800000000,4120.8700000000
1790646802402,4120.8600000000,4120.9500000000
1790646802804,4120.8100000000,4120.9000000000
1790646803207,4120.7800000000,4120.9200000000
1790646803609,4120.7200000000,4120.8600000000
1790646804415,4120.7500000000,4120.8900000000
1790646805220,4120.8200000000,4120.9600000000
1790646807232,4120.8300000000,4120.9600000000
1790646807635,4120.8400000000,4120.9700000000
1790646808440,4120.8900000000,4121.0100000000
1790646809245,4120.9000000000,4121.0100000000
1790646809648,4121.0500000000,4121.1600000000
1790646810452,4121.0900000000,4121.2000000000
1790646811258,4121.1000000000,4121.2000000000
1790646812465,4121.1000000000,4121.1900000000
1790646814075,4121.1300000000,4121.2200000000
1790646815283,4121.1600000000,4121.2500000000
1790646815685,4121.1700000000,4121.2600000000
1790646816491,4121.1300000000,4121.2200000000
1790646816894,4120.9100000000,4121.0000000000
1790646817297,4120.8300000000,4120.9200000000
1790646818505,4120.7700000000,4120.9100000000
1790646819310,4120.7800000000,4120.9100000000
1790646820115,4120.7800000000,4120.9000000000
1790646821323,4120.8200000000,4120.9300000000
1790646821725,4120.8500000000,4120.9600000000
1790646822934,4120.8400000000,4120.9500000000
1790646823336,4120.8400000000,4120.9400000000
1790646824141,4120.8200000000,4120.9100000000
1790646826154,4121.1000000000,4121.1900000000
1790646826557,4121.1500000000,4121.2400000000
1790646826960,4121.1800000000,4121.2700000000
1790646827363,4121.1600000000,4121.3000000000
1790646827765,4121.1700000000,4121.3100000000
1790646829375,4121.1700000000,4121.3000000000
1790646830180,4121.1800000000,4121.3000000000
1790646830582,4121.0100000000,4121.1300000000
1790646831790,4120.9600000000,4121.0800000000
1790646832192,4120.9000000000,4121.0200000000
1790646833401,4120.8900000000,4121.0000000000
1790646834206,4120.9000000000,4120.9900000000
1790646835816,4120.9200000000,4121.0100000000
1790646836621,4120.9700000000,4121.0600000000
1790646837426,4120.9400000000,4121.0300000000
1790646837828,4120.9500000000,4121.0400000000
1790646838633,4120.9600000000,4121.0500000000
1790646839036,4120.9400000000,4121.0300000000
1790646840647,4121.0400000000,4121.1300000000
1790646841050,4121.0500000000,4121.1400000000
1790646841453,4121.1000000000,4121.1900000000
1790646841856,4121.1300000000,4121.2200000000
1790646842259,4121.1800000000,4121.2700000000
1790646842661,4121.2000000000,4121.2900000000
1790646843063,4121.2100000000,4121.3000000000
1790646843466,4121.0900000000,4121.1800000000
1790646845882,4121.2600000000,4121.3500000000
1790646846285,4121.5500000000,4121.6400000000
1790646846688,4121.6000000000,4121.6900000000
1790646847090,4121.5900000000,4121.7300000000
1790646847895,4121.6800000000,4121.8200000000
1790646849103,4121.8600000000,4122.0000000000
1790646849506,4121.8700000000,4122.0100000000
1790646849910,4121.8800000000,4122.0200000000
1790646850312,4121.8900000000,4122.0200000000
1790646850715,4121.9000000000,4122.0300000000
1790646851117,4121.9700000000,4122.0900000000
1790646851520,4121.9500000000,4122.0700000000
1790646852324,4121.9500000000,4122.0600000000
1790646852727,4121.9400000000,4122.0500000000
1790646853130,4121.8200000000,4121.9300000000
1790646853533,4121.7900000000,4121.9000000000
1790646854337,4121.7100000000,4121.8400000000
1790646855143,4121.7200000000,4121.8400000000
1790646855545,4121.6600000000,4121.7800000000
1790646857155,4121.6700000000,4121.7700000000
1790646858362,4121.6800000000,4121.7700000000
1790646859973,4121.6700000000,4121.7600000000
1790646860375,4121.7700000000,4121.8600000000
1790646861180,4121.7900000000,4121.8800000000
1790646862388,4121.7100000000,4121.8000000000
1790646863193,4121.7000000000,4121.7900000000
1790646863997,4121.7300000000,4121.8200000000
1790646864399,4121.7000000000,4121.7900000000
1790646864802,4121.6700000000,4121.7600000000
1790646866011,4121.6900000000,4121.7800000000
1790646869639,4121.6700000000,4121.7600000000
1790646874876,4121.5600000000,4121.6500000000
1790646875379,4121.6100000000,4121.7000000000
1790646876185,4121.5700000000,4121.6600000000
1790646882226,4121.5200000000,4121.6100000000
1790646882629,4121.5000000000,4121.5900000000
1790646883837,4121.4700000000,4121.5600000000
1790646885447,4121.4800000000,4121.5700000000
1790646885850,4121.4700000000,4121.5600000000
1790646886655,4121.4400000000,4121.5300000000
1790646891083,4121.4900000000,4121.5800000000
1790646891889,4121.4800000000,4121.5700000000
1790646892291,4121.4900000000,4121.5800000000
1790646893904,4121.5300000000,4121.6200000000
1790646895916,4121.5100000000,4121.6000000000
1790646896721,4121.4800000000,4121.5700000000
1790646897124,4121.5900000000,4121.6800000000
1790646897929,4121.6400000000,4121.7300000000
1790646898734,4121.6200000000,4121.7100000000
1790646899941,4121.6100000000,4121.7000000000
1790646901550,4121.6000000000,4121.6900000000
1790646902355,4121.5800000000,4121.6700000000
1790646902758,4121.5900000000,4121.6800000000
1790646904367,4121.4400000000,4121.5300000000
1790646904770,4121.4300000000,4121.5200000000
1790646905575,4121.4000000000,4121.4900000000
1790646905978,4121.3900000000,4121.4800000000
1790646906380,4121.3300000000,4121.4200000000
1790646907186,4121.3500000000,4121.4400000000
1790646908393,4121.3200000000,4121.4100000000
1790646909198,4121.2500000000,4121.3400000000
1790646910406,4121.2800000000,4121.3700000000
1790646912017,4121.2700000000,4121.3600000000
1790646912822,4121.2600000000,4121.3500000000
1790646913628,4121.2500000000,4121.3400000000
1790646914030,4121.2700000000,4121.3600000000
1790646916848,4121.3200000000,4121.4100000000
1790646917251,4121.3000000000,4121.3900000000
1790646918056,4121.3500000000,4121.4400000000
1790646919265,4121.3300000000,4121.4200000000
1790646919667,4121.3700000000,4121.4600000000
1790646920473,4121.3900000000,4121.4800000000
1790646920876,4121.3700000000,4121.4600000000
1790646922083,4121.4000000000,4121.4900000000
1790646924096,4121.4100000000,4121.5000000000
1790646924499,4121.4000000000,4121.4900000000
1790646925304,4121.3500000000,4121.4400000000
1790646927317,4121.3700000000,4121.4600000000
1790646928122,4121.3800000000,4121.4700000000
1790646928927,4121.4000000000,4121.4900000000
1790646929330,4121.3900000000,4121.4800000000
1790646932952,4121.4000000000,4121.4900000000
1790646935771,4121.3800000000,4121.4700000000
1790646936575,4121.4200000000,4121.5100000000
1790646939091,4121.6200000000,4121.7100000000
1790646939493,4121.6300000000,4121.7400000000
1790646942312,4121.6400000000,4121.7400000000
1790646944325,4121.6400000000,4121.7300000000
1790646947947,4121.7300000000,4121.8200000000
1790646948349,4121.7200000000,4121.8200000000
1790646948752,4121.7100000000,4121.8100000000
1790646950362,4121.7100000000,4121.8000000000
1790646954389,4121.8000000000,4121.8900000000
1790646955597,4121.7900000000,4121.8800000000
1790646956401,4121.7900000000,4121.8900000000
1790646957208,4121.8000000000,4121.8900000000
1790646958012,4121.8200000000,4121.9100000000
1790646961234,4121.8500000000,4121.9400000000
1790646961636,4121.8400000000,4121.9300000000
1790646962441,4121.8200000000,4121.9100000000
1790646962844,4121.8700000000,4121.9600000000
1790646963649,4121.9200000000,4122.0100000000
1790646964856,4121.5800000000,4121.6700000000
1790646965259,4121.5900000000,4121.7300000000
1790646965662,4121.6200000000,4121.7600000000
1790646968480,4121.6100000000,4121.7500000000
1790646969284,4121.6000000000,4121.7400000000
1790646970090,4121.6100000000,4121.7400000000
1790646972530,4121.6100000000,4121.7300000000
1790646974140,4121.6500000000,4121.7600000000
1790646974946,4121.5500000000,4121.6600000000
1790646976153,4121.5600000000,4121.6600000000
1790646978168,4121.6900000000,4121.7900000000
1790646978974,4121.7600000000,4121.8600000000
1790646980182,4121.7600000000,4121.8500000000
1790646982999,4121.7700000000,4121.8600000000
1790646987427,4121.7600000000,4121.8500000000
1790646988634,4121.7200000000,4121.8100000000
1790646989439,4121.7800000000,4121.8700000000
1790646990245,4121.8000000000,4121.8900000000
1790646992259,4121.7800000000,4121.8700000000
1790646993065,4121.7600000000,4121.8500000000
1790646993870,4121.7100000000,4121.8000000000
1790646995077,4121.7500000000,4121.8400000000
1790646995882,4121.7700000000,4121.8600000000
1790647001217,4121.7600000000,4121.8500000000
1790647005645,4121.8400000000,4121.9300000000
1790647006047,4121.8500000000,4121.9400000000
1790647006450,4121.8600000000,4121.9500000000
1790647006852,4121.8900000000,4121.9800000000
1790647007254,4121.8700000000,4121.9600000000
1790647008058,4121.8300000000,4121.9200000000
1790647010475,4121.8600000000,4121.9500000000
1790647015307,4121.8500000000,4121.9400000000
1790647016114,4121.8700000000,4121.9600000000
1790647016517,4121.8600000000,4121.9500000000
1790647020139,4121.8600000000,4121.9500000000
1790647020542,4121.8800000000,4121.9700000000
1790647021749,4121.7700000000,4121.8600000000
1790647022554,4121.7200000000,4121.8100000000
1790647026981,4121.7000000000,4121.7900000000
1790647027786,4121.7500000000,4121.8400000000
1790647029396,4121.7400000000,4121.8300000000
1790647031006,4121.7100000000,4121.8000000000
1790647037449,4121.7600000000,4121.8500000000
1790647037851,4121.7300000000,4121.8200000000
1790647038253,4121.7000000000,4121.7900000000
1790647041876,4121.6800000000,4121.7700000000
1790647042278,4121.7100000000,4121.8000000000
1790647042680,4121.7300000000,4121.8200000000
1790647043486,4121.7400000000,4121.8300000000
1790647044291,4121.6800000000,4121.7700000000
1790647044694,4121.5700000000,4121.6600000000
1790647045499,4121.5500000000,4121.6400000000
1790647046304,4121.5400000000,4121.6500000000
1790647046707,4121.5700000000,4121.6800000000
1790647048318,4121.5600000000,4121.6700000000
1790647049525,4121.5400000000,4121.6500000000
1790647050330,4121.5700000000,4121.6700000000
1790647051136,4121.5700000000,4121.6800000000
1790647052343,4121.5700000000,4121.6700000000
1790647053149,4121.5800000000,4121.6700000000
1790647053552,4121.6500000000,4121.7400000000
1790647054759,4121.6700000000,4121.7600000000
1790647055162,4121.6700000000,4121.7700000000
1790647056369,4121.6700000000,4121.7600000000
1790647058381,4121.6800000000,4121.7700000000
1790647068849,4121.7100000000,4121.8000000000
1790647070056,4121.7000000000,4121.7900000000
1790647070459,4121.6700000000,4121.7600000000
1790647074183,4121.6900000000,4121.7800000000
1790647074988,4121.7300000000,4121.8200000000
1790647075391,4121.7200000000,4121.8100000000
1790647076198,4121.6600000000,4121.7500000000
1790647077304,4121.8800000000,4121.9700000000
1790647077808,4121.8500000000,4121.9400000000
1790647078211,4121.8100000000,4121.9500000000
1790647080225,4121.8100000000,4121.9500000000
1790647082236,4121.8100000000,4121.9400000000
1790647084250,4121.8200000000,4121.9400000000
1790647084652,4121.8400000000,4121.9600000000
1790647085457,4121.8200000000,4121.9300000000
1790647086262,4121.8200000000,4121.9200000000
1790647087470,4121.8300000000,4121.9200000000
1790647090288,4121.7300000000,4121.8200000000
1790647090691,4121.7200000000,4121.8100000000
1790647091496,4121.6800000000,4121.7900000000
1790647092302,4121.6800000000,4121.7800000000
1790647094314,4121.6900000000,4121.7800000000
1790647103171,4121.5700000000,4121.6600000000
1790647103574,4121.6900000000,4121.7800000000
1790647104378,4121.6800000000,4121.7900000000
1790647105184,4121.6600000000,4121.8000000000
1790647107195,4121.6700000000,4121.8000000000
1790647108403,4121.6700000000,4121.7900000000
1790647108806,4121.7800000000,4121.9000000000
1790647109208,4121.7600000000,4121.8800000000
1790647110013,4121.7000000000,4121.8200000000
1790647110416,4121.7100000000,4121.8500000000
1790647110819,4121.7200000000,4121.8600000000
1790647111221,4121.7200000000,4121.8500000000
1790647112428,4121.7300000000,4121.8500000000
1790647113234,4121.7300000000,4121.8400000000
1790647114442,4121.7400000000,4121.8400000000
1790647114845,4121.6900000000,4121.7900000000
1790647115247,4121.7000000000,4121.7900000000
1790647115649,4121.6900000000,4121.7800000000
1790647116051,4121.6600000000,4121.7500000000
1790647116454,4121.6600000000,4121.7600000000
1790647117259,4121.6600000000,4121.7500000000
1790647118869,4121.6500000000,4121.7400000000
1790647119271,4121.5800000000,4121.6700000000
1790647122090,4121.4500000000,4121.5400000000
1790647122492,4121.4200000000,4121.5100000000
1790647123299,4121.3900000000,4121.5300000000
1790647126118,4121.3400000000,4121.4700000000
1790647127326,4121.3500000000,4121.4700000000
1790647128133,4121.3500000000,4121.4600000000
1790647129341,4121.3600000000,4121.4600000000
1790647130146,4121.3600000000,4121.4500000000
1790647140213,4121.3500000000,4121.4400000000
1790647141017,4121.3700000000,4121.4600000000
1790647141420,4121.3600000000,4121.4500000000
1790647142225,4121.2800000000,4121.3700000000
1790647143030,4121.3100000000,4121.4000000000
1790647145848,4121.2900000000,4121.3800000000
1790647146652,4121.3300000000,4121.4200000000
1790647147055,4121.3400000000,4121.4300000000
1790647147458,4121.2900000000,4121.3800000000
1790647148263,4121.2800000000,4121.3700000000
1790647150277,4121.3200000000,4121.4200000000
1790647150679,4121.3100000000,4121.4100000000
1790647151085,4121.3000000000,4121.4100000000
1790647151487,4121.2800000000,4121.3900000000
1790647151891,4121.3200000000,4121.4300000000
1790647152293,4121.3300000000,4121.4400000000
1790647152695,4121.3500000000,4121.4600000000
1790647153097,4121.3400000000,4121.4700000000
1790647154305,4121.3500000000,4121.4700000000
1790647155110,4121.3500000000,4121.4600000000
1790647156318,4121.3600000000,4121.4500000000
1790647157525,4121.3100000000,4121.4000000000
1790647158028,4121.3000000000,4121.3900000000
1790647158431,4121.3300000000,4121.4200000000
1790647158833,4121.6000000000,4121.6900000000
1790647160040,4121.6700000000,4121.7600000000
1790647160443,4121.7900000000,4121.9300000000
1790647160845,4121.8200000000,4121.9600000000
1790647161248,4121.8600000000,4122.0000000000
1790647161650,4121.8700000000,4122.0100000000
1790647163262,4121.8600000000,4122.0000000000
1790647164470,4121.8100000000,4121.9500000000
1790647165678,4121.7000000000,4121.8400000000
1790647166081,4121.6800000000,4121.8200000000
1790647166484,4121.6900000000,4121.8200000000
1790647166886,4121.6600000000,4121.7900000000
1790647167289,4121.6600000000,4121.8000000000
1790647168899,4121.6300000000,4121.7700000000
1790647169301,4121.6400000000,4121.7700000000
1790647171314,4121.6500000000,4121.7700000000
1790647171717,4121.7700000000,4121.8900000000
1790647172119,4121.8200000000,4121.9400000000
1790647172522,4121.7400000000,4121.8600000000
1790647173327,4121.7100000000,4121.8300000000
1790647174535,4121.7400000000,4121.8600000000
1790647175340,4121.7400000000,4121.8500000000
1790647175743,4121.8000000000,4121.9100000000
1790647176145,4121.7900000000,4121.9000000000
1790647177352,4121.8500000000,4121.9500000000
1790647178157,4121.8500000000,4121.9600000000
1790647179365,4121.8000000000,4121.9000000000
1790647180573,4121.7700000000,4121.8700000000
1790647182183,4121.7700000000,4121.8600000000
1790647182585,4121.7900000000,4121.8800000000
1790647183391,4121.8400000000,4121.9300000000
1790647184599,4121.8200000000,4121.9100000000
1790647185808,4121.8800000000,4121.9700000000
1790647186210,4121.8400000000,4121.9300000000
1790647186612,4121.8100000000,4121.9000000000
1790647187015,4121.7900000000,4121.8800000000
1790647191040,4121.7400000000,4121.8300000000
1790647191846,4121.7500000000,4121.8400000000
1790647193054,4121.7100000000,4121.8000000000
1790647193860,4121.6100000000,4121.7000000000
1790647194264,4121.5700000000,4121.6600000000
1790647195472,4121.5400000000,4121.6300000000
1790647196679,4121.5500000000,4121.6400000000
1790647197483,4121.5600000000,4121.6500000000
1790647198288,4121.5400000000,4121.6300000000
1790647200300,4121.6600000000,4121.7500000000
1790647200703,4121.4000000000,4121.4900000000
1790647201106,4121.5000000000,4121.5900000000
1790647201509,4121.5400000000,4121.6300000000
1790647201911,4121.6300000000,4121.7200000000
1790647203723,4121.9500000000,4122.0900000000
1790647204227,4122.3400000000,4122.4800000000
1790647205434,4122.2900000000,4122.4300000000
1790647205837,4122.2400000000,4122.3800000000
1790647206240,4122.2900000000,4122.4300000000
1790647206642,4122.3400000000,4122.4800000000
1790647209460,4122.3500000000,4122.4800000000
1790647209862,4122.3200000000,4122.4500000000
1790647210266,4122.3300000000,4122.4600000000
1790647211073,4122.3200000000,4122.4500000000
1790647211475,4122.4100000000,4122.5300000000
1790647211878,4122.2300000000,4122.3500000000
1790647212684,4122.2000000000,4122.3200000000
1790647213086,4122.1600000000,4122.2800000000
1790647213891,4122.1800000000,4122.3000000000
1790647214294,4122.1900000000,4122.3000000000
1790647214697,4122.3000000000,4122.4100000000
1790647215099,4122.3400000000,4122.4500000000
1790647215905,4122.5400000000,4122.6500000000
1790647216308,4122.5600000000,4122.6700000000
1790647216711,4122.6300000000,4122.7400000000
1790647217114,4122.7500000000,4122.8700000000
1790647218724,4122.7900000000,4122.9100000000
1790647219127,4122.8400000000,4122.9500000000
1790647219529,4122.8300000000,4122.9400000000
1790647221140,4122.8300000000,4122.9300000000
1790647221543,4122.8000000000,4122.9000000000
1790647222348,4122.7800000000,4122.8800000000
1790647223153,4122.7900000000,4122.8800000000
1790647225567,4122.7100000000,4122.8000000000
1790647225970,4122.6900000000,4122.7800000000
1790647226373,4122.6800000000,4122.7700000000
1790647229190,4122.7000000000,4122.7900000000
1790647229995,4122.7500000000,4122.8400000000
1790647230397,4122.7300000000,4122.8200000000
1790647230800,4122.7400000000,4122.8300000000
1790647231605,4122.7700000000,4122.8600000000
1790647232007,4122.7800000000,4122.8700000000
1790647232410,4122.7500000000,4122.8400000000
1790647232813,4122.7000000000,4122.7900000000
1790647233315,4122.6800000000,4122.7700000000
1790647233718,4122.6900000000,4122.7800000000
1790647234523,4122.6600000000,4122.7500000000
1790647239757,4122.6500000000,4122.7400000000
1790647240561,4122.6100000000,4122.7000000000
1790647240963,4122.5800000000,4122.6700000000
1790647241366,4122.5700000000,4122.6600000000
1790647241769,4122.5600000000,4122.6500000000
1790647242172,4122.5300000000,4122.6200000000
1790647242574,4122.4900000000,4122.5800000000
1790647242977,4122.5300000000,4122.6200000000
1790647244587,4122.5600000000,4122.6500000000
1790647245392,4122.5300000000,4122.6200000000
1790647245795,4122.5500000000,4122.6400000000
1790647248210,4122.5400000000,4122.6300000000
1790647249418,4122.5100000000,4122.6000000000
1790647253441,4122.5400000000,4122.6300000000
1790647254250,4122.7300000000,4122.8200000000
1790647254652,4122.7900000000,4122.8800000000
1790647255458,4122.8100000000,4122.9000000000
1790647257873,4122.7800000000,4122.8700000000
1790647259885,4122.8200000000,4122.9100000000
1790647260287,4123.1700000000,4123.2600000000
1790647261495,4123.2100000000,4123.3500000000
1790647263709,4123.2200000000,4123.3500000000
1790647265320,4123.3600000000,4123.4800000000
1790647265723,4123.3300000000,4123.4500000000
1790647266931,4123.3200000000,4123.4400000000
1790647267333,4123.3400000000,4123.4600000000
1790647268943,4123.3200000000,4123.4400000000
1790647269345,4123.2300000000,4123.3400000000
1790647269748,4123.2200000000,4123.3300000000
1790647270151,4123.2100000000,4123.3400000000
1790647270554,4123.0800000000,4123.2100000000
1790647270956,4123.0400000000,4123.1700000000
1790647272164,4123.0300000000,4123.1500000000
1790647272566,4123.0500000000,4123.1700000000
1790647273372,4123.0500000000,4123.1600000000
1790647274177,4123.0600000000,4123.1600000000
1790647275384,4123.0700000000,4123.1600000000
1790647276592,4123.0900000000,4123.1800000000
1790647276994,4123.1300000000,4123.2200000000
1790647277800,4123.1900000000,4123.2800000000
1790647279813,4123.1800000000,4123.2700000000
1790647280216,4123.1500000000,4123.2400000000
1790647280618,4123.1700000000,4123.2600000000
1790647282228,4123.1600000000,4123.2500000000
1790647282631,4123.1700000000,4123.2600000000
1790647283033,4123.0800000000,4123.1700000000
1790647283436,4123.0300000000,4123.1200000000
1790647283839,4123.0200000000,4123.1100000000
1790647284241,4122.5100000000,4122.6000000000
1790647285045,4122.4800000000,4122.5700000000
1790647285448,4122.4600000000,4122.6000000000
1790647285851,4122.4400000000,4122.5800000000
1790647287058,4122.4300000000,4122.5700000000
1790647287461,4122.4500000000,4122.5900000000
1790647289070,4122.4900000000,4122.6200000000
1790647290278,4122.5000000000,4122.6200000000
1790647290681,4122.4700000000,4122.5900000000
1790647291487,4122.7400000000,4122.8600000000
1790647292292,4122.7700000000,4122.9000000000
1790647292695,4122.6500000000,4122.7800000000
1790647293199,4122.6000000000,4122.7300000000
1790647294004,4122.6200000000,4122.7500000000
1790647294407,4122.6300000000,4122.7500000000
1790647294810,4122.6200000000,4122.7400000000
1790647296419,4122.6300000000,4122.7400000000
1790647297223,4122.6300000000,4122.7300000000
1790647298431,4122.6400000000,4122.7300000000
1790647299236,4122.6700000000,4122.7600000000
1790647300444,4122.6800000000,4122.7700000000
1790647304872,4122.7000000000,4122.7900000000
1790647306081,4122.7500000000,4122.8400000000
1790647309302,4122.7600000000,4122.8500000000
1790647310510,4122.7900000000,4122.8800000000
1790647312122,4123.0100000000,4123.1000000000
1790647312524,4123.0300000000,4123.1200000000
1790647312927,4123.0800000000,4123.1700000000
1790647313329,4123.1200000000,4123.2200000000
1790647314134,4123.1600000000,4123.2500000000
1790647314940,4123.1200000000,4123.2100000000
1790647316952,4123.1400000000,4123.2300000000
1790647317355,4123.1700000000,4123.2600000000
1790647319367,4122.8700000000,4122.9600000000
1790647319770,4122.8300000000,4122.9200000000
1790647320174,4122.7700000000,4122.9100000000
1790647320978,4122.7300000000,4122.8700000000
1790647321380,4122.7800000000,4122.9200000000
1790647322185,4122.7800000000,4122.9100000000
1790647322587,4122.8000000000,4122.9300000000
1790647322990,4122.7900000000,4122.9200000000
1790647323393,4122.8100000000,4122.9300000000
1790647323796,4122.8300000000,4122.9500000000
1790647324198,4122.8300000000,4122.9400000000
1790647325003,4122.8000000000,4122.9100000000
1790647326211,4122.7800000000,4122.8700000000
1790647326613,4122.6500000000,4122.7400000000
1790647327016,4122.5800000000,4122.6700000000
1790647327418,4122.5300000000,4122.6500000000
1790647328223,4122.1800000000,4122.2800000000
1790647328626,4122.1300000000,4122.2300000000
1790647329431,4122.1100000000,4122.2500000000
1790647329833,4122.1200000000,4122.2600000000
1790647330235,4122.1100000000,4122.2500000000
1790647331041,4122.0900000000,4122.2300000000
1790647332248,4122.1000000000,4122.2300000000
1790647333456,4122.1100000000,4122.2300000000
1790647333858,4122.2300000000,4122.3500000000
1790647334663,4122.2700000000,4122.3900000000
1790647336273,4122.2400000000,4122.3500000000
1790647337077,4122.2500000000,4122.3400000000
1790647337480,4122.1700000000,4122.2600000000
1790647338285,4122.1500000000,4122.2400000000
1790647343115,4122.2200000000,4122.3100000000
1790647343920,4122.3000000000,4122.3900000000
1790647345531,4122.2900000000,4122.3800000000
1790647345933,4122.2700000000,4122.3600000000
1790647350059,4122.2800000000,4122.3700000000
1790647350462,4122.2300000000,4122.3200000000
1790647350865,4122.1800000000,4122.2700000000
1790647351267,4122.0800000000,4122.1700000000
1790647352072,4122.4100000000,4122.5000000000
1790647352475,4122.4400000000,4122.5300000000
1790647352878,4122.4600000000,4122.5500000000
1790647353683,4122.4100000000,4122.5000000000
1790647356501,4122.3700000000,4122.4600000000
1790647357306,4122.3500000000,4122.4400000000
1790647361735,4122.4700000000,4122.5600000000
1790647362137,4122.5200000000,4122.6100000000
1790647362540,4122.4500000000,4122.5400000000
1790647363345,4122.4000000000,4122.4900000000
1790647364552,4122.4100000000,4122.5000000000
1790647366565,4122.4500000000,4122.5400000000
1790647366968,4122.5600000000,4122.6500000000
1790647367773,4122.5800000000,4122.6700000000
1790647368175,4122.1400000000,4122.2300000000
1790647369383,4122.0800000000,4122.2200000000
1790647370590,4122.1800000000,4122.3200000000
1790647371799,4122.2400000000,4122.3800000000
1790647372200,4122.2500000000,4122.3900000000
1790647373408,4122.2500000000,4122.3800000000
1790647375421,4122.2500000000,4122.3700000000
1790647376226,4122.2600000000,4122.3700000000
1790647377433,4122.2700000000,4122.3700000000
1790647378238,4122.2700000000,4122.3600000000
1790647379446,4122.2800000000,4122.3700000000
1790647380653,4122.2900000000,4122.3800000000
1790647384682,4122.2600000000,4122.3500000000
1790647385084,4122.2500000000,4122.3400000000
1790647385889,4122.2700000000,4122.3600000000
1790647387902,4122.1800000000,4122.2700000000
1790647388304,4122.0900000000,4122.1800000000
1790647388707,4122.0700000000,4122.1600000000
1790647389513,4122.0500000000,4122.1400000000
1790647390318,4122.0800000000,4122.1700000000
1790647401592,4122.1100000000,4122.2000000000
1790647402800,4122.0400000000,4122.1300000000
1790647405617,4122.0700000000,4122.1600000000
1790647411653,4122.3800000000,4122.4700000000
1790647412056,4122.5300000000,4122.6200000000
1790647412459,4122.5200000000,4122.6400000000
1790647413264,4122.6100000000,4122.7300000000
1790647413666,4122.6700000000,4122.7900000000
1790647416888,4122.6600000000,4122.7800000000
1790647417292,4122.6700000000,4122.7800000000
1790647418500,4122.6400000000,4122.7500000000
1790647418902,4122.6600000000,4122.7700000000
1790647419708,4122.6800000000,4122.7900000000
1790647420111,4122.6900000000,4122.7900000000
1790647420514,4122.6700000000,4122.7700000000
1790647421318,4122.6600000000,4122.7600000000
1790647422123,4122.6200000000,4122.7100000000
1790647424944,4122.6500000000,4122.7400000000
1790647425749,4122.6900000000,4122.7800000000
1790647427057,4122.7200000000,4122.8100000000
1790647427460,4122.7400000000,4122.8300000000
1790647428266,4122.7500000000,4122.8400000000
1790647430681,4122.7000000000,4122.7900000000
1790647431084,4122.7200000000,4122.8100000000
1790647433097,4122.7700000000,4122.8600000000
1790647437930,4122.6100000000,4122.7000000000
1790647438332,4122.5900000000,4122.6900000000
1790647439137,4122.5800000000,4122.6800000000
1790647439539,4122.5800000000,4122.6700000000
1790647440345,4122.6400000000,4122.7300000000
1790647440747,4122.4700000000,4122.5600000000
1790647441149,4122.5000000000,4122.5900000000
1790647441954,4122.5300000000,4122.6200000000
1790647442357,4122.5600000000,4122.6500000000
1790647442760,4122.5700000000,4122.6600000000
1790647443968,4122.6100000000,4122.7000000000
1790647446785,4122.5800000000,4122.6700000000
1790647450810,4122.6100000000,4122.7000000000
1790647451213,4122.6000000000,4122.6900000000
1790647452018,4122.5900000000,4122.6800000000
1790647455640,4122.6100000000,4122.7000000000
1790647460873,4122.6000000000,4122.6900000000
1790647461679,4122.6100000000,4122.7000000000
1790647462887,4122.6200000000,4122.7100000000
1790647463692,4122.6400000000,4122.7300000000
1790647464899,4122.6600000000,4122.7500000000
1790647466912,4122.5900000000,4122.6800000000
1790647467315,4122.5600000000,4122.6500000000
1790647467717,4122.6400000000,4122.7300000000
1790647468523,4122.6300000000,4122.7200000000
1790647470133,4122.6000000000,4122.6900000000
1790647472146,4122.6100000000,4122.7000000000
1790647474964,4122.5700000000,4122.6600000000
1790647476172,4122.5100000000,4122.6000000000
1790647477782,4122.1600000000,4122.2500000000
1790647478185,4122.1300000000,4122.2700000000
1790647478588,4122.1000000000,4122.2400000000
1790647478991,4122.1200000000,4122.2600000000
1790647479393,4122.0300000000,4122.1700000000
1790647480601,4122.0100000000,4122.1500000000
1790647482212,4122.0600000000,4122.1900000000
1790647484224,4122.0600000000,4122.1800000000
1790647484627,4122.1900000000,4122.3100000000
1790647485432,4122.2400000000,4122.3700000000
1790647487042,4122.2200000000,4122.3500000000
1790647487445,4122.1500000000,4122.2700000000
1790647487847,4122.0800000000,4122.2000000000
1790647489862,4122.0500000000,4122.1700000000
1790647490264,4122.0500000000,4122.1600000000
1790647490667,4121.9400000000,4122.0500000000
1790647491069,4121.9500000000,4122.0800000000
1790647491472,4121.9600000000,4122.0900000000
1790647492277,4121.9800000000,4122.1000000000
1790647492680,4121.9600000000,4122.0800000000
1790647493082,4121.9500000000,4122.0600000000
1790647493888,4121.9600000000,4122.0700000000
1790647495096,4121.9200000000,4122.0300000000
1790647496304,4121.9200000000,4122.0200000000
1790647496706,4122.0200000000,4122.1200000000
1790647497108,4122.0600000000,4122.1800000000
1790647497510,4122.0700000000,4122.1900000000
1790647498315,4122.0600000000,4122.1700000000
1790647499121,4121.9300000000,4122.0500000000
1790647499523,4121.9400000000,4122.0600000000
1790647500329,4121.9400000000,4122.0600000000
1790647500731,4121.9800000000,4122.1000000000
1790647501134,4121.9900000000,4122.1000000000
1790647501536,4121.9800000000,4122.0900000000
1790647502341,4121.9800000000,4122.0800000000
1790647503146,4122.0000000000,4122.1000000000
1790647503951,4122.1100000000,4122.2100000000
1790647504454,4122.1700000000,4122.2900000000
1790647505259,4122.2200000000,4122.3400000000
1790647506467,4122.2200000000,4122.3300000000
1790647506869,4122.2300000000,4122.3400000000
1790647507271,4122.2400000000,4122.3400000000
1790647507674,4122.2600000000,4122.3600000000
1790647508479,4122.2600000000,4122.3500000000
1790647508882,4122.2700000000,4122.3600000000
1790647509687,4122.2600000000,4122.3500000000
1790647510492,4122.1100000000,4122.2000000000
1790647510894,4122.0800000000,4122.1700000000
1790647511296,4122.0600000000,4122.1900000000
1790647512101,4121.9800000000,4122.1100000000
1790647512503,4122.0000000000,4122.1200000000
1790647513308,4122.0100000000,4122.1300000000
1790647514517,4122.0100000000,4122.1200000000
1790647514919,4122.4000000000,4122.5100000000
1790647515322,4122.3900000000,4122.5300000000
1790647515725,4122.3500000000,4122.4900000000
1790647516127,4122.4700000000,4122.6100000000
1790647516530,4122.4800000000,4122.6200000000
1790647516931,4122.5400000000,4122.6800000000
1790647517334,4122.6500000000,4122.7900000000
1790647517737,4122.6600000000,4122.8000000000
1790647518139,4122.7400000000,4122.8800000000
1790647518542,4122.7300000000,4122.8700000000
1790647518944,4122.7800000000,4122.9200000000
1790647519347,4122.7900000000,4122.9200000000
1790647520554,4122.7600000000,4122.8800000000
1790647520957,4122.7500000000,4122.8700000000
1790647523373,4122.7500000000,4122.8600000000
1790647524177,4122.7700000000,4122.8700000000
1790647524580,4122.7900000000,4122.8900000000
1790647524982,4122.7800000000,4122.8800000000
1790647525385,4122.7800000000,4122.8700000000
1790647526190,4122.8000000000,4122.8900000000
1790647527799,4122.8400000000,4122.9300000000
1790647528604,4122.8600000000,4122.9500000000
1790647530214,4122.8500000000,4122.9400000000
1790647534643,4122.8300000000,4122.9200000000
1790647535851,4122.8400000000,4122.9300000000
1790647537863,4122.8900000000,4122.9800000000
1790647538265,4122.9800000000,4123.0700000000
1790647539070,4123.0200000000,4123.1100000000
1790647540277,4123.2000000000,4123.2900000000
1790647540680,4123.2300000000,4123.3200000000
1790647541485,4123.3000000000,4123.3900000000
1790647544706,4123.1600000000,4123.2500000000
1790647545109,4123.0900000000,4123.1800000000
1790647545512,4123.0800000000,4123.1700000000
1790647546317,4123.0700000000,4123.1700000000
1790647547123,4123.0800000000,4123.1700000000
1790647548330,4123.0200000000,4123.1100000000
1790647549538,4123.0400000000,4123.1300000000
1790647552356,4123.0600000000,4123.1500000000
1790647553564,4123.0200000000,4123.1100000000
1790647558800,4122.9900000000,4123.0800000000
1790647560008,4122.9900000000,4123.0800000000
1790647563631,4123.0400000000,4123.1300000000
1790647564033,4123.0800000000,4123.1700000000
1790647564436,4123.1000000000,4123.1900000000
1790647570475,4123.1500000000,4123.2400000000
1790647571280,4123.2000000000,4123.2900000000
1790647574927,4123.2600000000,4123.3500000000
1790647575330,4123.2500000000,4123.3400000000
1790647575733,4123.3500000000,4123.4400000000
1790647576941,4123.3700000000,4123.4600000000
1790647577343,4123.3900000000,4123.4800000000
1790647583382,4123.3600000000,4123.4500000000
1790647583784,4123.3300000000,4123.4200000000
1790647589119,4123.3400000000,4123.4300000000
1790647589925,4123.3200000000,4123.4100000000
1790647593550,4123.3400000000,4123.4300000000
1790647593952,4123.3600000000,4123.4500000000
1790647594758,4123.4200000000,4123.5100000000
1790647598381,4123.4300000000,4123.5200000000
1790647598784,4123.4200000000,4123.5100000000
1790647599188,4123.4300000000,4123.5200000000
1790647601603,4123.4600000000,4123.5500000000
1790647603617,4123.4500000000,4123.5400000000
1790647604825,4123.4200000000,4123.5100000000
1790647608856,4123.3800000000,4123.4700000000
1790647610063,4123.4000000000,4123.4900000000
1790647612480,4123.3900000000,4123.4800000000
1790647612882,4123.4000000000,4123.4900000000
1790647614495,4123.4300000000,4123.5200000000
1790647615302,4123.3400000000,4123.4300000000
1790647616107,4123.3100000000,4123.4000000000
1790647616509,4123.3200000000,4123.4300000000
1790647617315,4123.3200000000,4123.4200000000
1790647617718,4123.3100000000,4123.4100000000
1790647619329,4123.3100000000,4123.4000000000
1790647620537,4123.2800000000,4123.3700000000
1790647620939,4122.8700000000,4122.9600000000
1790647621342,4122.7400000000,4122.8300000000
1790647621745,4122.7100000000,4122.8000000000
1790647622147,4122.6500000000,4122.7900000000
1790647624965,4122.6700000000,4122.8100000000
1790647626574,4122.6500000000,4122.7900000000
1790647627380,4122.6500000000,4122.7800000000
1790647628587,4122.6200000000,4122.7500000000
1790647629393,4122.6300000000,4122.7500000000
1790647629796,4122.6200000000,4122.7400000000
1790647631406,4122.6300000000,4122.7400000000
1790647632615,4122.6400000000,4122.7500000000
1790647633017,4122.8000000000,4122.9100000000
1790647633419,4122.8900000000,4122.9900000000
1790647634225,4122.8900000000,4123.0100000000
1790647636239,4122.9000000000,4123.0100000000
1790647638253,4122.9000000000,4123.0000000000
1790647640266,4122.9100000000,4123.0000000000
1790647649525,4122.8600000000,4122.9500000000
1790647650332,4122.8300000000,4122.9200000000
1790647657180,4122.8200000000,4122.9100000000
1790647658388,4122.7900000000,4122.8800000000
1790647662416,4122.7400000000,4122.8300000000
1790647662819,4122.5500000000,4122.6400000000
1790647663223,4122.5100000000,4122.6000000000
1790647663626,4122.4800000000,4122.5700000000
1790647664028,4122.4700000000,4122.5600000000
1790647665236,4122.5100000000,4122.6000000000
1790647665638,4122.5400000000,4122.6300000000
1790647666443,4122.6000000000,4122.6900000000
1790647670169,4122.6400000000,4122.7300000000
1790647670572,4122.6200000000,4122.7100000000
1790647679428,4122.5800000000,4122.6700000000
1790647679831,4122.6000000000,4122.6900000000
1790647685870,4122.5700000000,4122.6600000000
1790647686273,4122.6000000000,4122.6900000000
1790647697544,4122.7100000000,4122.8000000000
1790647698752,4122.8000000000,4122.8900000000
1790647700361,4122.7600000000,4122.8500000000
1790647701168,4122.8300000000,4122.9200000000
1790647701570,4122.8500000000,4122.9400000000
1790647702376,4122.8400000000,4122.9300000000
1790647702779,4122.8700000000,4122.9600000000
1790647703182,4122.8900000000,4122.9800000000
1790647707612,4122.8500000000,4122.9400000000
1790647708417,4122.8600000000,4122.9500000000
1790647717273,4122.9200000000,4123.0100000000
1790647717675,4122.9500000000,4123.0400000000
1790647720091,4122.9300000000,4123.0200000000
1790647720896,4122.8300000000,4122.9200000000
1790647726129,4122.8500000000,4122.9400000000
1790647727739,4122.9200000000,4123.0100000000
1790647728947,4122.9700000000,4123.0600000000
1790647732573,4122.9300000000,4123.0200000000
1790647733378,4122.9800000000,4123.0700000000
1790647733780,4123.0000000000,4123.0900000000
1790647740223,4122.9600000000,4123.0500000000
1790647741532,4122.9100000000,4123.0000000000
1790647743947,4122.9200000000,4123.0100000000
1790647745960,4122.9500000000,4123.0400000000
1790647746765,4122.9300000000,4123.0200000000
1790647749179,4122.9100000000,4123.0000000000
1790647749582,4122.8600000000,4122.9500000000
1790647752399,4122.8700000000,4122.9600000000
1790647753607,4122.8300000000,4122.9200000000
1790647762062,4122.8600000000,4122.9500000000
1790647762465,4122.8400000000,4122.9300000000
1790647763673,4122.8200000000,4122.9100000000
1790647765686,4122.8500000000,4122.9400000000
1790647766089,4122.8700000000,4122.9600000000
1790647766893,4122.8800000000,4122.9700000000
1790647773334,4122.8700000000,4122.9600000000
1790647774140,4122.8200000000,4122.9100000000
1790647774543,4122.8700000000,4122.9600000000
1790647778971,4122.8500000000,4122.9400000000
1790647779374,4122.8400000000,4122.9300000000
1790647780179,4122.8300000000,4122.9400000000
1790647782191,4122.8300000000,4122.9300000000
1790647784204,4122.8400000000,4122.9300000000
1790647787827,4122.8200000000,4122.9100000000
1790647789034,4122.7700000000,4122.8600000000
1790647790645,4122.8100000000,4122.9000000000
1790647791048,4122.8000000000,4122.8900000000
1790647792255,4122.7900000000,4122.8900000000
1790647794269,4122.8000000000,4122.8900000000
1790647798294,4122.7900000000,4122.8800000000
1790647799101,4122.7400000000,4122.8300000000
1790647802322,4122.8100000000,4122.9000000000
1790647802725,4122.7900000000,4122.8800000000
1790647807154,4122.9100000000,4123.0000000000
1790647807959,4122.9300000000,4123.0200000000
1790647810377,4122.8700000000,4122.9600000000
1790647811182,4122.7600000000,4122.8500000000
1790647811988,4122.6600000000,4122.7500000000
1790647812391,4122.6400000000,4122.7800000000
1790647813196,4122.6700000000,4122.8100000000
1790647814404,4122.7200000000,4122.8600000000
1790647818025,4122.7000000000,4122.8400000000
1790647818428,4122.7000000000,4122.8300000000
1790647820442,4122.7100000000,4122.8300000000
1790647822454,4122.7000000000,4122.8100000000
1790647823260,4122.6500000000,4122.7600000000
1790647824064,4122.6600000000,4122.7600000000
1790647825272,4122.6600000000,4122.7500000000
1790647826077,4122.6900000000,4122.7800000000
1790647826480,4122.6800000000,4122.7700000000
1790647827286,4122.6600000000,4122.7500000000
1790647838659,4122.4800000000,4122.5700000000
1790647839464,4122.4500000000,4122.5900000000
1790647842685,4122.5000000000,4122.6400000000
1790647843490,4122.5800000000,4122.7200000000
1790647843893,4122.5900000000,4122.7300000000
1790647844698,4122.6000000000,4122.7400000000
1790647845504,4122.5900000000,4122.7300000000
1790647847112,4122.6200000000,4122.7600000000
1790647847515,4122.8400000000,4122.9700000000
1790647847918,4122.8800000000,4123.0100000000
1790647848320,4123.0200000000,4123.1600000000
1790647848723,4123.0100000000,4123.1500000000
1790647849931,4122.9700000000,4123.1100000000
1790647850333,4122.9400000000,4123.0800000000
1790647852347,4122.9400000000,4123.0700000000
1790647853555,4122.9200000000,4123.0500000000
1790647853957,4122.9100000000,4123.0400000000
1790647854763,4122.8500000000,4122.9800000000
1790647855166,4122.8600000000,4122.9800000000
1790647856777,4123.3600000000,4123.4800000000
1790647857179,4123.1000000000,4123.2400000000
1790647857984,4123.1100000000,4123.2500000000
1790647858387,4123.1700000000,4123.3100000000
1790647858790,4123.2400000000,4123.3800000000
1790647859191,4123.2700000000,4123.4100000000
1790647859997,4123.2600000000,4123.4000000000
1790647860400,4123.3200000000,4123.4600000000
1790647860802,4123.3100000000,4123.4500000000
1790647861204,4123.3200000000,4123.4500000000
1790647862010,4123.3800000000,4123.5100000000
1790647862815,4123.3900000000,4123.5200000000
1790647863217,4123.3900000000,4123.5100000000
1790647863619,4123.3700000000,4123.4900000000
1790647864022,4123.3500000000,4123.4700000000
1790647865231,4123.3400000000,4123.4600000000
1790647866439,4123.3400000000,4123.4500000000
1790647866841,4123.3700000000,4123.4800000000
1790647867244,4123.3900000000,4123.5000000000
1790647867646,4123.6500000000,4123.7600000000
1790647868452,4123.6800000000,4123.7900000000
1790647869257,4123.7100000000,4123.8200000000
1790647870465,4123.7100000000,4123.8100000000
1790647871673,4123.8900000000,4123.9900000000
1790647872076,4123.8500000000,4123.9500000000
1790647872478,4123.9200000000,4124.0200000000
1790647873283,4123.9100000000,4124.0100000000
1790647874088,4123.9100000000,4124.0000000000
1790647874490,4124.0000000000,4124.0900000000
1790647874893,4123.9800000000,4124.0700000000
1790647875296,4123.9600000000,4124.0500000000
1790647876504,4123.8700000000,4123.9600000000
1790647876907,4123.8400000000,4123.9300000000
1790647878116,4123.8600000000,4123.9500000000
1790647878921,4123.8200000000,4123.9100000000
1790647879323,4123.8900000000,4123.9800000000
1790647880531,4123.9100000000,4124.0000000000
1790647881738,4123.9200000000,4124.0100000000
1790647882544,4123.9600000000,4124.0500000000
1790647882947,4123.8700000000,4123.9600000000
1790647883752,4124.0000000000,4124.0900000000
1790647884157,4124.0500000000,4124.1400000000
1790647885767,4124.1000000000,4124.1900000000
1790647886170,4124.2800000000,4124.3700000000
1790647886572,4124.3000000000,4124.3900000000
1790647887377,4124.3100000000,4124.4000000000
1790647888584,4124.4200000000,4124.5100000000
1790647889390,4124.4700000000,4124.5600000000
1790647889792,4124.5800000000,4124.6700000000
1790647890195,4124.5200000000,4124.6100000000
1790647891402,4124.5500000000,4124.6400000000
1790647892609,4124.5600000000,4124.6500000000
1790647893415,4124.5900000000,4124.6800000000
1790647896734,4124.6900000000,4124.7800000000
1790647897137,4124.7200000000,4124.8100000000
1790647897539,4124.7300000000,4124.8200000000
1790647897942,4124.8200000000,4124.9100000000
1790647898345,4124.8100000000,4124.9000000000
1790647898748,4124.7400000000,4124.8300000000
1790647899151,4124.7700000000,4124.8600000000
1790647899554,4124.8400000000,4124.9300000000
1790647900762,4124.8300000000,4124.9200000000
1790647901567,4124.8200000000,4124.9100000000
1790647902372,4124.7800000000,4124.8700000000
1790647903580,4124.7700000000,4124.8600000000
1790647905995,4124.7100000000,4124.8000000000
1790647906800,4124.6900000000,4124.7800000000
1790647908410,4124.7100000000,4124.8000000000
1790647908813,4124.6900000000,4124.7800000000
1790647910826,4124.6800000000,4124.7700000000
1790647911630,4124.6500000000,4124.7400000000
1790647912838,4124.4300000000,4124.5200000000
1790647913241,4124.3800000000,4124.4700000000
1790647914448,4124.4200000000,4124.5100000000
1790647915254,4124.4700000000,4124.5600000000
1790647918880,4124.5100000000,4124.6000000000
1790647920086,4124.4800000000,4124.5700000000
1790647921697,4124.5200000000,4124.6100000000
1790647922099,4124.5500000000,4124.6400000000
1790647922502,4124.5200000000,4124.6100000000
1790647922905,4124.5800000000,4124.6700000000
1790647924112,4124.6200000000,4124.7100000000
1790647925319,4124.6000000000,4124.6900000000
1790647926526,4124.6500000000,4124.7400000000
1790647927331,4124.4300000000,4124.5200000000
1790647928136,4124.3900000000,4124.4900000000
1790647929343,4124.4000000000,4124.4900000000
1790647930551,4124.4400000000,4124.5300000000
1790647930954,4124.4800000000,4124.5700000000
1790647931358,4124.5600000000,4124.6500000000
1790647932566,4124.5700000000,4124.6600000000
1790647933371,4124.6200000000,4124.7100000000
1790647933774,4124.5800000000,4124.6700000000
1790647934578,4124.5200000000,4124.6100000000
1790647942632,4124.5500000000,4124.6400000000
1790647946656,4124.6200000000,4124.7100000000
1790647947058,4124.7100000000,4124.8000000000
1790647948266,4124.7300000000,4124.8200000000
1790647948669,4124.4300000000,4124.5200000000
1790647949072,4124.3800000000,4124.5100000000
1790647949877,4124.3500000000,4124.4800000000
1790647951085,4124.3500000000,4124.4700000000
1790647953099,4124.4500000000,4124.5700000000
1790647953502,4124.4000000000,4124.5200000000
1790647954306,4124.4100000000,4124.5200000000
1790647954709,4124.3800000000,4124.4900000000
1790647955111,4124.3800000000,4124.4800000000
1790647955916,4124.3700000000,4124.4700000000
1790647956318,4124.3800000000,4124.4700000000
1790647956720,4124.3400000000,4124.4300000000
1790647960747,4124.4100000000,4124.5000000000
1790647961149,4124.4400000000,4124.5300000000
1790647961551,4124.4800000000,4124.5700000000
1790647963162,4124.5200000000,4124.6100000000
1790647963564,4124.5400000000,4124.6300000000
1790647963967,4124.4200000000,4124.5100000000
1790647964369,4124.4000000000,4124.4900000000
1790647965576,4124.4900000000,4124.5800000000
1790647966381,4124.5000000000,4124.5900000000
1790647968091,4124.5500000000,4124.6400000000
1790647969299,4124.5800000000,4124.6700000000
1790647969702,4124.5600000000,4124.6500000000
1790647970105,4124.5400000000,4124.6300000000
1790647970910,4124.6200000000,4124.7100000000
1790647971715,4124.6400000000,4124.7300000000
1790647972119,4124.6600000000,4124.7500000000
1790647972521,4124.9300000000,4125.0200000000
1790647972923,4124.8700000000,4124.9600000000
1790647973326,4124.8700000000,4124.9700000000
1790647973729,4124.7800000000,4124.8800000000
1790647974534,4124.7800000000,4124.8900000000
1790647975339,4124.7800000000,4124.8800000000
1790647975742,4124.8300000000,4124.9300000000
1790647976145,4124.8400000000,4124.9400000000
1790647976551,4124.8600000000,4124.9500000000
1790647978564,4124.5900000000,4124.6800000000
1790647979370,4124.5600000000,4124.7000000000
1790647980577,4124.5600000000,4124.7000000000
1790647982187,4124.5200000000,4124.6600000000
1790647983395,4124.5300000000,4124.6600000000
1790647984201,4124.5300000000,4124.6500000000
1790647985409,4124.5400000000,4124.6500000000
1790647986214,4124.5500000000,4124.6500000000
1790647986616,4124.4700000000,4124.5700000000
1790647987020,4124.4600000000,4124.5600000000
1790647988228,4124.4700000000,4124.5600000000
1790647989033,4124.4200000000,4124.5100000000
1790647989838,4124.4300000000,4124.5200000000
1790647992255,4124.4600000000,4124.5500000000
1790647993060,4124.4700000000,4124.5600000000
1790647994268,4124.1100000000,4124.2000000000
1790647994671,4123.8900000000,4123.9800000000
1790647995074,4123.7800000000,4123.8700000000
1790647995477,4123.6700000000,4123.8100000000
1790647995879,4123.6500000000,4123.7900000000
1790647996282,4123.6300000000,4123.7700000000
1790647997490,4123.5700000000,4123.7100000000
1790647998295,4123.5200000000,4123.6600000000
1790647999502,4123.5700000000,4123.7100000000
1790647999905,4123.6000000000,4123.7400000000
1790648000307,4123.6100000000,4123.7400000000
1790648000710,4123.6400000000,4123.7700000000
1790648002319,4123.6500000000,4123.7700000000
1790648004332,4123.6500000000,4123.7600000000
1790648006344,4123.6600000000,4123.7600000000
1790648007148,4123.6600000000,4123.7500000000
1790648010773,4123.7500000000,4123.8400000000
1790648011175,4123.7900000000,4123.8800000000
1790648011980,4123.8000000000,4123.8900000000
1790648012382,4123.7900000000,4123.8800000000
1790648012785,4123.8000000000,4123.8900000000
1790648013187,4123.7100000000,4123.8000000000
1790648013590,4123.6800000000,4123.7700000000
1790648013992,4123.6600000000,4123.7500000000
1790648017218,4123.6100000000,4123.7000000000
1790648018426,4123.6000000000,4123.6900000000
1790648018828,4123.5700000000,4123.6600000000
1790648020842,4123.6000000000,4123.6900000000
1790648023257,4123.6200000000,4123.7100000000
1790648024062,4123.6300000000,4123.7200000000
1790648024867,4123.5800000000,4123.6700000000
1790648025673,4123.5700000000,4123.6600000000
1790648028892,4123.6100000000,4123.7000000000
1790648030101,4123.6300000000,4123.7200000000
1790648031309,4123.6200000000,4123.7100000000
1790648034126,4123.5800000000,4123.6700000000
1790648034931,4123.6000000000,4123.6900000000
1790648035738,4124.0100000000,4124.1000000000
1790648036140,4123.9700000000,4124.1000000000
1790648036546,4123.9800000000,4124.1100000000
1790648037351,4123.8900000000,4124.0200000000
1790648037754,4123.8600000000,4123.9900000000
1790648038157,4123.8500000000,4123.9800000000
1790648039364,4123.8700000000,4123.9900000000
1790648040169,4123.8600000000,4123.9800000000
1790648040572,4123.8000000000,4123.9200000000
1790648041378,4123.7700000000,4123.8800000000
1790648043492,4123.7700000000,4123.8700000000
1790648043895,4123.7500000000,4123.8500000000
1790648044297,4123.7900000000,4123.8800000000
1790648044700,4123.8600000000,4123.9500000000
1790648045103,4123.8500000000,4123.9400000000
1790648045505,4123.4300000000,4123.5200000000
1790648045908,4123.3800000000,4123.4700000000
1790648046312,4123.3500000000,4123.4900000000
1790648047118,4123.3100000000,4123.4500000000
1790648048327,4123.3200000000,4123.4500000000
1790648049133,4123.4100000000,4123.5400000000
1790648049536,4123.4500000000,4123.5800000000
1790648050341,4123.4500000000,4123.5700000000
1790648052353,4123.4700000000,4123.5800000000
1790648053159,4123.4700000000,4123.5700000000
1790648053561,4123.5100000000,4123.6100000000
1790648054367,4123.5100000000,4123.6000000000
1790648055171,4123.7300000000,4123.8300000000
1790648055573,4123.7200000000,4123.8200000000
1790648055976,4123.7000000000,4123.8000000000
1790648056377,4123.7000000000,4123.7900000000
1790648056780,4123.6800000000,4123.7700000000
1790648057182,4123.6700000000,4123.7600000000
1790648057987,4123.6500000000,4123.7400000000
1790648058792,4123.7500000000,4123.8400000000
1790648059194,4123.6900000000,4123.7800000000
1790648059597,4123.6700000000,4123.7600000000
1790648059999,4123.7800000000,4123.8700000000
1790648060804,4123.7900000000,4123.8800000000
1790648061209,4123.8000000000,4123.8900000000
1790648061611,4123.7800000000,4123.8700000000
1790648062014,4123.7900000000,4123.8800000000
1790648062820,4123.7800000000,4123.8700000000
1790648063222,4123.7900000000,4123.8800000000
1790648063624,4123.8200000000,4123.9100000000
1790648064027,4123.8500000000,4123.9400000000
1790648064430,4123.8300000000,4123.9200000000
1790648064832,4123.8200000000,4123.9100000000
1790648065234,4124.0000000000,4124.0900000000
1790648065637,4124.0200000000,4124.1100000000
1790648066442,4124.0400000000,4124.1300000000
1790648068052,4124.0100000000,4124.1000000000
1790648068455,4124.0400000000,4124.1300000000
1790648069259,4124.0500000000,4124.1400000000
1790648069662,4124.2800000000,4124.3700000000
1790648070065,4124.2900000000,4124.3800000000
1790648070467,4124.3500000000,4124.4400000000
1790648070870,4124.3600000000,4124.4500000000
1790648072480,4124.3700000000,4124.4600000000
1790648077312,4124.3600000000,4124.4500000000
1790648080533,4124.3700000000,4124.4600000000
1790648080935,4124.4100000000,4124.5000000000
1790648081337,4124.3900000000,4124.4800000000
1790648082142,4124.4500000000,4124.5400000000
1790648082947,4124.4400000000,4124.5300000000
1790648083752,4124.4500000000,4124.5400000000
1790648088582,4124.7500000000,4124.8400000000
1790648088984,4124.8500000000,4124.9400000000
1790648089789,4124.8900000000,4124.9800000000
1790648090192,4124.8700000000,4125.0100000000
1790648090595,4124.9000000000,4125.0400000000
1790648092205,4124.9000000000,4125.0300000000
1790648092607,4124.9600000000,4125.0900000000
1790648093413,4124.9100000000,4125.0400000000
1790648094218,4124.9100000000,4125.0300000000
1790648094620,4124.9200000000,4125.0400000000
1790648095426,4124.9900000000,4125.1000000000
1790648095828,4124.9600000000,4125.0700000000
1790648096230,4125.3300000000,4125.4300000000
1790648096636,4125.3200000000,4125.4200000000
1790648097038,4125.2000000000,4125.3000000000
1790648097441,4125.2400000000,4125.3300000000
1790648097844,4125.2700000000,4125.3600000000
1790648098246,4125.2500000000,4125.3700000000
1790648098648,4125.2700000000,4125.3900000000
1790648099051,4125.2600000000,4125.3800000000
1790648099454,4125.2700000000,4125.3800000000
1790648100260,4125.2700000000,4125.3700000000
1790648101064,4125.1300000000,4125.2300000000
1790648101467,4125.1300000000,4125.2200000000
1790648102273,4125.0700000000,4125.1900000000
1790648103078,4125.0800000000,4125.1900000000
1790648103481,4125.0600000000,4125.1700000000
1790648104288,4125.0600000000,4125.1600000000
1790648105093,4125.0700000000,4125.1600000000
1790648105898,4125.0800000000,4125.1700000000
1790648107911,4125.1100000000,4125.2000000000
1790648114048,4125.0900000000,4125.1800000000
1790648114853,4125.1000000000,4125.1900000000
1790648117269,4125.0800000000,4125.1700000000
1790648118074,4125.0600000000,4125.1500000000
1790648118477,4125.0200000000,4125.1100000000
1790648119281,4125.0100000000,4125.1000000000
1790648119684,4125.0000000000,4125.0900000000
1790648120891,4124.9400000000,4125.0300000000
1790648121696,4124.8800000000,4124.9700000000
1790648126931,4124.9300000000,4125.0200000000
1790648127333,4124.9700000000,4125.0600000000
1790648127736,4125.0400000000,4125.1300000000
1790648128139,4125.0300000000,4125.1200000000
1790648129346,4125.0200000000,4125.1100000000
1790648134982,4124.3700000000,4124.4600000000
1790648135788,4124.3800000000,4124.4700000000
1790648136192,4124.3400000000,4124.4800000000
1790648136595,4124.4100000000,4124.5500000000
1790648136997,4124.4200000000,4124.5600000000
1790648137400,4124.4300000000,4124.5700000000
1790648138608,4124.4400000000,4124.5800000000
1790648139010,4124.3900000000,4124.5300000000
1790648140219,4124.3800000000,4124.5200000000
1790648141427,4124.3800000000,4124.5100000000
1790648143439,4124.3800000000,4124.5000000000
1790648143842,4124.3700000000,4124.4900000000
1790648144245,4124.3900000000,4124.5100000000
1790648144648,4124.4000000000,4124.5200000000
1790648145050,4124.4700000000,4124.5900000000
1790648145453,4124.4900000000,4124.6000000000
1790648145855,4124.5100000000,4124.6200000000
1790648147465,4124.5100000000,4124.6100000000
1790648148672,4124.5200000000,4124.6200000000
1790648149075,4124.5200000000,4124.6100000000
1790648149880,4124.4700000000,4124.5600000000
1790648150685,4124.4500000000,4124.5400000000
1790648151490,4124.4300000000,4124.5200000000
1790648151893,4124.4500000000,4124.5400000000
1790648154711,4124.4600000000,4124.5500000000
1790648157932,4124.4400000000,4124.5300000000
1790648160448,4124.3900000000,4124.4800000000
1790648161254,4124.4000000000,4124.4900000000
1790648162865,4124.3700000000,4124.4600000000
1790648163267,4124.3500000000,4124.4400000000
1790648163670,4124.3200000000,4124.4100000000
1790648169305,4124.3000000000,4124.3900000000
1790648177381,4124.4200000000,4124.5100000000
1790648177783,4124.6100000000,4124.7000000000
1790648178186,4124.6500000000,4124.7400000000
1790648178588,4124.8200000000,4124.9100000000
1790648178991,4124.7700000000,4124.8600000000
1790648179394,4124.7200000000,4124.8600000000
1790648180602,4125.1600000000,4125.3000000000
1790648181005,4125.1400000000,4125.2800000000
1790648181408,4125.1500000000,4125.2900000000
1790648181811,4125.1600000000,4125.3000000000
1790648182213,4125.1900000000,4125.3300000000
1790648182616,4125.3800000000,4125.5200000000
1790648183825,4125.3000000000,4125.4400000000
1790648184227,4125.3300000000,4125.4700000000
1790648185434,4125.3400000000,4125.4800000000
1790648185837,4125.4400000000,4125.5800000000
1790648186239,4125.4900000000,4125.6200000000
1790648186641,4125.6000000000,4125.7300000000
1790648187043,4125.6100000000,4125.7400000000
1790648187446,4125.6200000000,4125.7500000000
1790648188250,4125.6300000000,4125.7500000000
1790648188653,4125.5700000000,4125.6900000000
1790648189056,4125.5500000000,4125.6700000000
1790648189861,4125.5400000000,4125.6600000000
1790648191069,4125.5500000000,4125.6700000000
1790648191471,4125.5600000000,4125.6700000000
1790648191874,4125.6300000000,4125.7400000000
1790648192277,4125.5700000000,4125.6700000000
1790648193082,4125.5500000000,4125.6500000000
1790648193484,4125.5400000000,4125.6400000000
1790648194289,4125.6100000000,4125.7100000000
1790648194692,4125.6000000000,4125.7000000000
1790648195497,4125.6000000000,4125.6900000000
1790648195899,4125.5800000000,4125.6700000000
1790648197911,4125.5500000000,4125.6400000000
1790648199119,4125.5600000000,4125.6500000000
1790648199521,4125.6000000000,4125.6900000000
1790648200327,4125.5900000000,4125.6800000000
1790648202340,4125.6200000000,4125.7100000000
1790648202742,4125.5700000000,4125.6600000000
1790648203950,4125.5500000000,4125.6400000000
1790648205158,4125.5400000000,4125.6300000000
1790648205560,4125.5100000000,4125.6000000000
1790648206365,4125.4900000000,4125.5800000000
1790648206768,4125.4600000000,4125.5500000000
1790648207172,4125.4100000000,4125.5000000000
1790648207977,4125.4000000000,4125.4900000000
1790648210797,4125.5300000000,4125.6200000000
1790648211199,4125.5400000000,4125.6300000000
1790648211602,4125.5500000000,4125.6400000000
1790648212004,4125.5400000000,4125.6300000000
1790648212810,4125.5000000000,4125.5900000000
1790648215226,4125.5400000000,4125.6300000000
1790648216837,4125.5500000000,4125.6400000000
1790648220462,4125.5200000000,4125.6100000000
1790648221669,4125.1400000000,4125.2300000000
1790648222071,4125.1300000000,4125.2200000000
1790648222474,4125.0900000000,4125.1800000000
1790648222876,4125.0700000000,4125.1600000000
1790648223279,4125.0400000000,4125.1800000000
1790648225292,4125.0500000000,4125.1800000000
1790648226501,4125.0500000000,4125.1700000000
1790648228111,4125.0600000000,4125.1700000000
1790648229318,4125.0600000000,4125.1600000000
1790648230123,4125.0700000000,4125.1600000000
1790648231333,4124.9900000000,4125.0800000000
1790648232541,4124.7500000000,4124.8400000000
1790648232943,4124.7200000000,4124.8100000000
1790648233346,4124.6800000000,4124.7900000000
1790648234151,4124.6900000000,4124.7900000000
1790648235359,4124.6900000000,4124.7800000000
1790648236165,4124.2800000000,4124.3700000000
1790648236567,4124.2900000000,4124.3800000000
1790648236970,4124.2600000000,4124.3500000000
1790648237372,4124.2400000000,4124.3800000000
1790648238178,4124.2400000000,4124.3700000000
1790648239386,4124.2500000000,4124.3700000000
1790648240192,4124.2300000000,4124.3500000000
1790648240594,4124.2100000000,4124.3300000000
1790648240997,4124.1900000000,4124.3100000000
1790648241400,4124.2000000000,4124.3100000000
1790648241803,4124.4100000000,4124.5200000000
1790648242206,4124.4700000000,4124.5700000000
1790648243414,4124.4900000000,4124.6200000000
1790648245426,4124.5000000000,4124.6200000000
1790648246231,4124.5000000000,4124.6100000000
1790648246634,4124.5200000000,4124.6300000000
1790648247439,4124.4700000000,4124.5700000000
1790648248244,4124.4700000000,4124.5600000000
1790648248647,4124.4800000000,4124.5700000000
1790648249452,4124.4700000000,4124.5600000000
1790648249854,4124.4300000000,4124.5200000000
1790648251062,4124.4100000000,4124.5000000000
1790648251466,4124.3800000000,4124.4700000000
1790648252271,4124.3700000000,4124.4600000000
1790648253478,4124.2800000000,4124.3700000000
1790648253881,4124.2600000000,4124.3500000000
1790648255088,4124.2400000000,4124.3300000000
1790648255490,4124.2600000000,4124.3500000000
1790648256296,4124.2400000000,4124.3300000000
1790648256699,4124.1900000000,4124.2800000000
1790648258311,4124.1700000000,4124.2600000000
1790648259922,4124.1600000000,4124.2500000000
1790648260325,4124.1700000000,4124.2600000000
1790648263546,4124.1600000000,4124.2500000000
1790648265559,4124.3600000000,4124.4500000000
1790648266365,4124.3300000000,4124.4200000000
1790648266768,4124.3200000000,4124.4100000000
1790648267170,4124.3000000000,4124.3900000000
1790648267573,4124.3400000000,4124.4300000000
1790648267975,4124.3600000000,4124.4500000000
1790648268378,4124.3300000000,4124.4200000000
1790648268781,4124.5500000000,4124.6400000000
1790648269687,4124.5900000000,4124.6800000000
1790648271700,4124.8300000000,4124.9200000000
1790648272908,4124.7000000000,4124.7900000000
1790648273311,4124.6700000000,4124.7600000000
1790648274518,4124.6500000000,4124.7600000000
1790648274921,4124.6400000000,4124.7500000000
1790648276531,4124.6500000000,4124.7400000000
1790648278946,4124.6100000000,4124.7000000000
1790648279348,4124.5700000000,4124.6600000000
1790648280556,4124.5000000000,4124.5900000000
1790648280959,4124.4900000000,4124.5800000000
1790648282971,4124.3600000000,4124.4500000000
1790648283373,4124.3800000000,4124.4700000000
1790648283776,4124.4000000000,4124.4900000000
1790648284178,4124.4500000000,4124.5400000000
1790648285386,4124.4300000000,4124.5200000000
1790648286595,4124.4200000000,4124.5100000000
1790648291427,4124.4300000000,4124.5200000000
1790648292232,4124.4500000000,4124.5400000000
1790648292635,4124.3100000000,4124.4000000000
1790648293440,4124.4900000000,4124.5800000000
1790648293842,4124.4700000000,4124.5600000000
1790648294244,4124.5400000000,4124.6300000000
1790648294647,4124.5500000000,4124.6400000000
1790648295453,4124.6200000000,4124.7100000000
1790648308337,4124.5300000000,4124.6200000000
1790648309544,4124.5100000000,4124.6000000000
1790648310753,4124.4800000000,4124.5700000000
1790648313973,4124.4900000000,4124.5800000000
1790648322829,4124.3600000000,4124.4500000000
1790648323232,4124.3800000000,4124.4700000000
1790648323634,4124.3200000000,4124.4100000000
1790648324037,4124.3500000000,4124.4400000000
1790648325245,4124.3700000000,4124.4600000000
1790648326051,4124.5700000000,4124.6600000000
1790648326856,4124.6100000000,4124.7000000000
1790648327257,4124.6000000000,4124.7100000000
1790648327660,4124.6200000000,4124.7300000000
1790648328063,4124.5800000000,4124.6900000000
1790648328466,4124.8200000000,4124.9300000000
1790648328868,4124.8000000000,4124.9100000000
1790648329270,4124.7900000000,4124.9200000000
1790648329673,4124.8300000000,4124.9600000000
1790648330478,4124.7900000000,4124.9100000000
1790648330881,4124.7500000000,4124.8700000000
1790648331284,4124.7600000000,4124.8800000000
1790648332090,4124.7700000000,4124.8900000000
1790648333297,4124.7400000000,4124.8600000000
1790648334102,4124.7500000000,4124.8600000000
1790648335310,4124.6600000000,4124.7700000000
1790648337325,4124.6700000000,4124.7700000000
1790648338131,4124.6700000000,4124.7600000000
1790648338936,4124.7600000000,4124.8500000000
1790648339340,4124.7400000000,4124.8300000000
1790648340145,4124.7400000000,4124.8300000000
1790648340547,4124.7300000000,4124.8200000000
1790648342159,4124.7200000000,4124.8100000000
1790648342964,4124.5700000000,4124.6600000000
1790648343368,4124.5200000000,4124.6100000000
1790648344174,4124.5000000000,4124.6100000000
1790648344577,4124.6100000000,4124.7200000000
1790648345382,4124.6300000000,4124.7400000000
1790648346287,4124.5600000000,4124.6700000000
1790648347092,4124.5100000000,4124.6200000000
1790648347494,4124.5200000000,4124.6200000000
1790648347897,4124.4600000000,4124.5600000000
1790648348299,4124.4200000000,4124.5200000000
1790648349506,4124.4100000000,4124.5000000000
1790648350311,4124.4500000000,4124.5400000000
1790648350714,4124.4300000000,4124.5200000000
1790648355142,4124.5500000000,4124.6400000000
1790648355545,4124.4500000000,4124.5400000000
1790648355947,4124.4300000000,4124.5200000000
1790648356752,4124.4200000000,4124.5100000000
1790648359168,4124.3200000000,4124.4100000000
1790648359570,4124.2400000000,4124.3300000000
1790648359973,4124.2300000000,4124.3200000000
1790648361584,4124.2200000000,4124.3100000000
1790648362792,4124.1400000000,4124.2300000000
1790648363194,4124.1200000000,4124.2100000000
1790648363596,4124.0400000000,4124.1300000000
1790648364804,4124.0500000000,4124.1400000000
1790648365207,4124.0400000000,4124.1300000000
1790648365610,4124.0600000000,4124.1500000000
1790648366012,4124.0500000000,4124.1400000000
1790648366819,4124.1600000000,4124.2500000000
1790648367221,4124.1900000000,4124.3100000000
1790648367624,4124.1600000000,4124.2800000000
1790648368429,4124.1600000000,4124.2700000000
1790648369233,4124.1700000000,4124.2700000000
1790648370441,4124.1700000000,4124.2600000000
1790648370844,4124.1600000000,4124.2500000000
1790648371648,4124.1000000000,4124.1900000000
1790648372455,4124.1100000000,4124.2000000000
1790648373662,4124.1200000000,4124.2100000000
1790648374065,4124.1300000000,4124.2200000000
1790648374467,4124.1000000000,4124.1900000000
1790648375675,4124.1200000000,4124.2100000000
1790648376480,4124.0600000000,4124.1500000000
1790648377688,4124.0200000000,4124.1100000000
1790648381312,4123.9600000000,4124.0500000000
1790648383324,4123.9400000000,4124.0300000000
1790648384130,4123.9800000000,4124.0700000000
1790648384533,4123.9500000000,4124.0400000000
1790648385740,4123.9300000000,4124.0200000000
1790648386142,4124.1700000000,4124.2600000000
1790648386547,4124.2100000000,4124.3000000000
1790648386949,4124.2500000000,4124.3400000000
1790648387351,4124.2300000000,4124.3700000000
1790648387753,4124.1800000000,4124.3200000000
1790648389766,4124.1900000000,4124.3300000000
1790648390974,4124.2000000000,4124.3400000000
1790648391378,4124.1700000000,4124.3100000000
1790648391780,4124.1600000000,4124.3000000000
1790648392183,4124.1700000000,4124.3000000000
1790648392989,4124.1900000000,4124.3200000000
1790648393392,4125.0800000000,4125.2100000000
1790648394197,4125.0800000000,4125.2200000000
1790648395002,4125.0600000000,4125.2000000000
1790648395405,4125.0200000000,4125.1600000000
1790648396209,4125.0300000000,4125.1700000000
1790648399028,4125.0100000000,4125.1500000000
1790648399431,4124.9300000000,4125.0600000000
1790648399834,4124.9200000000,4125.0500000000
1790648400237,4125.0100000000,4125.1400000000
1790648400639,4124.9800000000,4125.1100000000
1790648401444,4125.1200000000,4125.2400000000
1790648403457,4125.0900000000,4125.2000000000
1790648405470,4125.0900000000,4125.1900000000
1790648408288,4125.1000000000,4125.1900000000
1790648410703,4125.0900000000,4125.1800000000
1790648411508,4125.0800000000,4125.1700000000
1790648412313,4125.1000000000,4125.1900000000
1790648417145,4125.1100000000,4125.2000000000
1790648417950,4125.0600000000,4125.1500000000
1790648418856,4124.9900000000,4125.0800000000
1790648420868,4124.9100000000,4125.0000000000
1790648421674,4124.9200000000,4125.0100000000
1790648422076,4124.9100000000,4125.0000000000
1790648422881,4124.8900000000,4124.9800000000
1790648423283,4124.8800000000,4124.9700000000
1790648423686,4124.8600000000,4124.9500000000
1790648424894,4124.8800000000,4124.9700000000
1790648425296,4124.8100000000,4124.9000000000
1790648425698,4124.7800000000,4124.8700000000
1790648426503,4124.7700000000,4124.8600000000
1790648426906,4124.7600000000,4124.8500000000
1790648427711,4124.4900000000,4124.5800000000
1790648428113,4124.4600000000,4124.5500000000
1790648428516,4124.4400000000,4124.5300000000
1790648429321,4124.6200000000,4124.7100000000
1790648429724,4124.6400000000,4124.7300000000
1790648430126,4124.6600000000,4124.7500000000
1790648430931,4124.6700000000,4124.7600000000
1790648439788,4124.6900000000,4124.7800000000
1790648442203,4124.8300000000,4124.9200000000
1790648443411,4124.8200000000,4124.9100000000
1790648446229,4124.8400000000,4124.9300000000
1790648446631,4124.8600000000,4124.9500000000
1790648447034,4124.7000000000,4124.7900000000
1790648447437,4124.7300000000,4124.8200000000
1790648448645,4124.7200000000,4124.8100000000
1790648449047,4124.6700000000,4124.7600000000
1790648450254,4124.6500000000,4124.7400000000
1790648451463,4124.6600000000,4124.7500000000
1790648455489,4125.0100000000,4125.1000000000
1790648455892,4125.0400000000,4125.1300000000
1790648456294,4124.9900000000,4125.0900000000
1790648457099,4125.0300000000,4125.1200000000
1790648457905,4124.9900000000,4125.0800000000
1790648459112,4124.9800000000,4125.0700000000
1790648459515,4125.0500000000,4125.1400000000
1790648460320,4125.0300000000,4125.1200000000
