time_msc,bid,ask
1789583670342,25575.3500000000,25575.8500000000
1789583671156,25576.3500000000,25576.8500000000
1789583671358,25577.3500000000,25577.8500000000
1789583671558,25576.3500000000,25576.8500000000
1789583672172,25575.3500000000,25575.8500000000
1789583673788,25576.3500000000,25576.8500000000
1789583674394,25575.3500000000,25575.8500000000
1789583675207,25576.3500000000,25576.8500000000
1789583676011,25575.3500000000,25575.8500000000
1789583677028,25574.3500000000,25574.8500000000
1789583677628,25575.3500000000,25575.8500000000
1789583677831,25574.3500000000,25574.8500000000
1789583680058,25575.3500000000,25575.8500000000
1789583680262,25574.3500000000,25574.8500000000
1789583680463,25573.3500000000,25573.8500000000
1789583680667,25574.3500000000,25574.8500000000
1789583681272,25575.3500000000,25575.8500000000
1789583682688,25576.3500000000,25576.8500000000
1789583684713,25577.3500000000,25577.8500000000
1789583685116,25576.3500000000,25576.8500000000
1789583685319,25577.3500000000,25577.8500000000
1789583685525,25576.3500000000,25576.8500000000
1789583686532,25575.3500000000,25575.8500000000
1789583686731,25573.3500000000,25573.8500000000
1789583686936,25574.3500000000,25574.8500000000
1789583688354,25573.3500000000,25573.8500000000
1789583688551,25574.3500000000,25574.8500000000
1789583688752,25573.3500000000,25573.8500000000
1789583689765,25572.3500000000,25572.8500000000
1789583691386,25573.3500000000,25573.8500000000
1789583693411,25572.3500000000,25572.8500000000
1789583693816,25573.3500000000,25573.8500000000
1789583694019,25572.3500000000,25572.8500000000
1789583694627,25574.3500000000,25574.8500000000
1789583694830,25572.3500000000,25572.8500000000
1789583695032,25571.3500000000,25571.8500000000
1789583695236,25572.3500000000,25572.8500000000
1789583695640,25573.3500000000,25573.8500000000
1789583696043,25572.3500000000,25572.8500000000
1789583696448,25571.3500000000,25571.8500000000
1789583696851,25570.3500000000,25570.8500000000
1789583697260,25568.3500000000,25568.8500000000
1789583697458,25569.3500000000,25569.8500000000
1789583698063,25568.3500000000,25568.8500000000
1789583698468,25569.3500000000,25569.8500000000
1789583698673,25568.3500000000,25568.8500000000
1789583699275,25567.3500000000,25567.8500000000
1789583699482,25568.3500000000,25568.8500000000
1789583699681,25566.3500000000,25566.8500000000
1789583699887,25568.3500000000,25568.8500000000
1789583700089,25568.3500000000,25568.8500000000
1789583700294,25567.3500000000,25567.8500000000
1789583701707,25568.3500000000,25568.8500000000
1789583701909,25567.3500000000,25567.8500000000
1789583702311,25566.3500000000,25566.8500000000
1789583702917,25567.3500000000,25567.8500000000
1789583704131,25566.3500000000,25566.8500000000
1789583705348,25567.3500000000,25567.8500000000
1789583705956,25568.3500000000,25568.8500000000
1789583706155,25569.3500000000,25569.8500000000
1789583707777,25570.3500000000,25570.8500000000
1789583708181,25571.3500000000,25571.8500000000
1789583708987,25570.3500000000,25570.8500000000
1789583710201,25569.3500000000,25569.8500000000
1789583710407,25568.3500000000,25568.8500000000
1789583711826,25569.3500000000,25569.8500000000
1789583713033,25567.3500000000,25567.8500000000
1789583714040,25568.3500000000,25568.8500000000
1789583714242,25567.3500000000,25567.8500000000
1789583715051,25566.3500000000,25566.8500000000
1789583716067,25565.3500000000,25565.8500000000
1789583716670,25566.3500000000,25566.8500000000
1789583716870,25565.3500000000,25565.8500000000
1789583717074,25564.3500000000,25564.8500000000
1789583718083,25565.3500000000,25565.8500000000
1789583719706,25564.3500000000,25564.8500000000
1789583721934,25565.3500000000,25565.8500000000
1789583722541,25564.3500000000,25564.8500000000
1789583722947,25563.3500000000,25563.8500000000
1789583724161,25562.3500000000,25562.8500000000
1789583724766,25563.3500000000,25563.8500000000
1789583725167,25564.3500000000,25564.8500000000
1789583725370,25565.3500000000,25565.8500000000
1789583725571,25563.3500000000,25563.8500000000
1789583726180,25564.3500000000,25564.8500000000
1789583730433,25565.3500000000,25565.8500000000
1789583731849,25566.3500000000,25566.8500000000
1789583732051,25565.3500000000,25565.8500000000
1789583732455,25566.3500000000,25566.8500000000
1789583732657,25565.3500000000,25565.8500000000
1789583734482,25566.3500000000,25566.8500000000
1789583736910,25565.3500000000,25565.8500000000
1789583739740,25566.3500000000,25566.8500000000
1789583739948,25567.3500000000,25567.8500000000
1789583742165,25566.3500000000,25566.8500000000
1789583743179,25565.3500000000,25565.8500000000
1789583744997,25566.3500000000,25566.8500000000
1789583745830,25567.3500000000,25567.8500000000
1789583746842,25568.3500000000,25568.8500000000
1789583747045,25567.3500000000,25567.8500000000
1789583747856,25568.3500000000,25568.8500000000
1789583758177,25570.3500000000,25570.8500000000
1789583760197,25571.3500000000,25571.8500000000
1789583760404,25572.3500000000,25572.8500000000
1789583761215,25571.3500000000,25571.8500000000
1789583762624,25570.3500000000,25570.8500000000
1789583763637,25571.3500000000,25571.8500000000
1789583763839,25570.3500000000,25570.8500000000
1789583765455,25571.3500000000,25571.8500000000
1789583766267,25572.3500000000,25572.8500000000
1789583767076,25573.3500000000,25573.8500000000
1789583771121,25572.3500000000,25572.8500000000
1789583771526,25571.3500000000,25571.8500000000
1789583771730,25572.3500000000,25572.8500000000
1789583772336,25573.3500000000,25573.8500000000
1789583772740,25572.3500000000,25572.8500000000
1789583772944,25573.3500000000,25573.8500000000
1789583773952,25574.3500000000,25574.8500000000
1789583775567,25573.3500000000,25573.8500000000
1789583775970,25574.3500000000,25574.8500000000
1789583776578,25575.3500000000,25575.8500000000
1789583777186,25574.3500000000,25574.8500000000
1789583777394,25575.3500000000,25575.8500000000
1789583787914,25576.3500000000,25576.8500000000
1789583789332,25575.3500000000,25575.8500000000
1789583792163,25573.3500000000,25573.8500000000
1789583792367,25574.3500000000,25574.8500000000
1789583793375,25573.3500000000,25573.8500000000
1789583794186,25574.3500000000,25574.8500000000
1789583796007,25573.3500000000,25573.8500000000
1789583798836,25572.3500000000,25572.8500000000
1789583800252,25574.3500000000,25574.8500000000
1789583802081,25573.3500000000,25573.8500000000
1789583802278,25574.3500000000,25574.8500000000
1789583802486,25573.3500000000,25573.8500000000
1789583803491,25574.3500000000,25574.8500000000
1789583803695,25573.3500000000,25573.8500000000
1789583804501,25574.3500000000,25574.8500000000
1789583804704,25573.3500000000,25573.8500000000
1789583804906,25574.3500000000,25574.8500000000
1789583805311,25573.3500000000,25573.8500000000
1789583805921,25574.3500000000,25574.8500000000
1789583806525,25573.3500000000,25573.8500000000
1789583807740,25574.3500000000,25574.8500000000
1789583807946,25573.3500000000,25573.8500000000
1789583809768,25572.3500000000,25572.8500000000
1789583811187,25573.3500000000,25573.8500000000
1789583811590,25574.3500000000,25574.8500000000
1789583813209,25573.3500000000,25573.8500000000
1789583817055,25574.3500000000,25574.8500000000
1789583820084,25574.3500000000,25574.8500000000
1789583820894,25573.3500000000,25573.8500000000
1789583821902,25572.3500000000,25572.8500000000
1789583825748,25573.3500000000,25573.8500000000
1789583827371,25574.3500000000,25574.8500000000
1789583828176,25575.3500000000,25575.8500000000
1789583828382,25574.3500000000,25574.8500000000
1789583830000,25575.3500000000,25575.8500000000
1789583832018,25576.3500000000,25576.8500000000
1789583832422,25577.3500000000,25577.8500000000
1789583835462,25576.3500000000,25576.8500000000
1789583836063,25577.3500000000,25577.8500000000
1789583837073,25576.3500000000,25576.8500000000
1789583838895,25577.3500000000,25577.8500000000
1789583839098,25576.3500000000,25576.8500000000
1789583840513,25577.3500000000,25577.8500000000
1789583843350,25576.3500000000,25576.8500000000
1789583843960,25577.3500000000,25577.8500000000
1789583845179,25576.3500000000,25576.8500000000
1789583845986,25575.3500000000,25575.8500000000
1789583846189,25576.3500000000,25576.8500000000
1789583849229,25575.3500000000,25575.8500000000
1789583849428,25574.3500000000,25574.8500000000
1789583849832,25575.3500000000,25575.8500000000
1789583854681,25574.3500000000,25574.8500000000
1789583854884,25575.3500000000,25575.8500000000
1789583857918,25574.3500000000,25574.8500000000
1789583858728,25575.3500000000,25575.8500000000
1789583858938,25574.3500000000,25574.8500000000
1789583859335,25575.3500000000,25575.8500000000
1789583859945,25574.3500000000,25574.8500000000
1789583861158,25575.3500000000,25575.8500000000
1789583861362,25574.3500000000,25574.8500000000
1789583861766,25575.3500000000,25575.8500000000
1789583865407,25576.3500000000,25576.8500000000
1789583866218,25575.3500000000,25575.8500000000
1789583866419,25576.3500000000,25576.8500000000
1789583867429,25577.3500000000,25577.8500000000
1789583869453,25576.3500000000,25576.8500000000
1789583869858,25577.3500000000,25577.8500000000
1789583872897,25578.3500000000,25578.8500000000
1789583876943,25579.3500000000,25579.8500000000
1789583877955,25578.3500000000,25578.8500000000
1789583880180,25579.3500000000,25579.8500000000
1789583880386,25578.3500000000,25578.8500000000
1789583880584,25579.3500000000,25579.8500000000
1789583881594,25578.3500000000,25578.8500000000
1789583882808,25577.3500000000,25577.8500000000
1789583884021,25578.3500000000,25578.8500000000
1789583884434,25579.3500000000,25579.8500000000
1789583884633,25578.3500000000,25578.8500000000
1789583885435,25579.3500000000,25579.8500000000
1789583887663,25578.3500000000,25578.8500000000
1789583890707,25577.3500000000,25577.8500000000
1789583891112,25576.3500000000,25576.8500000000
1789583891319,25577.3500000000,25577.8500000000
1789583892528,25576.3500000000,25576.8500000000
1789583892732,25577.3500000000,25577.8500000000
1789583892934,25578.3500000000,25578.8500000000
1789583893749,25577.3500000000,25577.8500000000
1789583894353,25578.3500000000,25578.8500000000
1789583894553,25577.3500000000,25577.8500000000
1789583895972,25578.3500000000,25578.8500000000
1789583896174,25577.3500000000,25577.8500000000
1789583897586,25578.3500000000,25578.8500000000
1789583897789,25577.3500000000,25577.8500000000
1789583898195,25578.3500000000,25578.8500000000
1789583898602,25577.3500000000,25577.8500000000
1789583899003,25578.3500000000,25578.8500000000
1789583905890,25577.3500000000,25577.8500000000
1789583906297,25578.3500000000,25578.8500000000
1789583908515,25577.3500000000,25577.8500000000
1789583910139,25578.3500000000,25578.8500000000
1789583910547,25577.3500000000,25577.8500000000
1789583913781,25576.3500000000,25576.8500000000
1789583913984,25577.3500000000,25577.8500000000
1789583914185,25576.3500000000,25576.8500000000
1789583914388,25577.3500000000,25577.8500000000
1789583917418,25576.3500000000,25576.8500000000
1789583917621,25577.3500000000,25577.8500000000
1789583918220,25576.3500000000,25576.8500000000
1789583919438,25577.3500000000,25577.8500000000
1789583922672,25578.3500000000,25578.8500000000
1789583922876,25577.3500000000,25577.8500000000
1789583923688,25578.3500000000,25578.8500000000
1789583924502,25579.3500000000,25579.8500000000
1789583925507,25580.3500000000,25580.8500000000
1789583927327,25579.3500000000,25579.8500000000
1789583927929,25580.3500000000,25580.8500000000
1789583928537,25581.3500000000,25581.8500000000
1789583930372,25582.3500000000,25582.8500000000
1789583934008,25581.3500000000,25581.8500000000
1789583934820,25580.3500000000,25580.8500000000
1789583935424,25581.3500000000,25581.8500000000
1789583935625,25580.3500000000,25580.8500000000
1789583940283,25580.3500000000,25580.8500000000
1789583941701,25581.3500000000,25581.8500000000
1789583941905,25583.3500000000,25583.8500000000
1789583942103,25582.3500000000,25582.8500000000
1789583953846,25583.3500000000,25583.8500000000
1789583954247,25582.3500000000,25582.8500000000
1789583954451,25583.3500000000,25583.8500000000
1789583955062,25582.3500000000,25582.8500000000
1789583955263,25583.3500000000,25583.8500000000
1789583957687,25582.3500000000,25582.8500000000
1789583957888,25583.3500000000,25583.8500000000
1789583958900,25584.3500000000,25584.8500000000
1789583959912,25583.3500000000,25583.8500000000
1789583960118,25584.3500000000,25584.8500000000
1789583960728,25585.3500000000,25585.8500000000
1789583960932,25584.3500000000,25584.8500000000
1789583961737,25585.3500000000,25585.8500000000
1789583961946,25584.3500000000,25584.8500000000
1789583964376,25585.3500000000,25585.8500000000
1789583965997,25584.3500000000,25584.8500000000
1789583969840,25583.3500000000,25583.8500000000
1789583973483,25582.3500000000,25582.8500000000
1789583974288,25581.3500000000,25581.8500000000
1789583985809,25580.3500000000,25580.8500000000
1789583986212,25581.3500000000,25581.8500000000
1789583987221,25580.3500000000,25580.8500000000
1789583987835,25579.3500000000,25579.8500000000
1789583988635,25580.3500000000,25580.8500000000
1789583988846,25579.3500000000,25579.8500000000
1789583989042,25580.3500000000,25580.8500000000
1789583989247,25579.3500000000,25579.8500000000
1789583993295,25578.3500000000,25578.8500000000
1789583995722,25579.3500000000,25579.8500000000
1789583998349,25578.3500000000,25578.8500000000
1789583998753,25579.3500000000,25579.8500000000
1789583999157,25578.3500000000,25578.8500000000
1789583999973,25579.3500000000,25579.8500000000
1789584000173,25578.3500000000,25578.8500000000
1789584002200,25577.3500000000,25577.8500000000
1789584002604,25578.3500000000,25578.8500000000
1789584003414,25577.3500000000,25577.8500000000
1789584004624,25578.3500000000,25578.8500000000
1789584005232,25577.3500000000,25577.8500000000
1789584010902,25578.3500000000,25578.8500000000
1789584013126,25580.3500000000,25580.8500000000
1789584013733,25579.3500000000,25579.8500000000
1789584014743,25578.3500000000,25578.8500000000
1789584024875,25577.3500000000,25577.8500000000
1789584025888,25578.3500000000,25578.8500000000
1789584027101,25579.3500000000,25579.8500000000
1789584028110,25578.3500000000,25578.8500000000
1789584028312,25579.3500000000,25579.8500000000
1789584029531,25580.3500000000,25580.8500000000
1789584029930,25579.3500000000,25579.8500000000
1789584030131,25580.3500000000,25580.8500000000
1789584031550,25579.3500000000,25579.8500000000
1789584033163,25580.3500000000,25580.8500000000
1789584033568,25579.3500000000,25579.8500000000
1789584035590,25580.3500000000,25580.8500000000
1789584047322,25579.3500000000,25579.8500000000
1789584048125,25580.3500000000,25580.8500000000
1789584050554,25579.3500000000,25579.8500000000
1789584051760,25578.3500000000,25578.8500000000
1789584052367,25577.3500000000,25577.8500000000
1789584054999,25578.3500000000,25578.8500000000
1789584055201,25579.3500000000,25579.8500000000
1789584058032,25578.3500000000,25578.8500000000
1789584059044,25577.3500000000,25577.8500000000
1789584060260,25577.3500000000,25577.8500000000
1789584061272,25578.3500000000,25578.8500000000
1789584062284,25577.3500000000,25577.8500000000
1789584063098,25576.3500000000,25576.8500000000
1789584063299,25577.3500000000,25577.8500000000
1789584065521,25576.3500000000,25576.8500000000
1789584069769,25574.3500000000,25574.8500000000
1789584073615,25575.3500000000,25575.8500000000
1789584075031,25574.3500000000,25574.8500000000
1789584075237,25575.3500000000,25575.8500000000
1789584076241,25574.3500000000,25574.8500000000
1789584076445,25575.3500000000,25575.8500000000
1789584077865,25574.3500000000,25574.8500000000
1789584079079,25573.3500000000,25573.8500000000
1789584079286,25576.3500000000,25576.8500000000
1789584082723,25575.3500000000,25575.8500000000
1789584084342,25574.3500000000,25574.8500000000
1789584084946,25573.3500000000,25573.8500000000
1789584085958,25574.3500000000,25574.8500000000
1789584086565,25573.3500000000,25573.8500000000
1789584087375,25572.3500000000,25572.8500000000
1789584087979,25573.3500000000,25573.8500000000
1789584088789,25572.3500000000,25572.8500000000
1789584089396,25573.3500000000,25573.8500000000
1789584091420,25574.3500000000,25574.8500000000
1789584092025,25573.3500000000,25573.8500000000
1789584093446,25572.3500000000,25572.8500000000
1789584098705,25571.3500000000,25571.8500000000
1789584100929,25572.3500000000,25572.8500000000
1789584101737,25573.3500000000,25573.8500000000
1789584102145,25572.3500000000,25572.8500000000
1789584102550,25571.3500000000,25571.8500000000
1789584104368,25570.3500000000,25570.8500000000
1789584121765,25570.3500000000,25570.8500000000
1789584122574,25569.3500000000,25569.8500000000
1789584123179,25568.3500000000,25568.8500000000
1789584123383,25567.3500000000,25567.8500000000
1789584129666,25568.3500000000,25568.8500000000
1789584129861,25567.3500000000,25567.8500000000
1789584137758,25566.3500000000,25566.8500000000
1789584137956,25567.3500000000,25567.8500000000
1789584141990,25568.3500000000,25568.8500000000
1789584143616,25567.3500000000,25567.8500000000
1789584146044,25566.3500000000,25566.8500000000
1789584147258,25565.3500000000,25565.8500000000
1789584155146,25564.3500000000,25564.8500000000
1789584155345,25565.3500000000,25565.8500000000
1789584156361,25566.3500000000,25566.8500000000
1789584158384,25565.3500000000,25565.8500000000
1789584161009,25566.3500000000,25566.8500000000
1789584165660,25567.3500000000,25567.8500000000
1789584166062,25566.3500000000,25566.8500000000
1789584166666,25567.3500000000,25567.8500000000
1789584170109,25568.3500000000,25568.8500000000
1789584178614,25567.3500000000,25567.8500000000
1789584180034,25567.3500000000,25567.8500000000
1789584180839,25568.3500000000,25568.8500000000
1789584183672,25567.3500000000,25567.8500000000
1789584187112,25566.3500000000,25566.8500000000
1789584187923,25565.3500000000,25565.8500000000
1789584188731,25566.3500000000,25566.8500000000
1789584188931,25565.3500000000,25565.8500000000
1789584191562,25566.3500000000,25566.8500000000
1789584196613,25565.3500000000,25565.8500000000
1789584201054,25564.3500000000,25564.8500000000
1789584202268,25565.3500000000,25565.8500000000
1789584210573,25566.3500000000,25566.8500000000
1789584212792,25564.3500000000,25564.8500000000
1789584220881,25565.3500000000,25565.8500000000
1789584222099,25564.3500000000,25564.8500000000
1789584223512,25565.3500000000,25565.8500000000
1789584227560,25566.3500000000,25566.8500000000
1789584230190,25565.3500000000,25565.8500000000
1789584230998,25566.3500000000,25566.8500000000
1789584238089,25567.3500000000,25567.8500000000
1789584240317,25567.3500000000,25567.8500000000
1789584241123,25568.3500000000,25568.8500000000
1789584243547,25567.3500000000,25567.8500000000
1789584243751,25568.3500000000,25568.8500000000
1789584246179,25569.3500000000,25569.8500000000
1789584250019,25570.3500000000,25570.8500000000
1789584252851,25569.3500000000,25569.8500000000
1789584256496,25570.3500000000,25570.8500000000
1789584263377,25569.3500000000,25569.8500000000
1789584263578,25570.3500000000,25570.8500000000
1789584267826,25571.3500000000,25571.8500000000
1789584275119,25572.3500000000,25572.8500000000
1789584275919,25571.3500000000,25571.8500000000
1789584276122,25572.3500000000,25572.8500000000
1789584276931,25571.3500000000,25571.8500000000
1789584283599,25572.3500000000,25572.8500000000
1789584287441,25571.3500000000,25571.8500000000
1789584287643,25570.3500000000,25570.8500000000
1789584288862,25571.3500000000,25571.8500000000
1789584290072,25570.3500000000,25570.8500000000
1789584293307,25571.3500000000,25571.8500000000
1789584293715,25570.3500000000,25570.8500000000
1789584294120,25569.3500000000,25569.8500000000
1789584299375,25570.3500000000,25570.8500000000
1789584299576,25569.3500000000,25569.8500000000
1789584300790,25568.3500000000,25568.8500000000
1789584303012,25567.3500000000,25567.8500000000
1789584305239,25568.3500000000,25568.8500000000
1789584306047,25569.3500000000,25569.8500000000
1789584307057,25568.3500000000,25568.8500000000
1789584313124,25569.3500000000,25569.8500000000
1789584322838,25570.3500000000,25570.8500000000
1789584326072,25569.3500000000,25569.8500000000
1789584327490,25568.3500000000,25568.8500000000
1789584329921,25569.3500000000,25569.8500000000
1789584330331,25570.3500000000,25570.8500000000
1789584337000,25571.3500000000,25571.8500000000
1789584339018,25572.3500000000,25572.8500000000
1789584342253,25571.3500000000,25571.8500000000
1789584343264,25572.3500000000,25572.8500000000
1789584343669,25571.3500000000,25571.8500000000
1789584346733,25570.3500000000,25570.8500000000
1789584347743,25571.3500000000,25571.8500000000
1789584349560,25570.3500000000,25570.8500000000
1789584354012,25571.3500000000,25571.8500000000
1789584354618,25570.3500000000,25570.8500000000
1789584355024,25571.3500000000,25571.8500000000
1789584355835,25570.3500000000,25570.8500000000
1789584357848,25571.3500000000,25571.8500000000
1789584361899,25571.3500000000,25571.8500000000
1789584364128,25572.3500000000,25572.8500000000
1789584364730,25573.3500000000,25573.8500000000
1789584373430,25572.3500000000,25572.8500000000
1789584374033,25573.3500000000,25573.8500000000
1789584379692,25572.3500000000,25572.8500000000
1789584380103,25573.3500000000,25573.8500000000
1789584389198,25574.3500000000,25574.8500000000
1789584395068,25575.3500000000,25575.8500000000
1789584395271,25574.3500000000,25574.8500000000
1789584399313,25575.3500000000,25575.8500000000
1789584399920,25574.3500000000,25574.8500000000
1789584400124,25575.3500000000,25575.8500000000
1789584403358,25574.3500000000,25574.8500000000
1789584404370,25575.3500000000,25575.8500000000
1789584405181,25574.3500000000,25574.8500000000
1789584405788,25575.3500000000,25575.8500000000
1789584406197,25574.3500000000,25574.8500000000
1789584406396,25575.3500000000,25575.8500000000
1789584406800,25574.3500000000,25574.8500000000
1789584424793,25574.3500000000,25574.8500000000
1789584427424,25575.3500000000,25575.8500000000
1789584429244,25579.3500000000,25579.8500000000
1789584429852,25580.3500000000,25580.8500000000
1789584430267,25586.3500000000,25586.8500000000
1789584430458,25594.3500000000,25594.8500000000
1789584430663,25602.3500000000,25602.8500000000
1789584430869,25615.3500000000,25615.8500000000
1789584431079,25616.3500000000,25616.8500000000
1789584431280,25612.3500000000,25612.8500000000
1789584431482,25614.3500000000,25614.8500000000
1789584431895,25611.3500000000,25611.8500000000
1789584432091,25609.3500000000,25609.8500000000
1789584432301,25606.3500000000,25606.8500000000
1789584432495,25604.3500000000,25604.8500000000
1789584432701,25609.3500000000,25609.8500000000
1789584432901,25607.3500000000,25607.8500000000
1789584433103,25605.3500000000,25605.8500000000
1789584433505,25606.3500000000,25606.8500000000
1789584433915,25605.3500000000,25605.8500000000
1789584434313,25601.3500000000,25601.8500000000
1789584434524,25600.3500000000,25600.8500000000
1789584434717,25599.3500000000,25599.8500000000
1789584434918,25600.3500000000,25600.8500000000
1789584435124,25601.3500000000,25601.8500000000
1789584435330,25599.3500000000,25599.8500000000
1789584435532,25601.3500000000,25601.8500000000
1789584435729,25600.3500000000,25600.8500000000
1789584435936,25603.3500000000,25603.8500000000
1789584436140,25604.3500000000,25604.8500000000
1789584436340,25605.3500000000,25605.8500000000
1789584436540,25607.3500000000,25607.8500000000
1789584436738,25605.3500000000,25605.8500000000
1789584436945,25607.3500000000,25607.8500000000
1789584437147,25606.3500000000,25606.8500000000
1789584437555,25610.3500000000,25610.8500000000
1789584437757,25605.3500000000,25605.8500000000
1789584437957,25604.3500000000,25604.8500000000
1789584438161,25606.3500000000,25606.8500000000
1789584438362,25613.3500000000,25613.8500000000
1789584438563,25610.3500000000,25610.8500000000
1789584438764,25611.3500000000,25611.8500000000
1789584439382,25614.3500000000,25614.8500000000
1789584439785,25617.3500000000,25617.8500000000
1789584440383,25615.3500000000,25615.8500000000
1789584440591,25619.3500000000,25619.8500000000
1789584440790,25617.3500000000,25617.8500000000
1789584440986,25615.3500000000,25615.8500000000
1789584441190,25616.3500000000,25616.8500000000
1789584441398,25618.3500000000,25618.8500000000
1789584441597,25619.3500000000,25619.8500000000
1789584441805,25623.3500000000,25623.8500000000
1789584442003,25622.3500000000,25622.8500000000
1789584442408,25623.3500000000,25623.8500000000
1789584442603,25624.3500000000,25624.8500000000
1789584442817,25625.3500000000,25625.8500000000
1789584443018,25624.3500000000,25624.8500000000
1789584443219,25625.3500000000,25625.8500000000
1789584443423,25624.3500000000,25624.8500000000
1789584443626,25626.3500000000,25626.8500000000
1789584443836,25627.3500000000,25627.8500000000
1789584444034,25626.3500000000,25626.8500000000
1789584444239,25624.3500000000,25624.8500000000
1789584444441,25625.3500000000,25625.8500000000
1789584444646,25628.3500000000,25628.8500000000
1789584444842,25625.3500000000,25625.8500000000
1789584445045,25622.3500000000,25622.8500000000
1789584445456,25625.3500000000,25625.8500000000
1789584445855,25624.3500000000,25624.8500000000
1789584446059,25623.3500000000,25623.8500000000
1789584446667,25624.3500000000,25624.8500000000
1789584446874,25622.3500000000,25622.8500000000
1789584447070,25621.3500000000,25621.8500000000
1789584447275,25623.3500000000,25623.8500000000
1789584447475,25624.3500000000,25624.8500000000
1789584447887,25625.3500000000,25625.8500000000
1789584448086,25626.3500000000,25626.8500000000
1789584448696,25627.3500000000,25627.8500000000
1789584448892,25626.3500000000,25626.8500000000
1789584449299,25627.3500000000,25627.8500000000
1789584449501,25626.3500000000,25626.8500000000
1789584449704,25627.3500000000,25627.8500000000
1789584449904,25625.3500000000,25625.8500000000
1789584450313,25623.3500000000,25623.8500000000
1789584450510,25624.3500000000,25624.8500000000
1789584450708,25625.3500000000,25625.8500000000
1789584450915,25628.3500000000,25628.8500000000
1789584451321,25627.3500000000,25627.8500000000
1789584451517,25628.3500000000,25628.8500000000
1789584451729,25629.3500000000,25629.8500000000
1789584451926,25627.3500000000,25627.8500000000
1789584452126,25626.3500000000,25626.8500000000
1789584452334,25627.3500000000,25627.8500000000
1789584452532,25628.3500000000,25628.8500000000
1789584452737,25629.3500000000,25629.8500000000
1789584453138,25627.3500000000,25627.8500000000
1789584453743,25628.3500000000,25628.8500000000
1789584454155,25627.3500000000,25627.8500000000
1789584454354,25626.3500000000,25626.8500000000
1789584454556,25624.3500000000,25624.8500000000
1789584454759,25626.3500000000,25626.8500000000
1789584454963,25628.3500000000,25628.8500000000
1789584455162,25627.3500000000,25627.8500000000
1789584455366,25623.3500000000,25623.8500000000
1789584455568,25622.3500000000,25622.8500000000
1789584456178,25621.3500000000,25621.8500000000
1789584456375,25620.3500000000,25620.8500000000
1789584456582,25621.3500000000,25621.8500000000
1789584456980,25620.3500000000,25620.8500000000
1789584457185,25623.3500000000,25623.8500000000
1789584457585,25621.3500000000,25621.8500000000
1789584457790,25622.3500000000,25622.8500000000
1789584457989,25621.3500000000,25621.8500000000
1789584458194,25622.3500000000,25622.8500000000
1789584458397,25620.3500000000,25620.8500000000
1789584459001,25621.3500000000,25621.8500000000
1789584459203,25618.3500000000,25618.8500000000
1789584459412,25617.3500000000,25617.8500000000
1789584460011,25616.3500000000,25616.8500000000
1789584460417,25613.3500000000,25613.8500000000
1789584460623,25616.3500000000,25616.8500000000
1789584461025,25617.3500000000,25617.8500000000
1789584461234,25616.3500000000,25616.8500000000
1789584461837,25617.3500000000,25617.8500000000
1789584462040,25616.3500000000,25616.8500000000
1789584462244,25615.3500000000,25615.8500000000
1789584462451,25614.3500000000,25614.8500000000
1789584462652,25612.3500000000,25612.8500000000
1789584463254,25611.3500000000,25611.8500000000
1789584463664,25610.3500000000,25610.8500000000
1789584464265,25608.3500000000,25608.8500000000
1789584464674,25607.3500000000,25607.8500000000
1789584465080,25606.3500000000,25606.8500000000
1789584465895,25609.3500000000,25609.8500000000
1789584466088,25608.3500000000,25608.8500000000
1789584466701,25610.3500000000,25610.8500000000
1789584466904,25609.3500000000,25609.8500000000
1789584467104,25608.3500000000,25608.8500000000
1789584467511,25609.3500000000,25609.8500000000
1789584467707,25610.3500000000,25610.8500000000
1789584467907,25609.3500000000,25609.8500000000
1789584468722,25608.3500000000,25608.8500000000
1789584469124,25607.3500000000,25607.8500000000
1789584469327,25608.3500000000,25608.8500000000
1789584469531,25607.3500000000,25607.8500000000
1789584469732,25611.3500000000,25611.8500000000
1789584470541,25612.3500000000,25612.8500000000
1789584470949,25611.3500000000,25611.8500000000
1789584471757,25612.3500000000,25612.8500000000
1789584471958,25611.3500000000,25611.8500000000
1789584472367,25612.3500000000,25612.8500000000
1789584472564,25611.3500000000,25611.8500000000
1789584472769,25612.3500000000,25612.8500000000
1789584472968,25611.3500000000,25611.8500000000
1789584473375,25615.3500000000,25615.8500000000
1789584474383,25616.3500000000,25616.8500000000
1789584474587,25615.3500000000,25615.8500000000
1789584475802,25616.3500000000,25616.8500000000
1789584476010,25614.3500000000,25614.8500000000
1789584476208,25610.3500000000,25610.8500000000
1789584476413,25611.3500000000,25611.8500000000
1789584476614,25610.3500000000,25610.8500000000
1789584476822,25609.3500000000,25609.8500000000
1789584477428,25614.3500000000,25614.8500000000
1789584477831,25613.3500000000,25613.8500000000
1789584478832,25612.3500000000,25612.8500000000
1789584479039,25611.3500000000,25611.8500000000
1789584479240,25612.3500000000,25612.8500000000
1789584479440,25611.3500000000,25611.8500000000
1789584480046,25610.3500000000,25610.8500000000
1789584480451,25609.3500000000,25609.8500000000
1789584480653,25608.3500000000,25608.8500000000
1789584481260,25609.3500000000,25609.8500000000
1789584482678,25611.3500000000,25611.8500000000
1789584483891,25612.3500000000,25612.8500000000
1789584484092,25611.3500000000,25611.8500000000
1789584484496,25610.3500000000,25610.8500000000
1789584484700,25611.3500000000,25611.8500000000
1789584484907,25609.3500000000,25609.8500000000
1789584486726,25610.3500000000,25610.8500000000
1789584487336,25609.3500000000,25609.8500000000
1789584487739,25608.3500000000,25608.8500000000
1789584488146,25607.3500000000,25607.8500000000
1789584488353,25608.3500000000,25608.8500000000
1789584488550,25607.3500000000,25607.8500000000
1789584488959,25606.3500000000,25606.8500000000
1789584489559,25605.3500000000,25605.8500000000
1789584489763,25606.3500000000,25606.8500000000
1789584490772,25607.3500000000,25607.8500000000
1789584491176,25606.3500000000,25606.8500000000
1789584493807,25605.3500000000,25605.8500000000
1789584494008,25606.3500000000,25606.8500000000
1789584494211,25605.3500000000,25605.8500000000
1789584494617,25606.3500000000,25606.8500000000
1789584495625,25605.3500000000,25605.8500000000
1789584496634,25606.3500000000,25606.8500000000
1789584497039,25607.3500000000,25607.8500000000
1789584497444,25606.3500000000,25606.8500000000
1789584498045,25607.3500000000,25607.8500000000
1789584498248,25606.3500000000,25606.8500000000
1789584498453,25608.3500000000,25608.8500000000
1789584498860,25607.3500000000,25607.8500000000
1789584499662,25606.3500000000,25606.8500000000
1789584500872,25605.3500000000,25605.8500000000
1789584501284,25604.3500000000,25604.8500000000
1789584501479,25603.3500000000,25603.8500000000
1789584501888,25602.8500000000,25603.3500000000
1789584502085,25602.3500000000,25602.8500000000
1789584502897,25601.8500000000,25602.3500000000
1789584503311,25600.8500000000,25601.3500000000
1789584503707,25602.8500000000,25603.3500000000
1789584504316,25601.8500000000,25602.3500000000
1789584505322,25602.8500000000,25603.3500000000
1789584506537,25601.8500000000,25602.3500000000
1789584507549,25600.8500000000,25601.3500000000
1789584508158,25599.8500000000,25600.3500000000
1789584508561,25598.8500000000,25599.3500000000
1789584509574,25599.8500000000,25600.3500000000
1789584509774,25598.8500000000,25599.3500000000
1789584509978,25599.8500000000,25600.3500000000
1789584510383,25598.8500000000,25599.3500000000
1789584510787,25597.8500000000,25598.3500000000
1789584511799,25598.8500000000,25599.3500000000
1789584512205,25599.8500000000,25600.3500000000
1789584512809,25598.8500000000,25599.3500000000
1789584513620,25597.8500000000,25598.3500000000
1789584514022,25599.8500000000,25600.3500000000
1789584514225,25598.8500000000,25599.3500000000
1789584514632,25599.8500000000,25600.3500000000
1789584514832,25600.8500000000,25601.3500000000
1789584515240,25601.8500000000,25602.3500000000
1789584515643,25600.8500000000,25601.3500000000
1789584516049,25601.8500000000,25602.3500000000
1789584516251,25602.8500000000,25603.3500000000
1789584516455,25601.8500000000,25602.3500000000
1789584517269,25602.8500000000,25603.3500000000
1789584517472,25601.8500000000,25602.3500000000
1789584518278,25599.8500000000,25600.3500000000
1789584519092,25601.8500000000,25602.3500000000
1789584519492,25600.8500000000,25601.3500000000
1789584520093,25601.8500000000,25602.3500000000
1789584520295,25600.8500000000,25601.3500000000
1789584520701,25599.8500000000,25600.3500000000
1789584522322,25600.8500000000,25601.3500000000
1789584522723,25598.8500000000,25599.3500000000
1789584523938,25597.8500000000,25598.3500000000
1789584524347,25596.8500000000,25597.3500000000
1789584525154,25597.8500000000,25598.3500000000
1789584525356,25598.8500000000,25599.3500000000
1789584526160,25599.8500000000,25600.3500000000
1789584527780,25597.8500000000,25598.3500000000
1789584528594,25598.8500000000,25599.3500000000
1789584529198,25599.8500000000,25600.3500000000
1789584532233,25600.8500000000,25601.3500000000
1789584532433,25601.8500000000,25602.3500000000
1789584533242,25599.8500000000,25600.3500000000
1789584533447,25600.8500000000,25601.3500000000
1789584535059,25601.8500000000,25602.3500000000
1789584535263,25600.8500000000,25601.3500000000
1789584537485,25601.8500000000,25602.3500000000
1789584537694,25600.8500000000,25601.3500000000
1789584538299,25599.8500000000,25600.3500000000
1789584538702,25598.8500000000,25599.3500000000
1789584539716,25597.8500000000,25598.3500000000
1789584540117,25597.8500000000,25598.3500000000
1789584540723,25596.8500000000,25597.3500000000
1789584541128,25597.8500000000,25598.3500000000
1789584541334,25596.8500000000,25597.3500000000
1789584542746,25597.8500000000,25598.3500000000
1789584543758,25596.8500000000,25597.3500000000
1789584544367,25597.8500000000,25598.3500000000
1789584545784,25598.8500000000,25599.3500000000
1789584546999,25596.8500000000,25597.3500000000
1789584547205,25598.8500000000,25599.3500000000
1789584547604,25597.8500000000,25598.3500000000
1789584548214,25598.8500000000,25599.3500000000
1789584548413,25597.8500000000,25598.3500000000
1789584549223,25596.8500000000,25597.3500000000
1789584550640,25594.8500000000,25595.3500000000
1789584551243,25595.8500000000,25596.3500000000
1789584552051,25596.8500000000,25597.3500000000
1789584552261,25597.8500000000,25598.3500000000
1789584554893,25596.8500000000,25597.3500000000
1789584555498,25594.8500000000,25595.3500000000
1789584556505,25595.8500000000,25596.3500000000
1789584557115,25594.8500000000,25595.3500000000
1789584557727,25595.8500000000,25596.3500000000
1789584559546,25594.8500000000,25595.3500000000
1789584559948,25595.8500000000,25596.3500000000
1789584561366,25594.8500000000,25595.3500000000
1789584561771,25597.8500000000,25598.3500000000
1789584562575,25596.8500000000,25597.3500000000
1789584562995,25595.8500000000,25596.3500000000
1789584564806,25594.8500000000,25595.3500000000
1789584566829,25593.8500000000,25594.3500000000
1789584568250,25592.8500000000,25593.3500000000
1789584569457,25593.8500000000,25594.3500000000
1789584569660,25592.8500000000,25593.3500000000
1789584570675,25591.8500000000,25592.3500000000
1789584570878,25592.8500000000,25593.3500000000
1789584571283,25591.8500000000,25592.3500000000
1789584572092,25592.8500000000,25593.3500000000
1789584572293,25593.8500000000,25594.3500000000
1789584572904,25592.8500000000,25593.3500000000
1789584573302,25593.8500000000,25594.3500000000
1789584574112,25592.8500000000,25593.3500000000
1789584575122,25591.8500000000,25592.3500000000
1789584578564,25590.8500000000,25591.3500000000
1789584578766,25591.8500000000,25592.3500000000
1789584580383,25592.8500000000,25593.3500000000
1789584580789,25593.8500000000,25594.3500000000
1789584581390,25592.8500000000,25593.3500000000
1789584582200,25593.8500000000,25594.3500000000
1789584583005,25594.8500000000,25595.3500000000
1789584583207,25593.8500000000,25594.3500000000
1789584584828,25592.8500000000,25593.3500000000
1789584586238,25593.8500000000,25594.3500000000
1789584586642,25592.8500000000,25593.3500000000
1789584587451,25593.8500000000,25594.3500000000
1789584587862,25592.8500000000,25593.3500000000
1789584588468,25593.8500000000,25594.3500000000
1789584589679,25592.8500000000,25593.3500000000
1789584589881,25593.8500000000,25594.3500000000
1789584590288,25592.8500000000,25593.3500000000
1789584591708,25590.8500000000,25591.3500000000
1789584591907,25591.8500000000,25592.3500000000
1789584592516,25590.8500000000,25591.3500000000
1789584593324,25589.8500000000,25590.3500000000
1789584593532,25590.8500000000,25591.3500000000
1789584594943,25589.8500000000,25590.3500000000
1789584595954,25588.8500000000,25589.3500000000
1789584596160,25589.8500000000,25590.3500000000
1789584596761,25588.8500000000,25589.3500000000
1789584596969,25589.8500000000,25590.3500000000
1789584597981,25590.8500000000,25591.3500000000
1789584600006,25591.8500000000,25592.3500000000
1789584601007,25590.8500000000,25591.3500000000
1789584604850,25591.8500000000,25592.3500000000
1789584605252,25590.8500000000,25591.3500000000
1789584606464,25591.8500000000,25592.3500000000
1789584607681,25590.8500000000,25591.3500000000
1789584608088,25591.8500000000,25592.3500000000
1789584609091,25590.8500000000,25591.3500000000
1789584609297,25591.8500000000,25592.3500000000
1789584610102,25590.8500000000,25591.3500000000
1789584610506,25591.8500000000,25592.3500000000
1789584615771,25592.8500000000,25593.3500000000
1789584616379,25593.8500000000,25594.3500000000
1789584617390,25592.8500000000,25593.3500000000
1789584621432,25591.8500000000,25592.3500000000
1789584629132,25590.8500000000,25591.3500000000
1789584630144,25589.8500000000,25590.3500000000
1789584634588,25588.8500000000,25589.3500000000
1789584637824,25587.8500000000,25588.3500000000
1789584639037,25588.8500000000,25589.3500000000
1789584641266,25590.8500000000,25591.3500000000
1789584643486,25591.8500000000,25592.3500000000
1789584643686,25590.8500000000,25591.3500000000
1789584644091,25591.8500000000,25592.3500000000
1789584644497,25590.8500000000,25591.3500000000
1789584645505,25589.8500000000,25590.3500000000
1789584646320,25590.8500000000,25591.3500000000
1789584646522,25589.8500000000,25590.3500000000
1789584647128,25588.8500000000,25589.3500000000
1789584647737,25589.8500000000,25590.3500000000
1789584648142,25588.8500000000,25589.3500000000
1789584649352,25589.8500000000,25590.3500000000
1789584652391,25588.8500000000,25589.3500000000
1789584652593,25589.8500000000,25590.3500000000
1789584653805,25588.8500000000,25589.3500000000
1789584654615,25589.8500000000,25590.3500000000
1789584655020,25590.3500000000,25590.8500000000
1789584655226,25591.8500000000,25592.3500000000
1789584655831,25590.8500000000,25591.3500000000
1789584657448,25591.3500000000,25591.8500000000
1789584657850,25592.3500000000,25592.8500000000
1789584658059,25591.3500000000,25591.8500000000
1789584658463,25592.3500000000,25592.8500000000
1789584660075,25592.3500000000,25592.8500000000
1789584660275,25591.3500000000,25591.8500000000
1789584661694,25590.3500000000,25590.8500000000
1789584663517,25589.3500000000,25589.8500000000
1789584664933,25590.3500000000,25590.8500000000
1789584665134,25591.3500000000,25591.8500000000
1789584667366,25592.3500000000,25592.8500000000
1789584670191,25591.3500000000,25591.8500000000
1789584674437,25590.3500000000,25590.8500000000
1789584674644,25589.3500000000,25589.8500000000
1789584675650,25590.3500000000,25590.8500000000
1789584678890,25591.3500000000,25591.8500000000
1789584680101,25592.3500000000,25592.8500000000
1789584680910,25593.3500000000,25593.8500000000
1789584681112,25592.3500000000,25592.8500000000
1789584682726,25591.3500000000,25591.8500000000
1789584683141,25592.3500000000,25592.8500000000
1789584683742,25591.3500000000,25591.8500000000
1789584684146,25592.3500000000,25592.8500000000
1789584685364,25591.3500000000,25591.8500000000
1789584686983,25592.3500000000,25592.8500000000
1789584688403,25591.3500000000,25591.8500000000
1789584692646,25590.3500000000,25590.8500000000
1789584693262,25591.3500000000,25591.8500000000
1789584695892,25590.3500000000,25590.8500000000
1789584696089,25591.3500000000,25591.8500000000
1789584697712,25590.3500000000,25590.8500000000
1789584698513,25591.3500000000,25591.8500000000
1789584698922,25592.3500000000,25592.8500000000
1789584699525,25591.3500000000,25591.8500000000
1789584699728,25592.3500000000,25592.8500000000
1789584705188,25591.3500000000,25591.8500000000
1789584711454,25592.3500000000,25592.8500000000
1789584712061,25591.3500000000,25591.8500000000
1789584714898,25592.3500000000,25592.8500000000
1789584715298,25591.3500000000,25591.8500000000
1789584715499,25592.3500000000,25592.8500000000
1789584719751,25591.3500000000,25591.8500000000
1789584720156,25592.3500000000,25592.8500000000
1789584722182,25593.3500000000,25593.8500000000
1789584725012,25592.3500000000,25592.8500000000
1789584725416,25591.3500000000,25591.8500000000
1789584725821,25590.3500000000,25590.8500000000
1789584727646,25589.3500000000,25589.8500000000
1789584728253,25590.3500000000,25590.8500000000
1789584728456,25589.3500000000,25589.8500000000
1789584728659,25590.3500000000,25590.8500000000
1789584729068,25589.3500000000,25589.8500000000
1789584730082,25590.3500000000,25590.8500000000
1789584730282,25589.3500000000,25589.8500000000
1789584734328,25588.3500000000,25588.8500000000
1789584737365,25589.3500000000,25589.8500000000
1789584738177,25590.3500000000,25590.8500000000
1789584739790,25589.3500000000,25589.8500000000
1789584740801,25590.3500000000,25590.8500000000
1789584741202,25589.3500000000,25589.8500000000
1789584741405,25590.3500000000,25590.8500000000
1789584744844,25589.3500000000,25589.8500000000
1789584746059,25590.3500000000,25590.8500000000
1789584746874,25589.3500000000,25589.8500000000
1789584748896,25590.3500000000,25590.8500000000
1789584751729,25587.3500000000,25587.8500000000
1789584754157,25588.3500000000,25588.8500000000
1789584755979,25589.3500000000,25589.8500000000
1789584756179,25588.3500000000,25588.8500000000
1789584758805,25589.3500000000,25589.8500000000
1789584761846,25590.3500000000,25590.8500000000
1789584762858,25591.3500000000,25591.8500000000
1789584764268,25590.3500000000,25590.8500000000
1789584764471,25591.3500000000,25591.8500000000
1789584764673,25590.3500000000,25590.8500000000
1789584764875,25589.3500000000,25589.8500000000
1789584765082,25590.3500000000,25590.8500000000
1789584767307,25589.3500000000,25589.8500000000
1789584767508,25590.3500000000,25590.8500000000
1789584770544,25592.3500000000,25592.8500000000
1789584770753,25591.3500000000,25591.8500000000
1789584773578,25590.3500000000,25590.8500000000
1789584774583,25591.3500000000,25591.8500000000
1789584780662,25592.3500000000,25592.8500000000
1789584780863,25593.3500000000,25593.8500000000
1789584781670,25592.3500000000,25592.8500000000
1789584782278,25591.3500000000,25591.8500000000
1789584784713,25592.3500000000,25592.8500000000
1789584784907,25591.3500000000,25591.8500000000
1789584785724,25590.3500000000,25590.8500000000
1789584786127,25591.3500000000,25591.8500000000
1789584786529,25590.3500000000,25590.8500000000
1789584787542,25589.3500000000,25589.8500000000
1789584789759,25588.3500000000,25588.8500000000
1789584791780,25589.3500000000,25589.8500000000
1789584791987,25588.3500000000,25588.8500000000
1789584793604,25589.3500000000,25589.8500000000
1789584796034,25588.3500000000,25588.8500000000
1789584798458,25589.3500000000,25589.8500000000
1789584799469,25588.3500000000,25588.8500000000
1789584800889,25589.3500000000,25589.8500000000
1789584801296,25590.3500000000,25590.8500000000
1789584804328,25589.3500000000,25589.8500000000
1789584804534,25590.3500000000,25590.8500000000
1789584805544,25591.3500000000,25591.8500000000
1789584806756,25590.3500000000,25590.8500000000
1789584808780,25591.3500000000,25591.8500000000
1789584809389,25590.3500000000,25590.8500000000
1789584809592,25591.3500000000,25591.8500000000
1789584810804,25590.3500000000,25590.8500000000
1789584812418,25591.3500000000,25591.8500000000
1789584812619,25590.3500000000,25590.8500000000
1789584815854,25589.3500000000,25589.8500000000
1789584816865,25590.3500000000,25590.8500000000
1789584817068,25589.3500000000,25589.8500000000
1789584817269,25590.3500000000,25590.8500000000
1789584818077,25589.3500000000,25589.8500000000
1789584820507,25590.3500000000,25590.8500000000
1789584820910,25589.3500000000,25589.8500000000
1789584821113,25590.3500000000,25590.8500000000
1789584821313,25589.3500000000,25589.8500000000
1789584821517,25590.3500000000,25590.8500000000
1789584821720,25589.3500000000,25589.8500000000
1789584822332,25590.3500000000,25590.8500000000
1789584824349,25588.3500000000,25588.8500000000
1789584825568,25589.3500000000,25589.8500000000
1789584825976,25588.3500000000,25588.8500000000
1789584827993,25589.3500000000,25589.8500000000
1789584828200,25588.3500000000,25588.8500000000
1789584831229,25587.3500000000,25587.8500000000
1789584833457,25588.3500000000,25588.8500000000
1789584833664,25587.3500000000,25587.8500000000
1789584833861,25588.3500000000,25588.8500000000
1789584834263,25589.3500000000,25589.8500000000
1789584834470,25588.3500000000,25588.8500000000
1789584834669,25589.3500000000,25589.8500000000
1789584836083,25588.3500000000,25588.8500000000
1789584837298,25587.3500000000,25587.8500000000
1789584838715,25588.3500000000,25588.8500000000
1789584840336,25588.3500000000,25588.8500000000
1789584841348,25589.3500000000,25589.8500000000
1789584842963,25590.3500000000,25590.8500000000
1789584843165,25589.3500000000,25589.8500000000
1789584843566,25590.3500000000,25590.8500000000
1789584844378,25589.3500000000,25589.8500000000
1789584844783,25588.3500000000,25588.8500000000
1789584847210,25587.3500000000,25587.8500000000
1789584847820,25588.3500000000,25588.8500000000
1789584848435,25587.3500000000,25587.8500000000
1789584848629,25588.3500000000,25588.8500000000
1789584849237,25587.3500000000,25587.8500000000
1789584851258,25588.3500000000,25588.8500000000
1789584851662,25587.3500000000,25587.8500000000
1789584852876,25588.3500000000,25588.8500000000
1789584853279,25587.3500000000,25587.8500000000
1789584853488,25586.3500000000,25586.8500000000
1789584858343,25587.3500000000,25587.8500000000
1789584858547,25586.3500000000,25586.8500000000
1789584860168,25587.3500000000,25587.8500000000
1789584867659,25586.3500000000,25586.8500000000
1789584871299,25587.3500000000,25587.8500000000
1789584872709,25588.3500000000,25588.8500000000
1789584873720,25587.3500000000,25587.8500000000
1789584876355,25588.3500000000,25588.8500000000
1789584878378,25587.3500000000,25587.8500000000
1789584879991,25588.3500000000,25588.8500000000
1789584881606,25587.3500000000,25587.8500000000
1789584882013,25588.3500000000,25588.8500000000
1789584882619,25587.3500000000,25587.8500000000
1789584883831,25588.3500000000,25588.8500000000
1789584884033,25587.3500000000,25587.8500000000
1789584884637,25588.3500000000,25588.8500000000
1789584884839,25587.3500000000,25587.8500000000
1789584885246,25586.3500000000,25586.8500000000
1789584888291,25585.3500000000,25585.8500000000
1789584892122,25584.3500000000,25584.8500000000
1789584893136,25585.3500000000,25585.8500000000
1789584894146,25584.3500000000,25584.8500000000
1789584894349,25585.3500000000,25585.8500000000
1789584894958,25584.3500000000,25584.8500000000
1789584899815,25583.3500000000,25583.8500000000
1789584900018,25583.3500000000,25583.8500000000
1789584900220,25584.3500000000,25584.8500000000
1789584900624,25583.3500000000,25583.8500000000
1789584902646,25582.3500000000,25582.8500000000
1789584904273,25581.3500000000,25581.8500000000
1789584906091,25582.3500000000,25582.8500000000
1789584906289,25581.3500000000,25581.8500000000
1789584907906,25582.3500000000,25582.8500000000
1789584909522,25581.3500000000,25581.8500000000
1789584909726,25582.3500000000,25582.8500000000
1789584912153,25581.3500000000,25581.8500000000
1789584912355,25582.3500000000,25582.8500000000
1789584915590,25581.3500000000,25581.8500000000
1789584920444,25582.3500000000,25582.8500000000
1789584920648,25581.3500000000,25581.8500000000
1789584921660,25580.3500000000,25580.8500000000
1789584923077,25581.3500000000,25581.8500000000
1789584925106,25580.3500000000,25580.8500000000
1789584925508,25581.3500000000,25581.8500000000
1789584925911,25580.3500000000,25580.8500000000
1789584926317,25581.3500000000,25581.8500000000
1789584934415,25582.3500000000,25582.8500000000
1789584938862,25581.3500000000,25581.8500000000
1789584945768,25582.3500000000,25582.8500000000
1789584946374,25583.3500000000,25583.8500000000
1789584946781,25582.3500000000,25582.8500000000
1789584946979,25583.3500000000,25583.8500000000
1789584947189,25582.3500000000,25582.8500000000
1789584947385,25583.3500000000,25583.8500000000
1789584947588,25582.3500000000,25582.8500000000
1789584949405,25581.3500000000,25581.8500000000
1789584951020,25582.3500000000,25582.8500000000
1789584953246,25581.3500000000,25581.8500000000
1789584953851,25582.3500000000,25582.8500000000
1789584960126,25582.3500000000,25582.8500000000
1789584969839,25581.3500000000,25581.8500000000
1789584970041,25582.3500000000,25582.8500000000
1789584971262,25581.3500000000,25581.8500000000
1789584971661,25582.3500000000,25582.8500000000
1789584977534,25581.3500000000,25581.8500000000
1789584978342,25582.3500000000,25582.8500000000
1789584980978,25581.3500000000,25581.8500000000
1789584985844,25582.3500000000,25582.8500000000
1789584994547,25583.3500000000,25583.8500000000
1789585001227,25582.3500000000,25582.8500000000
1789585003243,25583.3500000000,25583.8500000000
1789585005068,25584.3500000000,25584.8500000000
1789585006477,25583.3500000000,25583.8500000000
1789585006680,25584.3500000000,25584.8500000000
1789585007691,25582.3500000000,25582.8500000000
1789585014363,25583.3500000000,25583.8500000000
1789585019625,25584.3500000000,25584.8500000000
1789585020230,25583.3500000000,25583.8500000000
1789585021852,25584.3500000000,25584.8500000000
1789585022859,25583.3500000000,25583.8500000000
1789585026097,25584.3500000000,25584.8500000000
1789585031758,25583.3500000000,25583.8500000000
1789585031958,25584.3500000000,25584.8500000000
1789585033779,25583.3500000000,25583.8500000000
1789585036004,25584.3500000000,25584.8500000000
1789585036612,25583.3500000000,25583.8500000000
1789585039847,25582.3500000000,25582.8500000000
1789585047131,25581.3500000000,25581.8500000000
1789585047334,25582.3500000000,25582.8500000000
1789585048343,25581.3500000000,25581.8500000000
1789585049964,25582.3500000000,25582.8500000000
1789585051583,25581.3500000000,25581.8500000000
1789585052594,25582.3500000000,25582.8500000000
1789585053405,25581.3500000000,25581.8500000000
1789585053809,25582.3500000000,25582.8500000000
1789585054417,25581.3500000000,25581.8500000000
1789585055025,25582.3500000000,25582.8500000000
1789585055431,25581.3500000000,25581.8500000000
1789585056442,25582.3500000000,25582.8500000000
1789585057050,25581.3500000000,25581.8500000000
1789585062509,25580.3500000000,25580.8500000000
1789585068584,25581.3500000000,25581.8500000000
1789585068791,25582.3500000000,25582.8500000000
1789585068986,25581.3500000000,25581.8500000000
1789585074043,25582.3500000000,25582.8500000000
1789585077276,25581.3500000000,25581.8500000000
1789585077478,25582.3500000000,25582.8500000000
1789585078488,25583.3500000000,25583.8500000000
1789585078689,25582.3500000000,25582.8500000000
1789585078891,25583.3500000000,25583.8500000000
1789585079094,25582.3500000000,25582.8500000000
1789585079901,25583.3500000000,25583.8500000000
1789585080102,25583.3500000000,25583.8500000000
1789585081923,25582.3500000000,25582.8500000000
1789585082535,25583.3500000000,25583.8500000000
1789585083542,25582.3500000000,25582.8500000000
1789585087792,25581.3500000000,25581.8500000000
1789585091838,25582.3500000000,25582.8500000000
1789585094667,25583.3500000000,25583.8500000000
1789585094874,25582.3500000000,25582.8500000000
1789585096079,25583.3500000000,25583.8500000000
1789585098918,25584.3500000000,25584.8500000000
1789585099114,25583.3500000000,25583.8500000000
1789585103783,25584.3500000000,25584.8500000000
1789585104392,25583.3500000000,25583.8500000000
1789585104593,25584.3500000000,25584.8500000000
1789585105201,25583.3500000000,25583.8500000000
1789585105401,25584.3500000000,25584.8500000000
1789585105807,25583.3500000000,25583.8500000000
1789585108236,25582.3500000000,25582.8500000000
1789585109449,25581.3500000000,25581.8500000000
1789585112482,25582.3500000000,25582.8500000000
1789585115520,25583.3500000000,25583.8500000000
1789585117942,25584.3500000000,25584.8500000000
1789585118143,25583.3500000000,25583.8500000000
1789585118346,25584.3500000000,25584.8500000000
1789585118549,25583.3500000000,25583.8500000000
1789585120572,25584.3500000000,25584.8500000000
1789585123198,25583.3500000000,25583.8500000000
1789585124007,25584.3500000000,25584.8500000000
1789585124614,25583.3500000000,25583.8500000000
1789585126847,25584.3500000000,25584.8500000000
1789585127652,25583.3500000000,25583.8500000000
1789585128055,25584.3500000000,25584.8500000000
1789585130283,25583.3500000000,25583.8500000000
1789585133922,25582.3500000000,25582.8500000000
1789585138573,25581.3500000000,25581.8500000000
1789585140196,25581.3500000000,25581.8500000000
1789585145446,25582.3500000000,25582.8500000000
1789585146257,25581.3500000000,25581.8500000000
1789585146454,25582.3500000000,25582.8500000000
1789585147061,25581.3500000000,25581.8500000000
1789585149892,25582.3500000000,25582.8500000000
1789585157175,25583.3500000000,25583.8500000000
1789585157378,25582.3500000000,25582.8500000000
1789585157583,25583.3500000000,25583.8500000000
1789585160411,25582.3500000000,25582.8500000000
1789585160612,25583.3500000000,25583.8500000000
1789585164059,25582.3500000000,25582.8500000000
1789585166484,25583.3500000000,25583.8500000000
1789585166687,25582.3500000000,25582.8500000000
1789585167089,25581.3500000000,25581.8500000000
1789585167493,25582.3500000000,25582.8500000000
1789585171945,25581.3500000000,25581.8500000000
1789585172956,25580.3500000000,25580.8500000000
1789585173562,25579.3500000000,25579.8500000000
1789585177812,25578.3500000000,25578.8500000000
1789585181251,25579.3500000000,25579.8500000000
1789585181660,25578.3500000000,25578.8500000000
1789585182063,25580.3500000000,25580.8500000000
1789585182469,25581.3500000000,25581.8500000000
1789585182670,25580.3500000000,25580.8500000000
1789585182876,25579.3500000000,25579.8500000000
1789585183079,25580.3500000000,25580.8500000000
1789585184089,25579.3500000000,25579.8500000000
1789585185300,25580.3500000000,25580.8500000000
1789585186109,25579.3500000000,25579.8500000000
1789585188944,25580.3500000000,25580.8500000000
1789585189149,25579.3500000000,25579.8500000000
1789585191170,25580.3500000000,25580.8500000000
1789585191577,25579.3500000000,25579.8500000000
1789585192185,25580.3500000000,25580.8500000000
1789585192387,25579.3500000000,25579.8500000000
1789585192592,25580.3500000000,25580.8500000000
1789585192795,25579.3500000000,25579.8500000000
1789585192993,25580.3500000000,25580.8500000000
1789585193200,25579.3500000000,25579.8500000000
1789585195015,25578.3500000000,25578.8500000000
1789585195216,25579.3500000000,25579.8500000000
1789585199264,25578.3500000000,25578.8500000000
1789585199463,25579.3500000000,25579.8500000000
1789585199869,25580.3500000000,25580.8500000000
1789585200283,25579.3500000000,25579.8500000000
1789585201286,25580.3500000000,25580.8500000000
1789585201487,25579.3500000000,25579.8500000000
1789585214022,25578.3500000000,25578.8500000000
1789585214429,25579.3500000000,25579.8500000000
1789585216247,25580.3500000000,25580.8500000000
1789585216448,25579.3500000000,25579.8500000000
1789585221105,25580.3500000000,25580.8500000000
1789585225161,25579.3500000000,25579.8500000000
1789585230215,25580.3500000000,25580.8500000000
1789585230421,25581.3500000000,25581.8500000000
1789585231436,25582.3500000000,25582.8500000000
1789585232844,25583.3500000000,25583.8500000000
1789585233047,25582.3500000000,25582.8500000000
1789585236688,25581.3500000000,25581.8500000000
1789585237698,25580.3500000000,25580.8500000000
1789585238911,25579.3500000000,25579.8500000000
1789585244580,25578.3500000000,25578.8500000000
1789585249033,25579.3500000000,25579.8500000000
1789585249238,25578.3500000000,25578.8500000000
1789585253285,25579.3500000000,25579.8500000000
1789585253692,25578.3500000000,25578.8500000000
1789585256319,25579.3500000000,25579.8500000000
1789585258341,25578.3500000000,25578.8500000000
1789585265833,25577.3500000000,25577.8500000000
1789585266837,25576.3500000000,25576.8500000000
1789585267647,25577.3500000000,25577.8500000000
1789585272713,25578.3500000000,25578.8500000000
1789585275340,25579.3500000000,25579.8500000000
1789585275948,25578.3500000000,25578.8500000000
1789585276553,25579.3500000000,25579.8500000000
1789585288088,25578.3500000000,25578.8500000000
1789585290106,25577.3500000000,25577.8500000000
1789585290714,25578.3500000000,25578.8500000000
1789585291320,25577.3500000000,25577.8500000000
1789585292735,25578.3500000000,25578.8500000000
1789585294554,25577.3500000000,25577.8500000000
1789585297988,25576.3500000000,25576.8500000000
1789585298190,25575.3500000000,25575.8500000000
1789585298797,25574.3500000000,25574.8500000000
1789585299004,25575.3500000000,25575.8500000000
1789585301021,25574.3500000000,25574.8500000000
1789585303852,25573.3500000000,25573.8500000000
1789585306082,25572.3500000000,25572.8500000000
1789585315792,25573.3500000000,25573.8500000000
1789585315995,25572.3500000000,25572.8500000000
1789585317813,25571.3500000000,25571.8500000000
1789585320241,25571.3500000000,25571.8500000000
1789585322469,25570.3500000000,25570.8500000000
1789585323277,25571.3500000000,25571.8500000000
1789585324083,25572.3500000000,25572.8500000000
1789585325296,25571.3500000000,25571.8500000000
1789585326305,25572.3500000000,25572.8500000000
1789585327113,25571.3500000000,25571.8500000000
1789585327721,25572.3500000000,25572.8500000000
1789585328532,25571.3500000000,25571.8500000000
1789585333998,25570.3500000000,25570.8500000000
1789585341686,25571.3500000000,25571.8500000000
1789585347965,25570.3500000000,25570.8500000000
1789585348571,25569.3500000000,25569.8500000000
1789585349179,25570.3500000000,25570.8500000000
1789585350392,25571.3500000000,25571.8500000000
1789585355446,25572.3500000000,25572.8500000000
1789585356051,25573.3500000000,25573.8500000000
1789585358888,25572.3500000000,25572.8500000000
1789585362327,25571.3500000000,25571.8500000000
1789585364753,25572.3500000000,25572.8500000000
1789585365159,25571.3500000000,25571.8500000000
1789585365359,25570.3500000000,25570.8500000000
1789585365561,25571.3500000000,25571.8500000000
1789585380746,25572.3500000000,25572.8500000000
1789585382578,25571.3500000000,25571.8500000000
1789585383783,25570.3500000000,25570.8500000000
1789585387221,25569.3500000000,25569.8500000000
1789585387625,25570.3500000000,25570.8500000000
1789585388032,25569.3500000000,25569.8500000000
1789585391066,25570.3500000000,25570.8500000000
1789585392084,25569.3500000000,25569.8500000000
1789585393086,25570.3500000000,25570.8500000000
1789585397942,25571.3500000000,25571.8500000000
1789585399765,25570.3500000000,25570.8500000000
1789585403208,25569.3500000000,25569.8500000000
1789585410085,25570.3500000000,25570.8500000000
1789585413528,25571.3500000000,25571.8500000000
1789585415952,25572.3500000000,25572.8500000000
1789585416359,25571.3500000000,25571.8500000000
1789585417983,25570.3500000000,25570.8500000000
1789585418788,25571.3500000000,25571.8500000000
1789585427691,25569.3500000000,25569.8500000000
1789585428299,25568.3500000000,25568.8500000000
1789585428903,25569.3500000000,25569.8500000000
1789585429513,25570.3500000000,25570.8500000000
1789585430924,25569.3500000000,25569.8500000000
1789585431126,25570.3500000000,25570.8500000000
1789585435172,25571.3500000000,25571.8500000000
1789585435778,25570.3500000000,25570.8500000000
1789585444480,25569.3500000000,25569.8500000000
1789585447514,25570.3500000000,25570.8500000000
1789585459258,25569.3500000000,25569.8500000000
1789585462087,25570.3500000000,25570.8500000000
1789585464518,25569.3500000000,25569.8500000000
1789585465124,25570.3500000000,25570.8500000000
1789585466140,25569.3500000000,25569.8500000000
1789585468971,25568.3500000000,25568.8500000000
1789585470993,25569.3500000000,25569.8500000000
1789585489798,25570.3500000000,25570.8500000000
1789585491213,25569.3500000000,25569.8500000000
1789585496068,25570.3500000000,25570.8500000000
1789585496880,25569.3500000000,25569.8500000000
1789585499310,25568.3500000000,25568.8500000000
1789585499913,25569.3500000000,25569.8500000000
1789585500121,25568.3500000000,25568.8500000000
1789585509008,25569.3500000000,25569.8500000000
1789585512862,25570.3500000000,25570.8500000000
1789585519742,25569.3500000000,25569.8500000000
1789585520353,25570.3500000000,25570.8500000000
1789585521355,25569.3500000000,25569.8500000000
1789585521559,25570.3500000000,25570.8500000000
1789585524188,25569.3500000000,25569.8500000000
1789585535331,25568.3500000000,25568.8500000000
1789585536336,25569.3500000000,25569.8500000000
1789585537746,25568.3500000000,25568.8500000000
1789585541585,25569.3500000000,25569.8500000000
1789585542395,25568.3500000000,25568.8500000000
1789585544419,25569.3500000000,25569.8500000000
1789585544621,25568.3500000000,25568.8500000000
1789585560022,25568.3500000000,25568.8500000000
1789585562448,25569.3500000000,25569.8500000000
1789585562651,25568.3500000000,25568.8500000000
1789585564063,25569.3500000000,25569.8500000000
1789585567309,25568.3500000000,25568.8500000000
1789585569126,25569.3500000000,25569.8500000000
1789585569932,25570.3500000000,25570.8500000000
1789585570942,25569.3500000000,25569.8500000000
1789585573976,25568.3500000000,25568.8500000000
1789585577414,25569.3500000000,25569.8500000000
1789585582674,25570.3500000000,25570.8500000000
1789585582880,25569.3500000000,25569.8500000000
1789585583079,25570.3500000000,25570.8500000000
1789585583892,25569.3500000000,25569.8500000000
1789585586726,25570.3500000000,25570.8500000000
1789585587131,25571.3500000000,25571.8500000000
1789585593193,25570.3500000000,25570.8500000000
1789585593802,25571.3500000000,25571.8500000000
1789585594213,25570.3500000000,25570.8500000000
1789585595629,25571.3500000000,25571.8500000000
1789585599672,25572.3500000000,25572.8500000000
1789585600280,25571.3500000000,25571.8500000000
1789585600489,25572.3500000000,25572.8500000000
1789585602309,25571.3500000000,25571.8500000000
1789585602510,25572.3500000000,25572.8500000000
1789585602914,25571.3500000000,25571.8500000000
1789585620106,25572.3500000000,25572.8500000000
1789585629809,25573.3500000000,25573.8500000000
1789585631027,25572.3500000000,25572.8500000000
1789585631225,25571.3500000000,25571.8500000000
1789585634661,25572.3500000000,25572.8500000000
1789585639511,25573.3500000000,25573.8500000000
1789585641936,25572.3500000000,25572.8500000000
1789585648616,25573.3500000000,25573.8500000000
1789585649423,25572.3500000000,25572.8500000000
1789585649828,25573.3500000000,25573.8500000000
1789585654075,25572.3500000000,25572.8500000000
1789585655900,25571.3500000000,25571.8500000000
1789585656101,25572.3500000000,25572.8500000000
1789585664399,25573.3500000000,25573.8500000000
1789585665411,25572.3500000000,25572.8500000000
1789585680171,25573.3500000000,25573.8500000000
1789585681389,25572.3500000000,25572.8500000000
1789585681590,25573.3500000000,25573.8500000000
1789585685632,25572.3500000000,25572.8500000000
1789585689678,25571.3500000000,25571.8500000000
1789585699796,25572.3500000000,25572.8500000000
1789585702831,25571.3500000000,25571.8500000000
1789585704854,25572.3500000000,25572.8500000000
1789585715968,25573.3500000000,25573.8500000000
1789585722246,25572.3500000000,25572.8500000000
1789585727107,25573.3500000000,25573.8500000000
1789585739840,25572.3500000000,25572.8500000000
1789585740044,25573.3500000000,25573.8500000000
1789585744489,25572.3500000000,25572.8500000000
1789585753189,25571.3500000000,25571.8500000000
1789585755814,25572.3500000000,25572.8500000000
1789585756424,25571.3500000000,25571.8500000000
1789585757032,25570.3500000000,25570.8500000000
1789585757435,25571.3500000000,25571.8500000000
1789585760058,25572.3500000000,25572.8500000000
1789585764925,25573.3500000000,25573.8500000000
1789585772204,25574.3500000000,25574.8500000000
1789585773219,25573.3500000000,25573.8500000000
1789585777671,25574.3500000000,25574.8500000000
1789585783131,25575.3500000000,25575.8500000000
1789585783337,25574.3500000000,25574.8500000000
1789585793049,25573.3500000000,25573.8500000000
1789585800123,25574.3500000000,25574.8500000000
1789585804379,25573.3500000000,25573.8500000000
1789585804582,25574.3500000000,25574.8500000000
1789585808023,25573.3500000000,25573.8500000000
1789585809642,25574.3500000000,25574.8500000000
1789585811257,25573.3500000000,25573.8500000000
1789585814894,25572.3500000000,25572.8500000000
1789585818734,25573.3500000000,25573.8500000000
1789585818936,25572.3500000000,25572.8500000000
1789585821770,25573.3500000000,25573.8500000000
1789585821978,25572.3500000000,25572.8500000000
1789585824599,25571.3500000000,25571.8500000000
1789585828860,25570.3500000000,25570.8500000000
1789585832494,25569.3500000000,25569.8500000000
1789585837350,25568.3500000000,25568.8500000000
1789585837754,25569.3500000000,25569.8500000000
1789585839373,25568.3500000000,25568.8500000000
1789585840991,25569.3500000000,25569.8500000000
1789585842808,25567.3500000000,25567.8500000000
1789585843013,25568.3500000000,25568.8500000000
1789585844832,25567.3500000000,25567.8500000000
1789585847264,25568.3500000000,25568.8500000000
1789585860211,25568.3500000000,25568.8500000000
1789585872749,25567.3500000000,25567.8500000000
1789585873562,25568.3500000000,25568.8500000000
1789585873758,25567.3500000000,25567.8500000000
1789585877402,25568.3500000000,25568.8500000000
1789585898047,25569.3500000000,25569.8500000000
1789585913209,25570.3500000000,25570.8500000000
1789585920083,25571.3500000000,25571.8500000000
1789585934450,25572.3500000000,25572.8500000000
1789585937487,25571.3500000000,25571.8500000000
1789585938903,25572.3500000000,25572.8500000000
1789585941745,25571.3500000000,25571.8500000000
1789585952469,25572.3500000000,25572.8500000000
1789585953687,25573.3500000000,25573.8500000000
1789585953884,25572.3500000000,25572.8500000000
1789585954692,25573.3500000000,25573.8500000000
1789585956715,25572.3500000000,25572.8500000000
1789585958331,25571.3500000000,25571.8500000000
1789585961970,25570.3500000000,25570.8500000000
1789585964185,25571.3500000000,25571.8500000000
1789585969848,25570.3500000000,25570.8500000000
1789585972479,25569.3500000000,25569.8500000000
1789585974911,25570.3500000000,25570.8500000000
1789585975519,25569.3500000000,25569.8500000000
1789585980179,25570.3500000000,25570.8500000000
1789585987054,25569.3500000000,25569.8500000000
1789585987256,25570.3500000000,25570.8500000000
1789585987459,25569.3500000000,25569.8500000000
1789585993124,25568.3500000000,25568.8500000000
1789585995954,25567.3500000000,25567.8500000000
1789585996559,25568.3500000000,25568.8500000000
1789585999193,25569.3500000000,25569.8500000000
1789585999400,25568.3500000000,25568.8500000000
1789586006681,25569.3500000000,25569.8500000000
1789586007494,25568.3500000000,25568.8500000000
1789586008297,25569.3500000000,25569.8500000000
1789586009716,25568.3500000000,25568.8500000000
1789586010116,25569.3500000000,25569.8500000000
1789586010724,25568.3500000000,25568.8500000000
1789586014161,25569.3500000000,25569.8500000000
1789586014361,25568.3500000000,25568.8500000000
1789586014767,25569.3500000000,25569.8500000000
1789586015776,25568.3500000000,25568.8500000000
1789586016789,25569.3500000000,25569.8500000000
1789586018603,25568.3500000000,25568.8500000000
1789586023667,25569.3500000000,25569.8500000000
1789586023866,25568.3500000000,25568.8500000000
1789586027101,25569.3500000000,25569.8500000000
1789586028720,25568.3500000000,25568.8500000000
1789586029531,25569.3500000000,25569.8500000000
1789586032766,25570.3500000000,25570.8500000000
1789586035199,25571.3500000000,25571.8500000000
1789586037223,25572.3500000000,25572.8500000000
1789586040049,25572.3500000000,25572.8500000000
1789586040251,25571.3500000000,25571.8500000000
1789586051381,25570.3500000000,25570.8500000000
1789586074860,25569.3500000000,25569.8500000000
1789586075266,25570.3500000000,25570.8500000000
1789586078708,25571.3500000000,25571.8500000000
1789586079717,25570.3500000000,25570.8500000000
1789586080529,25569.3500000000,25569.8500000000
1789586089432,25570.3500000000,25570.8500000000
1789586090639,25569.3500000000,25569.8500000000
1789586095089,25570.3500000000,25570.8500000000
1789586098939,25571.3500000000,25571.8500000000
1789586100762,25571.3500000000,25571.8500000000
1789586102581,25572.3500000000,25572.8500000000
1789586102782,25571.3500000000,25571.8500000000
1789586104601,25572.3500000000,25572.8500000000
1789586107841,25573.3500000000,25573.8500000000
1789586108647,25572.3500000000,25572.8500000000
1789586108847,25573.3500000000,25573.8500000000
1789586113699,25572.3500000000,25572.8500000000
1789586141218,25573.3500000000,25573.8500000000
1789586141822,25572.3500000000,25572.8500000000
1789586144058,25573.3500000000,25573.8500000000
1789586145269,25572.3500000000,25572.8500000000
1789586149734,25573.3500000000,25573.8500000000
1789586151353,25572.3500000000,25572.8500000000
1789586157019,25573.3500000000,25573.8500000000
1789586160254,25573.3500000000,25573.8500000000
1789586162674,25572.3500000000,25572.8500000000
1789586163083,25573.3500000000,25573.8500000000
1789586163887,25572.3500000000,25572.8500000000
1789586172377,25571.3500000000,25571.8500000000
1789586180466,25570.3500000000,25570.8500000000
1789586181275,25571.3500000000,25571.8500000000
1789586187750,25570.3500000000,25570.8500000000
1789586194419,25569.3500000000,25569.8500000000
1789586198868,25568.3500000000,25568.8500000000
1789586199678,25569.3500000000,25569.8500000000
1789586201292,25568.3500000000,25568.8500000000
1789586201494,25569.3500000000,25569.8500000000
1789586202098,25568.3500000000,25568.8500000000
1789586202302,25569.3500000000,25569.8500000000
1789586202703,25568.3500000000,25568.8500000000
1789586203108,25569.3500000000,25569.8500000000
1789586203307,25568.3500000000,25568.8500000000
1789586214442,25569.3500000000,25569.8500000000
1789586218484,25568.3500000000,25568.8500000000
1789586219494,25567.3500000000,25567.8500000000
1789586219900,25566.3500000000,25566.8500000000
1789586220098,25566.3500000000,25566.8500000000
1789586235866,25565.3500000000,25565.8500000000
1789586237087,25564.3500000000,25564.8500000000
1789586247401,25565.3500000000,25565.8500000000
1789586248004,25564.3500000000,25564.8500000000
1789586264998,25565.3500000000,25565.8500000000
1789586265202,25564.3500000000,25564.8500000000
1789586274500,25565.3500000000,25565.8500000000
1789586276320,25564.3500000000,25564.8500000000
1789586276925,25565.3500000000,25565.8500000000
1789586280375,25565.3500000000,25565.8500000000
1789586280574,25564.3500000000,25564.8500000000
1789586281183,25566.3500000000,25566.8500000000
1789586286237,25565.3500000000,25565.8500000000
1789586287248,25564.3500000000,25564.8500000000
1789586287451,25565.3500000000,25565.8500000000
1789586290683,25564.3500000000,25564.8500000000
1789586291085,25565.3500000000,25565.8500000000
1789586291489,25564.3500000000,25564.8500000000
1789586291694,25565.3500000000,25565.8500000000
1789586295729,25566.3500000000,25566.8500000000
1789586296336,25565.3500000000,25565.8500000000
1789586297147,25566.3500000000,25566.8500000000
1789586297549,25565.3500000000,25565.8500000000
1789586302812,25566.3500000000,25566.8500000000
1789586303010,25565.3500000000,25565.8500000000
1789586303212,25566.3500000000,25566.8500000000
1789586306658,25565.3500000000,25565.8500000000
1789586317789,25566.3500000000,25566.8500000000
1789586320415,25565.3500000000,25565.8500000000
1789586320818,25566.3500000000,25566.8500000000
1789586326491,25565.3500000000,25565.8500000000
1789586337609,25564.3500000000,25564.8500000000
1789586337816,25565.3500000000,25565.8500000000
1789586338625,25564.3500000000,25564.8500000000
1789586339026,25565.3500000000,25565.8500000000
1789586342469,25565.3500000000,25565.8500000000
1789586347532,25564.3500000000,25564.8500000000
1789586350377,25565.3500000000,25565.8500000000
1789586352194,25564.3500000000,25564.8500000000
1789586352803,25565.3500000000,25565.8500000000
1789586353207,25564.3500000000,25564.8500000000
1789586382151,25563.3500000000,25563.8500000000
1789586382560,25564.3500000000,25564.8500000000
1789586383972,25563.3500000000,25563.8500000000
1789586384579,25564.3500000000,25564.8500000000
1789586384983,25563.3500000000,25563.8500000000
1789586385192,25564.3500000000,25564.8500000000
1789586387007,25563.3500000000,25563.8500000000
1789586387210,25564.3500000000,25564.8500000000
1789586392472,25565.3500000000,25565.8500000000
1789586400368,25564.3500000000,25564.8500000000
1789586400568,25565.3500000000,25565.8500000000
1789586400979,25564.3500000000,25564.8500000000
1789586406634,25563.3500000000,25563.8500000000
1789586407441,25564.3500000000,25564.8500000000
1789586412908,25563.3500000000,25563.8500000000
1789586413513,25564.3500000000,25564.8500000000
1789586420397,25565.3500000000,25565.8500000000
1789586431123,25564.3500000000,25564.8500000000
1789586440436,25563.3500000000,25563.8500000000
1789586441247,25564.3500000000,25564.8500000000
1789586441652,25563.3500000000,25563.8500000000
1789586442054,25564.3500000000,25564.8500000000
1789586450956,25565.3500000000,25565.8500000000
1789586455408,25564.3500000000,25564.8500000000
1789586460866,25564.3500000000,25564.8500000000
1789586462082,25563.3500000000,25563.8500000000
1789586470790,25564.3500000000,25564.8500000000
1789586470986,25563.3500000000,25563.8500000000
1789586473816,25562.3500000000,25562.8500000000
1789586474013,25563.3500000000,25563.8500000000
1789586475631,25562.3500000000,25562.8500000000
1789586479274,25561.3500000000,25561.8500000000
1789586479881,25562.3500000000,25562.8500000000
1789586482305,25561.3500000000,25561.8500000000
1789586486967,25562.3500000000,25562.8500000000
1789586487569,25561.3500000000,25561.8500000000
1789586487975,25562.3500000000,25562.8500000000
1789586488177,25561.3500000000,25561.8500000000
1789586491820,25562.3500000000,25562.8500000000
1789586492022,25561.3500000000,25561.8500000000
1789586492826,25562.3500000000,25562.8500000000
1789586493635,25561.3500000000,25561.8500000000
1789586501929,25562.3500000000,25562.8500000000
1789586502334,25561.3500000000,25561.8500000000
1789586510024,25562.3500000000,25562.8500000000
1789586510227,25561.3500000000,25561.8500000000
1789586517913,25560.3500000000,25560.8500000000
1789586518116,25561.3500000000,25561.8500000000
1789586519731,25562.3500000000,25562.8500000000
1789586522163,25562.3500000000,25562.8500000000
1789586522367,25561.3500000000,25561.8500000000
1789586522970,25562.3500000000,25562.8500000000
1789586523784,25561.3500000000,25561.8500000000
1789586536104,25560.3500000000,25560.8500000000
1789586536308,25561.3500000000,25561.8500000000
1789586536508,25560.3500000000,25560.8500000000
1789586538534,25561.3500000000,25561.8500000000
1789586538939,25560.3500000000,25560.8500000000
1789586543994,25559.3500000000,25559.8500000000
1789586551085,25560.3500000000,25560.8500000000
1789586551489,25559.3500000000,25559.8500000000
1789586556336,25558.3500000000,25558.8500000000
1789586557150,25559.3500000000,25559.8500000000
1789586560785,25558.3500000000,25558.8500000000
1789586566258,25559.3500000000,25559.8500000000
1789586570306,25558.3500000000,25558.8500000000
1789586570504,25559.3500000000,25559.8500000000
1789586579610,25560.3500000000,25560.8500000000
1789586579813,25559.3500000000,25559.8500000000
1789586580218,25559.3500000000,25559.8500000000
1789586601456,25558.3500000000,25558.8500000000
1789586602670,25559.3500000000,25559.8500000000
1789586610769,25558.3500000000,25558.8500000000
1789586610972,25559.3500000000,25559.8500000000
1789586620682,25560.3500000000,25560.8500000000
1789586621286,25559.3500000000,25559.8500000000
1789586624119,25560.3500000000,25560.8500000000
1789586624929,25561.3500000000,25561.8500000000
1789586626150,25560.3500000000,25560.8500000000
1789586637676,25559.3500000000,25559.8500000000
1789586640509,25558.3500000000,25558.8500000000
1789586640718,25559.3500000000,25559.8500000000
1789586643954,25560.3500000000,25560.8500000000
1789586654674,25559.3500000000,25559.8500000000
1789586654877,25560.3500000000,25560.8500000000
1789586662362,25559.3500000000,25559.8500000000
1789586665196,25560.3500000000,25560.8500000000
1789586665595,25559.3500000000,25559.8500000000
1789586689055,25558.3500000000,25558.8500000000
1789586690270,25557.3500000000,25557.8500000000
1789586691082,25556.3500000000,25556.8500000000
1789586691693,25557.3500000000,25557.8500000000
1789586693711,25556.3500000000,25556.8500000000
1789586698370,25555.3500000000,25555.8500000000
1789586698577,25556.3500000000,25556.8500000000
1789586700401,25554.3500000000,25554.8500000000
1789586700598,25555.3500000000,25555.8500000000
1789586702212,25556.3500000000,25556.8500000000
1789586720827,25557.3500000000,25557.8500000000
1789586722445,25558.3500000000,25558.8500000000
1789586726296,25557.3500000000,25557.8500000000
1789586730337,25558.3500000000,25558.8500000000
1789586730942,25557.3500000000,25557.8500000000
1789586731142,25558.3500000000,25558.8500000000
1789586737820,25559.3500000000,25559.8500000000
1789586738633,25558.3500000000,25558.8500000000
1789586740250,25557.3500000000,25557.8500000000
1789586740454,25558.3500000000,25558.8500000000
1789586741667,25559.3500000000,25559.8500000000
1789586744702,25558.3500000000,25558.8500000000
1789586745734,25559.3500000000,25559.8500000000
1789586746348,25558.3500000000,25558.8500000000
1789586746546,25559.3500000000,25559.8500000000
1789586747963,25560.3500000000,25560.8500000000
1789586760304,25559.3500000000,25559.8500000000
1789586760707,25560.3500000000,25560.8500000000
1789586760907,25559.3500000000,25559.8500000000
1789586762525,25560.3500000000,25560.8500000000
1789586770012,25559.3500000000,25559.8500000000
1789586770212,25558.3500000000,25558.8500000000
1789586777286,25559.3500000000,25559.8500000000
1789586778095,25558.3500000000,25558.8500000000
1789586779509,25559.3500000000,25559.8500000000
1789586779912,25558.3500000000,25558.8500000000
1789586780724,25559.3500000000,25559.8500000000
1789586783552,25558.3500000000,25558.8500000000
1789586784358,25557.3500000000,25557.8500000000
1789586786188,25558.3500000000,25558.8500000000
1789586794284,25559.3500000000,25559.8500000000
1789586807030,25558.3500000000,25558.8500000000
1789586808444,25559.3500000000,25559.8500000000
1789586809058,25558.3500000000,25558.8500000000
1789586810870,25559.3500000000,25559.8500000000
1789586823019,25559.3500000000,25559.8500000000
1789586829284,25558.3500000000,25558.8500000000
1789586829892,25557.3500000000,25557.8500000000
1789586831716,25556.3500000000,25556.8500000000
1789586832125,25557.3500000000,25557.8500000000
1789586836971,25556.3500000000,25556.8500000000
1789586845068,25557.3500000000,25557.8500000000
1789586845880,25556.3500000000,25556.8500000000
1789586851141,25555.3500000000,25555.8500000000
1789586855999,25556.3500000000,25556.8500000000
1789586856203,25555.3500000000,25555.8500000000
1789586857215,25556.3500000000,25556.8500000000
1789586868135,25555.3500000000,25555.8500000000
1789586868339,25556.3500000000,25556.8500000000
1789586869962,25555.3500000000,25555.8500000000
1789586871776,25556.3500000000,25556.8500000000
1789586884522,25555.3500000000,25555.8500000000
1789586893214,25556.3500000000,25556.8500000000
1789586893821,25555.3500000000,25555.8500000000
1789586894830,25554.3500000000,25554.8500000000
1789586895031,25555.3500000000,25555.8500000000
1789586896249,25554.3500000000,25554.8500000000
1789586896448,25555.3500000000,25555.8500000000
1789586900698,25554.3500000000,25554.8500000000
1789586901104,25555.3500000000,25555.8500000000
1789586910009,25554.3500000000,25554.8500000000
1789586914858,25555.3500000000,25555.8500000000
1789586919309,25556.3500000000,25556.8500000000
1789586924767,25555.3500000000,25555.8500000000
1789586925979,25556.3500000000,25556.8500000000
1789586933066,25555.3500000000,25555.8500000000
1789586935497,25554.3500000000,25554.8500000000
1789586936908,25555.3500000000,25555.8500000000
1789586940342,25555.3500000000,25555.8500000000
1789586941355,25554.3500000000,25554.8500000000
1789586941562,25555.3500000000,25555.8500000000
1789586944589,25554.3500000000,25554.8500000000
1789586945999,25555.3500000000,25555.8500000000
1789586946404,25554.3500000000,25554.8500000000
1789586954098,25555.3500000000,25555.8500000000
1789586954295,25554.3500000000,25554.8500000000
1789586966633,25555.3500000000,25555.8500000000
1789586984222,25556.3500000000,25556.8500000000
1789586984629,25555.3500000000,25555.8500000000
1789586985027,25556.3500000000,25556.8500000000
1789586985632,25555.3500000000,25555.8500000000
1789586995348,25554.3500000000,25554.8500000000
1789586996560,25555.3500000000,25555.8500000000
1789586997164,25554.3500000000,25554.8500000000
1789586998781,25555.3500000000,25555.8500000000
1789586999190,25554.3500000000,25554.8500000000
1789587000197,25554.3500000000,25554.8500000000
1789587021439,25553.3500000000,25553.8500000000
1789587028110,25552.3500000000,25552.8500000000
1789587029928,25553.3500000000,25553.8500000000
1789587030329,25552.3500000000,25552.8500000000
1789587047723,25551.3500000000,25551.8500000000
1789587048123,25552.3500000000,25552.8500000000
1789587053178,25553.3500000000,25553.8500000000
1789587056618,25554.3500000000,25554.8500000000
1789587060462,25554.3500000000,25554.8500000000
1789587064507,25555.3500000000,25555.8500000000
1789587069164,25554.3500000000,25554.8500000000
1789587084940,25553.3500000000,25553.8500000000
1789587104355,25552.3500000000,25552.8500000000
1789587105160,25553.3500000000,25553.8500000000
1789587106986,25552.3500000000,25552.8500000000
1789587108197,25551.3500000000,25551.8500000000
1789587114870,25550.3500000000,25550.8500000000
1789587117506,25551.3500000000,25551.8500000000
1789587120540,25551.3500000000,25551.8500000000
1789587126199,25552.3500000000,25552.8500000000
1789587126809,25551.3500000000,25551.8500000000
1789587128216,25552.3500000000,25552.8500000000
1789587128419,25551.3500000000,25551.8500000000
1789587129634,25552.3500000000,25552.8500000000
1789587136709,25553.3500000000,25553.8500000000
1789587139545,25552.3500000000,25552.8500000000
1789587148040,25551.3500000000,25551.8500000000
1789587156131,25550.3500000000,25550.8500000000
1789587164826,25549.3500000000,25549.8500000000
1789587165230,25548.3500000000,25548.8500000000
1789587165432,25549.3500000000,25549.8500000000
1789587165837,25548.3500000000,25548.8500000000
1789587166443,25549.3500000000,25549.8500000000
1789587180192,25549.3500000000,25549.8500000000
1789587181200,25550.3500000000,25550.8500000000
1789587183218,25549.3500000000,25549.8500000000
1789587192112,25548.3500000000,25548.8500000000
1789587192719,25549.3500000000,25549.8500000000
1789587192920,25548.3500000000,25548.8500000000
1789587193129,25549.3500000000,25549.8500000000
1789587193324,25548.3500000000,25548.8500000000
1789587193525,25549.3500000000,25549.8500000000
1789587193730,25548.3500000000,25548.8500000000
1789587193932,25549.3500000000,25549.8500000000
1789587197775,25548.3500000000,25548.8500000000
1789587203031,25547.3500000000,25547.8500000000
1789587205865,25546.3500000000,25546.8500000000
1789587207489,25547.3500000000,25547.8500000000
1789587207891,25546.3500000000,25546.8500000000
1789587212549,25547.3500000000,25547.8500000000
1789587224698,25546.3500000000,25546.8500000000
1789587236229,25545.3500000000,25545.8500000000
1789587236426,25546.3500000000,25546.8500000000
1789587237840,25545.3500000000,25545.8500000000
1789587238041,25546.3500000000,25546.8500000000
1789587240270,25546.3500000000,25546.8500000000
1789587240471,25545.3500000000,25545.8500000000
1789587240872,25546.3500000000,25546.8500000000
1789587244713,25547.3500000000,25547.8500000000
1789587245120,25546.3500000000,25546.8500000000
1789587248352,25547.3500000000,25547.8500000000
1789587256032,25546.3500000000,25546.8500000000
1789587262906,25545.3500000000,25545.8500000000
1789587271421,25546.3500000000,25546.8500000000
1789587275058,25547.3500000000,25547.8500000000
1789587293874,25548.3500000000,25548.8500000000
1789587302171,25548.3500000000,25548.8500000000
1789587310053,25549.3500000000,25549.8500000000
1789587312481,25548.3500000000,25548.8500000000
1789587313091,25549.3500000000,25549.8500000000
1789587316734,25548.3500000000,25548.8500000000
1789587318348,25549.3500000000,25549.8500000000
1789587320573,25548.3500000000,25548.8500000000
1789587322393,25547.3500000000,25547.8500000000
1789587348919,25548.3500000000,25548.8500000000
1789587360058,25547.3500000000,25547.8500000000
1789587361875,25548.3500000000,25548.8500000000
1789587363696,25547.3500000000,25547.8500000000
1789587367133,25548.3500000000,25548.8500000000
1789587371783,25547.3500000000,25547.8500000000
1789587373200,25548.3500000000,25548.8500000000
1789587378459,25547.3500000000,25547.8500000000
1789587380075,25548.3500000000,25548.8500000000
1789587392226,25549.3500000000,25549.8500000000
1789587396068,25548.3500000000,25548.8500000000
1789587403756,25547.3500000000,25547.8500000000
1789587407797,25548.3500000000,25548.8500000000
1789587412851,25547.3500000000,25547.8500000000
1789587429660,25548.3500000000,25548.8500000000
1789587433308,25549.3500000000,25549.8500000000
1789587441604,25550.3500000000,25550.8500000000
1789587446253,25551.3500000000,25551.8500000000
1789587456578,25550.3500000000,25550.8500000000
1789587471148,25551.3500000000,25551.8500000000
1789587471552,25550.3500000000,25550.8500000000
1789587474177,25551.3500000000,25551.8500000000
1789587474788,25550.3500000000,25550.8500000000
1789587476204,25551.3500000000,25551.8500000000
1789587481462,25551.3500000000,25551.8500000000
1789587484297,25552.3500000000,25552.8500000000
1789587498250,25551.3500000000,25551.8500000000
1789587500470,25552.3500000000,25552.8500000000
1789587500673,25551.3500000000,25551.8500000000
1789587501075,25552.3500000000,25552.8500000000
1789587535259,25553.3500000000,25553.8500000000
1789587538691,25552.3500000000,25552.8500000000
1789587540310,25552.3500000000,25552.8500000000
1789587553663,25551.3500000000,25551.8500000000
1789587554267,25552.3500000000,25552.8500000000
1789587556489,25551.3500000000,25551.8500000000
1789587569646,25552.3500000000,25552.8500000000
1789587584201,25553.3500000000,25553.8500000000
1789587586227,25552.3500000000,25552.8500000000
1789587587644,25553.3500000000,25553.8500000000
1789587596945,25552.3500000000,25552.8500000000
1789587597349,25553.3500000000,25553.8500000000
1789587600592,25552.3500000000,25552.8500000000
1789587601598,25553.3500000000,25553.8500000000
1789587604836,25554.3500000000,25554.8500000000
1789587605038,25553.3500000000,25553.8500000000
1789587612922,25552.3500000000,25552.8500000000
1789587638020,25553.3500000000,25553.8500000000
1789587638830,25552.3500000000,25552.8500000000
1789587639236,25553.3500000000,25553.8500000000
1789587660266,25553.3500000000,25553.8500000000
1789587669167,25552.3500000000,25552.8500000000
1789587669573,25553.3500000000,25553.8500000000
1789587676245,25552.3500000000,25552.8500000000
1789587676446,25553.3500000000,25553.8500000000
1789587679476,25552.3500000000,25552.8500000000
1789587682914,25553.3500000000,25553.8500000000
1789587683720,25554.3500000000,25554.8500000000
1789587684531,25555.3500000000,25555.8500000000
1789587687575,25554.3500000000,25554.8500000000
1789587691613,25555.3500000000,25555.8500000000
1789587699296,25556.3500000000,25556.8500000000
1789587700307,25555.3500000000,25555.8500000000
1789587701727,25554.3500000000,25554.8500000000
1789587701930,25555.3500000000,25555.8500000000
1789587711638,25556.3500000000,25556.8500000000
1789587724382,25555.3500000000,25555.8500000000
1789587726203,25556.3500000000,25556.8500000000
1789587726612,25555.3500000000,25555.8500000000
1789587727623,25556.3500000000,25556.8500000000
1789587728225,25555.3500000000,25555.8500000000
1789587743788,25556.3500000000,25556.8500000000
1789587744393,25555.3500000000,25555.8500000000
1789587749049,25556.3500000000,25556.8500000000
1789587753507,25555.3500000000,25555.8500000000
1789587763211,25556.3500000000,25556.8500000000
1789587765640,25555.3500000000,25555.8500000000
1789587766854,25556.3500000000,25556.8500000000
1789587778380,25555.3500000000,25555.8500000000
1789587780206,25555.3500000000,25555.8500000000
1789587787681,25556.3500000000,25556.8500000000
1789587788488,25555.3500000000,25555.8500000000
1789587788894,25556.3500000000,25556.8500000000
1789587789501,25555.3500000000,25555.8500000000
1789587789903,25556.3500000000,25556.8500000000
1789587790508,25555.3500000000,25555.8500000000
1789587793945,25556.3500000000,25556.8500000000
1789587799598,25555.3500000000,25555.8500000000
1789587811742,25556.3500000000,25556.8500000000
1789587811938,25555.3500000000,25555.8500000000
1789587814563,25556.3500000000,25556.8500000000
1789587818605,25555.3500000000,25555.8500000000
1789587820632,25556.3500000000,25556.8500000000
1789587822043,25555.3500000000,25555.8500000000
1789587823460,25556.3500000000,25556.8500000000
1789587829931,25555.3500000000,25555.8500000000
1789587835597,25554.3500000000,25554.8500000000
1789587840044,25554.3500000000,25554.8500000000
1789587840649,25555.3500000000,25555.8500000000
1789587844086,25556.3500000000,25556.8500000000
1789587844894,25555.3500000000,25555.8500000000
1789587846107,25554.3500000000,25554.8500000000
1789587849748,25553.3500000000,25553.8500000000
1789587850151,25554.3500000000,25554.8500000000
1789587853794,25555.3500000000,25555.8500000000
1789587854001,25554.3500000000,25554.8500000000
1789587854402,25555.3500000000,25555.8500000000
1789587861275,25556.3500000000,25556.8500000000
1789587866534,25555.3500000000,25555.8500000000
1789587867137,25556.3500000000,25556.8500000000
1789587878061,25555.3500000000,25555.8500000000
1789587878664,25556.3500000000,25556.8500000000
1789587882912,25555.3500000000,25555.8500000000
1789587883316,25556.3500000000,25556.8500000000
1789587884130,25555.3500000000,25555.8500000000
1789587894642,25554.3500000000,25554.8500000000
1789587896064,25553.3500000000,25553.8500000000
1789587900112,25553.3500000000,25553.8500000000
1789587906591,25555.3500000000,25555.8500000000
1789587906794,25554.3500000000,25554.8500000000
1789587908411,25555.3500000000,25555.8500000000
1789587911643,25556.3500000000,25556.8500000000
1789587913070,25557.3500000000,25557.8500000000
1789587934700,25558.3500000000,25558.8500000000
1789587941175,25557.3500000000,25557.8500000000
1789587951111,25556.3500000000,25556.8500000000
1789587951514,25557.3500000000,25557.8500000000
1789587951716,25556.3500000000,25556.8500000000
1789587961225,25556.3500000000,25556.8500000000
1789587962435,25555.3500000000,25555.8500000000
1789587963042,25554.3500000000,25554.8500000000
1789587964054,25553.3500000000,25553.8500000000
1789587973961,25554.3500000000,25554.8500000000
1789587976183,25553.3500000000,25553.8500000000
1789587992567,25554.3500000000,25554.8500000000
1789587993174,25553.3500000000,25553.8500000000
1789587996610,25554.3500000000,25554.8500000000
1789587999038,25555.3500000000,25555.8500000000
1789588007325,25554.3500000000,25554.8500000000
1789588008744,25553.3500000000,25553.8500000000
1789588010156,25554.3500000000,25554.8500000000
1789588020271,25554.3500000000,25554.8500000000
1789588020472,25553.3500000000,25553.8500000000
1789588021685,25554.3500000000,25554.8500000000
1789588022293,25553.3500000000,25553.8500000000
1789588030793,25552.3500000000,25552.8500000000
1789588034832,25553.3500000000,25553.8500000000
1789588035035,25552.3500000000,25552.8500000000
1789588037255,25553.3500000000,25553.8500000000
1789588041301,25552.3500000000,25552.8500000000
1789588041705,25553.3500000000,25553.8500000000
1789588051625,25552.3500000000,25552.8500000000
1789588059509,25551.3500000000,25551.8500000000
1789588060725,25552.3500000000,25552.8500000000
1789588060926,25551.3500000000,25551.8500000000
1789588061532,25552.3500000000,25552.8500000000
1789588072054,25553.3500000000,25553.8500000000
1789588079531,25554.3500000000,25554.8500000000
1789588080142,25553.3500000000,25553.8500000000
1789588080743,25552.3500000000,25552.8500000000
1789588087016,25553.3500000000,25553.8500000000
1789588093489,25554.3500000000,25554.8500000000
1789588094096,25553.3500000000,25553.8500000000
1789588094506,25554.3500000000,25554.8500000000
1789588102390,25555.3500000000,25555.8500000000
1789588122225,25556.3500000000,25556.8500000000
1789588122424,25555.3500000000,25555.8500000000
1789588122628,25554.3500000000,25554.8500000000
1789588122831,25555.3500000000,25555.8500000000
1789588134156,25556.3500000000,25556.8500000000
1789588134765,25555.3500000000,25555.8500000000
1789588136994,25554.3500000000,25554.8500000000
1789588138405,25555.3500000000,25555.8500000000
1789588139617,25554.3500000000,25554.8500000000
1789588140224,25555.3500000000,25555.8500000000
1789588141641,25554.3500000000,25554.8500000000
1789588150738,25555.3500000000,25555.8500000000
1789588150940,25554.3500000000,25554.8500000000
1789588157814,25555.3500000000,25555.8500000000
1789588168949,25554.3500000000,25554.8500000000
1789588169152,25555.3500000000,25555.8500000000
1789588169554,25556.3500000000,25556.8500000000
1789588171376,25557.3500000000,25557.8500000000
1789588171781,25558.3500000000,25558.8500000000
1789588172386,25557.3500000000,25557.8500000000
1789588182103,25558.3500000000,25558.8500000000
1789588184123,25557.3500000000,25557.8500000000
1789588190390,25558.3500000000,25558.8500000000
1789588192213,25557.3500000000,25557.8500000000
1789588202323,25556.3500000000,25556.8500000000
1789588203734,25555.3500000000,25555.8500000000
1789588206162,25556.3500000000,25556.8500000000
1789588207380,25555.3500000000,25555.8500000000
1789588208793,25556.3500000000,25556.8500000000
1789588210004,25555.3500000000,25555.8500000000
1789588212829,25556.3500000000,25556.8500000000
1789588216466,25555.3500000000,25555.8500000000
1789588218690,25554.3500000000,25554.8500000000
1789588219499,25555.3500000000,25555.8500000000
1789588221318,25554.3500000000,25554.8500000000
1789588222330,25553.3500000000,25553.8500000000
1789588224958,25554.3500000000,25554.8500000000
1789588228408,25553.3500000000,25553.8500000000
1789588230432,25554.3500000000,25554.8500000000
1789588232453,25555.3500000000,25555.8500000000
1789588234477,25556.3500000000,25556.8500000000
1789588237509,25555.3500000000,25555.8500000000
1789588240742,25554.3500000000,25554.8500000000
1789588241549,25553.3500000000,25553.8500000000
1789588247616,25552.3500000000,25552.8500000000
1789588249432,25551.3500000000,25551.8500000000
1789588249835,25552.3500000000,25552.8500000000
1789588250440,25551.3500000000,25551.8500000000
1789588251052,25552.3500000000,25552.8500000000
1789588251860,25551.3500000000,25551.8500000000
1789588252262,25552.3500000000,25552.8500000000
1789588257122,25551.3500000000,25551.8500000000
1789588257323,25552.3500000000,25552.8500000000
1789588261776,25552.3500000000,25552.8500000000
1789588262385,25551.3500000000,25551.8500000000
1789588262789,25552.3500000000,25552.8500000000
1789588265220,25551.3500000000,25551.8500000000
1789588269465,25552.3500000000,25552.8500000000
1789588273916,25551.3500000000,25551.8500000000
1789588276144,25552.3500000000,25552.8500000000
1789588277760,25551.3500000000,25551.8500000000
1789588278164,25552.3500000000,25552.8500000000
1789588280790,25551.3500000000,25551.8500000000
1789588312759,25550.3500000000,25550.8500000000
1789588325106,25550.3500000000,25550.8500000000
1789588325918,25549.3500000000,25549.8500000000
1789588330977,25548.3500000000,25548.8500000000
1789588331784,25549.3500000000,25549.8500000000
1789588331988,25548.3500000000,25548.8500000000
1789588334619,25549.3500000000,25549.8500000000
1789588337246,25548.3500000000,25548.8500000000
1789588340078,25549.3500000000,25549.8500000000
1789588358907,25548.3500000000,25548.8500000000
1789588359510,25549.3500000000,25549.8500000000
1789588359914,25548.3500000000,25548.8500000000
1789588360523,25549.3500000000,25549.8500000000
1789588364368,25548.3500000000,25548.8500000000
1789588366192,25549.3500000000,25549.8500000000
1789588368420,25550.3500000000,25550.8500000000
1789588374497,25551.3500000000,25551.8500000000
1789588382381,25551.3500000000,25551.8500000000
1789588382587,25552.3500000000,25552.8500000000
1789588382785,25551.3500000000,25551.8500000000
1789588383193,25552.3500000000,25552.8500000000
1789588383396,25551.3500000000,25551.8500000000
1789588400983,25552.3500000000,25552.8500000000
1789588403006,25553.3500000000,25553.8500000000
1789588406649,25552.3500000000,25552.8500000000
1789588414735,25549.3500000000,25549.8500000000
1789588418784,25550.3500000000,25550.8500000000
1789588445069,25549.3500000000,25549.8500000000
1789588456392,25550.3500000000,25550.8500000000
1789588470142,25551.3500000000,25551.8500000000
1789588471159,25550.3500000000,25550.8500000000
1789588471563,25549.3500000000,25549.8500000000
1789588472975,25550.3500000000,25550.8500000000
1789588485113,25549.3500000000,25549.8500000000
1789588485925,25550.3500000000,25550.8500000000
1789588487739,25549.3500000000,25549.8500000000
1789588490572,25548.3500000000,25548.8500000000
1789588491989,25549.3500000000,25549.8500000000
1789588500085,25549.3500000000,25549.8500000000
1789588502506,25550.3500000000,25550.8500000000
1789588508175,25549.3500000000,25549.8500000000
1789588527384,25550.3500000000,25550.8500000000
1789588529413,25551.3500000000,25551.8500000000
1789588535271,25550.3500000000,25550.8500000000
1789588539937,25551.3500000000,25551.8500000000
1789588540538,25550.3500000000,25550.8500000000
1789588545189,25551.3500000000,25551.8500000000
1789588545389,25550.3500000000,25550.8500000000
1789588547638,25552.3500000000,25552.8500000000
1789588548449,25553.3500000000,25553.8500000000
1789588562403,25554.3500000000,25554.8500000000
1789588567257,25553.3500000000,25553.8500000000
1789588567462,25554.3500000000,25554.8500000000
1789588569276,25553.3500000000,25553.8500000000
1789588572517,25552.3500000000,25552.8500000000
1789588573329,25550.3500000000,25550.8500000000
1789588575962,25551.3500000000,25551.8500000000
1789588582844,25550.3500000000,25550.8500000000
1789588583250,25551.3500000000,25551.8500000000
1789588584665,25550.3500000000,25550.8500000000
1789588596011,25551.3500000000,25551.8500000000
1789588598237,25550.3500000000,25550.8500000000
1789588606737,25549.3500000000,25549.8500000000
1789588607548,25548.3500000000,25548.8500000000
1789588607749,25547.3500000000,25547.8500000000
1789588608960,25546.3500000000,25546.8500000000
1789588610175,25545.3500000000,25545.8500000000
1789588610375,25546.3500000000,25546.8500000000
1789588610784,25545.3500000000,25545.8500000000
1789588610985,25546.3500000000,25546.8500000000
1789588617452,25547.3500000000,25547.8500000000
1789588617860,25546.3500000000,25546.8500000000
1789588621700,25546.3500000000,25546.8500000000
1789588626356,25547.3500000000,25547.8500000000
1789588632823,25546.3500000000,25546.8500000000
1789588633025,25547.3500000000,25547.8500000000
1789588634646,25546.3500000000,25546.8500000000
1789588635454,25547.3500000000,25547.8500000000
1789588637267,25548.3500000000,25548.8500000000
1789588641320,25547.3500000000,25547.8500000000
1789588642336,25546.3500000000,25546.8500000000
1789588650830,25548.3500000000,25548.8500000000
1789588668026,25549.3500000000,25549.8500000000
1789588668228,25548.3500000000,25548.8500000000
1789588669038,25549.3500000000,25549.8500000000
1789588669241,25548.3500000000,25548.8500000000
1789588677943,25549.3500000000,25549.8500000000
1789588681586,25549.3500000000,25549.8500000000
1789588686645,25550.3500000000,25550.8500000000
1789588688662,25549.3500000000,25549.8500000000
1789588734402,25550.3500000000,25550.8500000000
1789588740476,25550.3500000000,25550.8500000000
1789588742095,25549.3500000000,25549.8500000000
1789588742300,25550.3500000000,25550.8500000000
1789588742502,25549.3500000000,25549.8500000000
1789588748566,25548.3500000000,25548.8500000000
1789588752816,25549.3500000000,25549.8500000000
1789588762931,25548.3500000000,25548.8500000000
1789588772041,25549.3500000000,25549.8500000000
1789588772242,25548.3500000000,25548.8500000000
1789588775481,25547.3500000000,25547.8500000000
1789588778512,25546.3500000000,25546.8500000000
1789588778718,25547.3500000000,25547.8500000000
1789588779121,25546.3500000000,25546.8500000000
1789588780141,25547.3500000000,25547.8500000000
1789588781549,25546.3500000000,25546.8500000000
1789588786200,25547.3500000000,25547.8500000000
1789588786605,25546.3500000000,25546.8500000000
1789588790248,25545.3500000000,25545.8500000000
1789588800171,25545.3500000000,25545.8500000000
1789588802600,25544.3500000000,25544.8500000000
1789588815337,25543.3500000000,25543.8500000000
1789588819997,25542.3500000000,25542.8500000000
1789588820806,25543.3500000000,25543.8500000000
1789588824243,25542.3500000000,25542.8500000000
1789588832338,25541.3500000000,25541.8500000000
1789588834768,25542.3500000000,25542.8500000000
1789588837193,25541.3500000000,25541.8500000000
1789588837999,25542.3500000000,25542.8500000000
1789588840027,25543.3500000000,25543.8500000000
1789588842448,25542.3500000000,25542.8500000000
1789588856414,25541.3500000000,25541.8500000000
1789588860259,25540.3500000000,25540.8500000000
1789588880270,25539.3500000000,25539.8500000000
1789588881079,25538.3500000000,25538.8500000000
1789588894026,25539.3500000000,25539.8500000000
1789588905560,25540.3500000000,25540.8500000000
1789588906774,25541.3500000000,25541.8500000000
1789588908193,25540.3500000000,25540.8500000000
1789588913259,25539.3500000000,25539.8500000000
1789588924989,25538.3500000000,25538.8500000000
1789588937939,25537.3500000000,25537.8500000000
1789588940364,25538.3500000000,25538.8500000000
1789588940565,25537.3500000000,25537.8500000000
