time_msc,bid,ask
1789471200038,25262.5500000000,25263.0500000000
1789471200241,25261.5500000000,25262.0500000000
1789471200850,25262.5500000000,25263.0500000000
1789471202265,25261.5500000000,25262.0500000000
1789471202873,25262.5500000000,25263.0500000000
1789471203281,25261.5500000000,25262.0500000000
1789471205504,25262.5500000000,25263.0500000000
1789471207324,25263.5500000000,25264.0500000000
1789471207529,25264.5500000000,25265.0500000000
1789471211581,25262.5500000000,25263.0500000000
1789471211981,25263.5500000000,25264.0500000000
1789471212384,25262.5500000000,25263.0500000000
1789471212992,25261.5500000000,25262.0500000000
1789471213601,25260.5500000000,25261.0500000000
1789471214213,25261.5500000000,25262.0500000000
1789471214613,25262.5500000000,25263.0500000000
1789471214813,25261.5500000000,25262.0500000000
1789471215018,25262.5500000000,25263.0500000000
1789471215421,25261.5500000000,25262.0500000000
1789471218455,25262.5500000000,25263.0500000000
1789471219464,25261.0500000000,25261.5500000000
1789471219668,25260.5500000000,25261.0500000000
1789471220071,25262.5500000000,25263.0500000000
1789471221292,25261.5500000000,25262.0500000000
1789471221690,25262.5500000000,25263.0500000000
1789471222097,25264.5500000000,25265.0500000000
1789471222302,25265.5500000000,25266.0500000000
1789471223718,25266.5500000000,25267.0500000000
1789471224736,25265.5500000000,25266.0500000000
1789471226341,25266.5500000000,25267.0500000000
1789471226956,25267.5500000000,25268.0500000000
1789471227153,25268.5500000000,25269.0500000000
1789471227356,25267.5500000000,25268.0500000000
1789471227558,25268.5500000000,25269.0500000000
1789471229180,25267.5500000000,25268.0500000000
1789471231807,25265.5500000000,25266.0500000000
1789471232209,25266.5500000000,25267.0500000000
1789471232413,25267.5500000000,25268.0500000000
1789471233621,25268.5500000000,25269.0500000000
1789471235442,25267.5500000000,25268.0500000000
1789471235849,25268.5500000000,25269.0500000000
1789471236659,25267.5500000000,25268.0500000000
1789471237869,25268.5500000000,25269.0500000000
1789471239291,25267.5500000000,25268.0500000000
1789471242318,25266.5500000000,25267.0500000000
1789471242723,25267.5500000000,25268.0500000000
1789471242925,25266.5500000000,25267.0500000000
1789471244137,25267.5500000000,25268.0500000000
1789471244745,25265.5500000000,25266.0500000000
1789471245151,25266.5500000000,25267.0500000000
1789471248386,25265.5500000000,25266.0500000000
1789471248589,25267.5500000000,25268.0500000000
1789471250415,25264.5500000000,25265.0500000000
1789471250616,25265.5500000000,25266.0500000000
1789471251020,25266.5500000000,25267.0500000000
1789471251626,25265.5500000000,25266.0500000000
1789471252440,25264.5500000000,25265.0500000000
1789471252643,25265.5500000000,25266.0500000000
1789471253250,25266.5500000000,25267.0500000000
1789471253456,25265.5500000000,25266.0500000000
1789471253859,25267.5500000000,25268.0500000000
1789471254066,25266.5500000000,25267.0500000000
1789471254267,25265.5500000000,25266.0500000000
1789471254868,25264.5500000000,25265.0500000000
1789471256482,25265.5500000000,25266.0500000000
1789471256685,25264.5500000000,25265.0500000000
1789471257292,25265.5500000000,25266.0500000000
1789471258105,25264.5500000000,25265.0500000000
1789471259111,25265.5500000000,25266.0500000000
1789471260124,25265.5500000000,25266.0500000000
1789471261132,25266.5500000000,25267.0500000000
1789471261333,25265.5500000000,25266.0500000000
1789471262141,25266.5500000000,25267.0500000000
1789471262344,25265.5500000000,25266.0500000000
1789471263355,25266.5500000000,25267.0500000000
1789471265983,25265.5500000000,25266.0500000000
1789471266390,25264.5500000000,25265.0500000000
1789471267400,25266.5500000000,25267.0500000000
1789471267604,25265.5500000000,25266.0500000000
1789471269628,25264.5500000000,25265.0500000000
1789471270440,25263.5500000000,25264.0500000000
1789471270841,25264.5500000000,25265.0500000000
1789471271650,25263.5500000000,25264.0500000000
1789471272257,25264.5500000000,25265.0500000000
1789471272457,25263.5500000000,25264.0500000000
1789471272659,25264.5500000000,25265.0500000000
1789471272860,25265.5500000000,25266.0500000000
1789471273062,25266.5500000000,25267.0500000000
1789471273668,25265.5500000000,25266.0500000000
1789471274475,25266.5500000000,25267.0500000000
1789471274679,25267.5500000000,25268.0500000000
1789471275082,25268.5500000000,25269.0500000000
1789471275291,25267.5500000000,25268.0500000000
1789471277913,25268.5500000000,25269.0500000000
1789471278317,25269.5500000000,25270.0500000000
1789471278926,25268.5500000000,25269.0500000000
1789471279330,25267.5500000000,25268.0500000000
1789471279538,25266.5500000000,25267.0500000000
1789471279939,25267.5500000000,25268.0500000000
1789471280140,25266.5500000000,25267.0500000000
1789471280748,25267.5500000000,25268.0500000000
1789471282363,25266.5500000000,25267.0500000000
1789471282568,25268.5500000000,25269.0500000000
1789471282969,25267.5500000000,25268.0500000000
1789471283376,25266.5500000000,25267.0500000000
1789471284384,25265.5500000000,25266.0500000000
1789471285193,25264.5500000000,25265.0500000000
1789471285801,25263.5500000000,25264.0500000000
1789471286609,25262.5500000000,25263.0500000000
1789471286810,25263.5500000000,25264.0500000000
1789471287013,25264.5500000000,25265.0500000000
1789471287418,25265.5500000000,25266.0500000000
1789471288834,25264.5500000000,25265.0500000000
1789471289034,25263.5500000000,25264.0500000000
1789471289237,25264.5500000000,25265.0500000000
1789471291056,25265.5500000000,25266.0500000000
1789471291662,25264.5500000000,25265.0500000000
1789471292474,25265.5500000000,25266.0500000000
1789471292874,25264.5500000000,25265.0500000000
1789471295507,25265.5500000000,25266.0500000000
1789471295711,25264.5500000000,25265.0500000000
1789471296723,25265.5500000000,25266.0500000000
1789471297127,25264.5500000000,25265.0500000000
1789471297737,25266.5500000000,25267.0500000000
1789471298548,25267.5500000000,25268.0500000000
1789471299762,25268.5500000000,25269.0500000000
1789471301987,25269.5500000000,25270.0500000000
1789471302596,25267.5500000000,25268.0500000000
1789471302797,25266.5500000000,25267.0500000000
1789471303008,25265.5500000000,25266.0500000000
1789471303202,25266.5500000000,25267.0500000000
1789471304821,25265.5500000000,25266.0500000000
1789471305024,25266.5500000000,25267.0500000000
1789471306444,25267.5500000000,25268.0500000000
1789471307251,25268.5500000000,25269.0500000000
1789471308667,25269.5500000000,25270.0500000000
1789471308872,25270.5500000000,25271.0500000000
1789471309076,25269.5500000000,25270.0500000000
1789471309479,25268.5500000000,25269.0500000000
1789471309683,25269.5500000000,25270.0500000000
1789471309882,25267.5500000000,25268.0500000000
1789471313332,25268.5500000000,25269.0500000000
1789471313736,25269.5500000000,25270.0500000000
1789471314546,25270.5500000000,25271.0500000000
1789471315153,25269.5500000000,25270.0500000000
1789471315764,25268.5500000000,25269.0500000000
1789471316567,25269.5500000000,25270.0500000000
1789471316771,25268.5500000000,25269.0500000000
1789471316975,25271.5500000000,25272.0500000000
1789471317178,25270.5500000000,25271.0500000000
1789471318592,25271.5500000000,25272.0500000000
1789471318998,25270.5500000000,25271.0500000000
1789471319197,25269.5500000000,25270.0500000000
1789471319398,25270.5500000000,25271.0500000000
1789471319801,25269.5500000000,25270.0500000000
1789471320207,25269.5500000000,25270.0500000000
1789471320816,25268.5500000000,25269.0500000000
1789471321022,25269.5500000000,25270.0500000000
1789471321223,25268.5500000000,25269.0500000000
1789471326071,25267.5500000000,25268.0500000000
1789471327487,25268.5500000000,25269.0500000000
1789471327689,25267.5500000000,25268.0500000000
1789471331322,25268.5500000000,25269.0500000000
1789471332337,25267.5500000000,25268.0500000000
1789471332538,25268.5500000000,25269.0500000000
1789471333149,25269.5500000000,25270.0500000000
1789471335172,25268.5500000000,25269.0500000000
1789471337190,25267.5500000000,25268.0500000000
1789471337799,25266.5500000000,25267.0500000000
1789471338609,25267.5500000000,25268.0500000000
1789471339821,25268.5500000000,25269.0500000000
1789471340434,25269.5500000000,25270.0500000000
1789471340632,25271.5500000000,25272.0500000000
1789471340835,25272.5500000000,25273.0500000000
1789471341037,25270.5500000000,25271.0500000000
1789471341240,25271.5500000000,25272.0500000000
1789471341439,25270.5500000000,25271.0500000000
1789471344478,25271.5500000000,25272.0500000000
1789471345289,25270.5500000000,25271.0500000000
1789471345895,25271.5500000000,25272.0500000000
1789471346500,25270.5500000000,25271.0500000000
1789471348115,25271.5500000000,25272.0500000000
1789471348726,25272.5500000000,25273.0500000000
1789471348931,25273.5500000000,25274.0500000000
1789471349128,25272.5500000000,25273.0500000000
1789471349734,25273.5500000000,25274.0500000000
1789471350949,25274.5500000000,25275.0500000000
1789471351353,25273.5500000000,25274.0500000000
1789471352970,25275.5500000000,25276.0500000000
1789471353174,25274.5500000000,25275.0500000000
1789471353981,25273.5500000000,25274.0500000000
1789471355598,25274.5500000000,25275.0500000000
1789471355799,25273.5500000000,25274.0500000000
1789471356406,25272.5500000000,25273.0500000000
1789471357216,25271.5500000000,25272.0500000000
1789471357825,25272.5500000000,25273.0500000000
1789471358027,25273.5500000000,25274.0500000000
1789471358229,25274.5500000000,25275.0500000000
1789471358631,25273.5500000000,25274.0500000000
1789471360255,25272.5500000000,25273.0500000000
1789471361064,25270.5500000000,25271.0500000000
1789471361268,25271.5500000000,25272.0500000000
1789471361467,25272.5500000000,25273.0500000000
1789471361676,25273.5500000000,25274.0500000000
1789471362682,25274.5500000000,25275.0500000000
1789471363695,25273.5500000000,25274.0500000000
1789471364508,25275.5500000000,25276.0500000000
1789471364909,25274.5500000000,25275.0500000000
1789471365311,25275.5500000000,25276.0500000000
1789471369357,25274.5500000000,25275.0500000000
1789471369559,25275.5500000000,25276.0500000000
1789471371583,25276.5500000000,25277.0500000000
1789471372188,25275.5500000000,25276.0500000000
1789471372601,25276.5500000000,25277.0500000000
1789471373408,25275.5500000000,25276.0500000000
1789471380081,25275.5500000000,25276.0500000000
1789471380689,25276.5500000000,25277.0500000000
1789471381295,25277.5500000000,25278.0500000000
1789471381701,25278.5500000000,25279.0500000000
1789471382709,25277.5500000000,25278.0500000000
1789471383112,25278.5500000000,25279.0500000000
1789471384328,25277.5500000000,25278.0500000000
1789471385544,25278.5500000000,25279.0500000000
1789471386350,25277.5500000000,25278.0500000000
1789471386549,25276.5500000000,25277.0500000000
1789471387764,25277.5500000000,25278.0500000000
1789471388371,25278.5500000000,25279.0500000000
1789471389179,25277.5500000000,25278.0500000000
1789471391200,25276.5500000000,25277.0500000000
1789471391808,25277.5500000000,25278.0500000000
1789471392418,25276.5500000000,25277.0500000000
1789471392619,25275.5500000000,25276.0500000000
1789471392823,25276.5500000000,25277.0500000000
1789471393024,25277.5500000000,25278.0500000000
1789471393227,25278.5500000000,25279.0500000000
1789471395051,25277.5500000000,25278.0500000000
1789471395253,25278.5500000000,25279.0500000000
1789471396263,25277.5500000000,25278.0500000000
1789471397074,25276.5500000000,25277.0500000000
1789471397685,25277.5500000000,25278.0500000000
1789471398083,25278.5500000000,25279.0500000000
1789471398896,25277.5500000000,25278.0500000000
1789471400312,25278.5500000000,25279.0500000000
1789471400715,25277.5500000000,25278.0500000000
1789471401523,25275.5500000000,25276.0500000000
1789471401927,25276.5500000000,25277.0500000000
1789471402332,25277.5500000000,25278.0500000000
1789471402937,25276.5500000000,25277.0500000000
1789471403342,25275.5500000000,25276.0500000000
1789471403748,25277.5500000000,25278.0500000000
1789471405163,25276.5500000000,25277.0500000000
1789471406174,25275.5500000000,25276.0500000000
1789471406376,25276.5500000000,25277.0500000000
1789471406582,25277.5500000000,25278.0500000000
1789471406987,25276.5500000000,25277.0500000000
1789471407589,25274.5500000000,25275.0500000000
1789471407994,25273.5500000000,25274.0500000000
1789471409010,25272.5500000000,25273.0500000000
1789471409817,25271.5500000000,25272.0500000000
1789471410830,25272.5500000000,25273.0500000000
1789471411034,25273.5500000000,25274.0500000000
1789471411236,25272.5500000000,25273.0500000000
1789471411839,25271.5500000000,25272.0500000000
1789471412046,25273.5500000000,25274.0500000000
1789471413055,25272.5500000000,25273.0500000000
1789471413257,25271.5500000000,25272.0500000000
1789471413456,25270.5500000000,25271.0500000000
1789471414268,25269.5500000000,25270.0500000000
1789471414472,25270.5500000000,25271.0500000000
1789471417511,25271.5500000000,25272.0500000000
1789471417711,25269.5500000000,25270.0500000000
1789471418314,25270.5500000000,25271.0500000000
1789471418516,25271.5500000000,25272.0500000000
1789471418720,25272.5500000000,25273.0500000000
1789471418924,25273.5500000000,25274.0500000000
1789471419129,25272.5500000000,25273.0500000000
1789471419737,25271.5500000000,25272.0500000000
1789471421158,25270.5500000000,25271.0500000000
1789471423587,25268.5500000000,25269.0500000000
1789471425202,25267.5500000000,25268.0500000000
1789471426013,25266.5500000000,25267.0500000000
1789471426423,25267.5500000000,25268.0500000000
1789471426822,25266.5500000000,25267.0500000000
1789471427025,25267.5500000000,25268.0500000000
1789471428239,25269.5500000000,25270.0500000000
1789471428848,25268.5500000000,25269.0500000000
1789471430465,25269.5500000000,25270.0500000000
1789471431072,25267.5500000000,25268.0500000000
1789471431885,25266.5500000000,25267.0500000000
1789471432693,25267.5500000000,25268.0500000000
1789471433706,25268.5500000000,25269.0500000000
1789471434317,25267.5500000000,25268.0500000000
1789471434518,25268.5500000000,25269.0500000000
1789471434921,25267.5500000000,25268.0500000000
1789471435120,25268.5500000000,25269.0500000000
1789471436132,25269.5500000000,25270.0500000000
1789471436536,25270.5500000000,25271.0500000000
1789471436737,25269.5500000000,25270.0500000000
1789471437141,25268.5500000000,25269.0500000000
1789471437545,25269.5500000000,25270.0500000000
1789471439772,25268.5500000000,25269.0500000000
1789471440182,25267.5500000000,25268.0500000000
1789471441596,25268.5500000000,25269.0500000000
1789471442201,25266.5500000000,25267.0500000000
1789471442604,25264.5500000000,25265.0500000000
1789471443007,25262.5500000000,25263.0500000000
1789471443209,25263.5500000000,25264.0500000000
1789471444633,25264.5500000000,25265.0500000000
1789471446246,25263.5500000000,25264.0500000000
1789471446851,25265.5500000000,25266.0500000000
1789471447055,25264.5500000000,25265.0500000000
1789471447664,25265.5500000000,25266.0500000000
1789471448068,25264.5500000000,25265.0500000000
1789471448274,25265.5500000000,25266.0500000000
1789471448472,25266.5500000000,25267.0500000000
1789471448676,25265.5500000000,25266.0500000000
1789471449689,25267.5500000000,25268.0500000000
1789471449891,25268.5500000000,25269.0500000000
1789471450093,25269.5500000000,25270.0500000000
1789471450701,25268.5500000000,25269.0500000000
1789471450902,25269.5500000000,25270.0500000000
1789471451310,25270.5500000000,25271.0500000000
1789471451915,25272.5500000000,25273.0500000000
1789471452117,25271.5500000000,25272.0500000000
1789471453333,25270.5500000000,25271.0500000000
1789471454544,25271.5500000000,25272.0500000000
1789471456160,25269.5500000000,25270.0500000000
1789471456361,25268.5500000000,25269.0500000000
1789471456564,25269.5500000000,25270.0500000000
1789471457375,25270.5500000000,25271.0500000000
1789471458387,25269.5500000000,25270.0500000000
1789471458586,25270.5500000000,25271.0500000000
1789471458794,25271.5500000000,25272.0500000000
1789471459402,25269.5500000000,25270.0500000000
1789471460013,25268.5500000000,25269.0500000000
1789471460213,25269.5500000000,25270.0500000000
1789471462438,25268.5500000000,25269.0500000000
1789471462840,25264.5500000000,25265.0500000000
1789471463042,25266.5500000000,25267.0500000000
1789471463243,25265.5500000000,25266.0500000000
1789471464051,25266.5500000000,25267.0500000000
1789471464659,25265.5500000000,25266.0500000000
1789471465068,25263.5500000000,25264.0500000000
1789471465470,25262.5500000000,25263.0500000000
1789471465875,25263.5500000000,25264.0500000000
1789471468507,25262.5500000000,25263.0500000000
1789471471935,25263.5500000000,25264.0500000000
1789471472136,25262.5500000000,25263.0500000000
1789471472543,25267.5500000000,25268.0500000000
1789471472744,25266.5500000000,25267.0500000000
1789471473757,25265.5500000000,25266.0500000000
1789471473965,25264.5500000000,25265.0500000000
1789471475578,25265.5500000000,25266.0500000000
1789471476183,25264.5500000000,25265.0500000000
1789471476594,25265.5500000000,25266.0500000000
1789471477601,25264.5500000000,25265.0500000000
1789471477802,25265.5500000000,25266.0500000000
1789471478412,25264.5500000000,25265.0500000000
1789471478613,25265.5500000000,25266.0500000000
1789471479827,25266.5500000000,25267.0500000000
1789471480030,25267.5500000000,25268.0500000000
1789471480230,25270.5500000000,25271.0500000000
1789471480836,25271.5500000000,25272.0500000000
1789471481648,25270.5500000000,25271.0500000000
1789471482452,25271.5500000000,25272.0500000000
1789471483062,25270.5500000000,25271.0500000000
1789471483264,25271.5500000000,25272.0500000000
1789471485688,25273.5500000000,25274.0500000000
1789471486293,25272.5500000000,25273.0500000000
1789471486496,25271.5500000000,25272.0500000000
1789471487713,25270.5500000000,25271.0500000000
1789471487912,25269.5500000000,25270.0500000000
1789471488113,25270.5500000000,25271.0500000000
1789471489528,25269.5500000000,25270.0500000000
1789471489732,25270.5500000000,25271.0500000000
1789471490739,25267.5500000000,25268.0500000000
1789471490948,25268.5500000000,25269.0500000000
1789471491552,25267.5500000000,25268.0500000000
1789471491951,25268.5500000000,25269.0500000000
1789471492158,25267.5500000000,25268.0500000000
1789471492767,25268.5500000000,25269.0500000000
1789471493375,25269.5500000000,25270.0500000000
1789471496810,25270.5500000000,25271.0500000000
1789471497010,25269.5500000000,25270.0500000000
1789471499846,25268.5500000000,25269.0500000000
1789471500050,25269.5500000000,25270.0500000000
1789471502071,25270.5500000000,25271.0500000000
1789471506326,25271.5500000000,25272.0500000000
1789471509763,25272.5500000000,25273.0500000000
1789471511785,25271.5500000000,25272.0500000000
1789471512188,25270.5500000000,25271.0500000000
1789471512793,25271.5500000000,25272.0500000000
1789471514612,25272.5500000000,25273.0500000000
1789471514816,25271.5500000000,25272.0500000000
1789471515626,25270.5500000000,25271.0500000000
1789471516232,25271.5500000000,25272.0500000000
1789471516436,25272.5500000000,25273.0500000000
1789471516638,25273.5500000000,25274.0500000000
1789471516838,25272.5500000000,25273.0500000000
1789471517444,25271.5500000000,25272.0500000000
1789471518654,25272.5500000000,25273.0500000000
1789471519461,25273.5500000000,25274.0500000000
1789471520674,25274.5500000000,25275.0500000000
1789471521084,25273.5500000000,25274.0500000000
1789471521287,25274.5500000000,25275.0500000000
1789471521689,25273.5500000000,25274.0500000000
1789471522090,25274.5500000000,25275.0500000000
1789471523504,25275.5500000000,25276.0500000000
1789471523909,25274.5500000000,25275.0500000000
1789471525731,25275.5500000000,25276.0500000000
1789471526137,25274.5500000000,25275.0500000000
1789471527551,25273.5500000000,25274.0500000000
1789471528561,25270.5500000000,25271.0500000000
1789471529167,25271.5500000000,25272.0500000000
1789471529573,25270.5500000000,25271.0500000000
1789471530176,25269.5500000000,25270.0500000000
1789471530786,25268.5500000000,25269.0500000000
1789471532604,25269.5500000000,25270.0500000000
1789471536240,25268.5500000000,25269.0500000000
1789471537857,25267.5500000000,25268.0500000000
1789471539676,25266.5500000000,25267.0500000000
1789471539876,25265.5500000000,25266.0500000000
1789471540912,25264.5500000000,25265.0500000000
1789471542131,25263.5500000000,25264.0500000000
1789471542934,25261.5500000000,25262.0500000000
1789471543141,25262.5500000000,25263.0500000000
1789471543340,25263.5500000000,25264.0500000000
1789471543548,25264.5500000000,25265.0500000000
1789471544148,25265.5500000000,25266.0500000000
1789471544356,25264.5500000000,25265.0500000000
1789471544558,25265.5500000000,25266.0500000000
1789471547187,25264.5500000000,25265.0500000000
1789471547996,25262.5500000000,25263.0500000000
1789471548196,25263.5500000000,25264.0500000000
1789471549819,25261.5500000000,25262.0500000000
1789471550020,25262.5500000000,25263.0500000000
1789471550630,25261.5500000000,25262.0500000000
1789471550833,25259.5500000000,25260.0500000000
1789471551438,25260.5500000000,25261.0500000000
1789471558119,25259.5500000000,25260.0500000000
1789471558522,25260.5500000000,25261.0500000000
1789471560547,25258.5500000000,25259.0500000000
1789471561556,25257.5500000000,25258.0500000000
1789471561760,25259.5500000000,25260.0500000000
1789471561964,25260.5500000000,25261.0500000000
1789471562569,25258.5500000000,25259.0500000000
1789471563582,25259.5500000000,25260.0500000000
1789471563787,25260.5500000000,25261.0500000000
1789471564191,25259.5500000000,25260.0500000000
1789471564395,25258.5500000000,25259.0500000000
1789471565605,25257.5500000000,25258.0500000000
1789471566824,25258.5500000000,25259.0500000000
1789471567226,25259.5500000000,25260.0500000000
1789471567424,25260.5500000000,25261.0500000000
1789471568030,25261.5500000000,25262.0500000000
1789471568435,25260.5500000000,25261.0500000000
1789471568835,25261.5500000000,25262.0500000000
1789471570253,25260.5500000000,25261.0500000000
1789471570455,25261.5500000000,25262.0500000000
1789471570865,25263.5500000000,25264.0500000000
1789471571064,25264.5500000000,25265.0500000000
1789471571265,25263.5500000000,25264.0500000000
1789471571468,25264.5500000000,25265.0500000000
1789471572278,25265.5500000000,25266.0500000000
1789471574102,25266.5500000000,25267.0500000000
1789471574503,25267.5500000000,25268.0500000000
1789471574704,25269.5500000000,25270.0500000000
1789471575511,25270.5500000000,25271.0500000000
1789471575714,25269.5500000000,25270.0500000000
1789471577127,25270.5500000000,25271.0500000000
1789471577537,25273.5500000000,25274.0500000000
1789471578141,25272.5500000000,25273.0500000000
1789471578545,25271.5500000000,25272.0500000000
1789471578956,25270.5500000000,25271.0500000000
1789471582191,25271.5500000000,25272.0500000000
1789471582390,25272.5500000000,25273.0500000000
1789471582592,25273.5500000000,25274.0500000000
1789471582798,25272.5500000000,25273.0500000000
1789471583002,25271.5500000000,25272.0500000000
1789471583404,25270.5500000000,25271.0500000000
1789471583610,25269.5500000000,25270.0500000000
1789471584015,25270.5500000000,25271.0500000000
1789471584215,25269.5500000000,25270.0500000000
1789471584421,25270.5500000000,25271.0500000000
1789471585026,25269.5500000000,25270.0500000000
1789471586241,25267.5500000000,25268.0500000000
1789471586645,25268.5500000000,25269.0500000000
1789471587859,25270.5500000000,25271.0500000000
1789471589270,25269.5500000000,25270.0500000000
1789471589472,25268.5500000000,25269.0500000000
1789471590082,25269.5500000000,25270.0500000000
1789471590282,25268.5500000000,25269.0500000000
1789471590486,25269.5500000000,25270.0500000000
1789471593520,25270.5500000000,25271.0500000000
1789471594127,25268.5500000000,25269.0500000000
1789471594329,25269.5500000000,25270.0500000000
1789471594534,25270.5500000000,25271.0500000000
1789471596957,25269.5500000000,25270.0500000000
1789471597364,25270.5500000000,25271.0500000000
1789471597562,25269.5500000000,25270.0500000000
1789471599588,25270.5500000000,25271.0500000000
1789471599993,25272.5500000000,25273.0500000000
1789471600190,25271.5500000000,25272.0500000000
1789471601202,25269.5500000000,25270.0500000000
1789471601408,25272.5500000000,25273.0500000000
1789471601608,25271.5500000000,25272.0500000000
1789471601810,25272.5500000000,25273.0500000000
1789471602415,25271.5500000000,25272.0500000000
1789471603225,25274.5500000000,25275.0500000000
1789471604846,25275.5500000000,25276.0500000000
1789471605248,25276.5500000000,25277.0500000000
1789471606057,25275.5500000000,25276.0500000000
1789471606463,25276.5500000000,25277.0500000000
1789471607273,25275.5500000000,25276.0500000000
1789471607675,25274.5500000000,25275.0500000000
1789471607878,25276.5500000000,25277.0500000000
1789471608485,25275.5500000000,25276.0500000000
1789471608892,25274.5500000000,25275.0500000000
1789471609298,25273.5500000000,25274.0500000000
1789471609498,25272.5500000000,25273.0500000000
1789471611526,25270.5500000000,25271.0500000000
1789471611929,25271.5500000000,25272.0500000000
1789471612339,25272.5500000000,25273.0500000000
1789471612540,25273.5500000000,25274.0500000000
1789471612951,25272.5500000000,25273.0500000000
1789471619018,25271.5500000000,25272.0500000000
1789471619829,25270.5500000000,25271.0500000000
1789471620033,25271.5500000000,25272.0500000000
1789471620644,25272.5500000000,25273.0500000000
1789471621250,25271.5500000000,25272.0500000000
1789471621655,25272.5500000000,25273.0500000000
1789471625294,25275.5500000000,25276.0500000000
1789471627518,25277.5500000000,25278.0500000000
1789471627722,25276.5500000000,25277.0500000000
1789471628323,25278.5500000000,25279.0500000000
1789471628527,25280.5500000000,25281.0500000000
1789471628929,25281.5500000000,25282.0500000000
1789471629130,25280.5500000000,25281.0500000000
1789471629340,25281.5500000000,25282.0500000000
1789471629535,25282.5500000000,25283.0500000000
1789471629940,25283.5500000000,25284.0500000000
1789471630344,25282.5500000000,25283.0500000000
1789471630547,25283.5500000000,25284.0500000000
1789471630750,25284.5500000000,25285.0500000000
1789471630950,25283.5500000000,25284.0500000000
1789471631557,25282.5500000000,25283.0500000000
1789471632163,25283.5500000000,25284.0500000000
1789471634387,25284.5500000000,25285.0500000000
1789471635199,25283.5500000000,25284.0500000000
1789471636203,25284.5500000000,25285.0500000000
1789471637017,25283.5500000000,25284.0500000000
1789471638432,25281.5500000000,25282.0500000000
1789471638638,25282.5500000000,25283.0500000000
1789471639043,25281.5500000000,25282.0500000000
1789471639650,25283.5500000000,25284.0500000000
1789471639854,25282.5500000000,25283.0500000000
1789471640252,25283.5500000000,25284.0500000000
1789471641469,25282.5500000000,25283.0500000000
1789471641672,25284.5500000000,25285.0500000000
1789471641872,25286.5500000000,25287.0500000000
1789471642070,25285.5500000000,25286.0500000000
1789471645714,25284.5500000000,25285.0500000000
1789471646320,25283.5500000000,25284.0500000000
1789471647740,25282.5500000000,25283.0500000000
1789471649756,25281.5500000000,25282.0500000000
1789471650366,25282.5500000000,25283.0500000000
1789471650566,25281.5500000000,25282.0500000000
1789471651981,25280.5500000000,25281.0500000000
1789471652182,25281.5500000000,25282.0500000000
1789471652794,25279.5500000000,25280.0500000000
1789471652996,25280.5500000000,25281.0500000000
1789471653597,25281.5500000000,25282.0500000000
1789471654005,25279.5500000000,25280.0500000000
1789471655621,25280.5500000000,25281.0500000000
1789471656234,25279.5500000000,25280.0500000000
1789471657447,25277.5500000000,25278.0500000000
1789471658256,25279.5500000000,25280.0500000000
1789471658871,25278.5500000000,25279.0500000000
1789471659675,25279.5500000000,25280.0500000000
1789471659882,25280.5500000000,25281.0500000000
1789471660489,25279.5500000000,25280.0500000000
1789471661299,25278.5500000000,25279.0500000000
1789471661702,25277.5500000000,25278.0500000000
1789471662108,25278.5500000000,25279.0500000000
1789471662914,25279.5500000000,25280.0500000000
1789471663322,25278.5500000000,25279.0500000000
1789471664334,25279.5500000000,25280.0500000000
1789471664533,25278.5500000000,25279.0500000000
1789471665139,25279.5500000000,25280.0500000000
1789471668378,25280.5500000000,25281.0500000000
1789471668982,25279.5500000000,25280.0500000000
1789471671821,25278.5500000000,25279.0500000000
1789471674453,25279.5500000000,25280.0500000000
1789471674655,25280.5500000000,25281.0500000000
1789471676276,25281.5500000000,25282.0500000000
1789471676478,25280.5500000000,25281.0500000000
1789471676679,25281.5500000000,25282.0500000000
1789471677690,25282.5500000000,25283.0500000000
1789471677891,25281.5500000000,25282.0500000000
1789471678094,25282.5500000000,25283.0500000000
1789471678903,25283.5500000000,25284.0500000000
1789471679314,25282.5500000000,25283.0500000000
1789471680321,25281.5500000000,25282.0500000000
1789471680530,25282.5500000000,25283.0500000000
1789471681538,25283.5500000000,25284.0500000000
1789471683560,25284.5500000000,25285.0500000000
1789471685986,25283.5500000000,25284.0500000000
1789471686186,25282.5500000000,25283.0500000000
1789471687001,25284.5500000000,25285.0500000000
1789471687205,25283.5500000000,25284.0500000000
1789471688011,25282.5500000000,25283.0500000000
1789471688820,25281.5500000000,25282.0500000000
1789471689019,25282.5500000000,25283.0500000000
1789471689833,25281.5500000000,25282.0500000000
1789471691858,25282.5500000000,25283.0500000000
1789471692669,25281.5500000000,25282.0500000000
1789471693070,25282.5500000000,25283.0500000000
1789471693275,25283.5500000000,25284.0500000000
1789471696107,25284.5500000000,25285.0500000000
1789471696507,25283.5500000000,25284.0500000000
1789471696706,25284.5500000000,25285.0500000000
1789471697112,25283.5500000000,25284.0500000000
1789471698325,25282.5500000000,25283.0500000000
1789471698728,25281.5500000000,25282.0500000000
1789471700147,25280.5500000000,25281.0500000000
1789471700761,25278.5500000000,25279.0500000000
1789471700959,25279.5500000000,25280.0500000000
1789471702375,25280.5500000000,25281.0500000000
1789471702780,25279.5500000000,25280.0500000000
1789471704398,25278.5500000000,25279.0500000000
1789471704598,25277.5500000000,25278.0500000000
1789471705205,25276.5500000000,25277.0500000000
1789471705608,25275.5500000000,25276.0500000000
1789471706214,25274.5500000000,25275.0500000000
1789471706418,25275.5500000000,25276.0500000000
1789471706822,25276.5500000000,25277.0500000000
1789471707025,25275.5500000000,25276.0500000000
1789471707430,25276.5500000000,25277.0500000000
1789471708031,25277.5500000000,25278.0500000000
1789471710057,25276.5500000000,25277.0500000000
1789471711067,25275.5500000000,25276.0500000000
1789471711676,25274.5500000000,25275.0500000000
1789471712486,25275.5500000000,25276.0500000000
1789471713293,25274.5500000000,25275.0500000000
1789471713497,25272.5500000000,25273.0500000000
1789471713903,25271.5500000000,25272.0500000000
1789471716938,25270.5500000000,25271.0500000000
1789471717544,25269.5500000000,25270.0500000000
1789471717948,25270.5500000000,25271.0500000000
1789471718354,25269.5500000000,25270.0500000000
1789471719365,25270.5500000000,25271.0500000000
1789471719566,25271.5500000000,25272.0500000000
1789471719768,25270.5500000000,25271.0500000000
1789471720172,25271.5500000000,25272.0500000000
1789471723613,25273.5500000000,25274.0500000000
1789471723817,25274.5500000000,25275.0500000000
1789471724422,25273.5500000000,25274.0500000000
1789471725233,25272.5500000000,25273.0500000000
1789471727051,25273.5500000000,25274.0500000000
1789471727860,25272.5500000000,25273.0500000000
1789471728265,25273.5500000000,25274.0500000000
1789471729078,25272.5500000000,25273.0500000000
1789471729280,25273.5500000000,25274.0500000000
1789471730287,25272.5500000000,25273.0500000000
1789471732113,25278.5500000000,25279.0500000000
1789471732519,25288.5500000000,25289.0500000000
1789471732720,25287.5500000000,25288.0500000000
1789471733140,25289.5500000000,25290.0500000000
1789471733337,25286.5500000000,25287.0500000000
1789471733544,25285.5500000000,25286.0500000000
1789471733739,25284.5500000000,25285.0500000000
1789471734140,25282.5500000000,25283.0500000000
1789471734750,25281.5500000000,25282.0500000000
1789471735150,25280.5500000000,25281.0500000000
1789471735555,25281.5500000000,25282.0500000000
1789471735758,25279.5500000000,25280.0500000000
1789471736568,25278.5500000000,25279.0500000000
1789471736973,25279.5500000000,25280.0500000000
1789471737579,25278.5500000000,25279.0500000000
1789471738181,25279.5500000000,25280.0500000000
1789471738386,25278.5500000000,25279.0500000000
1789471738585,25277.5500000000,25278.0500000000
1789471738791,25278.5500000000,25279.0500000000
1789471739192,25279.5500000000,25280.0500000000
1789471740204,25278.5500000000,25279.0500000000
1789471740611,25279.5500000000,25280.0500000000
1789471740811,25280.5500000000,25281.0500000000
1789471741221,25279.5500000000,25280.0500000000
1789471741421,25278.5500000000,25279.0500000000
1789471741623,25277.5500000000,25278.0500000000
1789471741825,25278.5500000000,25279.0500000000
1789471742233,25279.5500000000,25280.0500000000
1789471742837,25278.5500000000,25279.0500000000
1789471743039,25277.5500000000,25278.0500000000
1789471743649,25276.5500000000,25277.0500000000
1789471744252,25278.5500000000,25279.0500000000
1789471744457,25276.5500000000,25277.0500000000
1789471745267,25275.5500000000,25276.0500000000
1789471745470,25276.5500000000,25277.0500000000
1789471745870,25275.5500000000,25276.0500000000
1789471746276,25276.5500000000,25277.0500000000
1789471746478,25275.5500000000,25276.0500000000
1789471748901,25274.5500000000,25275.0500000000
1789471749101,25275.5500000000,25276.0500000000
1789471750113,25274.5500000000,25275.0500000000
1789471751128,25273.5500000000,25274.0500000000
1789471751326,25274.5500000000,25275.0500000000
1789471752136,25273.5500000000,25274.0500000000
1789471754162,25274.5500000000,25275.0500000000
1789471755172,25273.5500000000,25274.0500000000
1789471755580,25274.5500000000,25275.0500000000
1789471755979,25272.5500000000,25273.0500000000
1789471756185,25273.5500000000,25274.0500000000
1789471756588,25272.5500000000,25273.0500000000
1789471756993,25273.5500000000,25274.0500000000
1789471759014,25272.5500000000,25273.0500000000
1789471759421,25271.5500000000,25272.0500000000
1789471759624,25270.5500000000,25271.0500000000
1789471759828,25268.5500000000,25269.0500000000
1789471760026,25270.5500000000,25271.0500000000
1789471760226,25271.5500000000,25272.0500000000
1789471760433,25270.5500000000,25271.0500000000
1789471761646,25271.0500000000,25271.5500000000
1789471761844,25271.5500000000,25272.0500000000
1789471762453,25272.5500000000,25273.0500000000
1789471762654,25271.5500000000,25272.0500000000
1789471762860,25272.5500000000,25273.0500000000
1789471763061,25273.5500000000,25274.0500000000
1789471763262,25272.5500000000,25273.0500000000
1789471763473,25271.5500000000,25272.0500000000
1789471765088,25272.5500000000,25273.0500000000
1789471766299,25273.5500000000,25274.0500000000
1789471766505,25274.5500000000,25275.0500000000
1789471767312,25272.5500000000,25273.0500000000
1789471767513,25273.5500000000,25274.0500000000
1789471768930,25274.5500000000,25275.0500000000
1789471769135,25273.5500000000,25274.0500000000
1789471769334,25274.5500000000,25275.0500000000
1789471771154,25275.5500000000,25276.0500000000
1789471771561,25276.5500000000,25277.0500000000
1789471772164,25278.5500000000,25279.0500000000
1789471772368,25279.5500000000,25280.0500000000
1789471772572,25278.5500000000,25279.0500000000
1789471772774,25279.5500000000,25280.0500000000
1789471772974,25280.5500000000,25281.0500000000
1789471773181,25281.5500000000,25282.0500000000
1789471774592,25280.5500000000,25281.0500000000
1789471775406,25281.5500000000,25282.0500000000
1789471775807,25280.5500000000,25281.0500000000
1789471776007,25281.5500000000,25282.0500000000
1789471776617,25282.5500000000,25283.0500000000
1789471776821,25284.5500000000,25285.0500000000
1789471777222,25285.5500000000,25286.0500000000
1789471777632,25284.5500000000,25285.0500000000
1789471777836,25285.5500000000,25286.0500000000
1789471778843,25287.5500000000,25288.0500000000
1789471779250,25289.5500000000,25290.0500000000
1789471779457,25287.5500000000,25288.0500000000
1789471779860,25286.5500000000,25287.0500000000
1789471780057,25287.5500000000,25288.0500000000
1789471780261,25286.5500000000,25287.0500000000
1789471780462,25285.5500000000,25286.0500000000
1789471780867,25286.5500000000,25287.0500000000
1789471781066,25287.5500000000,25288.0500000000
1789471781271,25286.5500000000,25287.0500000000
1789471782286,25287.5500000000,25288.0500000000
1789471782684,25286.5500000000,25287.0500000000
1789471783090,25287.5500000000,25288.0500000000
1789471783695,25288.5500000000,25289.0500000000
1789471784100,25289.5500000000,25290.0500000000
1789471784505,25288.5500000000,25289.0500000000
1789471785316,25289.5500000000,25290.0500000000
1789471785514,25288.5500000000,25289.0500000000
1789471785717,25289.5500000000,25290.0500000000
1789471786121,25290.5500000000,25291.0500000000
1789471786933,25289.5500000000,25290.0500000000
1789471788346,25288.5500000000,25289.0500000000
1789471789565,25287.5500000000,25288.0500000000
1789471790378,25288.5500000000,25289.0500000000
1789471791179,25289.5500000000,25290.0500000000
1789471792192,25291.5500000000,25292.0500000000
1789471792595,25290.5500000000,25291.0500000000
1789471792798,25291.5500000000,25292.0500000000
1789471793210,25292.5500000000,25293.0500000000
1789471793614,25291.5500000000,25292.0500000000
1789471794017,25290.5500000000,25291.0500000000
1789471794225,25291.5500000000,25292.0500000000
1789471794428,25290.5500000000,25291.0500000000
1789471794826,25289.5500000000,25290.0500000000
1789471795230,25291.5500000000,25292.0500000000
1789471795433,25290.5500000000,25291.0500000000
1789471795640,25291.5500000000,25292.0500000000
1789471795839,25290.5500000000,25291.0500000000
1789471796244,25289.5500000000,25290.0500000000
1789471796448,25288.5500000000,25289.0500000000
1789471796650,25286.5500000000,25287.0500000000
1789471797661,25285.5500000000,25286.0500000000
1789471798072,25286.5500000000,25287.0500000000
1789471798272,25285.5500000000,25286.0500000000
1789471798471,25284.5500000000,25285.0500000000
1789471799281,25285.5500000000,25286.0500000000
1789471799483,25286.5500000000,25287.0500000000
1789471799687,25288.5500000000,25289.0500000000
1789471799888,25286.5500000000,25287.0500000000
1789471800088,25286.5500000000,25287.0500000000
1789471800295,25285.5500000000,25286.0500000000
1789471800495,25287.5500000000,25288.0500000000
1789471800696,25285.5500000000,25286.0500000000
1789471801102,25284.5500000000,25285.0500000000
1789471801710,25283.5500000000,25284.0500000000
1789471801912,25284.5500000000,25285.0500000000
1789471802113,25286.5500000000,25287.0500000000
1789471802519,25287.5500000000,25288.0500000000
1789471803127,25288.5500000000,25289.0500000000
1789471803326,25289.5500000000,25290.0500000000
1789471803936,25290.5500000000,25291.0500000000
1789471804137,25289.5500000000,25290.0500000000
1789471804339,25290.5500000000,25291.0500000000
1789471804955,25292.5500000000,25293.0500000000
1789471805757,25291.5500000000,25292.0500000000
1789471807173,25292.5500000000,25293.0500000000
1789471807375,25293.5500000000,25294.0500000000
1789471807777,25294.5500000000,25295.0500000000
1789471808183,25293.5500000000,25294.0500000000
1789471808386,25294.5500000000,25295.0500000000
1789471808788,25293.5500000000,25294.0500000000
1789471809194,25292.5500000000,25293.0500000000
1789471809602,25289.5500000000,25290.0500000000
1789471809804,25288.5500000000,25289.0500000000
1789471810204,25289.5500000000,25290.0500000000
1789471810408,25290.5500000000,25291.0500000000
1789471811217,25289.5500000000,25290.0500000000
1789471811620,25288.5500000000,25289.0500000000
1789471812023,25287.5500000000,25288.0500000000
1789471812629,25288.5500000000,25289.0500000000
1789471813639,25289.5500000000,25290.0500000000
1789471813842,25288.5500000000,25289.0500000000
1789471814450,25289.5500000000,25290.0500000000
1789471814653,25288.5500000000,25289.0500000000
1789471814856,25287.5500000000,25288.0500000000
1789471816471,25286.5500000000,25287.0500000000
1789471816876,25285.5500000000,25286.0500000000
1789471817081,25286.5500000000,25287.0500000000
1789471817285,25284.5500000000,25285.0500000000
1789471817485,25285.5500000000,25286.0500000000
1789471817891,25284.5500000000,25285.0500000000
1789471819103,25285.5500000000,25286.0500000000
1789471819512,25284.5500000000,25285.0500000000
1789471819711,25285.5500000000,25286.0500000000
1789471819914,25287.5500000000,25288.0500000000
1789471820115,25286.5500000000,25287.0500000000
1789471820523,25287.5500000000,25288.0500000000
1789471820720,25286.5500000000,25287.0500000000
1789471822139,25285.5500000000,25286.0500000000
1789471823153,25284.5500000000,25285.0500000000
1789471823960,25285.5500000000,25286.0500000000
1789471825988,25284.5500000000,25285.0500000000
1789471826591,25285.5500000000,25286.0500000000
1789471826995,25284.5500000000,25285.0500000000
1789471827197,25285.5500000000,25286.0500000000
1789471827603,25286.5500000000,25287.0500000000
1789471827804,25285.5500000000,25286.0500000000
1789471828209,25286.5500000000,25287.0500000000
1789471829426,25287.0500000000,25287.5500000000
1789471830027,25289.0500000000,25289.5500000000
1789471830235,25288.5500000000,25289.0500000000
1789471830638,25289.5500000000,25290.0500000000
1789471832053,25290.5500000000,25291.0500000000
1789471832660,25291.5500000000,25292.0500000000
1789471833264,25292.5500000000,25293.0500000000
1789471833876,25294.5500000000,25295.0500000000
1789471834882,25293.5500000000,25294.0500000000
1789471835084,25294.5500000000,25295.0500000000
1789471835896,25295.5500000000,25296.0500000000
1789471836098,25296.5500000000,25297.0500000000
1789471837307,25297.5500000000,25298.0500000000
1789471837918,25296.5500000000,25297.0500000000
1789471838728,25295.5500000000,25296.0500000000
1789471840551,25296.5500000000,25297.0500000000
1789471840754,25295.5500000000,25296.0500000000
1789471841157,25296.5500000000,25297.0500000000
1789471841562,25297.5500000000,25298.0500000000
1789471841770,25298.5500000000,25299.0500000000
1789471842374,25299.5500000000,25300.0500000000
1789471842572,25298.5500000000,25299.0500000000
1789471843180,25299.5500000000,25300.0500000000
1789471843787,25300.5500000000,25301.0500000000
1789471843988,25299.5500000000,25300.0500000000
1789471845612,25298.5500000000,25299.0500000000
1789471846627,25297.5500000000,25298.0500000000
1789471846832,25298.5500000000,25299.0500000000
1789471848040,25297.5500000000,25298.0500000000
1789471850065,25298.5500000000,25299.0500000000
1789471850265,25299.5500000000,25300.0500000000
1789471851076,25298.5500000000,25299.0500000000
1789471852488,25297.5500000000,25298.0500000000
1789471852892,25296.5500000000,25297.0500000000
1789471853104,25295.5500000000,25296.0500000000
1789471853308,25294.5500000000,25295.0500000000
1789471853914,25296.5500000000,25297.0500000000
1789471854116,25295.5500000000,25296.0500000000
1789471855125,25296.5500000000,25297.0500000000
1789471855534,25295.5500000000,25296.0500000000
1789471856546,25296.5500000000,25297.0500000000
1789471856949,25295.5500000000,25296.0500000000
1789471857962,25294.5500000000,25295.0500000000
1789471858567,25293.5500000000,25294.0500000000
1789471858773,25294.5500000000,25295.0500000000
1789471859376,25295.5500000000,25296.0500000000
1789471860186,25295.5500000000,25296.0500000000
1789471861401,25294.5500000000,25295.0500000000
1789471863419,25293.5500000000,25294.0500000000
1789471863624,25294.5500000000,25295.0500000000
1789471864430,25293.5500000000,25294.0500000000
1789471865643,25294.5500000000,25295.0500000000
1789471866453,25295.5500000000,25296.0500000000
1789471866659,25296.5500000000,25297.0500000000
1789471867268,25294.5500000000,25295.0500000000
1789471867466,25295.5500000000,25296.0500000000
1789471867870,25294.5500000000,25295.0500000000
1789471869084,25295.5500000000,25296.0500000000
1789471869492,25296.5500000000,25297.0500000000
1789471869696,25297.5500000000,25298.0500000000
1789471871514,25298.5500000000,25299.0500000000
1789471871718,25301.5500000000,25302.0500000000
1789471872326,25302.5500000000,25303.0500000000
1789471873332,25301.5500000000,25302.0500000000
1789471873736,25302.5500000000,25303.0500000000
1789471875356,25300.5500000000,25301.0500000000
1789471875553,25301.5500000000,25302.0500000000
1789471876160,25300.5500000000,25301.0500000000
1789471876364,25301.5500000000,25302.0500000000
1789471876564,25300.5500000000,25301.0500000000
1789471877779,25301.5500000000,25302.0500000000
1789471877980,25300.5500000000,25301.0500000000
1789471878189,25299.5500000000,25300.0500000000
1789471878794,25298.5500000000,25299.0500000000
1789471879398,25300.5500000000,25301.0500000000
1789471879804,25299.5500000000,25300.0500000000
1789471880003,25300.5500000000,25301.0500000000
1789471881220,25301.5500000000,25302.0500000000
1789471881423,25302.5500000000,25303.0500000000
1789471881628,25303.5500000000,25304.0500000000
1789471882231,25302.5500000000,25303.0500000000
1789471882636,25303.5500000000,25304.0500000000
1789471883039,25302.5500000000,25303.0500000000
1789471883847,25301.5500000000,25302.0500000000
1789471884661,25300.5500000000,25301.0500000000
1789471886678,25301.5500000000,25302.0500000000
1789471886882,25302.5500000000,25303.0500000000
1789471887082,25301.5500000000,25302.0500000000
1789471889508,25302.5500000000,25303.0500000000
1789471889711,25301.5500000000,25302.0500000000
1789471889911,25302.5500000000,25303.0500000000
1789471890114,25301.5500000000,25302.0500000000
1789471890315,25302.5500000000,25303.0500000000
1789471890921,25301.5500000000,25302.0500000000
1789471893757,25300.5500000000,25301.0500000000
1789471895376,25301.5500000000,25302.0500000000
1789471896996,25299.5500000000,25300.0500000000
1789471897198,25300.5500000000,25301.0500000000
1789471898210,25299.5500000000,25300.0500000000
1789471898415,25300.5500000000,25301.0500000000
1789471901041,25299.5500000000,25300.0500000000
1789471904683,25298.5500000000,25299.0500000000
1789471904886,25299.5500000000,25300.0500000000
1789471905289,25298.5500000000,25299.0500000000
1789471905492,25299.5500000000,25300.0500000000
1789471906501,25300.5500000000,25301.0500000000
1789471906703,25299.5500000000,25300.0500000000
1789471907715,25298.5500000000,25299.0500000000
1789471907920,25297.5500000000,25298.0500000000
1789471908121,25296.5500000000,25297.0500000000
1789471908321,25297.5500000000,25298.0500000000
1789471909131,25298.5500000000,25299.0500000000
1789471909740,25297.5500000000,25298.0500000000
1789471909943,25296.5500000000,25297.0500000000
1789471911155,25295.5500000000,25296.0500000000
1789471912167,25294.5500000000,25295.0500000000
1789471912772,25293.5500000000,25294.0500000000
1789471913591,25291.5500000000,25292.0500000000
1789471913791,25293.5500000000,25294.0500000000
1789471914397,25294.5500000000,25295.0500000000
1789471918636,25295.5500000000,25296.0500000000
1789471919647,25294.5500000000,25295.0500000000
1789471920252,25294.5500000000,25295.0500000000
1789471920859,25297.5500000000,25298.0500000000
1789471922272,25298.5500000000,25299.0500000000
1789471923688,25299.5500000000,25300.0500000000
1789471925707,25298.5500000000,25299.0500000000
1789471926517,25299.5500000000,25300.0500000000
1789471926719,25300.5500000000,25301.0500000000
1789471927527,25298.5500000000,25299.0500000000
1789471927729,25297.5500000000,25298.0500000000
1789471928541,25298.5500000000,25299.0500000000
1789471928940,25297.5500000000,25298.0500000000
1789471930155,25295.5500000000,25296.0500000000
1789471930357,25294.5500000000,25295.0500000000
1789471930558,25295.5500000000,25296.0500000000
1789471930760,25294.5500000000,25295.0500000000
1789471931366,25293.5500000000,25294.0500000000
1789471931575,25294.5500000000,25295.0500000000
1789471932579,25295.5500000000,25296.0500000000
1789471935009,25294.5500000000,25295.0500000000
1789471935213,25295.5500000000,25296.0500000000
1789471936224,25294.5500000000,25295.0500000000
1789471936429,25295.5500000000,25296.0500000000
1789471937845,25296.5500000000,25297.0500000000
1789471938853,25295.5500000000,25296.0500000000
1789471939055,25296.5500000000,25297.0500000000
1789471939862,25295.5500000000,25296.0500000000
1789471943912,25294.5500000000,25295.0500000000
1789471944321,25293.5500000000,25294.0500000000
1789471944516,25292.5500000000,25293.0500000000
1789471947346,25291.5500000000,25292.0500000000
1789471947956,25289.5500000000,25290.0500000000
1789471948156,25290.5500000000,25291.0500000000
1789471948764,25289.5500000000,25290.0500000000
1789471948963,25288.5500000000,25289.0500000000
1789471949169,25289.5500000000,25290.0500000000
1789471950176,25290.5500000000,25291.0500000000
1789471950987,25289.5500000000,25290.0500000000
1789471951798,25290.5500000000,25291.0500000000
1789471954424,25289.5500000000,25290.0500000000
1789471957463,25288.5500000000,25289.0500000000
1789471958472,25289.5500000000,25290.0500000000
1789471960701,25290.5500000000,25291.0500000000
1789471962518,25292.5500000000,25293.0500000000
1789471962716,25291.5500000000,25292.0500000000
1789471963529,25290.5500000000,25291.0500000000
1789471964139,25289.5500000000,25290.0500000000
1789471965550,25288.5500000000,25289.0500000000
1789471965753,25289.5500000000,25290.0500000000
1789471966157,25288.5500000000,25289.0500000000
1789471966767,25287.5500000000,25288.0500000000
1789471966968,25288.5500000000,25289.0500000000
1789471967171,25289.5500000000,25290.0500000000
1789471971014,25287.5500000000,25288.0500000000
1789471971826,25288.5500000000,25289.0500000000
1789471972428,25287.5500000000,25288.0500000000
1789471972631,25288.5500000000,25289.0500000000
1789471974859,25289.5500000000,25290.0500000000
1789471975061,25288.5500000000,25289.0500000000
1789471975868,25287.5500000000,25288.0500000000
1789471976070,25288.5500000000,25289.0500000000
1789471976275,25289.5500000000,25290.0500000000
1789471976476,25290.5500000000,25291.0500000000
1789471977082,25289.5500000000,25290.0500000000
1789471978905,25288.5500000000,25289.0500000000
1789471979110,25289.5500000000,25290.0500000000
1789471981339,25289.5500000000,25290.0500000000
1789471982343,25288.5500000000,25289.0500000000
1789471982547,25289.5500000000,25290.0500000000
1789471983560,25288.5500000000,25289.0500000000
1789471983766,25289.5500000000,25290.0500000000
1789471983968,25290.5500000000,25291.0500000000
1789471984373,25289.5500000000,25290.0500000000
1789471985390,25288.5500000000,25289.0500000000
1789471987003,25289.5500000000,25290.0500000000
1789471987207,25290.5500000000,25291.0500000000
1789471987815,25289.5500000000,25290.0500000000
1789471988015,25290.5500000000,25291.0500000000
1789471988219,25289.5500000000,25290.0500000000
1789471991250,25290.5500000000,25291.0500000000
1789471993069,25291.5500000000,25292.0500000000
1789471995701,25292.5500000000,25293.0500000000
1789471996105,25291.5500000000,25292.0500000000
1789471997316,25289.5500000000,25290.0500000000
1789471998326,25288.5500000000,25289.0500000000
1789471999541,25289.0500000000,25289.5500000000
1789471999739,25290.5500000000,25291.0500000000
1789472000546,25291.5500000000,25292.0500000000
1789472001356,25290.5500000000,25291.0500000000
1789472001562,25289.5500000000,25290.0500000000
1789472001762,25290.5500000000,25291.0500000000
1789472002167,25289.5500000000,25290.0500000000
1789472002973,25288.5500000000,25289.0500000000
1789472004190,25289.5500000000,25290.0500000000
1789472008641,25288.5500000000,25289.0500000000
1789472009046,25290.5500000000,25291.0500000000
1789472009451,25291.5500000000,25292.0500000000
1789472010260,25293.5500000000,25294.0500000000
1789472010461,25292.5500000000,25293.0500000000
1789472011273,25294.5500000000,25295.0500000000
1789472011472,25295.5500000000,25296.0500000000
1789472012278,25294.5500000000,25295.0500000000
1789472012485,25293.5500000000,25294.0500000000
1789472014709,25292.5500000000,25293.0500000000
1789472016123,25291.5500000000,25292.0500000000
1789472017537,25292.5500000000,25293.0500000000
1789472017742,25291.5500000000,25292.0500000000
1789472017941,25292.5500000000,25293.0500000000
1789472019560,25291.5500000000,25292.0500000000
1789472019764,25292.5500000000,25293.0500000000
1789472020164,25291.5500000000,25292.0500000000
1789472021175,25290.5500000000,25291.0500000000
1789472021578,25291.5500000000,25292.0500000000
1789472023396,25290.5500000000,25291.0500000000
1789472023598,25291.5500000000,25292.0500000000
1789472024414,25292.5500000000,25293.0500000000
1789472024619,25291.5500000000,25292.0500000000
1789472025831,25293.5500000000,25294.0500000000
1789472026841,25295.5500000000,25296.0500000000
1789472027044,25294.5500000000,25295.0500000000
1789472028257,25293.5500000000,25294.0500000000
1789472029065,25294.5500000000,25295.0500000000
1789472029473,25295.5500000000,25296.0500000000
1789472030079,25294.5500000000,25295.0500000000
1789472030281,25295.5500000000,25296.0500000000
1789472030685,25294.5500000000,25295.0500000000
1789472031698,25295.5500000000,25296.0500000000
1789472032309,25296.5500000000,25297.0500000000
1789472032712,25297.5500000000,25298.0500000000
1789472033327,25298.5500000000,25299.0500000000
1789472034131,25299.5500000000,25300.0500000000
1789472035546,25300.5500000000,25301.0500000000
1789472035954,25301.5500000000,25302.0500000000
1789472036155,25300.5500000000,25301.0500000000
1789472037369,25298.5500000000,25299.0500000000
1789472039188,25299.5500000000,25300.0500000000
1789472039803,25298.5500000000,25299.0500000000
1789472040400,25299.5500000000,25300.0500000000
1789472040603,25298.5500000000,25299.0500000000
1789472041011,25297.5500000000,25298.0500000000
1789472042223,25298.5500000000,25299.0500000000
1789472042627,25297.5500000000,25298.0500000000
1789472043438,25296.5500000000,25297.0500000000
1789472044046,25297.5500000000,25298.0500000000
1789472044247,25296.5500000000,25297.0500000000
1789472044651,25295.5500000000,25296.0500000000
1789472046875,25297.5500000000,25298.0500000000
1789472047079,25295.5500000000,25296.0500000000
1789472050111,25296.5500000000,25297.0500000000
1789472051727,25297.5500000000,25298.0500000000
1789472051929,25298.5500000000,25299.0500000000
1789472052136,25297.5500000000,25298.0500000000
1789472052740,25295.5500000000,25296.0500000000
1789472053146,25296.5500000000,25297.0500000000
1789472053547,25295.5500000000,25296.0500000000
1789472054360,25296.5500000000,25297.0500000000
1789472054562,25295.5500000000,25296.0500000000
1789472054759,25294.5500000000,25295.0500000000
1789472055166,25295.5500000000,25296.0500000000
1789472056581,25294.5500000000,25295.0500000000
1789472056783,25295.5500000000,25296.0500000000
1789472057394,25296.5500000000,25297.0500000000
1789472058202,25295.5500000000,25296.0500000000
1789472061439,25294.5500000000,25295.0500000000
1789472063871,25293.5500000000,25294.0500000000
1789472064074,25291.5500000000,25292.0500000000
1789472064277,25292.5500000000,25293.0500000000
1789472065084,25293.5500000000,25294.0500000000
1789472065491,25294.5500000000,25295.0500000000
1789472065692,25293.5500000000,25294.0500000000
1789472066096,25294.5500000000,25295.0500000000
1789472066907,25293.5500000000,25294.0500000000
1789472067313,25294.5500000000,25295.0500000000
1789472068317,25293.5500000000,25294.0500000000
1789472069327,25294.5500000000,25295.0500000000
1789472070340,25293.5500000000,25294.0500000000
1789472071146,25289.5500000000,25290.0500000000
1789472071551,25288.5500000000,25289.0500000000
1789472075999,25289.5500000000,25290.0500000000
1789472076203,25288.5500000000,25289.0500000000
1789472078221,25287.5500000000,25288.0500000000
1789472078431,25289.5500000000,25290.0500000000
1789472078633,25288.5500000000,25289.0500000000
1789472080043,25287.5500000000,25288.0500000000
1789472081057,25288.5500000000,25289.0500000000
1789472081460,25287.5500000000,25288.0500000000
1789472083680,25288.5500000000,25289.0500000000
1789472084087,25287.5500000000,25288.0500000000
1789472084693,25286.5500000000,25287.0500000000
1789472084896,25285.5500000000,25286.0500000000
1789472085100,25283.5500000000,25284.0500000000
1789472085303,25285.5500000000,25286.0500000000
1789472085908,25284.5500000000,25285.0500000000
1789472086107,25285.5500000000,25286.0500000000
1789472086514,25284.5500000000,25285.0500000000
1789472086715,25285.5500000000,25286.0500000000
1789472088131,25284.5500000000,25285.0500000000
1789472090151,25283.5500000000,25284.0500000000
1789472092376,25282.5500000000,25283.0500000000
1789472092575,25281.5500000000,25282.0500000000
1789472093795,25280.5500000000,25281.0500000000
1789472095415,25281.5500000000,25282.0500000000
1789472096024,25279.5500000000,25280.0500000000
1789472099465,25280.5500000000,25281.0500000000
1789472100069,25279.5500000000,25280.0500000000
1789472100273,25281.5500000000,25282.0500000000
1789472100472,25282.5500000000,25283.0500000000
1789472100674,25281.5500000000,25282.0500000000
1789472102700,25282.5500000000,25283.0500000000
1789472103302,25281.5500000000,25282.0500000000
1789472104718,25280.5500000000,25281.0500000000
1789472105322,25279.5500000000,25280.0500000000
1789472105726,25280.5500000000,25281.0500000000
1789472105930,25279.5500000000,25280.0500000000
1789472106742,25278.5500000000,25279.0500000000
1789472107146,25279.5500000000,25280.0500000000
1789472108357,25278.5500000000,25279.0500000000
1789472108964,25279.5500000000,25280.0500000000
1789472109768,25278.5500000000,25279.0500000000
1789472114013,25276.5500000000,25277.0500000000
1789472114219,25277.5500000000,25278.0500000000
1789472116039,25276.5500000000,25277.0500000000
1789472116245,25277.5500000000,25278.0500000000
1789472117251,25278.5500000000,25279.0500000000
1789472117454,25277.5500000000,25278.0500000000
1789472117656,25278.5500000000,25279.0500000000
1789472117857,25281.5500000000,25282.0500000000
1789472118060,25282.5500000000,25283.0500000000
1789472118667,25281.5500000000,25282.0500000000
1789472119072,25285.5500000000,25286.0500000000
1789472119277,25284.5500000000,25285.0500000000
1789472120083,25285.5500000000,25286.0500000000
1789472120287,25284.5500000000,25285.0500000000
1789472122716,25278.5500000000,25279.0500000000
1789472123521,25277.5500000000,25278.0500000000
1789472126350,25276.5500000000,25277.0500000000
1789472126956,25277.5500000000,25278.0500000000
1789472128572,25278.5500000000,25279.0500000000
1789472128776,25276.5500000000,25277.0500000000
1789472132818,25277.5500000000,25278.0500000000
1789472136262,25278.5500000000,25279.0500000000
1789472138280,25280.5500000000,25281.0500000000
1789472138887,25279.5500000000,25280.0500000000
1789472139090,25278.5500000000,25279.0500000000
1789472139699,25279.5500000000,25280.0500000000
1789472139902,25280.5500000000,25281.0500000000
1789472141949,25281.5500000000,25282.0500000000
1789472142148,25280.5500000000,25281.0500000000
1789472143157,25279.5500000000,25280.0500000000
1789472144170,25280.5500000000,25281.0500000000
1789472144976,25281.5500000000,25282.0500000000
1789472146194,25282.5500000000,25283.0500000000
1789472146598,25283.5500000000,25284.0500000000
1789472146803,25282.5500000000,25283.0500000000
1789472147812,25283.5500000000,25284.0500000000
1789472148420,25284.5500000000,25285.0500000000
1789472149632,25283.5500000000,25284.0500000000
1789472149833,25282.5500000000,25283.0500000000
1789472151456,25283.5500000000,25284.0500000000
1789472151656,25282.5500000000,25283.0500000000
1789472151860,25283.5500000000,25284.0500000000
1789472153270,25282.5500000000,25283.0500000000
1789472153479,25283.5500000000,25284.0500000000
1789472154692,25282.5500000000,25283.0500000000
1789472154895,25283.5500000000,25284.0500000000
1789472155299,25284.5500000000,25285.0500000000
1789472156311,25285.5500000000,25286.0500000000
1789472156719,25284.5500000000,25285.0500000000
1789472156921,25285.5500000000,25286.0500000000
1789472158947,25284.5500000000,25285.0500000000
1789472160155,25283.5500000000,25284.0500000000
1789472160561,25282.5500000000,25283.0500000000
1789472161167,25283.5500000000,25284.0500000000
1789472161368,25284.5500000000,25285.0500000000
1789472161569,25283.5500000000,25284.0500000000
1789472162584,25282.5500000000,25283.0500000000
1789472163189,25283.5500000000,25284.0500000000
1789472163597,25284.5500000000,25285.0500000000
1789472164202,25282.5500000000,25283.0500000000
1789472167237,25283.5500000000,25284.0500000000
1789472169663,25282.5500000000,25283.0500000000
1789472170668,25281.5500000000,25282.0500000000
1789472170873,25280.5500000000,25281.0500000000
1789472171479,25282.5500000000,25283.0500000000
1789472172497,25281.5500000000,25282.0500000000
1789472172700,25282.5500000000,25283.0500000000
1789472174312,25281.5500000000,25282.0500000000
1789472174515,25282.5500000000,25283.0500000000
1789472177139,25283.5500000000,25284.0500000000
1789472177951,25284.5500000000,25285.0500000000
1789472180989,25285.5500000000,25286.0500000000
1789472181592,25287.5500000000,25288.0500000000
1789472182807,25288.5500000000,25289.0500000000
1789472183208,25287.5500000000,25288.0500000000
1789472183412,25288.5500000000,25289.0500000000
1789472184221,25286.5500000000,25287.0500000000
1789472184425,25283.5500000000,25284.0500000000
1789472184829,25282.5500000000,25283.0500000000
1789472185038,25283.5500000000,25284.0500000000
1789472185640,25285.5500000000,25286.0500000000
1789472185843,25284.5500000000,25285.0500000000
1789472186858,25286.5500000000,25287.0500000000
1789472187461,25285.5500000000,25286.0500000000
1789472188873,25286.5500000000,25287.0500000000
1789472190288,25285.5500000000,25286.0500000000
1789472190893,25284.5500000000,25285.0500000000
1789472191297,25285.5500000000,25286.0500000000
1789472191499,25284.5500000000,25285.0500000000
1789472192306,25283.5500000000,25284.0500000000
1789472192914,25284.5500000000,25285.0500000000
1789472193121,25283.5500000000,25284.0500000000
1789472193521,25282.5500000000,25283.0500000000
1789472193930,25283.5500000000,25284.0500000000
1789472194533,25282.5500000000,25283.0500000000
1789472195754,25281.5500000000,25282.0500000000
1789472196150,25280.5500000000,25281.0500000000
1789472197566,25281.5500000000,25282.0500000000
1789472198379,25280.5500000000,25281.0500000000
1789472198782,25281.5500000000,25282.0500000000
1789472199387,25280.5500000000,25281.0500000000
1789472199791,25278.5500000000,25279.0500000000
1789472200402,25279.5500000000,25280.0500000000
1789472205256,25280.5500000000,25281.0500000000
1789472209093,25281.5500000000,25282.0500000000
1789472212329,25280.5500000000,25281.0500000000
1789472212735,25279.5500000000,25280.0500000000
1789472212937,25278.5500000000,25279.0500000000
1789472213345,25279.5500000000,25280.0500000000
1789472213755,25277.5500000000,25278.0500000000
1789472214364,25278.5500000000,25279.0500000000
1789472215575,25277.5500000000,25278.0500000000
1789472215779,25276.5500000000,25277.0500000000
1789472217401,25277.5500000000,25278.0500000000
1789472218004,25278.5500000000,25279.0500000000
1789472218207,25277.5500000000,25278.0500000000
1789472218613,25278.5500000000,25279.0500000000
1789472220234,25278.5500000000,25279.0500000000
1789472220433,25279.5500000000,25280.0500000000
1789472220839,25280.5500000000,25281.0500000000
1789472221444,25279.5500000000,25280.0500000000
1789472221647,25280.5500000000,25281.0500000000
1789472222051,25278.5500000000,25279.0500000000
1789472222263,25279.5500000000,25280.0500000000
1789472223265,25277.5500000000,25278.0500000000
1789472223468,25276.5500000000,25277.0500000000
1789472223871,25275.5500000000,25276.0500000000
1789472224073,25274.5500000000,25275.0500000000
1789472224280,25273.5500000000,25274.0500000000
1789472224879,25274.5500000000,25275.0500000000
1789472225285,25275.5500000000,25276.0500000000
1789472227308,25274.5500000000,25275.0500000000
1789472228717,25275.5500000000,25276.0500000000
1789472230134,25276.5500000000,25277.0500000000
1789472230338,25275.5500000000,25276.0500000000
1789472230944,25276.5500000000,25277.0500000000
1789472231147,25275.5500000000,25276.0500000000
1789472233977,25271.5500000000,25272.0500000000
1789472235189,25270.5500000000,25271.0500000000
1789472236406,25271.5500000000,25272.0500000000
1789472238428,25272.5500000000,25273.0500000000
1789472239241,25274.5500000000,25275.0500000000
1789472240249,25272.5500000000,25273.0500000000
1789472240862,25273.5500000000,25274.0500000000
1789472241057,25272.5500000000,25273.0500000000
1789472242068,25270.5500000000,25271.0500000000
1789472245508,25271.5500000000,25272.0500000000
1789472246117,25270.5500000000,25271.0500000000
1789472246322,25271.5500000000,25272.0500000000
1789472248748,25272.5500000000,25273.0500000000
1789472254613,25271.5500000000,25272.0500000000
1789472254815,25272.5500000000,25273.0500000000
1789472256031,25271.5500000000,25272.0500000000
1789472257850,25272.5500000000,25273.0500000000
1789472258053,25273.5500000000,25274.0500000000
1789472258459,25272.5500000000,25273.0500000000
1789472258658,25271.5500000000,25272.0500000000
1789472262095,25272.5500000000,25273.0500000000
1789472263513,25274.5500000000,25275.0500000000
1789472263715,25273.5500000000,25274.0500000000
1789472264733,25272.5500000000,25273.0500000000
1789472265538,25271.5500000000,25272.0500000000
1789472266553,25272.5500000000,25273.0500000000
1789472267763,25271.5500000000,25272.0500000000
1789472268572,25270.5500000000,25271.0500000000
1789472268777,25267.5500000000,25268.0500000000
1789472268977,25266.5500000000,25267.0500000000
1789472269381,25265.5500000000,25266.0500000000
1789472270185,25264.5500000000,25265.0500000000
1789472270999,25265.5500000000,25266.0500000000
1789472272007,25266.5500000000,25267.0500000000
1789472272213,25269.5500000000,25270.0500000000
1789472272821,25268.5500000000,25269.0500000000
1789472275255,25267.5500000000,25268.0500000000
1789472275661,25268.5500000000,25269.0500000000
1789472276878,25269.5500000000,25270.0500000000
1789472277078,25268.5500000000,25269.0500000000
1789472277489,25269.5500000000,25270.0500000000
1789472279711,25268.5500000000,25269.0500000000
1789472280118,25268.5500000000,25269.0500000000
1789472281327,25269.5500000000,25270.0500000000
1789472281733,25268.5500000000,25269.0500000000
1789472282541,25267.5500000000,25268.0500000000
1789472283148,25271.5500000000,25272.0500000000
1789472283552,25270.5500000000,25271.0500000000
1789472284158,25269.5500000000,25270.0500000000
1789472284765,25268.5500000000,25269.0500000000
1789472284969,25269.5500000000,25270.0500000000
1789472286989,25268.5500000000,25269.0500000000
1789472287594,25269.5500000000,25270.0500000000
1789472288200,25268.5500000000,25269.0500000000
1789472289011,25269.5500000000,25270.0500000000
1789472291441,25268.5500000000,25269.0500000000
1789472291845,25269.5500000000,25270.0500000000
1789472292255,25268.5500000000,25269.0500000000
1789472293463,25269.5500000000,25270.0500000000
1789472295485,25270.5500000000,25271.0500000000
1789472296494,25271.5500000000,25272.0500000000
1789472297914,25270.5500000000,25271.0500000000
1789472299329,25271.5500000000,25272.0500000000
1789472299733,25270.5500000000,25271.0500000000
1789472301555,25271.5500000000,25272.0500000000
1789472301955,25270.5500000000,25271.0500000000
1789472302156,25269.5500000000,25270.0500000000
1789472302563,25268.5500000000,25269.0500000000
1789472304382,25269.5500000000,25270.0500000000
1789472304582,25268.5500000000,25269.0500000000
1789472304786,25267.5500000000,25268.0500000000
1789472305188,25268.5500000000,25269.0500000000
1789472305999,25267.5500000000,25268.0500000000
1789472307211,25268.5500000000,25269.0500000000
1789472307414,25267.5500000000,25268.0500000000
1789472307616,25268.5500000000,25269.0500000000
1789472308423,25266.5500000000,25267.0500000000
1789472309442,25267.5500000000,25268.0500000000
1789472310650,25265.5500000000,25266.0500000000
1789472310852,25266.5500000000,25267.0500000000
1789472311264,25267.5500000000,25268.0500000000
1789472311461,25266.5500000000,25267.0500000000
1789472312473,25265.5500000000,25266.0500000000
1789472313082,25266.5500000000,25267.0500000000
1789472313279,25267.5500000000,25268.0500000000
1789472313686,25268.5500000000,25269.0500000000
1789472313889,25267.5500000000,25268.0500000000
1789472314292,25268.5500000000,25269.0500000000
1789472315505,25267.5500000000,25268.0500000000
1789472315709,25268.5500000000,25269.0500000000
1789472316116,25267.5500000000,25268.0500000000
1789472317326,25268.5500000000,25269.0500000000
1789472318546,25269.5500000000,25270.0500000000
1789472319958,25270.5500000000,25271.0500000000
1789472320166,25276.5500000000,25277.0500000000
1789472320364,25274.5500000000,25275.0500000000
1789472320570,25275.5500000000,25276.0500000000
1789472320976,25279.5500000000,25280.0500000000
1789472321574,25282.5500000000,25283.0500000000
1789472321775,25281.5500000000,25282.0500000000
1789472321980,25280.5500000000,25281.0500000000
1789472322584,25278.5500000000,25279.0500000000
1789472322789,25277.5500000000,25278.0500000000
1789472323195,25276.5500000000,25277.0500000000
1789472323799,25275.5500000000,25276.0500000000
1789472324002,25276.5500000000,25277.0500000000
1789472324201,25277.5500000000,25278.0500000000
1789472325010,25276.5500000000,25277.0500000000
1789472325622,25273.5500000000,25274.0500000000
1789472326426,25272.5500000000,25273.0500000000
1789472327437,25271.5500000000,25272.0500000000
1789472327840,25272.5500000000,25273.0500000000
1789472328850,25271.5500000000,25272.0500000000
1789472329256,25269.5500000000,25270.0500000000
1789472329456,25268.5500000000,25269.0500000000
1789472329659,25269.5500000000,25270.0500000000
1789472330069,25270.5500000000,25271.0500000000
1789472330471,25271.5500000000,25272.0500000000
1789472330874,25270.5500000000,25271.0500000000
1789472331483,25271.5500000000,25272.0500000000
1789472332493,25270.5500000000,25271.0500000000
1789472332897,25269.5500000000,25270.0500000000
1789472333909,25268.5500000000,25269.0500000000
1789472335122,25267.5500000000,25268.0500000000
1789472338968,25266.5500000000,25267.0500000000
1789472339170,25267.5500000000,25268.0500000000
1789472340186,25267.5500000000,25268.0500000000
1789472340589,25268.5500000000,25269.0500000000
1789472344430,25267.5500000000,25268.0500000000
1789472344837,25266.5500000000,25267.0500000000
1789472345441,25267.5500000000,25268.0500000000
1789472345847,25266.5500000000,25267.0500000000
1789472346657,25267.5500000000,25268.0500000000
1789472348478,25268.5500000000,25269.0500000000
1789472348680,25269.5500000000,25270.0500000000
1789472348884,25267.5500000000,25268.0500000000
1789472349692,25268.5500000000,25269.0500000000
1789472351307,25269.5500000000,25270.0500000000
1789472351512,25268.5500000000,25269.0500000000
1789472352323,25269.5500000000,25270.0500000000
1789472352524,25270.5500000000,25271.0500000000
1789472352929,25271.5500000000,25272.0500000000
1789472353131,25270.5500000000,25271.0500000000
1789472356569,25268.5500000000,25269.0500000000
1789472356774,25269.5500000000,25270.0500000000
1789472358595,25270.5500000000,25271.0500000000
1789472359409,25271.5500000000,25272.0500000000
1789472360425,25272.5500000000,25273.0500000000
1789472361023,25271.5500000000,25272.0500000000
1789472361226,25270.5500000000,25271.0500000000
1789472361428,25272.5500000000,25273.0500000000
1789472362646,25271.5500000000,25272.0500000000
1789472364262,25270.5500000000,25271.0500000000
1789472364465,25271.5500000000,25272.0500000000
1789472364670,25272.5500000000,25273.0500000000
1789472364872,25273.5500000000,25274.0500000000
1789472365482,25275.5500000000,25276.0500000000
1789472365683,25274.5500000000,25275.0500000000
1789472366091,25275.5500000000,25276.0500000000
1789472366293,25274.5500000000,25275.0500000000
1789472367911,25275.5500000000,25276.0500000000
1789472368118,25274.5500000000,25275.0500000000
1789472370339,25273.5500000000,25274.0500000000
1789472370741,25274.5500000000,25275.0500000000
1789472370945,25273.5500000000,25274.0500000000
1789472371146,25272.5500000000,25273.0500000000
1789472372566,25271.5500000000,25272.0500000000
1789472373778,25270.5500000000,25271.0500000000
1789472375603,25271.5500000000,25272.0500000000
1789472376614,25272.5500000000,25273.0500000000
1789472377623,25271.5500000000,25272.0500000000
1789472377826,25272.5500000000,25273.0500000000
1789472378633,25271.5500000000,25272.0500000000
1789472379239,25270.5500000000,25271.0500000000
1789472380252,25269.5500000000,25270.0500000000
1789472380456,25270.5500000000,25271.0500000000
1789472382678,25269.5500000000,25270.0500000000
1789472383690,25270.5500000000,25271.0500000000
1789472383894,25269.5500000000,25270.0500000000
1789472384095,25268.5500000000,25269.0500000000
1789472386727,25267.5500000000,25268.0500000000
1789472386927,25268.5500000000,25269.0500000000
1789472387134,25267.5500000000,25268.0500000000
1789472387331,25268.5500000000,25269.0500000000
1789472388341,25267.5500000000,25268.0500000000
1789472388746,25268.5500000000,25269.0500000000
1789472389153,25270.5500000000,25271.0500000000
1789472390770,25272.5500000000,25273.0500000000
1789472395630,25271.5500000000,25272.0500000000
1789472397046,25272.5500000000,25273.0500000000
1789472397454,25271.5500000000,25272.0500000000
1789472398670,25270.5500000000,25271.0500000000
1789472399277,25271.5500000000,25272.0500000000
1789472400289,25271.5500000000,25272.0500000000
1789472400491,25270.5500000000,25271.0500000000
1789472400692,25269.5500000000,25270.0500000000
1789472401505,25270.5500000000,25271.0500000000
1789472401905,25269.5500000000,25270.0500000000
1789472402510,25268.5500000000,25269.0500000000
1789472403727,25267.5500000000,25268.0500000000
1789472404534,25266.5500000000,25267.0500000000
1789472405340,25265.5500000000,25266.0500000000
1789472407567,25264.5500000000,25265.0500000000
1789472410198,25265.5500000000,25266.0500000000
1789472410400,25264.5500000000,25265.0500000000
1789472410805,25265.5500000000,25266.0500000000
1789472411613,25264.5500000000,25265.0500000000
1789472412018,25265.5500000000,25266.0500000000
1789472412425,25264.5500000000,25265.0500000000
1789472413030,25263.5500000000,25264.0500000000
1789472413234,25261.5500000000,25262.0500000000
1789472413840,25260.5500000000,25261.0500000000
1789472414851,25261.5500000000,25262.0500000000
1789472415256,25262.5500000000,25263.0500000000
1789472416069,25261.5500000000,25262.0500000000
1789472416470,25260.5500000000,25261.0500000000
1789472416677,25259.5500000000,25260.0500000000
1789472417888,25260.5500000000,25261.0500000000
1789472419708,25261.5500000000,25262.0500000000
1789472420519,25260.5500000000,25261.0500000000
1789472421526,25259.5500000000,25260.0500000000
1789472422939,25260.5500000000,25261.0500000000
1789472423142,25261.5500000000,25262.0500000000
1789472424766,25262.5500000000,25263.0500000000
1789472425170,25261.5500000000,25262.0500000000
1789472430030,25262.5500000000,25263.0500000000
1789472430630,25263.5500000000,25264.0500000000
1789472431242,25264.5500000000,25265.0500000000
1789472431441,25265.5500000000,25266.0500000000
1789472431639,25264.5500000000,25265.0500000000
1789472432859,25265.5500000000,25266.0500000000
1789472433462,25264.5500000000,25265.0500000000
1789472435694,25263.5500000000,25264.0500000000
1789472436098,25262.5500000000,25263.0500000000
1789472436505,25261.5500000000,25262.0500000000
1789472437719,25260.5500000000,25261.0500000000
1789472437920,25261.5500000000,25262.0500000000
1789472438325,25260.5500000000,25261.0500000000
1789472438528,25261.5500000000,25262.0500000000
1789472439136,25260.5500000000,25261.0500000000
1789472439947,25259.5500000000,25260.0500000000
1789472442582,25258.5500000000,25259.0500000000
1789472442987,25259.5500000000,25260.0500000000
1789472445817,25258.5500000000,25259.0500000000
1789472446019,25259.5500000000,25260.0500000000
1789472447439,25260.5500000000,25261.0500000000
1789472448045,25259.5500000000,25260.0500000000
1789472449056,25260.5500000000,25261.0500000000
1789472450668,25259.5500000000,25260.0500000000
1789472451075,25260.5500000000,25261.0500000000
1789472453505,25261.5500000000,25262.0500000000
1789472454521,25262.5500000000,25263.0500000000
1789472455130,25263.5500000000,25264.0500000000
1789472457151,25262.5500000000,25263.0500000000
1789472457556,25263.5500000000,25264.0500000000
1789472458967,25262.5500000000,25263.0500000000
1789472459578,25261.5500000000,25262.0500000000
1789472460386,25261.5500000000,25262.0500000000
1789472461599,25262.5500000000,25263.0500000000
1789472462811,25264.5500000000,25265.0500000000
1789472463014,25265.5500000000,25266.0500000000
1789472464229,25264.5500000000,25265.0500000000
1789472465848,25265.5500000000,25266.0500000000
1789472467469,25264.5500000000,25265.0500000000
1789472468074,25265.5500000000,25266.0500000000
1789472468278,25264.5500000000,25265.0500000000
1789472469491,25263.5500000000,25264.0500000000
1789472469694,25264.5500000000,25265.0500000000
1789472470299,25265.5500000000,25266.0500000000
1789472470711,25264.5500000000,25265.0500000000
1789472470906,25263.5500000000,25264.0500000000
1789472471107,25264.5500000000,25265.0500000000
1789472471312,25265.5500000000,25266.0500000000
1789472471514,25264.5500000000,25265.0500000000
1789472472126,25265.5500000000,25266.0500000000
1789472474552,25264.5500000000,25265.0500000000
1789472474755,25265.5500000000,25266.0500000000
1789472475765,25263.5500000000,25264.0500000000
1789472475968,25262.5500000000,25263.0500000000
1789472476175,25261.5500000000,25262.0500000000
1789472476776,25262.5500000000,25263.0500000000
1789472477186,25261.5500000000,25262.0500000000
1789472477390,25262.5500000000,25263.0500000000
1789472477590,25263.5500000000,25264.0500000000
1789472477789,25262.5500000000,25263.0500000000
1789472477993,25263.5500000000,25264.0500000000
1789472478194,25262.5500000000,25263.0500000000
1789472478601,25263.5500000000,25264.0500000000
1789472478801,25262.5500000000,25263.0500000000
1789472479005,25261.5500000000,25262.0500000000
1789472479210,25260.5500000000,25261.0500000000
1789472480422,25261.5500000000,25262.0500000000
1789472481436,25260.5500000000,25261.0500000000
1789472482854,25261.5500000000,25262.0500000000
1789472485076,25262.5500000000,25263.0500000000
1789472485885,25261.5500000000,25262.0500000000
1789472488920,25260.5500000000,25261.0500000000
1789472489525,25261.5500000000,25262.0500000000
1789472489728,25260.5500000000,25261.0500000000
1789472490132,25261.5500000000,25262.0500000000
1789472490537,25260.5500000000,25261.0500000000
1789472490943,25259.5500000000,25260.0500000000
1789472494582,25260.5500000000,25261.0500000000
1789472495391,25259.5500000000,25260.0500000000
1789472500250,25260.5500000000,25261.0500000000
1789472502671,25261.5500000000,25262.0500000000
1789472502878,25262.5500000000,25263.0500000000
1789472503686,25263.5500000000,25264.0500000000
1789472503886,25262.5500000000,25263.0500000000
1789472504090,25264.5500000000,25265.0500000000
1789472504492,25263.5500000000,25264.0500000000
1789472505098,25264.5500000000,25265.0500000000
1789472505304,25263.5500000000,25264.0500000000
1789472506112,25264.5500000000,25265.0500000000
1789472506315,25263.5500000000,25264.0500000000
1789472507126,25262.5500000000,25263.0500000000
1789472508543,25261.5500000000,25262.0500000000
1789472508751,25260.5500000000,25261.0500000000
1789472509758,25261.5500000000,25262.0500000000
1789472510565,25260.5500000000,25261.0500000000
1789472511578,25261.5500000000,25262.0500000000
1789472513197,25262.5500000000,25263.0500000000
1789472513395,25261.5500000000,25262.0500000000
1789472514818,25262.5500000000,25263.0500000000
1789472516637,25264.5500000000,25265.0500000000
1789472516838,25265.5500000000,25266.0500000000
1789472517646,25264.5500000000,25265.0500000000
1789472518252,25263.5500000000,25264.0500000000
1789472518660,25264.5500000000,25265.0500000000
1789472519267,25263.5500000000,25264.0500000000
1789472520277,25264.5500000000,25265.0500000000
1789472520480,25265.5500000000,25266.0500000000
1789472520684,25263.5500000000,25264.0500000000
1789472521089,25264.5500000000,25265.0500000000
1789472521288,25263.5500000000,25264.0500000000
1789472522297,25260.5500000000,25261.0500000000
1789472523106,25258.5500000000,25259.0500000000
1789472523310,25260.5500000000,25261.0500000000
1789472523713,25259.5500000000,25260.0500000000
1789472524519,25258.5500000000,25259.0500000000
1789472526339,25259.5500000000,25260.0500000000
1789472526541,25258.5500000000,25259.0500000000
1789472527556,25256.5500000000,25257.0500000000
1789472527760,25260.5500000000,25261.0500000000
1789472527966,25259.5500000000,25260.0500000000
1789472528361,25260.5500000000,25261.0500000000
1789472528773,25262.5500000000,25263.0500000000
1789472530386,25261.5500000000,25262.0500000000
1789472531399,25260.5500000000,25261.0500000000
1789472531600,25261.5500000000,25262.0500000000
1789472532411,25260.5500000000,25261.0500000000
1789472533218,25259.5500000000,25260.0500000000
1789472533422,25258.5500000000,25259.0500000000
1789472534834,25259.5500000000,25260.0500000000
1789472535037,25258.5500000000,25259.0500000000
1789472535442,25259.5500000000,25260.0500000000
1789472536050,25258.5500000000,25259.0500000000
1789472537468,25259.5500000000,25260.0500000000
1789472539290,25260.5500000000,25261.0500000000
1789472539896,25261.5500000000,25262.0500000000
1789472541315,25260.5500000000,25261.0500000000
1789472541525,25261.5500000000,25262.0500000000
1789472543135,25262.5500000000,25263.0500000000
1789472543539,25263.5500000000,25264.0500000000
1789472543942,25262.5500000000,25263.0500000000
1789472545560,25261.5500000000,25262.0500000000
1789472548193,25262.5500000000,25263.0500000000
1789472548391,25261.5500000000,25262.0500000000
1789472548591,25260.5500000000,25261.0500000000
1789472548792,25261.5500000000,25262.0500000000
1789472550406,25260.5500000000,25261.0500000000
1789472551420,25259.5500000000,25260.0500000000
1789472551623,25260.5500000000,25261.0500000000
1789472557896,25261.5500000000,25262.0500000000
1789472558097,25260.5500000000,25261.0500000000
1789472558297,25261.5500000000,25262.0500000000
1789472558499,25262.5500000000,25263.0500000000
1789472559106,25261.5500000000,25262.0500000000
1789472559511,25260.5500000000,25261.0500000000
1789472559715,25261.5500000000,25262.0500000000
1789472560923,25262.5500000000,25263.0500000000
1789472561328,25261.5500000000,25262.0500000000
1789472561529,25262.5500000000,25263.0500000000
1789472561732,25263.5500000000,25264.0500000000
1789472561933,25262.5500000000,25263.0500000000
1789472562540,25261.5500000000,25262.0500000000
1789472563748,25262.5500000000,25263.0500000000
1789472564152,25261.5500000000,25262.0500000000
1789472564759,25262.5500000000,25263.0500000000
1789472565164,25263.5500000000,25264.0500000000
1789472565366,25262.5500000000,25263.0500000000
1789472565569,25260.5500000000,25261.0500000000
1789472565978,25261.5500000000,25262.0500000000
1789472566174,25260.5500000000,25261.0500000000
1789472567594,25261.5500000000,25262.0500000000
1789472567797,25260.5500000000,25261.0500000000
1789472567997,25261.5500000000,25262.0500000000
1789472569415,25260.5500000000,25261.0500000000
1789472569614,25263.5500000000,25264.0500000000
1789472570017,25264.5500000000,25265.0500000000
1789472570623,25262.5500000000,25263.0500000000
1789472570831,25263.5500000000,25264.0500000000
1789472571231,25262.5500000000,25263.0500000000
1789472572039,25263.5500000000,25264.0500000000
1789472574067,25265.5500000000,25266.0500000000
1789472574271,25264.5500000000,25265.0500000000
1789472574472,25263.5500000000,25264.0500000000
1789472574673,25264.5500000000,25265.0500000000
1789472574876,25263.5500000000,25264.0500000000
1789472575084,25264.5500000000,25265.0500000000
1789472575286,25266.5500000000,25267.0500000000
1789472576290,25265.5500000000,25266.0500000000
1789472576696,25266.5500000000,25267.0500000000
1789472577095,25265.5500000000,25266.0500000000
1789472577703,25266.5500000000,25267.0500000000
1789472578311,25267.5500000000,25268.0500000000
1789472579118,25268.5500000000,25269.0500000000
1789472579320,25267.5500000000,25268.0500000000
1789472580133,25267.5500000000,25268.0500000000
1789472580736,25269.5500000000,25270.0500000000
1789472581343,25268.5500000000,25269.0500000000
1789472582153,25267.5500000000,25268.0500000000
1789472582960,25266.5500000000,25267.0500000000
1789472583162,25265.5500000000,25266.0500000000
1789472583367,25264.5500000000,25265.0500000000
1789472583571,25265.5500000000,25266.0500000000
1789472584179,25264.5500000000,25265.0500000000
1789472584379,25265.5500000000,25266.0500000000
1789472584786,25266.5500000000,25267.0500000000
1789472586407,25265.5500000000,25266.0500000000
1789472587415,25264.5500000000,25265.0500000000
1789472587615,25265.5500000000,25266.0500000000
1789472587818,25263.5500000000,25264.0500000000
1789472588021,25262.5500000000,25263.0500000000
1789472588626,25263.5500000000,25264.0500000000
1789472589030,25264.5500000000,25265.0500000000
1789472589232,25263.5500000000,25264.0500000000
1789472590039,25262.5500000000,25263.0500000000
1789472590444,25263.5500000000,25264.0500000000
1789472590647,25262.5500000000,25263.0500000000
1789472590848,25263.5500000000,25264.0500000000
1789472591452,25262.5500000000,25263.0500000000
1789472591855,25263.5500000000,25264.0500000000
1789472593067,25262.5500000000,25263.0500000000
1789472593270,25263.5500000000,25264.0500000000
1789472593877,25262.5500000000,25263.0500000000
1789472595905,25261.5500000000,25262.0500000000
1789472596517,25262.5500000000,25263.0500000000
1789472596715,25261.5500000000,25262.0500000000
1789472601574,25262.5500000000,25263.0500000000
1789472602983,25261.5500000000,25262.0500000000
1789472603587,25262.5500000000,25263.0500000000
1789472603999,25261.5500000000,25262.0500000000
1789472604803,25262.5500000000,25263.0500000000
1789472605004,25261.5500000000,25262.0500000000
1789472606627,25259.5500000000,25260.0500000000
1789472607032,25260.5500000000,25261.0500000000
1789472607436,25259.5500000000,25260.0500000000
1789472609255,25258.5500000000,25259.0500000000
1789472610269,25259.5500000000,25260.0500000000
1789472610474,25260.5500000000,25261.0500000000
1789472611080,25261.5500000000,25262.0500000000
1789472611480,25262.5500000000,25263.0500000000
1789472614116,25261.5500000000,25262.0500000000
1789472615127,25260.5500000000,25261.0500000000
1789472616545,25261.5500000000,25262.0500000000
1789472616747,25260.5500000000,25261.0500000000
1789472617554,25261.5500000000,25262.0500000000
1789472619178,25266.5500000000,25267.0500000000
1789472619986,25265.5500000000,25266.0500000000
1789472620188,25264.5500000000,25265.0500000000
1789472620388,25265.5500000000,25266.0500000000
1789472620593,25267.5500000000,25268.0500000000
1789472620798,25266.5500000000,25267.0500000000
1789472621200,25265.5500000000,25266.0500000000
1789472623828,25266.5500000000,25267.0500000000
1789472624036,25268.5500000000,25269.0500000000
1789472625853,25269.5500000000,25270.0500000000
1789472626055,25268.5500000000,25269.0500000000
1789472627069,25269.5500000000,25270.0500000000
1789472627676,25270.5500000000,25271.0500000000
1789472627878,25269.5500000000,25270.0500000000
1789472628892,25270.5500000000,25271.0500000000
1789472629293,25269.5500000000,25270.0500000000
1789472630915,25268.5500000000,25269.0500000000
1789472631318,25267.5500000000,25268.0500000000
1789472631520,25268.5500000000,25269.0500000000
1789472631728,25267.5500000000,25268.0500000000
1789472634362,25269.5500000000,25270.0500000000
1789472638405,25271.5500000000,25272.0500000000
1789472639615,25270.5500000000,25271.0500000000
1789472640624,25270.5500000000,25271.0500000000
1789472640825,25271.5500000000,25272.0500000000
1789472641230,25270.5500000000,25271.0500000000
1789472643250,25269.5500000000,25270.0500000000
1789472644668,25270.5500000000,25271.0500000000
1789472646082,25271.5500000000,25272.0500000000
1789472646282,25268.5500000000,25269.0500000000
1789472646688,25267.5500000000,25268.0500000000
1789472647095,25266.5500000000,25267.0500000000
1789472647698,25265.5500000000,25266.0500000000
1789472647902,25263.5500000000,25264.0500000000
1789472648713,25262.5500000000,25263.0500000000
1789472650529,25261.5500000000,25262.0500000000
1789472653153,25260.5500000000,25261.0500000000
1789472654367,25261.5500000000,25262.0500000000
1789472654973,25262.5500000000,25263.0500000000
1789472655782,25261.5500000000,25262.0500000000
1789472659219,25260.5500000000,25261.0500000000
1789472659624,25261.5500000000,25262.0500000000
1789472660633,25260.5500000000,25261.0500000000
1789472661445,25261.5500000000,25262.0500000000
1789472662047,25260.5500000000,25261.0500000000
1789472662854,25259.5500000000,25260.0500000000
1789472663058,25256.5500000000,25257.0500000000
1789472663462,25255.5500000000,25256.0500000000
1789472664274,25256.5500000000,25257.0500000000
1789472664678,25260.5500000000,25261.0500000000
1789472665289,25261.5500000000,25262.0500000000
1789472665490,25260.5500000000,25261.0500000000
1789472667509,25261.5500000000,25262.0500000000
1789472667717,25260.5500000000,25261.0500000000
1789472668520,25261.5500000000,25262.0500000000
1789472671955,25258.5500000000,25259.0500000000
1789472672967,25259.5500000000,25260.0500000000
1789472673780,25260.5500000000,25261.0500000000
1789472675598,25261.5500000000,25262.0500000000
1789472675799,25260.5500000000,25261.0500000000
1789472677218,25259.5500000000,25260.0500000000
1789472678229,25260.5500000000,25261.0500000000
1789472678438,25261.5500000000,25262.0500000000
1789472679854,25260.5500000000,25261.0500000000
1789472680256,25261.5500000000,25262.0500000000
1789472680659,25260.5500000000,25261.0500000000
1789472681670,25261.5500000000,25262.0500000000
1789472682678,25262.5500000000,25263.0500000000
1789472683891,25263.5500000000,25264.0500000000
1789472684702,25264.5500000000,25265.0500000000
1789472685309,25263.5500000000,25264.0500000000
1789472686322,25264.5500000000,25265.0500000000
1789472686723,25263.5500000000,25264.0500000000
1789472688140,25264.5500000000,25265.0500000000
1789472688950,25263.5500000000,25264.0500000000
1789472689761,25262.5500000000,25263.0500000000
1789472689964,25263.5500000000,25264.0500000000
1789472691380,25262.5500000000,25263.0500000000
1789472691783,25263.5500000000,25264.0500000000
1789472691982,25262.5500000000,25263.0500000000
1789472692388,25261.5500000000,25262.0500000000
1789472692790,25260.5500000000,25261.0500000000
1789472693199,25261.5500000000,25262.0500000000
1789472693403,25260.5500000000,25261.0500000000
1789472694214,25261.5500000000,25262.0500000000
1789472694420,25260.5500000000,25261.0500000000
1789472697052,25259.5500000000,25260.0500000000
1789472697255,25260.5500000000,25261.0500000000
1789472700285,25258.5500000000,25259.0500000000
1789472701095,25260.5500000000,25261.0500000000
1789472704132,25259.5500000000,25260.0500000000
1789472705754,25260.5500000000,25261.0500000000
1789472707971,25259.5500000000,25260.0500000000
1789472708377,25260.5500000000,25261.0500000000
1789472708581,25259.5500000000,25260.0500000000
1789472708779,25260.5500000000,25261.0500000000
1789472709183,25259.5500000000,25260.0500000000
1789472709385,25260.5500000000,25261.0500000000
1789472711608,25259.5500000000,25260.0500000000
1789472714033,25260.5500000000,25261.0500000000
1789472714439,25259.5500000000,25260.0500000000
1789472714643,25260.5500000000,25261.0500000000
1789472717067,25259.5500000000,25260.0500000000
1789472717471,25260.5500000000,25261.0500000000
1789472718076,25259.5500000000,25260.0500000000
1789472718278,25260.5500000000,25261.0500000000
1789472720906,25259.5500000000,25260.0500000000
1789472722323,25260.5500000000,25261.0500000000
1789472722522,25259.5500000000,25260.0500000000
1789472723133,25257.5500000000,25258.0500000000
1789472723534,25256.5500000000,25257.0500000000
1789472726971,25255.5500000000,25256.0500000000
1789472728785,25256.5500000000,25257.0500000000
1789472728989,25255.5500000000,25256.0500000000
1789472729395,25256.5500000000,25257.0500000000
1789472729595,25257.5500000000,25258.0500000000
1789472729797,25256.5500000000,25257.0500000000
1789472731416,25257.5500000000,25258.0500000000
1789472731820,25256.5500000000,25257.0500000000
1789472734050,25257.5500000000,25258.0500000000
1789472734452,25258.5500000000,25259.0500000000
1789472734652,25257.5500000000,25258.0500000000
1789472735665,25256.5500000000,25257.0500000000
1789472735866,25257.5500000000,25258.0500000000
1789472738091,25258.5500000000,25259.0500000000
1789472740308,25257.5500000000,25258.0500000000
1789472740937,25256.5500000000,25257.0500000000
1789472742350,25257.5500000000,25258.0500000000
1789472743974,25256.5500000000,25257.0500000000
1789472744177,25257.5500000000,25258.0500000000
1789472744384,25256.5500000000,25257.0500000000
1789472745390,25257.5500000000,25258.0500000000
1789472745798,25255.5500000000,25256.0500000000
1789472746200,25254.5500000000,25255.0500000000
1789472747414,25253.5500000000,25254.0500000000
1789472747820,25254.5500000000,25255.0500000000
1789472748022,25253.5500000000,25254.0500000000
1789472748225,25254.5500000000,25255.0500000000
1789472749031,25253.5500000000,25254.0500000000
1789472749235,25254.5500000000,25255.0500000000
1789472750850,25253.5500000000,25254.0500000000
1789472752266,25254.5500000000,25255.0500000000
1789472753885,25255.5500000000,25256.0500000000
1789472754293,25254.5500000000,25255.0500000000
1789472756317,25255.5500000000,25256.0500000000
1789472756521,25254.5500000000,25255.0500000000
1789472759154,25253.5500000000,25254.0500000000
1789472759558,25254.5500000000,25255.0500000000
1789472759965,25253.5500000000,25254.0500000000
1789472760168,25254.5500000000,25255.0500000000
1789472760374,25253.5500000000,25254.0500000000
1789472761179,25252.5500000000,25253.0500000000
1789472761381,25251.5500000000,25252.0500000000
1789472761584,25253.5500000000,25254.0500000000
1789472762596,25252.5500000000,25253.0500000000
1789472763198,25253.5500000000,25254.0500000000
1789472764614,25252.5500000000,25253.0500000000
1789472765624,25253.5500000000,25254.0500000000
1789472770071,25254.5500000000,25255.0500000000
1789472771494,25255.5500000000,25256.0500000000
1789472772706,25254.5500000000,25255.0500000000
1789472773513,25255.5500000000,25256.0500000000
1789472774116,25257.5500000000,25258.0500000000
1789472775332,25258.5500000000,25259.0500000000
1789472777353,25257.5500000000,25258.0500000000
1789472777554,25258.5500000000,25259.0500000000
1789472778567,25255.5500000000,25256.0500000000
1789472778773,25256.5500000000,25257.0500000000
1789472778978,25255.5500000000,25256.0500000000
1789472780191,25256.5500000000,25257.0500000000
1789472781816,25255.5500000000,25256.0500000000
1789472782417,25256.5500000000,25257.0500000000
1789472783022,25255.5500000000,25256.0500000000
1789472783432,25254.5500000000,25255.0500000000
1789472783631,25253.5500000000,25254.0500000000
1789472784238,25254.5500000000,25255.0500000000
1789472784845,25253.5500000000,25254.0500000000
1789472785859,25254.5500000000,25255.0500000000
1789472786057,25253.5500000000,25254.0500000000
1789472786463,25254.5500000000,25255.0500000000
1789472786670,25253.5500000000,25254.0500000000
1789472787876,25252.5500000000,25253.0500000000
1789472789089,25253.5500000000,25254.0500000000
1789472789290,25255.5500000000,25256.0500000000
1789472789695,25254.5500000000,25255.0500000000
1789472789897,25255.5500000000,25256.0500000000
1789472790505,25254.5500000000,25255.0500000000
1789472791310,25255.5500000000,25256.0500000000
1789472791914,25254.5500000000,25255.0500000000
1789472792117,25255.5500000000,25256.0500000000
1789472793530,25256.5500000000,25257.0500000000
1789472793933,25255.5500000000,25256.0500000000
1789472795349,25254.5500000000,25255.0500000000
1789472795557,25253.5500000000,25254.0500000000
1789472795755,25254.5500000000,25255.0500000000
1789472796971,25255.5500000000,25256.0500000000
1789472798184,25254.5500000000,25255.0500000000
1789472798386,25255.5500000000,25256.0500000000
1789472798787,25256.5500000000,25257.0500000000
1789472799195,25255.5500000000,25256.0500000000
1789472800003,25254.5500000000,25255.0500000000
1789472800408,25255.5500000000,25256.0500000000
1789472802026,25254.5500000000,25255.0500000000
1789472802229,25253.5500000000,25254.0500000000
1789472802431,25254.5500000000,25255.0500000000
1789472802638,25253.5500000000,25254.0500000000
1789472803241,25254.5500000000,25255.0500000000
1789472803644,25253.5500000000,25254.0500000000
1789472806068,25254.5500000000,25255.0500000000
1789472806272,25255.5500000000,25256.0500000000
1789472806679,25254.5500000000,25255.0500000000
1789472810521,25255.5500000000,25256.0500000000
1789472810722,25254.5500000000,25255.0500000000
1789472811733,25253.5500000000,25254.0500000000
1789472814373,25251.5500000000,25252.0500000000
1789472817605,25250.5500000000,25251.0500000000
1789472818012,25251.5500000000,25252.0500000000
1789472818213,25250.5500000000,25251.0500000000
1789472818823,25249.5500000000,25250.0500000000
1789472820240,25249.5500000000,25250.0500000000
1789472820847,25250.5500000000,25251.0500000000
1789472821454,25251.5500000000,25252.0500000000
1789472821859,25250.5500000000,25251.0500000000
1789472822666,25251.5500000000,25252.0500000000
1789472823684,25250.5500000000,25251.0500000000
1789472824289,25249.5500000000,25250.0500000000
1789472824492,25250.5500000000,25251.0500000000
1789472825099,25249.5500000000,25250.0500000000
1789472825298,25250.5500000000,25251.0500000000
1789472825507,25251.5500000000,25252.0500000000
1789472826516,25250.5500000000,25251.0500000000
1789472828133,25251.5500000000,25252.0500000000
1789472828337,25250.5500000000,25251.0500000000
1789472828540,25251.5500000000,25252.0500000000
1789472829144,25250.5500000000,25251.0500000000
1789472830356,25248.5500000000,25249.0500000000
1789472830558,25249.5500000000,25250.0500000000
1789472830760,25248.5500000000,25249.0500000000
1789472831164,25249.5500000000,25250.0500000000
1789472831368,25248.5500000000,25249.0500000000
1789472834605,25250.5500000000,25251.0500000000
1789472836833,25249.5500000000,25250.0500000000
1789472837032,25250.5500000000,25251.0500000000
1789472837437,25249.5500000000,25250.0500000000
1789472837841,25248.5500000000,25249.0500000000
1789472838247,25249.5500000000,25250.0500000000
1789472839459,25250.5500000000,25251.0500000000
1789472840675,25249.5500000000,25250.0500000000
1789472841481,25248.5500000000,25249.0500000000
1789472844311,25249.5500000000,25250.0500000000
1789472845526,25248.5500000000,25249.0500000000
1789472846534,25247.5500000000,25248.0500000000
1789472846738,25248.5500000000,25249.0500000000
1789472847142,25247.5500000000,25248.0500000000
1789472847753,25248.5500000000,25249.0500000000
1789472848765,25249.5500000000,25250.0500000000
1789472849978,25250.5500000000,25251.0500000000
1789472850180,25248.5500000000,25249.0500000000
1789472850789,25249.5500000000,25250.0500000000
1789472850991,25248.5500000000,25249.0500000000
1789472851396,25249.5500000000,25250.0500000000
1789472852607,25248.5500000000,25249.0500000000
1789472852809,25247.5500000000,25248.0500000000
1789472853012,25248.5500000000,25249.0500000000
1789472853213,25246.5500000000,25247.0500000000
1789472853617,25245.5500000000,25246.0500000000
1789472854224,25246.5500000000,25247.0500000000
1789472854628,25245.5500000000,25246.0500000000
1789472855239,25244.5500000000,25245.0500000000
1789472856452,25243.5500000000,25244.0500000000
1789472857460,25245.5500000000,25246.0500000000
1789472858269,25246.5500000000,25247.0500000000
1789472860495,25248.5500000000,25249.0500000000
1789472863120,25247.5500000000,25248.0500000000
1789472864541,25248.5500000000,25249.0500000000
1789472868385,25247.5500000000,25248.0500000000
1789472868582,25248.5500000000,25249.0500000000
1789472870199,25247.5500000000,25248.0500000000
1789472870403,25248.5500000000,25249.0500000000
1789472870606,25247.5500000000,25248.0500000000
1789472872225,25248.5500000000,25249.0500000000
1789472872627,25247.5500000000,25248.0500000000
1789472873234,25246.5500000000,25247.0500000000
1789472873437,25248.5500000000,25249.0500000000
1789472873639,25247.5500000000,25248.0500000000
1789472875877,25246.5500000000,25247.0500000000
1789472877295,25247.5500000000,25248.0500000000
1789472877495,25246.5500000000,25247.0500000000
1789472879115,25247.5500000000,25248.0500000000
1789472879316,25246.5500000000,25247.0500000000
1789472879519,25245.5500000000,25246.0500000000
1789472880126,25244.5500000000,25245.0500000000
1789472884169,25243.5500000000,25244.0500000000
1789472884575,25244.5500000000,25245.0500000000
1789472885181,25243.5500000000,25244.0500000000
1789472885383,25242.5500000000,25243.0500000000
1789472887206,25241.5500000000,25242.0500000000
1789472888216,25242.5500000000,25243.0500000000
1789472888417,25241.5500000000,25242.0500000000
1789472892463,25242.5500000000,25243.0500000000
1789472892871,25241.5500000000,25242.0500000000
1789472894291,25242.5500000000,25243.0500000000
1789472895703,25243.5500000000,25244.0500000000
1789472895906,25242.5500000000,25243.0500000000
1789472898133,25243.5500000000,25244.0500000000
1789472898538,25242.5500000000,25243.0500000000
1789472898942,25244.5500000000,25245.0500000000
1789472899547,25243.5500000000,25244.0500000000
1789472899750,25244.5500000000,25245.0500000000
1789472899953,25245.5500000000,25246.0500000000
1789472900155,25244.5500000000,25245.0500000000
1789472902175,25245.5500000000,25246.0500000000
1789472902379,25244.5500000000,25245.0500000000
1789472903188,25243.5500000000,25244.0500000000
1789472903593,25242.5500000000,25243.0500000000
1789472903796,25240.5500000000,25241.0500000000
1789472904202,25241.5500000000,25242.0500000000
1789472904808,25242.5500000000,25243.0500000000
1789472905213,25241.5500000000,25242.0500000000
1789472905415,25242.5500000000,25243.0500000000
1789472907840,25241.5500000000,25242.0500000000
1789472908244,25242.5500000000,25243.0500000000
1789472909460,25243.5500000000,25244.0500000000
1789472913095,25242.5500000000,25243.0500000000
1789472913298,25241.5500000000,25242.0500000000
1789472914709,25240.5500000000,25241.0500000000
1789472915118,25241.5500000000,25242.0500000000
1789472916124,25240.5500000000,25241.0500000000
1789472916327,25241.5500000000,25242.0500000000
1789472918754,25240.5500000000,25241.0500000000
1789472918954,25241.5500000000,25242.0500000000
1789472920773,25243.5500000000,25244.0500000000
1789472921983,25242.5500000000,25243.0500000000
1789472923400,25243.5500000000,25244.0500000000
1789472923804,25242.5500000000,25243.0500000000
1789472924004,25244.5500000000,25245.0500000000
1789472924210,25241.5500000000,25242.0500000000
1789472924814,25240.5500000000,25241.0500000000
1789472926438,25241.5500000000,25242.0500000000
1789472927245,25240.5500000000,25241.0500000000
1789472930076,25241.5500000000,25242.0500000000
1789472930892,25242.5500000000,25243.0500000000
1789472936957,25244.5500000000,25245.0500000000
1789472939179,25245.5500000000,25246.0500000000
1789472940193,25245.5500000000,25246.0500000000
1789472940598,25246.5500000000,25247.0500000000
1789472940799,25244.5500000000,25245.0500000000
1789472941005,25243.5500000000,25244.0500000000
1789472942419,25244.5500000000,25245.0500000000
1789472942620,25243.5500000000,25244.0500000000
1789472943833,25244.5500000000,25245.0500000000
1789472944444,25243.5500000000,25244.0500000000
1789472944650,25244.5500000000,25245.0500000000
1789472946667,25245.5500000000,25246.0500000000
1789472946865,25246.5500000000,25247.0500000000
1789472947069,25248.5500000000,25249.0500000000
1789472947273,25247.5500000000,25248.0500000000
1789472947475,25246.5500000000,25247.0500000000
1789472947879,25245.5500000000,25246.0500000000
1789472948286,25246.5500000000,25247.0500000000
1789472950106,25245.5500000000,25246.0500000000
1789472950509,25244.5500000000,25245.0500000000
1789472950713,25245.5500000000,25246.0500000000
1789472952734,25247.5500000000,25248.0500000000
1789472955365,25246.5500000000,25247.0500000000
1789472955766,25247.5500000000,25248.0500000000
1789472955968,25246.5500000000,25247.0500000000
1789472958198,25245.5500000000,25246.0500000000
1789472958393,25246.5500000000,25247.0500000000
1789472959003,25245.5500000000,25246.0500000000
1789472960419,25246.5500000000,25247.0500000000
1789472960624,25247.5500000000,25248.0500000000
1789472961837,25246.5500000000,25247.0500000000
1789472962847,25247.5500000000,25248.0500000000
1789472963451,25246.5500000000,25247.0500000000
1789472964262,25247.5500000000,25248.0500000000
1789472964665,25246.5500000000,25247.0500000000
1789472965073,25245.5500000000,25246.0500000000
1789472965679,25246.5500000000,25247.0500000000
1789472967095,25247.5500000000,25248.0500000000
1789472968310,25246.5500000000,25247.0500000000
1789472970736,25247.5500000000,25248.0500000000
1789472971747,25246.5500000000,25247.0500000000
1789472971946,25247.5500000000,25248.0500000000
1789472972961,25246.5500000000,25247.0500000000
1789472973970,25245.5500000000,25246.0500000000
1789472974175,25247.5500000000,25248.0500000000
1789472976197,25246.5500000000,25247.0500000000
1789472977008,25247.5500000000,25248.0500000000
1789472980242,25246.5500000000,25247.0500000000
1789472982068,25247.5500000000,25248.0500000000
1789472982266,25246.5500000000,25247.0500000000
1789472984891,25247.5500000000,25248.0500000000
1789472987716,25248.5500000000,25249.0500000000
1789472988527,25247.5500000000,25248.0500000000
1789472989941,25248.5500000000,25249.0500000000
1789472990347,25249.5500000000,25250.0500000000
1789472990754,25248.5500000000,25249.0500000000
1789472991962,25249.5500000000,25250.0500000000
1789472992568,25252.5500000000,25253.0500000000
1789472992774,25250.5500000000,25251.0500000000
1789472992973,25251.5500000000,25252.0500000000
1789472993781,25252.5500000000,25253.0500000000
1789472996219,25253.5500000000,25254.0500000000
1789472998652,25250.5500000000,25251.0500000000
1789473000670,25250.5500000000,25251.0500000000
1789473000873,25249.5500000000,25250.0500000000
1789473001682,25250.5500000000,25251.0500000000
1789473001885,25249.5500000000,25250.0500000000
1789473003505,25251.5500000000,25252.0500000000
1789473004116,25250.5500000000,25251.0500000000
1789473004721,25248.5500000000,25249.0500000000
1789473005532,25249.5500000000,25250.0500000000
1789473005733,25248.5500000000,25249.0500000000
1789473005935,25250.5500000000,25251.0500000000
1789473006543,25249.5500000000,25250.0500000000
1789473007151,25251.5500000000,25252.0500000000
1789473007353,25252.5500000000,25253.0500000000
1789473007961,25253.5500000000,25254.0500000000
1789473008162,25252.5500000000,25253.0500000000
1789473008365,25253.5500000000,25254.0500000000
1789473009980,25254.5500000000,25255.0500000000
1789473011797,25253.5500000000,25254.0500000000
1789473012000,25254.5500000000,25255.0500000000
1789473012205,25255.5500000000,25256.0500000000
1789473012406,25254.5500000000,25255.0500000000
1789473012604,25255.5500000000,25256.0500000000
1789473012808,25254.5500000000,25255.0500000000
1789473013817,25255.5500000000,25256.0500000000
1789473014429,25256.5500000000,25257.0500000000
1789473015436,25257.5500000000,25258.0500000000
1789473015636,25256.5500000000,25257.0500000000
1789473017053,25257.5500000000,25258.0500000000
1789473017861,25256.5500000000,25257.0500000000
1789473018469,25257.5500000000,25258.0500000000
1789473018873,25258.5500000000,25259.0500000000
1789473019275,25259.5500000000,25260.0500000000
1789473019479,25260.5500000000,25261.0500000000
1789473019885,25261.5500000000,25262.0500000000
1789473021305,25260.5500000000,25261.0500000000
1789473021504,25259.5500000000,25260.0500000000
1789473022310,25260.5500000000,25261.0500000000
1789473022511,25259.5500000000,25260.0500000000
1789473024940,25258.5500000000,25259.0500000000
1789473025344,25259.5500000000,25260.0500000000
1789473025748,25260.5500000000,25261.0500000000
1789473026760,25259.5500000000,25260.0500000000
1789473027366,25260.5500000000,25261.0500000000
1789473028179,25259.5500000000,25260.0500000000
1789473028581,25260.5500000000,25261.0500000000
1789473029188,25259.5500000000,25260.0500000000
1789473029794,25260.5500000000,25261.0500000000
1789473030399,25259.5500000000,25260.0500000000
1789473033840,25258.5500000000,25259.0500000000
1789473034040,25259.5500000000,25260.0500000000
1789473034852,25258.5500000000,25259.0500000000
1789473035054,25256.5500000000,25257.0500000000
1789473035861,25258.5500000000,25259.0500000000
1789473036870,25257.5500000000,25258.0500000000
1789473037881,25256.5500000000,25257.0500000000
1789473041121,25257.5500000000,25258.0500000000
1789473042943,25256.5500000000,25257.0500000000
1789473044761,25255.5500000000,25256.0500000000
1789473045972,25256.5500000000,25257.0500000000
1789473049823,25257.5500000000,25258.0500000000
1789473050024,25256.5500000000,25257.0500000000
1789473051241,25257.5500000000,25258.0500000000
1789473052249,25255.5500000000,25256.0500000000
1789473052456,25256.5500000000,25257.0500000000
1789473052853,25255.5500000000,25256.0500000000
1789473054067,25254.5500000000,25255.0500000000
1789473054274,25255.5500000000,25256.0500000000
1789473054675,25254.5500000000,25255.0500000000
1789473054878,25253.5500000000,25254.0500000000
1789473056291,25254.5500000000,25255.0500000000
1789473056698,25253.5500000000,25254.0500000000
1789473056897,25252.5500000000,25253.0500000000
1789473057305,25251.5500000000,25252.0500000000
1789473057911,25252.5500000000,25253.0500000000
1789473060136,25252.5500000000,25253.0500000000
1789473062159,25251.5500000000,25252.0500000000
1789473062767,25252.5500000000,25253.0500000000
1789473063575,25251.5500000000,25252.0500000000
1789473064589,25250.5500000000,25251.0500000000
1789473064792,25249.5500000000,25250.0500000000
1789473066401,25250.5500000000,25251.0500000000
1789473068427,25249.5500000000,25250.0500000000
1789473070046,25250.5500000000,25251.0500000000
1789473072277,25251.5500000000,25252.0500000000
1789473073495,25250.5500000000,25251.0500000000
1789473073897,25251.5500000000,25252.0500000000
1789473074300,25252.5500000000,25253.0500000000
1789473075112,25253.5500000000,25254.0500000000
1789473075923,25251.5500000000,25252.0500000000
1789473078148,25252.5500000000,25253.0500000000
1789473079569,25251.5500000000,25252.0500000000
1789473080575,25250.5500000000,25251.0500000000
1789473080781,25251.5500000000,25252.0500000000
1789473081186,25250.5500000000,25251.0500000000
1789473081794,25247.5500000000,25248.0500000000
1789473081996,25248.5500000000,25249.0500000000
1789473085435,25249.5500000000,25250.0500000000
1789473085639,25247.5500000000,25248.0500000000
1789473086046,25246.5500000000,25247.0500000000
1789473086853,25247.5500000000,25248.0500000000
1789473088470,25246.5500000000,25247.0500000000
1789473088876,25247.5500000000,25248.0500000000
1789473089285,25246.5500000000,25247.0500000000
1789473089685,25245.5500000000,25246.0500000000
1789473090090,25246.5500000000,25247.0500000000
1789473091911,25245.5500000000,25246.0500000000
1789473097373,25246.5500000000,25247.0500000000
1789473097577,25245.5500000000,25246.0500000000
1789473098583,25246.5500000000,25247.0500000000
1789473098986,25245.5500000000,25246.0500000000
1789473105669,25246.5500000000,25247.0500000000
1789473105871,25247.5500000000,25248.0500000000
1789473107081,25246.5500000000,25247.0500000000
1789473107284,25247.5500000000,25248.0500000000
1789473107486,25246.5500000000,25247.0500000000
1789473108096,25247.5500000000,25248.0500000000
1789473110727,25248.5500000000,25249.0500000000
1789473113561,25247.5500000000,25248.0500000000
1789473114776,25248.5500000000,25249.0500000000
1789473117405,25249.5500000000,25250.0500000000
1789473118014,25248.5500000000,25249.0500000000
1789473118619,25249.5500000000,25250.0500000000
1789473120038,25249.5500000000,25250.0500000000
1789473120241,25248.5500000000,25249.0500000000
1789473120644,25249.5500000000,25250.0500000000
1789473122872,25248.5500000000,25249.0500000000
1789473123281,25249.5500000000,25250.0500000000
1789473123480,25248.5500000000,25249.0500000000
1789473126311,25250.5500000000,25251.0500000000
1789473127321,25251.5500000000,25252.0500000000
1789473130154,25249.5500000000,25250.0500000000
1789473130357,25248.5500000000,25249.0500000000
1789473130563,25250.5500000000,25251.0500000000
1789473131571,25249.5500000000,25250.0500000000
1789473131771,25250.5500000000,25251.0500000000
1789473132382,25249.5500000000,25250.0500000000
1789473132982,25252.5500000000,25253.0500000000
1789473133387,25253.5500000000,25254.0500000000
1789473134198,25254.5500000000,25255.0500000000
1789473134399,25255.5500000000,25256.0500000000
1789473135208,25256.5500000000,25257.0500000000
1789473135409,25255.5500000000,25256.0500000000
1789473136420,25256.5500000000,25257.0500000000
1789473136621,25255.5500000000,25256.0500000000
1789473137227,25256.5500000000,25257.0500000000
1789473140466,25255.5500000000,25256.0500000000
1789473140667,25256.5500000000,25257.0500000000
1789473143091,25257.5500000000,25258.0500000000
1789473143494,25256.5500000000,25257.0500000000
1789473144105,25255.5500000000,25256.0500000000
1789473144712,25256.5500000000,25257.0500000000
1789473145922,25255.5500000000,25256.0500000000
1789473148957,25256.5500000000,25257.0500000000
1789473149967,25255.5500000000,25256.0500000000
1789473150171,25256.5500000000,25257.0500000000
1789473151184,25255.5500000000,25256.0500000000
1789473151786,25254.5500000000,25255.0500000000
1789473151986,25252.5500000000,25253.0500000000
1789473153405,25254.5500000000,25255.0500000000
1789473154012,25255.5500000000,25256.0500000000
1789473154415,25256.5500000000,25257.0500000000
1789473157246,25255.5500000000,25256.0500000000
1789473160686,25254.5500000000,25255.0500000000
1789473160889,25253.5500000000,25254.0500000000
1789473161089,25254.5500000000,25255.0500000000
1789473161292,25255.5500000000,25256.0500000000
1789473161696,25254.5500000000,25255.0500000000
1789473162503,25255.5500000000,25256.0500000000
1789473162705,25254.5500000000,25255.0500000000
1789473163918,25255.5500000000,25256.0500000000
1789473165540,25253.5500000000,25254.0500000000
1789473165743,25252.5500000000,25253.0500000000
1789473165943,25253.5500000000,25254.0500000000
1789473166752,25251.5500000000,25252.0500000000
1789473166955,25250.5500000000,25251.0500000000
1789473167559,25251.5500000000,25252.0500000000
1789473168171,25250.5500000000,25251.0500000000
1789473169383,25251.5500000000,25252.0500000000
1789473170395,25250.5500000000,25251.0500000000
1789473171408,25249.5500000000,25250.0500000000
1789473172017,25250.5500000000,25251.0500000000
1789473173028,25249.5500000000,25250.0500000000
1789473175257,25250.5500000000,25251.0500000000
1789473176065,25251.5500000000,25252.0500000000
1789473176671,25250.5500000000,25251.0500000000
1789473177275,25251.5500000000,25252.0500000000
1789473177879,25250.5500000000,25251.0500000000
1789473180307,25250.5500000000,25251.0500000000
1789473180913,25249.5500000000,25250.0500000000
1789473181528,25248.5500000000,25249.0500000000
1789473182944,25249.5500000000,25250.0500000000
1789473183142,25248.5500000000,25249.0500000000
1789473183752,25249.5500000000,25250.0500000000
1789473183955,25250.5500000000,25251.0500000000
1789473191225,25251.5500000000,25252.0500000000
1789473192237,25250.5500000000,25251.0500000000
1789473192639,25251.5500000000,25252.0500000000
1789473195870,25253.5500000000,25254.0500000000
1789473196072,25252.5500000000,25253.0500000000
1789473196274,25253.5500000000,25254.0500000000
1789473197894,25252.5500000000,25253.0500000000
1789473198099,25253.5500000000,25254.0500000000
1789473198702,25252.5500000000,25253.0500000000
1789473200520,25253.5500000000,25254.0500000000
1789473201128,25252.5500000000,25253.0500000000
1789473203758,25250.5500000000,25251.0500000000
1789473204362,25251.5500000000,25252.0500000000
1789473206189,25250.5500000000,25251.0500000000
1789473206387,25251.5500000000,25252.0500000000
1789473206993,25250.5500000000,25251.0500000000
1789473207195,25249.5500000000,25250.0500000000
1789473207400,25250.5500000000,25251.0500000000
1789473210435,25249.5500000000,25250.0500000000
1789473210636,25250.5500000000,25251.0500000000
1789473211648,25249.5500000000,25250.0500000000
1789473211844,25250.5500000000,25251.0500000000
1789473213056,25251.5500000000,25252.0500000000
1789473214876,25250.5500000000,25251.0500000000
1789473218112,25249.5500000000,25250.0500000000
1789473218718,25250.5500000000,25251.0500000000
1789473220136,25249.5500000000,25250.0500000000
1789473225798,25250.5500000000,25251.0500000000
1789473226001,25249.5500000000,25250.0500000000
1789473227219,25246.5500000000,25247.0500000000
1789473228434,25245.5500000000,25246.0500000000
1789473228835,25246.5500000000,25247.0500000000
1789473229849,25245.5500000000,25246.0500000000
1789473230254,25246.5500000000,25247.0500000000
1789473230457,25247.5500000000,25248.0500000000
1789473230653,25246.5500000000,25247.0500000000
1789473230855,25247.5500000000,25248.0500000000
1789473232882,25246.5500000000,25247.0500000000
1789473233890,25247.5500000000,25248.0500000000
1789473234689,25246.5500000000,25247.0500000000
1789473235301,25245.5500000000,25246.0500000000
1789473235506,25246.5500000000,25247.0500000000
1789473236717,25247.5500000000,25248.0500000000
1789473238332,25248.5500000000,25249.0500000000
1789473239545,25249.5500000000,25250.0500000000
1789473239949,25248.5500000000,25249.0500000000
1789473240152,25249.5500000000,25250.0500000000
1789473240355,25248.5500000000,25249.0500000000
1789473243184,25250.5500000000,25251.0500000000
1789473249653,25251.5500000000,25252.0500000000
1789473249855,25250.5500000000,25251.0500000000
1789473250062,25251.5500000000,25252.0500000000
1789473250263,25250.5500000000,25251.0500000000
1789473251070,25249.5500000000,25250.0500000000
1789473252078,25250.5500000000,25251.0500000000
1789473253700,25251.5500000000,25252.0500000000
1789473254302,25250.5500000000,25251.0500000000
1789473255715,25251.5500000000,25252.0500000000
1789473256321,25250.5500000000,25251.0500000000
1789473256730,25251.5500000000,25252.0500000000
1789473259967,25250.5500000000,25251.0500000000
1789473260976,25251.5500000000,25252.0500000000
1789473261788,25252.5500000000,25253.0500000000
1789473262394,25251.5500000000,25252.0500000000
1789473267254,25253.5500000000,25254.0500000000
1789473267657,25252.5500000000,25253.0500000000
1789473270900,25253.5500000000,25254.0500000000
1789473272113,25254.5500000000,25255.0500000000
1789473272519,25253.5500000000,25254.0500000000
1789473276563,25254.5500000000,25255.0500000000
1789473277980,25255.5500000000,25256.0500000000
1789473280202,25254.5500000000,25255.0500000000
1789473280406,25255.5500000000,25256.0500000000
1789473283643,25253.5500000000,25254.0500000000
1789473285667,25252.5500000000,25253.0500000000
1789473285871,25253.5500000000,25254.0500000000
1789473290526,25252.5500000000,25253.0500000000
1789473290723,25253.5500000000,25254.0500000000
1789473293352,25254.5500000000,25255.0500000000
1789473293759,25253.5500000000,25254.0500000000
1789473296192,25254.5500000000,25255.0500000000
1789473298218,25253.5500000000,25254.0500000000
1789473299632,25252.5500000000,25253.0500000000
1789473300036,25252.5500000000,25253.0500000000
1789473304287,25251.5500000000,25252.0500000000
1789473304491,25252.5500000000,25253.0500000000
1789473304692,25254.5500000000,25255.0500000000
1789473305301,25255.5500000000,25256.0500000000
1789473305503,25256.5500000000,25257.0500000000
1789473307728,25254.5500000000,25255.0500000000
1789473308740,25253.5500000000,25254.0500000000
1789473309957,25252.5500000000,25253.0500000000
1789473310562,25253.5500000000,25254.0500000000
1789473312179,25252.5500000000,25253.0500000000
1789473313594,25253.5500000000,25254.0500000000
1789473316431,25254.5500000000,25255.0500000000
1789473318047,25256.5500000000,25257.0500000000
1789473319260,25255.5500000000,25256.0500000000
1789473319462,25256.5500000000,25257.0500000000
1789473320071,25255.5500000000,25256.0500000000
1789473321286,25254.5500000000,25255.0500000000
1789473324316,25255.5500000000,25256.0500000000
1789473325946,25254.5500000000,25255.0500000000
1789473326957,25253.5500000000,25254.0500000000
1789473327163,25251.5500000000,25252.0500000000
1789473328777,25250.5500000000,25251.0500000000
1789473328977,25249.5500000000,25250.0500000000
1789473329179,25250.5500000000,25251.0500000000
1789473330600,25249.5500000000,25250.0500000000
1789473332423,25248.5500000000,25249.0500000000
1789473332622,25249.5500000000,25250.0500000000
1789473334848,25248.5500000000,25249.0500000000
1789473335053,25247.5500000000,25248.0500000000
1789473335253,25248.5500000000,25249.0500000000
1789473337889,25249.5500000000,25250.0500000000
1789473338491,25250.5500000000,25251.0500000000
1789473339918,25251.5500000000,25252.0500000000
1789473341150,25252.5500000000,25253.0500000000
1789473341353,25251.5500000000,25252.0500000000
1789473342361,25250.5500000000,25251.0500000000
1789473342766,25251.5500000000,25252.0500000000
1789473345401,25249.5500000000,25250.0500000000
1789473345805,25250.5500000000,25251.0500000000
1789473347222,25251.5500000000,25252.0500000000
1789473347425,25250.5500000000,25251.0500000000
1789473348636,25251.5500000000,25252.0500000000
1789473348838,25250.5500000000,25251.0500000000
1789473350048,25249.5500000000,25250.0500000000
1789473351465,25250.5500000000,25251.0500000000
1789473351874,25249.5500000000,25250.0500000000
1789473352477,25250.5500000000,25251.0500000000
1789473352883,25249.5500000000,25250.0500000000
1789473353487,25250.5500000000,25251.0500000000
1789473353893,25251.5500000000,25252.0500000000
1789473355113,25252.5500000000,25253.0500000000
1789473358959,25253.5500000000,25254.0500000000
1789473359567,25252.5500000000,25253.0500000000
1789473360178,25252.5500000000,25253.0500000000
1789473361390,25251.5500000000,25252.0500000000
1789473362600,25250.5500000000,25251.0500000000
1789473362805,25251.5500000000,25252.0500000000
1789473364622,25250.5500000000,25251.0500000000
1789473365026,25251.5500000000,25252.0500000000
1789473365836,25252.5500000000,25253.0500000000
1789473368671,25253.5500000000,25254.0500000000
1789473369680,25252.5500000000,25253.0500000000
1789473373918,25253.5500000000,25254.0500000000
1789473374527,25254.5500000000,25255.0500000000
1789473379989,25255.5500000000,25256.0500000000
1789473380393,25256.5500000000,25257.0500000000
1789473381204,25254.5500000000,25255.0500000000
1789473381606,25255.5500000000,25256.0500000000
1789473382617,25256.5500000000,25257.0500000000
1789473383634,25257.5500000000,25258.0500000000
1789473388487,25256.5500000000,25257.0500000000
1789473388884,25257.5500000000,25258.0500000000
1789473391517,25256.5500000000,25257.0500000000
1789473392124,25257.5500000000,25258.0500000000
1789473393336,25256.5500000000,25257.0500000000
1789473393538,25257.5500000000,25258.0500000000
1789473396570,25256.5500000000,25257.0500000000
1789473396773,25257.5500000000,25258.0500000000
1789473397175,25256.5500000000,25257.0500000000
1789473397386,25257.5500000000,25258.0500000000
1789473400414,25258.5500000000,25259.0500000000
1789473401426,25257.5500000000,25258.0500000000
1789473404257,25256.5500000000,25257.0500000000
1789473405676,25257.5500000000,25258.0500000000
1789473407092,25258.5500000000,25259.0500000000
1789473411943,25257.5500000000,25258.0500000000
1789473412152,25258.5500000000,25259.0500000000
1789473414571,25257.5500000000,25258.0500000000
1789473417810,25258.5500000000,25259.0500000000
1789473418426,25259.5500000000,25260.0500000000
1789473419230,25258.5500000000,25259.0500000000
1789473420039,25257.5500000000,25258.0500000000
1789473420242,25256.5500000000,25257.0500000000
1789473420443,25257.5500000000,25258.0500000000
1789473421454,25256.5500000000,25257.0500000000
1789473422061,25257.5500000000,25258.0500000000
1789473422466,25256.5500000000,25257.0500000000
1789473423476,25257.5500000000,25258.0500000000
1789473424286,25256.5500000000,25257.0500000000
1789473428732,25257.5500000000,25258.0500000000
1789473429134,25256.5500000000,25257.0500000000
1789473431356,25257.5500000000,25258.0500000000
1789473431559,25256.5500000000,25257.0500000000
1789473433786,25257.5500000000,25258.0500000000
1789473435200,25256.5500000000,25257.0500000000
1789473435408,25257.5500000000,25258.0500000000
1789473435813,25258.5500000000,25259.0500000000
1789473436418,25259.5500000000,25260.0500000000
1789473437018,25260.5500000000,25261.0500000000
1789473437422,25259.5500000000,25260.0500000000
1789473438234,25260.5500000000,25261.0500000000
1789473438639,25261.5500000000,25262.0500000000
1789473440051,25262.5500000000,25263.0500000000
1789473440257,25261.5500000000,25262.0500000000
1789473440456,25262.5500000000,25263.0500000000
1789473440662,25261.5500000000,25262.0500000000
1789473441467,25262.5500000000,25263.0500000000
1789473442071,25261.5500000000,25262.0500000000
1789473443285,25262.5500000000,25263.0500000000
1789473444501,25263.5500000000,25264.0500000000
1789473444703,25262.5500000000,25263.0500000000
1789473446523,25263.5500000000,25264.0500000000
1789473446723,25262.5500000000,25263.0500000000
1789473447128,25261.5500000000,25262.0500000000
1789473447328,25262.5500000000,25263.0500000000
1789473449554,25263.5500000000,25264.0500000000
1789473449960,25262.5500000000,25263.0500000000
1789473451381,25263.5500000000,25264.0500000000
1789473455835,25264.5500000000,25265.0500000000
1789473456233,25263.5500000000,25264.0500000000
1789473457043,25264.5500000000,25265.0500000000
1789473457246,25263.5500000000,25264.0500000000
1789473458658,25264.5500000000,25265.0500000000
1789473458863,25266.5500000000,25267.0500000000
1789473459066,25265.5500000000,25266.0500000000
1789473460484,25266.5500000000,25267.0500000000
1789473461088,25267.5500000000,25268.0500000000
1789473462508,25268.5500000000,25269.0500000000
1789473463117,25269.5500000000,25270.0500000000
1789473464731,25268.5500000000,25269.0500000000
1789473465942,25269.5500000000,25270.0500000000
1789473466747,25268.5500000000,25269.0500000000
1789473467354,25267.5500000000,25268.0500000000
1789473467555,25268.5500000000,25269.0500000000
1789473467957,25267.5500000000,25268.0500000000
1789473468567,25264.5500000000,25265.0500000000
1789473468971,25263.5500000000,25264.0500000000
1789473469381,25264.5500000000,25265.0500000000
1789473471400,25265.5500000000,25266.0500000000
1789473472210,25266.5500000000,25267.0500000000
1789473473626,25265.5500000000,25266.0500000000
1789473473830,25266.5500000000,25267.0500000000
1789473478691,25265.5500000000,25266.0500000000
1789473479099,25264.5500000000,25265.0500000000
1789473479706,25263.5500000000,25264.0500000000
1789473479912,25261.5500000000,25262.0500000000
1789473481324,25261.5500000000,25262.0500000000
1789473481527,25262.5500000000,25263.0500000000
1789473483954,25264.5500000000,25265.0500000000
1789473484157,25263.5500000000,25264.0500000000
1789473485572,25264.5500000000,25265.0500000000
1789473486181,25263.5500000000,25264.0500000000
1789473487599,25262.5500000000,25263.0500000000
1789473488608,25263.5500000000,25264.0500000000
1789473489012,25262.5500000000,25263.0500000000
1789473492454,25263.5500000000,25264.0500000000
1789473500149,25262.5500000000,25263.0500000000
1789473500955,25261.5500000000,25262.0500000000
1789473503180,25262.5500000000,25263.0500000000
1789473504996,25261.5500000000,25262.0500000000
1789473513902,25260.5500000000,25261.0500000000
1789473515118,25259.5500000000,25260.0500000000
1789473515921,25260.5500000000,25261.0500000000
1789473521783,25259.5500000000,25260.0500000000
1789473523406,25260.5500000000,25261.0500000000
1789473526234,25259.5500000000,25260.0500000000
1789473528262,25260.5500000000,25261.0500000000
1789473528872,25259.5500000000,25260.0500000000
1789473531097,25258.5500000000,25259.0500000000
1789473532310,25257.5500000000,25258.0500000000
1789473534941,25256.5500000000,25257.0500000000
1789473535356,25255.5500000000,25256.0500000000
1789473536167,25254.5500000000,25255.0500000000
1789473537382,25255.5500000000,25256.0500000000
1789473537988,25254.5500000000,25255.0500000000
1789473539809,25253.5500000000,25254.0500000000
1789473540012,25254.5500000000,25255.0500000000
1789473542844,25255.5500000000,25256.0500000000
1789473543447,25254.5500000000,25255.0500000000
1789473544259,25253.5500000000,25254.0500000000
1789473544865,25254.5500000000,25255.0500000000
1789473545878,25255.5500000000,25256.0500000000
1789473546081,25254.5500000000,25255.0500000000
1789473546889,25255.5500000000,25256.0500000000
1789473547899,25257.5500000000,25258.0500000000
1789473548102,25256.5500000000,25257.0500000000
1789473548913,25257.5500000000,25258.0500000000
1789473550937,25258.5500000000,25259.0500000000
1789473551135,25257.5500000000,25258.0500000000
1789473551539,25260.5500000000,25261.0500000000
1789473553560,25259.5500000000,25260.0500000000
1789473554166,25260.5500000000,25261.0500000000
1789473555179,25261.5500000000,25262.0500000000
1789473558627,25260.5500000000,25261.0500000000
1789473563683,25259.5500000000,25260.0500000000
1789473564090,25260.5500000000,25261.0500000000
1789473567932,25262.5500000000,25263.0500000000
1789473568536,25261.5500000000,25262.0500000000
1789473569954,25262.5500000000,25263.0500000000
1789473570159,25264.5500000000,25265.0500000000
1789473570564,25265.5500000000,25266.0500000000
1789473575009,25266.5500000000,25267.0500000000
1789473578241,25269.5500000000,25270.0500000000
1789473580469,25267.5500000000,25268.0500000000
1789473580670,25269.5500000000,25270.0500000000
1789473581479,25268.5500000000,25269.0500000000
1789473581681,25269.5500000000,25270.0500000000
1789473581883,25266.5500000000,25267.0500000000
1789473583298,25267.5500000000,25268.0500000000
1789473583901,25266.5500000000,25267.0500000000
1789473584507,25265.5500000000,25266.0500000000
1789473585723,25267.5500000000,25268.0500000000
1789473585931,25266.5500000000,25267.0500000000
1789473586937,25267.5500000000,25268.0500000000
1789473587143,25266.5500000000,25267.0500000000
1789473587547,25267.5500000000,25268.0500000000
1789473587950,25268.5500000000,25269.0500000000
1789473588151,25267.5500000000,25268.0500000000
1789473588554,25266.5500000000,25267.0500000000
1789473588961,25267.5500000000,25268.0500000000
1789473590788,25266.5500000000,25267.0500000000
1789473591191,25267.5500000000,25268.0500000000
1789473591391,25266.5500000000,25267.0500000000
1789473591997,25267.5500000000,25268.0500000000
1789473592201,25266.5500000000,25267.0500000000
1789473594419,25265.5500000000,25266.0500000000
1789473594627,25266.5500000000,25267.0500000000
1789473595025,25265.5500000000,25266.0500000000
1789473595436,25266.5500000000,25267.0500000000
1789473600087,25267.5500000000,25268.0500000000
1789473600695,25266.5500000000,25267.0500000000
1789473601306,25267.5500000000,25268.0500000000
1789473601711,25266.5500000000,25267.0500000000
1789473601907,25267.5500000000,25268.0500000000
1789473606157,25266.5500000000,25267.0500000000
1789473606764,25265.5500000000,25266.0500000000
1789473607167,25266.5500000000,25267.0500000000
1789473607776,25265.5500000000,25266.0500000000
1789473608584,25263.5500000000,25264.0500000000
1789473608787,25264.5500000000,25265.0500000000
1789473609194,25265.5500000000,25266.0500000000
1789473612631,25263.5500000000,25264.0500000000
1789473612837,25264.5500000000,25265.0500000000
1789473613239,25265.5500000000,25266.0500000000
1789473613646,25266.5500000000,25267.0500000000
1789473614253,25267.5500000000,25268.0500000000
1789473614657,25266.5500000000,25267.0500000000
1789473615066,25267.5500000000,25268.0500000000
1789473615468,25266.5500000000,25267.0500000000
1789473616078,25265.5500000000,25266.0500000000
1789473616280,25263.5500000000,25264.0500000000
1789473616686,25262.5500000000,25263.0500000000
1789473617287,25263.5500000000,25264.0500000000
1789473619715,25264.5500000000,25265.0500000000
1789473620323,25265.5500000000,25266.0500000000
1789473621742,25264.5500000000,25265.0500000000
1789473622348,25265.5500000000,25266.0500000000
1789473622548,25264.5500000000,25265.0500000000
1789473624166,25263.5500000000,25264.0500000000
1789473624368,25262.5500000000,25263.0500000000
1789473625176,25259.5500000000,25260.0500000000
1789473625381,25260.5500000000,25261.0500000000
1789473625582,25261.5500000000,25262.0500000000
1789473626796,25258.5500000000,25259.0500000000
1789473626997,25256.5500000000,25257.0500000000
1789473627606,25255.5500000000,25256.0500000000
1789473627804,25256.5500000000,25257.0500000000
1789473628007,25255.5500000000,25256.0500000000
1789473628611,25254.5500000000,25255.0500000000
1789473628814,25255.5500000000,25256.0500000000
1789473629016,25254.5500000000,25255.0500000000
1789473629220,25255.5500000000,25256.0500000000
1789473629420,25256.5500000000,25257.0500000000
1789473629624,25255.5500000000,25256.0500000000
1789473630029,25256.5500000000,25257.0500000000
1789473630233,25258.5500000000,25259.0500000000
1789473631850,25259.5500000000,25260.0500000000
1789473633270,25258.5500000000,25259.0500000000
1789473633472,25257.5500000000,25258.0500000000
1789473633676,25258.5500000000,25259.0500000000
1789473634079,25257.5500000000,25258.0500000000
1789473634483,25258.5500000000,25259.0500000000
1789473635092,25257.5500000000,25258.0500000000
1789473637919,25258.5500000000,25259.0500000000
1789473639335,25257.5500000000,25258.0500000000
1789473639739,25258.5500000000,25259.0500000000
1789473640753,25259.5500000000,25260.0500000000
1789473642767,25258.5500000000,25259.0500000000
1789473642969,25260.5500000000,25261.0500000000
1789473643172,25261.5500000000,25262.0500000000
1789473643783,25263.5500000000,25264.0500000000
1789473644994,25262.5500000000,25263.0500000000
1789473645196,25263.5500000000,25264.0500000000
1789473646409,25260.5500000000,25261.0500000000
1789473646613,25262.5500000000,25263.0500000000
1789473647224,25263.5500000000,25264.0500000000
1789473647421,25262.5500000000,25263.0500000000
1789473648838,25263.5500000000,25264.0500000000
1789473649244,25262.5500000000,25263.0500000000
1789473650659,25263.5500000000,25264.0500000000
1789473650863,25264.5500000000,25265.0500000000
1789473651065,25262.5500000000,25263.0500000000
1789473651877,25263.5500000000,25264.0500000000
1789473652079,25262.5500000000,25263.0500000000
1789473652891,25261.5500000000,25262.0500000000
1789473653095,25262.5500000000,25263.0500000000
1789473655113,25263.5500000000,25264.0500000000
1789473655317,25261.5500000000,25262.0500000000
1789473658760,25262.5500000000,25263.0500000000
1789473658963,25263.5500000000,25264.0500000000
1789473659978,25261.5500000000,25262.0500000000
1789473660380,25262.5500000000,25263.0500000000
1789473661390,25263.5500000000,25264.0500000000
1789473664218,25262.5500000000,25263.0500000000
1789473664420,25263.5500000000,25264.0500000000
1789473665231,25262.5500000000,25263.0500000000
1789473667458,25261.5500000000,25262.0500000000
1789473675963,25258.5500000000,25259.0500000000
1789473681012,25259.5500000000,25260.0500000000
1789473683642,25258.5500000000,25259.0500000000
1789473686877,25257.5500000000,25258.0500000000
1789473687282,25258.5500000000,25259.0500000000
1789473693131,25257.5500000000,25258.0500000000
1789473694341,25258.5500000000,25259.0500000000
1789473701215,25259.5500000000,25260.0500000000
1789473704052,25261.5500000000,25262.0500000000
1789473705062,25263.5500000000,25264.0500000000
1789473705667,25265.5500000000,25266.0500000000
1789473706072,25264.5500000000,25265.0500000000
1789473706683,25263.5500000000,25264.0500000000
1789473706883,25261.5500000000,25262.0500000000
1789473707693,25260.5500000000,25261.0500000000
1789473709719,25261.5500000000,25262.0500000000
1789473710730,25260.5500000000,25261.0500000000
1789473711941,25258.5500000000,25259.0500000000
1789473712148,25257.5500000000,25258.0500000000
1789473712545,25258.5500000000,25259.0500000000
1789473713558,25259.5500000000,25260.0500000000
1789473713761,25258.5500000000,25259.0500000000
1789473715992,25260.5500000000,25261.0500000000
1789473716195,25259.5500000000,25260.0500000000
1789473716395,25258.5500000000,25259.0500000000
1789473716596,25259.5500000000,25260.0500000000
1789473717409,25260.5500000000,25261.0500000000
1789473720032,25260.5500000000,25261.0500000000
1789473720640,25259.5500000000,25260.0500000000
1789473721653,25258.5500000000,25259.0500000000
1789473722056,25259.5500000000,25260.0500000000
1789473722260,25260.5500000000,25261.0500000000
1789473722665,25259.5500000000,25260.0500000000
1789473723475,25260.5500000000,25261.0500000000
1789473724290,25261.5500000000,25262.0500000000
1789473724490,25262.5500000000,25263.0500000000
1789473725096,25263.5500000000,25264.0500000000
1789473725298,25262.5500000000,25263.0500000000
1789473726312,25261.5500000000,25262.0500000000
1789473726712,25262.5500000000,25263.0500000000
1789473726914,25261.5500000000,25262.0500000000
1789473727722,25260.5500000000,25261.0500000000
1789473727924,25261.5500000000,25262.0500000000
1789473728732,25260.5500000000,25261.0500000000
1789473731359,25261.5500000000,25262.0500000000
1789473731766,25262.5500000000,25263.0500000000
1789473732568,25261.5500000000,25262.0500000000
1789473733377,25260.5500000000,25261.0500000000
1789473733782,25259.5500000000,25260.0500000000
1789473734390,25257.5500000000,25258.0500000000
1789473735398,25256.5500000000,25257.0500000000
1789473736207,25257.5500000000,25258.0500000000
1789473737219,25256.5500000000,25257.0500000000
1789473738227,25257.5500000000,25258.0500000000
1789473739238,25258.5500000000,25259.0500000000
1789473739848,25257.5500000000,25258.0500000000
1789473743698,25256.5500000000,25257.0500000000
1789473743898,25255.5500000000,25256.0500000000
1789473744102,25256.5500000000,25257.0500000000
1789473744303,25255.5500000000,25256.0500000000
1789473744511,25253.5500000000,25254.0500000000
1789473745721,25252.5500000000,25253.0500000000
1789473745921,25253.5500000000,25254.0500000000
1789473746125,25251.5500000000,25252.0500000000
1789473746730,25250.5500000000,25251.0500000000
1789473748749,25249.5500000000,25250.0500000000
1789473748955,25251.5500000000,25252.0500000000
1789473751377,25252.5500000000,25253.0500000000
1789473751985,25251.5500000000,25252.0500000000
1789473752593,25252.5500000000,25253.0500000000
1789473755024,25250.5500000000,25251.0500000000
1789473757851,25249.5500000000,25250.0500000000
1789473758061,25250.5500000000,25251.0500000000
1789473760684,25249.5500000000,25250.0500000000
1789473760885,25250.5500000000,25251.0500000000
1789473761494,25248.5500000000,25249.0500000000
1789473762098,25247.5500000000,25248.0500000000
1789473764928,25248.5500000000,25249.0500000000
1789473765131,25247.5500000000,25248.0500000000
1789473765334,25248.5500000000,25249.0500000000
1789473766956,25247.5500000000,25248.0500000000
1789473767764,25246.5500000000,25247.0500000000
1789473768573,25245.5500000000,25246.0500000000
1789473769382,25246.5500000000,25247.0500000000
1789473769585,25244.5500000000,25245.0500000000
1789473769787,25245.5500000000,25246.0500000000
1789473770596,25246.5500000000,25247.0500000000
1789473771001,25245.5500000000,25246.0500000000
1789473771609,25246.5500000000,25247.0500000000
1789473774037,25245.5500000000,25246.0500000000
1789473774442,25244.5500000000,25245.0500000000
1789473777084,25245.5500000000,25246.0500000000
1789473779304,25244.5500000000,25245.0500000000
1789473780315,25244.5500000000,25245.0500000000
1789473784964,25245.5500000000,25246.0500000000
1789473785971,25246.5500000000,25247.0500000000
1789473786577,25247.5500000000,25248.0500000000
1789473789608,25246.5500000000,25247.0500000000
1789473794260,25250.5500000000,25251.0500000000
1789473794868,25251.5500000000,25252.0500000000
1789473795272,25250.5500000000,25251.0500000000
1789473795677,25249.5500000000,25250.0500000000
1789473797497,25251.5500000000,25252.0500000000
1789473799116,25250.5500000000,25251.0500000000
1789473799928,25249.5500000000,25250.0500000000
1789473802759,25250.5500000000,25251.0500000000
1789473803363,25249.5500000000,25250.0500000000
1789473803563,25248.5500000000,25249.0500000000
1789473803768,25249.5500000000,25250.0500000000
1789473805186,25250.5500000000,25251.0500000000
1789473805993,25249.5500000000,25250.0500000000
1789473806194,25248.5500000000,25249.0500000000
1789473808624,25249.5500000000,25250.0500000000
1789473808823,25250.5500000000,25251.0500000000
1789473812062,25251.5500000000,25252.0500000000
1789473812265,25250.5500000000,25251.0500000000
1789473812468,25248.5500000000,25249.0500000000
1789473812873,25249.5500000000,25250.0500000000
1789473813075,25250.5500000000,25251.0500000000
1789473813277,25249.5500000000,25250.0500000000
1789473813690,25250.5500000000,25251.0500000000
1789473816315,25253.5500000000,25254.0500000000
1789473816717,25254.5500000000,25255.0500000000
1789473817527,25253.5500000000,25254.0500000000
1789473819146,25252.5500000000,25253.0500000000
1789473819552,25253.5500000000,25254.0500000000
1789473819961,25252.5500000000,25253.0500000000
1789473820162,25253.5500000000,25254.0500000000
1789473820968,25254.5500000000,25255.0500000000
1789473821172,25255.5500000000,25256.0500000000
1789473821374,25256.5500000000,25257.0500000000
1789473821779,25255.5500000000,25256.0500000000
1789473823396,25254.5500000000,25255.0500000000
1789473823601,25253.5500000000,25254.0500000000
1789473825622,25254.5500000000,25255.0500000000
1789473827040,25255.5500000000,25256.0500000000
1789473827249,25254.5500000000,25255.0500000000
1789473828458,25255.5500000000,25256.0500000000
1789473828660,25256.5500000000,25257.0500000000
1789473829066,25257.5500000000,25258.0500000000
1789473829274,25256.5500000000,25257.0500000000
1789473829470,25257.5500000000,25258.0500000000
1789473830077,25256.5500000000,25257.0500000000
1789473833507,25255.5500000000,25256.0500000000
1789473834114,25256.5500000000,25257.0500000000
1789473835527,25255.5500000000,25256.0500000000
1789473840187,25255.5500000000,25256.0500000000
1789473841405,25254.5500000000,25255.0500000000
1789473842207,25255.5500000000,25256.0500000000
1789473845439,25256.5500000000,25257.0500000000
1789473845844,25255.5500000000,25256.0500000000
1789473850292,25256.5500000000,25257.0500000000
1789473853127,25253.5500000000,25254.0500000000
1789473854544,25252.5500000000,25253.0500000000
1789473855354,25254.5500000000,25255.0500000000
1789473855758,25256.5500000000,25257.0500000000
1789473855959,25255.5500000000,25256.0500000000
1789473857378,25254.5500000000,25255.0500000000
1789473857582,25253.5500000000,25254.0500000000
1789473859404,25254.5500000000,25255.0500000000
1789473859606,25253.5500000000,25254.0500000000
1789473860618,25255.5500000000,25256.0500000000
1789473861224,25254.5500000000,25255.0500000000
1789473862235,25253.5500000000,25254.0500000000
1789473863446,25254.5500000000,25255.0500000000
1789473865473,25253.5500000000,25254.0500000000
1789473865677,25254.5500000000,25255.0500000000
1789473865876,25253.5500000000,25254.0500000000
1789473866079,25254.5500000000,25255.0500000000
1789473866481,25253.5500000000,25254.0500000000
1789473869925,25252.5500000000,25253.0500000000
1789473870531,25251.5500000000,25252.0500000000
1789473872550,25254.5500000000,25255.0500000000
1789473874571,25253.5500000000,25254.0500000000
1789473875785,25254.5500000000,25255.0500000000
1789473875988,25253.5500000000,25254.0500000000
1789473877199,25252.5500000000,25253.0500000000
1789473877603,25253.5500000000,25254.0500000000
1789473878614,25252.5500000000,25253.0500000000
1789473879628,25253.5500000000,25254.0500000000
1789473879828,25252.5500000000,25253.0500000000
1789473880236,25253.5500000000,25254.0500000000
1789473880844,25252.5500000000,25253.0500000000
1789473881042,25253.5500000000,25254.0500000000
1789473881853,25252.5500000000,25253.0500000000
1789473882260,25251.5500000000,25252.0500000000
1789473882666,25250.5500000000,25251.0500000000
1789473884684,25249.5500000000,25250.0500000000
1789473885088,25250.5500000000,25251.0500000000
1789473886706,25249.5500000000,25250.0500000000
1789473886908,25248.5500000000,25249.0500000000
1789473887315,25249.5500000000,25250.0500000000
1789473887717,25250.5500000000,25251.0500000000
1789473888121,25249.5500000000,25250.0500000000
1789473889742,25248.5500000000,25249.0500000000
1789473891155,25247.5500000000,25248.0500000000
1789473891562,25248.5500000000,25249.0500000000
1789473891966,25249.5500000000,25250.0500000000
1789473895403,25250.5500000000,25251.0500000000
1789473896222,25251.5500000000,25252.0500000000
1789473896622,25252.5500000000,25253.0500000000
1789473897635,25251.5500000000,25252.0500000000
1789473900267,25251.5500000000,25252.0500000000
1789473901280,25250.5500000000,25251.0500000000
1789473901885,25249.5500000000,25250.0500000000
1789473902488,25250.5500000000,25251.0500000000
1789473903503,25251.5500000000,25252.0500000000
1789473903904,25250.5500000000,25251.0500000000
1789473904916,25249.5500000000,25250.0500000000
1789473905725,25248.5500000000,25249.0500000000
1789473905927,25249.5500000000,25250.0500000000
1789473906337,25250.5500000000,25251.0500000000
1789473906536,25251.5500000000,25252.0500000000
1789473907549,25250.5500000000,25251.0500000000
1789473909574,25249.5500000000,25250.0500000000
1789473913006,25250.5500000000,25251.0500000000
1789473914022,25249.5500000000,25250.0500000000
1789473914427,25250.5500000000,25251.0500000000
1789473916851,25249.5500000000,25250.0500000000
1789473917257,25248.5500000000,25249.0500000000
1789473920095,25249.5500000000,25250.0500000000
1789473922926,25251.5500000000,25252.0500000000
1789473925760,25252.5500000000,25253.0500000000
1789473925957,25253.5500000000,25254.0500000000
1789473926763,25252.5500000000,25253.0500000000
1789473927168,25251.5500000000,25252.0500000000
1789473927369,25253.5500000000,25254.0500000000
1789473927778,25254.5500000000,25255.0500000000
1789473927976,25255.5500000000,25256.0500000000
1789473928384,25256.5500000000,25257.0500000000
1789473928584,25255.5500000000,25256.0500000000
1789473929394,25253.5500000000,25254.0500000000
1789473932630,25252.5500000000,25253.0500000000
1789473933438,25255.5500000000,25256.0500000000
1789473933641,25253.5500000000,25254.0500000000
1789473933847,25254.5500000000,25255.0500000000
1789473935053,25255.5500000000,25256.0500000000
1789473936068,25254.5500000000,25255.0500000000
1789473936676,25253.5500000000,25254.0500000000
1789473936875,25254.5500000000,25255.0500000000
1789473937083,25253.5500000000,25254.0500000000
1789473937682,25254.5500000000,25255.0500000000
1789473940110,25255.5500000000,25256.0500000000
1789473940311,25256.5500000000,25257.0500000000
1789473940942,25255.5500000000,25256.0500000000
1789473941143,25256.5500000000,25257.0500000000
1789473942355,25257.5500000000,25258.0500000000
1789473943570,25256.5500000000,25257.0500000000
1789473944384,25257.5500000000,25258.0500000000
1789473945189,25258.5500000000,25259.0500000000
1789473945394,25260.5500000000,25261.0500000000
1789473945600,25259.5500000000,25260.0500000000
1789473946001,25258.5500000000,25259.0500000000
1789473946406,25259.5500000000,25260.0500000000
1789473946613,25260.5500000000,25261.0500000000
1789473947414,25261.5500000000,25262.0500000000
1789473948026,25263.5500000000,25264.0500000000
1789473948226,25264.5500000000,25265.0500000000
1789473948832,25265.5500000000,25266.0500000000
1789473949035,25264.5500000000,25265.0500000000
1789473949240,25265.5500000000,25266.0500000000
1789473949440,25264.5500000000,25265.0500000000
1789473949642,25263.5500000000,25264.0500000000
1789473950452,25264.5500000000,25265.0500000000
1789473951067,25263.5500000000,25264.0500000000
1789473951665,25262.5500000000,25263.0500000000
1789473953280,25263.5500000000,25264.0500000000
1789473954294,25262.5500000000,25263.0500000000
1789473954900,25263.5500000000,25264.0500000000
1789473955513,25262.5500000000,25263.0500000000
1789473956529,25261.5500000000,25262.0500000000
1789473956932,25260.5500000000,25261.0500000000
1789473957135,25261.5500000000,25262.0500000000
1789473959360,25262.5500000000,25263.0500000000
1789473960172,25262.5500000000,25263.0500000000
1789473960371,25263.5500000000,25264.0500000000
1789473961989,25262.5500000000,25263.0500000000
1789473962190,25261.5500000000,25262.0500000000
1789473963614,25260.5500000000,25261.0500000000
1789473970901,25259.5500000000,25260.0500000000
1789473971705,25260.5500000000,25261.0500000000
1789473975145,25259.5500000000,25260.0500000000
1789473975345,25260.5500000000,25261.0500000000
1789473977367,25259.5500000000,25260.0500000000
1789473978580,25260.5500000000,25261.0500000000
1789473979188,25259.5500000000,25260.0500000000
1789473979396,25260.5500000000,25261.0500000000
1789473982214,25259.5500000000,25260.0500000000
1789473985453,25260.5500000000,25261.0500000000
1789473986464,25259.5500000000,25260.0500000000
1789473991722,25260.5500000000,25261.0500000000
1789473991925,25259.5500000000,25260.0500000000
1789473993137,25257.5500000000,25258.0500000000
1789473994148,25258.5500000000,25259.0500000000
1789473995559,25257.5500000000,25258.0500000000
1789473996374,25258.5500000000,25259.0500000000
1789473997387,25260.5500000000,25261.0500000000
1789473997990,25259.5500000000,25260.0500000000
1789473999408,25260.5500000000,25261.0500000000
1789474000216,25259.5500000000,25260.0500000000
1789474000418,25260.5500000000,25261.0500000000
1789474002040,25259.5500000000,25260.0500000000
1789474002242,25260.5500000000,25261.0500000000
1789474002849,25261.5500000000,25262.0500000000
1789474005884,25262.5500000000,25263.0500000000
1789474006288,25261.5500000000,25262.0500000000
1789474006693,25262.5500000000,25263.0500000000
1789474007098,25261.5500000000,25262.0500000000
1789474007501,25262.5500000000,25263.0500000000
1789474009119,25261.5500000000,25262.0500000000
1789474009323,25260.5500000000,25261.0500000000
1789474010739,25261.5500000000,25262.0500000000
1789474012558,25262.5500000000,25263.0500000000
1789474012761,25261.5500000000,25262.0500000000
1789474016403,25260.5500000000,25261.0500000000
1789474016813,25259.5500000000,25260.0500000000
1789474017821,25257.5500000000,25258.0500000000
1789474018021,25256.5500000000,25257.0500000000
1789474018831,25257.5500000000,25258.0500000000
1789474019032,25256.5500000000,25257.0500000000
1789474019842,25255.5500000000,25256.0500000000
1789474020448,25254.5500000000,25255.0500000000
1789474020855,25255.5500000000,25256.0500000000
1789474021461,25254.5500000000,25255.0500000000
1789474021867,25255.5500000000,25256.0500000000
1789474022067,25256.5500000000,25257.0500000000
1789474022274,25257.5500000000,25258.0500000000
1789474022476,25258.5500000000,25259.0500000000
1789474023483,25259.5500000000,25260.0500000000
1789474023889,25258.5500000000,25259.0500000000
1789474024091,25259.5500000000,25260.0500000000
1789474025101,25260.5500000000,25261.0500000000
1789474025305,25259.5500000000,25260.0500000000
1789474025505,25258.5500000000,25259.0500000000
1789474026517,25259.5500000000,25260.0500000000
1789474027126,25258.5500000000,25259.0500000000
1789474028137,25257.5500000000,25258.0500000000
1789474030362,25259.5500000000,25260.0500000000
1789474031573,25258.5500000000,25259.0500000000
1789474031779,25259.5500000000,25260.0500000000
1789474034203,25260.5500000000,25261.0500000000
1789474034406,25259.5500000000,25260.0500000000
1789474034607,25258.5500000000,25259.0500000000
1789474034810,25257.5500000000,25258.0500000000
1789474036024,25258.5500000000,25259.0500000000
1789474036231,25259.5500000000,25260.0500000000
1789474036830,25258.5500000000,25259.0500000000
1789474037034,25259.5500000000,25260.0500000000
1789474037441,25258.5500000000,25259.0500000000
1789474037641,25259.5500000000,25260.0500000000
1789474037847,25258.5500000000,25259.0500000000
1789474038250,25259.5500000000,25260.0500000000
1789474038653,25258.5500000000,25259.0500000000
1789474039264,25260.5500000000,25261.0500000000
1789474039672,25259.5500000000,25260.0500000000
1789474041081,25260.5500000000,25261.0500000000
1789474042699,25259.5500000000,25260.0500000000
1789474043914,25258.5500000000,25259.0500000000
1789474044522,25259.5500000000,25260.0500000000
1789474045130,25258.5500000000,25259.0500000000
1789474045333,25259.5500000000,25260.0500000000
1789474045534,25258.5500000000,25259.0500000000
1789474046345,25259.5500000000,25260.0500000000
1789474046752,25258.5500000000,25259.0500000000
1789474047155,25257.5500000000,25258.0500000000
1789474049382,25256.5500000000,25257.0500000000
1789474049986,25257.5500000000,25258.0500000000
1789474050593,25256.5500000000,25257.0500000000
1789474051604,25257.5500000000,25258.0500000000
1789474052613,25256.5500000000,25257.0500000000
1789474054022,25257.5500000000,25258.0500000000
1789474054832,25256.5500000000,25257.0500000000
1789474055234,25257.5500000000,25258.0500000000
1789474055438,25256.5500000000,25257.0500000000
1789474055638,25257.5500000000,25258.0500000000
1789474055842,25256.5500000000,25257.0500000000
1789474056246,25255.5500000000,25256.0500000000
1789474056445,25256.5500000000,25257.0500000000
1789474057659,25257.5500000000,25258.0500000000
1789474059076,25258.5500000000,25259.0500000000
1789474059275,25257.5500000000,25258.0500000000
1789474059677,25256.5500000000,25257.0500000000
1789474060083,25257.5500000000,25258.0500000000
1789474061293,25256.5500000000,25257.0500000000
1789474062106,25254.5500000000,25255.0500000000
1789474067368,25253.5500000000,25254.0500000000
1789474067772,25252.5500000000,25253.0500000000
1789474067979,25249.5500000000,25250.0500000000
1789474068388,25250.5500000000,25251.0500000000
1789474068584,25252.5500000000,25253.0500000000
1789474068986,25251.5500000000,25252.0500000000
1789474069390,25252.5500000000,25253.0500000000
1789474070401,25253.5500000000,25254.0500000000
1789474071611,25252.5500000000,25253.0500000000
1789474073024,25251.5500000000,25252.0500000000
1789474073227,25252.5500000000,25253.0500000000
1789474073431,25251.5500000000,25252.0500000000
1789474074847,25250.5500000000,25251.0500000000
1789474075448,25251.5500000000,25252.0500000000
1789474076062,25250.5500000000,25251.0500000000
1789474076468,25251.5500000000,25252.0500000000
1789474076874,25250.5500000000,25251.0500000000
1789474077685,25247.5500000000,25248.0500000000
1789474078089,25245.5500000000,25246.0500000000
1789474078288,25244.5500000000,25245.0500000000
1789474078494,25243.5500000000,25244.0500000000
1789474079099,25242.5500000000,25243.0500000000
1789474079509,25241.5500000000,25242.0500000000
1789474079710,25242.5500000000,25243.0500000000
1789474082545,25242.5500000000,25243.0500000000
1789474082741,25241.5500000000,25242.0500000000
1789474083346,25243.5500000000,25244.0500000000
1789474083549,25244.5500000000,25245.0500000000
1789474084358,25243.5500000000,25244.0500000000
1789474085367,25244.5500000000,25245.0500000000
1789474086381,25243.5500000000,25244.0500000000
1789474091428,25244.5500000000,25245.0500000000
1789474092440,25243.5500000000,25244.0500000000
1789474093448,25242.5500000000,25243.0500000000
1789474094463,25243.5500000000,25244.0500000000
1789474096885,25242.5500000000,25243.0500000000
1789474097288,25243.5500000000,25244.0500000000
1789474098508,25244.5500000000,25245.0500000000
1789474098708,25243.5500000000,25244.0500000000
1789474099312,25244.5500000000,25245.0500000000
1789474099516,25243.5500000000,25244.0500000000
1789474100731,25244.5500000000,25245.0500000000
1789474101740,25243.5500000000,25244.0500000000
1789474102549,25242.5500000000,25243.0500000000
1789474104368,25243.5500000000,25244.0500000000
1789474104979,25241.5500000000,25242.0500000000
1789474105179,25242.5500000000,25243.0500000000
1789474105782,25243.5500000000,25244.0500000000
1789474106590,25242.5500000000,25243.0500000000
1789474107201,25240.5500000000,25241.0500000000
1789474107401,25241.5500000000,25242.0500000000
1789474108010,25240.5500000000,25241.0500000000
1789474108612,25241.5500000000,25242.0500000000
1789474108813,25240.5500000000,25241.0500000000
1789474109623,25241.5500000000,25242.0500000000
1789474109824,25240.5500000000,25241.0500000000
1789474111444,25242.5500000000,25243.0500000000
1789474111846,25241.5500000000,25242.0500000000
1789474113260,25242.5500000000,25243.0500000000
1789474113664,25241.5500000000,25242.0500000000
1789474115283,25242.5500000000,25243.0500000000
1789474115892,25243.5500000000,25244.0500000000
1789474116092,25242.5500000000,25243.0500000000
1789474120340,25244.5500000000,25245.0500000000
1789474121956,25245.5500000000,25246.0500000000
1789474123374,25244.5500000000,25245.0500000000
1789474125601,25246.5500000000,25247.0500000000
1789474125801,25245.5500000000,25246.0500000000
1789474126006,25246.5500000000,25247.0500000000
1789474126813,25247.5500000000,25248.0500000000
1789474128029,25246.5500000000,25247.0500000000
1789474129240,25247.5500000000,25248.0500000000
1789474131057,25246.5500000000,25247.0500000000
1789474131259,25247.5500000000,25248.0500000000
1789474135104,25246.5500000000,25247.0500000000
1789474136120,25244.5500000000,25245.0500000000
1789474136320,25246.5500000000,25247.0500000000
1789474136529,25245.5500000000,25246.0500000000
1789474136727,25247.5500000000,25248.0500000000
1789474136930,25246.5500000000,25247.0500000000
1789474138145,25247.5500000000,25248.0500000000
1789474139959,25246.5500000000,25247.0500000000
1789474140161,25246.5500000000,25247.0500000000
1789474140769,25245.5500000000,25246.0500000000
1789474140969,25243.5500000000,25244.0500000000
1789474141981,25244.5500000000,25245.0500000000
1789474143193,25243.5500000000,25244.0500000000
1789474144607,25242.5500000000,25243.0500000000
1789474145220,25243.5500000000,25244.0500000000
1789474145825,25242.5500000000,25243.0500000000
1789474146227,25241.5500000000,25242.0500000000
1789474146834,25240.5500000000,25241.0500000000
1789474147041,25242.5500000000,25243.0500000000
1789474147644,25241.5500000000,25242.0500000000
1789474148253,25240.5500000000,25241.0500000000
1789474150073,25242.5500000000,25243.0500000000
1789474150882,25243.5500000000,25244.0500000000
1789474151292,25241.5500000000,25242.0500000000
1789474151489,25242.5500000000,25243.0500000000
1789474151890,25243.5500000000,25244.0500000000
1789474152904,25242.5500000000,25243.0500000000
1789474153510,25240.5500000000,25241.0500000000
1789474154119,25239.5500000000,25240.0500000000
1789474154928,25240.5500000000,25241.0500000000
1789474155130,25241.5500000000,25242.0500000000
1789474155735,25242.5500000000,25243.0500000000
1789474156139,25243.5500000000,25244.0500000000
1789474158568,25242.5500000000,25243.0500000000
1789474159380,25243.5500000000,25244.0500000000
1789474161202,25244.5500000000,25245.0500000000
1789474163022,25245.5500000000,25246.0500000000
1789474163222,25244.5500000000,25245.0500000000
1789474164439,25243.5500000000,25244.0500000000
1789474165245,25244.5500000000,25245.0500000000
1789474167073,25245.5500000000,25246.0500000000
1789474167271,25244.5500000000,25245.0500000000
1789474168082,25245.5500000000,25246.0500000000
1789474168285,25244.5500000000,25245.0500000000
1789474168491,25245.5500000000,25246.0500000000
1789474169902,25244.5500000000,25245.0500000000
1789474170915,25243.5500000000,25244.0500000000
1789474171116,25244.5500000000,25245.0500000000
1789474173544,25245.5500000000,25246.0500000000
1789474175155,25246.5500000000,25247.0500000000
1789474176976,25245.5500000000,25246.0500000000
1789474178193,25246.5500000000,25247.0500000000
1789474178999,25247.5500000000,25248.0500000000
1789474179607,25246.5500000000,25247.0500000000
1789474180618,25247.5500000000,25248.0500000000
1789474180819,25246.5500000000,25247.0500000000
1789474181624,25245.5500000000,25246.0500000000
1789474182433,25246.5500000000,25247.0500000000
1789474182635,25247.5500000000,25248.0500000000
1789474184049,25246.5500000000,25247.0500000000
1789474184251,25245.5500000000,25246.0500000000
1789474184653,25244.5500000000,25245.0500000000
1789474193561,25241.5500000000,25242.0500000000
1789474193758,25242.5500000000,25243.0500000000
1789474194365,25243.5500000000,25244.0500000000
1789474195984,25242.5500000000,25243.0500000000
1789474196195,25241.5500000000,25242.0500000000
1789474196397,25242.5500000000,25243.0500000000
1789474197407,25241.5500000000,25242.0500000000
1789474198820,25240.5500000000,25241.0500000000
1789474199627,25239.5500000000,25240.0500000000
1789474199830,25238.5500000000,25239.0500000000
1789474200032,25238.5500000000,25239.0500000000
1789474200437,25237.5500000000,25238.0500000000
1789474201243,25238.5500000000,25239.0500000000
1789474201847,25237.5500000000,25238.0500000000
1789474202452,25236.5500000000,25237.0500000000
1789474203875,25237.5500000000,25238.0500000000
1789474204685,25236.5500000000,25237.0500000000
1789474206505,25238.5500000000,25239.0500000000
1789474206708,25237.5500000000,25238.0500000000
1789474206908,25238.5500000000,25239.0500000000
1789474207111,25237.5500000000,25238.0500000000
1789474207313,25238.5500000000,25239.0500000000
1789474207514,25237.5500000000,25238.0500000000
1789474209336,25238.5500000000,25239.0500000000
1789474210749,25237.5500000000,25238.0500000000
1789474214798,25238.5500000000,25239.0500000000
1789474214998,25239.5500000000,25240.0500000000
1789474215604,25240.5500000000,25241.0500000000
1789474219448,25241.5500000000,25242.0500000000
1789474219650,25240.5500000000,25241.0500000000
1789474219854,25241.5500000000,25242.0500000000
1789474220461,25240.5500000000,25241.0500000000
1789474220664,25239.5500000000,25240.0500000000
1789474221479,25240.5500000000,25241.0500000000
1789474222686,25239.5500000000,25240.0500000000
1789474222884,25240.5500000000,25241.0500000000
1789474226523,25239.5500000000,25240.0500000000
1789474227136,25240.5500000000,25241.0500000000
1789474228150,25242.5500000000,25243.0500000000
1789474228349,25241.5500000000,25242.0500000000
1789474228956,25242.5500000000,25243.0500000000
1789474230583,25243.5500000000,25244.0500000000
1789474231194,25242.5500000000,25243.0500000000
1789474233412,25243.5500000000,25244.0500000000
1789474234218,25242.5500000000,25243.0500000000
1789474235840,25243.5500000000,25244.0500000000
1789474237049,25244.5500000000,25245.0500000000
1789474237454,25245.5500000000,25246.0500000000
1789474237858,25244.5500000000,25245.0500000000
1789474239679,25243.5500000000,25244.0500000000
1789474240493,25244.5500000000,25245.0500000000
1789474241504,25243.5500000000,25244.0500000000
1789474242716,25242.5500000000,25243.0500000000
1789474243328,25241.5500000000,25242.0500000000
1789474244333,25242.5500000000,25243.0500000000
1789474244738,25241.5500000000,25242.0500000000
1789474245548,25242.5500000000,25243.0500000000
1789474246965,25241.5500000000,25242.0500000000
1789474248380,25240.5500000000,25241.0500000000
1789474248992,25241.5500000000,25242.0500000000
1789474250202,25240.5500000000,25241.0500000000
1789474250404,25241.5500000000,25242.0500000000
1789474251014,25240.5500000000,25241.0500000000
1789474252024,25241.5500000000,25242.0500000000
1789474252838,25240.5500000000,25241.0500000000
1789474253039,25241.5500000000,25242.0500000000
1789474253852,25240.5500000000,25241.0500000000
1789474255065,25241.5500000000,25242.0500000000
1789474256487,25240.5500000000,25241.0500000000
1789474260130,25241.5500000000,25242.0500000000
1789474260332,25240.5500000000,25241.0500000000
1789474260939,25241.5500000000,25242.0500000000
1789474261143,25242.5500000000,25243.0500000000
1789474262352,25243.5500000000,25244.0500000000
1789474263161,25242.5500000000,25243.0500000000
1789474264777,25243.5500000000,25244.0500000000
1789474264980,25244.5500000000,25245.0500000000
1789474267605,25245.5500000000,25246.0500000000
1789474268007,25244.5500000000,25245.0500000000
1789474269831,25245.5500000000,25246.0500000000
1789474275898,25244.5500000000,25245.0500000000
1789474277515,25245.5500000000,25246.0500000000
1789474277719,25247.5500000000,25248.0500000000
1789474279138,25248.5500000000,25249.0500000000
1789474279539,25249.5500000000,25250.0500000000
1789474279743,25251.5500000000,25252.0500000000
1789474280149,25252.5500000000,25253.0500000000
1789474280357,25251.5500000000,25252.0500000000
1789474285608,25252.5500000000,25253.0500000000
1789474286416,25253.5500000000,25254.0500000000
1789474287023,25252.5500000000,25253.0500000000
1789474287229,25251.5500000000,25252.0500000000
1789474288241,25250.5500000000,25251.0500000000
1789474289051,25251.5500000000,25252.0500000000
1789474290667,25250.5500000000,25251.0500000000
1789474290874,25252.5500000000,25253.0500000000
1789474292286,25255.5500000000,25256.0500000000
1789474292488,25256.5500000000,25257.0500000000
1789474292689,25255.5500000000,25256.0500000000
1789474293498,25256.5500000000,25257.0500000000
1789474293702,25255.5500000000,25256.0500000000
1789474294107,25257.5500000000,25258.0500000000
1789474294311,25256.5500000000,25257.0500000000
1789474294711,25257.5500000000,25258.0500000000
1789474295117,25256.5500000000,25257.0500000000
1789474297748,25257.5500000000,25258.0500000000
1789474300390,25259.5500000000,25260.0500000000
1789474300991,25258.5500000000,25259.0500000000
1789474301599,25259.5500000000,25260.0500000000
1789474307868,25260.5500000000,25261.0500000000
1789474308878,25262.5500000000,25263.0500000000
1789474309689,25263.5500000000,25264.0500000000
1789474310902,25264.5500000000,25265.0500000000
1789474312316,25265.5500000000,25266.0500000000
1789474312721,25264.5500000000,25265.0500000000
1789474313326,25266.5500000000,25267.0500000000
1789474315555,25268.5500000000,25269.0500000000
1789474316156,25269.5500000000,25270.0500000000
1789474316978,25268.5500000000,25269.0500000000
1789474317792,25266.5500000000,25267.0500000000
1789474320013,25265.5500000000,25266.0500000000
1789474320821,25264.5500000000,25265.0500000000
1789474321225,25265.5500000000,25266.0500000000
1789474321832,25264.5500000000,25265.0500000000
1789474322443,25263.5500000000,25264.0500000000
1789474322644,25261.5500000000,25262.0500000000
1789474323453,25262.5500000000,25263.0500000000
1789474324060,25263.5500000000,25264.0500000000
1789474325679,25261.5500000000,25262.0500000000
1789474327095,25260.5500000000,25261.0500000000
1789474332156,25261.5500000000,25262.0500000000
1789474332357,25262.5500000000,25263.0500000000
1789474332558,25261.5500000000,25262.0500000000
1789474333976,25262.5500000000,25263.0500000000
1789474334989,25261.5500000000,25262.0500000000
1789474336002,25262.5500000000,25263.0500000000
1789474337618,25261.5500000000,25262.0500000000
1789474337818,25262.5500000000,25263.0500000000
1789474338831,25261.5500000000,25262.0500000000
1789474339642,25262.5500000000,25263.0500000000
1789474340247,25263.5500000000,25264.0500000000
1789474340853,25264.5500000000,25265.0500000000
1789474344291,25265.5500000000,25266.0500000000
1789474344899,25266.5500000000,25267.0500000000
1789474345102,25265.5500000000,25266.0500000000
1789474345508,25264.5500000000,25265.0500000000
1789474345912,25265.5500000000,25266.0500000000
1789474346114,25264.5500000000,25265.0500000000
1789474346318,25260.5500000000,25261.0500000000
1789474347332,25259.5500000000,25260.0500000000
1789474347533,25260.5500000000,25261.0500000000
1789474349149,25261.5500000000,25262.0500000000
1789474349555,25260.5500000000,25261.0500000000
1789474349761,25262.5500000000,25263.0500000000
1789474350361,25261.5500000000,25262.0500000000
1789474356226,25262.5500000000,25263.0500000000
1789474357445,25263.5500000000,25264.0500000000
1789474357852,25262.5500000000,25263.0500000000
1789474360281,25263.5500000000,25264.0500000000
1789474360887,25262.5500000000,25263.0500000000
1789474361494,25263.5500000000,25264.0500000000
1789474362301,25262.5500000000,25263.0500000000
1789474364528,25261.5500000000,25262.0500000000
1789474366143,25260.5500000000,25261.0500000000
1789474369177,25262.5500000000,25263.0500000000
1789474369786,25261.5500000000,25262.0500000000
1789474370995,25263.5500000000,25264.0500000000
1789474371602,25262.5500000000,25263.0500000000
1789474371803,25263.5500000000,25264.0500000000
1789474372003,25262.5500000000,25263.0500000000
1789474372206,25263.5500000000,25264.0500000000
1789474373219,25261.5500000000,25262.0500000000
1789474373625,25260.5500000000,25261.0500000000
1789474374027,25259.5500000000,25260.0500000000
1789474375242,25258.5500000000,25259.0500000000
1789474376460,25259.5500000000,25260.0500000000
1789474378285,25260.5500000000,25261.0500000000
1789474379908,25259.5500000000,25260.0500000000
1789474380110,25259.5500000000,25260.0500000000
1789474381527,25260.5500000000,25261.0500000000
1789474381729,25261.5500000000,25262.0500000000
1789474383152,25262.5500000000,25263.0500000000
1789474385372,25261.5500000000,25262.0500000000
1789474386385,25259.5500000000,25260.0500000000
1789474386984,25258.5500000000,25259.0500000000
1789474387795,25257.5500000000,25258.0500000000
1789474388200,25256.5500000000,25257.0500000000
1789474392041,25257.5500000000,25258.0500000000
1789474392852,25256.5500000000,25257.0500000000
1789474393258,25255.5500000000,25256.0500000000
1789474393457,25256.5500000000,25257.0500000000
1789474393660,25255.5500000000,25256.0500000000
1789474396290,25253.5500000000,25254.0500000000
1789474396497,25254.5500000000,25255.0500000000
1789474396694,25253.5500000000,25254.0500000000
1789474397303,25252.5500000000,25253.0500000000
1789474398111,25254.5500000000,25255.0500000000
1789474399323,25253.5500000000,25254.0500000000
1789474399527,25252.5500000000,25253.0500000000
1789474399732,25253.5500000000,25254.0500000000
1789474400335,25252.5500000000,25253.0500000000
1789474401144,25250.5500000000,25251.0500000000
1789474401345,25249.5500000000,25250.0500000000
1789474402559,25250.5500000000,25251.0500000000
1789474403167,25251.5500000000,25252.0500000000
1789474404982,25253.5500000000,25254.0500000000
1789474405387,25252.5500000000,25253.0500000000
1789474408828,25251.5500000000,25252.0500000000
1789474409031,25252.5500000000,25253.0500000000
1789474409233,25251.5500000000,25252.0500000000
1789474410042,25250.5500000000,25251.0500000000
1789474411459,25247.5500000000,25248.0500000000
1789474412267,25248.5500000000,25249.0500000000
1789474412467,25247.5500000000,25248.0500000000
1789474414692,25248.5500000000,25249.0500000000
1789474415297,25247.5500000000,25248.0500000000
1789474416309,25246.5500000000,25247.0500000000
1789474416916,25247.5500000000,25248.0500000000
1789474417926,25244.5500000000,25245.0500000000
1789474419142,25245.5500000000,25246.0500000000
1789474419750,25247.5500000000,25248.0500000000
1789474419951,25246.5500000000,25247.0500000000
1789474420155,25247.5500000000,25248.0500000000
1789474421569,25248.5500000000,25249.0500000000
1789474421771,25247.5500000000,25248.0500000000
1789474422173,25248.5500000000,25249.0500000000
1789474423791,25247.5500000000,25248.0500000000
1789474424196,25248.5500000000,25249.0500000000
1789474424803,25247.5500000000,25248.0500000000
1789474431675,25245.5500000000,25246.0500000000
1789474433294,25246.5500000000,25247.0500000000
1789474435321,25247.5500000000,25248.0500000000
1789474438569,25248.5500000000,25249.0500000000
1789474439787,25247.5500000000,25248.0500000000
1789474440395,25248.5500000000,25249.0500000000
1789474441609,25247.5500000000,25248.0500000000
1789474442821,25248.5500000000,25249.0500000000
1789474443023,25247.5500000000,25248.0500000000
1789474446269,25246.5500000000,25247.0500000000
1789474447070,25247.5500000000,25248.0500000000
1789474449089,25246.5500000000,25247.0500000000
1789474449493,25247.5500000000,25248.0500000000
1789474450101,25246.5500000000,25247.0500000000
1789474450507,25247.5500000000,25248.0500000000
1789474452526,25246.5500000000,25247.0500000000
1789474457383,25245.5500000000,25246.0500000000
1789474457990,25244.5500000000,25245.0500000000
1789474458394,25245.5500000000,25246.0500000000
1789474458597,25244.5500000000,25245.0500000000
1789474458801,25245.5500000000,25246.0500000000
1789474459204,25244.5500000000,25245.0500000000
1789474459608,25245.5500000000,25246.0500000000
1789474460820,25244.5500000000,25245.0500000000
1789474461024,25247.5500000000,25248.0500000000
1789474461628,25246.5500000000,25247.0500000000
1789474462237,25247.5500000000,25248.0500000000
1789474463047,25246.5500000000,25247.0500000000
1789474463244,25247.5500000000,25248.0500000000
1789474468303,25249.5500000000,25250.0500000000
1789474470927,25250.5500000000,25251.0500000000
1789474471936,25249.5500000000,25250.0500000000
1789474472543,25246.5500000000,25247.0500000000
1789474472748,25247.5500000000,25248.0500000000
1789474473154,25248.5500000000,25249.0500000000
1789474478212,25247.5500000000,25248.0500000000
1789474478612,25248.5500000000,25249.0500000000
1789474480027,25247.5500000000,25248.0500000000
1789474480229,25248.5500000000,25249.0500000000
1789474480636,25247.5500000000,25248.0500000000
1789474482655,25246.5500000000,25247.0500000000
1789474482858,25245.5500000000,25246.0500000000
1789474484879,25244.5500000000,25245.0500000000
1789474485289,25245.5500000000,25246.0500000000
1789474485688,25244.5500000000,25245.0500000000
1789474486095,25245.5500000000,25246.0500000000
1789474488323,25246.5500000000,25247.0500000000
1789474488524,25245.5500000000,25246.0500000000
1789474490544,25244.5500000000,25245.0500000000
1789474490949,25245.5500000000,25246.0500000000
1789474491351,25247.5500000000,25248.0500000000
1789474493573,25248.5500000000,25249.0500000000
1789474493773,25247.5500000000,25248.0500000000
1789474496202,25248.5500000000,25249.0500000000
1789474496406,25249.5500000000,25250.0500000000
1789474496822,25260.5500000000,25261.0500000000
1789474497018,25259.5500000000,25260.0500000000
1789474497225,25258.5500000000,25259.0500000000
1789474497421,25259.5500000000,25260.0500000000
1789474497623,25257.5500000000,25258.0500000000
1789474498029,25256.5500000000,25257.0500000000
1789474498436,25257.5500000000,25258.0500000000
1789474498635,25256.5500000000,25257.0500000000
1789474498837,25254.5500000000,25255.0500000000
1789474500060,25254.5500000000,25255.0500000000
1789474500256,25255.5500000000,25256.0500000000
1789474500460,25254.5500000000,25255.0500000000
1789474502079,25253.5500000000,25254.0500000000
1789474502289,25255.5500000000,25256.0500000000
1789474502889,25254.5500000000,25255.0500000000
1789474503091,25253.5500000000,25254.0500000000
1789474504506,25252.5500000000,25253.0500000000
1789474505115,25251.5500000000,25252.0500000000
1789474505319,25250.5500000000,25251.0500000000
1789474506731,25249.5500000000,25250.0500000000
1789474507141,25248.5500000000,25249.0500000000
1789474509361,25247.5500000000,25248.0500000000
1789474509973,25246.5500000000,25247.0500000000
1789474510173,25247.5500000000,25248.0500000000
1789474510374,25248.5500000000,25249.0500000000
1789474510577,25249.5500000000,25250.0500000000
1789474510779,25248.5500000000,25249.0500000000
1789474511789,25247.5500000000,25248.0500000000
1789474512395,25246.5500000000,25247.0500000000
1789474513810,25245.5500000000,25246.0500000000
1789474514013,25246.5500000000,25247.0500000000
1789474514620,25245.5500000000,25246.0500000000
1789474515023,25246.5500000000,25247.0500000000
1789474515226,25247.5500000000,25248.0500000000
1789474515633,25246.5500000000,25247.0500000000
1789474515834,25247.5500000000,25248.0500000000
1789474519476,25248.5500000000,25249.0500000000
1789474520487,25250.5500000000,25251.0500000000
1789474521700,25252.5500000000,25253.0500000000
1789474521902,25251.5500000000,25252.0500000000
1789474522309,25250.5500000000,25251.0500000000
1789474526552,25249.5500000000,25250.0500000000
1789474526756,25250.5500000000,25251.0500000000
1789474527967,25252.5500000000,25253.0500000000
1789474528166,25253.5500000000,25254.0500000000
1789474528578,25254.5500000000,25255.0500000000
1789474529787,25255.5500000000,25256.0500000000
1789474529990,25257.5500000000,25258.0500000000
1789474530192,25258.5500000000,25259.0500000000
1789474530600,25257.5500000000,25258.0500000000
1789474532212,25256.5500000000,25257.0500000000
1789474532616,25255.5500000000,25256.0500000000
1789474532819,25256.5500000000,25257.0500000000
1789474534236,25257.5500000000,25258.0500000000
1789474534438,25256.5500000000,25257.0500000000
1789474535656,25255.5500000000,25256.0500000000
1789474535856,25256.5500000000,25257.0500000000
1789474538685,25255.5500000000,25256.0500000000
1789474539696,25256.5500000000,25257.0500000000
1789474542350,25258.5500000000,25259.0500000000
1789474543565,25257.5500000000,25258.0500000000
1789474546396,25256.5500000000,25257.0500000000
1789474546999,25255.5500000000,25256.0500000000
1789474547202,25256.5500000000,25257.0500000000
1789474548215,25257.5500000000,25258.0500000000
1789474548619,25258.5500000000,25259.0500000000
1789474548824,25257.5500000000,25258.0500000000
1789474549023,25254.5500000000,25255.0500000000
1789474551460,25255.5500000000,25256.0500000000
1789474553276,25256.5500000000,25257.0500000000
1789474553681,25257.5500000000,25258.0500000000
1789474556718,25256.5500000000,25257.0500000000
1789474557123,25257.5500000000,25258.0500000000
1789474560154,25257.5500000000,25258.0500000000
1789474560969,25258.5500000000,25259.0500000000
1789474561169,25257.5500000000,25258.0500000000
1789474561781,25256.5500000000,25257.0500000000
1789474561988,25255.5500000000,25256.0500000000
1789474564205,25256.5500000000,25257.0500000000
1789474565421,25258.5500000000,25259.0500000000
1789474565622,25257.5500000000,25258.0500000000
1789474567647,25258.5500000000,25259.0500000000
1789474568458,25257.5500000000,25258.0500000000
1789474569268,25258.5500000000,25259.0500000000
1789474569873,25257.5500000000,25258.0500000000
1789474571492,25258.5500000000,25259.0500000000
1789474571895,25260.5500000000,25261.0500000000
1789474579379,25258.5500000000,25259.0500000000
1789474579585,25257.5500000000,25258.0500000000
1789474581810,25258.5500000000,25259.0500000000
1789474582620,25257.5500000000,25258.0500000000
1789474585457,25256.5500000000,25257.0500000000
1789474585867,25257.5500000000,25258.0500000000
1789474586266,25256.5500000000,25257.0500000000
1789474586472,25255.5500000000,25256.0500000000
1789474587079,25256.5500000000,25257.0500000000
1789474587277,25255.5500000000,25256.0500000000
1789474589099,25254.5500000000,25255.0500000000
1789474590108,25253.5500000000,25254.0500000000
1789474590311,25251.5500000000,25252.0500000000
1789474591927,25250.5500000000,25251.0500000000
1789474593947,25252.5500000000,25253.0500000000
1789474594553,25253.5500000000,25254.0500000000
1789474595164,25252.5500000000,25253.0500000000
1789474595367,25253.5500000000,25254.0500000000
1789474595568,25254.5500000000,25255.0500000000
1789474596579,25255.5500000000,25256.0500000000
1789474597389,25256.5500000000,25257.0500000000
1789474597594,25255.5500000000,25256.0500000000
1789474598195,25256.5500000000,25257.0500000000
1789474599005,25255.5500000000,25256.0500000000
1789474600828,25254.5500000000,25255.0500000000
1789474604064,25253.5500000000,25254.0500000000
1789474604874,25250.5500000000,25251.0500000000
1789474605276,25251.5500000000,25252.0500000000
1789474606492,25250.5500000000,25251.0500000000
1789474607098,25251.5500000000,25252.0500000000
1789474609527,25249.5500000000,25250.0500000000
1789474610737,25248.5500000000,25249.0500000000
1789474610938,25249.5500000000,25250.0500000000
1789474611544,25248.5500000000,25249.0500000000
1789474612149,25249.5500000000,25250.0500000000
1789474612353,25248.5500000000,25249.0500000000
1789474612560,25247.5500000000,25248.0500000000
1789474612764,25246.5500000000,25247.0500000000
1789474613568,25247.5500000000,25248.0500000000
1789474614784,25248.5500000000,25249.0500000000
1789474615389,25249.5500000000,25250.0500000000
1789474615999,25250.5500000000,25251.0500000000
1789474620457,25250.5500000000,25251.0500000000
1789474620661,25251.5500000000,25252.0500000000
1789474621269,25252.5500000000,25253.0500000000
1789474621673,25251.5500000000,25252.0500000000
1789474622683,25250.5500000000,25251.0500000000
1789474623091,25251.5500000000,25252.0500000000
1789474623289,25250.5500000000,25251.0500000000
1789474623696,25251.5500000000,25252.0500000000
1789474625313,25252.5500000000,25253.0500000000
1789474626528,25251.5500000000,25252.0500000000
1789474626731,25250.5500000000,25251.0500000000
1789474627339,25251.5500000000,25252.0500000000
1789474628147,25250.5500000000,25251.0500000000
1789474630774,25249.5500000000,25250.0500000000
1789474630981,25247.5500000000,25248.0500000000
1789474631381,25246.5500000000,25247.0500000000
1789474631786,25245.5500000000,25246.0500000000
1789474631985,25247.5500000000,25248.0500000000
1789474632187,25249.5500000000,25250.0500000000
1789474632388,25250.5500000000,25251.0500000000
1789474633399,25248.5500000000,25249.0500000000
1789474633600,25249.5500000000,25250.0500000000
1789474635016,25248.5500000000,25249.0500000000
1789474635621,25247.5500000000,25248.0500000000
1789474639058,25249.5500000000,25250.0500000000
1789474639262,25250.5500000000,25251.0500000000
1789474640678,25249.5500000000,25250.0500000000
1789474641688,25248.5500000000,25249.0500000000
1789474642701,25247.5500000000,25248.0500000000
1789474643507,25246.5500000000,25247.0500000000
1789474646339,25245.5500000000,25246.0500000000
1789474646745,25246.5500000000,25247.0500000000
1789474647349,25247.5500000000,25248.0500000000
1789474648563,25246.5500000000,25247.0500000000
1789474649370,25247.5500000000,25248.0500000000
1789474652606,25246.5500000000,25247.0500000000
1789474652811,25247.5500000000,25248.0500000000
1789474654224,25246.5500000000,25247.0500000000
1789474654427,25247.5500000000,25248.0500000000
1789474656452,25245.5500000000,25246.0500000000
1789474656657,25244.5500000000,25245.0500000000
1789474657260,25243.5500000000,25244.0500000000
1789474657474,25242.5500000000,25243.0500000000
1789474658272,25243.5500000000,25244.0500000000
1789474658877,25244.5500000000,25245.0500000000
1789474659079,25243.5500000000,25244.0500000000
1789474659282,25244.5500000000,25245.0500000000
1789474659887,25245.5500000000,25246.0500000000
1789474660089,25244.5500000000,25245.0500000000
1789474661098,25243.5500000000,25244.0500000000
1789474661706,25241.5500000000,25242.0500000000
1789474662115,25242.5500000000,25243.0500000000
1789474663122,25241.5500000000,25242.0500000000
1789474663731,25242.5500000000,25243.0500000000
1789474664134,25241.5500000000,25242.0500000000
1789474664739,25242.5500000000,25243.0500000000
1789474665143,25241.5500000000,25242.0500000000
1789474665350,25239.5500000000,25240.0500000000
1789474665549,25240.5500000000,25241.0500000000
1789474665952,25239.5500000000,25240.0500000000
1789474666155,25240.5500000000,25241.0500000000
1789474666766,25239.5500000000,25240.0500000000
1789474667165,25241.5500000000,25242.0500000000
1789474668587,25240.5500000000,25241.0500000000
1789474668988,25241.5500000000,25242.0500000000
1789474669190,25240.5500000000,25241.0500000000
1789474669393,25241.5500000000,25242.0500000000
1789474671414,25242.5500000000,25243.0500000000
1789474674042,25241.5500000000,25242.0500000000
1789474674248,25242.5500000000,25243.0500000000
1789474674849,25241.5500000000,25242.0500000000
1789474675256,25240.5500000000,25241.0500000000
1789474675460,25241.5500000000,25242.0500000000
1789474680122,25240.5500000000,25241.0500000000
1789474680530,25241.5500000000,25242.0500000000
1789474680934,25240.5500000000,25241.0500000000
1789474683360,25239.5500000000,25240.0500000000
1789474684368,25238.5500000000,25239.0500000000
1789474685782,25237.5500000000,25238.0500000000
1789474686187,25238.5500000000,25239.0500000000
1789474686593,25236.5500000000,25237.0500000000
1789474686796,25237.5500000000,25238.0500000000
1789474688619,25238.5500000000,25239.0500000000
1789474688822,25239.5500000000,25240.0500000000
1789474691444,25238.5500000000,25239.0500000000
1789474691644,25239.5500000000,25240.0500000000
1789474691849,25238.5500000000,25239.0500000000
1789474692255,25239.5500000000,25240.0500000000
1789474692861,25238.5500000000,25239.0500000000
1789474693671,25239.5500000000,25240.0500000000
1789474694079,25238.5500000000,25239.0500000000
1789474694686,25237.5500000000,25238.0500000000
1789474695087,25236.5500000000,25237.0500000000
1789474695896,25237.5500000000,25238.0500000000
1789474696506,25236.5500000000,25237.0500000000
1789474697515,25235.5500000000,25236.0500000000
1789474698122,25234.5500000000,25235.0500000000
1789474701964,25235.5500000000,25236.0500000000
1789474702168,25234.5500000000,25235.0500000000
1789474703179,25233.5500000000,25234.0500000000
1789474707422,25235.5500000000,25236.0500000000
1789474708234,25236.5500000000,25237.0500000000
1789474708436,25235.5500000000,25236.0500000000
1789474709046,25236.5500000000,25237.0500000000
1789474709446,25235.5500000000,25236.0500000000
1789474710254,25236.5500000000,25237.0500000000
1789474713692,25237.5500000000,25238.0500000000
1789474713895,25238.5500000000,25239.0500000000
1789474714097,25237.5500000000,25238.0500000000
1789474715309,25236.5500000000,25237.0500000000
1789474715513,25237.5500000000,25238.0500000000
1789474716526,25238.5500000000,25239.0500000000
1789474717329,25237.5500000000,25238.0500000000
1789474719147,25238.5500000000,25239.0500000000
1789474719551,25237.5500000000,25238.0500000000
1789474719757,25238.5500000000,25239.0500000000
1789474719954,25237.5500000000,25238.0500000000
1789474720155,25236.5500000000,25237.0500000000
1789474720357,25237.5500000000,25238.0500000000
1789474722784,25235.5500000000,25236.0500000000
1789474722985,25234.5500000000,25235.0500000000
1789474724799,25235.5500000000,25236.0500000000
1789474726012,25234.5500000000,25235.0500000000
1789474726217,25235.5500000000,25236.0500000000
1789474728844,25234.5500000000,25235.0500000000
1789474729045,25235.5500000000,25236.0500000000
1789474730661,25234.5500000000,25235.0500000000
1789474731069,25235.5500000000,25236.0500000000
1789474731878,25231.5500000000,25232.0500000000
1789474732077,25232.5500000000,25233.0500000000
1789474732284,25229.5500000000,25230.0500000000
1789474732890,25230.5500000000,25231.0500000000
1789474734507,25231.5500000000,25232.0500000000
1789474734713,25232.5500000000,25233.0500000000
1789474735724,25233.5500000000,25234.0500000000
1789474737149,25234.5500000000,25235.0500000000
1789474738357,25233.5500000000,25234.0500000000
1789474740380,25233.5500000000,25234.0500000000
1789474743416,25232.5500000000,25233.0500000000
1789474744225,25233.5500000000,25234.0500000000
1789474745843,25234.5500000000,25235.0500000000
1789474747265,25233.5500000000,25234.0500000000
1789474747665,25234.5500000000,25235.0500000000
1789474748886,25233.5500000000,25234.0500000000
1789474749287,25234.5500000000,25235.0500000000
1789474749689,25233.5500000000,25234.0500000000
1789474749893,25234.5500000000,25235.0500000000
1789474750297,25233.5500000000,25234.0500000000
1789474751308,25234.5500000000,25235.0500000000
1789474755357,25236.5500000000,25237.0500000000
1789474756565,25237.5500000000,25238.0500000000
1789474756767,25236.5500000000,25237.0500000000
1789474756968,25237.5500000000,25238.0500000000
1789474758590,25236.5500000000,25237.0500000000
1789474758790,25235.5500000000,25236.0500000000
1789474758993,25236.5500000000,25237.0500000000
1789474759800,25235.5500000000,25236.0500000000
1789474760204,25236.5500000000,25237.0500000000
1789474761013,25235.5500000000,25236.0500000000
1789474761215,25236.5500000000,25237.0500000000
1789474761620,25237.5500000000,25238.0500000000
1789474761824,25238.5500000000,25239.0500000000
1789474762430,25237.5500000000,25238.0500000000
1789474762634,25236.5500000000,25237.0500000000
1789474763038,25237.5500000000,25238.0500000000
1789474763852,25238.5500000000,25239.0500000000
1789474765062,25237.5500000000,25238.0500000000
1789474765266,25238.5500000000,25239.0500000000
1789474765872,25240.5500000000,25241.0500000000
1789474766075,25239.5500000000,25240.0500000000
1789474766275,25237.5500000000,25238.0500000000
1789474766683,25238.5500000000,25239.0500000000
1789474767492,25237.5500000000,25238.0500000000
1789474771942,25238.5500000000,25239.0500000000
1789474772146,25237.5500000000,25238.0500000000
1789474772750,25236.5500000000,25237.0500000000
1789474772953,25237.5500000000,25238.0500000000
1789474774572,25236.5500000000,25237.0500000000
1789474774977,25237.5500000000,25238.0500000000
1789474778414,25238.5500000000,25239.0500000000
1789474782463,25239.5500000000,25240.0500000000
1789474782866,25238.5500000000,25239.0500000000
1789474783068,25239.5500000000,25240.0500000000
1789474785496,25240.5500000000,25241.0500000000
1789474786511,25242.5500000000,25243.0500000000
1789474787113,25241.5500000000,25242.0500000000
1789474787717,25240.5500000000,25241.0500000000
1789474787919,25241.5500000000,25242.0500000000
1789474790147,25242.5500000000,25243.0500000000
1789474791768,25241.5500000000,25242.0500000000
1789474792169,25242.5500000000,25243.0500000000
1789474792775,25241.5500000000,25242.0500000000
1789474793179,25240.5500000000,25241.0500000000
1789474795609,25241.5500000000,25242.0500000000
1789474796012,25240.5500000000,25241.0500000000
1789474797433,25239.5500000000,25240.0500000000
1789474798237,25238.5500000000,25239.0500000000
1789474798844,25237.5500000000,25238.0500000000
1789474799046,25238.5500000000,25239.0500000000
1789474800258,25237.5500000000,25238.0500000000
1789474801066,25239.5500000000,25240.0500000000
1789474803497,25238.5500000000,25239.0500000000
1789474803696,25237.5500000000,25238.0500000000
1789474803898,25238.5500000000,25239.0500000000
1789474804302,25239.5500000000,25240.0500000000
1789474804706,25238.5500000000,25239.0500000000
1789474804908,25237.5500000000,25238.0500000000
1789474805109,25238.5500000000,25239.0500000000
1789474806125,25239.5500000000,25240.0500000000
1789474806324,25240.5500000000,25241.0500000000
1789474806727,25241.5500000000,25242.0500000000
1789474808750,25242.5500000000,25243.0500000000
1789474810167,25243.5500000000,25244.0500000000
1789474810375,25242.5500000000,25243.0500000000
1789474810774,25243.5500000000,25244.0500000000
1789474811178,25242.5500000000,25243.0500000000
1789474811784,25243.5500000000,25244.0500000000
1789474813199,25245.5500000000,25246.0500000000
1789474813400,25246.5500000000,25247.0500000000
1789474813808,25245.5500000000,25246.0500000000
1789474814411,25246.5500000000,25247.0500000000
1789474814614,25247.5500000000,25248.0500000000
1789474814819,25246.5500000000,25247.0500000000
1789474815223,25245.5500000000,25246.0500000000
1789474815627,25246.5500000000,25247.0500000000
1789474816231,25245.5500000000,25246.0500000000
1789474816434,25246.5500000000,25247.0500000000
1789474816637,25247.5500000000,25248.0500000000
1789474817041,25245.5500000000,25246.0500000000
1789474817248,25244.5500000000,25245.0500000000
1789474817446,25245.5500000000,25246.0500000000
1789474817649,25244.5500000000,25245.0500000000
1789474818052,25245.5500000000,25246.0500000000
1789474818864,25243.5500000000,25244.0500000000
1789474819468,25244.5500000000,25245.0500000000
1789474820073,25245.5500000000,25246.0500000000
1789474820279,25244.5500000000,25245.0500000000
1789474820479,25245.5500000000,25246.0500000000
1789474822502,25244.5500000000,25245.0500000000
1789474822704,25245.5500000000,25246.0500000000
1789474823921,25243.5500000000,25244.0500000000
1789474825132,25244.5500000000,25245.0500000000
1789474825333,25243.5500000000,25244.0500000000
1789474825737,25242.5500000000,25243.0500000000
1789474825944,25243.5500000000,25244.0500000000
1789474826144,25244.5500000000,25245.0500000000
1789474827360,25243.5500000000,25244.0500000000
1789474827965,25242.5500000000,25243.0500000000
1789474828171,25243.5500000000,25244.0500000000
1789474828369,25242.5500000000,25243.0500000000
1789474828775,25243.5500000000,25244.0500000000
1789474829179,25242.5500000000,25243.0500000000
1789474829382,25243.5500000000,25244.0500000000
1789474830799,25244.5500000000,25245.0500000000
1789474831206,25245.5500000000,25246.0500000000
1789474832616,25247.5500000000,25248.0500000000
1789474833019,25246.5500000000,25247.0500000000
1789474833426,25247.5500000000,25248.0500000000
1789474834034,25246.5500000000,25247.0500000000
1789474835045,25245.5500000000,25246.0500000000
1789474835447,25246.5500000000,25247.0500000000
1789474836056,25245.5500000000,25246.0500000000
1789474837876,25246.5500000000,25247.0500000000
1789474839092,25245.5500000000,25246.0500000000
1789474839699,25246.5500000000,25247.0500000000
1789474839900,25247.5500000000,25248.0500000000
1789474840507,25246.5500000000,25247.0500000000
1789474843951,25247.5500000000,25248.0500000000
1789474845366,25245.5500000000,25246.0500000000
1789474848397,25244.5500000000,25245.0500000000
1789474850013,25243.5500000000,25244.0500000000
1789474850215,25242.5500000000,25243.0500000000
1789474853246,25241.5500000000,25242.0500000000
1789474853850,25242.5500000000,25243.0500000000
1789474854254,25243.5500000000,25244.0500000000
1789474857298,25242.5500000000,25243.0500000000
1789474858308,25241.5500000000,25242.0500000000
1789474858509,25242.5500000000,25243.0500000000
1789474859119,25243.5500000000,25244.0500000000
1789474859524,25242.5500000000,25243.0500000000
1789474860128,25242.5500000000,25243.0500000000
1789474860333,25243.5500000000,25244.0500000000
1789474860535,25244.5500000000,25245.0500000000
1789474860734,25243.5500000000,25244.0500000000
1789474861346,25244.5500000000,25245.0500000000
1789474861750,25245.5500000000,25246.0500000000
1789474861950,25244.5500000000,25245.0500000000
1789474862759,25243.5500000000,25244.0500000000
1789474863165,25244.5500000000,25245.0500000000
1789474863368,25242.5500000000,25243.0500000000
1789474864175,25243.5500000000,25244.0500000000
1789474865392,25244.5500000000,25245.0500000000
1789474867211,25245.5500000000,25246.0500000000
1789474867414,25246.5500000000,25247.0500000000
1789474867616,25245.5500000000,25246.0500000000
1789474867821,25244.5500000000,25245.0500000000
1789474868422,25245.5500000000,25246.0500000000
1789474870654,25244.5500000000,25245.0500000000
1789474873081,25245.5500000000,25246.0500000000
1789474875103,25244.5500000000,25245.0500000000
1789474875506,25245.5500000000,25246.0500000000
1789474878946,25244.5500000000,25245.0500000000
1789474879351,25245.5500000000,25246.0500000000
1789474879553,25244.5500000000,25245.0500000000
1789474881372,25243.5500000000,25244.0500000000
1789474883190,25244.5500000000,25245.0500000000
1789474883391,25243.5500000000,25244.0500000000
1789474884400,25242.5500000000,25243.0500000000
1789474885210,25243.5500000000,25244.0500000000
1789474886424,25244.5500000000,25245.0500000000
1789474890464,25245.5500000000,25246.0500000000
1789474891676,25246.5500000000,25247.0500000000
1789474892685,25245.5500000000,25246.0500000000
1789474892888,25243.5500000000,25244.0500000000
1789474893091,25244.5500000000,25245.0500000000
1789474894505,25243.5500000000,25244.0500000000
1789474895716,25242.5500000000,25243.0500000000
1789474896732,25243.5500000000,25244.0500000000
1789474898751,25244.5500000000,25245.0500000000
1789474899759,25243.5500000000,25244.0500000000
1789474899960,25244.5500000000,25245.0500000000
1789474900570,25243.5500000000,25244.0500000000
1789474901986,25242.5500000000,25243.0500000000
1789474903404,25243.5500000000,25244.0500000000
1789474904412,25242.5500000000,25243.0500000000
1789474904616,25243.5500000000,25244.0500000000
1789474904823,25242.5500000000,25243.0500000000
1789474905223,25243.5500000000,25244.0500000000
1789474906437,25242.5500000000,25243.0500000000
1789474907651,25243.5500000000,25244.0500000000
1789474909471,25244.5500000000,25245.0500000000
1789474911287,25245.5500000000,25246.0500000000
1789474912295,25244.5500000000,25245.0500000000
1789474913103,25245.5500000000,25246.0500000000
1789474915332,25244.5500000000,25245.0500000000
1789474916545,25245.5500000000,25246.0500000000
1789474917163,25244.5500000000,25245.0500000000
1789474920598,25244.5500000000,25245.0500000000
1789474922416,25245.5500000000,25246.0500000000
1789474923029,25244.5500000000,25245.0500000000
1789474924249,25243.5500000000,25244.0500000000
1789474924449,25244.5500000000,25245.0500000000
1789474925862,25245.5500000000,25246.0500000000
1789474926675,25246.5500000000,25247.0500000000
1789474927685,25247.5500000000,25248.0500000000
1789474927885,25245.5500000000,25246.0500000000
1789474928294,25246.5500000000,25247.0500000000
1789474928694,25245.5500000000,25246.0500000000
1789474929304,25246.5500000000,25247.0500000000
1789474931529,25247.5500000000,25248.0500000000
1789474933349,25249.5500000000,25250.0500000000
1789474933958,25247.5500000000,25248.0500000000
1789474934770,25248.5500000000,25249.0500000000
1789474934971,25249.5500000000,25250.0500000000
1789474935784,25250.5500000000,25251.0500000000
1789474935982,25248.5500000000,25249.0500000000
1789474936186,25247.5500000000,25248.0500000000
1789474937198,25248.5500000000,25249.0500000000
1789474937400,25247.5500000000,25248.0500000000
1789474937805,25246.5500000000,25247.0500000000
1789474939224,25247.5500000000,25248.0500000000
1789474940642,25248.5500000000,25249.0500000000
1789474941246,25249.5500000000,25250.0500000000
1789474941652,25248.5500000000,25249.0500000000
1789474943065,25249.5500000000,25250.0500000000
1789474943267,25248.5500000000,25249.0500000000
1789474944684,25249.5500000000,25250.0500000000
1789474945089,25248.5500000000,25249.0500000000
1789474945696,25249.5500000000,25250.0500000000
1789474946305,25250.5500000000,25251.0500000000
1789474946708,25249.5500000000,25250.0500000000
1789474947315,25250.5500000000,25251.0500000000
1789474947722,25249.5500000000,25250.0500000000
1789474948930,25250.5500000000,25251.0500000000
1789474954804,25252.5500000000,25253.0500000000
1789474959666,25253.5500000000,25254.0500000000
1789474959867,25252.5500000000,25253.0500000000
1789474960880,25253.5500000000,25254.0500000000
1789474962699,25254.5500000000,25255.0500000000
1789474962901,25252.5500000000,25253.0500000000
1789474963106,25251.5500000000,25252.0500000000
1789474963910,25249.5500000000,25250.0500000000
1789474965532,25248.5500000000,25249.0500000000
1789474965731,25249.5500000000,25250.0500000000
1789474966135,25248.5500000000,25249.0500000000
1789474966337,25249.5500000000,25250.0500000000
1789474966538,25250.5500000000,25251.0500000000
1789474966743,25252.5500000000,25253.0500000000
1789474967346,25251.5500000000,25252.0500000000
1789474969170,25250.5500000000,25251.0500000000
1789474969371,25249.5500000000,25250.0500000000
1789474970587,25250.5500000000,25251.0500000000
1789474970789,25249.5500000000,25250.0500000000
1789474971596,25250.5500000000,25251.0500000000
1789474973014,25251.5500000000,25252.0500000000
1789474973418,25252.5500000000,25253.0500000000
1789474973824,25253.5500000000,25254.0500000000
1789474974427,25252.5500000000,25253.0500000000
1789474975238,25253.5500000000,25254.0500000000
1789474975841,25252.5500000000,25253.0500000000
1789474976449,25251.5500000000,25252.0500000000
1789474977672,25252.5500000000,25253.0500000000
1789474979690,25251.5500000000,25252.0500000000
1789474980500,25251.5500000000,25252.0500000000
1789474980707,25250.5500000000,25251.0500000000
1789474980907,25251.5500000000,25252.0500000000
1789474982928,25250.5500000000,25251.0500000000
1789474983536,25251.5500000000,25252.0500000000
1789474983739,25250.5500000000,25251.0500000000
1789474985963,25249.5500000000,25250.0500000000
1789474986571,25248.5500000000,25249.0500000000
1789474987171,25247.5500000000,25248.0500000000
1789474987576,25248.5500000000,25249.0500000000
1789474988183,25249.5500000000,25250.0500000000
1789474989800,25250.5500000000,25251.0500000000
1789474990003,25249.5500000000,25250.0500000000
1789474993037,25248.5500000000,25249.0500000000
1789474994252,25247.5500000000,25248.0500000000
1789474997690,25248.5500000000,25249.0500000000
1789474997892,25247.5500000000,25248.0500000000
1789474999109,25248.5500000000,25249.0500000000
1789474999715,25247.5500000000,25248.0500000000
1789475000525,25246.5500000000,25247.0500000000
1789475000729,25247.5500000000,25248.0500000000
1789475000931,25246.5500000000,25247.0500000000
1789475001134,25245.5500000000,25246.0500000000
1789475001334,25246.5500000000,25247.0500000000
1789475002346,25245.5500000000,25246.0500000000
1789475003562,25244.5500000000,25245.0500000000
1789475003966,25245.5500000000,25246.0500000000
1789475004771,25246.5500000000,25247.0500000000
1789475005175,25247.5500000000,25248.0500000000
1789475005375,25246.5500000000,25247.0500000000
1789475006185,25247.5500000000,25248.0500000000
1789475006794,25246.5500000000,25247.0500000000
1789475007398,25247.5500000000,25248.0500000000
1789475009831,25248.5500000000,25249.0500000000
1789475010644,25247.5500000000,25248.0500000000
1789475011657,25245.5500000000,25246.0500000000
1789475011866,25244.5500000000,25245.0500000000
1789475012060,25245.5500000000,25246.0500000000
1789475012265,25244.5500000000,25245.0500000000
1789475012463,25245.5500000000,25246.0500000000
1789475013677,25247.5500000000,25248.0500000000
1789475013879,25248.5500000000,25249.0500000000
1789475014890,25247.5500000000,25248.0500000000
1789475016103,25248.5500000000,25249.0500000000
1789475016508,25247.5500000000,25248.0500000000
1789475016711,25248.5500000000,25249.0500000000
1789475017925,25247.5500000000,25248.0500000000
1789475019135,25246.5500000000,25247.0500000000
1789475019339,25245.5500000000,25246.0500000000
1789475019542,25246.5500000000,25247.0500000000
1789475019741,25245.5500000000,25246.0500000000
1789475021360,25246.5500000000,25247.0500000000
1789475022574,25245.5500000000,25246.0500000000
1789475022979,25246.5500000000,25247.0500000000
1789475023182,25245.5500000000,25246.0500000000
1789475023587,25246.5500000000,25247.0500000000
1789475025203,25245.5500000000,25246.0500000000
1789475025405,25246.5500000000,25247.0500000000
1789475025608,25249.5500000000,25250.0500000000
1789475025818,25255.5500000000,25256.0500000000
1789475026021,25259.5500000000,25260.0500000000
1789475026222,25257.5500000000,25258.0500000000
1789475026629,25258.5500000000,25259.0500000000
1789475026826,25255.5500000000,25256.0500000000
1789475027641,25254.5500000000,25255.0500000000
1789475028039,25253.5500000000,25254.0500000000
1789475028239,25252.5500000000,25253.0500000000
1789475028442,25253.5500000000,25254.0500000000
1789475028647,25252.5500000000,25253.0500000000
1789475029255,25251.5500000000,25252.0500000000
1789475029856,25252.5500000000,25253.0500000000
1789475030061,25251.5500000000,25252.0500000000
1789475030267,25252.5500000000,25253.0500000000
1789475030465,25251.5500000000,25252.0500000000
1789475030664,25250.5500000000,25251.0500000000
1789475031476,25249.5500000000,25250.0500000000
1789475031679,25250.5500000000,25251.0500000000
1789475032080,25251.5500000000,25252.0500000000
1789475032281,25250.5500000000,25251.0500000000
1789475033298,25253.5500000000,25254.0500000000
1789475034107,25254.5500000000,25255.0500000000
1789475034307,25253.5500000000,25254.0500000000
1789475035318,25252.5500000000,25253.0500000000
1789475036536,25253.5500000000,25254.0500000000
1789475037954,25252.5500000000,25253.0500000000
1789475038358,25253.5500000000,25254.0500000000
1789475041194,25253.5500000000,25254.0500000000
1789475042406,25254.5500000000,25255.0500000000
1789475044017,25253.5500000000,25254.0500000000
1789475044621,25254.5500000000,25255.0500000000
1789475045029,25255.5500000000,25256.0500000000
1789475045430,25257.5500000000,25258.0500000000
1789475045637,25258.5500000000,25259.0500000000
1789475046849,25257.5500000000,25258.0500000000
1789475048061,25256.5500000000,25257.0500000000
1789475050079,25257.5500000000,25258.0500000000
1789475050284,25258.5500000000,25259.0500000000
1789475050688,25257.5500000000,25258.0500000000
1789475050892,25259.5500000000,25260.0500000000
1789475051901,25260.5500000000,25261.0500000000
1789475052307,25259.5500000000,25260.0500000000
1789475052508,25258.5500000000,25259.0500000000
1789475053115,25259.5500000000,25260.0500000000
1789475053318,25258.5500000000,25259.0500000000
1789475054332,25257.5500000000,25258.0500000000
1789475055341,25256.5500000000,25257.0500000000
1789475056758,25255.5500000000,25256.0500000000
1789475058582,25256.5500000000,25257.0500000000
1789475058781,25255.5500000000,25256.0500000000
1789475059996,25256.5500000000,25257.0500000000
1789475060605,25255.5500000000,25256.0500000000
1789475063636,25256.5500000000,25257.0500000000
1789475064447,25255.5500000000,25256.0500000000
1789475064851,25256.5500000000,25257.0500000000
1789475065053,25255.5500000000,25256.0500000000
1789475065662,25256.5500000000,25257.0500000000
1789475067278,25255.5500000000,25256.0500000000
1789475067481,25256.5500000000,25257.0500000000
1789475067884,25257.5500000000,25258.0500000000
1789475068894,25258.5500000000,25259.0500000000
1789475071115,25259.5500000000,25260.0500000000
1789475071319,25258.5500000000,25259.0500000000
1789475072332,25257.5500000000,25258.0500000000
1789475072536,25255.5500000000,25256.0500000000
1789475073139,25256.5500000000,25257.0500000000
1789475074148,25254.5500000000,25255.0500000000
1789475074350,25255.5500000000,25256.0500000000
1789475074953,25254.5500000000,25255.0500000000
1789475075968,25255.5500000000,25256.0500000000
1789475076367,25254.5500000000,25255.0500000000
1789475076568,25255.5500000000,25256.0500000000
1789475077376,25254.5500000000,25255.0500000000
1789475077581,25253.5500000000,25254.0500000000
1789475078995,25254.5500000000,25255.0500000000
1789475080012,25253.5500000000,25254.0500000000
1789475080819,25252.5500000000,25253.0500000000
1789475081224,25253.5500000000,25254.0500000000
1789475082233,25252.5500000000,25253.0500000000
1789475082636,25253.5500000000,25254.0500000000
1789475082837,25252.5500000000,25253.0500000000
1789475083044,25253.5500000000,25254.0500000000
1789475085468,25252.5500000000,25253.0500000000
1789475089715,25253.5500000000,25254.0500000000
1789475093359,25252.5500000000,25253.0500000000
1789475093764,25253.5500000000,25254.0500000000
1789475095181,25254.5500000000,25255.0500000000
1789475095586,25253.5500000000,25254.0500000000
1789475098026,25254.5500000000,25255.0500000000
1789475099239,25255.5500000000,25256.0500000000
1789475099640,25254.5500000000,25255.0500000000
1789475100045,25254.5500000000,25255.0500000000
1789475101061,25255.5500000000,25256.0500000000
1789475101876,25256.5500000000,25257.0500000000
1789475102683,25257.5500000000,25258.0500000000
1789475103086,25258.5500000000,25259.0500000000
1789475103289,25256.5500000000,25257.0500000000
1789475103896,25257.5500000000,25258.0500000000
1789475104306,25258.5500000000,25259.0500000000
1789475104911,25257.5500000000,25258.0500000000
1789475105112,25258.5500000000,25259.0500000000
1789475105520,25259.5500000000,25260.0500000000
1789475106129,25260.5500000000,25261.0500000000
1789475106329,25261.5500000000,25262.0500000000
1789475106935,25260.5500000000,25261.0500000000
1789475107341,25261.5500000000,25262.0500000000
1789475108349,25260.5500000000,25261.0500000000
1789475108957,25261.5500000000,25262.0500000000
1789475109565,25262.5500000000,25263.0500000000
1789475109771,25263.5500000000,25264.0500000000
1789475110171,25262.5500000000,25263.0500000000
1789475110375,25261.5500000000,25262.0500000000
1789475110576,25262.5500000000,25263.0500000000
1789475110778,25263.5500000000,25264.0500000000
1789475110982,25262.5500000000,25263.0500000000
1789475111388,25261.5500000000,25262.0500000000
1789475112193,25262.5500000000,25263.0500000000
1789475112798,25261.5500000000,25262.0500000000
1789475114011,25260.5500000000,25261.0500000000
1789475114414,25261.5500000000,25262.0500000000
1789475115625,25262.5500000000,25263.0500000000
1789475115827,25261.5500000000,25262.0500000000
1789475116432,25262.5500000000,25263.0500000000
1789475117243,25261.5500000000,25262.0500000000
1789475117851,25262.5500000000,25263.0500000000
1789475118048,25261.5500000000,25262.0500000000
1789475118454,25262.5500000000,25263.0500000000
1789475118865,25261.5500000000,25262.0500000000
1789475119263,25260.5500000000,25261.0500000000
1789475119669,25259.5500000000,25260.0500000000
1789475119872,25258.5500000000,25259.0500000000
1789475120880,25257.5500000000,25258.0500000000
1789475121286,25258.5500000000,25259.0500000000
1789475122093,25257.5500000000,25258.0500000000
1789475122498,25258.5500000000,25259.0500000000
1789475122701,25257.5500000000,25258.0500000000
1789475123711,25256.5500000000,25257.0500000000
1789475124117,25255.5500000000,25256.0500000000
1789475125131,25257.5500000000,25258.0500000000
1789475125334,25256.5500000000,25257.0500000000
1789475125943,25255.5500000000,25256.0500000000
1789475127154,25256.5500000000,25257.0500000000
1789475127358,25255.5500000000,25256.0500000000
1789475129174,25256.5500000000,25257.0500000000
1789475129583,25255.5500000000,25256.0500000000
1789475130592,25256.5500000000,25257.0500000000
1789475130795,25255.5500000000,25256.0500000000
1789475131400,25254.5500000000,25255.0500000000
1789475131606,25255.5500000000,25256.0500000000
1789475131806,25254.5500000000,25255.0500000000
1789475134034,25253.5500000000,25254.0500000000
1789475134236,25254.5500000000,25255.0500000000
1789475134437,25255.5500000000,25256.0500000000
1789475135852,25254.5500000000,25255.0500000000
1789475137269,25253.5500000000,25254.0500000000
1789475139290,25252.5500000000,25253.0500000000
1789475141536,25251.5500000000,25252.0500000000
1789475141738,25252.5500000000,25253.0500000000
1789475142142,25251.5500000000,25252.0500000000
1789475142750,25252.5500000000,25253.0500000000
1789475145176,25251.5500000000,25252.0500000000
1789475145580,25250.5500000000,25251.0500000000
1789475147602,25251.5500000000,25252.0500000000
1789475147813,25250.5500000000,25251.0500000000
1789475148210,25249.5500000000,25250.0500000000
1789475148412,25250.5500000000,25251.0500000000
1789475150640,25251.5500000000,25252.0500000000
1789475150845,25250.5500000000,25251.0500000000
1789475151043,25251.5500000000,25252.0500000000
1789475151247,25252.5500000000,25253.0500000000
1789475152865,25251.5500000000,25252.0500000000
1789475153066,25250.5500000000,25251.0500000000
1789475154681,25249.5500000000,25250.0500000000
1789475155084,25250.5500000000,25251.0500000000
1789475155290,25249.5500000000,25250.0500000000
1789475155695,25250.5500000000,25251.0500000000
1789475157719,25251.5500000000,25252.0500000000
1789475159339,25252.5500000000,25253.0500000000
1789475160762,25251.5500000000,25252.0500000000
1789475161364,25252.5500000000,25253.0500000000
1789475162783,25251.5500000000,25252.0500000000
1789475162982,25252.5500000000,25253.0500000000
1789475167438,25251.5500000000,25252.0500000000
1789475168042,25252.5500000000,25253.0500000000
1789475169454,25251.5500000000,25252.0500000000
1789475169857,25252.5500000000,25253.0500000000
1789475170061,25251.5500000000,25252.0500000000
1789475170665,25252.5500000000,25253.0500000000
1789475174305,25253.5500000000,25254.0500000000
1789475174911,25252.5500000000,25253.0500000000
1789475175112,25253.5500000000,25254.0500000000
1789475175313,25252.5500000000,25253.0500000000
1789475176124,25253.5500000000,25254.0500000000
1789475176936,25252.5500000000,25253.0500000000
1789475179971,25253.5500000000,25254.0500000000
1789475180175,25252.5500000000,25253.0500000000
1789475180376,25253.5500000000,25254.0500000000
1789475180988,25252.5500000000,25253.0500000000
1789475181588,25253.5500000000,25254.0500000000
1789475185032,25252.5500000000,25253.0500000000
1789475186041,25253.5500000000,25254.0500000000
1789475186850,25252.5500000000,25253.0500000000
1789475187252,25253.5500000000,25254.0500000000
1789475187861,25252.5500000000,25253.0500000000
1789475188875,25253.5500000000,25254.0500000000
1789475189685,25252.5500000000,25253.0500000000
1789475190895,25251.5500000000,25252.0500000000
1789475191300,25252.5500000000,25253.0500000000
1789475191905,25251.5500000000,25252.0500000000
1789475192510,25252.5500000000,25253.0500000000
1789475193727,25253.5500000000,25254.0500000000
1789475194535,25252.5500000000,25253.0500000000
1789475194736,25253.5500000000,25254.0500000000
1789475195353,25254.5500000000,25255.0500000000
1789475196152,25255.5500000000,25256.0500000000
1789475200200,25256.5500000000,25257.0500000000
1789475200405,25258.5500000000,25259.0500000000
1789475202218,25257.5500000000,25258.0500000000
1789475202423,25258.5500000000,25259.0500000000
1789475203634,25257.5500000000,25258.0500000000
1789475204041,25258.5500000000,25259.0500000000
1789475206061,25259.5500000000,25260.0500000000
1789475206870,25260.5500000000,25261.0500000000
1789475207077,25259.5500000000,25260.0500000000
1789475208693,25258.5500000000,25259.0500000000
1789475208901,25259.5500000000,25260.0500000000
1789475209908,25258.5500000000,25259.0500000000
1789475210113,25259.5500000000,25260.0500000000
1789475210315,25260.5500000000,25261.0500000000
1789475210918,25259.5500000000,25260.0500000000
1789475211930,25258.5500000000,25259.0500000000
1789475212535,25257.5500000000,25258.0500000000
1789475212941,25258.5500000000,25259.0500000000
1789475214156,25257.5500000000,25258.0500000000
1789475214763,25258.5500000000,25259.0500000000
1789475215165,25257.5500000000,25258.0500000000
1789475215774,25259.5500000000,25260.0500000000
1789475217800,25258.5500000000,25259.0500000000
1789475218200,25259.5500000000,25260.0500000000
1789475220026,25260.5500000000,25261.0500000000
1789475220426,25259.5500000000,25260.0500000000
1789475222646,25260.5500000000,25261.0500000000
1789475222851,25261.5500000000,25262.0500000000
1789475223458,25262.5500000000,25263.0500000000
1789475223857,25265.5500000000,25266.0500000000
1789475226892,25266.5500000000,25267.0500000000
1789475228109,25267.5500000000,25268.0500000000
1789475228514,25268.5500000000,25269.0500000000
1789475229318,25267.5500000000,25268.0500000000
1789475230734,25268.5500000000,25269.0500000000
1789475233559,25267.5500000000,25268.0500000000
1789475233761,25268.5500000000,25269.0500000000
1789475234975,25272.5500000000,25273.0500000000
1789475236184,25273.5500000000,25274.0500000000
1789475237398,25270.5500000000,25271.0500000000
1789475238010,25269.5500000000,25270.0500000000
1789475238210,25270.5500000000,25271.0500000000
1789475238615,25269.5500000000,25270.0500000000
1789475239222,25270.5500000000,25271.0500000000
1789475239424,25271.5500000000,25272.0500000000
1789475239627,25270.5500000000,25271.0500000000
1789475243064,25271.5500000000,25272.0500000000
1789475243274,25272.5500000000,25273.0500000000
1789475243471,25271.5500000000,25272.0500000000
1789475244886,25270.5500000000,25271.0500000000
1789475246297,25271.5500000000,25272.0500000000
1789475246706,25272.5500000000,25273.0500000000
1789475247107,25271.5500000000,25272.0500000000
1789475248125,25270.5500000000,25271.0500000000
1789475248730,25271.5500000000,25272.0500000000
1789475248930,25270.5500000000,25271.0500000000
1789475249942,25271.5500000000,25272.0500000000
1789475250144,25270.5500000000,25271.0500000000
1789475250958,25269.5500000000,25270.0500000000
1789475251560,25270.5500000000,25271.0500000000
1789475254593,25269.5500000000,25270.0500000000
1789475255803,25268.5500000000,25269.0500000000
1789475256414,25269.5500000000,25270.0500000000
1789475259448,25268.5500000000,25269.0500000000
1789475260054,25269.5500000000,25270.0500000000
1789475260658,25268.5500000000,25269.0500000000
1789475260865,25269.5500000000,25270.0500000000
1789475261673,25270.5500000000,25271.0500000000
1789475261878,25269.5500000000,25270.0500000000
1789475263692,25270.5500000000,25271.0500000000
1789475264908,25272.5500000000,25273.0500000000
1789475265111,25271.5500000000,25272.0500000000
1789475265512,25272.5500000000,25273.0500000000
1789475266119,25271.5500000000,25272.0500000000
1789475266728,25272.5500000000,25273.0500000000
1789475266932,25271.5500000000,25272.0500000000
1789475267335,25272.5500000000,25273.0500000000
1789475267944,25273.5500000000,25274.0500000000
1789475268959,25271.5500000000,25272.0500000000
1789475269359,25270.5500000000,25271.0500000000
1789475271585,25269.5500000000,25270.0500000000
1789475272796,25270.5500000000,25271.0500000000
1789475273001,25269.5500000000,25270.0500000000
1789475276641,25268.5500000000,25269.0500000000
1789475278672,25269.5500000000,25270.0500000000
1789475279688,25270.5500000000,25271.0500000000
1789475280089,25270.5500000000,25271.0500000000
1789475280903,25271.5500000000,25272.0500000000
1789475283526,25272.5500000000,25273.0500000000
1789475283727,25271.5500000000,25272.0500000000
1789475284134,25272.5500000000,25273.0500000000
1789475287165,25271.5500000000,25272.0500000000
1789475287372,25272.5500000000,25273.0500000000
1789475287573,25271.5500000000,25272.0500000000
1789475289598,25272.5500000000,25273.0500000000
1789475290006,25273.5500000000,25274.0500000000
1789475294249,25272.5500000000,25273.0500000000
1789475295057,25270.5500000000,25271.0500000000
1789475295258,25271.5500000000,25272.0500000000
1789475296679,25272.5500000000,25273.0500000000
1789475301123,25275.5500000000,25276.0500000000
1789475308404,25274.5500000000,25275.0500000000
1789475308604,25275.5500000000,25276.0500000000
1789475309616,25274.5500000000,25275.0500000000
1789475310222,25275.5500000000,25276.0500000000
1789475310828,25274.5500000000,25275.0500000000
1789475313250,25275.5500000000,25276.0500000000
1789475315877,25276.5500000000,25277.0500000000
1789475317090,25275.5500000000,25276.0500000000
1789475321940,25274.5500000000,25275.0500000000
1789475322144,25275.5500000000,25276.0500000000
1789475325789,25276.5500000000,25277.0500000000
1789475326998,25275.5500000000,25276.0500000000
1789475327200,25274.5500000000,25275.0500000000
1789475327604,25273.5500000000,25274.0500000000
1789475328210,25274.5500000000,25275.0500000000
1789475329020,25273.5500000000,25274.0500000000
1789475329831,25274.5500000000,25275.0500000000
1789475331850,25275.5500000000,25276.0500000000
1789475332258,25274.5500000000,25275.0500000000
1789475332661,25276.5500000000,25277.0500000000
1789475332864,25275.5500000000,25276.0500000000
1789475334485,25274.5500000000,25275.0500000000
1789475334683,25273.5500000000,25274.0500000000
1789475334890,25274.5500000000,25275.0500000000
1789475335698,25275.5500000000,25276.0500000000
1789475336705,25276.5500000000,25277.0500000000
1789475336908,25275.5500000000,25276.0500000000
1789475337109,25276.5500000000,25277.0500000000
1789475338733,25275.5500000000,25276.0500000000
1789475339746,25276.5500000000,25277.0500000000
1789475340153,25275.5500000000,25276.0500000000
1789475340353,25276.5500000000,25277.0500000000
1789475341168,25277.5500000000,25278.0500000000
1789475354526,25278.5500000000,25279.0500000000
1789475355137,25277.5500000000,25278.0500000000
1789475356956,25278.5500000000,25279.0500000000
1789475357157,25279.5500000000,25280.0500000000
1789475358373,25280.5500000000,25281.0500000000
1789475358775,25281.5500000000,25282.0500000000
1789475359379,25280.5500000000,25281.0500000000
1789475359586,25281.5500000000,25282.0500000000
1789475362613,25282.5500000000,25283.0500000000
1789475365043,25281.5500000000,25282.0500000000
1789475365648,25280.5500000000,25281.0500000000
1789475366664,25279.5500000000,25280.0500000000
1789475366865,25278.5500000000,25279.0500000000
1789475368080,25279.5500000000,25280.0500000000
1789475372321,25278.5500000000,25279.0500000000
1789475372525,25279.5500000000,25280.0500000000
1789475375353,25278.5500000000,25279.0500000000
1789475375556,25279.5500000000,25280.0500000000
1789475376768,25278.5500000000,25279.0500000000
1789475376969,25279.5500000000,25280.0500000000
1789475377172,25278.5500000000,25279.0500000000
1789475378588,25279.5500000000,25280.0500000000
1789475378993,25278.5500000000,25279.0500000000
1789475381215,25279.5500000000,25280.0500000000
1789475381414,25278.5500000000,25279.0500000000
1789475383230,25279.5500000000,25280.0500000000
1789475387688,25280.5500000000,25281.0500000000
1789475390521,25279.5500000000,25280.0500000000
1789475395983,25278.5500000000,25279.0500000000
1789475396995,25279.5500000000,25280.0500000000
1789475398212,25278.5500000000,25279.0500000000
1789475400036,25278.5500000000,25279.0500000000
1789475401245,25279.5500000000,25280.0500000000
1789475401851,25280.5500000000,25281.0500000000
1789475403266,25279.5500000000,25280.0500000000
1789475403679,25280.5500000000,25281.0500000000
1789475406507,25282.5500000000,25283.0500000000
1789475407110,25283.5500000000,25284.0500000000
1789475407918,25282.5500000000,25283.0500000000
1789475408731,25283.5500000000,25284.0500000000
1789475408928,25282.5500000000,25283.0500000000
1789475410753,25281.5500000000,25282.0500000000
1789475411161,25280.5500000000,25281.0500000000
1789475411967,25279.5500000000,25280.0500000000
1789475412369,25280.5500000000,25281.0500000000
1789475412572,25281.5500000000,25282.0500000000
1789475412777,25280.5500000000,25281.0500000000
1789475413985,25279.5500000000,25280.0500000000
1789475414192,25278.5500000000,25279.0500000000
1789475414391,25279.5500000000,25280.0500000000
1789475414797,25278.5500000000,25279.0500000000
1789475417227,25277.5500000000,25278.0500000000
1789475418844,25278.5500000000,25279.0500000000
1789475419048,25279.5500000000,25280.0500000000
1789475419657,25281.5500000000,25282.0500000000
1789475420260,25279.5500000000,25280.0500000000
1789475420465,25280.5500000000,25281.0500000000
1789475421071,25279.5500000000,25280.0500000000
1789475421884,25280.5500000000,25281.0500000000
1789475422080,25279.5500000000,25280.0500000000
1789475422283,25278.5500000000,25279.0500000000
1789475423495,25280.5500000000,25281.0500000000
1789475423700,25279.5500000000,25280.0500000000
1789475425315,25278.5500000000,25279.0500000000
1789475426131,25276.5500000000,25277.0500000000
1789475426334,25275.5500000000,25276.0500000000
1789475426532,25276.5500000000,25277.0500000000
1789475426934,25277.5500000000,25278.0500000000
1789475427136,25276.5500000000,25277.0500000000
1789475427340,25277.5500000000,25278.0500000000
1789475427541,25276.5500000000,25277.0500000000
1789475428350,25277.5500000000,25278.0500000000
1789475431997,25278.5500000000,25279.0500000000
1789475432196,25279.5500000000,25280.0500000000
1789475432804,25280.5500000000,25281.0500000000
1789475433006,25281.5500000000,25282.0500000000
1789475433208,25280.5500000000,25281.0500000000
1789475433815,25279.5500000000,25280.0500000000
1789475434219,25281.5500000000,25282.0500000000
1789475434829,25283.5500000000,25284.0500000000
1789475435434,25285.5500000000,25286.0500000000
1789475436447,25284.5500000000,25285.0500000000
1789475436656,25283.5500000000,25284.0500000000
1789475437865,25282.5500000000,25283.0500000000
1789475439076,25281.5500000000,25282.0500000000
1789475439887,25280.5500000000,25281.0500000000
1789475440093,25282.5500000000,25283.0500000000
1789475442720,25283.5500000000,25284.0500000000
1789475442925,25282.5500000000,25283.0500000000
1789475443124,25283.5500000000,25284.0500000000
1789475444138,25284.5500000000,25285.0500000000
1789475444341,25283.5500000000,25284.0500000000
1789475444749,25284.5500000000,25285.0500000000
1789475446170,25283.5500000000,25284.0500000000
1789475446976,25284.5500000000,25285.0500000000
1789475447378,25283.5500000000,25284.0500000000
1789475448797,25284.5500000000,25285.0500000000
1789475451224,25283.5500000000,25284.0500000000
1789475451428,25284.5500000000,25285.0500000000
1789475451830,25283.5500000000,25284.0500000000
1789475452031,25284.5500000000,25285.0500000000
1789475452637,25283.5500000000,25284.0500000000
1789475453041,25286.5500000000,25287.0500000000
1789475453243,25285.5500000000,25286.0500000000
1789475453648,25283.5500000000,25284.0500000000
1789475454261,25284.5500000000,25285.0500000000
1789475455471,25283.5500000000,25284.0500000000
1789475458101,25282.5500000000,25283.0500000000
1789475459317,25281.5500000000,25282.0500000000
1789475459925,25282.5500000000,25283.0500000000
1789475460127,25282.5500000000,25283.0500000000
1789475460733,25283.5500000000,25284.0500000000
1789475461747,25282.5500000000,25283.0500000000
1789475461950,25283.5500000000,25284.0500000000
1789475462353,25282.5500000000,25283.0500000000
1789475463365,25283.5500000000,25284.0500000000
1789475464981,25284.5500000000,25285.0500000000
1789475465791,25286.5500000000,25287.0500000000
1789475467005,25287.5500000000,25288.0500000000
1789475467815,25288.5500000000,25289.0500000000
1789475468017,25287.5500000000,25288.0500000000
1789475469636,25286.5500000000,25287.0500000000
1789475470240,25285.5500000000,25286.0500000000
1789475471051,25286.5500000000,25287.0500000000
1789475471251,25285.5500000000,25286.0500000000
1789475471457,25286.5500000000,25287.0500000000
1789475472266,25287.5500000000,25288.0500000000
1789475474689,25288.5500000000,25289.0500000000
1789475475496,25289.5500000000,25290.0500000000
1789475475902,25288.5500000000,25289.0500000000
1789475476106,25289.5500000000,25290.0500000000
1789475476307,25288.5500000000,25289.0500000000
1789475476514,25289.5500000000,25290.0500000000
1789475476713,25288.5500000000,25289.0500000000
1789475477927,25289.5500000000,25290.0500000000
1789475478735,25288.5500000000,25289.0500000000
1789475479342,25286.5500000000,25287.0500000000
1789475479547,25287.5500000000,25288.0500000000
1789475479746,25285.5500000000,25286.0500000000
1789475482174,25282.5500000000,25283.0500000000
1789475482377,25283.5500000000,25284.0500000000
1789475482579,25284.5500000000,25285.0500000000
1789475485813,25285.5500000000,25286.0500000000
1789475486624,25287.5500000000,25288.0500000000
1789475486828,25286.5500000000,25287.0500000000
1789475490470,25285.5500000000,25286.0500000000
1789475490676,25286.5500000000,25287.0500000000
1789475493098,25287.5500000000,25288.0500000000
1789475495527,25289.5500000000,25290.0500000000
1789475495738,25288.5500000000,25289.0500000000
1789475495932,25289.5500000000,25290.0500000000
1789475496134,25290.5500000000,25291.0500000000
1789475496341,25289.5500000000,25290.0500000000
1789475496539,25291.5500000000,25292.0500000000
1789475496948,25290.5500000000,25291.0500000000
1789475497346,25289.5500000000,25290.0500000000
1789475498157,25290.5500000000,25291.0500000000
1789475499164,25291.5500000000,25292.0500000000
1789475499366,25290.5500000000,25291.0500000000
1789475500174,25289.5500000000,25290.0500000000
1789475500377,25288.5500000000,25289.0500000000
1789475501186,25287.5500000000,25288.0500000000
1789475501387,25286.5500000000,25287.0500000000
1789475503408,25285.5500000000,25286.0500000000
1789475503611,25284.5500000000,25285.0500000000
1789475504015,25285.5500000000,25286.0500000000
1789475504620,25286.5500000000,25287.0500000000
1789475505829,25287.5500000000,25288.0500000000
1789475506234,25286.5500000000,25287.0500000000
1789475507040,25287.5500000000,25288.0500000000
1789475508058,25289.5500000000,25290.0500000000
1789475508665,25290.5500000000,25291.0500000000
1789475509268,25289.5500000000,25290.0500000000
1789475509679,25287.5500000000,25288.0500000000
1789475509878,25288.5500000000,25289.0500000000
1789475510482,25289.5500000000,25290.0500000000
1789475510684,25288.5500000000,25289.0500000000
1789475511494,25287.5500000000,25288.0500000000
1789475512506,25286.5500000000,25287.0500000000
1789475513920,25288.5500000000,25289.0500000000
1789475514933,25289.5500000000,25290.0500000000
1789475515142,25288.5500000000,25289.0500000000
1789475515945,25289.5500000000,25290.0500000000
1789475516348,25288.5500000000,25289.0500000000
1789475518382,25287.5500000000,25288.0500000000
1789475518583,25288.5500000000,25289.0500000000
1789475520198,25289.5500000000,25290.0500000000
1789475522219,25290.5500000000,25291.0500000000
1789475522422,25291.5500000000,25292.0500000000
1789475522827,25292.5500000000,25293.0500000000
1789475523028,25291.5500000000,25292.0500000000
1789475524445,25290.5500000000,25291.0500000000
1789475526063,25291.5500000000,25292.0500000000
1789475526265,25290.5500000000,25291.0500000000
1789475528089,25291.5500000000,25292.0500000000
1789475530107,25292.5500000000,25293.0500000000
1789475530917,25293.5500000000,25294.0500000000
1789475531321,25294.5500000000,25295.0500000000
1789475532537,25292.5500000000,25293.0500000000
1789475532942,25290.5500000000,25291.0500000000
1789475533144,25291.5500000000,25292.0500000000
1789475533546,25290.5500000000,25291.0500000000
1789475533748,25289.5500000000,25290.0500000000
1789475534155,25290.5500000000,25291.0500000000
1789475534357,25289.5500000000,25290.0500000000
1789475534763,25290.5500000000,25291.0500000000
1789475534964,25289.5500000000,25290.0500000000
1789475536175,25290.5500000000,25291.0500000000
1789475537801,25291.5500000000,25292.0500000000
1789475537998,25290.5500000000,25291.0500000000
1789475541236,25291.5500000000,25292.0500000000
1789475543867,25293.5500000000,25294.0500000000
1789475545686,25294.5500000000,25295.0500000000
1789475546697,25293.5500000000,25294.0500000000
1789475547102,25294.5500000000,25295.0500000000
1789475547707,25293.5500000000,25294.0500000000
1789475547908,25294.5500000000,25295.0500000000
1789475548512,25295.5500000000,25296.0500000000
1789475551751,25294.5500000000,25295.0500000000
1789475552158,25293.5500000000,25294.0500000000
1789475553976,25291.5500000000,25292.0500000000
1789475554180,25292.5500000000,25293.0500000000
1789475554583,25291.5500000000,25292.0500000000
1789475555597,25290.5500000000,25291.0500000000
1789475555800,25291.5500000000,25292.0500000000
1789475556000,25292.5500000000,25293.0500000000
1789475556610,25291.5500000000,25292.0500000000
1789475560653,25290.5500000000,25291.0500000000
1789475563285,25291.5500000000,25292.0500000000
1789475563486,25290.5500000000,25291.0500000000
1789475565913,25289.5500000000,25290.0500000000
1789475566721,25290.5500000000,25291.0500000000
1789475566929,25289.5500000000,25290.0500000000
1789475567124,25288.5500000000,25289.0500000000
1789475567933,25287.5500000000,25288.0500000000
1789475568749,25288.5500000000,25289.0500000000
1789475569553,25289.5500000000,25290.0500000000
1789475571170,25290.5500000000,25291.0500000000
1789475573396,25289.5500000000,25290.0500000000
1789475574607,25290.5500000000,25291.0500000000
1789475574814,25291.5500000000,25292.0500000000
1789475579062,25292.5500000000,25293.0500000000
1789475579263,25291.5500000000,25292.0500000000
1789475580074,25291.5500000000,25292.0500000000
1789475580278,25290.5500000000,25291.0500000000
1789475581489,25291.5500000000,25292.0500000000
1789475583717,25290.5500000000,25291.0500000000
1789475585133,25291.5500000000,25292.0500000000
1789475587356,25292.5500000000,25293.0500000000
1789475587767,25291.5500000000,25292.0500000000
1789475587964,25292.5500000000,25293.0500000000
1789475588977,25293.5500000000,25294.0500000000
1789475589173,25294.5500000000,25295.0500000000
1789475590587,25293.5500000000,25294.0500000000
1789475591596,25292.5500000000,25293.0500000000
1789475591799,25293.5500000000,25294.0500000000
1789475592203,25294.5500000000,25295.0500000000
1789475594627,25295.5500000000,25296.0500000000
1789475595638,25294.5500000000,25295.0500000000
1789475595839,25293.5500000000,25294.0500000000
1789475596246,25292.5500000000,25293.0500000000
1789475596451,25291.5500000000,25292.0500000000
1789475598874,25290.5500000000,25291.0500000000
1789475599279,25291.5500000000,25292.0500000000
1789475600496,25290.5500000000,25291.0500000000
1789475600899,25291.5500000000,25292.0500000000
1789475601304,25293.5500000000,25294.0500000000
1789475601514,25292.5500000000,25293.0500000000
1789475601912,25291.5500000000,25292.0500000000
1789475602115,25292.5500000000,25293.0500000000
1789475602523,25291.5500000000,25292.0500000000
1789475604136,25290.5500000000,25291.0500000000
1789475604542,25291.5500000000,25292.0500000000
1789475605959,25292.5500000000,25293.0500000000
1789475607172,25291.5500000000,25292.0500000000
1789475607379,25292.5500000000,25293.0500000000
1789475607577,25291.5500000000,25292.0500000000
1789475607780,25292.5500000000,25293.0500000000
1789475608992,25291.5500000000,25292.0500000000
1789475611223,25292.5500000000,25293.0500000000
1789475611424,25291.5500000000,25292.0500000000
1789475611627,25292.5500000000,25293.0500000000
1789475612031,25291.5500000000,25292.0500000000
1789475613449,25290.5500000000,25291.0500000000
1789475616484,25289.5500000000,25290.0500000000
1789475617695,25290.5500000000,25291.0500000000
1789475619315,25289.5500000000,25290.0500000000
1789475619513,25290.5500000000,25291.0500000000
1789475621943,25289.5500000000,25290.0500000000
1789475623964,25288.5500000000,25289.0500000000
1789475624575,25289.5500000000,25290.0500000000
1789475627605,25288.5500000000,25289.0500000000
1789475628009,25289.5500000000,25290.0500000000
1789475630639,25290.5500000000,25291.0500000000
1789475631451,25291.5500000000,25292.0500000000
1789475631650,25290.5500000000,25291.0500000000
1789475632867,25292.5500000000,25293.0500000000
1789475633471,25291.5500000000,25292.0500000000
1789475637922,25290.5500000000,25291.0500000000
1789475638133,25291.5500000000,25292.0500000000
1789475638535,25290.5500000000,25291.0500000000
1789475640149,25290.5500000000,25291.0500000000
1789475640553,25289.5500000000,25290.0500000000
1789475640962,25290.5500000000,25291.0500000000
1789475641569,25291.5500000000,25292.0500000000
1789475641772,25290.5500000000,25291.0500000000
1789475641972,25287.5500000000,25288.0500000000
1789475642177,25288.5500000000,25289.0500000000
1789475642380,25289.5500000000,25290.0500000000
1789475643191,25290.5500000000,25291.0500000000
1789475645006,25289.5500000000,25290.0500000000
1789475647435,25288.5500000000,25289.0500000000
1789475647838,25289.5500000000,25290.0500000000
1789475648240,25288.5500000000,25289.0500000000
1789475649049,25289.5500000000,25290.0500000000
1789475650065,25288.5500000000,25289.0500000000
1789475650464,25289.5500000000,25290.0500000000
1789475651476,25288.5500000000,25289.0500000000
1789475651882,25291.5500000000,25292.0500000000
1789475652085,25292.5500000000,25293.0500000000
1789475652489,25291.5500000000,25292.0500000000
1789475653300,25292.5500000000,25293.0500000000
1789475654918,25291.5500000000,25292.0500000000
1789475655522,25290.5500000000,25291.0500000000
1789475656736,25292.5500000000,25293.0500000000
1789475656940,25291.5500000000,25292.0500000000
1789475658561,25292.5500000000,25293.0500000000
1789475658764,25293.5500000000,25294.0500000000
1789475660993,25292.5500000000,25293.0500000000
1789475661396,25293.5500000000,25294.0500000000
1789475661802,25294.5500000000,25295.0500000000
1789475662407,25295.5500000000,25296.0500000000
1789475664026,25294.5500000000,25295.0500000000
1789475664637,25295.5500000000,25296.0500000000
1789475665241,25294.5500000000,25295.0500000000
1789475665443,25295.5500000000,25296.0500000000
1789475668886,25296.5500000000,25297.0500000000
1789475669086,25297.5500000000,25298.0500000000
1789475669285,25298.5500000000,25299.0500000000
1789475670094,25297.5500000000,25298.0500000000
1789475670500,25298.5500000000,25299.0500000000
1789475671513,25297.5500000000,25298.0500000000
1789475672927,25298.5500000000,25299.0500000000
1789475673131,25297.5500000000,25298.0500000000
1789475674949,25298.5500000000,25299.0500000000
1789475676167,25300.5500000000,25301.0500000000
1789475676369,25299.5500000000,25300.0500000000
1789475676775,25300.5500000000,25301.0500000000
1789475677178,25302.5500000000,25303.0500000000
1789475678390,25303.5500000000,25304.0500000000
1789475679603,25302.5500000000,25303.0500000000
1789475680005,25303.5500000000,25304.0500000000
1789475683851,25304.5500000000,25305.0500000000
1789475684053,25303.5500000000,25304.0500000000
1789475684458,25301.5500000000,25302.0500000000
1789475684861,25302.5500000000,25303.0500000000
1789475686072,25303.5500000000,25304.0500000000
1789475686476,25302.5500000000,25303.0500000000
1789475690328,25303.5500000000,25304.0500000000
1789475690527,25302.5500000000,25303.0500000000
1789475690934,25304.5500000000,25305.0500000000
1789475693562,25305.5500000000,25306.0500000000
1789475693764,25304.5500000000,25305.0500000000
1789475694979,25303.5500000000,25304.0500000000
1789475695992,25304.5500000000,25305.0500000000
1789475696399,25303.5500000000,25304.0500000000
1789475698631,25302.5500000000,25303.0500000000
1789475699036,25301.5500000000,25302.0500000000
1789475700049,25301.5500000000,25302.0500000000
1789475702071,25303.5500000000,25304.0500000000
1789475702272,25302.5500000000,25303.0500000000
1789475702476,25301.5500000000,25302.0500000000
1789475702677,25302.5500000000,25303.0500000000
1789475704098,25301.5500000000,25302.0500000000
1789475707735,25300.5500000000,25301.0500000000
1789475707941,25301.5500000000,25302.0500000000
1789475711570,25300.5500000000,25301.0500000000
1789475712985,25301.5500000000,25302.0500000000
1789475715006,25302.5500000000,25303.0500000000
1789475715614,25303.5500000000,25304.0500000000
1789475715815,25302.5500000000,25303.0500000000
1789475716826,25303.5500000000,25304.0500000000
1789475717832,25302.5500000000,25303.0500000000
1789475718444,25304.5500000000,25305.0500000000
1789475719453,25303.5500000000,25304.0500000000
1789475721069,25304.5500000000,25305.0500000000
1789475723495,25303.5500000000,25304.0500000000
1789475723904,25301.5500000000,25302.0500000000
1789475724100,25302.5500000000,25303.0500000000
1789475725718,25301.5500000000,25302.0500000000
1789475725920,25302.5500000000,25303.0500000000
1789475727741,25303.5500000000,25304.0500000000
1789475729964,25304.5500000000,25305.0500000000
1789475730167,25303.5500000000,25304.0500000000
1789475730364,25304.5500000000,25305.0500000000
1789475736233,25302.5500000000,25303.0500000000
1789475736436,25301.5500000000,25302.0500000000
1789475736839,25302.5500000000,25303.0500000000
1789475738657,25301.5500000000,25302.0500000000
1789475739264,25303.5500000000,25304.0500000000
1789475740071,25302.5500000000,25303.0500000000
1789475740476,25303.5500000000,25304.0500000000
1789475743737,25304.5500000000,25305.0500000000
1789475745152,25303.5500000000,25304.0500000000
1789475745759,25305.5500000000,25306.0500000000
1789475746768,25304.5500000000,25305.0500000000
1789475747981,25306.5500000000,25307.0500000000
1789475748386,25305.5500000000,25306.0500000000
1789475749799,25306.5500000000,25307.0500000000
1789475750206,25307.5500000000,25308.0500000000
1789475750607,25308.5500000000,25309.0500000000
1789475751013,25307.5500000000,25308.0500000000
1789475751219,25308.5500000000,25309.0500000000
1789475751823,25307.5500000000,25308.0500000000
1789475754047,25308.5500000000,25309.0500000000
1789475758091,25310.5500000000,25311.0500000000
1789475758503,25311.5500000000,25312.0500000000
1789475758704,25312.5500000000,25313.0500000000
1789475760120,25312.5500000000,25313.0500000000
1789475760923,25311.5500000000,25312.0500000000
1789475761325,25312.5500000000,25313.0500000000
1789475761530,25311.5500000000,25312.0500000000
1789475762948,25310.5500000000,25311.0500000000
1789475763147,25309.5500000000,25310.0500000000
1789475763349,25308.5500000000,25309.0500000000
1789475763552,25309.5500000000,25310.0500000000
1789475764763,25308.5500000000,25309.0500000000
1789475766380,25309.5500000000,25310.0500000000
1789475766584,25308.5500000000,25309.0500000000
1789475767192,25309.5500000000,25310.0500000000
1789475767996,25308.5500000000,25309.0500000000
1789475769010,25309.5500000000,25310.0500000000
1789475771034,25310.5500000000,25311.0500000000
1789475772042,25311.5500000000,25312.0500000000
1789475772650,25312.5500000000,25313.0500000000
1789475773460,25313.5500000000,25314.0500000000
1789475774067,25312.5500000000,25313.0500000000
1789475774472,25313.5500000000,25314.0500000000
1789475774674,25312.5500000000,25313.0500000000
1789475774876,25313.5500000000,25314.0500000000
1789475779726,25312.5500000000,25313.0500000000
1789475780535,25313.5500000000,25314.0500000000
1789475782555,25314.5500000000,25315.0500000000
1789475783363,25315.5500000000,25316.0500000000
1789475783971,25316.5500000000,25317.0500000000
1789475785791,25317.5500000000,25318.0500000000
1789475785993,25316.5500000000,25317.0500000000
1789475787004,25315.5500000000,25316.0500000000
1789475787409,25316.5500000000,25317.0500000000
1789475789229,25315.5500000000,25316.0500000000
1789475789432,25316.5500000000,25317.0500000000
1789475790039,25315.5500000000,25316.0500000000
1789475790644,25314.5500000000,25315.0500000000
1789475791049,25315.5500000000,25316.0500000000
1789475791455,25314.5500000000,25315.0500000000
1789475791659,25313.5500000000,25314.0500000000
1789475792263,25312.5500000000,25313.0500000000
1789475795906,25314.5500000000,25315.0500000000
1789475796113,25315.5500000000,25316.0500000000
1789475796312,25314.5500000000,25315.0500000000
1789475797119,25315.5500000000,25316.0500000000
1789475800759,25316.5500000000,25317.0500000000
1789475800959,25315.5500000000,25316.0500000000
1789475801368,25316.5500000000,25317.0500000000
1789475801970,25315.5500000000,25316.0500000000
1789475802575,25316.5500000000,25317.0500000000
1789475802776,25315.5500000000,25316.0500000000
1789475803385,25316.5500000000,25317.0500000000
1789475807027,25315.5500000000,25316.0500000000
1789475808238,25316.5500000000,25317.0500000000
1789475810266,25315.5500000000,25316.0500000000
1789475810465,25316.5500000000,25317.0500000000
1789475814106,25317.5500000000,25318.0500000000
1789475818154,25318.5500000000,25319.0500000000
