time_msc,bid,ask
1790253360024,4258.5000000000,4258.6200000000
1790253360426,4258.4900000000,4258.6100000000
1790253360829,4258.4500000000,4258.5700000000
1790253361232,4258.4900000000,4258.6000000000
1790253361634,4258.3800000000,4258.4900000000
1790253362037,4258.4100000000,4258.5200000000
1790253362439,4258.5300000000,4258.6400000000
1790253362842,4258.5100000000,4258.6200000000
1790253363245,4258.4900000000,4258.6000000000
1790253363648,4258.3600000000,4258.4700000000
1790253364050,4258.3800000000,4258.4900000000
1790253364454,4258.4600000000,4258.5700000000
1790253364857,4258.4500000000,4258.5600000000
1790253365260,4258.4900000000,4258.6000000000
1790253365664,4258.5200000000,4258.6300000000
1790253366471,4258.5300000000,4258.6400000000
1790253366874,4258.7400000000,4258.8500000000
1790253367277,4258.7600000000,4258.8700000000
1790253367679,4258.7900000000,4258.9000000000
1790253368484,4258.6800000000,4258.7900000000
1790253368887,4258.7200000000,4258.8300000000
1790253369290,4258.8800000000,4258.9900000000
1790253370498,4258.7600000000,4258.8700000000
1790253370901,4258.7700000000,4258.8800000000
1790253371303,4259.0200000000,4259.1300000000
1790253371706,4259.1200000000,4259.2300000000
1790253372109,4259.2400000000,4259.3500000000
1790253372511,4259.3400000000,4259.4500000000
1790253372914,4259.2800000000,4259.3900000000
1790253373718,4259.4800000000,4259.5900000000
1790253374121,4259.3000000000,4259.4100000000
1790253374926,4259.3100000000,4259.4200000000
1790253375328,4259.2700000000,4259.3800000000
1790253376133,4259.3300000000,4259.4400000000
1790253376536,4259.3200000000,4259.4300000000
1790253377342,4259.4600000000,4259.5700000000
1790253377745,4259.2000000000,4259.3100000000
1790253378147,4259.2700000000,4259.3700000000
1790253378549,4259.4800000000,4259.5800000000
1790253378952,4259.5300000000,4259.6300000000
1790253379354,4259.5500000000,4259.6500000000
1790253380159,4259.5600000000,4259.6600000000
1790253380965,4259.5000000000,4259.6000000000
1790253381368,4259.5300000000,4259.6300000000
1790253381770,4259.5400000000,4259.6400000000
1790253382173,4259.4000000000,4259.5000000000
1790253382575,4259.3500000000,4259.4500000000
1790253382977,4259.3100000000,4259.4100000000
1790253384186,4259.3600000000,4259.4600000000
1790253384589,4259.3900000000,4259.4900000000
1790253384992,4259.4500000000,4259.5500000000
1790253385796,4259.4700000000,4259.5700000000
1790253386199,4259.2600000000,4259.3600000000
1790253386601,4259.0900000000,4259.1900000000
1790253387003,4259.0600000000,4259.1600000000
1790253387406,4258.4300000000,4258.5300000000
1790253387808,4258.4200000000,4258.5200000000
1790253388211,4258.6500000000,4258.7500000000
1790253388613,4258.6600000000,4258.7600000000
1790253389418,4258.6900000000,4258.7900000000
1790253389821,4258.6800000000,4258.7800000000
1790253390224,4258.7000000000,4258.8000000000
1790253391028,4258.7200000000,4258.8200000000
1790253391432,4258.6900000000,4258.7900000000
1790253391833,4258.6600000000,4258.7600000000
1790253392639,4258.6500000000,4258.7500000000
1790253393444,4258.6900000000,4258.7900000000
1790253394249,4258.7100000000,4258.8100000000
1790253394651,4258.6900000000,4258.7900000000
1790253395456,4258.6800000000,4258.7800000000
1790253395859,4258.6500000000,4258.7500000000
1790253396262,4258.5500000000,4258.6500000000
1790253396665,4258.6200000000,4258.7200000000
1790253397067,4258.5900000000,4258.6900000000
1790253397469,4258.5500000000,4258.6500000000
1790253398274,4258.4700000000,4258.5700000000
1790253399079,4258.5000000000,4258.5900000000
1790253399482,4258.5200000000,4258.6100000000
1790253400288,4258.5700000000,4258.6600000000
1790253400689,4258.6200000000,4258.7100000000
1790253401092,4258.6600000000,4258.7500000000
1790253401494,4258.7100000000,4258.8000000000
1790253401897,4258.7000000000,4258.7900000000
1790253402300,4258.6200000000,4258.7100000000
1790253402703,4258.5800000000,4258.6700000000
1790253403611,4258.5200000000,4258.6100000000
1790253403912,4258.6000000000,4258.6900000000
1790253404415,4258.5500000000,4258.6400000000
1790253404818,4258.5100000000,4258.6000000000
1790253405623,4258.5300000000,4258.6200000000
1790253406026,4258.5800000000,4258.6700000000
1790253406832,4258.6100000000,4258.7000000000
1790253407234,4258.4700000000,4258.5600000000
1790253407636,4258.4100000000,4258.5000000000
1790253408340,4258.2000000000,4258.2900000000
1790253409146,4258.1900000000,4258.2700000000
1790253409550,4258.2600000000,4258.3400000000
1790253409952,4258.2900000000,4258.3700000000
1790253410355,4258.3100000000,4258.3900000000
1790253410757,4258.2900000000,4258.3700000000
1790253411160,4258.2800000000,4258.3600000000
1790253411562,4258.2600000000,4258.3400000000
1790253411966,4258.2300000000,4258.3100000000
1790253412367,4258.1500000000,4258.2300000000
1790253412769,4258.0400000000,4258.1200000000
1790253413172,4258.0100000000,4258.0900000000
1790253413675,4257.9000000000,4257.9800000000
1790253414077,4257.8700000000,4257.9500000000
1790253414479,4257.8800000000,4257.9600000000
1790253415284,4257.9500000000,4258.0300000000
1790253415687,4258.0100000000,4258.0900000000
1790253416089,4258.0200000000,4258.1000000000
1790253416492,4258.0100000000,4258.0900000000
1790253416895,4258.0000000000,4258.0800000000
1790253417297,4258.4000000000,4258.4800000000
1790253417701,4258.4900000000,4258.5700000000
1790253418102,4258.5500000000,4258.6300000000
1790253418908,4258.5300000000,4258.6100000000
1790253419712,4258.4700000000,4258.5500000000
1790253420115,4258.4700000000,4258.5500000000
1790253420518,4258.3600000000,4258.4400000000
1790253420921,4258.4300000000,4258.5100000000
1790253421323,4258.4200000000,4258.5000000000
1790253421726,4258.3700000000,4258.4500000000
1790253422531,4258.3400000000,4258.4200000000
1790253423739,4258.0400000000,4258.1200000000
1790253424142,4258.1400000000,4258.2200000000
1790253424544,4258.1700000000,4258.2500000000
1790253424947,4258.2500000000,4258.3300000000
1790253425349,4258.2900000000,4258.3700000000
1790253425751,4258.3100000000,4258.3900000000
1790253426158,4258.2700000000,4258.3400000000
1790253426560,4258.3300000000,4258.4000000000
1790253426963,4258.3500000000,4258.4200000000
1790253427365,4258.3100000000,4258.3800000000
1790253427767,4258.2300000000,4258.3000000000
1790253428572,4258.1300000000,4258.2000000000
1790253428975,4258.1200000000,4258.1900000000
1790253429377,4258.1100000000,4258.1800000000
1790253430182,4258.1300000000,4258.2000000000
1790253431389,4258.1500000000,4258.2200000000
1790253431792,4258.1600000000,4258.2300000000
1790253432195,4258.1900000000,4258.2600000000
1790253432599,4258.2700000000,4258.3400000000
1790253433002,4257.5600000000,4257.6300000000
1790253433405,4257.5900000000,4257.6600000000
1790253433807,4257.5800000000,4257.6500000000
1790253434210,4257.5900000000,4257.6700000000
1790253434612,4257.7900000000,4257.8700000000
1790253435014,4257.8100000000,4257.8900000000
1790253435417,4257.8200000000,4257.9000000000
1790253435819,4257.7900000000,4257.8700000000
1790253436222,4257.7300000000,4257.8100000000
1790253436623,4257.6900000000,4257.7700000000
1790253437026,4257.7000000000,4257.7800000000
1790253437429,4257.8300000000,4257.9100000000
1790253437831,4257.9700000000,4258.0500000000
1790253438234,4257.9900000000,4258.0700000000
1790253438636,4258.0000000000,4258.0800000000
1790253439039,4257.9900000000,4258.0700000000
1790253439442,4257.9700000000,4258.0500000000
1790253439844,4257.9300000000,4258.0100000000
1790253440247,4257.9100000000,4257.9900000000
1790253441054,4257.8300000000,4257.9100000000
1790253443066,4257.8000000000,4257.8800000000
1790253443469,4257.8000000000,4257.8700000000
1790253444274,4257.7700000000,4257.8400000000
1790253444677,4257.9000000000,4257.9700000000
1790253445079,4257.9400000000,4258.0100000000
1790253445884,4257.9800000000,4258.0500000000
1790253447091,4257.9900000000,4258.0600000000
1790253447897,4258.1800000000,4258.2500000000
1790253448301,4258.1200000000,4258.1900000000
1790253448706,4258.0300000000,4258.1000000000
1790253449109,4258.0800000000,4258.1500000000
1790253449512,4258.1300000000,4258.2000000000
1790253449914,4258.2000000000,4258.2700000000
1790253450317,4258.3300000000,4258.4000000000
1790253450719,4258.3400000000,4258.4100000000
1790253451122,4258.3900000000,4258.4600000000
1790253451525,4258.3800000000,4258.4500000000
1790253451927,4258.3600000000,4258.4300000000
1790253452330,4258.5400000000,4258.6100000000
1790253452732,4258.5800000000,4258.6500000000
1790253453135,4258.5600000000,4258.6300000000
1790253453538,4258.4700000000,4258.5400000000
1790253453941,4258.4800000000,4258.5500000000
1790253454343,4258.3100000000,4258.3800000000
1790253455150,4258.2700000000,4258.3400000000
1790253455552,4258.2400000000,4258.3100000000
1790253455955,4258.2200000000,4258.2900000000
1790253457162,4258.2300000000,4258.3000000000
1790253457968,4258.2400000000,4258.3100000000
1790253459175,4258.2200000000,4258.2900000000
1790253459577,4258.2600000000,4258.3300000000
1790253459979,4258.2400000000,4258.3100000000
1790253460382,4258.2600000000,4258.3300000000
1790253460784,4258.2900000000,4258.3600000000
1790253461992,4258.2100000000,4258.2800000000
1790253462394,4257.9300000000,4258.0000000000
1790253462796,4257.6800000000,4257.7500000000
1790253463199,4257.8000000000,4257.8700000000
1790253463601,4257.8500000000,4257.9200000000
1790253464003,4257.8300000000,4257.9000000000
1790253464405,4257.9200000000,4257.9900000000
1790253464808,4257.7300000000,4257.8000000000
1790253465210,4257.7100000000,4257.7800000000
1790253465613,4257.7000000000,4257.7700000000
1790253466016,4257.8400000000,4257.9100000000
1790253466418,4257.8800000000,4257.9500000000
1790253466820,4257.7700000000,4257.8400000000
1790253467223,4257.8300000000,4257.9000000000
1790253467627,4257.8500000000,4257.9200000000
1790253468029,4257.8600000000,4257.9300000000
1790253469261,4257.5500000000,4257.6200000000
1790253469663,4257.4600000000,4257.5300000000
1790253470066,4257.4200000000,4257.4900000000
1790253470469,4257.4100000000,4257.4800000000
1790253472079,4257.3100000000,4257.3800000000
1790253472481,4257.3200000000,4257.3900000000
1790253472883,4257.4500000000,4257.5200000000
1790253473286,4257.4700000000,4257.5400000000
1790253473688,4257.4400000000,4257.5100000000
1790253474091,4257.3600000000,4257.4300000000
1790253474493,4257.2200000000,4257.2900000000
1790253474896,4257.3000000000,4257.3700000000
1790253475299,4257.2300000000,4257.3000000000
1790253475701,4257.1400000000,4257.2100000000
1790253476103,4257.0400000000,4257.1100000000
1790253476506,4257.0100000000,4257.0800000000
1790253476909,4257.0200000000,4257.0900000000
1790253477311,4256.9900000000,4257.0600000000
1790253477714,4256.9600000000,4257.0300000000
1790253478117,4256.9400000000,4257.0100000000
1790253478519,4256.8600000000,4256.9300000000
1790253478921,4256.8100000000,4256.8800000000
1790253479726,4256.7900000000,4256.8600000000
1790253480129,4256.7000000000,4256.7700000000
1790253480531,4256.7100000000,4256.7800000000
1790253480933,4256.6700000000,4256.7400000000
1790253481336,4256.6300000000,4256.7000000000
1790253481738,4256.6100000000,4256.6800000000
1790253482946,4256.6300000000,4256.7000000000
1790253483349,4256.4500000000,4256.5200000000
1790253483751,4256.4400000000,4256.5100000000
1790253484154,4256.4700000000,4256.5400000000
1790253484557,4256.5100000000,4256.5800000000
1790253484959,4256.5200000000,4256.5900000000
1790253485362,4256.6300000000,4256.7000000000
1790253486170,4256.5600000000,4256.6300000000
1790253486572,4256.6000000000,4256.6700000000
1790253487377,4256.6200000000,4256.6900000000
1790253487780,4256.2700000000,4256.3400000000
1790253488182,4256.1900000000,4256.2600000000
1790253488584,4256.2500000000,4256.3200000000
1790253488987,4256.2800000000,4256.3500000000
1790253489389,4256.2900000000,4256.3600000000
1790253490596,4256.3200000000,4256.3900000000
1790253490999,4256.3400000000,4256.4100000000
1790253491401,4256.1500000000,4256.2200000000
1790253491804,4256.0500000000,4256.1200000000
1790253492206,4255.9400000000,4256.0100000000
1790253492609,4255.9500000000,4256.0200000000
1790253493011,4255.9900000000,4256.0600000000
1790253493414,4255.7900000000,4255.8600000000
1790253493816,4255.7700000000,4255.8400000000
1790253494219,4255.8700000000,4255.9400000000
1790253494721,4255.8300000000,4255.9000000000
1790253495124,4255.9300000000,4256.0000000000
1790253495526,4255.9800000000,4256.0500000000
1790253495929,4256.0200000000,4256.0900000000
1790253496331,4256.0400000000,4256.1100000000
1790253496734,4256.2000000000,4256.2700000000
1790253497136,4256.2900000000,4256.3600000000
1790253497539,4256.3300000000,4256.4000000000
1790253497941,4256.3400000000,4256.4100000000
1790253499149,4256.3300000000,4256.4000000000
1790253499954,4256.1300000000,4256.2000000000
1790253500356,4256.0900000000,4256.1600000000
1790253500759,4256.1000000000,4256.1700000000
1790253501061,4256.0300000000,4256.1000000000
1790253501563,4256.0100000000,4256.0800000000
1790253502368,4256.1000000000,4256.1700000000
1790253502771,4256.1200000000,4256.1900000000
1790253503173,4255.8900000000,4255.9600000000
1790253503575,4255.8800000000,4255.9500000000
1790253503978,4255.9500000000,4256.0200000000
1790253504382,4255.9600000000,4256.0300000000
1790253504785,4255.9800000000,4256.0500000000
1790253505188,4255.9900000000,4256.0600000000
1790253505590,4256.0300000000,4256.1000000000
1790253505993,4256.5200000000,4256.5900000000
1790253506395,4256.5300000000,4256.6000000000
1790253506798,4256.3500000000,4256.4200000000
1790253507200,4256.3300000000,4256.4000000000
1790253507603,4256.3200000000,4256.3900000000
1790253508006,4256.3000000000,4256.3700000000
1790253508811,4256.3500000000,4256.4200000000
1790253509213,4256.4000000000,4256.4700000000
1790253509616,4256.3800000000,4256.4500000000
1790253510019,4256.5000000000,4256.5700000000
1790253510421,4256.4900000000,4256.5600000000
1790253510824,4256.5000000000,4256.5700000000
1790253511226,4256.5100000000,4256.5800000000
1790253512031,4256.7400000000,4256.8100000000
1790253512434,4256.6400000000,4256.7100000000
1790253512836,4256.5800000000,4256.6500000000
1790253513239,4256.5700000000,4256.6400000000
1790253514045,4256.2300000000,4256.3000000000
1790253514449,4256.1900000000,4256.2600000000
1790253514852,4256.0400000000,4256.1100000000
1790253515657,4256.1000000000,4256.1700000000
1790253516060,4255.9500000000,4256.0200000000
1790253516463,4255.8400000000,4255.9100000000
1790253517268,4255.8600000000,4255.9300000000
1790253518073,4255.9500000000,4256.0200000000
1790253518476,4256.0200000000,4256.0900000000
1790253518878,4256.0500000000,4256.1200000000
1790253519684,4255.9600000000,4256.0300000000
1790253520086,4256.4000000000,4256.4700000000
1790253520489,4256.5400000000,4256.6100000000
1790253520893,4256.6500000000,4256.7200000000
1790253521294,4256.3700000000,4256.4400000000
1790253521697,4256.3100000000,4256.3800000000
1790253522100,4256.2800000000,4256.3500000000
1790253522905,4256.2700000000,4256.3400000000
1790253523308,4256.2500000000,4256.3200000000
1790253523710,4256.2600000000,4256.3300000000
1790253524112,4256.2400000000,4256.3100000000
1790253524516,4256.2700000000,4256.3400000000
1790253524918,4256.2900000000,4256.3600000000
1790253525724,4256.3500000000,4256.4200000000
1790253526126,4256.3600000000,4256.4300000000
1790253526529,4256.3800000000,4256.4500000000
1790253526932,4256.4000000000,4256.4700000000
1790253528139,4256.4100000000,4256.4800000000
1790253528541,4256.5000000000,4256.5700000000
1790253528944,4256.5300000000,4256.6000000000
1790253529347,4256.7500000000,4256.8200000000
1790253529749,4256.7900000000,4256.8600000000
1790253530151,4256.8100000000,4256.8800000000
1790253530554,4256.8500000000,4256.9200000000
1790253530957,4256.9200000000,4256.9900000000
1790253531362,4256.9500000000,4257.0200000000
1790253531765,4257.0400000000,4257.1100000000
1790253532167,4257.0000000000,4257.0700000000
1790253532973,4257.0600000000,4257.1300000000
1790253533778,4257.0500000000,4257.1200000000
1790253534180,4257.0700000000,4257.1400000000
1790253534583,4256.9700000000,4257.0400000000
1790253534985,4256.8800000000,4256.9500000000
1790253535389,4256.8700000000,4256.9400000000
1790253536194,4256.7900000000,4256.8600000000
1790253536596,4256.8000000000,4256.8700000000
1790253537805,4256.8500000000,4256.9200000000
1790253538207,4256.8900000000,4256.9600000000
1790253538610,4256.7900000000,4256.8600000000
1790253539013,4256.7700000000,4256.8400000000
1790253539818,4256.7900000000,4256.8600000000
1790253540221,4256.8400000000,4256.9100000000
1790253540625,4256.4400000000,4256.5100000000
1790253541027,4256.4200000000,4256.4900000000
1790253541430,4256.4100000000,4256.4800000000
1790253541833,4256.4300000000,4256.5000000000
1790253542236,4256.4200000000,4256.4900000000
1790253543041,4256.5000000000,4256.5700000000
1790253543443,4256.5200000000,4256.5900000000
1790253543845,4256.6200000000,4256.6900000000
1790253544247,4256.6300000000,4256.7000000000
1790253544649,4256.6500000000,4256.7200000000
1790253545052,4256.6600000000,4256.7300000000
1790253545857,4256.7100000000,4256.7800000000
1790253546260,4256.7300000000,4256.8000000000
1790253547069,4256.7600000000,4256.8300000000
1790253547873,4257.0000000000,4257.0700000000
1790253548276,4257.1300000000,4257.2000000000
1790253548678,4257.1500000000,4257.2200000000
1790253549081,4257.3500000000,4257.4200000000
1790253549483,4257.4800000000,4257.5500000000
1790253549885,4257.5000000000,4257.5700000000
1790253550288,4257.4900000000,4257.5600000000
1790253550690,4257.5300000000,4257.6000000000
1790253551093,4257.7500000000,4257.8200000000
1790253551496,4257.8600000000,4257.9300000000
1790253551898,4257.7800000000,4257.8500000000
1790253552704,4257.8000000000,4257.8700000000
1790253553106,4257.7100000000,4257.7800000000
1790253553509,4257.7400000000,4257.8100000000
1790253553911,4257.7700000000,4257.8400000000
1790253554313,4257.7800000000,4257.8500000000
1790253555218,4257.8800000000,4257.9500000000
1790253555620,4257.8700000000,4257.9400000000
1790253556022,4257.8900000000,4257.9600000000
1790253556425,4257.9100000000,4257.9800000000
1790253557230,4257.8700000000,4257.9400000000
1790253557634,4257.8800000000,4257.9500000000
1790253558036,4257.9000000000,4257.9700000000
1790253558439,4257.9400000000,4258.0100000000
1790253558841,4258.0800000000,4258.1500000000
1790253559244,4258.0500000000,4258.1200000000
1790253559646,4257.9800000000,4258.0500000000
1790253560451,4257.8900000000,4257.9600000000
1790253560853,4257.8700000000,4257.9400000000
1790253561256,4257.8500000000,4257.9200000000
1790253562061,4257.8100000000,4257.8800000000
1790253563268,4257.8800000000,4257.9500000000
1790253564476,4257.9200000000,4257.9900000000
1790253564878,4257.8800000000,4257.9500000000
1790253566087,4257.8500000000,4257.9200000000
1790253566489,4257.8100000000,4257.8800000000
1790253567697,4257.7700000000,4257.8400000000
1790253568502,4257.7600000000,4257.8300000000
1790253569307,4257.7900000000,4257.8600000000
1790253570515,4257.5900000000,4257.6600000000
1790253570917,4257.6700000000,4257.7400000000
1790253571320,4257.6900000000,4257.7600000000
1790253571723,4257.6700000000,4257.7400000000
1790253572125,4257.8100000000,4257.8800000000
1790253572527,4257.7900000000,4257.8600000000
1790253572930,4257.7800000000,4257.8500000000
1790253573332,4257.7700000000,4257.8400000000
1790253575345,4257.7800000000,4257.8500000000
1790253575749,4257.7200000000,4257.7900000000
1790253576152,4257.7000000000,4257.7700000000
1790253576555,4257.6900000000,4257.7600000000
1790253576957,4257.6700000000,4257.7400000000
1790253577763,4257.7900000000,4257.8600000000
1790253578165,4257.8200000000,4257.8900000000
1790253578568,4257.8300000000,4257.9000000000
1790253578971,4257.8400000000,4257.9100000000
1790253579373,4257.9300000000,4258.0000000000
1790253579776,4257.9400000000,4258.0100000000
1790253580583,4257.9200000000,4257.9900000000
1790253580985,4257.9000000000,4257.9700000000
1790253581387,4257.9500000000,4258.0200000000
1790253581790,4258.0500000000,4258.1200000000
1790253582596,4258.0600000000,4258.1300000000
1790253583401,4257.9800000000,4258.0500000000
1790253583803,4257.9600000000,4258.0300000000
1790253584206,4257.7800000000,4257.8500000000
1790253585011,4257.7400000000,4257.8100000000
1790253585413,4257.7200000000,4257.7900000000
1790253585815,4257.6700000000,4257.7400000000
1790253586620,4257.6500000000,4257.7200000000
1790253587023,4257.6300000000,4257.7000000000
1790253587426,4257.3300000000,4257.4000000000
1790253587829,4257.3800000000,4257.4500000000
1790253588231,4257.3500000000,4257.4200000000
1790253588634,4257.3300000000,4257.4000000000
1790253589038,4257.3700000000,4257.4400000000
1790253589842,4257.4100000000,4257.4800000000
1790253590646,4257.4200000000,4257.4900000000
1790253591049,4257.5400000000,4257.6100000000
1790253591450,4257.6200000000,4257.6900000000
1790253592256,4257.5500000000,4257.6200000000
1790253592658,4257.4700000000,4257.5400000000
1790253593061,4257.4600000000,4257.5300000000
1790253593866,4257.4400000000,4257.5100000000
1790253594269,4257.5500000000,4257.6200000000
1790253594672,4257.5400000000,4257.6100000000
1790253595074,4257.4900000000,4257.5600000000
1790253595476,4257.4800000000,4257.5500000000
1790253596282,4257.4700000000,4257.5400000000
1790253596684,4257.4600000000,4257.5300000000
1790253597087,4257.5300000000,4257.6000000000
1790253597490,4257.5200000000,4257.5900000000
1790253597892,4257.6300000000,4257.7000000000
1790253598698,4257.6600000000,4257.7300000000
1790253599201,4257.6800000000,4257.7500000000
1790253599603,4257.5800000000,4257.6500000000
1790253600006,4257.6500000000,4257.7200000000
1790253600408,4257.4900000000,4257.5600000000
1790253600811,4257.4300000000,4257.5000000000
1790253601214,4257.4500000000,4257.5200000000
1790253601617,4257.4600000000,4257.5300000000
1790253602423,4257.4200000000,4257.4900000000
1790253602825,4257.2500000000,4257.3200000000
1790253603328,4257.2300000000,4257.3000000000
1790253603630,4257.2000000000,4257.2700000000
1790253604033,4257.1900000000,4257.2600000000
1790253604435,4257.2300000000,4257.3000000000
1790253604838,4257.3200000000,4257.3900000000
1790253605240,4257.2400000000,4257.3100000000
1790253605643,4257.2300000000,4257.3000000000
1790253606449,4257.2100000000,4257.2800000000
1790253606854,4257.2200000000,4257.2900000000
1790253607256,4257.2000000000,4257.2700000000
1790253607659,4257.1800000000,4257.2500000000
1790253608062,4257.1700000000,4257.2400000000
1790253608466,4257.1800000000,4257.2500000000
1790253608868,4257.1900000000,4257.2600000000
1790253609271,4257.2000000000,4257.2700000000
1790253609675,4257.3400000000,4257.4100000000
1790253610077,4257.2000000000,4257.2700000000
1790253610480,4257.1000000000,4257.1700000000
1790253611285,4257.0800000000,4257.1500000000
1790253611687,4257.0600000000,4257.1300000000
1790253612491,4257.0200000000,4257.0900000000
1790253612894,4257.0500000000,4257.1200000000
1790253613297,4257.0700000000,4257.1400000000
1790253613699,4257.3800000000,4257.4500000000
1790253614103,4257.3900000000,4257.4600000000
1790253614506,4257.4300000000,4257.5000000000
1790253614908,4257.4100000000,4257.4800000000
1790253615311,4257.2500000000,4257.3200000000
1790253615713,4257.1000000000,4257.1700000000
1790253616115,4257.0600000000,4257.1300000000
1790253616517,4257.0300000000,4257.1000000000
1790253616920,4257.0200000000,4257.0900000000
1790253617323,4256.9900000000,4257.0600000000
1790253617726,4256.9800000000,4257.0500000000
1790253618128,4256.9700000000,4257.0400000000
1790253618530,4256.9300000000,4257.0000000000
1790253619335,4256.9100000000,4256.9800000000
1790253619738,4256.9000000000,4256.9700000000
1790253620544,4256.7500000000,4256.8200000000
1790253620946,4256.7100000000,4256.7800000000
1790253621349,4256.6800000000,4256.7500000000
1790253622556,4257.0300000000,4257.1000000000
1790253622958,4257.0500000000,4257.1200000000
1790253623361,4257.0600000000,4257.1300000000
1790253623764,4257.0000000000,4257.0700000000
1790253624166,4256.9100000000,4256.9800000000
1790253624569,4256.8900000000,4256.9600000000
1790253624972,4257.1400000000,4257.2100000000
1790253625374,4257.2100000000,4257.2800000000
1790253626180,4257.2500000000,4257.3200000000
1790253626985,4257.4200000000,4257.4900000000
1790253627387,4257.4900000000,4257.5600000000
1790253627790,4257.2900000000,4257.3600000000
1790253628192,4257.2600000000,4257.3300000000
1790253628595,4257.5000000000,4257.5700000000
1790253629401,4257.4000000000,4257.4700000000
1790253629804,4257.3800000000,4257.4500000000
1790253630206,4257.4000000000,4257.4700000000
1790253630608,4257.4800000000,4257.5500000000
1790253631011,4257.5200000000,4257.5900000000
1790253632219,4257.5700000000,4257.6400000000
1790253632620,4257.6000000000,4257.6700000000
1790253633023,4257.5800000000,4257.6500000000
1790253633426,4257.6300000000,4257.7000000000
1790253634231,4257.5100000000,4257.5800000000
1790253634634,4257.5000000000,4257.5700000000
1790253635037,4257.4800000000,4257.5500000000
1790253635439,4257.3700000000,4257.4400000000
1790253635842,4257.4700000000,4257.5400000000
1790253637050,4257.4300000000,4257.5000000000
1790253638258,4257.9700000000,4258.0400000000
1790253638660,4257.9500000000,4258.0200000000
1790253639063,4257.8300000000,4257.9000000000
1790253639467,4257.6000000000,4257.6700000000
1790253639869,4257.6800000000,4257.7500000000
1790253640272,4257.6900000000,4257.7600000000
1790253641078,4257.7000000000,4257.7700000000
1790253641882,4257.7200000000,4257.7900000000
1790253642285,4257.6600000000,4257.7300000000
1790253642687,4257.6400000000,4257.7100000000
1790253643090,4257.7200000000,4257.7900000000
1790253643493,4257.7100000000,4257.7800000000
1790253643895,4257.6300000000,4257.7000000000
1790253644298,4257.6200000000,4257.6900000000
1790253645105,4257.6100000000,4257.6800000000
1790253645508,4257.6200000000,4257.6900000000
1790253645910,4257.6100000000,4257.6800000000
1790253646313,4257.6800000000,4257.7500000000
1790253646715,4257.6900000000,4257.7600000000
1790253647118,4257.7000000000,4257.7700000000
1790253648325,4257.7100000000,4257.7800000000
1790253648728,4257.7400000000,4257.8100000000
1790253649130,4257.8600000000,4257.9300000000
1790253649533,4257.8400000000,4257.9100000000
1790253649935,4257.8300000000,4257.9000000000
1790253650338,4257.9000000000,4257.9700000000
1790253650741,4257.9100000000,4257.9800000000
1790253651546,4257.9200000000,4257.9900000000
1790253651948,4257.9100000000,4257.9800000000
1790253654364,4257.9400000000,4258.0100000000
1790253654767,4257.9600000000,4258.0300000000
1790253655572,4257.9700000000,4258.0400000000
1790253655974,4257.9900000000,4258.0600000000
1790253656378,4258.1400000000,4258.2100000000
1790253656780,4258.1600000000,4258.2300000000
1790253657182,4258.1700000000,4258.2400000000
1790253657584,4258.2400000000,4258.3100000000
1790253657987,4257.9900000000,4258.0600000000
1790253659195,4257.9800000000,4258.0500000000
1790253659598,4257.9500000000,4258.0200000000
1790253660000,4257.9400000000,4258.0100000000
1790253660403,4257.7900000000,4257.8600000000
1790253660806,4257.6900000000,4257.7600000000
1790253661208,4257.6700000000,4257.7400000000
1790253661612,4257.6400000000,4257.7100000000
1790253662819,4257.7200000000,4257.7900000000
1790253663222,4257.7900000000,4257.8600000000
1790253663624,4257.5300000000,4257.6000000000
1790253664027,4257.5000000000,4257.5700000000
1790253664429,4257.4900000000,4257.5600000000
1790253664832,4257.4800000000,4257.5500000000
1790253665334,4257.5200000000,4257.5900000000
1790253665737,4257.4900000000,4257.5600000000
1790253666140,4257.4400000000,4257.5100000000
1790253666542,4257.4100000000,4257.4800000000
1790253666946,4257.4000000000,4257.4700000000
1790253667348,4257.3300000000,4257.4000000000
1790253667750,4257.1300000000,4257.2000000000
1790253668555,4257.0800000000,4257.1500000000
1790253668958,4257.0400000000,4257.1100000000
1790253669762,4257.0600000000,4257.1300000000
1790253670164,4257.0300000000,4257.1000000000
1790253670566,4257.0200000000,4257.0900000000
1790253670969,4257.0100000000,4257.0800000000
1790253671774,4256.8900000000,4256.9600000000
1790253672177,4256.8400000000,4256.9100000000
1790253672579,4256.9100000000,4256.9800000000
1790253672982,4256.9200000000,4256.9900000000
1790253673787,4256.9300000000,4257.0000000000
1790253674190,4257.1300000000,4257.2000000000
1790253674593,4257.1200000000,4257.1900000000
1790253674996,4257.1800000000,4257.2500000000
1790253675399,4257.2000000000,4257.2700000000
1790253675802,4257.1900000000,4257.2600000000
1790253676205,4257.1800000000,4257.2500000000
1790253676608,4257.1200000000,4257.1900000000
1790253677011,4257.0000000000,4257.0700000000
1790253677413,4257.0100000000,4257.0800000000
1790253677816,4257.0300000000,4257.1000000000
1790253678217,4257.0400000000,4257.1100000000
1790253678621,4257.0700000000,4257.1400000000
1790253679024,4256.9900000000,4257.0600000000
1790253679426,4256.9800000000,4257.0500000000
1790253679829,4256.9600000000,4257.0300000000
1790253680231,4256.9200000000,4256.9900000000
1790253681037,4256.9900000000,4257.0600000000
1790253681843,4256.2900000000,4256.3600000000
1790253682245,4256.1200000000,4256.1900000000
1790253683051,4256.1500000000,4256.2200000000
1790253683453,4256.1200000000,4256.1900000000
1790253683856,4256.0900000000,4256.1600000000
1790253684259,4256.0500000000,4256.1200000000
1790253684661,4256.2000000000,4256.2700000000
1790253685064,4256.2900000000,4256.3600000000
1790253685467,4256.3100000000,4256.3800000000
1790253685869,4256.4000000000,4256.4700000000
1790253686272,4256.3800000000,4256.4500000000
1790253686675,4256.4000000000,4256.4700000000
1790253687077,4256.3900000000,4256.4600000000
1790253687479,4256.3700000000,4256.4400000000
1790253687882,4256.3500000000,4256.4200000000
1790253688284,4256.3800000000,4256.4500000000
1790253688687,4256.4100000000,4256.4800000000
1790253689090,4256.4300000000,4256.5000000000
1790253689492,4256.4400000000,4256.5100000000
1790253689895,4256.5700000000,4256.6400000000
1790253690298,4256.4800000000,4256.5500000000
1790253690700,4256.4500000000,4256.5200000000
1790253691103,4256.2800000000,4256.3500000000
1790253691508,4256.0000000000,4256.0700000000
1790253691909,4255.9800000000,4256.0500000000
1790253692312,4256.0000000000,4256.0700000000
1790253692715,4256.0800000000,4256.1500000000
1790253693118,4256.1000000000,4256.1700000000
1790253693922,4255.8000000000,4255.8700000000
1790253694325,4255.7500000000,4255.8200000000
1790253695130,4255.6600000000,4255.7300000000
1790253696337,4255.6400000000,4255.7100000000
1790253696740,4255.6300000000,4255.7000000000
1790253697142,4255.2800000000,4255.3500000000
1790253697544,4255.2600000000,4255.3300000000
1790253697947,4255.2500000000,4255.3200000000
1790253698349,4255.1500000000,4255.2200000000
1790253699557,4255.1100000000,4255.1800000000
1790253700362,4255.0100000000,4255.0800000000
1790253701167,4255.3500000000,4255.4200000000
1790253701569,4255.3800000000,4255.4500000000
1790253701972,4255.3500000000,4255.4200000000
1790253702375,4255.3400000000,4255.4100000000
1790253703582,4255.3200000000,4255.3900000000
1790253703986,4255.1700000000,4255.2400000000
1790253704388,4255.1200000000,4255.1900000000
1790253705595,4255.1500000000,4255.2200000000
1790253705998,4255.1800000000,4255.2500000000
1790253706803,4255.2500000000,4255.3200000000
1790253708413,4254.9400000000,4255.0100000000
1790253708816,4254.8900000000,4254.9600000000
1790253709219,4255.0700000000,4255.1400000000
1790253709621,4255.1700000000,4255.2400000000
1790253710023,4255.1100000000,4255.1800000000
1790253710425,4255.0800000000,4255.1500000000
1790253711230,4255.0400000000,4255.1100000000
1790253712840,4254.8600000000,4254.9300000000
1790253713242,4254.8100000000,4254.8800000000
1790253713645,4254.8000000000,4254.8700000000
1790253714451,4255.1100000000,4255.1800000000
1790253714854,4255.1200000000,4255.1900000000
1790253715256,4255.0700000000,4255.1400000000
1790253715659,4255.0600000000,4255.1300000000
1790253716463,4255.0500000000,4255.1200000000
1790253716866,4255.0100000000,4255.0800000000
1790253717269,4254.8600000000,4254.9300000000
1790253717672,4254.8300000000,4254.9000000000
1790253718075,4254.8000000000,4254.8700000000
1790253718479,4254.6800000000,4254.7500000000
1790253718880,4254.6500000000,4254.7200000000
1790253719283,4255.1800000000,4255.2500000000
1790253719685,4255.3300000000,4255.4000000000
1790253720088,4255.3600000000,4255.4300000000
1790253720491,4255.3800000000,4255.4500000000
1790253720893,4255.3900000000,4255.4600000000
1790253721296,4255.3700000000,4255.4400000000
1790253721700,4255.0500000000,4255.1200000000
1790253722103,4255.1700000000,4255.2400000000
1790253722909,4255.1600000000,4255.2300000000
1790253723311,4255.1700000000,4255.2400000000
1790253723714,4255.1100000000,4255.1800000000
1790253724520,4254.9200000000,4254.9900000000
1790253724922,4254.9300000000,4255.0000000000
1790253725325,4254.6800000000,4254.7500000000
1790253725728,4254.5900000000,4254.6600000000
1790253726131,4254.2600000000,4254.3400000000
1790253726534,4254.3200000000,4254.4000000000
1790253727342,4254.3300000000,4254.4100000000
1790253727745,4254.3200000000,4254.4000000000
1790253728552,4254.4100000000,4254.4900000000
1790253728955,4254.4200000000,4254.5000000000
1790253729357,4254.4200000000,4254.4900000000
1790253729760,4254.5500000000,4254.6200000000
1790253730163,4254.3500000000,4254.4200000000
1790253730564,4254.5000000000,4254.5700000000
1790253730967,4254.6400000000,4254.7100000000
1790253731370,4254.6100000000,4254.6800000000
1790253731773,4254.5900000000,4254.6600000000
1790253732175,4254.7100000000,4254.7800000000
1790253732578,4254.6800000000,4254.7500000000
1790253732980,4254.7300000000,4254.8000000000
1790253733383,4254.8500000000,4254.9200000000
1790253733786,4254.7200000000,4254.7900000000
1790253734187,4254.6300000000,4254.7000000000
1790253734590,4254.5200000000,4254.5900000000
1790253734992,4254.5100000000,4254.5800000000
1790253735395,4254.4800000000,4254.5500000000
1790253736603,4254.4500000000,4254.5200000000
1790253737005,4254.5800000000,4254.6500000000
1790253737408,4254.5700000000,4254.6400000000
1790253738212,4254.5500000000,4254.6200000000
1790253738615,4254.4500000000,4254.5200000000
1790253739419,4254.4400000000,4254.5100000000
1790253739822,4254.4500000000,4254.5200000000
1790253740224,4254.2600000000,4254.3300000000
1790253740627,4254.2000000000,4254.2700000000
1790253741030,4254.1600000000,4254.2300000000
1790253741432,4254.1700000000,4254.2400000000
1790253741835,4254.1900000000,4254.2600000000
1790253742237,4254.2000000000,4254.2700000000
1790253743445,4254.2100000000,4254.2800000000
1790253744250,4254.2200000000,4254.2900000000
1790253744652,4254.1700000000,4254.2400000000
1790253745055,4254.1600000000,4254.2300000000
1790253745861,4254.2100000000,4254.2800000000
1790253746665,4254.5100000000,4254.5800000000
1790253747068,4254.5600000000,4254.6300000000
1790253747471,4254.5500000000,4254.6200000000
1790253747873,4254.6100000000,4254.6800000000
1790253748276,4254.5700000000,4254.6400000000
1790253748679,4254.6000000000,4254.6700000000
1790253749081,4254.7900000000,4254.8600000000
1790253749484,4254.8000000000,4254.8700000000
1790253750290,4254.7900000000,4254.8600000000
1790253750692,4254.7600000000,4254.8300000000
1790253751095,4254.7900000000,4254.8600000000
1790253751900,4254.7100000000,4254.7800000000
1790253752302,4254.7400000000,4254.8100000000
1790253752705,4254.7500000000,4254.8200000000
1790253753108,4254.5400000000,4254.6100000000
1790253753510,4254.5300000000,4254.6000000000
1790253753912,4254.5000000000,4254.5700000000
1790253754315,4254.4700000000,4254.5400000000
1790253754718,4254.4600000000,4254.5300000000
1790253755121,4254.4400000000,4254.5100000000
1790253755523,4254.5000000000,4254.5700000000
1790253755926,4253.9200000000,4253.9900000000
1790253756329,4253.9000000000,4253.9700000000
1790253756731,4253.8900000000,4253.9600000000
1790253757134,4254.0000000000,4254.0700000000
1790253757637,4254.0400000000,4254.1100000000
1790253758040,4254.0500000000,4254.1200000000
1790253758342,4254.0600000000,4254.1300000000
1790253758745,4254.1000000000,4254.1700000000
1790253759149,4254.0800000000,4254.1500000000
1790253759652,4254.0600000000,4254.1300000000
1790253759954,4253.8400000000,4253.9100000000
1790253760458,4253.7800000000,4253.8500000000
1790253760860,4253.6800000000,4253.7500000000
1790253761263,4253.7500000000,4253.8200000000
1790253761666,4253.7600000000,4253.8300000000
1790253762471,4253.7800000000,4253.8500000000
1790253762874,4254.0900000000,4254.1600000000
1790253763276,4254.1200000000,4254.1900000000
1790253764082,4254.1400000000,4254.2100000000
1790253764384,4254.2900000000,4254.3600000000
1790253764788,4254.2000000000,4254.2700000000
1790253765190,4254.1600000000,4254.2300000000
1790253765594,4254.2100000000,4254.2800000000
1790253765997,4254.3500000000,4254.4200000000
1790253766500,4254.3600000000,4254.4300000000
1790253766802,4254.3900000000,4254.4600000000
1790253767204,4254.4600000000,4254.5300000000
1790253767607,4254.3700000000,4254.4400000000
1790253768010,4254.2800000000,4254.3500000000
1790253768413,4254.1500000000,4254.2200000000
1790253768815,4254.1900000000,4254.2600000000
1790253769217,4254.2400000000,4254.3100000000
1790253769619,4254.2100000000,4254.2800000000
1790253770022,4254.2700000000,4254.3400000000
1790253770425,4254.1200000000,4254.1900000000
1790253770828,4254.0600000000,4254.1300000000
1790253771230,4254.0400000000,4254.1100000000
1790253771633,4254.0000000000,4254.0700000000
1790253772136,4253.9900000000,4254.0600000000
1790253772540,4254.1000000000,4254.1700000000
1790253772841,4254.2300000000,4254.3000000000
1790253773243,4254.1900000000,4254.2600000000
1790253773748,4254.1700000000,4254.2400000000
1790253774151,4254.4200000000,4254.4900000000
1790253774553,4254.5600000000,4254.6300000000
1790253774955,4254.5900000000,4254.6600000000
1790253775358,4254.5500000000,4254.6200000000
1790253776163,4254.4400000000,4254.5100000000
1790253776565,4254.4700000000,4254.5400000000
1790253776968,4254.5300000000,4254.6000000000
1790253777370,4254.6600000000,4254.7300000000
1790253777774,4254.6900000000,4254.7600000000
1790253778175,4254.5800000000,4254.6500000000
1790253778577,4254.5500000000,4254.6200000000
1790253779383,4254.5000000000,4254.5700000000
1790253779785,4254.4200000000,4254.4900000000
1790253780188,4254.4200000000,4254.4900000000
1790253780591,4254.4300000000,4254.5000000000
1790253780993,4254.4400000000,4254.5100000000
1790253783006,4254.4600000000,4254.5300000000
1790253783408,4254.4700000000,4254.5400000000
1790253783811,4254.3900000000,4254.4600000000
1790253784213,4254.3800000000,4254.4500000000
1790253784617,4254.3700000000,4254.4400000000
1790253785020,4254.4000000000,4254.4700000000
1790253785825,4254.3900000000,4254.4600000000
1790253787032,4254.4800000000,4254.5500000000
1790253787437,4254.5100000000,4254.5800000000
1790253787840,4254.5000000000,4254.5700000000
1790253788242,4254.4900000000,4254.5600000000
1790253789048,4254.4500000000,4254.5200000000
1790253789852,4254.4300000000,4254.5000000000
1790253790658,4254.4200000000,4254.4900000000
1790253792270,4254.4700000000,4254.5400000000
1790253793074,4254.4400000000,4254.5100000000
1790253793477,4254.4300000000,4254.5000000000
1790253794281,4253.8600000000,4253.9300000000
1790253794683,4253.7700000000,4253.8400000000
1790253795086,4253.6800000000,4253.7500000000
1790253795489,4253.6300000000,4253.7000000000
1790253795891,4253.6200000000,4253.6900000000
1790253796294,4253.6300000000,4253.7000000000
1790253796696,4253.6600000000,4253.7300000000
1790253797099,4253.6900000000,4253.7600000000
1790253797903,4253.7200000000,4253.7900000000
1790253799111,4253.8900000000,4253.9600000000
1790253799515,4253.7800000000,4253.8500000000
1790253799917,4253.7400000000,4253.8100000000
1790253800722,4253.7500000000,4253.8200000000
1790253801125,4253.5300000000,4253.6000000000
1790253801527,4253.3100000000,4253.3800000000
1790253801929,4253.2000000000,4253.2700000000
1790253802332,4253.3500000000,4253.4200000000
1790253802734,4253.3600000000,4253.4300000000
1790253803137,4253.2400000000,4253.3100000000
1790253803540,4253.0900000000,4253.1600000000
1790253803941,4252.9100000000,4252.9800000000
1790253804343,4252.6100000000,4252.6800000000
1790253804746,4252.6400000000,4252.7100000000
1790253805149,4252.7500000000,4252.8200000000
1790253805552,4252.8600000000,4252.9300000000
1790253805954,4252.9300000000,4253.0000000000
1790253806357,4252.9900000000,4253.0600000000
1790253806759,4252.8000000000,4252.8700000000
1790253807162,4252.7300000000,4252.8000000000
1790253807564,4252.7200000000,4252.7900000000
1790253807967,4252.7400000000,4252.8100000000
1790253808370,4252.8500000000,4252.9200000000
1790253808773,4252.8700000000,4252.9400000000
1790253809175,4252.8900000000,4252.9600000000
1790253809579,4252.8500000000,4252.9200000000
1790253809982,4252.7400000000,4252.8100000000
1790253810386,4252.8300000000,4252.9000000000
1790253810789,4252.7500000000,4252.8200000000
1790253811191,4252.8700000000,4252.9400000000
1790253811593,4252.9200000000,4252.9900000000
1790253811996,4253.0400000000,4253.1100000000
1790253812398,4252.9800000000,4253.0500000000
1790253812801,4252.9400000000,4253.0100000000
1790253813203,4252.6700000000,4252.7400000000
1790253813607,4252.2500000000,4252.3200000000
1790253814011,4252.2100000000,4252.2800000000
1790253814414,4252.0400000000,4252.1100000000
1790253814817,4252.0300000000,4252.1000000000
1790253815219,4252.1600000000,4252.2400000000
1790253816026,4252.2000000000,4252.2800000000
1790253816428,4252.2700000000,4252.3500000000
1790253816831,4251.6900000000,4251.7700000000
1790253817233,4251.9200000000,4252.0000000000
1790253817636,4251.6300000000,4251.7100000000
1790253818039,4251.6800000000,4251.7600000000
1790253818441,4251.6700000000,4251.7600000000
1790253818845,4251.7100000000,4251.8000000000
1790253819248,4251.9300000000,4252.0200000000
1790253819650,4251.9800000000,4252.0700000000
1790253820052,4252.0200000000,4252.1100000000
1790253820455,4252.1200000000,4252.2100000000
1790253820857,4251.9400000000,4252.0300000000
1790253821260,4251.9300000000,4252.0200000000
1790253821664,4251.9200000000,4252.0100000000
1790253822067,4251.9500000000,4252.0400000000
1790253822470,4251.9000000000,4251.9900000000
1790253822873,4251.6800000000,4251.7700000000
1790253823275,4251.9200000000,4252.0100000000
1790253823679,4251.9700000000,4252.0600000000
1790253824082,4251.9900000000,4252.0800000000
1790253824485,4252.2200000000,4252.3000000000
1790253824887,4252.1800000000,4252.2600000000
1790253825290,4252.2000000000,4252.2900000000
1790253825692,4252.1700000000,4252.2600000000
1790253826095,4252.1500000000,4252.2400000000
1790253826900,4252.1400000000,4252.2300000000
1790253827302,4252.2400000000,4252.3200000000
1790253827705,4252.2500000000,4252.3300000000
1790253828108,4252.2600000000,4252.3400000000
1790253828912,4252.2000000000,4252.2800000000
1790253829315,4252.1800000000,4252.2600000000
1790253829717,4252.2000000000,4252.2800000000
1790253830119,4252.1600000000,4252.2400000000
1790253830521,4252.0100000000,4252.0900000000
1790253830924,4251.9600000000,4252.0400000000
1790253831327,4251.9400000000,4252.0200000000
1790253831731,4252.1000000000,4252.1800000000
1790253832537,4252.0900000000,4252.1700000000
1790253832939,4252.0500000000,4252.1300000000
1790253833745,4252.0600000000,4252.1400000000
1790253834551,4251.9900000000,4252.0700000000
1790253834953,4252.0100000000,4252.0900000000
1790253835759,4251.9300000000,4252.0100000000
1790253836161,4251.9000000000,4251.9800000000
1790253836564,4251.9300000000,4252.0100000000
1790253836967,4251.9200000000,4252.0000000000
1790253837369,4252.0400000000,4252.1100000000
1790253837772,4252.0800000000,4252.1500000000
1790253838174,4252.1000000000,4252.1700000000
1790253838577,4252.1900000000,4252.2600000000
1790253838980,4252.2000000000,4252.2700000000
1790253839383,4252.1500000000,4252.2200000000
1790253839785,4252.1400000000,4252.2100000000
1790253840188,4252.1400000000,4252.2100000000
1790253840590,4252.1600000000,4252.2300000000
1790253840993,4252.1500000000,4252.2200000000
1790253841395,4252.1600000000,4252.2300000000
1790253841798,4252.1900000000,4252.2600000000
1790253842603,4252.0100000000,4252.0800000000
1790253843006,4251.8200000000,4251.8900000000
1790253843408,4251.6200000000,4251.6900000000
1790253843810,4251.5800000000,4251.6500000000
1790253844213,4251.5100000000,4251.5900000000
1790253844615,4251.2900000000,4251.3700000000
1790253845018,4251.1800000000,4251.2600000000
1790253845419,4251.1600000000,4251.2400000000
1790253846224,4251.1900000000,4251.2800000000
1790253847030,4251.2000000000,4251.2900000000
1790253847436,4251.1700000000,4251.2500000000
1790253847939,4251.2100000000,4251.2900000000
1790253848341,4251.3600000000,4251.4400000000
1790253848744,4251.3700000000,4251.4500000000
1790253849146,4251.3900000000,4251.4700000000
1790253849549,4251.2800000000,4251.3600000000
1790253849953,4251.1800000000,4251.2600000000
1790253850757,4251.1900000000,4251.2700000000
1790253851161,4251.1700000000,4251.2500000000
1790253851562,4251.1000000000,4251.1800000000
1790253851965,4251.0400000000,4251.1200000000
1790253852369,4251.0800000000,4251.1600000000
1790253853174,4251.0900000000,4251.1700000000
1790253853576,4251.0000000000,4251.0800000000
1790253853979,4250.9300000000,4251.0100000000
1790253855087,4251.2900000000,4251.3700000000
1790253855488,4251.5500000000,4251.6300000000
1790253855890,4251.5800000000,4251.6600000000
1790253856293,4251.6600000000,4251.7500000000
1790253856797,4251.6900000000,4251.7800000000
1790253857199,4251.6200000000,4251.7100000000
1790253857502,4251.6400000000,4251.7300000000
1790253857905,4251.6700000000,4251.7600000000
1790253858307,4251.4900000000,4251.5800000000
1790253858710,4251.4700000000,4251.5600000000
1790253859112,4251.4800000000,4251.5700000000
1790253859515,4251.8000000000,4251.8900000000
1790253859917,4251.8600000000,4251.9500000000
1790253860320,4251.8700000000,4251.9600000000
1790253860723,4251.8900000000,4251.9800000000
1790253861126,4251.8700000000,4251.9600000000
1790253861530,4251.9000000000,4251.9900000000
1790253861933,4251.9200000000,4252.0100000000
1790253862335,4251.9800000000,4252.0700000000
1790253862738,4251.9900000000,4252.0800000000
1790253863141,4251.9100000000,4252.0000000000
1790253863947,4251.8700000000,4251.9600000000
1790253864349,4251.7500000000,4251.8400000000
1790253864753,4251.7300000000,4251.8200000000
1790253865559,4251.7500000000,4251.8400000000
1790253865961,4251.7100000000,4251.8000000000
1790253866364,4251.7000000000,4251.7800000000
1790253866867,4251.7500000000,4251.8300000000
1790253867270,4251.9000000000,4251.9800000000
1790253867672,4251.9400000000,4252.0200000000
1790253868075,4251.8800000000,4251.9600000000
1790253868477,4251.9600000000,4252.0400000000
1790253869282,4251.9700000000,4252.0500000000
1790253869685,4252.1200000000,4252.2000000000
1790253870087,4252.1800000000,4252.2600000000
1790253870490,4252.3500000000,4252.4300000000
1790253870892,4252.2800000000,4252.3600000000
1790253871295,4252.2200000000,4252.3000000000
1790253871697,4252.1900000000,4252.2700000000
1790253872100,4252.1200000000,4252.2000000000
1790253872503,4252.1100000000,4252.1900000000
1790253872905,4252.1400000000,4252.2200000000
1790253873307,4252.1500000000,4252.2300000000
1790253873710,4252.2000000000,4252.2800000000
1790253874114,4252.1900000000,4252.2700000000
1790253874518,4252.3600000000,4252.4400000000
1790253874920,4252.4600000000,4252.5400000000
1790253875324,4252.4200000000,4252.5000000000
1790253875726,4252.2800000000,4252.3600000000
1790253876129,4252.2300000000,4252.3100000000
1790253876532,4252.1600000000,4252.2400000000
1790253876934,4252.1400000000,4252.2200000000
1790253877337,4252.1100000000,4252.1900000000
1790253877740,4252.0900000000,4252.1700000000
1790253878143,4252.0600000000,4252.1400000000
1790253878545,4252.1900000000,4252.2700000000
1790253878948,4252.1700000000,4252.2500000000
1790253879351,4252.1100000000,4252.1900000000
1790253879753,4252.1300000000,4252.2100000000
1790253880559,4252.1400000000,4252.2200000000
1790253880961,4252.1800000000,4252.2600000000
1790253881364,4252.1700000000,4252.2500000000
1790253881766,4252.1000000000,4252.1800000000
1790253882169,4252.0300000000,4252.1000000000
1790253882571,4252.0400000000,4252.1100000000
1790253882973,4251.9900000000,4252.0600000000
1790253883376,4251.9700000000,4252.0400000000
1790253883779,4251.8200000000,4251.8900000000
1790253884181,4251.8300000000,4251.9000000000
1790253884584,4251.8000000000,4251.8700000000
1790253885389,4251.8100000000,4251.8800000000
1790253885792,4251.8800000000,4251.9500000000
1790253886597,4251.7700000000,4251.8400000000
1790253887000,4251.7600000000,4251.8300000000
1790253887402,4251.6800000000,4251.7500000000
1790253887804,4251.6900000000,4251.7600000000
1790253889012,4251.7500000000,4251.8200000000
1790253889415,4251.6200000000,4251.6900000000
1790253889817,4251.6100000000,4251.6800000000
1790253890220,4251.6500000000,4251.7200000000
1790253890623,4251.6700000000,4251.7400000000
1790253891428,4251.6800000000,4251.7500000000
1790253892233,4251.6700000000,4251.7400000000
1790253892635,4251.6300000000,4251.7000000000
1790253893441,4251.6100000000,4251.6800000000
1790253893845,4251.8000000000,4251.8700000000
1790253894248,4251.8100000000,4251.8800000000
1790253894649,4251.8300000000,4251.9000000000
1790253895052,4251.8600000000,4251.9300000000
1790253895455,4251.8700000000,4251.9400000000
1790253895857,4251.9100000000,4251.9800000000
1790253896260,4251.9200000000,4251.9900000000
1790253897065,4252.0400000000,4252.1100000000
1790253897468,4252.0500000000,4252.1200000000
1790253897870,4252.0100000000,4252.0800000000
1790253898273,4252.0500000000,4252.1200000000
1790253898677,4252.0800000000,4252.1500000000
1790253899482,4252.1500000000,4252.2200000000
1790253899885,4252.1400000000,4252.2100000000
1790253900287,4252.1900000000,4252.2600000000
1790253900690,4252.0900000000,4252.1600000000
1790253901093,4252.1200000000,4252.1900000000
1790253901495,4252.1600000000,4252.2300000000
1790253901898,4252.1700000000,4252.2400000000
1790253902301,4252.1400000000,4252.2100000000
1790253902703,4252.2300000000,4252.3000000000
1790253903105,4252.4300000000,4252.5000000000
1790253903508,4252.4500000000,4252.5200000000
1790253903910,4252.5900000000,4252.6600000000
1790253904313,4252.2500000000,4252.3200000000
1790253905118,4252.3300000000,4252.4000000000
1790253905520,4252.3200000000,4252.3900000000
1790253905923,4252.2500000000,4252.3200000000
1790253906325,4252.2600000000,4252.3300000000
1790253906728,4252.3300000000,4252.4000000000
1790253907130,4252.4300000000,4252.5000000000
1790253907534,4252.4500000000,4252.5200000000
1790253907938,4252.4700000000,4252.5400000000
1790253908340,4252.5200000000,4252.5900000000
1790253909144,4252.6400000000,4252.7100000000
1790253909548,4252.5400000000,4252.6100000000
1790253909949,4252.5000000000,4252.5700000000
1790253910352,4252.4600000000,4252.5300000000
1790253910756,4252.4500000000,4252.5200000000
1790253912365,4252.4300000000,4252.5000000000
1790253912768,4252.4100000000,4252.4800000000
1790253913170,4252.4700000000,4252.5400000000
1790253913976,4252.7500000000,4252.8200000000
1790253914378,4252.6200000000,4252.6900000000
1790253915184,4252.7800000000,4252.8500000000
1790253915587,4252.8000000000,4252.8700000000
1790253915989,4252.8100000000,4252.8800000000
1790253916391,4252.8500000000,4252.9200000000
1790253916793,4252.9600000000,4253.0300000000
1790253917196,4252.8800000000,4252.9500000000
1790253917599,4252.9000000000,4252.9700000000
1790253918001,4253.0400000000,4253.1100000000
1790253918403,4252.9600000000,4253.0300000000
1790253918805,4252.9400000000,4253.0100000000
1790253919208,4253.0500000000,4253.1200000000
1790253919612,4253.0600000000,4253.1300000000
1790253920015,4252.9700000000,4253.0400000000
1790253920417,4253.0000000000,4253.0700000000
1790253920821,4252.9200000000,4252.9900000000
1790253921222,4252.8300000000,4252.9000000000
1790253922027,4252.9700000000,4253.0400000000
1790253922430,4252.9200000000,4252.9900000000
1790253922833,4252.9500000000,4253.0200000000
1790253923235,4252.9600000000,4253.0300000000
1790253923639,4253.0300000000,4253.1000000000
1790253924042,4253.1700000000,4253.2400000000
1790253924445,4253.3600000000,4253.4300000000
1790253924847,4253.3400000000,4253.4100000000
1790253925249,4253.2900000000,4253.3600000000
1790253925652,4253.3300000000,4253.4000000000
1790253926055,4253.3400000000,4253.4100000000
1790253926859,4253.2100000000,4253.2800000000
1790253928167,4253.2500000000,4253.3200000000
1790253928570,4253.3400000000,4253.4100000000
1790253928972,4253.3800000000,4253.4500000000
1790253929777,4253.3200000000,4253.3900000000
1790253930180,4253.3100000000,4253.3800000000
1790253930582,4253.2400000000,4253.3100000000
1790253930985,4253.1100000000,4253.1800000000
1790253931388,4253.2700000000,4253.3400000000
1790253932595,4253.3000000000,4253.3700000000
1790253933804,4253.3500000000,4253.4200000000
1790253934609,4253.3600000000,4253.4300000000
1790253935011,4253.3500000000,4253.4200000000
1790253935414,4253.3800000000,4253.4500000000
1790253935816,4253.3700000000,4253.4400000000
1790253936219,4253.3900000000,4253.4600000000
1790253936622,4253.4000000000,4253.4700000000
1790253937427,4253.3900000000,4253.4600000000
1790253937829,4253.0500000000,4253.1200000000
1790253938635,4253.2000000000,4253.2700000000
1790253939037,4253.2800000000,4253.3500000000
1790253940245,4253.2900000000,4253.3600000000
1790253940648,4253.1800000000,4253.2500000000
1790253941050,4253.1700000000,4253.2400000000
1790253941453,4253.0600000000,4253.1300000000
1790253941856,4252.9800000000,4253.0500000000
1790253942258,4252.9700000000,4253.0400000000
1790253942661,4253.0100000000,4253.0800000000
1790253943064,4252.9900000000,4253.0600000000
1790253943467,4252.9300000000,4253.0000000000
1790253943869,4252.9200000000,4252.9900000000
1790253944272,4253.0000000000,4253.0700000000
1790253944674,4253.0800000000,4253.1500000000
1790253945077,4253.0900000000,4253.1600000000
1790253945480,4253.0300000000,4253.1000000000
1790253945882,4253.0100000000,4253.0800000000
1790253946285,4252.9500000000,4253.0200000000
1790253946687,4253.0000000000,4253.0700000000
1790253947491,4253.1400000000,4253.2100000000
1790253948297,4253.1000000000,4253.1700000000
1790253948699,4253.0900000000,4253.1600000000
1790253950310,4253.0600000000,4253.1300000000
1790253950713,4253.0400000000,4253.1100000000
1790253951921,4252.8400000000,4252.9100000000
1790253952323,4252.8500000000,4252.9200000000
1790253952727,4252.8700000000,4252.9400000000
1790253953130,4252.7600000000,4252.8300000000
1790253953532,4252.6500000000,4252.7200000000
1790253953935,4252.5600000000,4252.6300000000
1790253954338,4252.6000000000,4252.6700000000
1790253954742,4252.7700000000,4252.8400000000
1790253955145,4252.7300000000,4252.8000000000
1790253955547,4252.1500000000,4252.2200000000
1790253955950,4252.3600000000,4252.4300000000
1790253956352,4252.3700000000,4252.4400000000
1790253957158,4252.6500000000,4252.7200000000
1790253957561,4252.6600000000,4252.7300000000
1790253957963,4252.6700000000,4252.7400000000
1790253958366,4252.5800000000,4252.6500000000
1790253958769,4252.4900000000,4252.5600000000
1790253959171,4252.4500000000,4252.5200000000
1790253959976,4252.4200000000,4252.4900000000
1790253960378,4252.3700000000,4252.4400000000
1790253960780,4252.3900000000,4252.4600000000
1790253961586,4252.5800000000,4252.6500000000
1790253961988,4252.6100000000,4252.6800000000
1790253962391,4252.6300000000,4252.7000000000
1790253963196,4252.7800000000,4252.8500000000
1790253963599,4252.6600000000,4252.7300000000
1790253964001,4252.6100000000,4252.6800000000
1790253964404,4252.4900000000,4252.5600000000
1790253964807,4252.5200000000,4252.5900000000
1790253965209,4252.5100000000,4252.5800000000
1790253965612,4252.5000000000,4252.5700000000
1790253966015,4252.7100000000,4252.7800000000
1790253966418,4252.7300000000,4252.8000000000
1790253966820,4252.6500000000,4252.7200000000
1790253968029,4252.6400000000,4252.7100000000
1790253968433,4252.6700000000,4252.7400000000
1790253968836,4252.6300000000,4252.7000000000
1790253969238,4252.3600000000,4252.4300000000
1790253969642,4252.3300000000,4252.4000000000
1790253970045,4252.3100000000,4252.3800000000
1790253970849,4252.2900000000,4252.3600000000
1790253971252,4252.5100000000,4252.5800000000
1790253971654,4252.5300000000,4252.6000000000
1790253972460,4252.5500000000,4252.6200000000
1790253973265,4252.5900000000,4252.6600000000
1790253973668,4252.5700000000,4252.6400000000
1790253974070,4252.4500000000,4252.5200000000
1790253974472,4252.4300000000,4252.5000000000
1790253974875,4252.4400000000,4252.5100000000
1790253975277,4252.4200000000,4252.4900000000
1790253975681,4252.4800000000,4252.5500000000
1790253976084,4252.4600000000,4252.5300000000
1790253976486,4252.4500000000,4252.5200000000
1790253976888,4252.6800000000,4252.7500000000
1790253977291,4252.6200000000,4252.6900000000
1790253977693,4252.6900000000,4252.7600000000
1790253978096,4252.7200000000,4252.7900000000
1790253978497,4252.7300000000,4252.8000000000
1790253978900,4252.7600000000,4252.8300000000
1790253979303,4252.4500000000,4252.5200000000
1790253979706,4252.4000000000,4252.4700000000
1790253980108,4252.4800000000,4252.5500000000
1790253980510,4252.4300000000,4252.5000000000
1790253981316,4252.4900000000,4252.5600000000
1790253981718,4252.5200000000,4252.5900000000
1790253982120,4252.5100000000,4252.5800000000
1790253982525,4252.4200000000,4252.4900000000
1790253982927,4252.4300000000,4252.5000000000
1790253983733,4252.4600000000,4252.5300000000
1790253984135,4252.5400000000,4252.6100000000
1790253984941,4252.5300000000,4252.6000000000
1790253985746,4252.5700000000,4252.6400000000
1790253986149,4252.5000000000,4252.5700000000
1790253986551,4252.4900000000,4252.5600000000
1790253987356,4252.4800000000,4252.5500000000
1790253987759,4252.6700000000,4252.7400000000
1790253988161,4252.6800000000,4252.7500000000
1790253988564,4252.5700000000,4252.6400000000
1790253988967,4252.5400000000,4252.6100000000
1790253989370,4252.5300000000,4252.6000000000
1790253990175,4252.5200000000,4252.5900000000
1790253990578,4252.5000000000,4252.5700000000
1790253990981,4252.5400000000,4252.6100000000
1790253991384,4252.7800000000,4252.8500000000
1790253991789,4252.8100000000,4252.8800000000
1790253992191,4252.8200000000,4252.8900000000
1790253992997,4252.8600000000,4252.9300000000
1790253993400,4252.9300000000,4253.0000000000
1790253993802,4252.9700000000,4253.0400000000
1790253994205,4253.0600000000,4253.1300000000
1790253994608,4253.2200000000,4253.2900000000
1790253995414,4253.3200000000,4253.3900000000
1790253995816,4253.3400000000,4253.4100000000
1790253996218,4253.3800000000,4253.4500000000
1790253996621,4253.4900000000,4253.5600000000
1790253997024,4253.5000000000,4253.5700000000
1790253997427,4253.3900000000,4253.4600000000
1790253997830,4253.4000000000,4253.4700000000
1790253998232,4253.3800000000,4253.4500000000
1790253998635,4253.3400000000,4253.4100000000
1790253999841,4253.3100000000,4253.3800000000
1790254000244,4253.1900000000,4253.2600000000
1790254000647,4253.1700000000,4253.2400000000
1790254001050,4253.1000000000,4253.1700000000
1790254001454,4253.1300000000,4253.2000000000
1790254002662,4253.0000000000,4253.0700000000
1790254003065,4252.9900000000,4253.0600000000
1790254003467,4252.9500000000,4253.0200000000
1790254003870,4252.9600000000,4253.0300000000
1790254004273,4252.9900000000,4253.0600000000
1790254004675,4253.0100000000,4253.0800000000
1790254005480,4253.0000000000,4253.0700000000
1790254005883,4253.0500000000,4253.1200000000
1790254006285,4253.2100000000,4253.2800000000
1790254006688,4253.2600000000,4253.3300000000
1790254007091,4253.3500000000,4253.4200000000
1790254007494,4253.3900000000,4253.4600000000
1790254007897,4253.3800000000,4253.4500000000
1790254008299,4253.3300000000,4253.4000000000
1790254008701,4253.3000000000,4253.3700000000
1790254009507,4253.4900000000,4253.5600000000
1790254009910,4253.5000000000,4253.5700000000
1790254010313,4253.5100000000,4253.5800000000
1790254010715,4253.5700000000,4253.6400000000
1790254011117,4253.5600000000,4253.6300000000
1790254011520,4253.7300000000,4253.8000000000
1790254011922,4253.7700000000,4253.8400000000
1790254012727,4253.7300000000,4253.8000000000
1790254013532,4253.7100000000,4253.7800000000
1790254013935,4253.7600000000,4253.8300000000
1790254014338,4253.9800000000,4254.0500000000
1790254014841,4253.9900000000,4254.0600000000
1790254016049,4253.9400000000,4254.0100000000
1790254016452,4253.9500000000,4254.0200000000
1790254016854,4253.9700000000,4254.0400000000
1790254017660,4253.8600000000,4253.9300000000
1790254018063,4253.7900000000,4253.8600000000
1790254018465,4253.7800000000,4253.8500000000
1790254019270,4253.8900000000,4253.9600000000
1790254019672,4253.9300000000,4254.0000000000
1790254020075,4253.9600000000,4254.0300000000
1790254020477,4254.0100000000,4254.0800000000
1790254020880,4254.2400000000,4254.3100000000
1790254021283,4254.3200000000,4254.3900000000
1790254021685,4254.2000000000,4254.2700000000
1790254022087,4254.2200000000,4254.2900000000
1790254022892,4254.3300000000,4254.4000000000
1790254023295,4254.3600000000,4254.4300000000
1790254023697,4254.1900000000,4254.2600000000
1790254024099,4254.0800000000,4254.1500000000
1790254024502,4254.1200000000,4254.1900000000
1790254024905,4254.0700000000,4254.1400000000
1790254025307,4254.0400000000,4254.1100000000
1790254025710,4254.0200000000,4254.0900000000
1790254026112,4254.0100000000,4254.0800000000
1790254026515,4254.0200000000,4254.0900000000
1790254026918,4254.0100000000,4254.0800000000
1790254027726,4254.0200000000,4254.0900000000
1790254028128,4253.9400000000,4254.0100000000
1790254028532,4253.8800000000,4253.9500000000
1790254028935,4253.8400000000,4253.9100000000
1790254029740,4253.7700000000,4253.8400000000
1790254030143,4253.7200000000,4253.7900000000
1790254030948,4253.7100000000,4253.7800000000
1790254031351,4253.4000000000,4253.4700000000
1790254031753,4253.4100000000,4253.4800000000
1790254032156,4253.3800000000,4253.4500000000
1790254032558,4253.3600000000,4253.4300000000
1790254033363,4253.2500000000,4253.3200000000
1790254033766,4253.1900000000,4253.2600000000
1790254034168,4253.2000000000,4253.2700000000
1790254034973,4253.4300000000,4253.5000000000
1790254035376,4253.3700000000,4253.4400000000
1790254035779,4253.3800000000,4253.4500000000
1790254036182,4253.3700000000,4253.4400000000
1790254036584,4253.3500000000,4253.4200000000
1790254037389,4253.2800000000,4253.3500000000
1790254037792,4253.2700000000,4253.3400000000
1790254038295,4253.2600000000,4253.3300000000
1790254039000,4253.2700000000,4253.3400000000
1790254039403,4253.3200000000,4253.3900000000
1790254039806,4253.2900000000,4253.3600000000
1790254040208,4253.2500000000,4253.3200000000
1790254040611,4253.2600000000,4253.3300000000
1790254041014,4253.2700000000,4253.3400000000
1790254041417,4253.2500000000,4253.3200000000
1790254041821,4253.2400000000,4253.3100000000
1790254042224,4253.5300000000,4253.6000000000
1790254042626,4253.5200000000,4253.5900000000
1790254043431,4253.5400000000,4253.6100000000
1790254043834,4253.5300000000,4253.6000000000
1790254044237,4253.5200000000,4253.5900000000
1790254044639,4253.5700000000,4253.6400000000
1790254045042,4253.4100000000,4253.4800000000
1790254045444,4253.4000000000,4253.4700000000
1790254045847,4253.3900000000,4253.4600000000
1790254046249,4253.2700000000,4253.3400000000
1790254046652,4253.2900000000,4253.3600000000
1790254047055,4253.3600000000,4253.4300000000
1790254047859,4253.4000000000,4253.4700000000
1790254048262,4253.5700000000,4253.6400000000
1790254048664,4253.5800000000,4253.6500000000
1790254049067,4253.6200000000,4253.6900000000
1790254049469,4253.8200000000,4253.8900000000
1790254049872,4253.9000000000,4253.9700000000
1790254050275,4253.9800000000,4254.0500000000
1790254050677,4254.1900000000,4254.2600000000
1790254051080,4254.2400000000,4254.3100000000
1790254051482,4254.2000000000,4254.2700000000
1790254052288,4254.1200000000,4254.1900000000
1790254052690,4254.0400000000,4254.1100000000
1790254053092,4254.0100000000,4254.0800000000
1790254053495,4254.0200000000,4254.0900000000
1790254053897,4253.9900000000,4254.0600000000
1790254054299,4254.0500000000,4254.1200000000
1790254054702,4254.0100000000,4254.0800000000
1790254055104,4253.9800000000,4254.0500000000
1790254055607,4254.0000000000,4254.0700000000
1790254056312,4253.9800000000,4254.0500000000
1790254056715,4253.9900000000,4254.0600000000
1790254057218,4253.9800000000,4254.0500000000
1790254058023,4253.9600000000,4254.0300000000
1790254058829,4254.0800000000,4254.1500000000
1790254059232,4254.0300000000,4254.1000000000
1790254059534,4254.0200000000,4254.0900000000
1790254059937,4254.0600000000,4254.1300000000
1790254060339,4254.0100000000,4254.0800000000
1790254060742,4254.0600000000,4254.1300000000
1790254061145,4254.1400000000,4254.2100000000
1790254061547,4254.1600000000,4254.2300000000
1790254061949,4254.4100000000,4254.4800000000
1790254062453,4254.4300000000,4254.5000000000
1790254062755,4254.4700000000,4254.5400000000
1790254063158,4254.4400000000,4254.5100000000
1790254063662,4254.2000000000,4254.2700000000
1790254063963,4254.1700000000,4254.2400000000
1790254064465,4254.1600000000,4254.2300000000
1790254064867,4254.1500000000,4254.2200000000
1790254065672,4254.1700000000,4254.2400000000
1790254066075,4254.1800000000,4254.2500000000
1790254066477,4254.2200000000,4254.2900000000
1790254067282,4254.2400000000,4254.3100000000
1790254067685,4254.2300000000,4254.3000000000
1790254068895,4254.3500000000,4254.4200000000
1790254069724,4254.2900000000,4254.3600000000
1790254070931,4254.3100000000,4254.3800000000
1790254071334,4254.2600000000,4254.3300000000
1790254071736,4254.2400000000,4254.3100000000
1790254072138,4254.2100000000,4254.2800000000
1790254073346,4254.2200000000,4254.2900000000
1790254075359,4254.2300000000,4254.3000000000
1790254075762,4254.2100000000,4254.2800000000
1790254076567,4253.9500000000,4254.0200000000
1790254076970,4253.9300000000,4254.0000000000
1790254077372,4253.9400000000,4254.0100000000
1790254077774,4253.8400000000,4253.9100000000
1790254078177,4253.7300000000,4253.8000000000
1790254078982,4253.7000000000,4253.7700000000
1790254079385,4253.8000000000,4253.8700000000
1790254080190,4253.7900000000,4253.8600000000
1790254080592,4253.6900000000,4253.7600000000
1790254080995,4253.9100000000,4253.9800000000
1790254081398,4253.7500000000,4253.8200000000
1790254081800,4253.8700000000,4253.9400000000
1790254082204,4253.8800000000,4253.9500000000
1790254082606,4253.7600000000,4253.8300000000
1790254083008,4253.3500000000,4253.4200000000
1790254083410,4253.4400000000,4253.5100000000
1790254083813,4253.8600000000,4253.9300000000
1790254084215,4253.8700000000,4253.9400000000
1790254084619,4253.8500000000,4253.9200000000
1790254085424,4254.1800000000,4254.2500000000
1790254085827,4254.2100000000,4254.2800000000
1790254086229,4254.5200000000,4254.5900000000
1790254086632,4255.0500000000,4255.1200000000
1790254087035,4255.3700000000,4255.4400000000
1790254087437,4255.3700000000,4255.4500000000
1790254087843,4255.4600000000,4255.5400000000
1790254088245,4255.5600000000,4255.6400000000
1790254088650,4255.6200000000,4255.7000000000
1790254089052,4255.6100000000,4255.6900000000
1790254089455,4255.6700000000,4255.7500000000
1790254089859,4255.7300000000,4255.8100000000
1790254090262,4255.7500000000,4255.8300000000
1790254090664,4255.6700000000,4255.7500000000
1790254091067,4255.6600000000,4255.7400000000
1790254091469,4255.5600000000,4255.6400000000
1790254091872,4255.5300000000,4255.6100000000
1790254092677,4255.5400000000,4255.6200000000
1790254093079,4255.5200000000,4255.6000000000
1790254093483,4255.4900000000,4255.5700000000
1790254094288,4255.4800000000,4255.5600000000
1790254094690,4255.4500000000,4255.5300000000
1790254095495,4255.4900000000,4255.5700000000
1790254095898,4255.5100000000,4255.5900000000
1790254096301,4255.5000000000,4255.5800000000
1790254096703,4255.4900000000,4255.5700000000
1790254097107,4255.6300000000,4255.7100000000
1790254097510,4254.9900000000,4255.0700000000
1790254097913,4254.8700000000,4254.9500000000
1790254098315,4254.8000000000,4254.9000000000
1790254099925,4254.7500000000,4254.8500000000
1790254100328,4254.8800000000,4254.9800000000
1790254100730,4254.8000000000,4254.9000000000
1790254101133,4254.7100000000,4254.8100000000
1790254101536,4254.6600000000,4254.7600000000
1790254101938,4254.6400000000,4254.7400000000
1790254102743,4254.5600000000,4254.6600000000
1790254103146,4254.5400000000,4254.6400000000
1790254103548,4254.5300000000,4254.6300000000
1790254104353,4254.6500000000,4254.7500000000
1790254104757,4254.5800000000,4254.6800000000
1790254105160,4254.5600000000,4254.6500000000
1790254105562,4254.4500000000,4254.5400000000
1790254105965,4254.0900000000,4254.1800000000
1790254106367,4254.0700000000,4254.1700000000
1790254106770,4254.3500000000,4254.4500000000
1790254107172,4254.3300000000,4254.4300000000
1790254107574,4254.3200000000,4254.4200000000
1790254107977,4253.8300000000,4253.9300000000
1790254108380,4253.8300000000,4253.9400000000
1790254108782,4253.7900000000,4253.9000000000
1790254109185,4253.8000000000,4253.9100000000
1790254109588,4253.8500000000,4253.9600000000
1790254110393,4253.9100000000,4254.0200000000
1790254111602,4254.2200000000,4254.3300000000
1790254112004,4254.2900000000,4254.4000000000
1790254112408,4254.1400000000,4254.2500000000
1790254112811,4254.0800000000,4254.1900000000
1790254113213,4253.5500000000,4253.6700000000
1790254113616,4253.6600000000,4253.7800000000
1790254114018,4253.6900000000,4253.8100000000
1790254114421,4253.7100000000,4253.8300000000
1790254114824,4253.1800000000,4253.3000000000
1790254115227,4253.1500000000,4253.2800000000
1790254115629,4253.1700000000,4253.3000000000
1790254116032,4253.1600000000,4253.2900000000
1790254116435,4253.1900000000,4253.3200000000
1790254116838,4253.2200000000,4253.3500000000
1790254117240,4253.2400000000,4253.3700000000
1790254117643,4253.2200000000,4253.3500000000
1790254118045,4253.1500000000,4253.2800000000
1790254118448,4253.1400000000,4253.2600000000
1790254119655,4253.1500000000,4253.2700000000
1790254120460,4253.3700000000,4253.4900000000
1790254120863,4253.3600000000,4253.4800000000
1790254121265,4253.3500000000,4253.4700000000
1790254121668,4253.4900000000,4253.6100000000
1790254122071,4253.5300000000,4253.6500000000
1790254122473,4253.6100000000,4253.7300000000
1790254122875,4253.6200000000,4253.7400000000
1790254123278,4253.6400000000,4253.7600000000
1790254124484,4253.8900000000,4254.0100000000
1790254124887,4253.9000000000,4254.0200000000
1790254125290,4253.9600000000,4254.0800000000
1790254125692,4253.8700000000,4253.9900000000
1790254126095,4254.0900000000,4254.2100000000
1790254126497,4254.1000000000,4254.2200000000
1790254126900,4254.1100000000,4254.2300000000
1790254127302,4254.1300000000,4254.2500000000
1790254127705,4254.1000000000,4254.2200000000
1790254128108,4254.0900000000,4254.2100000000
1790254128510,4254.1200000000,4254.2400000000
1790254128912,4254.1600000000,4254.2800000000
1790254129718,4254.1800000000,4254.3000000000
1790254130121,4254.1900000000,4254.3100000000
1790254130523,4254.3600000000,4254.4800000000
1790254130926,4254.3500000000,4254.4700000000
1790254131329,4254.4300000000,4254.5500000000
1790254131731,4254.3800000000,4254.5000000000
1790254132134,4254.3200000000,4254.4400000000
1790254132938,4254.3000000000,4254.4200000000
1790254133341,4254.4300000000,4254.5500000000
1790254133743,4254.3900000000,4254.5100000000
1790254134146,4254.3600000000,4254.4800000000
1790254134549,4254.4000000000,4254.5200000000
1790254135354,4254.4000000000,4254.5100000000
1790254135756,4254.2500000000,4254.3600000000
1790254136159,4254.2100000000,4254.3200000000
1790254136562,4254.3000000000,4254.4100000000
1790254136965,4253.5000000000,4253.6100000000
1790254137367,4253.4800000000,4253.6100000000
1790254137770,4253.4600000000,4253.5900000000
1790254138172,4253.4200000000,4253.5500000000
1790254138574,4253.4100000000,4253.5400000000
1790254138976,4253.3900000000,4253.5200000000
1790254139379,4253.3700000000,4253.5000000000
1790254139782,4253.3900000000,4253.5200000000
1790254140586,4253.3800000000,4253.5100000000
1790254141794,4253.3900000000,4253.5200000000
1790254142197,4253.4000000000,4253.5200000000
1790254142601,4253.4200000000,4253.5400000000
1790254143003,4253.6100000000,4253.7300000000
1790254143406,4253.8300000000,4253.9600000000
1790254143809,4253.9600000000,4254.0900000000
1790254144211,4253.9000000000,4254.0300000000
1790254144615,4253.8200000000,4253.9500000000
1790254145017,4253.2400000000,4253.3700000000
1790254145420,4253.1600000000,4253.2900000000
1790254145823,4253.1400000000,4253.2700000000
1790254146225,4253.1500000000,4253.2800000000
1790254146628,4253.1600000000,4253.2900000000
1790254147031,4253.1000000000,4253.2300000000
1790254147433,4253.2700000000,4253.4000000000
1790254147836,4253.3300000000,4253.4600000000
1790254148241,4253.3700000000,4253.5000000000
1790254149046,4253.3900000000,4253.5200000000
1790254150253,4253.3600000000,4253.4900000000
1790254150657,4253.3700000000,4253.5000000000
1790254151060,4253.3900000000,4253.5200000000
1790254151462,4253.4300000000,4253.5600000000
1790254151864,4253.4100000000,4253.5400000000
1790254152267,4253.5100000000,4253.6400000000
1790254152669,4253.4500000000,4253.5800000000
1790254153072,4253.6600000000,4253.7900000000
1790254153474,4253.6800000000,4253.8100000000
1790254154380,4253.6700000000,4253.8000000000
1790254154784,4253.7000000000,4253.8300000000
1790254155187,4253.5200000000,4253.6500000000
1790254155589,4253.4400000000,4253.5700000000
1790254156294,4253.7100000000,4253.8400000000
1790254156696,4253.7300000000,4253.8600000000
1790254157098,4253.8300000000,4253.9600000000
1790254157501,4253.8500000000,4253.9800000000
1790254157903,4253.9300000000,4254.0600000000
1790254158306,4253.9500000000,4254.0800000000
1790254158708,4253.9600000000,4254.0900000000
1790254159212,4253.9700000000,4254.1000000000
1790254159616,4253.9200000000,4254.0500000000
1790254160018,4253.9700000000,4254.1000000000
1790254160823,4253.8900000000,4254.0200000000
1790254161226,4253.8900000000,4254.0100000000
1790254162031,4253.8800000000,4254.0000000000
1790254162433,4253.8700000000,4253.9900000000
1790254162836,4253.9100000000,4254.0300000000
1790254163641,4253.9800000000,4254.1000000000
1790254164044,4254.0100000000,4254.1300000000
1790254164850,4253.9800000000,4254.1000000000
1790254165252,4254.0700000000,4254.1900000000
1790254165654,4253.9600000000,4254.0800000000
1790254166057,4253.9300000000,4254.0500000000
1790254166459,4253.9200000000,4254.0400000000
1790254166861,4253.9000000000,4254.0200000000
1790254167667,4253.9300000000,4254.0500000000
1790254168874,4253.9100000000,4254.0300000000
1790254169679,4253.9200000000,4254.0400000000
1790254170082,4253.9300000000,4254.0500000000
1790254173303,4253.9300000000,4254.0400000000
1790254173705,4253.9200000000,4254.0300000000
1790254174107,4253.8900000000,4254.0000000000
1790254174509,4253.9100000000,4254.0200000000
1790254174912,4253.9000000000,4254.0100000000
1790254175314,4253.8900000000,4254.0000000000
1790254175716,4253.8600000000,4253.9700000000
1790254176925,4253.7600000000,4253.8700000000
1790254177327,4253.4700000000,4253.5800000000
1790254177730,4253.5100000000,4253.6200000000
1790254178133,4253.4800000000,4253.5900000000
1790254178938,4253.4400000000,4253.5500000000
1790254179340,4253.4300000000,4253.5400000000
1790254179743,4253.4100000000,4253.5200000000
1790254180146,4253.4000000000,4253.5100000000
1790254180549,4253.4200000000,4253.5300000000
1790254181354,4253.4100000000,4253.5200000000
1790254181756,4253.4000000000,4253.5100000000
1790254182159,4253.4300000000,4253.5400000000
1790254183367,4253.4200000000,4253.5300000000
1790254183769,4253.3800000000,4253.4900000000
1790254184172,4253.0600000000,4253.1700000000
1790254184576,4253.0800000000,4253.1900000000
1790254185380,4253.0200000000,4253.1300000000
1790254185783,4253.1200000000,4253.2300000000
1790254186186,4253.1400000000,4253.2500000000
1790254186991,4253.1300000000,4253.2400000000
1790254187394,4253.0700000000,4253.1800000000
1790254187797,4253.0800000000,4253.1900000000
1790254188199,4253.0900000000,4253.2000000000
1790254188601,4253.1200000000,4253.2300000000
1790254190213,4253.0800000000,4253.1800000000
1790254190616,4252.9900000000,4253.0900000000
1790254191421,4253.0100000000,4253.1100000000
1790254192226,4253.0600000000,4253.1600000000
1790254192630,4253.0800000000,4253.1800000000
1790254193032,4253.0500000000,4253.1500000000
1790254193435,4253.0700000000,4253.1700000000
1790254193837,4253.0800000000,4253.1800000000
1790254194240,4252.9900000000,4253.0900000000
1790254194642,4252.9600000000,4253.0600000000
1790254195447,4252.9800000000,4253.0800000000
1790254195850,4253.0700000000,4253.1700000000
1790254196252,4252.9400000000,4253.0400000000
1790254196656,4252.8900000000,4252.9900000000
1790254197059,4252.8700000000,4252.9700000000
1790254197461,4252.8600000000,4252.9600000000
1790254198266,4252.8500000000,4252.9500000000
1790254198669,4252.8800000000,4252.9800000000
1790254199072,4252.8600000000,4252.9600000000
1790254199877,4252.8800000000,4252.9800000000
1790254200280,4252.8600000000,4252.9600000000
1790254200683,4252.8700000000,4252.9700000000
1790254201488,4252.9000000000,4252.9900000000
1790254202293,4252.9500000000,4253.0400000000
1790254202696,4252.9300000000,4253.0200000000
1790254203501,4252.9700000000,4253.0600000000
1790254203904,4252.9800000000,4253.0700000000
1790254204709,4253.1500000000,4253.2400000000
1790254205111,4253.2100000000,4253.3000000000
1790254205514,4253.2400000000,4253.3300000000
1790254205916,4253.2800000000,4253.3700000000
1790254207124,4253.1900000000,4253.2800000000
1790254207929,4253.1500000000,4253.2400000000
1790254208738,4253.1900000000,4253.2800000000
1790254209141,4253.1700000000,4253.2600000000
1790254210348,4253.1500000000,4253.2400000000
1790254211958,4253.1400000000,4253.2300000000
1790254212360,4253.1400000000,4253.2200000000
1790254212763,4253.1500000000,4253.2300000000
1790254213165,4253.2000000000,4253.2800000000
1790254214372,4253.2600000000,4253.3400000000
1790254214775,4253.3400000000,4253.4200000000
1790254215580,4253.4200000000,4253.5000000000
1790254215982,4253.6500000000,4253.7300000000
1790254216385,4253.7300000000,4253.8100000000
1790254216788,4253.8300000000,4253.9100000000
1790254217190,4253.8700000000,4253.9500000000
1790254217592,4253.7900000000,4253.8700000000
1790254217995,4253.7200000000,4253.8000000000
1790254218800,4253.6900000000,4253.7700000000
1790254219605,4253.9500000000,4254.0300000000
1790254220108,4253.9600000000,4254.0400000000
1790254220410,4253.9200000000,4254.0000000000
1790254220913,4253.8700000000,4253.9500000000
1790254221316,4253.9700000000,4254.0500000000
1790254221718,4254.0000000000,4254.0800000000
1790254222523,4254.0800000000,4254.1600000000
1790254222926,4254.1000000000,4254.1800000000
1790254223731,4254.1500000000,4254.2300000000
1790254224134,4254.1400000000,4254.2200000000
1790254224940,4254.4200000000,4254.5000000000
1790254225342,4254.4500000000,4254.5300000000
1790254225745,4254.3400000000,4254.4200000000
1790254226550,4254.3000000000,4254.3800000000
1790254226952,4254.2600000000,4254.3400000000
1790254227355,4254.3000000000,4254.3800000000
1790254227758,4254.3700000000,4254.4500000000
1790254228161,4254.2100000000,4254.2900000000
1790254228564,4254.1900000000,4254.2700000000
1790254230172,4254.1700000000,4254.2500000000
1790254230575,4254.1800000000,4254.2600000000
1790254230977,4254.3400000000,4254.4200000000
1790254231784,4254.3600000000,4254.4400000000
1790254232187,4254.3700000000,4254.4500000000
1790254232589,4254.5100000000,4254.5900000000
1790254232992,4254.5500000000,4254.6300000000
1790254233394,4254.6500000000,4254.7300000000
1790254233797,4254.7300000000,4254.8100000000
1790254234199,4254.7600000000,4254.8400000000
1790254234602,4254.9400000000,4255.0200000000
1790254235005,4255.1100000000,4255.1900000000
1790254235407,4255.0900000000,4255.1700000000
1790254235810,4255.0200000000,4255.1000000000
1790254236213,4254.9800000000,4255.0600000000
1790254236615,4254.9600000000,4255.0400000000
1790254237420,4254.9300000000,4255.0100000000
1790254237823,4254.9800000000,4255.0600000000
1790254238326,4255.0300000000,4255.1100000000
1790254238627,4255.0700000000,4255.1500000000
1790254239030,4255.1000000000,4255.1800000000
1790254239835,4255.1100000000,4255.1900000000
1790254240238,4255.1600000000,4255.2400000000
1790254240640,4255.0400000000,4255.1200000000
1790254241043,4254.5700000000,4254.6500000000
1790254241446,4254.5200000000,4254.6000000000
1790254241849,4254.4900000000,4254.5700000000
1790254242251,4254.4900000000,4254.5800000000
1790254242654,4254.5000000000,4254.5900000000
1790254243057,4254.4800000000,4254.5700000000
1790254243460,4254.5300000000,4254.6200000000
1790254243862,4254.5700000000,4254.6600000000
1790254244667,4254.5300000000,4254.6200000000
1790254245070,4254.5200000000,4254.6100000000
1790254245472,4254.5300000000,4254.6200000000
1790254245875,4254.4800000000,4254.5700000000
1790254247487,4254.6000000000,4254.6800000000
1790254247890,4254.5200000000,4254.6000000000
1790254248696,4254.5300000000,4254.6100000000
1790254249098,4254.5700000000,4254.6500000000
1790254249903,4254.5800000000,4254.6600000000
1790254250306,4254.6600000000,4254.7400000000
1790254250708,4254.6000000000,4254.6800000000
1790254251111,4254.8800000000,4254.9600000000
1790254251513,4254.8700000000,4254.9500000000
1790254251916,4254.8600000000,4254.9400000000
1790254252319,4254.8500000000,4254.9300000000
1790254252721,4254.6000000000,4254.6800000000
1790254253124,4254.6200000000,4254.7000000000
1790254253525,4254.6600000000,4254.7400000000
1790254253928,4254.6700000000,4254.7500000000
1790254254331,4254.7000000000,4254.7800000000
1790254254733,4254.8000000000,4254.8800000000
1790254255136,4255.1200000000,4255.2000000000
1790254255538,4255.1700000000,4255.2500000000
1790254255941,4255.2100000000,4255.2900000000
1790254256344,4255.1600000000,4255.2500000000
1790254256746,4255.1800000000,4255.2700000000
1790254257953,4255.1400000000,4255.2300000000
1790254258356,4255.1700000000,4255.2600000000
1790254258759,4255.1600000000,4255.2500000000
1790254259162,4255.6700000000,4255.7600000000
1790254259565,4255.9100000000,4256.0000000000
1790254259967,4255.6600000000,4255.7500000000
1790254260370,4255.6400000000,4255.7400000000
1790254260774,4255.6500000000,4255.7500000000
1790254261177,4255.6600000000,4255.7600000000
1790254261579,4255.6400000000,4255.7400000000
1790254262384,4255.7300000000,4255.8300000000
1790254262787,4255.6900000000,4255.7900000000
1790254263190,4255.6500000000,4255.7500000000
1790254263593,4255.6400000000,4255.7400000000
1790254263995,4255.6300000000,4255.7300000000
1790254265203,4255.6700000000,4255.7700000000
1790254265605,4255.6600000000,4255.7600000000
1790254266008,4255.6400000000,4255.7400000000
1790254266410,4255.6500000000,4255.7500000000
1790254266813,4255.7200000000,4255.8200000000
1790254267215,4255.6700000000,4255.7700000000
1790254267619,4255.6200000000,4255.7200000000
1790254268022,4255.6700000000,4255.7700000000
1790254268829,4255.7100000000,4255.8100000000
1790254269231,4256.2300000000,4256.3300000000
1790254269633,4256.2700000000,4256.3700000000
1790254270036,4256.2800000000,4256.3800000000
1790254270438,4256.2600000000,4256.3700000000
1790254270841,4256.2300000000,4256.3400000000
1790254271243,4255.9600000000,4256.0700000000
1790254271645,4255.8100000000,4255.9200000000
1790254272450,4255.8000000000,4255.9100000000
1790254272853,4255.8300000000,4255.9400000000
1790254273255,4255.8200000000,4255.9300000000
1790254273657,4255.8400000000,4255.9500000000
1790254274060,4255.8800000000,4255.9900000000
1790254274865,4255.9000000000,4256.0100000000
1790254275268,4255.8700000000,4255.9800000000
1790254275670,4255.8800000000,4255.9900000000
1790254276475,4255.9300000000,4256.0300000000
1790254276878,4255.8800000000,4255.9800000000
1790254277280,4255.8200000000,4255.9200000000
1790254278085,4255.7100000000,4255.8100000000
1790254278488,4255.7500000000,4255.8500000000
1790254279293,4255.7900000000,4255.8900000000
1790254280903,4256.1000000000,4256.2000000000
1790254282515,4256.1400000000,4256.2400000000
1790254283723,4256.1500000000,4256.2500000000
1790254284128,4256.2300000000,4256.3300000000
1790254284530,4256.3100000000,4256.4100000000
1790254284932,4256.2500000000,4256.3500000000
1790254285335,4256.2100000000,4256.3100000000
1790254285737,4256.2200000000,4256.3200000000
1790254286139,4256.1000000000,4256.2000000000
1790254286542,4255.6500000000,4255.7500000000
1790254286945,4255.5900000000,4255.6900000000
1790254287347,4255.5700000000,4255.6700000000
1790254288152,4255.5800000000,4255.6800000000
1790254288554,4255.6600000000,4255.7600000000
1790254288957,4255.4400000000,4255.5400000000
1790254289359,4255.4100000000,4255.5100000000
1790254289762,4255.4500000000,4255.5500000000
1790254290165,4255.4600000000,4255.5600000000
1790254290567,4255.5300000000,4255.6300000000
1790254290970,4255.4300000000,4255.5300000000
1790254291776,4255.3900000000,4255.4900000000
1790254292178,4255.3400000000,4255.4400000000
1790254293386,4255.3500000000,4255.4500000000
1790254293789,4255.3700000000,4255.4700000000
1790254294193,4255.3900000000,4255.4900000000
1790254294595,4255.3500000000,4255.4500000000
1790254294998,4255.1900000000,4255.2900000000
1790254295400,4255.1600000000,4255.2600000000
1790254295803,4255.1300000000,4255.2300000000
1790254296206,4255.1200000000,4255.2200000000
1790254297011,4255.0600000000,4255.1600000000
1790254297413,4255.0400000000,4255.1400000000
1790254297816,4255.1100000000,4255.2100000000
1790254298218,4255.1700000000,4255.2700000000
1790254299425,4255.3200000000,4255.4200000000
1790254299828,4255.2800000000,4255.3800000000
1790254300230,4255.1900000000,4255.2900000000
1790254300633,4255.1800000000,4255.2800000000
1790254301036,4255.1200000000,4255.2200000000
1790254301438,4255.1000000000,4255.2000000000
1790254301841,4255.0600000000,4255.1600000000
1790254302243,4255.0600000000,4255.1500000000
1790254302646,4255.1100000000,4255.2000000000
1790254303049,4254.9800000000,4255.0700000000
1790254303451,4254.8000000000,4254.8900000000
1790254303853,4254.8100000000,4254.9000000000
1790254304658,4254.8400000000,4254.9300000000
1790254305062,4254.8500000000,4254.9400000000
1790254305464,4254.9300000000,4255.0200000000
1790254305866,4254.9400000000,4255.0300000000
1790254307075,4254.9200000000,4255.0100000000
1790254307477,4254.8900000000,4254.9800000000
1790254307880,4254.8800000000,4254.9700000000
1790254308685,4254.8600000000,4254.9500000000
1790254309088,4255.1200000000,4255.2100000000
1790254309892,4255.1300000000,4255.2200000000
1790254310295,4255.1400000000,4255.2300000000
1790254310697,4255.3500000000,4255.4400000000
1790254311100,4255.5200000000,4255.6100000000
1790254311502,4255.5500000000,4255.6400000000
1790254311904,4255.6500000000,4255.7400000000
1790254312307,4255.6600000000,4255.7500000000
1790254312710,4255.6400000000,4255.7300000000
1790254313112,4255.6700000000,4255.7600000000
1790254313516,4255.5700000000,4255.6600000000
1790254313917,4255.6500000000,4255.7400000000
1790254314320,4255.6600000000,4255.7500000000
1790254314722,4255.6300000000,4255.7200000000
1790254315125,4255.6400000000,4255.7300000000
1790254315527,4255.5500000000,4255.6400000000
1790254315930,4255.6100000000,4255.7000000000
1790254316333,4255.6300000000,4255.7200000000
1790254316735,4255.6100000000,4255.7000000000
1790254317138,4255.5800000000,4255.6700000000
1790254317540,4255.5500000000,4255.6400000000
1790254317942,4255.3900000000,4255.4800000000
1790254318345,4255.3800000000,4255.4700000000
1790254318748,4255.4700000000,4255.5600000000
1790254319151,4255.4200000000,4255.5100000000
1790254319554,4255.2500000000,4255.3400000000
1790254319957,4255.2600000000,4255.3500000000
1790254320359,4255.2700000000,4255.3600000000
1790254321265,4255.2500000000,4255.3400000000
1790254321669,4255.2600000000,4255.3500000000
1790254322072,4255.2300000000,4255.3200000000
1790254322474,4255.2000000000,4255.2800000000
1790254323279,4255.1300000000,4255.2100000000
1790254323681,4255.1200000000,4255.2000000000
1790254324084,4255.0700000000,4255.1500000000
1790254324888,4255.1300000000,4255.2100000000
1790254325291,4255.0000000000,4255.0800000000
1790254326096,4254.8500000000,4254.9300000000
1790254326499,4254.8200000000,4254.9000000000
1790254326901,4254.8300000000,4254.9100000000
1790254327304,4254.7800000000,4254.8600000000
1790254327706,4254.8800000000,4254.9600000000
1790254328108,4254.9200000000,4255.0000000000
1790254328513,4254.8900000000,4254.9700000000
1790254328916,4255.1800000000,4255.2600000000
1790254329318,4255.4800000000,4255.5600000000
1790254329721,4255.5000000000,4255.5800000000
1790254330123,4255.5500000000,4255.6400000000
1790254330526,4255.5600000000,4255.6500000000
1790254331331,4255.5800000000,4255.6700000000
1790254332136,4255.5200000000,4255.6100000000
1790254332538,4255.5300000000,4255.6200000000
1790254332941,4255.4700000000,4255.5600000000
1790254333343,4255.4500000000,4255.5400000000
1790254334149,4255.3800000000,4255.4700000000
1790254334551,4255.3600000000,4255.4500000000
1790254335759,4255.4300000000,4255.5200000000
1790254336161,4255.5200000000,4255.6000000000
1790254336564,4255.6500000000,4255.7300000000
1790254336966,4255.6700000000,4255.7500000000
1790254337369,4255.6200000000,4255.7100000000
1790254339381,4255.6200000000,4255.7000000000
1790254339784,4255.5700000000,4255.6500000000
1790254340186,4255.5500000000,4255.6300000000
1790254340589,4255.5800000000,4255.6600000000
1790254340991,4255.6600000000,4255.7400000000
1790254341394,4255.3400000000,4255.4200000000
1790254341796,4255.3800000000,4255.4600000000
1790254342199,4255.4800000000,4255.5600000000
1790254342601,4255.4600000000,4255.5400000000
1790254343004,4255.4000000000,4255.4800000000
1790254343407,4255.3700000000,4255.4500000000
1790254343809,4255.2800000000,4255.3600000000
1790254344211,4255.2600000000,4255.3400000000
1790254344614,4255.2700000000,4255.3500000000
1790254345017,4255.2300000000,4255.3100000000
1790254345420,4255.2100000000,4255.2900000000
1790254345822,4255.2600000000,4255.3400000000
1790254346225,4255.1500000000,4255.2300000000
1790254346627,4255.1400000000,4255.2200000000
1790254347029,4255.1500000000,4255.2300000000
1790254347432,4255.1600000000,4255.2400000000
1790254347835,4255.1700000000,4255.2500000000
1790254348639,4255.3000000000,4255.3800000000
1790254349042,4255.3300000000,4255.4100000000
1790254349444,4255.3600000000,4255.4400000000
1790254349846,4255.4600000000,4255.5400000000
1790254350249,4255.4100000000,4255.4900000000
1790254351053,4255.2900000000,4255.3700000000
1790254351456,4255.3500000000,4255.4300000000
1790254352261,4255.4200000000,4255.5000000000
1790254352663,4255.6200000000,4255.7000000000
1790254353468,4255.6500000000,4255.7200000000
1790254353870,4255.6600000000,4255.7300000000
1790254354273,4255.6700000000,4255.7500000000
1790254354675,4255.6500000000,4255.7300000000
1790254355078,4255.6500000000,4255.7200000000
1790254355883,4255.4800000000,4255.5500000000
1790254356286,4255.5100000000,4255.5800000000
1790254356688,4255.4900000000,4255.5600000000
1790254357091,4255.4700000000,4255.5400000000
1790254357493,4255.4900000000,4255.5600000000
1790254358298,4255.5000000000,4255.5700000000
1790254358700,4255.5100000000,4255.5800000000
1790254359103,4255.4800000000,4255.5500000000
1790254360411,4255.5700000000,4255.6400000000
1790254360814,4255.5900000000,4255.6600000000
1790254361519,4255.5600000000,4255.6300000000
1790254362425,4255.5800000000,4255.6500000000
1790254363230,4255.5900000000,4255.6600000000
1790254363635,4255.4000000000,4255.4700000000
1790254364039,4255.3500000000,4255.4200000000
1790254364440,4255.3600000000,4255.4300000000
1790254366051,4255.3800000000,4255.4500000000
1790254366453,4255.3100000000,4255.3800000000
1790254366856,4254.9900000000,4255.0600000000
1790254367258,4254.9800000000,4255.0500000000
1790254368065,4254.9600000000,4255.0300000000
1790254368466,4255.1900000000,4255.2600000000
1790254368869,4255.1800000000,4255.2500000000
1790254369171,4255.1600000000,4255.2300000000
1790254369573,4255.0500000000,4255.1200000000
1790254372090,4255.0800000000,4255.1500000000
1790254372493,4255.1800000000,4255.2500000000
1790254372895,4255.2000000000,4255.2700000000
1790254373298,4255.1500000000,4255.2200000000
1790254374104,4255.1300000000,4255.2000000000
1790254374506,4255.1500000000,4255.2200000000
1790254374909,4255.1300000000,4255.2000000000
1790254375311,4255.1400000000,4255.2100000000
1790254375714,4255.1300000000,4255.2000000000
1790254376117,4255.1000000000,4255.1700000000
1790254376922,4255.0800000000,4255.1500000000
1790254377325,4255.1100000000,4255.1800000000
1790254379740,4255.1300000000,4255.2000000000
1790254380143,4255.3600000000,4255.4300000000
1790254380545,4255.1900000000,4255.2600000000
1790254380947,4255.1700000000,4255.2400000000
1790254381350,4255.1600000000,4255.2300000000
1790254381752,4255.1300000000,4255.2000000000
1790254382155,4254.8800000000,4254.9500000000
1790254382557,4254.8600000000,4254.9300000000
1790254383363,4254.9100000000,4254.9800000000
1790254383766,4254.9500000000,4255.0200000000
1790254384570,4254.9600000000,4255.0300000000
1790254384973,4254.9500000000,4255.0200000000
1790254385778,4254.9600000000,4255.0300000000
1790254386181,4254.9500000000,4255.0200000000
1790254386585,4254.9600000000,4255.0300000000
1790254387390,4254.9700000000,4255.0400000000
1790254387793,4254.9400000000,4255.0100000000
1790254388598,4255.0400000000,4255.1100000000
1790254389005,4255.0200000000,4255.0900000000
1790254389810,4255.0100000000,4255.0800000000
1790254390616,4254.9700000000,4255.0400000000
1790254391422,4255.0400000000,4255.1100000000
1790254391825,4255.0600000000,4255.1300000000
1790254392227,4255.1800000000,4255.2500000000
1790254392629,4255.1700000000,4255.2400000000
1790254393434,4255.0000000000,4255.0700000000
1790254393837,4255.0400000000,4255.1100000000
1790254394239,4254.8400000000,4254.9100000000
1790254394643,4254.8100000000,4254.8800000000
1790254395852,4254.9900000000,4255.0600000000
1790254396253,4255.0600000000,4255.1300000000
1790254396655,4255.0500000000,4255.1200000000
1790254397460,4255.0700000000,4255.1400000000
1790254398265,4255.0800000000,4255.1500000000
1790254398667,4255.0900000000,4255.1600000000
1790254399070,4255.2300000000,4255.3000000000
1790254399472,4255.2000000000,4255.2700000000
1790254399874,4255.1800000000,4255.2500000000
1790254400278,4255.1600000000,4255.2300000000
1790254400679,4255.1800000000,4255.2500000000
1790254401082,4255.1600000000,4255.2300000000
1790254401484,4255.2400000000,4255.3100000000
1790254402289,4255.2700000000,4255.3400000000
1790254402692,4255.3600000000,4255.4300000000
1790254403498,4255.3500000000,4255.4200000000
1790254403899,4255.3400000000,4255.4100000000
1790254404302,4255.4700000000,4255.5400000000
1790254404704,4255.4600000000,4255.5300000000
1790254405510,4255.4500000000,4255.5200000000
1790254405912,4255.4600000000,4255.5300000000
1790254407120,4255.4900000000,4255.5600000000
1790254407522,4255.5000000000,4255.5700000000
1790254408327,4255.4800000000,4255.5500000000
1790254408730,4255.4900000000,4255.5600000000
1790254409535,4255.5900000000,4255.6600000000
1790254409938,4255.5000000000,4255.5700000000
1790254410340,4255.2500000000,4255.3200000000
1790254410742,4255.1200000000,4255.1900000000
1790254411145,4255.1600000000,4255.2300000000
1790254411950,4255.1400000000,4255.2100000000
1790254412755,4255.1200000000,4255.1900000000
1790254413157,4255.1900000000,4255.2600000000
1790254413560,4255.1800000000,4255.2500000000
1790254414364,4255.1600000000,4255.2300000000
1790254414767,4255.1700000000,4255.2400000000
1790254415169,4255.0800000000,4255.1500000000
1790254415571,4255.0600000000,4255.1300000000
1790254415974,4255.0500000000,4255.1200000000
1790254416376,4254.9000000000,4254.9700000000
1790254416779,4255.1000000000,4255.1700000000
1790254417182,4254.9900000000,4255.0600000000
1790254417585,4254.9600000000,4255.0300000000
1790254418389,4255.0800000000,4255.1500000000
1790254418792,4255.1100000000,4255.1800000000
1790254419597,4255.1500000000,4255.2200000000
1790254420805,4255.1800000000,4255.2500000000
1790254421610,4255.1500000000,4255.2200000000
1790254422415,4255.1700000000,4255.2400000000
1790254423220,4255.1600000000,4255.2300000000
1790254424025,4255.1200000000,4255.1900000000
1790254424428,4255.0800000000,4255.1500000000
1790254424831,4255.0700000000,4255.1400000000
1790254426038,4255.0800000000,4255.1500000000
1790254426440,4255.1000000000,4255.1700000000
1790254427647,4255.1100000000,4255.1800000000
1790254428050,4255.0800000000,4255.1500000000
1790254428452,4255.0900000000,4255.1600000000
1790254428855,4255.1000000000,4255.1700000000
1790254429661,4255.0700000000,4255.1400000000
1790254430064,4254.9600000000,4255.0300000000
1790254430466,4254.8800000000,4254.9500000000
1790254430868,4254.8700000000,4254.9400000000
1790254431271,4254.8500000000,4254.9200000000
1790254432076,4254.8400000000,4254.9100000000
1790254432579,4254.8300000000,4254.9000000000
1790254432981,4254.8100000000,4254.8800000000
1790254433384,4254.8000000000,4254.8700000000
1790254433788,4254.3200000000,4254.3900000000
1790254434190,4254.2600000000,4254.3300000000
1790254434592,4254.1300000000,4254.2000000000
1790254434894,4254.1200000000,4254.1900000000
1790254435297,4254.2200000000,4254.2900000000
1790254435699,4254.5800000000,4254.6500000000
1790254436102,4254.6600000000,4254.7300000000
1790254436605,4254.6800000000,4254.7500000000
1790254437008,4254.6700000000,4254.7400000000
1790254437410,4254.6600000000,4254.7300000000
1790254437813,4254.5900000000,4254.6600000000
1790254438617,4254.5700000000,4254.6400000000
1790254439020,4254.7200000000,4254.7900000000
1790254439423,4254.7300000000,4254.8000000000
1790254440228,4254.7400000000,4254.8100000000
1790254440630,4254.5000000000,4254.5700000000
1790254441033,4254.4100000000,4254.4800000000
1790254441435,4254.3800000000,4254.4500000000
1790254441838,4254.3900000000,4254.4600000000
1790254442240,4254.3700000000,4254.4400000000
1790254442643,4254.2600000000,4254.3300000000
1790254443046,4254.2400000000,4254.3100000000
1790254443851,4254.2300000000,4254.3000000000
1790254444254,4254.4100000000,4254.4800000000
1790254444657,4254.4200000000,4254.4900000000
1790254445865,4254.6100000000,4254.6800000000
1790254446267,4254.4000000000,4254.4700000000
1790254446670,4254.3900000000,4254.4600000000
1790254447072,4254.0000000000,4254.0700000000
1790254447475,4254.0700000000,4254.1400000000
1790254447877,4254.0500000000,4254.1200000000
1790254448280,4254.2400000000,4254.3100000000
1790254448682,4254.3400000000,4254.4100000000
1790254449086,4254.3500000000,4254.4200000000
1790254449489,4254.2500000000,4254.3200000000
1790254449891,4254.1600000000,4254.2300000000
1790254450294,4254.1300000000,4254.2000000000
1790254450697,4254.0100000000,4254.0800000000
1790254451100,4254.0500000000,4254.1200000000
1790254451502,4253.7000000000,4253.7700000000
1790254451905,4253.4100000000,4253.4800000000
1790254452307,4253.3500000000,4253.4300000000
1790254452710,4253.3300000000,4253.4100000000
1790254453113,4252.7100000000,4252.7900000000
1790254453515,4252.8100000000,4252.8900000000
1790254453918,4252.9600000000,4253.0400000000
1790254454320,4253.1100000000,4253.1900000000
1790254454723,4253.1600000000,4253.2400000000
1790254455126,4253.1800000000,4253.2600000000
1790254455529,4253.2100000000,4253.2900000000
1790254455932,4253.2700000000,4253.3500000000
1790254456335,4253.2400000000,4253.3200000000
1790254456737,4253.2100000000,4253.2900000000
1790254457140,4253.2400000000,4253.3200000000
1790254457542,4253.3400000000,4253.4200000000
1790254457945,4253.0100000000,4253.0900000000
1790254458348,4253.0300000000,4253.1100000000
1790254458750,4252.9300000000,4253.0100000000
1790254459153,4252.9200000000,4253.0000000000
1790254459555,4252.9400000000,4253.0200000000
1790254459957,4252.9200000000,4253.0000000000
1790254460360,4253.0300000000,4253.1100000000
1790254460763,4253.1600000000,4253.2400000000
1790254461165,4253.1700000000,4253.2500000000
1790254461567,4253.1800000000,4253.2600000000
1790254461970,4253.1900000000,4253.2700000000
1790254462372,4253.2100000000,4253.2900000000
1790254462775,4253.1700000000,4253.2500000000
1790254463177,4253.2000000000,4253.2800000000
1790254463579,4253.3600000000,4253.4400000000
1790254463982,4253.4000000000,4253.4800000000
1790254464386,4253.4600000000,4253.5400000000
1790254464789,4253.4400000000,4253.5200000000
1790254465192,4253.4300000000,4253.5100000000
1790254465596,4253.0000000000,4253.0800000000
1790254465998,4252.9900000000,4253.0700000000
1790254466401,4252.9700000000,4253.0500000000
1790254466804,4252.9800000000,4253.0600000000
1790254468011,4253.0600000000,4253.1400000000
1790254468414,4253.0900000000,4253.1700000000
1790254469219,4252.7500000000,4252.8300000000
1790254469621,4252.8300000000,4252.9100000000
1790254470024,4252.9400000000,4253.0200000000
1790254470426,4253.0200000000,4253.1000000000
1790254470829,4253.0100000000,4253.0900000000
1790254471231,4253.0000000000,4253.0800000000
1790254472037,4253.0300000000,4253.1100000000
1790254472439,4253.0600000000,4253.1400000000
1790254473246,4252.9100000000,4252.9900000000
1790254473649,4252.9900000000,4253.0700000000
1790254474051,4253.0200000000,4253.1000000000
1790254474454,4252.9900000000,4253.0700000000
1790254475661,4253.0400000000,4253.1200000000
1790254476064,4253.0600000000,4253.1400000000
1790254476466,4253.0700000000,4253.1400000000
1790254476869,4253.2200000000,4253.2900000000
1790254477674,4253.3400000000,4253.4100000000
1790254478479,4253.2900000000,4253.3600000000
1790254479686,4253.2400000000,4253.3100000000
1790254480089,4253.2500000000,4253.3200000000
1790254480491,4253.2600000000,4253.3300000000
1790254480894,4253.2700000000,4253.3400000000
1790254482907,4253.3200000000,4253.3900000000
1790254483712,4253.2700000000,4253.3400000000
1790254484516,4253.2500000000,4253.3200000000
1790254484919,4253.1900000000,4253.2600000000
1790254485321,4253.1500000000,4253.2200000000
1790254485724,4253.2200000000,4253.2900000000
1790254486127,4253.2800000000,4253.3500000000
1790254486531,4253.1900000000,4253.2600000000
1790254487336,4253.2100000000,4253.2800000000
1790254487738,4253.1700000000,4253.2400000000
1790254488141,4253.1500000000,4253.2200000000
1790254489349,4253.1100000000,4253.1800000000
1790254489751,4253.0000000000,4253.0700000000
1790254490154,4253.0100000000,4253.0800000000
1790254490959,4253.0300000000,4253.1000000000
1790254491361,4253.1100000000,4253.1800000000
1790254491764,4253.1300000000,4253.2000000000
1790254492166,4253.1500000000,4253.2200000000
1790254492569,4253.1400000000,4253.2100000000
1790254492971,4253.2000000000,4253.2700000000
1790254493374,4253.2200000000,4253.2900000000
1790254493778,4253.3100000000,4253.3800000000
1790254494180,4253.3200000000,4253.3900000000
1790254494986,4253.3400000000,4253.4100000000
1790254495791,4253.3500000000,4253.4200000000
1790254496193,4253.4200000000,4253.4900000000
1790254496595,4253.4600000000,4253.5300000000
1790254496998,4253.4900000000,4253.5600000000
1790254497400,4253.4700000000,4253.5400000000
1790254497803,4253.4600000000,4253.5300000000
1790254498205,4253.6400000000,4253.7100000000
1790254499010,4253.6000000000,4253.6700000000
1790254499413,4253.6200000000,4253.6900000000
1790254499815,4253.7900000000,4253.8600000000
1790254500218,4253.8200000000,4253.8900000000
1790254500621,4253.8400000000,4253.9100000000
1790254501023,4253.8000000000,4253.8700000000
1790254501426,4253.8100000000,4253.8800000000
1790254501828,4253.7900000000,4253.8600000000
1790254502231,4253.8200000000,4253.8900000000
1790254503438,4254.1200000000,4254.1900000000
1790254503840,4254.4100000000,4254.4800000000
1790254504243,4254.4500000000,4254.5200000000
1790254504646,4254.4800000000,4254.5500000000
1790254505452,4254.6800000000,4254.7500000000
1790254506258,4254.7000000000,4254.7700000000
1790254506661,4254.6700000000,4254.7400000000
1790254507467,4254.6600000000,4254.7300000000
1790254507870,4254.6800000000,4254.7500000000
1790254508272,4254.7100000000,4254.7800000000
1790254508674,4254.5800000000,4254.6500000000
1790254509079,4254.6100000000,4254.6800000000
1790254509483,4254.7000000000,4254.7700000000
1790254509886,4254.7200000000,4254.7900000000
1790254510288,4254.7100000000,4254.7800000000
1790254510690,4254.7200000000,4254.7900000000
1790254511093,4254.8700000000,4254.9400000000
1790254511496,4255.0600000000,4255.1300000000
1790254511899,4254.9500000000,4255.0200000000
1790254512301,4254.9100000000,4254.9800000000
1790254512703,4254.9200000000,4254.9900000000
1790254513106,4254.9500000000,4255.0200000000
1790254513508,4254.9400000000,4255.0100000000
1790254513910,4254.9200000000,4254.9900000000
1790254514413,4254.9300000000,4255.0000000000
1790254515118,4254.5800000000,4254.6500000000
1790254515621,4254.4800000000,4254.5500000000
1790254516024,4254.2100000000,4254.2800000000
1790254516426,4254.2200000000,4254.3000000000
1790254516829,4254.4500000000,4254.5300000000
1790254517231,4254.4900000000,4254.5700000000
1790254517633,4254.6000000000,4254.6800000000
1790254518036,4254.6100000000,4254.6900000000
1790254518439,4254.6000000000,4254.6800000000
1790254518842,4254.6600000000,4254.7400000000
1790254519244,4254.6700000000,4254.7500000000
1790254519646,4254.5900000000,4254.6700000000
1790254520049,4254.4200000000,4254.5000000000
1790254520452,4254.4100000000,4254.4900000000
1790254520854,4254.3800000000,4254.4600000000
1790254521257,4254.4000000000,4254.4800000000
1790254521660,4254.5600000000,4254.6400000000
1790254522062,4254.5800000000,4254.6600000000
1790254522869,4254.5300000000,4254.6100000000
1790254523673,4254.5700000000,4254.6500000000
1790254524479,4254.7800000000,4254.8600000000
1790254524881,4254.7900000000,4254.8700000000
1790254525284,4254.8500000000,4254.9300000000
1790254525686,4254.8700000000,4254.9500000000
1790254526089,4254.9100000000,4254.9900000000
1790254526491,4254.8600000000,4254.9400000000
1790254526894,4254.8500000000,4254.9300000000
1790254527296,4254.8400000000,4254.9100000000
1790254527699,4254.8300000000,4254.9000000000
1790254528101,4254.7700000000,4254.8400000000
1790254528506,4254.7500000000,4254.8200000000
1790254528908,4254.7300000000,4254.8000000000
1790254529311,4254.7200000000,4254.7900000000
1790254530116,4254.7700000000,4254.8400000000
1790254530519,4254.8000000000,4254.8700000000
1790254531324,4254.9600000000,4255.0300000000
1790254531726,4254.9800000000,4255.0500000000
1790254532129,4254.9900000000,4255.0600000000
1790254532531,4255.0800000000,4255.1500000000
1790254532934,4255.1000000000,4255.1700000000
1790254533337,4255.0400000000,4255.1100000000
1790254533739,4255.2000000000,4255.2700000000
1790254534143,4255.0900000000,4255.1600000000
1790254534544,4255.0700000000,4255.1400000000
1790254534947,4255.0500000000,4255.1200000000
1790254535752,4255.0400000000,4255.1100000000
1790254536154,4255.0500000000,4255.1200000000
1790254536960,4255.0700000000,4255.1400000000
1790254537363,4254.8600000000,4254.9300000000
1790254537765,4254.9000000000,4254.9700000000
1790254538168,4254.8800000000,4254.9500000000
1790254538572,4254.7700000000,4254.8400000000
1790254538975,4254.7400000000,4254.8100000000
1790254539377,4254.7800000000,4254.8500000000
1790254540182,4254.8200000000,4254.8900000000
1790254541390,4254.8300000000,4254.9000000000
1790254541793,4254.8200000000,4254.8900000000
1790254543001,4255.0100000000,4255.0800000000
1790254543403,4255.0300000000,4255.1000000000
1790254543806,4255.0700000000,4255.1400000000
1790254544209,4255.0200000000,4255.0900000000
1790254544611,4255.0600000000,4255.1300000000
1790254545014,4255.0900000000,4255.1600000000
1790254545416,4255.0000000000,4255.0700000000
1790254545819,4255.0100000000,4255.0800000000
1790254546222,4255.0700000000,4255.1400000000
1790254547029,4255.1000000000,4255.1700000000
1790254548236,4255.1100000000,4255.1800000000
1790254549443,4255.3100000000,4255.3800000000
1790254549846,4255.3500000000,4255.4200000000
1790254550248,4255.3700000000,4255.4400000000
1790254550652,4255.6600000000,4255.7300000000
1790254551054,4255.6200000000,4255.6900000000
1790254551457,4255.6000000000,4255.6700000000
1790254552665,4255.8600000000,4255.9300000000
1790254553068,4255.9400000000,4256.0100000000
1790254553470,4255.8100000000,4255.8800000000
1790254553873,4255.7900000000,4255.8600000000
1790254554677,4255.5800000000,4255.6500000000
1790254555080,4255.5500000000,4255.6200000000
1790254555483,4255.5700000000,4255.6400000000
1790254555886,4255.5800000000,4255.6500000000
1790254556288,4255.4500000000,4255.5200000000
1790254556691,4255.3800000000,4255.4500000000
1790254557094,4255.2700000000,4255.3400000000
1790254557497,4255.2800000000,4255.3500000000
1790254557900,4255.2700000000,4255.3400000000
1790254558302,4255.2800000000,4255.3500000000
1790254558705,4255.2700000000,4255.3400000000
1790254559108,4255.2800000000,4255.3500000000
1790254559913,4255.2700000000,4255.3400000000
1790254560315,4255.1700000000,4255.2400000000
1790254560718,4255.1800000000,4255.2500000000
1790254561121,4255.0700000000,4255.1400000000
1790254561523,4255.0600000000,4255.1300000000
1790254562329,4254.6400000000,4254.7100000000
1790254562731,4254.7200000000,4254.7900000000
1790254563134,4254.7100000000,4254.7800000000
1790254563536,4254.9300000000,4255.0000000000
1790254563939,4254.9800000000,4255.0500000000
1790254564342,4255.0200000000,4255.0900000000
1790254564744,4255.0500000000,4255.1200000000
1790254565549,4255.0400000000,4255.1100000000
1790254565952,4254.8400000000,4254.9100000000
1790254566354,4254.7600000000,4254.8300000000
1790254566757,4254.7200000000,4254.7900000000
1790254567160,4254.7100000000,4254.7800000000
1790254567563,4254.6700000000,4254.7400000000
1790254567965,4254.9700000000,4255.0400000000
1790254568368,4254.9500000000,4255.0200000000
1790254568771,4255.0100000000,4255.0800000000
1790254569174,4255.0000000000,4255.0700000000
1790254569578,4254.9100000000,4254.9800000000
1790254569981,4254.9300000000,4255.0000000000
1790254570786,4254.8000000000,4254.8700000000
1790254571591,4254.7700000000,4254.8400000000
1790254571993,4254.8600000000,4254.9300000000
1790254572396,4254.8700000000,4254.9400000000
1790254572799,4254.8800000000,4254.9500000000
1790254573201,4254.9000000000,4254.9700000000
1790254574008,4254.7800000000,4254.8500000000
1790254574410,4254.7600000000,4254.8300000000
1790254574813,4254.7400000000,4254.8100000000
1790254575216,4254.7100000000,4254.7800000000
1790254575618,4254.7000000000,4254.7700000000
1790254576422,4254.7100000000,4254.7800000000
1790254576825,4254.6900000000,4254.7600000000
1790254577227,4254.7000000000,4254.7700000000
1790254577630,4254.7800000000,4254.8500000000
1790254578033,4254.8000000000,4254.8700000000
1790254578436,4254.7800000000,4254.8500000000
1790254578838,4254.8400000000,4254.9100000000
1790254579241,4254.8300000000,4254.9000000000
1790254579643,4254.8200000000,4254.8900000000
1790254580047,4254.8100000000,4254.8800000000
1790254580448,4254.7900000000,4254.8600000000
1790254581253,4254.8000000000,4254.8700000000
1790254581756,4254.8100000000,4254.8800000000
1790254582158,4255.0400000000,4255.1100000000
1790254582460,4255.0300000000,4255.1000000000
1790254582963,4254.7400000000,4254.8100000000
1790254583366,4254.7200000000,4254.7900000000
1790254584171,4254.7300000000,4254.8000000000
1790254584573,4254.7000000000,4254.7700000000
1790254585378,4254.6900000000,4254.7600000000
1790254585781,4254.7000000000,4254.7700000000
1790254588597,4254.7200000000,4254.7900000000
1790254590208,4254.8500000000,4254.9200000000
1790254590611,4254.8100000000,4254.8800000000
1790254591416,4254.8200000000,4254.8900000000
1790254592220,4254.9500000000,4255.0200000000
1790254593025,4254.9700000000,4255.0400000000
1790254594233,4254.9200000000,4254.9900000000
1790254594636,4255.3900000000,4255.4600000000
1790254595038,4255.4100000000,4255.4800000000
1790254595441,4255.5300000000,4255.6000000000
1790254595844,4255.5400000000,4255.6100000000
1790254596247,4255.4500000000,4255.5200000000
1790254596648,4255.5200000000,4255.5900000000
1790254597454,4255.5300000000,4255.6000000000
1790254597857,4255.5500000000,4255.6200000000
1790254598259,4255.4500000000,4255.5200000000
1790254598663,4255.5300000000,4255.6000000000
1790254599066,4255.6700000000,4255.7400000000
1790254599468,4255.5500000000,4255.6200000000
1790254599870,4255.5300000000,4255.6000000000
1790254600273,4255.4500000000,4255.5200000000
1790254600675,4255.3400000000,4255.4100000000
1790254601481,4255.0700000000,4255.1400000000
1790254601884,4255.1700000000,4255.2400000000
1790254602286,4255.2000000000,4255.2700000000
1790254603092,4255.2100000000,4255.2800000000
1790254603899,4255.2300000000,4255.3000000000
1790254607925,4255.4800000000,4255.5500000000
1790254608327,4255.4200000000,4255.4900000000
1790254608730,4255.2600000000,4255.3300000000
1790254609133,4255.2400000000,4255.3100000000
1790254609937,4255.3000000000,4255.3700000000
1790254610340,4255.3000000000,4255.3800000000
1790254610742,4255.5400000000,4255.6200000000
1790254611144,4255.6400000000,4255.7100000000
1790254611547,4255.6600000000,4255.7300000000
1790254611949,4255.6000000000,4255.6700000000
1790254612352,4255.6800000000,4255.7600000000
1790254612755,4255.7000000000,4255.7800000000
1790254613560,4255.7200000000,4255.8000000000
1790254613961,4255.6800000000,4255.7600000000
1790254614364,4255.8000000000,4255.8800000000
1790254614766,4255.7300000000,4255.8100000000
1790254615571,4255.1400000000,4255.2200000000
1790254616376,4255.1300000000,4255.2000000000
1790254616779,4255.1400000000,4255.2100000000
1790254617181,4255.1300000000,4255.2200000000
1790254617584,4255.1200000000,4255.2100000000
1790254617986,4255.2000000000,4255.2900000000
1790254618389,4255.1700000000,4255.2600000000
1790254618792,4255.1600000000,4255.2500000000
1790254619597,4255.1800000000,4255.2700000000
1790254620000,4255.1600000000,4255.2500000000
1790254620402,4255.1200000000,4255.2100000000
1790254621207,4254.7800000000,4254.8600000000
1790254621611,4254.7700000000,4254.8500000000
1790254622013,4254.8000000000,4254.8800000000
1790254622416,4254.8000000000,4254.8900000000
1790254622819,4254.7700000000,4254.8600000000
1790254623222,4254.7500000000,4254.8400000000
1790254624027,4254.7200000000,4254.8100000000
1790254624430,4254.7000000000,4254.7900000000
1790254624832,4254.8000000000,4254.8900000000
1790254625336,4255.0500000000,4255.1400000000
1790254625637,4255.0900000000,4255.1800000000
1790254626141,4255.1100000000,4255.2000000000
1790254626443,4255.1600000000,4255.2500000000
1790254627248,4255.1900000000,4255.2800000000
1790254627652,4255.1700000000,4255.2600000000
1790254628054,4255.1800000000,4255.2700000000
1790254628457,4255.0700000000,4255.1600000000
1790254628860,4255.0300000000,4255.1200000000
1790254629262,4254.6700000000,4254.7500000000
1790254629666,4254.6300000000,4254.7100000000
1790254630069,4254.6900000000,4254.7800000000
1790254630572,4254.7600000000,4254.8500000000
1790254630975,4254.7700000000,4254.8600000000
1790254631377,4254.9700000000,4255.0600000000
1790254635805,4254.9300000000,4255.0200000000
1790254636611,4255.1700000000,4255.2600000000
1790254637013,4255.0900000000,4255.1800000000
1790254637415,4255.0700000000,4255.1600000000
1790254638220,4255.0300000000,4255.1200000000
1790254638623,4254.9600000000,4255.0500000000
1790254639429,4254.9400000000,4255.0300000000
1790254640234,4254.9800000000,4255.0700000000
1790254640637,4255.0000000000,4255.0900000000
1790254641039,4255.0400000000,4255.1300000000
1790254641441,4255.0400000000,4255.1200000000
1790254642247,4255.0500000000,4255.1300000000
1790254643052,4255.0600000000,4255.1400000000
1790254643858,4254.9900000000,4255.0700000000
1790254644260,4254.9800000000,4255.0600000000
1790254645468,4254.9300000000,4255.0100000000
1790254646273,4254.9400000000,4255.0200000000
1790254647480,4254.9300000000,4255.0100000000
1790254647883,4254.9200000000,4255.0000000000
1790254648285,4254.9300000000,4255.0100000000
1790254648688,4254.6000000000,4254.6800000000
1790254649895,4254.5300000000,4254.6100000000
1790254650298,4254.5900000000,4254.6700000000
1790254650700,4254.6500000000,4254.7300000000
1790254651103,4254.6400000000,4254.7200000000
1790254651908,4254.6500000000,4254.7300000000
1790254652310,4254.7000000000,4254.7800000000
1790254652713,4254.7500000000,4254.8300000000
1790254653116,4254.7300000000,4254.8100000000
1790254653518,4254.6700000000,4254.7500000000
1790254654727,4254.6300000000,4254.7100000000
1790254655532,4254.7000000000,4254.7800000000
1790254655935,4254.7400000000,4254.8200000000
1790254656338,4255.0000000000,4255.0700000000
1790254657142,4254.9200000000,4255.0000000000
1790254657544,4254.9100000000,4254.9900000000
1790254657946,4254.9200000000,4255.0000000000
1790254658349,4255.0100000000,4255.0900000000
1790254659155,4255.0200000000,4255.1000000000
1790254659558,4255.0300000000,4255.1100000000
1790254659960,4255.0400000000,4255.1200000000
1790254660363,4255.0400000000,4255.1100000000
1790254660766,4255.0500000000,4255.1200000000
1790254661974,4255.0700000000,4255.1400000000
1790254662376,4255.1000000000,4255.1700000000
1790254662779,4255.1400000000,4255.2100000000
1790254663181,4255.1700000000,4255.2400000000
1790254663584,4255.2000000000,4255.2700000000
1790254663986,4255.2100000000,4255.2800000000
1790254664389,4255.2900000000,4255.3600000000
1790254664792,4255.3300000000,4255.4000000000
1790254665599,4255.3400000000,4255.4100000000
1790254666404,4255.3800000000,4255.4500000000
1790254667209,4255.4400000000,4255.5100000000
1790254667611,4255.4500000000,4255.5200000000
1790254668518,4255.4000000000,4255.4700000000
1790254669347,4255.4300000000,4255.5000000000
1790254669649,4255.3400000000,4255.4100000000
1790254670052,4255.2700000000,4255.3400000000
1790254670454,4255.2100000000,4255.2800000000
1790254670957,4255.1900000000,4255.2600000000
1790254671662,4255.1700000000,4255.2400000000
1790254672166,4255.1600000000,4255.2300000000
1790254672568,4255.0800000000,4255.1500000000
1790254672970,4255.1100000000,4255.1800000000
1790254673373,4255.1300000000,4255.2000000000
1790254673776,4255.0900000000,4255.1600000000
1790254674180,4254.8500000000,4254.9200000000
1790254674583,4254.7800000000,4254.8500000000
1790254674985,4254.6800000000,4254.7500000000
1790254675388,4254.6700000000,4254.7400000000
1790254675790,4254.6800000000,4254.7500000000
1790254676193,4254.7000000000,4254.7700000000
1790254677000,4254.5700000000,4254.6400000000
1790254677402,4254.6100000000,4254.6800000000
1790254677805,4254.5500000000,4254.6200000000
1790254678208,4254.6300000000,4254.7000000000
1790254678610,4254.5000000000,4254.5700000000
1790254679013,4254.4200000000,4254.4900000000
1790254679416,4254.4100000000,4254.4800000000
1790254680221,4254.4400000000,4254.5100000000
1790254680623,4254.1000000000,4254.1700000000
1790254681026,4254.0800000000,4254.1500000000
1790254681831,4254.0000000000,4254.0700000000
1790254682234,4253.4700000000,4253.5400000000
1790254682636,4253.4400000000,4253.5100000000
1790254683441,4253.4100000000,4253.4900000000
1790254684246,4253.4300000000,4253.5100000000
1790254684649,4253.4700000000,4253.5500000000
1790254685454,4253.4800000000,4253.5600000000
1790254686661,4253.6800000000,4253.7600000000
1790254687064,4253.7600000000,4253.8400000000
1790254687466,4253.9900000000,4254.0700000000
1790254687868,4254.1500000000,4254.2300000000
1790254688271,4254.1700000000,4254.2500000000
1790254688673,4254.2000000000,4254.2800000000
1790254689480,4254.2100000000,4254.3000000000
1790254690689,4254.1000000000,4254.1900000000
1790254691092,4254.0900000000,4254.1800000000
1790254691495,4254.1200000000,4254.2100000000
1790254691897,4254.1100000000,4254.2000000000
1790254692702,4254.1200000000,4254.2100000000
1790254693910,4254.0700000000,4254.1600000000
1790254694312,4253.9900000000,4254.0800000000
1790254694715,4253.9000000000,4253.9900000000
1790254695119,4253.9300000000,4254.0200000000
1790254695520,4253.9500000000,4254.0400000000
1790254695923,4253.9800000000,4254.0700000000
1790254696325,4254.0700000000,4254.1600000000
1790254696728,4254.1100000000,4254.2000000000
1790254697131,4254.1200000000,4254.2000000000
1790254697534,4254.1300000000,4254.2100000000
1790254697936,4254.1200000000,4254.2000000000
1790254698339,4254.1300000000,4254.2100000000
1790254698741,4254.1800000000,4254.2600000000
1790254699144,4254.1000000000,4254.1800000000
1790254699546,4254.1100000000,4254.1900000000
1790254701156,4254.1000000000,4254.1800000000
1790254701559,4254.1400000000,4254.2200000000
1790254701961,4254.1100000000,4254.1900000000
1790254702364,4254.1600000000,4254.2400000000
1790254703169,4254.1700000000,4254.2500000000
1790254703571,4254.1800000000,4254.2600000000
1790254703973,4254.1700000000,4254.2500000000
1790254704376,4254.1400000000,4254.2200000000
1790254704779,4254.3700000000,4254.4500000000
1790254705181,4254.3900000000,4254.4700000000
1790254705584,4254.5500000000,4254.6300000000
1790254705987,4254.1500000000,4254.2300000000
1790254706390,4254.1200000000,4254.2000000000
1790254706794,4254.1100000000,4254.1900000000
1790254707197,4254.0900000000,4254.1700000000
1790254709612,4254.1700000000,4254.2500000000
1790254710014,4254.2600000000,4254.3400000000
1790254710417,4254.3800000000,4254.4600000000
1790254710820,4254.3600000000,4254.4400000000
1790254711223,4254.3300000000,4254.4100000000
1790254711625,4254.5400000000,4254.6200000000
1790254712430,4254.5300000000,4254.6100000000
1790254713637,4254.4400000000,4254.5200000000
1790254714040,4254.3600000000,4254.4400000000
1790254714442,4254.3300000000,4254.4100000000
1790254714845,4254.3400000000,4254.4200000000
1790254715248,4254.3500000000,4254.4300000000
1790254715650,4254.3700000000,4254.4500000000
1790254716053,4254.3900000000,4254.4700000000
1790254718870,4254.3600000000,4254.4400000000
1790254719273,4254.3500000000,4254.4300000000
1790254720077,4254.2900000000,4254.3700000000
1790254720480,4254.1700000000,4254.2400000000
1790254721285,4254.1600000000,4254.2300000000
1790254721688,4254.1900000000,4254.2600000000
1790254724104,4254.3500000000,4254.4200000000
1790254724507,4254.4100000000,4254.4800000000
1790254724910,4254.4200000000,4254.4900000000
1790254725312,4254.5900000000,4254.6600000000
1790254725715,4254.7800000000,4254.8500000000
1790254726118,4254.7900000000,4254.8700000000
1790254726520,4254.7700000000,4254.8500000000
1790254726922,4254.7600000000,4254.8400000000
1790254727325,4254.7500000000,4254.8300000000
1790254728130,4254.7500000000,4254.8200000000
1790254728533,4254.6600000000,4254.7300000000
1790254728936,4254.6200000000,4254.6900000000
1790254729338,4254.5300000000,4254.6000000000
1790254729741,4254.5100000000,4254.5800000000
1790254730144,4254.4700000000,4254.5400000000
1790254730546,4254.4300000000,4254.5000000000
1790254730949,4254.2100000000,4254.2800000000
1790254731352,4254.1600000000,4254.2300000000
1790254731754,4254.1200000000,4254.1900000000
1790254732157,4254.1100000000,4254.1900000000
1790254733365,4254.3800000000,4254.4500000000
1790254733768,4254.3100000000,4254.3800000000
1790254734169,4254.2600000000,4254.3400000000
1790254734572,4254.2400000000,4254.3200000000
1790254734974,4254.1200000000,4254.2000000000
1790254735379,4254.0700000000,4254.1500000000
1790254735780,4254.0900000000,4254.1700000000
1790254736989,4254.0000000000,4254.0800000000
1790254737391,4254.0400000000,4254.1200000000
1790254737794,4254.0700000000,4254.1500000000
1790254738196,4254.0900000000,4254.1600000000
1790254738598,4254.4800000000,4254.5500000000
1790254739403,4254.5200000000,4254.6000000000
1790254740210,4254.4400000000,4254.5200000000
1790254741016,4254.3100000000,4254.3900000000
1790254741419,4254.3400000000,4254.4200000000
1790254742226,4254.3300000000,4254.4100000000
1790254743031,4254.5100000000,4254.5900000000
1790254743434,4254.8000000000,4254.8800000000
1790254743838,4254.7900000000,4254.8700000000
1790254744240,4254.7500000000,4254.8400000000
1790254744643,4254.8200000000,4254.9100000000
1790254745045,4254.9100000000,4255.0000000000
1790254745448,4254.9000000000,4254.9900000000
1790254745851,4254.7000000000,4254.7900000000
1790254746253,4254.7600000000,4254.8500000000
1790254746658,4254.8400000000,4254.9300000000
1790254747060,4254.9100000000,4255.0000000000
1790254747462,4255.2800000000,4255.3700000000
1790254747865,4255.2700000000,4255.3600000000
1790254748268,4255.3100000000,4255.4100000000
1790254748670,4255.3000000000,4255.4000000000
1790254749072,4255.3600000000,4255.4600000000
1790254749576,4255.4200000000,4255.5200000000
1790254749880,4255.3400000000,4255.4400000000
1790254750283,4255.3300000000,4255.4300000000
1790254751088,4255.1300000000,4255.2200000000
1790254751592,4255.1200000000,4255.2100000000
1790254751993,4255.1000000000,4255.1900000000
1790254752396,4255.1000000000,4255.2000000000
1790254753201,4255.1900000000,4255.2800000000
1790254753603,4255.2100000000,4255.3000000000
1790254754006,4255.2700000000,4255.3600000000
1790254754811,4255.2600000000,4255.3500000000
1790254755214,4255.2800000000,4255.3700000000
1790254755616,4255.2400000000,4255.3300000000
1790254756422,4255.2900000000,4255.3800000000
1790254756824,4255.4900000000,4255.5800000000
1790254757228,4255.5900000000,4255.6800000000
1790254757629,4255.6200000000,4255.7100000000
1790254758434,4255.6600000000,4255.7500000000
1790254758836,4255.7500000000,4255.8400000000
1790254759239,4255.7700000000,4255.8600000000
1790254759644,4255.8100000000,4255.9000000000
1790254760047,4255.9000000000,4255.9900000000
1790254760449,4255.8300000000,4255.9200000000
1790254760852,4255.8400000000,4255.9300000000
1790254761254,4255.6100000000,4255.7000000000
1790254761657,4255.5800000000,4255.6700000000
1790254762060,4255.5300000000,4255.6200000000
1790254762463,4255.5400000000,4255.6300000000
1790254762865,4255.5300000000,4255.6200000000
1790254763268,4255.5200000000,4255.6100000000
1790254763670,4255.5300000000,4255.6200000000
1790254764476,4255.5400000000,4255.6300000000
1790254764878,4255.6300000000,4255.7200000000
1790254766086,4255.5800000000,4255.6700000000
1790254766891,4255.5700000000,4255.6600000000
1790254767294,4255.4700000000,4255.5600000000
1790254767695,4255.4600000000,4255.5500000000
1790254768098,4255.4700000000,4255.5600000000
1790254768501,4255.5800000000,4255.6700000000
1790254768903,4255.5900000000,4255.6800000000
1790254769306,4255.7900000000,4255.8800000000
1790254769709,4255.8000000000,4255.8900000000
1790254770111,4255.8100000000,4255.9000000000
1790254770514,4255.7900000000,4255.8800000000
1790254771319,4255.6700000000,4255.7600000000
1790254771722,4255.6400000000,4255.7300000000
1790254772527,4255.3200000000,4255.4100000000
1790254772929,4254.9000000000,4254.9900000000
1790254773332,4254.6700000000,4254.7600000000
1790254773734,4254.6300000000,4254.7200000000
1790254774137,4254.5900000000,4254.7000000000
1790254774539,4254.5400000000,4254.6500000000
1790254775344,4254.5500000000,4254.6500000000
1790254775747,4254.5800000000,4254.6800000000
1790254776150,4254.6200000000,4254.7200000000
1790254776955,4254.8900000000,4254.9900000000
1790254777357,4254.8500000000,4254.9500000000
1790254777760,4254.8300000000,4254.9300000000
1790254778163,4254.8100000000,4254.9100000000
1790254778564,4254.7000000000,4254.8000000000
1790254778967,4254.6800000000,4254.7800000000
1790254779369,4254.6200000000,4254.7200000000
1790254779771,4254.7400000000,4254.8400000000
1790254780174,4254.7500000000,4254.8500000000
1790254780577,4254.7600000000,4254.8600000000
1790254781383,4254.8100000000,4254.9100000000
1790254781785,4254.6700000000,4254.7700000000
1790254782188,4254.6400000000,4254.7400000000
1790254782591,4254.6300000000,4254.7300000000
1790254783396,4254.7100000000,4254.8100000000
1790254783799,4254.6900000000,4254.7900000000
1790254784202,4254.5700000000,4254.6700000000
1790254784604,4254.5800000000,4254.6800000000
1790254785007,4254.5700000000,4254.6700000000
1790254785412,4254.6200000000,4254.7200000000
1790254785815,4254.6100000000,4254.7100000000
1790254786216,4254.6400000000,4254.7400000000
1790254786620,4254.6600000000,4254.7600000000
1790254787022,4254.6400000000,4254.7400000000
1790254787828,4254.6600000000,4254.7600000000
1790254789437,4254.6700000000,4254.7600000000
1790254789840,4254.9800000000,4255.0700000000
1790254790243,4254.9900000000,4255.0800000000
1790254790645,4255.0100000000,4255.1000000000
1790254791047,4255.0800000000,4255.1700000000
1790254791450,4255.0400000000,4255.1400000000
1790254791853,4255.0500000000,4255.1500000000
1790254792255,4255.1700000000,4255.2700000000
1790254793060,4255.1800000000,4255.2800000000
1790254794269,4255.1800000000,4255.2700000000
1790254795074,4255.2000000000,4255.2900000000
1790254795477,4255.3300000000,4255.4200000000
1790254795880,4255.3200000000,4255.4100000000
1790254796282,4255.1300000000,4255.2200000000
1790254796685,4255.2000000000,4255.2900000000
1790254797088,4255.1900000000,4255.2800000000
1790254797490,4255.2400000000,4255.3300000000
1790254798295,4255.2900000000,4255.3800000000
1790254798698,4255.4400000000,4255.5300000000
1790254799101,4255.4500000000,4255.5400000000
1790254799503,4255.4300000000,4255.5200000000
1790254799905,4255.4400000000,4255.5300000000
1790254800308,4255.4200000000,4255.5100000000
1790254800712,4255.1900000000,4255.2800000000
1790254801115,4254.7300000000,4254.8200000000
1790254801517,4254.7600000000,4254.8500000000
1790254802323,4254.7500000000,4254.8500000000
1790254802725,4255.1200000000,4255.2200000000
1790254803127,4255.3700000000,4255.4700000000
1790254803529,4255.4100000000,4255.5100000000
1790254803932,4255.4600000000,4255.5600000000
1790254804335,4255.1200000000,4255.2300000000
1790254804737,4255.1800000000,4255.2900000000
1790254805140,4255.0400000000,4255.1500000000
1790254805542,4255.3500000000,4255.4600000000
1790254805945,4255.4600000000,4255.5700000000
1790254806750,4255.1600000000,4255.2700000000
1790254807153,4255.1300000000,4255.2400000000
1790254807958,4255.0900000000,4255.2000000000
1790254808764,4254.9000000000,4255.0100000000
1790254809167,4254.7800000000,4254.8900000000
1790254809569,4254.7900000000,4254.9000000000
1790254810375,4255.0200000000,4255.1300000000
1790254811281,4255.0400000000,4255.1500000000
1790254811989,4254.9600000000,4255.0700000000
1790254812492,4255.0300000000,4255.1400000000
1790254812895,4255.0700000000,4255.1800000000
1790254813197,4255.0600000000,4255.1700000000
1790254813600,4255.2400000000,4255.3500000000
1790254814002,4255.2500000000,4255.3600000000
1790254814405,4255.4300000000,4255.5400000000
1790254814808,4255.4700000000,4255.5800000000
1790254815210,4255.4500000000,4255.5600000000
1790254816016,4255.6500000000,4255.7600000000
1790254816418,4255.4600000000,4255.5700000000
1790254816821,4255.4700000000,4255.5800000000
1790254818028,4255.4800000000,4255.5900000000
1790254819235,4255.4700000000,4255.5800000000
1790254820141,4255.4300000000,4255.5400000000
1790254820846,4255.4200000000,4255.5300000000
1790254821249,4255.4400000000,4255.5400000000
1790254822558,4255.5300000000,4255.6300000000
1790254822960,4255.5200000000,4255.6200000000
1790254824168,4255.5100000000,4255.6100000000
1790254824570,4255.5400000000,4255.6400000000
1790254824972,4255.5200000000,4255.6200000000
1790254825777,4256.1500000000,4256.2500000000
1790254826180,4256.1900000000,4256.2900000000
1790254826583,4256.4400000000,4256.5400000000
1790254826985,4256.5700000000,4256.6700000000
1790254827387,4256.5400000000,4256.6600000000
1790254827790,4256.5300000000,4256.6500000000
1790254828193,4256.6000000000,4256.7200000000
1790254828595,4256.5800000000,4256.7000000000
1790254828998,4256.6100000000,4256.7300000000
1790254829401,4256.6500000000,4256.7700000000
1790254829803,4257.0000000000,4257.1200000000
1790254830609,4256.9700000000,4257.0900000000
1790254831011,4256.9600000000,4257.0800000000
1790254831414,4257.0300000000,4257.1500000000
1790254832219,4257.0100000000,4257.1300000000
1790254832621,4257.1800000000,4257.3000000000
1790254833024,4257.1900000000,4257.3100000000
1790254833426,4257.4600000000,4257.5800000000
1790254834232,4257.4400000000,4257.5600000000
1790254834634,4257.4500000000,4257.5700000000
1790254835439,4257.4600000000,4257.5800000000
1790254836245,4257.7000000000,4257.8200000000
1790254836647,4257.5400000000,4257.6600000000
1790254837050,4257.0900000000,4257.2100000000
1790254837453,4257.1800000000,4257.3000000000
1790254837855,4257.4000000000,4257.5200000000
1790254838258,4257.2200000000,4257.3400000000
1790254838661,4257.2000000000,4257.3200000000
1790254839063,4257.1900000000,4257.3100000000
1790254839466,4257.2100000000,4257.3300000000
1790254840271,4257.2000000000,4257.3200000000
1790254840673,4257.3300000000,4257.4500000000
1790254841075,4257.3500000000,4257.4700000000
1790254841478,4257.4700000000,4257.5900000000
1790254841881,4257.3600000000,4257.4800000000
1790254842283,4257.3400000000,4257.4600000000
1790254842686,4257.4600000000,4257.5800000000
1790254843089,4257.4700000000,4257.5900000000
1790254843492,4257.5100000000,4257.6200000000
1790254843894,4257.5800000000,4257.6900000000
1790254844297,4257.5600000000,4257.6700000000
1790254844698,4257.4600000000,4257.5700000000
1790254845101,4257.3500000000,4257.4600000000
1790254845503,4257.3200000000,4257.4300000000
1790254845906,4257.3100000000,4257.4200000000
1790254846308,4257.2100000000,4257.3200000000
1790254846711,4257.2500000000,4257.3600000000
1790254847113,4257.2400000000,4257.3500000000
1790254847517,4257.2800000000,4257.3900000000
1790254847920,4257.6400000000,4257.7500000000
1790254848322,4257.6800000000,4257.7900000000
1790254848727,4257.6900000000,4257.8000000000
1790254849129,4257.7200000000,4257.8300000000
1790254849532,4257.7300000000,4257.8400000000
1790254849935,4257.8000000000,4257.9100000000
1790254850337,4257.8800000000,4257.9900000000
1790254850740,4258.2000000000,4258.3100000000
1790254851142,4258.1900000000,4258.3100000000
1790254851545,4258.2000000000,4258.3200000000
1790254851947,4258.1800000000,4258.3000000000
1790254852350,4258.1400000000,4258.2600000000
1790254852753,4258.0400000000,4258.1600000000
1790254853155,4257.6700000000,4257.7900000000
1790254853557,4257.9300000000,4258.0500000000
1790254853959,4257.9200000000,4258.0400000000
1790254854362,4258.0100000000,4258.1300000000
1790254854766,4257.9900000000,4258.1100000000
1790254855570,4258.0100000000,4258.1300000000
1790254856779,4258.0200000000,4258.1400000000
1790254857181,4258.0300000000,4258.1400000000
1790254857986,4257.9600000000,4258.0700000000
1790254858792,4257.9500000000,4258.0600000000
1790254859596,4258.3200000000,4258.4300000000
1790254859999,4258.2800000000,4258.3900000000
1790254860401,4258.3500000000,4258.4600000000
1790254860804,4258.5200000000,4258.6300000000
1790254861207,4258.7300000000,4258.8400000000
1790254861609,4258.7600000000,4258.8700000000
1790254862012,4259.0500000000,4259.1600000000
1790254862414,4259.1600000000,4259.2700000000
1790254862817,4259.1500000000,4259.2600000000
1790254863219,4259.1500000000,4259.2700000000
1790254864024,4259.1200000000,4259.2400000000
1790254864426,4259.1100000000,4259.2300000000
1790254864829,4259.0800000000,4259.2000000000
1790254865231,4259.0300000000,4259.1500000000
1790254865635,4259.0200000000,4259.1400000000
1790254866037,4259.0300000000,4259.1500000000
1790254866440,4259.1300000000,4259.2500000000
1790254866843,4259.0800000000,4259.2000000000
1790254867245,4258.9900000000,4259.1100000000
1790254867648,4258.9200000000,4259.0400000000
1790254868051,4258.8900000000,4259.0100000000
1790254868554,4258.9900000000,4259.1100000000
1790254868856,4259.1100000000,4259.2300000000
1790254869359,4259.1500000000,4259.2700000000
1790254869761,4259.2500000000,4259.3700000000
1790254870165,4259.2400000000,4259.3600000000
1790254870567,4259.1700000000,4259.2900000000
1790254870970,4259.1000000000,4259.2200000000
1790254872178,4259.0600000000,4259.1800000000
1790254872579,4259.0400000000,4259.1600000000
1790254873384,4259.0700000000,4259.1800000000
1790254873786,4259.2800000000,4259.3900000000
1790254874188,4259.3000000000,4259.4100000000
1790254874592,4259.0700000000,4259.1800000000
1790254874993,4259.0000000000,4259.1100000000
1790254875396,4259.1800000000,4259.3000000000
1790254875798,4259.2100000000,4259.3300000000
1790254876603,4259.3100000000,4259.4300000000
1790254877007,4259.2400000000,4259.3600000000
1790254877410,4259.2000000000,4259.3200000000
1790254877812,4258.9600000000,4259.0800000000
1790254878215,4258.9100000000,4259.0300000000
1790254878617,4258.7600000000,4258.8800000000
1790254879020,4258.6600000000,4258.7800000000
1790254879422,4258.5600000000,4258.6800000000
1790254879824,4258.4800000000,4258.6000000000
1790254881032,4258.4600000000,4258.5800000000
1790254881334,4258.4500000000,4258.5700000000
1790254881839,4258.4300000000,4258.5500000000
1790254882241,4258.4600000000,4258.5800000000
1790254882643,4258.3000000000,4258.4200000000
1790254883046,4258.4800000000,4258.6000000000
1790254883448,4258.5100000000,4258.6300000000
1790254883850,4258.5200000000,4258.6400000000
1790254884253,4258.4500000000,4258.5700000000
1790254884655,4258.4300000000,4258.5500000000
1790254885057,4258.4100000000,4258.5300000000
1790254885460,4258.3600000000,4258.4800000000
1790254885863,4258.2500000000,4258.3700000000
1790254886265,4258.5400000000,4258.6600000000
1790254886667,4258.6300000000,4258.7500000000
1790254887070,4258.5600000000,4258.6800000000
1790254887473,4258.5300000000,4258.6500000000
1790254887875,4258.4600000000,4258.5800000000
1790254888277,4258.4500000000,4258.5700000000
1790254888681,4258.3200000000,4258.4400000000
1790254889084,4258.3300000000,4258.4500000000
1790254889486,4258.4000000000,4258.5200000000
1790254889889,4258.3800000000,4258.5000000000
1790254890293,4258.3700000000,4258.4900000000
1790254891098,4258.3600000000,4258.4800000000
1790254891502,4258.2700000000,4258.3900000000
1790254891905,4258.0900000000,4258.2100000000
1790254892307,4258.0100000000,4258.1300000000
1790254892710,4257.7400000000,4257.8600000000
1790254893113,4257.7100000000,4257.8300000000
1790254893917,4257.7500000000,4257.8700000000
1790254894320,4257.8100000000,4257.9300000000
1790254894723,4257.8200000000,4257.9400000000
1790254895126,4257.9700000000,4258.0900000000
1790254895528,4258.0000000000,4258.1200000000
1790254895930,4257.9900000000,4258.1100000000
1790254896333,4257.9700000000,4258.0900000000
1790254896735,4257.8500000000,4257.9700000000
1790254897540,4257.7900000000,4257.9100000000
1790254897943,4257.7800000000,4257.9000000000
1790254898345,4257.6800000000,4257.8000000000
1790254898748,4257.6300000000,4257.7500000000
1790254899150,4257.3700000000,4257.4900000000
1790254899553,4257.5100000000,4257.6300000000
1790254899956,4257.5200000000,4257.6400000000
1790254900358,4257.5100000000,4257.6300000000
1790254901163,4257.4000000000,4257.5200000000
1790254901566,4257.3500000000,4257.4700000000
1790254901968,4257.5400000000,4257.6600000000
1790254902371,4257.3300000000,4257.4500000000
1790254902773,4257.1900000000,4257.3100000000
1790254903578,4257.2400000000,4257.3600000000
1790254903980,4257.0300000000,4257.1500000000
1790254904383,4257.0800000000,4257.2000000000
1790254904785,4257.1200000000,4257.2400000000
1790254905187,4257.2700000000,4257.3900000000
1790254905590,4257.2800000000,4257.4000000000
1790254905993,4257.3500000000,4257.4700000000
1790254906797,4257.5900000000,4257.7100000000
1790254907602,4257.5400000000,4257.6600000000
1790254908005,4257.4500000000,4257.5700000000
1790254908810,4257.4900000000,4257.6100000000
1790254909212,4257.5100000000,4257.6300000000
1790254909614,4257.6500000000,4257.7700000000
1790254910419,4257.6300000000,4257.7500000000
1790254910824,4257.6200000000,4257.7400000000
1790254911227,4257.4400000000,4257.5600000000
1790254911630,4257.4000000000,4257.5200000000
1790254912032,4257.3800000000,4257.5000000000
1790254912435,4257.4300000000,4257.5500000000
1790254912837,4257.5000000000,4257.6200000000
1790254913239,4257.4000000000,4257.5200000000
1790254913642,4257.3600000000,4257.4800000000
1790254914447,4257.4100000000,4257.5300000000
1790254915253,4257.6000000000,4257.7200000000
1790254915656,4257.6700000000,4257.7900000000
1790254916059,4257.6800000000,4257.8000000000
1790254916461,4257.9300000000,4258.0500000000
1790254916864,4257.7800000000,4257.9000000000
1790254917266,4257.7900000000,4257.9100000000
1790254917668,4257.8200000000,4257.9400000000
1790254918070,4257.8300000000,4257.9500000000
1790254918473,4257.7700000000,4257.8900000000
1790254919278,4257.7200000000,4257.8300000000
1790254919681,4257.6300000000,4257.7400000000
1790254920084,4257.6000000000,4257.7100000000
1790254920486,4257.5500000000,4257.6600000000
1790254920889,4257.6200000000,4257.7300000000
1790254921292,4257.6300000000,4257.7400000000
1790254921695,4257.6400000000,4257.7500000000
1790254922500,4257.7400000000,4257.8500000000
1790254922902,4257.9900000000,4258.1000000000
1790254923305,4257.8800000000,4258.0000000000
1790254923708,4257.6400000000,4257.7600000000
1790254924110,4257.6300000000,4257.7500000000
1790254925318,4257.4700000000,4257.5900000000
1790254925720,4257.4000000000,4257.5200000000
1790254926123,4257.2800000000,4257.4000000000
1790254926525,4257.1800000000,4257.3000000000
1790254926927,4257.1900000000,4257.3100000000
1790254927331,4257.1200000000,4257.2400000000
1790254928235,4257.1300000000,4257.2500000000
1790254928637,4257.0800000000,4257.2000000000
1790254929040,4257.0300000000,4257.1500000000
1790254929442,4257.0200000000,4257.1400000000
1790254929845,4256.6300000000,4256.7500000000
1790254930250,4256.6600000000,4256.7800000000
1790254930653,4256.5600000000,4256.6800000000
1790254931055,4256.5400000000,4256.6600000000
1790254931458,4256.5800000000,4256.7000000000
1790254931861,4256.5400000000,4256.6600000000
1790254932263,4256.5300000000,4256.6500000000
1790254932666,4256.1100000000,4256.2300000000
1790254933069,4256.0500000000,4256.1700000000
1790254933472,4256.0300000000,4256.1500000000
1790254933874,4255.9800000000,4256.1000000000
1790254934277,4256.0900000000,4256.2100000000
1790254934680,4256.0600000000,4256.1800000000
1790254935082,4256.0200000000,4256.1400000000
1790254935485,4256.0400000000,4256.1600000000
1790254935887,4256.1000000000,4256.2200000000
1790254936290,4256.1100000000,4256.2300000000
1790254936692,4256.0300000000,4256.1500000000
1790254937095,4255.8700000000,4255.9900000000
1790254937497,4256.0400000000,4256.1600000000
1790254937900,4256.2100000000,4256.3300000000
1790254938302,4256.2600000000,4256.3800000000
1790254938705,4256.4100000000,4256.5300000000
1790254939913,4256.3900000000,4256.5100000000
1790254940316,4256.3800000000,4256.5000000000
1790254940718,4256.2100000000,4256.3300000000
1790254941121,4256.1700000000,4256.2900000000
1790254941523,4256.3700000000,4256.4900000000
1790254941926,4256.4100000000,4256.5300000000
1790254942328,4256.4500000000,4256.5700000000
1790254942731,4256.8000000000,4256.9200000000
1790254943134,4257.2700000000,4257.3900000000
1790254943537,4257.2800000000,4257.4000000000
1790254943939,4257.3100000000,4257.4300000000
1790254944342,4257.3500000000,4257.4800000000
1790254944744,4257.1500000000,4257.2800000000
1790254945147,4257.1600000000,4257.2900000000
1790254945549,4257.1300000000,4257.2600000000
1790254946354,4257.1500000000,4257.2800000000
1790254946756,4257.4200000000,4257.5500000000
1790254947158,4257.3400000000,4257.4700000000
1790254947560,4257.3200000000,4257.4500000000
1790254947963,4257.3400000000,4257.4700000000
1790254948366,4257.2800000000,4257.4100000000
1790254948768,4257.2400000000,4257.3700000000
1790254949171,4257.2300000000,4257.3600000000
1790254949573,4257.2400000000,4257.3700000000
1790254949975,4257.1200000000,4257.2500000000
1790254950378,4257.1600000000,4257.2900000000
1790254950781,4257.1800000000,4257.3100000000
1790254951184,4257.1900000000,4257.3200000000
1790254952794,4257.1500000000,4257.2800000000
1790254953196,4257.3100000000,4257.4300000000
1790254953598,4257.3700000000,4257.4900000000
1790254954000,4257.3300000000,4257.4500000000
1790254954403,4257.2400000000,4257.3600000000
1790254954806,4257.2100000000,4257.3300000000
1790254955208,4257.2300000000,4257.3500000000
1790254955611,4256.2800000000,4256.4000000000
1790254956014,4256.2900000000,4256.4100000000
1790254956417,4256.2800000000,4256.4200000000
1790254956820,4256.2600000000,4256.4000000000
1790254957223,4256.2400000000,4256.3800000000
1790254957625,4256.2800000000,4256.4200000000
1790254958431,4256.1600000000,4256.3000000000
1790254958834,4255.9900000000,4256.1300000000
1790254959236,4255.6700000000,4255.8100000000
1790254959640,4255.6500000000,4255.7900000000
1790254960042,4255.6100000000,4255.7500000000
1790254960444,4255.5500000000,4255.6900000000
1790254960847,4255.4900000000,4255.6300000000
1790254961249,4255.4800000000,4255.6200000000
1790254961651,4255.4500000000,4255.5900000000
1790254962457,4255.4700000000,4255.6100000000
1790254966079,4255.3500000000,4255.4900000000
1790254966481,4255.2800000000,4255.4200000000
1790254966884,4255.2200000000,4255.3600000000
1790254967286,4255.1600000000,4255.3000000000
1790254967689,4255.0700000000,4255.2100000000
1790254968092,4255.0500000000,4255.1900000000
1790254968495,4255.1900000000,4255.3300000000
1790254968897,4255.2400000000,4255.3800000000
1790254969702,4255.2300000000,4255.3700000000
1790254970105,4255.2100000000,4255.3500000000
1790254970910,4255.1900000000,4255.3300000000
1790254971313,4255.1700000000,4255.3100000000
1790254972118,4255.0500000000,4255.1900000000
1790254972520,4255.0300000000,4255.1700000000
1790254972923,4254.9100000000,4255.0500000000
1790254973326,4254.9700000000,4255.1100000000
1790254974131,4254.8900000000,4255.0300000000
1790254974533,4254.9000000000,4255.0400000000
1790254974935,4254.8800000000,4255.0200000000
1790254975338,4254.9200000000,4255.0500000000
1790254976145,4254.9300000000,4255.0600000000
1790254976548,4254.9000000000,4255.0300000000
1790254977353,4254.8600000000,4254.9900000000
1790254977757,4254.9200000000,4255.0500000000
1790254978563,4254.9300000000,4255.0600000000
1790254978965,4254.7900000000,4254.9200000000
1790254979368,4254.7500000000,4254.8800000000
1790254979770,4255.0600000000,4255.1900000000
1790254980174,4255.0600000000,4255.1900000000
1790254980576,4255.1100000000,4255.2400000000
1790254980978,4255.0900000000,4255.2200000000
1790254981382,4255.0800000000,4255.2100000000
1790254981786,4255.1200000000,4255.2500000000
1790254982189,4255.1300000000,4255.2600000000
1790254982591,4255.2900000000,4255.4200000000
1790254982993,4255.4000000000,4255.5300000000
1790254983396,4255.3600000000,4255.4900000000
1790254984605,4255.3700000000,4255.5000000000
1790254985410,4255.4000000000,4255.5300000000
1790254985813,4255.3300000000,4255.4600000000
1790254986216,4255.3500000000,4255.4800000000
1790254987021,4255.3300000000,4255.4600000000
1790254988228,4255.3200000000,4255.4500000000
1790254988630,4255.1300000000,4255.2600000000
1790254989033,4255.1000000000,4255.2300000000
1790254989435,4255.2100000000,4255.3400000000
1790254990240,4255.1000000000,4255.2300000000
1790254991048,4255.0700000000,4255.2000000000
1790254991450,4254.8300000000,4254.9600000000
1790254991853,4254.8700000000,4255.0000000000
1790254992255,4254.8600000000,4254.9900000000
1790254992660,4254.8900000000,4255.0200000000
1790254993062,4254.8600000000,4254.9900000000
1790254993465,4254.8700000000,4255.0000000000
1790254994270,4254.9200000000,4255.0400000000
1790254994672,4254.9300000000,4255.0500000000
1790254995478,4254.8900000000,4255.0100000000
1790254995881,4254.8800000000,4255.0000000000
1790254996687,4254.9100000000,4255.0300000000
1790254997089,4254.9000000000,4255.0200000000
1790254997492,4254.8100000000,4254.9300000000
1790254997894,4254.9800000000,4255.1000000000
1790254998297,4255.0600000000,4255.1800000000
1790254998700,4255.0900000000,4255.2100000000
1790254999103,4255.1100000000,4255.2300000000
1790254999605,4254.9700000000,4255.0900000000
1790255000411,4254.9500000000,4255.0700000000
1790255001619,4254.9700000000,4255.0900000000
1790255002425,4254.9800000000,4255.1000000000
1790255003231,4255.0500000000,4255.1700000000
1790255004843,4255.1400000000,4255.2600000000
1790255005245,4255.1500000000,4255.2700000000
1790255005647,4255.1800000000,4255.3000000000
1790255006050,4255.1900000000,4255.3100000000
1790255006453,4255.1800000000,4255.3000000000
1790255006857,4255.1600000000,4255.2800000000
1790255007259,4255.1500000000,4255.2700000000
1790255007663,4255.1600000000,4255.2800000000
1790255008065,4255.1900000000,4255.3100000000
1790255008467,4255.2300000000,4255.3400000000
1790255008870,4255.3100000000,4255.4200000000
1790255009272,4255.3000000000,4255.4100000000
1790255009675,4255.2900000000,4255.4000000000
1790255010077,4255.2800000000,4255.3900000000
1790255011688,4255.2700000000,4255.3800000000
1790255012090,4255.2600000000,4255.3700000000
1790255014104,4255.1400000000,4255.2500000000
1790255014506,4254.8700000000,4254.9800000000
1790255014908,4254.7800000000,4254.8900000000
1790255015311,4254.7600000000,4254.8700000000
1790255016116,4254.5700000000,4254.6800000000
1790255016518,4254.5900000000,4254.7000000000
1790255017726,4254.5800000000,4254.6900000000
1790255018129,4254.5600000000,4254.6700000000
1790255018531,4254.6500000000,4254.7600000000
1790255018934,4254.7000000000,4254.8100000000
1790255019336,4254.8600000000,4254.9700000000
1790255019740,4254.9000000000,4255.0100000000
1790255020143,4254.9600000000,4255.0700000000
1790255020546,4255.0100000000,4255.1200000000
1790255020948,4255.2400000000,4255.3500000000
1790255021753,4255.2700000000,4255.3800000000
1790255022155,4255.2800000000,4255.3900000000
1790255022557,4255.5600000000,4255.6700000000
1790255022960,4255.6000000000,4255.7100000000
1790255023363,4255.6400000000,4255.7500000000
1790255023766,4255.5400000000,4255.6500000000
1790255024168,4255.5600000000,4255.6700000000
1790255024573,4255.5700000000,4255.6800000000
1790255024974,4255.5600000000,4255.6700000000
1790255025377,4255.8800000000,4255.9900000000
1790255025780,4255.8700000000,4255.9800000000
1790255027390,4255.8400000000,4255.9600000000
1790255027793,4255.8300000000,4255.9500000000
1790255028196,4255.8500000000,4255.9600000000
1790255028598,4255.8100000000,4255.9200000000
1790255029000,4255.7500000000,4255.8600000000
1790255029806,4255.6100000000,4255.7200000000
1790255030611,4255.5400000000,4255.6500000000
1790255031014,4255.5500000000,4255.6600000000
1790255031416,4255.6200000000,4255.7300000000
1790255031819,4255.6300000000,4255.7400000000
1790255032221,4255.5500000000,4255.6600000000
1790255033027,4255.5400000000,4255.6500000000
1790255033429,4255.6300000000,4255.7400000000
1790255033831,4255.7900000000,4255.9000000000
1790255034234,4255.9700000000,4256.0800000000
1790255035139,4255.9600000000,4256.0700000000
1790255035542,4255.9900000000,4256.1000000000
1790255035944,4256.0000000000,4256.1100000000
1790255036347,4255.9800000000,4256.0900000000
1790255036750,4256.0800000000,4256.1900000000
1790255037152,4256.1000000000,4256.2100000000
1790255037555,4255.5900000000,4255.7000000000
1790255037957,4255.6500000000,4255.7600000000
1790255038360,4255.6700000000,4255.7800000000
1790255038762,4255.5600000000,4255.6700000000
1790255039165,4255.4600000000,4255.5700000000
1790255039569,4255.4500000000,4255.5600000000
1790255039972,4255.4300000000,4255.5400000000
1790255040374,4255.4400000000,4255.5500000000
1790255040777,4255.7000000000,4255.8100000000
1790255041582,4255.6800000000,4255.7900000000
1790255042386,4255.7000000000,4255.8100000000
1790255042789,4255.9300000000,4256.0400000000
1790255043192,4256.0000000000,4256.1100000000
1790255043595,4256.0400000000,4256.1500000000
1790255043997,4256.0600000000,4256.1700000000
1790255044802,4256.3100000000,4256.4200000000
1790255045205,4256.4200000000,4256.5300000000
1790255045607,4256.4500000000,4256.5600000000
1790255046010,4256.4700000000,4256.5800000000
1790255046412,4256.5500000000,4256.6600000000
1790255046815,4256.4100000000,4256.5200000000
1790255047218,4255.9100000000,4256.0200000000
1790255047620,4255.8600000000,4255.9700000000
1790255048023,4255.6300000000,4255.7400000000
1790255048425,4255.6100000000,4255.7300000000
1790255048828,4255.5900000000,4255.7100000000
1790255049230,4255.5900000000,4255.7200000000
1790255050035,4255.5800000000,4255.7100000000
1790255050438,4255.8700000000,4255.9900000000
1790255050844,4255.7900000000,4255.9100000000
1790255051246,4255.7800000000,4255.9000000000
1790255051649,4255.8500000000,4255.9700000000
1790255052454,4255.8900000000,4256.0100000000
1790255053259,4255.8700000000,4255.9900000000
1790255054063,4255.9000000000,4256.0200000000
1790255054868,4255.7900000000,4255.9100000000
1790255055270,4255.7700000000,4255.8900000000
1790255056076,4256.0900000000,4256.2100000000
1790255056479,4256.0700000000,4256.1900000000
1790255057285,4256.0500000000,4256.1700000000
1790255057688,4256.0400000000,4256.1600000000
1790255058092,4256.0100000000,4256.1300000000
1790255058494,4255.8300000000,4255.9500000000
1790255058896,4255.7200000000,4255.8400000000
1790255059299,4255.8100000000,4255.9300000000
1790255059703,4255.8000000000,4255.9200000000
1790255060508,4255.7100000000,4255.8300000000
1790255060910,4255.6700000000,4255.7900000000
1790255061313,4255.2800000000,4255.4000000000
1790255061715,4255.2300000000,4255.3500000000
1790255062118,4255.1900000000,4255.3200000000
1790255063325,4255.2500000000,4255.3700000000
1790255063727,4255.2900000000,4255.4100000000
1790255064130,4255.4100000000,4255.5300000000
1790255064533,4255.4400000000,4255.5600000000
1790255064935,4255.4600000000,4255.5800000000
1790255065338,4255.4800000000,4255.6000000000
1790255065742,4255.4200000000,4255.5400000000
1790255066145,4255.1700000000,4255.2900000000
1790255066548,4254.9600000000,4255.0800000000
1790255066951,4254.9100000000,4255.0300000000
1790255067353,4254.8600000000,4254.9800000000
1790255067756,4254.8500000000,4254.9700000000
1790255068158,4254.6500000000,4254.7800000000
1790255068561,4254.6000000000,4254.7300000000
1790255069366,4254.5500000000,4254.6800000000
1790255069769,4254.5600000000,4254.6900000000
1790255070172,4254.4300000000,4254.5500000000
1790255070575,4254.2100000000,4254.3300000000
1790255070978,4254.1000000000,4254.2200000000
1790255071381,4254.1800000000,4254.3000000000
1790255071782,4254.2100000000,4254.3300000000
1790255072185,4254.2000000000,4254.3200000000
1790255073392,4254.2600000000,4254.3800000000
1790255073795,4254.3100000000,4254.4300000000
1790255074198,4254.3300000000,4254.4500000000
1790255074600,4254.4100000000,4254.5300000000
1790255075003,4254.4800000000,4254.6000000000
1790255075406,4254.4600000000,4254.5800000000
1790255075809,4254.3400000000,4254.4600000000
1790255076211,4254.2700000000,4254.3900000000
1790255076614,4254.2600000000,4254.3800000000
1790255077017,4254.2700000000,4254.3900000000
1790255077420,4254.3400000000,4254.4600000000
1790255077822,4254.3800000000,4254.5000000000
1790255078225,4254.1900000000,4254.3100000000
1790255078627,4254.1700000000,4254.2900000000
1790255079030,4254.1800000000,4254.3000000000
1790255079432,4254.2200000000,4254.3400000000
1790255079835,4254.2400000000,4254.3600000000
1790255080238,4253.9500000000,4254.0700000000
1790255080640,4253.9600000000,4254.0800000000
1790255081043,4253.9400000000,4254.0600000000
1790255081445,4253.8800000000,4254.0000000000
1790255081848,4253.9000000000,4254.0200000000
1790255082250,4253.8900000000,4254.0100000000
1790255082653,4253.8200000000,4253.9400000000
1790255083056,4253.7600000000,4253.8800000000
1790255083862,4253.8400000000,4253.9600000000
1790255084264,4253.8800000000,4254.0000000000
1790255084669,4253.9200000000,4254.0400000000
1790255085071,4253.9300000000,4254.0500000000
1790255085475,4253.9100000000,4254.0300000000
1790255085877,4253.9300000000,4254.0500000000
1790255086279,4253.9900000000,4254.1100000000
1790255086682,4254.0800000000,4254.2000000000
1790255087084,4254.0300000000,4254.1400000000
1790255087487,4253.8700000000,4253.9800000000
1790255087889,4254.0600000000,4254.1700000000
1790255088292,4254.1700000000,4254.2800000000
1790255088696,4254.1900000000,4254.3000000000
1790255089601,4254.2700000000,4254.3800000000
1790255090004,4254.2400000000,4254.3500000000
1790255090407,4254.2100000000,4254.3200000000
1790255090810,4254.1700000000,4254.2800000000
1790255091213,4254.2200000000,4254.3300000000
1790255091615,4254.2500000000,4254.3600000000
1790255092018,4254.3000000000,4254.4100000000
1790255092422,4254.3200000000,4254.4300000000
1790255092722,4254.3300000000,4254.4400000000
1790255093628,4254.3200000000,4254.4300000000
1790255094031,4254.2600000000,4254.3700000000
1790255094433,4254.1900000000,4254.3000000000
1790255094836,4254.1600000000,4254.2700000000
1790255095641,4254.0500000000,4254.1600000000
1790255096044,4254.0800000000,4254.1900000000
1790255096447,4254.1800000000,4254.2900000000
1790255097252,4254.0700000000,4254.1800000000
1790255098057,4254.1400000000,4254.2500000000
1790255098460,4254.0700000000,4254.1800000000
1790255098863,4254.0300000000,4254.1400000000
1790255099265,4254.1200000000,4254.2200000000
1790255099668,4254.1400000000,4254.2400000000
1790255100071,4253.6500000000,4253.7500000000
1790255100474,4253.2900000000,4253.3900000000
1790255100876,4253.2800000000,4253.3800000000
1790255101279,4253.3000000000,4253.4100000000
1790255101681,4253.2800000000,4253.3900000000
1790255102084,4253.2000000000,4253.3100000000
1790255103291,4253.1200000000,4253.2300000000
1790255104095,4253.3600000000,4253.4700000000
1790255104498,4253.3800000000,4253.4900000000
1790255104900,4253.4800000000,4253.5900000000
1790255105303,4253.4700000000,4253.5800000000
1790255105706,4253.4400000000,4253.5500000000
1790255106109,4253.5400000000,4253.6500000000
1790255106511,4253.5500000000,4253.6600000000
1790255106914,4253.5100000000,4253.6200000000
1790255107316,4253.4800000000,4253.5900000000
1790255107719,4253.5200000000,4253.6300000000
1790255108122,4253.5100000000,4253.6200000000
1790255108524,4253.5400000000,4253.6500000000
1790255109329,4253.4400000000,4253.5500000000
1790255109732,4253.2400000000,4253.3500000000
1790255110136,4253.2500000000,4253.3600000000
1790255110537,4253.2700000000,4253.3800000000
1790255110941,4253.2300000000,4253.3400000000
1790255111344,4253.1800000000,4253.2900000000
1790255111746,4253.5500000000,4253.6600000000
1790255112149,4253.6300000000,4253.7300000000
1790255112551,4253.7000000000,4253.8000000000
1790255112954,4253.6900000000,4253.7900000000
1790255113357,4253.7000000000,4253.8100000000
1790255114161,4253.6800000000,4253.7900000000
1790255114563,4253.5900000000,4253.7000000000
1790255115368,4253.6000000000,4253.7100000000
1790255115770,4253.6300000000,4253.7400000000
1790255116172,4253.5400000000,4253.6500000000
1790255116575,4253.4700000000,4253.5800000000
1790255116977,4253.2100000000,4253.3200000000
1790255117380,4253.1900000000,4253.3000000000
1790255117782,4252.8100000000,4252.9200000000
1790255118587,4252.7900000000,4252.9000000000
1790255118989,4252.7400000000,4252.8500000000
1790255119795,4252.7300000000,4252.8400000000
1790255120198,4252.4600000000,4252.5700000000
1790255120601,4252.4100000000,4252.5200000000
1790255121003,4252.3800000000,4252.4900000000
1790255121406,4252.3600000000,4252.4700000000
1790255122615,4252.3400000000,4252.4500000000
1790255123018,4252.3300000000,4252.4400000000
1790255123823,4252.2800000000,4252.3900000000
1790255124225,4252.3200000000,4252.4300000000
1790255124627,4252.2400000000,4252.3500000000
1790255125030,4252.2500000000,4252.3600000000
1790255125433,4252.5100000000,4252.6200000000
1790255126239,4252.5900000000,4252.7000000000
1790255126642,4252.6100000000,4252.7200000000
1790255127044,4252.6000000000,4252.7100000000
1790255128252,4252.6100000000,4252.7200000000
1790255128654,4252.6300000000,4252.7400000000
1790255129057,4252.6200000000,4252.7300000000
1790255129459,4252.6000000000,4252.7100000000
1790255129862,4252.5700000000,4252.6800000000
1790255130265,4252.5200000000,4252.6300000000
1790255130667,4252.5700000000,4252.6800000000
1790255131070,4252.5400000000,4252.6500000000
1790255131473,4252.5200000000,4252.6300000000
1790255131875,4252.4100000000,4252.5200000000
1790255132278,4252.4400000000,4252.5400000000
1790255132680,4252.4600000000,4252.5600000000
1790255133083,4252.4500000000,4252.5500000000
1790255133485,4252.4200000000,4252.5200000000
1790255133887,4252.4900000000,4252.5900000000
1790255134290,4252.4800000000,4252.5800000000
1790255134692,4252.5000000000,4252.6000000000
1790255135095,4252.5100000000,4252.6100000000
1790255135497,4252.4700000000,4252.5700000000
1790255136000,4252.4600000000,4252.5600000000
1790255136403,4252.4700000000,4252.5700000000
1790255136806,4252.5100000000,4252.6100000000
1790255137208,4252.5400000000,4252.6400000000
1790255137611,4252.3100000000,4252.4100000000
1790255138014,4252.2900000000,4252.3900000000
1790255138416,4252.2500000000,4252.3500000000
1790255138819,4252.2100000000,4252.3100000000
1790255139221,4252.2400000000,4252.3400000000
1790255139625,4252.2600000000,4252.3600000000
1790255140027,4252.2500000000,4252.3500000000
1790255140430,4252.2400000000,4252.3400000000
1790255141235,4252.2000000000,4252.3000000000
1790255141640,4252.3500000000,4252.4500000000
1790255142041,4252.3400000000,4252.4400000000
1790255142444,4252.2600000000,4252.3600000000
1790255142846,4252.2500000000,4252.3500000000
1790255143249,4252.1800000000,4252.2700000000
1790255143652,4252.1700000000,4252.2600000000
1790255144054,4252.1300000000,4252.2200000000
1790255144458,4252.1400000000,4252.2300000000
1790255144861,4252.1900000000,4252.2800000000
1790255145263,4251.9600000000,4252.0500000000
1790255145666,4251.9000000000,4251.9900000000
1790255146069,4251.8800000000,4251.9700000000
1790255146874,4251.9600000000,4252.0500000000
1790255147276,4251.9700000000,4252.0600000000
1790255147678,4252.0100000000,4252.1000000000
1790255148081,4252.1200000000,4252.2100000000
1790255148483,4252.1700000000,4252.2600000000
1790255148885,4252.1500000000,4252.2400000000
1790255149288,4252.0500000000,4252.1400000000
1790255149690,4252.0400000000,4252.1300000000
1790255150093,4251.9500000000,4252.0400000000
1790255150898,4251.9100000000,4252.0000000000
1790255151301,4251.9000000000,4251.9900000000
1790255151704,4251.8800000000,4251.9700000000
1790255152107,4251.8600000000,4251.9500000000
1790255152510,4251.7600000000,4251.8500000000
1790255152913,4251.7800000000,4251.8700000000
1790255153315,4251.7700000000,4251.8600000000
1790255153718,4251.8100000000,4251.9000000000
1790255154121,4251.8500000000,4251.9400000000
1790255154523,4251.9300000000,4252.0200000000
1790255154925,4251.8300000000,4251.9200000000
1790255155730,4251.9100000000,4252.0000000000
1790255156133,4251.9400000000,4252.0300000000
1790255156535,4252.0400000000,4252.1300000000
1790255156937,4252.1600000000,4252.2500000000
1790255157340,4252.1900000000,4252.2800000000
1790255157742,4252.2300000000,4252.3200000000
1790255158145,4252.2400000000,4252.3300000000
1790255158950,4252.2700000000,4252.3600000000
1790255159353,4252.2900000000,4252.3800000000
1790255160560,4252.2300000000,4252.3200000000
1790255160963,4252.1600000000,4252.2500000000
1790255161366,4252.1100000000,4252.1900000000
1790255162172,4252.0800000000,4252.1600000000
1790255162575,4252.0200000000,4252.1000000000
1790255162977,4252.0000000000,4252.0800000000
1790255163783,4251.9500000000,4252.0300000000
1790255164589,4251.9900000000,4252.0700000000
1790255165394,4251.9800000000,4252.0600000000
1790255166199,4251.5500000000,4251.6300000000
1790255166601,4251.5600000000,4251.6400000000
1790255167004,4251.5300000000,4251.6100000000
1790255167406,4251.4800000000,4251.5700000000
1790255167809,4251.4700000000,4251.5600000000
1790255168211,4251.4900000000,4251.5700000000
1790255168613,4251.4500000000,4251.5300000000
1790255169822,4251.4000000000,4251.4800000000
1790255170224,4251.4100000000,4251.4900000000
1790255171031,4251.4500000000,4251.5300000000
1790255171434,4251.4200000000,4251.5000000000
1790255171837,4251.4300000000,4251.5100000000
1790255172239,4251.4600000000,4251.5400000000
1790255172642,4251.4500000000,4251.5300000000
1790255173045,4251.0200000000,4251.1000000000
1790255173448,4251.0300000000,4251.1100000000
1790255174254,4251.0600000000,4251.1500000000
1790255174657,4251.1400000000,4251.2300000000
1790255175462,4251.4200000000,4251.5000000000
1790255175865,4251.4700000000,4251.5500000000
1790255176267,4251.5300000000,4251.6200000000
1790255176670,4251.5500000000,4251.6400000000
1790255177072,4251.5600000000,4251.6500000000
1790255177475,4251.5500000000,4251.6400000000
1790255177878,4252.0400000000,4252.1300000000
1790255178280,4252.2000000000,4252.2900000000
1790255178683,4252.2100000000,4252.3000000000
1790255179187,4252.2800000000,4252.3800000000
1790255179589,4252.3200000000,4252.4200000000
1790255179992,4252.3600000000,4252.4600000000
1790255180394,4252.4000000000,4252.5000000000
1790255180796,4252.4300000000,4252.5300000000
1790255181199,4252.4600000000,4252.5600000000
1790255181603,4252.4800000000,4252.5800000000
1790255182005,4252.4900000000,4252.5900000000
1790255182408,4252.5100000000,4252.6100000000
1790255182810,4252.6400000000,4252.7400000000
1790255183213,4252.7200000000,4252.8200000000
1790255183616,4253.0200000000,4253.1200000000
1790255184422,4252.9800000000,4253.0900000000
1790255185227,4253.0000000000,4253.1100000000
1790255185629,4252.9600000000,4253.0700000000
1790255186032,4253.0500000000,4253.1600000000
1790255186434,4253.1500000000,4253.2600000000
1790255186837,4253.1900000000,4253.3000000000
1790255187642,4253.1500000000,4253.2600000000
1790255188448,4253.1600000000,4253.2600000000
1790255189657,4253.1500000000,4253.2500000000
1790255190060,4253.1000000000,4253.2000000000
1790255190866,4252.7400000000,4252.8400000000
1790255191268,4252.7200000000,4252.8200000000
1790255191670,4252.5700000000,4252.6700000000
1790255192073,4252.3100000000,4252.4100000000
1790255192476,4252.3000000000,4252.4100000000
1790255192880,4252.2900000000,4252.4000000000
1790255193282,4252.2500000000,4252.3600000000
1790255193685,4252.3800000000,4252.4900000000
1790255194489,4252.4100000000,4252.5200000000
1790255194892,4252.4000000000,4252.5100000000
1790255195295,4252.4200000000,4252.5300000000
1790255195697,4252.4100000000,4252.5200000000
1790255196100,4252.3900000000,4252.5000000000
1790255196906,4252.3200000000,4252.4300000000
1790255197308,4252.3900000000,4252.5000000000
1790255198113,4252.4200000000,4252.5300000000
1790255198516,4252.4300000000,4252.5400000000
1790255199321,4252.0000000000,4252.1000000000
1790255199724,4251.8200000000,4251.9200000000
1790255200127,4251.6800000000,4251.7900000000
1790255200529,4251.5800000000,4251.6900000000
1790255200932,4251.5700000000,4251.6800000000
1790255201335,4251.6000000000,4251.7100000000
1790255201737,4251.8700000000,4251.9800000000
1790255202139,4251.8600000000,4251.9700000000
1790255202542,4251.8400000000,4251.9500000000
1790255202944,4251.8200000000,4251.9300000000
1790255203347,4251.7300000000,4251.8400000000
1790255203750,4251.7000000000,4251.8100000000
1790255204152,4251.6100000000,4251.7200000000
1790255204556,4251.6000000000,4251.7100000000
1790255204958,4251.5300000000,4251.6400000000
1790255205361,4251.4700000000,4251.5800000000
1790255205764,4251.3600000000,4251.4700000000
1790255206167,4251.3300000000,4251.4400000000
1790255206569,4251.3100000000,4251.4200000000
1790255206971,4251.2900000000,4251.4000000000
1790255207777,4251.1300000000,4251.2400000000
1790255208179,4251.1600000000,4251.2700000000
1790255208582,4251.1700000000,4251.2800000000
1790255208984,4251.1000000000,4251.2100000000
1790255209790,4251.3000000000,4251.4100000000
1790255210594,4251.1300000000,4251.2400000000
1790255210997,4251.1500000000,4251.2600000000
1790255211802,4251.2700000000,4251.3800000000
1790255212204,4251.2600000000,4251.3700000000
1790255213413,4251.2500000000,4251.3600000000
1790255214218,4251.3200000000,4251.4200000000
1790255215023,4251.2800000000,4251.3800000000
1790255215426,4251.2400000000,4251.3400000000
1790255215829,4251.2500000000,4251.3500000000
1790255216231,4251.2700000000,4251.3700000000
1790255217036,4251.0500000000,4251.1500000000
1790255217438,4251.0200000000,4251.1200000000
1790255217841,4250.9700000000,4251.0700000000
1790255218244,4250.9600000000,4251.0600000000
1790255218646,4250.9500000000,4251.0500000000
1790255219049,4250.6300000000,4250.7300000000
1790255219452,4250.5800000000,4250.6800000000
1790255219854,4250.5600000000,4250.6600000000
1790255220257,4250.5400000000,4250.6500000000
1790255220659,4250.6100000000,4250.7200000000
1790255221062,4250.6200000000,4250.7300000000
1790255221464,4250.6300000000,4250.7400000000
1790255221867,4250.7700000000,4250.8800000000
1790255222269,4250.8400000000,4250.9400000000
1790255222672,4250.9800000000,4251.0800000000
1790255223074,4251.1000000000,4251.2100000000
1790255223477,4251.0800000000,4251.1900000000
1790255224382,4251.1200000000,4251.2300000000
1790255224784,4251.2000000000,4251.3100000000
1790255225187,4251.3600000000,4251.4700000000
1790255225893,4251.3700000000,4251.4800000000
1790255226295,4251.3600000000,4251.4700000000
1790255228409,4251.2900000000,4251.4000000000
1790255228812,4251.3100000000,4251.4200000000
1790255229215,4251.3200000000,4251.4200000000
1790255229618,4251.2700000000,4251.3700000000
1790255230021,4251.1700000000,4251.2700000000
1790255230424,4251.1600000000,4251.2600000000
1790255230827,4251.2400000000,4251.3400000000
1790255231234,4251.2600000000,4251.3600000000
1790255231636,4251.3700000000,4251.4700000000
1790255232039,4251.1900000000,4251.2900000000
1790255232442,4251.3600000000,4251.4600000000
1790255232846,4251.2200000000,4251.3200000000
1790255233248,4251.3700000000,4251.4700000000
1790255234053,4251.4000000000,4251.5000000000
1790255234858,4251.3900000000,4251.4900000000
1790255236871,4251.4500000000,4251.5500000000
1790255237273,4251.4700000000,4251.5700000000
1790255237675,4251.4400000000,4251.5400000000
1790255238078,4251.3900000000,4251.4900000000
1790255238480,4251.1200000000,4251.2200000000
1790255238883,4251.1300000000,4251.2300000000
1790255239285,4251.0700000000,4251.1700000000
1790255239688,4250.9800000000,4251.0800000000
1790255240091,4251.0100000000,4251.1100000000
1790255240897,4250.9400000000,4251.0400000000
1790255241299,4250.9300000000,4251.0300000000
1790255242909,4250.8400000000,4250.9400000000
1790255243312,4251.1300000000,4251.2300000000
1790255243714,4251.1000000000,4251.2000000000
1790255244520,4250.9700000000,4251.0700000000
1790255244923,4250.9300000000,4251.0300000000
1790255245325,4250.6800000000,4250.7800000000
1790255245728,4250.6300000000,4250.7300000000
1790255246534,4250.8000000000,4250.9000000000
1790255246937,4250.8300000000,4250.9300000000
1790255247338,4250.9800000000,4251.0800000000
1790255247741,4251.0300000000,4251.1300000000
1790255248144,4251.0400000000,4251.1400000000
1790255248549,4251.0100000000,4251.1100000000
1790255248950,4251.0500000000,4251.1500000000
1790255249353,4251.0400000000,4251.1400000000
1790255250560,4251.0200000000,4251.1200000000
1790255250962,4250.9600000000,4251.0600000000
1790255251365,4250.9300000000,4251.0200000000
1790255251767,4250.9500000000,4251.0400000000
1790255252170,4250.9900000000,4251.0800000000
1790255252975,4250.6300000000,4250.7200000000
1790255253377,4250.8000000000,4250.8900000000
1790255253780,4250.8400000000,4250.9300000000
1790255254182,4250.7300000000,4250.8200000000
1790255254584,4250.6900000000,4250.7800000000
1790255255390,4250.6600000000,4250.7500000000
1790255256196,4250.7000000000,4250.7900000000
1790255257001,4250.6700000000,4250.7600000000
1790255257403,4250.6400000000,4250.7300000000
1790255257806,4250.6200000000,4250.7100000000
1790255259014,4250.6000000000,4250.6900000000
1790255259819,4250.5800000000,4250.6700000000
1790255260221,4250.5500000000,4250.6300000000
1790255261430,4250.5800000000,4250.6600000000
1790255261832,4250.6300000000,4250.7100000000
1790255262234,4250.3900000000,4250.4700000000
1790255262637,4250.4400000000,4250.5200000000
1790255263040,4250.4200000000,4250.5000000000
1790255263442,4250.4100000000,4250.4900000000
1790255263844,4250.4000000000,4250.4800000000
1790255264649,4250.4600000000,4250.5400000000
1790255265052,4250.6600000000,4250.7400000000
1790255265858,4250.6300000000,4250.7100000000
1790255266260,4250.6400000000,4250.7200000000
1790255266663,4250.6600000000,4250.7400000000
1790255267468,4250.6800000000,4250.7600000000
1790255267870,4250.6600000000,4250.7400000000
1790255268273,4250.6700000000,4250.7500000000
1790255269101,4250.6700000000,4250.7400000000
1790255269605,4250.6800000000,4250.7500000000
1790255271519,4250.9800000000,4251.0500000000
1790255272323,4251.0000000000,4251.0800000000
1790255273129,4251.0500000000,4251.1300000000
1790255273632,4251.0600000000,4251.1400000000
1790255274840,4251.0500000000,4251.1300000000
1790255275242,4251.0500000000,4251.1200000000
1790255275645,4251.0000000000,4251.0700000000
1790255276048,4250.9600000000,4251.0300000000
1790255276451,4250.9700000000,4251.0400000000
1790255276854,4251.0700000000,4251.1400000000
1790255277256,4251.1000000000,4251.1700000000
1790255278062,4251.1300000000,4251.2000000000
1790255278464,4251.1200000000,4251.1900000000
1790255278867,4251.1100000000,4251.1800000000
1790255279270,4251.1000000000,4251.1700000000
1790255279672,4251.3100000000,4251.3800000000
1790255280075,4251.5000000000,4251.5700000000
1790255280477,4251.5200000000,4251.5900000000
1790255281282,4251.5100000000,4251.5800000000
1790255281684,4251.5300000000,4251.6000000000
1790255282490,4251.7400000000,4251.8100000000
1790255282893,4251.7700000000,4251.8400000000
1790255283296,4251.7900000000,4251.8600000000
1790255283699,4251.8000000000,4251.8700000000
1790255284504,4252.0100000000,4252.0800000000
1790255284907,4252.1000000000,4252.1700000000
1790255285311,4251.9600000000,4252.0300000000
1790255285713,4251.9100000000,4251.9800000000
1790255286115,4251.8400000000,4251.9100000000
1790255286518,4251.8100000000,4251.8800000000
1790255286920,4251.8000000000,4251.8700000000
1790255287323,4251.7900000000,4251.8600000000
1790255288531,4251.8600000000,4251.9300000000
1790255288934,4251.9600000000,4252.0300000000
1790255289739,4251.9500000000,4252.0200000000
1790255290142,4251.9600000000,4252.0300000000
1790255290544,4251.7700000000,4251.8400000000
1790255290947,4251.7300000000,4251.8000000000
1790255291352,4251.7200000000,4251.7900000000
1790255291756,4251.2700000000,4251.3400000000
1790255292159,4251.2600000000,4251.3400000000
1790255292561,4251.2000000000,4251.2800000000
1790255292964,4251.1900000000,4251.2700000000
1790255293769,4251.1800000000,4251.2600000000
1790255294172,4251.2100000000,4251.2900000000
1790255294573,4251.2500000000,4251.3300000000
1790255295379,4251.2900000000,4251.3700000000
1790255295782,4251.3200000000,4251.4000000000
1790255296588,4251.6000000000,4251.6800000000
1790255296990,4251.6400000000,4251.7200000000
1790255297392,4251.4800000000,4251.5600000000
1790255297795,4251.4100000000,4251.4900000000
1790255298197,4251.4900000000,4251.5700000000
1790255298600,4251.6400000000,4251.7200000000
1790255299003,4251.6500000000,4251.7300000000
1790255299405,4251.6400000000,4251.7300000000
1790255299808,4251.4800000000,4251.5700000000
1790255300210,4251.4900000000,4251.5800000000
1790255300613,4251.5300000000,4251.6200000000
1790255301016,4251.5200000000,4251.6100000000
1790255302224,4251.6500000000,4251.7300000000
1790255302626,4251.6900000000,4251.7700000000
1790255303029,4251.6800000000,4251.7600000000
1790255303432,4251.7100000000,4251.7900000000
1790255303835,4251.6900000000,4251.7700000000
1790255304237,4251.5800000000,4251.6600000000
1790255304642,4251.5900000000,4251.6700000000
1790255305044,4251.5800000000,4251.6600000000
1790255305850,4251.6600000000,4251.7400000000
1790255306252,4251.6800000000,4251.7600000000
1790255306655,4251.6500000000,4251.7300000000
1790255307058,4251.7400000000,4251.8200000000
1790255307862,4251.7600000000,4251.8400000000
1790255308265,4251.8700000000,4251.9500000000
1790255308667,4251.7800000000,4251.8600000000
1790255309070,4251.7500000000,4251.8300000000
1790255309473,4251.7200000000,4251.8000000000
1790255309876,4252.0200000000,4252.1000000000
1790255310278,4252.0300000000,4252.1100000000
1790255311084,4252.0700000000,4252.1500000000
1790255311487,4252.0800000000,4252.1600000000
1790255312292,4252.1000000000,4252.1800000000
1790255312694,4252.6100000000,4252.6900000000
1790255313096,4252.6100000000,4252.7000000000
1790255313499,4252.6600000000,4252.7500000000
1790255314304,4252.6700000000,4252.7600000000
1790255314707,4252.6200000000,4252.7100000000
1790255315110,4252.6400000000,4252.7300000000
1790255316319,4252.6300000000,4252.7100000000
1790255316721,4252.4600000000,4252.5400000000
1790255317123,4252.5000000000,4252.5800000000
1790255317526,4252.6100000000,4252.6900000000
1790255317930,4252.8200000000,4252.9000000000
1790255318333,4252.8200000000,4252.9100000000
1790255318735,4252.8300000000,4252.9200000000
1790255319137,4252.8200000000,4252.9100000000
1790255319543,4252.7100000000,4252.8000000000
1790255319946,4252.6900000000,4252.7800000000
1790255320349,4252.6800000000,4252.7700000000
1790255321154,4252.7000000000,4252.7900000000
1790255321557,4252.6600000000,4252.7500000000
1790255321959,4252.7100000000,4252.8000000000
1790255322463,4252.7300000000,4252.8200000000
1790255323167,4252.7300000000,4252.8100000000
1790255323570,4252.7400000000,4252.8200000000
1790255324476,4252.7800000000,4252.8600000000
1790255324878,4252.7700000000,4252.8500000000
1790255325683,4252.7400000000,4252.8200000000
1790255326891,4252.7500000000,4252.8300000000
1790255327294,4252.7800000000,4252.8600000000
1790255328501,4252.8000000000,4252.8800000000
1790255328903,4252.8100000000,4252.8900000000
1790255329306,4252.8000000000,4252.8800000000
1790255330514,4252.8100000000,4252.8800000000
1790255333332,4252.8300000000,4252.9000000000
1790255333734,4252.9000000000,4252.9700000000
1790255334137,4252.8500000000,4252.9200000000
1790255334540,4252.8400000000,4252.9100000000
1790255336150,4252.8300000000,4252.9000000000
1790255336553,4252.8800000000,4252.9500000000
1790255336956,4252.8900000000,4252.9600000000
1790255337359,4253.1700000000,4253.2400000000
1790255337761,4253.1900000000,4253.2600000000
1790255338164,4253.1000000000,4253.1700000000
1790255338568,4253.0900000000,4253.1600000000
1790255339777,4253.1800000000,4253.2500000000
1790255340180,4253.1900000000,4253.2600000000
1790255340584,4253.1600000000,4253.2300000000
1790255340986,4253.1200000000,4253.1900000000
1790255341389,4253.0400000000,4253.1100000000
1790255341793,4252.1600000000,4252.2300000000
1790255342194,4252.8600000000,4252.9700000000
1790255342599,4252.8500000000,4252.9600000000
1790255343003,4252.9200000000,4253.0300000000
1790255343405,4252.9400000000,4253.0700000000
1790255343808,4253.1400000000,4253.2700000000
1790255345014,4253.1500000000,4253.2800000000
1790255346222,4253.1600000000,4253.2800000000
1790255346624,4253.4100000000,4253.5300000000
1790255347027,4253.4000000000,4253.5200000000
1790255347430,4253.1500000000,4253.2800000000
1790255347833,4251.9200000000,4252.0500000000
1790255348235,4251.9100000000,4252.0500000000
1790255348638,4251.8900000000,4252.0300000000
1790255349041,4252.1100000000,4252.2500000000
1790255349443,4252.1200000000,4252.2600000000
1790255349846,4252.1300000000,4252.2700000000
1790255350249,4252.1200000000,4252.2600000000
1790255350651,4252.1300000000,4252.2700000000
1790255351458,4252.2400000000,4252.3800000000
1790255351861,4252.2600000000,4252.4000000000
1790255352264,4252.3200000000,4252.4600000000
1790255352667,4252.4100000000,4252.5500000000
1790255353070,4252.5100000000,4252.6500000000
1790255353473,4252.5200000000,4252.6600000000
1790255353875,4252.5600000000,4252.7000000000
1790255354278,4252.5700000000,4252.7100000000
1790255355085,4252.6100000000,4252.7500000000
1790255355890,4252.6000000000,4252.7400000000
1790255356293,4252.5400000000,4252.6800000000
1790255356695,4252.5200000000,4252.6600000000
1790255357098,4253.0900000000,4253.2300000000
1790255357500,4253.1500000000,4253.2900000000
1790255357902,4253.1400000000,4253.2800000000
1790255358305,4253.2700000000,4253.4100000000
1790255358709,4253.1600000000,4253.3000000000
1790255359111,4253.0500000000,4253.1900000000
1790255359513,4252.9900000000,4253.1300000000
1790255359916,4253.0900000000,4253.2300000000
1790255360320,4253.1000000000,4253.2400000000
1790255360721,4252.9000000000,4253.0400000000
1790255361124,4252.9100000000,4253.0500000000
1790255361526,4252.9200000000,4253.0600000000
1790255362331,4253.0200000000,4253.1600000000
1790255363136,4252.9500000000,4253.0900000000
1790255363539,4253.0300000000,4253.1700000000
1790255363942,4253.0800000000,4253.2200000000
1790255364343,4252.9700000000,4253.1100000000
1790255364747,4252.8900000000,4253.0300000000
1790255365148,4252.7900000000,4252.9300000000
1790255365551,4252.7300000000,4252.8700000000
1790255365954,4252.7500000000,4252.8900000000
1790255366357,4252.6900000000,4252.8300000000
1790255367162,4252.8000000000,4252.9400000000
1790255367565,4252.7800000000,4252.9200000000
1790255367967,4252.7700000000,4252.9100000000
1790255368370,4252.6000000000,4252.7400000000
1790255368774,4252.5800000000,4252.7200000000
1790255369679,4252.5700000000,4252.7100000000
1790255370082,4252.5800000000,4252.7200000000
1790255370485,4252.6200000000,4252.7600000000
1790255370887,4252.6300000000,4252.7700000000
1790255371692,4252.6400000000,4252.7800000000
1790255372095,4252.7300000000,4252.8700000000
1790255372498,4252.7800000000,4252.9200000000
1790255372800,4253.0600000000,4253.2000000000
1790255373605,4253.2400000000,4253.3800000000
1790255374108,4253.1400000000,4253.2800000000
1790255374511,4253.1200000000,4253.2600000000
1790255374813,4253.0300000000,4253.1700000000
1790255375316,4253.0200000000,4253.1600000000
1790255375719,4253.0300000000,4253.1700000000
1790255376122,4253.0500000000,4253.1900000000
1790255376525,4253.0400000000,4253.1800000000
1790255376928,4253.0200000000,4253.1600000000
1790255377733,4253.0400000000,4253.1800000000
1790255378136,4253.0800000000,4253.2200000000
1790255378539,4253.0700000000,4253.2100000000
1790255378941,4253.0600000000,4253.2000000000
1790255379344,4253.1000000000,4253.2400000000
1790255380151,4253.0600000000,4253.2000000000
1790255380553,4253.1000000000,4253.2400000000
1790255380956,4253.1600000000,4253.3000000000
1790255381359,4253.2800000000,4253.4200000000
1790255381761,4253.2700000000,4253.4100000000
1790255382566,4253.1900000000,4253.3300000000
1790255383371,4253.0900000000,4253.2300000000
1790255383773,4253.0800000000,4253.2200000000
1790255384175,4253.0000000000,4253.1400000000
1790255384981,4253.1200000000,4253.2600000000
1790255385384,4253.0300000000,4253.1700000000
1790255385788,4252.9600000000,4253.1000000000
1790255386190,4252.9400000000,4253.0800000000
1790255386995,4252.9200000000,4253.0600000000
1790255387398,4252.8400000000,4252.9800000000
1790255387801,4252.7700000000,4252.9100000000
1790255388203,4252.7500000000,4252.8900000000
1790255388606,4252.6200000000,4252.7600000000
1790255389009,4252.7100000000,4252.8500000000
1790255389411,4252.6900000000,4252.8300000000
1790255389814,4252.6400000000,4252.7800000000
1790255390216,4252.6500000000,4252.7900000000
1790255390618,4252.6400000000,4252.7800000000
1790255391021,4252.7300000000,4252.8700000000
1790255391424,4253.0200000000,4253.1600000000
1790255391827,4253.0000000000,4253.1400000000
1790255392632,4253.0700000000,4253.2100000000
1790255393035,4253.0900000000,4253.2300000000
1790255393841,4253.0800000000,4253.2200000000
1790255394243,4253.0400000000,4253.1800000000
1790255395048,4253.1200000000,4253.2600000000
1790255395852,4253.1400000000,4253.2800000000
1790255396255,4253.2700000000,4253.4100000000
1790255396657,4253.2800000000,4253.4200000000
1790255397060,4253.2600000000,4253.4000000000
1790255397462,4253.2300000000,4253.3700000000
1790255397864,4253.2400000000,4253.3800000000
1790255398267,4253.2500000000,4253.3900000000
1790255399072,4253.2100000000,4253.3500000000
1790255399474,4252.7900000000,4252.9300000000
1790255400280,4252.8300000000,4252.9700000000
1790255400684,4252.8700000000,4253.0100000000
1790255401086,4252.6600000000,4252.8000000000
1790255401488,4252.9300000000,4253.0700000000
1790255401892,4252.9600000000,4253.1000000000
1790255402295,4253.1100000000,4253.2500000000
1790255402699,4253.1200000000,4253.2600000000
1790255403505,4253.1700000000,4253.3100000000
1790255403907,4253.1100000000,4253.2500000000
1790255404309,4252.9400000000,4253.0800000000
1790255404712,4253.0000000000,4253.1400000000
1790255406323,4253.0800000000,4253.2200000000
1790255406726,4253.0500000000,4253.1900000000
1790255407128,4253.0400000000,4253.1800000000
1790255407531,4252.8700000000,4253.0100000000
1790255407933,4252.8800000000,4253.0200000000
1790255408336,4252.8500000000,4252.9900000000
1790255408739,4252.8200000000,4252.9600000000
1790255409141,4252.8000000000,4252.9400000000
1790255409544,4252.8300000000,4252.9700000000
1790255409946,4252.6800000000,4252.8200000000
1790255410349,4252.6600000000,4252.8000000000
1790255411154,4252.6800000000,4252.8200000000
1790255411559,4252.6400000000,4252.7800000000
1790255411962,4252.6300000000,4252.7700000000
1790255412365,4252.6200000000,4252.7600000000
1790255413270,4252.6700000000,4252.8100000000
1790255413571,4252.7100000000,4252.8500000000
1790255413973,4252.9000000000,4253.0400000000
1790255414376,4252.8700000000,4253.0100000000
1790255414779,4252.9100000000,4253.0500000000
1790255415182,4254.4900000000,4254.6300000000
1790255415584,4254.1300000000,4254.2700000000
1790255415987,4257.0900000000,4257.2300000000
1790255416390,4255.8300000000,4255.9700000000
1790255416792,4255.1800000000,4255.3200000000
1790255417195,4255.0100000000,4255.1500000000
1790255417597,4256.1900000000,4256.3300000000
1790255418000,4255.8800000000,4256.0200000000
1790255418403,4255.6000000000,4255.7400000000
1790255418806,4255.8500000000,4255.9900000000
1790255419208,4255.3700000000,4255.5100000000
1790255419611,4255.3300000000,4255.4700000000
1790255420013,4255.1100000000,4255.2500000000
1790255420416,4254.8300000000,4254.9700000000
1790255420819,4254.7900000000,4254.9300000000
1790255421221,4254.9200000000,4255.0600000000
1790255421623,4254.7600000000,4254.9000000000
1790255422026,4254.7400000000,4254.8800000000
1790255422428,4254.5300000000,4254.6700000000
1790255422831,4254.8300000000,4254.9700000000
1790255423234,4254.6000000000,4254.7400000000
1790255423636,4254.4900000000,4254.6300000000
1790255424039,4254.5000000000,4254.6400000000
1790255424441,4254.5500000000,4254.6900000000
1790255424844,4254.4600000000,4254.6000000000
1790255425246,4254.7000000000,4254.8400000000
1790255425649,4254.8700000000,4255.0100000000
1790255426051,4254.7400000000,4254.8800000000
1790255426454,4254.5900000000,4254.7300000000
1790255426857,4254.5200000000,4254.6600000000
1790255427259,4254.4900000000,4254.6300000000
1790255427661,4254.7100000000,4254.8500000000
1790255428064,4254.6500000000,4254.7900000000
1790255428466,4254.5900000000,4254.7300000000
1790255429273,4254.5500000000,4254.6900000000
1790255429676,4255.1700000000,4255.3100000000
1790255430078,4255.1400000000,4255.2800000000
1790255430482,4255.0900000000,4255.2300000000
1790255430883,4255.0800000000,4255.2200000000
1790255431286,4255.0900000000,4255.2300000000
1790255431689,4254.8900000000,4255.0300000000
1790255432091,4255.2800000000,4255.4200000000
1790255432494,4255.3400000000,4255.4800000000
1790255432896,4255.3800000000,4255.5200000000
1790255433299,4255.3500000000,4255.4900000000
1790255433701,4255.3200000000,4255.4600000000
1790255434103,4255.2500000000,4255.3900000000
1790255434506,4254.9800000000,4255.1200000000
1790255434908,4254.8100000000,4254.9500000000
1790255435311,4254.7100000000,4254.8500000000
1790255435713,4254.9900000000,4255.1300000000
1790255436115,4254.9800000000,4255.1200000000
1790255436518,4255.1900000000,4255.3300000000
1790255436921,4255.4800000000,4255.6200000000
1790255437323,4255.4600000000,4255.6000000000
1790255437726,4255.4900000000,4255.6300000000
1790255438129,4255.7300000000,4255.8700000000
1790255438532,4255.4900000000,4255.6300000000
1790255438934,4255.5800000000,4255.7200000000
1790255439337,4255.4900000000,4255.6300000000
1790255439739,4255.6300000000,4255.7700000000
1790255440142,4255.8000000000,4255.9400000000
1790255440546,4255.6500000000,4255.7900000000
1790255440948,4255.4900000000,4255.6300000000
1790255441351,4255.2900000000,4255.4300000000
1790255441755,4255.4500000000,4255.5900000000
1790255442157,4255.3900000000,4255.5300000000
1790255442560,4255.4200000000,4255.5600000000
1790255442963,4255.4100000000,4255.5500000000
1790255443365,4255.3500000000,4255.4900000000
1790255443768,4255.1800000000,4255.3200000000
1790255444171,4255.1400000000,4255.2800000000
1790255444574,4255.1800000000,4255.3200000000
1790255444977,4255.3700000000,4255.5100000000
1790255445380,4255.3500000000,4255.4900000000
1790255445782,4255.1400000000,4255.2800000000
1790255446185,4255.0100000000,4255.1500000000
1790255446588,4255.1300000000,4255.2700000000
1790255446990,4255.1700000000,4255.3100000000
1790255447393,4255.1100000000,4255.2500000000
1790255447795,4255.3800000000,4255.5200000000
1790255448198,4255.2700000000,4255.4100000000
1790255448600,4255.1500000000,4255.2900000000
1790255449003,4255.2100000000,4255.3500000000
1790255449405,4255.2600000000,4255.4000000000
1790255450210,4255.3400000000,4255.4800000000
1790255451015,4255.3200000000,4255.4600000000
1790255451417,4255.4900000000,4255.6300000000
1790255451820,4255.8000000000,4255.9400000000
1790255452223,4256.2800000000,4256.4200000000
1790255452625,4256.3200000000,4256.4600000000
1790255453431,4256.1800000000,4256.3200000000
1790255453834,4256.0100000000,4256.1500000000
1790255454236,4255.9600000000,4256.1000000000
1790255454638,4255.9200000000,4256.0600000000
1790255455041,4255.8300000000,4255.9700000000
1790255455444,4255.7600000000,4255.9000000000
1790255455847,4255.7100000000,4255.8500000000
1790255456249,4255.7900000000,4255.9300000000
1790255456653,4255.7600000000,4255.9000000000
1790255457056,4255.7800000000,4255.9200000000
1790255457458,4255.8900000000,4256.0300000000
1790255458263,4255.8700000000,4256.0100000000
1790255458667,4255.9000000000,4256.0400000000
1790255459070,4255.9200000000,4256.0600000000
1790255459472,4255.8800000000,4256.0200000000
1790255459876,4255.5400000000,4255.6800000000
1790255460277,4255.8800000000,4256.0200000000
1790255460680,4255.9000000000,4256.0400000000
1790255461083,4255.8900000000,4256.0300000000
1790255461485,4255.8100000000,4255.9500000000
1790255461889,4255.8400000000,4255.9800000000
1790255462292,4256.1500000000,4256.2900000000
1790255462695,4256.2400000000,4256.3800000000
1790255463099,4256.2600000000,4256.4000000000
1790255463502,4256.2100000000,4256.3500000000
1790255463903,4256.1800000000,4256.3200000000
1790255464305,4256.2500000000,4256.3900000000
1790255464708,4256.2400000000,4256.3800000000
1790255465110,4256.2200000000,4256.3600000000
1790255465513,4256.0800000000,4256.2200000000
1790255465915,4256.0900000000,4256.2300000000
1790255466318,4256.7200000000,4256.8600000000
1790255466719,4256.9300000000,4257.0700000000
1790255467122,4257.1900000000,4257.3300000000
1790255467525,4257.0900000000,4257.2300000000
1790255467927,4257.3800000000,4257.5200000000
1790255468330,4257.5000000000,4257.6400000000
1790255468733,4257.1900000000,4257.3300000000
1790255469135,4257.0600000000,4257.2000000000
1790255469537,4256.9800000000,4257.1200000000
1790255469941,4257.0200000000,4257.1600000000
1790255470343,4256.7700000000,4256.9100000000
1790255470746,4256.7100000000,4256.8500000000
1790255471148,4256.6800000000,4256.8200000000
1790255471552,4256.6300000000,4256.7700000000
1790255471954,4256.6200000000,4256.7600000000
1790255472357,4256.5500000000,4256.6900000000
1790255472760,4256.8100000000,4256.9500000000
1790255473162,4256.9200000000,4257.0600000000
1790255473565,4256.8500000000,4256.9900000000
1790255473968,4256.9700000000,4257.1100000000
1790255474372,4256.8900000000,4257.0300000000
1790255474776,4256.9900000000,4257.1300000000
1790255475178,4256.9600000000,4257.1000000000
1790255475580,4256.9800000000,4257.1200000000
1790255475983,4256.9400000000,4257.0800000000
1790255476386,4256.8600000000,4257.0000000000
1790255476789,4257.0700000000,4257.2100000000
1790255477191,4257.1200000000,4257.2600000000
1790255477594,4256.9000000000,4257.0400000000
1790255477996,4256.9300000000,4257.0700000000
1790255478399,4257.0900000000,4257.2300000000
1790255478802,4257.1100000000,4257.2500000000
1790255480010,4257.0800000000,4257.2200000000
1790255481218,4256.9200000000,4257.0600000000
1790255481621,4256.9000000000,4257.0400000000
1790255482024,4256.9100000000,4257.0500000000
1790255482426,4257.1100000000,4257.2500000000
1790255482829,4257.2500000000,4257.3900000000
1790255483231,4257.2100000000,4257.3500000000
1790255483635,4257.1200000000,4257.2600000000
1790255484641,4257.1300000000,4257.2700000000
1790255484743,4257.0100000000,4257.1500000000
1790255484842,4257.0900000000,4257.2300000000
1790255485647,4257.0100000000,4257.1500000000
1790255486050,4257.0000000000,4257.1400000000
1790255486452,4257.1100000000,4257.2500000000
1790255486854,4257.4400000000,4257.5800000000
1790255487257,4257.3400000000,4257.4800000000
1790255487659,4257.3500000000,4257.4900000000
1790255488061,4257.3600000000,4257.5000000000
1790255488464,4257.4000000000,4257.5400000000
1790255488867,4257.2300000000,4257.3700000000
1790255489269,4257.1700000000,4257.3100000000
1790255489671,4257.0900000000,4257.2300000000
1790255490074,4257.1600000000,4257.3000000000
1790255490477,4256.9800000000,4257.1200000000
1790255490879,4257.0300000000,4257.1700000000
1790255491282,4256.9600000000,4257.1000000000
1790255491686,4256.7700000000,4256.9100000000
1790255492089,4256.7300000000,4256.8700000000
1790255492491,4256.6200000000,4256.7600000000
1790255492894,4256.5800000000,4256.7200000000
1790255493699,4256.4000000000,4256.5400000000
1790255494102,4256.3700000000,4256.5100000000
1790255494506,4256.5300000000,4256.6700000000
1790255494910,4256.5800000000,4256.7200000000
1790255495312,4256.5500000000,4256.6900000000
1790255495714,4256.2100000000,4256.3500000000
1790255496217,4256.3600000000,4256.5000000000
1790255496619,4256.4200000000,4256.5600000000
1790255497021,4256.4000000000,4256.5400000000
1790255497424,4256.5300000000,4256.6700000000
1790255497827,4256.5500000000,4256.6900000000
1790255498229,4256.5400000000,4256.6800000000
1790255498633,4256.6200000000,4256.7600000000
1790255499035,4256.6700000000,4256.8100000000
1790255499438,4256.8000000000,4256.9400000000
1790255499840,4256.9000000000,4257.0400000000
1790255500243,4256.8300000000,4256.9700000000
1790255500646,4256.8200000000,4256.9600000000
1790255501049,4256.8700000000,4257.0100000000
1790255501452,4256.8800000000,4257.0200000000
1790255501856,4256.7500000000,4256.8900000000
1790255502258,4256.6400000000,4256.7800000000
1790255502661,4256.6100000000,4256.7500000000
1790255503064,4256.6200000000,4256.7600000000
1790255503467,4256.5900000000,4256.7300000000
1790255503872,4256.4600000000,4256.6000000000
1790255505079,4256.4400000000,4256.5800000000
1790255505482,4256.3200000000,4256.4600000000
1790255505884,4256.3900000000,4256.5300000000
1790255506287,4256.3000000000,4256.4400000000
1790255506689,4256.1600000000,4256.3000000000
1790255507092,4256.1900000000,4256.3300000000
1790255507896,4256.2000000000,4256.3400000000
1790255508299,4256.3000000000,4256.4400000000
1790255508702,4256.3100000000,4256.4500000000
1790255509105,4256.4300000000,4256.5700000000
1790255509508,4256.4000000000,4256.5400000000
1790255509910,4256.3400000000,4256.4800000000
1790255510313,4256.2200000000,4256.3600000000
1790255510716,4255.8900000000,4256.0300000000
1790255511119,4255.8700000000,4256.0100000000
1790255511520,4255.6200000000,4255.7600000000
1790255512325,4255.6100000000,4255.7500000000
1790255512728,4255.6300000000,4255.7700000000
1790255513131,4255.5900000000,4255.7300000000
1790255513534,4255.6400000000,4255.7800000000
1790255513936,4255.4600000000,4255.6000000000
1790255514339,4255.4500000000,4255.5900000000
1790255514741,4255.3900000000,4255.5300000000
1790255515144,4255.6000000000,4255.7400000000
1790255515547,4255.6200000000,4255.7600000000
1790255515949,4255.5500000000,4255.6900000000
1790255516352,4255.6600000000,4255.8000000000
1790255516754,4255.7300000000,4255.8700000000
1790255517156,4255.6900000000,4255.8300000000
1790255517558,4255.6000000000,4255.7400000000
1790255517961,4255.5800000000,4255.7200000000
1790255518364,4255.6000000000,4255.7400000000
1790255518766,4255.6300000000,4255.7700000000
1790255519169,4255.6600000000,4255.8000000000
1790255519571,4255.6400000000,4255.7800000000
1790255519974,4255.6000000000,4255.7400000000
1790255520377,4255.5700000000,4255.7100000000
1790255520780,4255.4500000000,4255.5900000000
1790255521182,4255.4600000000,4255.6000000000
1790255521585,4255.4300000000,4255.5700000000
1790255521987,4255.4600000000,4255.6000000000
1790255522390,4255.4500000000,4255.5900000000
1790255522793,4255.5500000000,4255.6900000000
1790255523196,4255.6500000000,4255.7900000000
1790255523599,4255.6300000000,4255.7700000000
1790255524001,4255.7200000000,4255.8600000000
1790255525208,4255.7400000000,4255.8800000000
1790255526015,4255.7200000000,4255.8600000000
1790255526418,4255.7500000000,4255.8900000000
1790255526820,4255.7400000000,4255.8800000000
1790255527323,4255.6100000000,4255.7500000000
1790255527726,4255.5700000000,4255.7100000000
1790255528933,4255.6200000000,4255.7600000000
1790255529235,4255.6500000000,4255.7900000000
1790255530041,4255.5600000000,4255.7000000000
1790255530945,4255.5500000000,4255.6900000000
1790255531348,4255.5300000000,4255.6700000000
1790255531753,4255.5700000000,4255.7100000000
1790255532155,4255.7700000000,4255.9100000000
1790255532960,4255.5400000000,4255.6800000000
1790255533363,4255.7300000000,4255.8700000000
1790255534571,4255.7400000000,4255.8800000000
1790255535377,4255.6600000000,4255.8000000000
1790255535779,4255.6800000000,4255.8200000000
1790255537791,4255.7300000000,4255.8700000000
1790255538597,4255.7400000000,4255.8800000000
1790255538999,4255.8100000000,4255.9500000000
1790255539402,4255.7800000000,4255.9200000000
1790255539804,4255.7700000000,4255.9100000000
1790255540207,4255.5800000000,4255.7200000000
1790255540610,4255.5000000000,4255.6400000000
1790255541012,4255.4800000000,4255.6200000000
1790255541818,4255.5000000000,4255.6400000000
1790255542221,4255.8500000000,4255.9900000000
1790255542623,4255.8700000000,4256.0100000000
1790255543026,4255.8600000000,4256.0000000000
1790255543830,4255.7200000000,4255.8600000000
1790255545038,4255.4100000000,4255.5500000000
1790255545440,4255.3800000000,4255.5200000000
1790255545843,4255.8200000000,4255.9600000000
1790255549064,4255.8300000000,4255.9700000000
1790255549466,4255.7900000000,4255.9300000000
1790255549868,4255.7600000000,4255.9000000000
1790255550271,4255.7400000000,4255.8800000000
1790255550673,4255.7200000000,4255.8600000000
1790255551478,4255.6200000000,4255.7600000000
1790255552284,4255.6600000000,4255.8000000000
1790255552687,4255.7200000000,4255.8600000000
1790255553492,4255.6300000000,4255.7700000000
1790255553895,4255.6200000000,4255.7600000000
1790255554297,4255.6500000000,4255.7900000000
1790255555103,4255.6400000000,4255.7800000000
1790255556311,4255.6900000000,4255.8300000000
1790255556715,4255.7400000000,4255.8800000000
1790255557118,4255.6400000000,4255.7800000000
1790255557520,4255.6600000000,4255.8000000000
1790255557923,4255.7800000000,4255.9200000000
1790255558326,4255.7300000000,4255.8700000000
1790255558728,4255.6600000000,4255.8000000000
1790255559131,4255.6900000000,4255.8300000000
1790255559533,4255.6800000000,4255.8200000000
1790255560340,4255.4100000000,4255.5500000000
1790255560744,4255.4200000000,4255.5600000000
1790255561145,4255.3500000000,4255.4900000000
1790255561548,4255.2800000000,4255.4200000000
1790255561950,4255.2900000000,4255.4300000000
1790255562353,4255.5200000000,4255.6600000000
1790255562756,4255.5600000000,4255.7000000000
1790255563158,4255.2800000000,4255.4200000000
1790255563560,4255.2700000000,4255.4100000000
1790255563962,4255.2600000000,4255.4000000000
1790255564365,4255.2500000000,4255.3900000000
1790255564767,4255.3000000000,4255.4400000000
1790255565573,4255.3500000000,4255.4900000000
1790255566378,4255.2800000000,4255.4200000000
1790255566780,4255.2200000000,4255.3600000000
1790255567183,4255.1900000000,4255.3300000000
1790255567587,4255.1700000000,4255.3100000000
1790255567990,4254.9700000000,4255.1100000000
1790255568392,4254.9600000000,4255.1000000000
1790255569197,4254.9800000000,4255.1200000000
1790255569602,4255.2700000000,4255.4100000000
1790255570407,4255.2800000000,4255.4200000000
1790255571212,4255.1600000000,4255.3000000000
1790255571615,4255.1400000000,4255.2800000000
1790255572017,4254.9700000000,4255.1100000000
1790255572420,4254.9500000000,4255.0900000000
1790255572822,4254.9400000000,4255.0800000000
1790255573225,4254.9500000000,4255.0900000000
1790255573627,4254.9700000000,4255.1100000000
1790255574030,4254.8500000000,4254.9900000000
1790255574432,4254.8800000000,4255.0200000000
1790255574835,4254.9100000000,4255.0500000000
1790255575238,4254.8900000000,4255.0300000000
1790255575640,4254.8300000000,4254.9700000000
1790255576043,4254.6700000000,4254.8100000000
1790255576445,4254.6600000000,4254.8000000000
1790255576847,4254.5400000000,4254.6800000000
1790255577652,4254.5600000000,4254.7000000000
1790255578055,4254.6400000000,4254.7800000000
1790255578458,4254.6800000000,4254.8200000000
1790255578860,4254.7600000000,4254.9000000000
1790255579263,4254.7000000000,4254.8400000000
1790255579665,4254.7400000000,4254.8800000000
1790255580068,4254.7200000000,4254.8600000000
1790255580471,4254.7600000000,4254.9000000000
1790255580974,4254.7900000000,4254.9300000000
1790255581376,4254.5200000000,4254.6600000000
1790255581779,4254.4500000000,4254.5900000000
1790255582181,4254.5000000000,4254.6400000000
1790255582585,4254.5700000000,4254.7100000000
1790255582988,4254.4900000000,4254.6300000000
1790255583391,4254.4800000000,4254.6200000000
1790255583792,4254.2900000000,4254.4300000000
1790255584596,4254.2500000000,4254.3900000000
1790255584999,4254.3000000000,4254.4400000000
1790255585402,4254.3400000000,4254.4800000000
1790255585805,4254.5200000000,4254.6600000000
1790255586610,4254.4400000000,4254.5800000000
1790255587416,4254.4200000000,4254.5600000000
1790255588624,4254.3700000000,4254.5100000000
1790255589027,4254.3800000000,4254.5200000000
1790255589429,4254.4100000000,4254.5500000000
1790255589832,4254.5400000000,4254.6800000000
1790255590234,4254.5600000000,4254.7000000000
1790255591039,4254.5800000000,4254.7200000000
1790255591442,4254.5100000000,4254.6500000000
1790255591846,4254.4500000000,4254.5900000000
1790255592650,4254.4200000000,4254.5600000000
1790255593053,4254.3600000000,4254.5000000000
1790255593456,4254.5100000000,4254.6500000000
1790255593858,4254.5500000000,4254.6900000000
1790255594261,4254.5300000000,4254.6700000000
1790255594663,4254.5500000000,4254.6900000000
1790255595066,4254.4700000000,4254.6100000000
1790255595468,4254.4800000000,4254.6200000000
1790255595871,4254.4900000000,4254.6300000000
1790255596273,4254.4500000000,4254.5900000000
1790255596676,4254.3700000000,4254.5100000000
1790255597481,4254.2800000000,4254.4200000000
1790255597883,4254.3100000000,4254.4500000000
1790255598286,4254.2500000000,4254.3900000000
1790255598688,4254.2900000000,4254.4300000000
1790255599493,4254.3000000000,4254.4400000000
1790255600298,4254.3900000000,4254.5300000000
1790255600701,4254.3400000000,4254.4800000000
1790255601103,4254.3100000000,4254.4500000000
1790255602713,4254.3500000000,4254.4900000000
1790255603518,4254.3000000000,4254.4400000000
1790255604323,4254.4100000000,4254.5500000000
1790255604725,4254.4600000000,4254.6000000000
1790255605530,4254.4700000000,4254.6100000000
1790255605933,4254.3600000000,4254.5000000000
1790255606336,4254.3300000000,4254.4700000000
1790255608350,4254.1400000000,4254.2800000000
1790255608753,4254.1500000000,4254.2900000000
1790255609155,4254.2100000000,4254.3500000000
1790255609559,4254.1800000000,4254.3200000000
1790255609961,4254.2200000000,4254.3600000000
1790255610364,4254.1900000000,4254.3300000000
1790255611169,4254.2300000000,4254.3700000000
1790255611572,4254.2500000000,4254.3900000000
1790255612377,4254.2600000000,4254.4000000000
1790255612780,4254.2300000000,4254.3700000000
1790255613585,4254.2200000000,4254.3600000000
1790255613988,4253.9900000000,4254.1300000000
1790255614390,4253.9400000000,4254.0800000000
1790255615598,4253.8900000000,4254.0300000000
1790255616001,4253.6200000000,4253.7600000000
1790255616403,4253.6300000000,4253.7600000000
1790255616806,4253.6800000000,4253.8100000000
1790255617209,4253.8200000000,4253.9500000000
1790255617612,4253.7800000000,4253.9100000000
1790255618015,4253.7500000000,4253.8800000000
1790255618417,4253.7300000000,4253.8600000000
1790255618819,4253.6400000000,4253.7700000000
1790255619626,4253.7700000000,4253.9000000000
1790255620028,4253.7800000000,4253.9100000000
1790255621236,4253.5300000000,4253.6600000000
1790255621639,4253.3200000000,4253.4500000000
1790255622042,4253.3300000000,4253.4600000000
1790255622444,4253.1400000000,4253.2700000000
1790255622847,4253.1200000000,4253.2500000000
1790255623249,4252.9600000000,4253.0900000000
1790255623652,4253.0400000000,4253.1700000000
1790255624055,4252.8200000000,4252.9500000000
1790255624459,4252.6600000000,4252.7900000000
1790255624864,4252.6000000000,4252.7300000000
1790255625266,4252.9000000000,4253.0300000000
1790255625669,4252.8100000000,4252.9400000000
1790255626072,4252.8000000000,4252.9300000000
1790255626474,4252.7400000000,4252.8700000000
1790255627280,4252.7300000000,4252.8600000000
1790255627682,4252.6600000000,4252.7900000000
1790255628085,4252.6900000000,4252.8200000000
1790255628890,4253.0600000000,4253.1900000000
1790255629292,4253.0900000000,4253.2200000000
1790255629694,4252.7500000000,4252.8800000000
1790255630097,4252.7400000000,4252.8700000000
1790255630500,4252.7200000000,4252.8500000000
1790255630902,4252.5900000000,4252.7200000000
1790255631304,4252.5100000000,4252.6400000000
1790255631707,4252.3500000000,4252.4800000000
1790255632110,4252.3200000000,4252.4500000000
1790255632512,4252.4800000000,4252.6100000000
1790255632917,4252.2900000000,4252.4200000000
1790255633319,4252.2300000000,4252.3600000000
1790255633721,4252.2900000000,4252.4200000000
1790255634124,4252.3300000000,4252.4600000000
1790255634527,4252.3700000000,4252.5000000000
1790255635332,4252.3400000000,4252.4700000000
1790255636540,4252.0000000000,4252.1300000000
1790255636942,4252.0200000000,4252.1500000000
1790255637345,4252.0100000000,4252.1400000000
1790255637747,4252.0200000000,4252.1500000000
1790255639358,4252.0500000000,4252.1800000000
1790255639760,4252.0200000000,4252.1500000000
1790255640163,4251.9200000000,4252.0500000000
1790255640565,4251.7100000000,4251.8400000000
1790255640967,4251.5700000000,4251.7000000000
1790255641370,4251.6000000000,4251.7300000000
1790255641772,4251.8600000000,4251.9900000000
1790255642175,4251.8100000000,4251.9400000000
1790255643383,4251.5700000000,4251.7000000000
1790255643785,4251.5500000000,4251.6800000000
1790255644289,4251.6000000000,4251.7300000000
1790255644692,4251.7300000000,4251.8600000000
1790255645095,4251.7000000000,4251.8300000000
1790255645397,4251.6900000000,4251.8200000000
1790255645800,4251.6200000000,4251.7500000000
1790255646202,4251.6100000000,4251.7400000000
1790255646604,4251.5900000000,4251.7200000000
1790255647007,4251.6000000000,4251.7300000000
1790255647812,4251.5800000000,4251.7100000000
1790255648214,4251.6100000000,4251.7400000000
1790255648617,4251.6500000000,4251.7800000000
1790255649020,4252.1200000000,4252.2500000000
1790255649424,4252.2500000000,4252.3700000000
1790255649826,4252.2600000000,4252.3800000000
1790255650229,4252.1300000000,4252.2600000000
1790255651035,4252.1800000000,4252.3100000000
1790255651538,4252.2900000000,4252.4200000000
1790255651840,4252.3000000000,4252.4300000000
1790255652245,4252.1900000000,4252.3200000000
1790255652748,4252.1700000000,4252.3000000000
1790255653554,4252.1800000000,4252.3100000000
1790255653956,4252.2200000000,4252.3500000000
1790255654359,4252.4200000000,4252.5500000000
1790255654762,4252.3900000000,4252.5200000000
1790255655566,4252.3800000000,4252.5100000000
1790255655969,4252.3600000000,4252.4900000000
1790255656774,4252.3300000000,4252.4600000000
1790255657580,4252.4600000000,4252.5900000000
1790255659190,4252.4400000000,4252.5600000000
1790255659594,4252.4200000000,4252.5400000000
1790255659996,4252.5300000000,4252.6500000000
1790255660399,4252.4000000000,4252.5200000000
1790255660801,4252.3200000000,4252.4400000000
1790255661204,4252.3400000000,4252.4600000000
1790255661606,4252.4400000000,4252.5600000000
1790255662814,4252.4700000000,4252.5900000000
1790255663216,4252.5100000000,4252.6300000000
1790255663618,4252.5300000000,4252.6500000000
1790255664021,4252.5600000000,4252.6800000000
1790255664423,4252.5300000000,4252.6500000000
1790255664826,4252.5400000000,4252.6600000000
1790255665229,4252.5600000000,4252.6800000000
1790255665631,4252.5800000000,4252.7000000000
1790255666034,4252.6200000000,4252.7400000000
1790255666437,4252.6600000000,4252.7800000000
1790255666840,4252.6800000000,4252.8000000000
1790255667243,4252.6900000000,4252.8100000000
1790255667645,4252.7000000000,4252.8200000000
1790255668048,4252.5800000000,4252.7000000000
1790255668450,4252.5900000000,4252.7100000000
1790255668852,4252.5800000000,4252.7000000000
1790255669255,4252.5700000000,4252.6900000000
1790255669657,4252.5900000000,4252.7100000000
1790255670060,4252.5800000000,4252.7000000000
1790255670463,4252.5400000000,4252.6600000000
1790255671269,4252.6000000000,4252.7200000000
1790255671672,4252.6200000000,4252.7400000000
1790255672075,4252.7200000000,4252.8400000000
1790255672478,4252.7400000000,4252.8600000000
1790255674087,4252.7100000000,4252.8300000000
1790255674893,4252.6300000000,4252.7500000000
1790255675296,4252.6000000000,4252.7200000000
1790255676102,4252.5800000000,4252.6900000000
1790255677309,4252.5400000000,4252.6500000000
1790255677711,4252.2500000000,4252.3600000000
1790255678516,4252.2000000000,4252.3100000000
1790255678919,4252.0200000000,4252.1300000000
1790255679322,4252.1700000000,4252.2800000000
1790255679725,4252.2200000000,4252.3300000000
1790255680128,4252.2000000000,4252.3100000000
1790255680933,4252.1200000000,4252.2300000000
1790255681738,4252.0800000000,4252.1900000000
1790255682141,4251.9800000000,4252.0900000000
1790255682544,4251.9700000000,4252.0800000000
1790255682946,4252.1000000000,4252.2100000000
1790255683349,4252.1100000000,4252.2200000000
1790255683752,4252.1200000000,4252.2300000000
1790255684154,4251.8900000000,4252.0000000000
1790255684557,4251.9400000000,4252.0500000000
1790255684960,4251.9500000000,4252.0600000000
1790255686168,4251.9100000000,4252.0200000000
1790255687376,4251.8900000000,4252.0000000000
1790255688585,4251.9100000000,4252.0200000000
1790255688988,4252.2400000000,4252.3500000000
1790255689391,4252.3300000000,4252.4400000000
1790255689794,4252.2800000000,4252.3900000000
1790255690196,4252.2500000000,4252.3600000000
1790255691003,4252.2300000000,4252.3400000000
1790255691405,4252.3100000000,4252.4200000000
1790255691807,4252.3000000000,4252.4100000000
1790255692210,4252.2600000000,4252.3700000000
1790255692612,4252.2700000000,4252.3800000000
1790255693417,4252.2400000000,4252.3500000000
1790255695028,4252.1500000000,4252.2600000000
1790255695835,4252.1600000000,4252.2700000000
1790255696238,4252.1800000000,4252.2900000000
1790255696640,4252.3200000000,4252.4300000000
1790255697043,4252.5100000000,4252.6200000000
1790255697445,4252.5300000000,4252.6400000000
1790255697847,4252.5500000000,4252.6600000000
1790255698250,4252.3400000000,4252.4500000000
1790255698652,4252.3200000000,4252.4300000000
1790255699055,4252.2700000000,4252.3800000000
1790255699457,4252.2400000000,4252.3500000000
1790255699859,4252.1800000000,4252.2900000000
1790255700262,4252.2900000000,4252.3900000000
1790255700664,4252.3000000000,4252.4000000000
1790255701067,4252.2700000000,4252.3700000000
1790255701469,4252.2600000000,4252.3600000000
1790255702275,4252.3800000000,4252.4800000000
1790255702677,4252.3400000000,4252.4400000000
1790255703079,4252.3300000000,4252.4300000000
1790255703482,4252.3400000000,4252.4400000000
1790255703885,4252.3300000000,4252.4300000000
1790255704288,4252.1500000000,4252.2500000000
1790255704690,4252.2100000000,4252.3100000000
1790255705093,4252.2600000000,4252.3600000000
1790255705495,4252.1700000000,4252.2700000000
1790255705897,4252.2200000000,4252.3200000000
1790255706300,4252.2300000000,4252.3300000000
1790255706703,4252.2200000000,4252.3200000000
1790255707106,4252.2100000000,4252.3100000000
1790255707508,4252.3400000000,4252.4400000000
1790255707911,4252.3500000000,4252.4500000000
1790255708314,4252.1700000000,4252.2700000000
1790255708717,4252.0900000000,4252.1900000000
1790255709120,4252.1300000000,4252.2300000000
1790255709523,4252.0300000000,4252.1300000000
1790255709925,4251.8800000000,4251.9800000000
1790255710328,4251.8600000000,4251.9600000000
1790255710730,4252.0300000000,4252.1300000000
1790255711133,4252.0100000000,4252.1100000000
1790255711939,4252.1000000000,4252.2000000000
1790255712344,4252.3000000000,4252.4000000000
1790255712746,4252.3700000000,4252.4700000000
1790255713550,4252.3800000000,4252.4800000000
1790255714356,4252.3400000000,4252.4400000000
1790255714758,4252.2900000000,4252.3900000000
1790255715161,4252.2700000000,4252.3700000000
1790255715563,4252.3300000000,4252.4300000000
1790255715966,4252.4200000000,4252.5200000000
1790255716369,4252.2700000000,4252.3700000000
1790255716871,4252.2500000000,4252.3500000000
1790255717275,4252.2400000000,4252.3400000000
1790255717679,4252.2500000000,4252.3500000000
1790255718081,4252.3700000000,4252.4700000000
1790255718484,4252.3500000000,4252.4500000000
1790255718887,4252.3300000000,4252.4300000000
1790255719289,4252.2900000000,4252.3800000000
1790255719693,4252.2800000000,4252.3700000000
1790255719995,4252.3000000000,4252.3900000000
1790255720398,4252.2800000000,4252.3700000000
1790255720801,4252.3100000000,4252.4000000000
1790255721204,4252.3900000000,4252.4800000000
1790255721707,4252.4000000000,4252.4900000000
1790255722109,4252.3900000000,4252.4800000000
1790255722915,4252.3200000000,4252.4100000000
1790255723317,4252.3800000000,4252.4700000000
1790255723719,4252.3200000000,4252.4100000000
1790255724122,4252.3500000000,4252.4400000000
1790255724827,4252.3000000000,4252.3900000000
1790255725231,4252.3300000000,4252.4200000000
1790255726036,4252.2700000000,4252.3600000000
1790255726439,4252.0600000000,4252.1500000000
1790255727647,4252.1000000000,4252.1900000000
1790255728049,4252.0600000000,4252.1500000000
1790255728452,4251.8600000000,4251.9500000000
1790255728855,4251.1600000000,4251.2500000000
1790255729257,4251.1800000000,4251.2800000000
1790255729659,4251.5000000000,4251.6000000000
1790255730062,4251.5800000000,4251.6800000000
1790255730466,4251.7200000000,4251.8200000000
1790255730867,4251.6800000000,4251.7800000000
1790255731270,4251.6500000000,4251.7500000000
1790255731675,4251.6200000000,4251.7200000000
1790255732078,4251.6300000000,4251.7300000000
1790255732883,4251.3900000000,4251.4900000000
1790255733286,4251.2800000000,4251.3800000000
1790255733688,4251.0900000000,4251.1900000000
1790255734191,4251.2200000000,4251.3200000000
1790255734492,4251.3000000000,4251.4000000000
1790255734996,4251.3100000000,4251.4100000000
1790255735398,4251.2900000000,4251.3900000000
1790255736203,4250.8900000000,4250.9900000000
1790255736605,4250.4900000000,4250.5900000000
1790255737008,4250.4400000000,4250.5400000000
1790255737410,4250.4300000000,4250.5400000000
1790255737813,4250.4200000000,4250.5300000000
1790255739021,4250.4000000000,4250.5100000000
1790255739424,4250.3700000000,4250.4800000000
1790255740230,4250.3400000000,4250.4500000000
1790255741034,4250.3500000000,4250.4600000000
1790255741437,4250.3500000000,4250.4500000000
1790255741840,4250.4700000000,4250.5700000000
1790255742242,4250.7800000000,4250.8800000000
1790255742644,4250.7500000000,4250.8500000000
1790255743047,4250.6100000000,4250.7100000000
1790255743450,4250.7300000000,4250.8300000000
1790255743853,4250.7100000000,4250.8100000000
1790255744255,4250.6400000000,4250.7400000000
1790255744658,4250.6100000000,4250.7100000000
1790255745061,4250.5900000000,4250.6900000000
1790255745463,4250.5300000000,4250.6300000000
1790255745865,4251.0300000000,4251.1300000000
1790255746267,4251.3500000000,4251.4500000000
1790255746670,4251.3400000000,4251.4400000000
1790255747072,4251.3300000000,4251.4300000000
1790255747475,4251.3300000000,4251.4400000000
1790255747878,4251.3800000000,4251.4900000000
1790255748682,4251.4300000000,4251.5400000000
1790255749085,4251.4800000000,4251.5900000000
1790255750293,4251.4900000000,4251.5900000000
1790255750696,4251.4600000000,4251.5600000000
1790255751502,4251.4900000000,4251.5900000000
1790255752307,4251.4600000000,4251.5600000000
1790255752710,4251.4400000000,4251.5400000000
1790255753113,4251.4300000000,4251.5300000000
1790255754724,4251.4200000000,4251.5200000000
1790255755127,4251.4300000000,4251.5300000000
1790255755932,4251.6000000000,4251.7000000000
1790255756335,4251.4100000000,4251.5100000000
1790255756738,4251.4300000000,4251.5300000000
1790255757140,4251.4800000000,4251.5800000000
1790255757542,4251.4700000000,4251.5700000000
1790255757945,4251.5000000000,4251.6000000000
1790255758348,4251.5300000000,4251.6300000000
1790255758750,4251.5600000000,4251.6600000000
1790255759153,4251.5300000000,4251.6300000000
1790255759555,4251.5400000000,4251.6400000000
1790255760361,4251.5900000000,4251.6900000000
1790255761166,4251.5600000000,4251.6600000000
1790255761568,4251.5400000000,4251.6400000000
1790255761970,4251.5000000000,4251.6000000000
1790255762373,4251.5400000000,4251.6400000000
1790255762776,4251.5100000000,4251.6100000000
1790255763179,4251.4800000000,4251.5800000000
1790255763582,4251.4700000000,4251.5700000000
1790255763985,4251.4900000000,4251.5900000000
1790255764388,4251.5100000000,4251.6100000000
1790255764791,4251.3900000000,4251.4900000000
1790255765193,4251.3000000000,4251.3900000000
1790255765597,4251.4900000000,4251.5800000000
1790255766402,4251.4700000000,4251.5600000000
1790255766805,4251.3800000000,4251.4700000000
1790255767207,4251.3500000000,4251.4400000000
1790255768014,4251.3600000000,4251.4500000000
1790255768820,4251.4900000000,4251.5800000000
1790255769222,4251.4200000000,4251.5100000000
1790255771638,4251.4100000000,4251.5000000000
1790255772041,4251.0300000000,4251.1200000000
1790255772445,4250.9600000000,4251.0500000000
1790255772848,4251.0000000000,4251.0900000000
1790255773250,4251.1000000000,4251.1900000000
1790255773653,4251.0700000000,4251.1600000000
1790255774055,4251.1000000000,4251.1900000000
1790255774457,4251.0600000000,4251.1500000000
1790255774860,4251.1000000000,4251.1900000000
1790255775262,4251.1200000000,4251.2100000000
1790255775665,4251.1700000000,4251.2600000000
1790255776068,4251.3000000000,4251.3900000000
1790255776471,4251.2800000000,4251.3700000000
1790255776874,4251.2700000000,4251.3600000000
1790255777276,4251.1800000000,4251.2700000000
1790255777679,4251.1500000000,4251.2400000000
1790255778082,4251.1300000000,4251.2200000000
1790255778887,4251.1400000000,4251.2300000000
1790255779692,4251.1800000000,4251.2700000000
1790255780498,4251.1600000000,4251.2500000000
1790255781303,4251.3000000000,4251.3900000000
1790255781705,4251.1700000000,4251.2600000000
1790255782108,4251.0600000000,4251.1500000000
1790255782510,4251.0100000000,4251.1000000000
1790255782913,4251.0700000000,4251.1600000000
1790255783315,4251.0600000000,4251.1500000000
1790255783717,4251.0700000000,4251.1600000000
1790255784522,4251.1000000000,4251.1900000000
1790255784924,4250.9400000000,4251.0300000000
1790255785327,4250.9000000000,4250.9800000000
1790255785730,4250.9300000000,4251.0100000000
1790255786133,4250.9400000000,4251.0200000000
1790255786535,4251.1100000000,4251.1900000000
1790255786938,4251.1300000000,4251.2100000000
1790255787341,4251.1500000000,4251.2300000000
1790255788548,4251.0600000000,4251.1400000000
1790255788950,4250.9400000000,4251.0200000000
1790255789354,4250.9500000000,4251.0300000000
1790255789755,4251.0300000000,4251.1100000000
1790255790157,4250.9900000000,4251.0700000000
1790255790560,4251.0300000000,4251.1100000000
1790255790962,4250.9600000000,4251.0400000000
1790255791365,4251.0000000000,4251.0800000000
1790255791869,4251.0300000000,4251.1100000000
1790255792170,4251.0400000000,4251.1200000000
1790255793479,4250.9500000000,4251.0300000000
1790255793882,4250.9200000000,4251.0000000000
1790255794284,4250.8400000000,4250.9200000000
1790255794687,4250.7900000000,4250.8700000000
1790255795090,4250.8200000000,4250.9000000000
1790255795492,4250.9000000000,4250.9800000000
1790255795894,4251.1000000000,4251.1800000000
1790255796297,4251.0700000000,4251.1500000000
1790255796699,4251.0600000000,4251.1400000000
1790255797102,4250.9300000000,4251.0100000000
1790255797504,4251.0200000000,4251.1000000000
1790255798309,4251.0300000000,4251.1100000000
1790255798713,4251.1000000000,4251.1800000000
1790255799519,4251.1200000000,4251.2000000000
1790255799921,4251.1100000000,4251.1900000000
1790255800727,4251.1200000000,4251.2000000000
1790255801532,4251.3100000000,4251.3900000000
1790255801934,4251.3000000000,4251.3800000000
1790255802337,4251.2900000000,4251.3700000000
1790255803546,4251.3100000000,4251.3900000000
1790255804352,4251.3100000000,4251.3800000000
1790255804754,4251.4100000000,4251.4800000000
1790255805156,4251.3900000000,4251.4600000000
1790255805560,4251.4500000000,4251.5200000000
1790255805962,4251.3600000000,4251.4300000000
1790255806365,4251.3500000000,4251.4200000000
1790255807170,4251.3300000000,4251.4000000000
1790255807572,4251.2700000000,4251.3400000000
1790255809585,4251.2800000000,4251.3500000000
1790255809987,4251.3900000000,4251.4600000000
1790255810391,4251.3800000000,4251.4500000000
1790255810793,4251.3900000000,4251.4600000000
1790255811598,4251.3800000000,4251.4500000000
1790255812000,4251.3500000000,4251.4200000000
1790255812403,4251.4000000000,4251.4700000000
1790255812806,4252.5700000000,4252.6400000000
1790255813309,4252.5600000000,4252.6600000000
1790255813612,4252.5900000000,4252.6900000000
1790255814015,4252.4900000000,4252.5900000000
1790255814418,4252.7100000000,4252.8100000000
1790255814820,4252.9100000000,4253.0100000000
1790255815222,4252.9200000000,4253.0200000000
1790255815625,4252.9600000000,4253.0600000000
1790255816028,4252.9800000000,4253.0800000000
1790255816431,4252.8800000000,4252.9800000000
1790255816834,4252.7100000000,4252.8100000000
1790255817236,4252.9200000000,4253.0200000000
1790255817638,4252.9600000000,4253.0600000000
1790255818041,4252.9200000000,4253.0200000000
1790255818444,4254.5000000000,4254.6000000000
1790255818846,4254.6600000000,4254.7600000000
1790255819249,4254.5100000000,4254.6400000000
1790255819652,4254.7700000000,4254.9000000000
1790255820055,4254.8500000000,4254.9800000000
1790255820457,4254.8000000000,4254.9300000000
1790255820860,4254.7100000000,4254.8400000000
1790255821263,4254.7200000000,4254.8500000000
1790255821666,4254.6200000000,4254.7500000000
1790255822069,4254.6800000000,4254.8100000000
1790255822471,4254.5400000000,4254.6700000000
1790255822874,4254.5500000000,4254.6800000000
1790255823277,4254.6500000000,4254.7800000000
1790255823680,4254.7300000000,4254.8600000000
1790255824084,4254.7500000000,4254.8800000000
1790255824486,4254.9600000000,4255.0900000000
1790255824889,4254.8500000000,4254.9800000000
1790255825291,4254.8400000000,4254.9700000000
1790255825693,4254.8200000000,4254.9500000000
1790255826095,4254.9900000000,4255.1200000000
1790255826498,4254.9800000000,4255.1100000000
1790255826901,4254.8600000000,4254.9900000000
1790255827304,4254.7500000000,4254.8800000000
1790255827706,4254.6700000000,4254.8000000000
1790255828109,4254.6600000000,4254.7900000000
1790255828511,4254.9700000000,4255.1000000000
1790255828914,4254.8900000000,4255.0200000000
1790255829317,4254.8500000000,4254.9800000000
1790255829719,4254.8600000000,4254.9900000000
1790255830524,4254.6200000000,4254.7500000000
1790255830928,4254.5800000000,4254.7100000000
1790255831330,4254.9300000000,4255.0600000000
1790255831732,4254.9100000000,4255.0400000000
1790255832135,4254.8900000000,4255.0200000000
1790255832542,4254.7600000000,4254.8900000000
1790255832944,4254.6900000000,4254.8200000000
1790255833347,4254.8600000000,4254.9900000000
1790255833749,4254.9200000000,4255.0500000000
1790255834152,4254.9500000000,4255.0800000000
1790255834556,4254.9000000000,4255.0300000000
1790255834958,4254.8900000000,4255.0200000000
1790255835361,4254.9100000000,4255.0400000000
1790255835764,4254.8700000000,4255.0000000000
1790255836571,4254.8400000000,4254.9700000000
1790255837376,4254.8500000000,4254.9800000000
1790255837778,4254.4600000000,4254.5900000000
1790255838181,4254.4500000000,4254.5800000000
1790255838583,4254.4700000000,4254.6000000000
1790255838986,4254.4100000000,4254.5400000000
1790255839388,4254.4200000000,4254.5500000000
1790255839791,4254.3600000000,4254.4900000000
1790255840193,4254.4000000000,4254.5300000000
1790255840595,4253.9200000000,4254.0500000000
1790255840998,4253.9100000000,4254.0400000000
1790255841401,4253.7700000000,4253.9000000000
1790255841804,4253.7300000000,4253.8600000000
1790255842206,4253.7600000000,4253.8900000000
1790255842609,4253.6500000000,4253.7800000000
1790255843012,4253.6800000000,4253.8100000000
1790255843416,4253.7100000000,4253.8400000000
1790255843818,4253.7600000000,4253.8900000000
1790255844220,4253.7900000000,4253.9200000000
1790255844623,4253.8300000000,4253.9600000000
1790255845025,4253.9100000000,4254.0400000000
1790255845430,4254.0200000000,4254.1500000000
1790255845833,4254.0300000000,4254.1600000000
1790255846235,4254.0100000000,4254.1400000000
1790255847040,4253.9600000000,4254.0900000000
1790255847442,4253.6700000000,4253.8000000000
1790255847845,4253.5200000000,4253.6500000000
1790255848247,4253.5000000000,4253.6300000000
1790255848652,4253.4400000000,4253.5700000000
1790255849054,4253.3100000000,4253.4400000000
1790255849457,4253.3700000000,4253.5000000000
1790255849860,4253.3800000000,4253.5100000000
1790255850263,4253.4300000000,4253.5600000000
1790255850665,4253.4100000000,4253.5400000000
1790255851068,4253.2700000000,4253.4000000000
1790255851471,4253.0600000000,4253.1900000000
1790255851873,4252.7700000000,4252.9000000000
1790255852276,4252.7400000000,4252.8700000000
1790255852680,4252.7300000000,4252.8600000000
1790255853083,4252.7400000000,4252.8700000000
1790255853486,4252.4600000000,4252.5900000000
1790255853888,4252.5500000000,4252.6800000000
1790255854291,4252.5700000000,4252.7000000000
1790255854693,4252.5900000000,4252.7200000000
1790255855096,4252.5300000000,4252.6600000000
1790255855498,4252.5200000000,4252.6500000000
1790255855901,4252.5100000000,4252.6400000000
1790255856303,4252.4200000000,4252.5500000000
1790255856706,4252.4100000000,4252.5400000000
1790255857109,4252.4000000000,4252.5300000000
1790255857511,4252.3900000000,4252.5200000000
1790255858318,4252.5100000000,4252.6400000000
1790255858720,4252.5000000000,4252.6300000000
1790255859526,4252.8200000000,4252.9500000000
1790255859929,4252.7600000000,4252.8900000000
1790255860332,4252.8400000000,4252.9700000000
1790255860735,4252.7500000000,4252.8800000000
1790255861137,4252.7400000000,4252.8700000000
1790255861541,4252.5500000000,4252.6800000000
1790255861943,4252.3900000000,4252.5200000000
1790255862345,4252.3700000000,4252.5000000000
1790255862748,4252.3500000000,4252.4800000000
1790255863150,4252.6400000000,4252.7700000000
1790255863553,4252.6300000000,4252.7600000000
1790255864358,4252.6200000000,4252.7500000000
1790255864760,4252.6100000000,4252.7400000000
1790255865163,4253.0300000000,4253.1600000000
1790255865565,4252.9600000000,4253.0900000000
1790255865967,4252.5700000000,4252.7000000000
1790255866370,4252.3600000000,4252.4800000000
1790255866773,4252.0600000000,4252.1800000000
1790255867177,4252.2400000000,4252.3700000000
1790255867580,4252.2200000000,4252.3500000000
1790255867981,4252.1200000000,4252.2500000000
1790255868385,4251.9000000000,4252.0300000000
1790255868788,4251.7500000000,4251.8800000000
1790255869214,4251.6400000000,4251.7700000000
1790255869619,4251.6000000000,4251.7300000000
1790255870021,4251.6400000000,4251.7700000000
1790255870423,4251.6000000000,4251.7300000000
1790255870826,4251.5700000000,4251.7000000000
1790255871228,4251.6000000000,4251.7300000000
1790255871631,4251.6400000000,4251.7700000000
1790255872436,4251.3100000000,4251.4400000000
1790255873242,4251.3000000000,4251.4300000000
1790255873645,4251.2200000000,4251.3500000000
1790255874047,4251.2300000000,4251.3600000000
1790255874853,4251.1900000000,4251.3200000000
1790255876061,4250.9100000000,4251.0400000000
1790255876463,4250.8900000000,4251.0200000000
1790255877268,4250.9400000000,4251.0600000000
1790255877671,4251.0000000000,4251.1200000000
1790255878073,4251.4200000000,4251.5400000000
1790255878476,4251.4500000000,4251.5800000000
1790255878879,4251.4400000000,4251.5700000000
1790255879282,4251.4600000000,4251.5900000000
1790255879685,4251.4000000000,4251.5300000000
1790255880087,4251.3600000000,4251.4900000000
1790255880490,4251.5600000000,4251.6900000000
1790255880893,4251.5800000000,4251.7100000000
1790255881295,4251.5700000000,4251.7000000000
1790255881698,4251.6100000000,4251.7400000000
1790255882100,4251.5000000000,4251.6200000000
1790255882503,4251.4300000000,4251.5500000000
1790255882906,4251.3600000000,4251.4800000000
1790255883710,4251.4000000000,4251.5200000000
1790255884113,4251.4200000000,4251.5400000000
1790255884517,4251.4300000000,4251.5500000000
1790255884919,4251.4400000000,4251.5600000000
1790255885321,4251.3600000000,4251.4800000000
1790255886126,4251.3200000000,4251.4400000000
1790255886528,4251.3500000000,4251.4700000000
1790255887334,4251.4700000000,4251.5900000000
1790255887736,4251.5500000000,4251.6700000000
1790255888542,4251.5700000000,4251.6900000000
1790255888944,4251.5400000000,4251.6600000000
1790255889347,4251.5300000000,4251.6500000000
1790255889749,4251.5200000000,4251.6400000000
1790255890152,4251.4800000000,4251.6000000000
1790255890554,4251.5900000000,4251.7100000000
1790255890957,4251.5800000000,4251.7000000000
1790255891360,4251.6000000000,4251.7200000000
1790255891763,4251.5900000000,4251.7100000000
1790255892571,4251.5800000000,4251.7000000000
1790255892973,4251.4800000000,4251.6000000000
1790255893778,4252.1500000000,4252.2700000000
1790255894180,4252.1600000000,4252.2800000000
1790255894582,4252.1100000000,4252.2300000000
1790255894985,4252.0800000000,4252.2000000000
1790255895387,4252.0300000000,4252.1500000000
1790255895789,4252.0100000000,4252.1300000000
1790255896192,4252.0500000000,4252.1700000000
1790255896595,4252.0300000000,4252.1500000000
1790255896998,4251.9700000000,4252.0900000000
1790255897400,4251.9800000000,4252.1000000000
1790255897804,4251.9900000000,4252.1100000000
1790255898207,4251.8800000000,4252.0000000000
1790255898610,4251.6300000000,4251.7500000000
1790255899012,4251.5600000000,4251.6800000000
1790255899415,4251.5300000000,4251.6500000000
1790255900222,4251.5100000000,4251.6300000000
1790255901027,4251.6200000000,4251.7400000000
1790255901431,4251.5800000000,4251.7000000000
1790255901833,4251.5600000000,4251.6800000000
1790255902336,4251.5800000000,4251.7000000000
1790255902739,4251.5300000000,4251.6500000000
1790255903142,4251.5700000000,4251.6900000000
1790255903544,4251.5800000000,4251.7000000000
1790255904751,4251.5500000000,4251.6700000000
1790255905153,4251.5400000000,4251.6600000000
1790255905556,4251.5200000000,4251.6400000000
1790255905959,4251.3400000000,4251.4600000000
1790255906361,4251.3700000000,4251.4900000000
1790255906765,4251.3600000000,4251.4800000000
1790255907571,4251.2400000000,4251.3600000000
1790255907973,4251.1800000000,4251.3000000000
1790255908778,4251.2000000000,4251.3200000000
1790255909181,4251.5200000000,4251.6400000000
1790255909585,4251.4900000000,4251.6100000000
1790255910390,4251.5400000000,4251.6600000000
1790255910793,4251.6000000000,4251.7200000000
1790255911196,4251.6500000000,4251.7700000000
1790255911598,4251.5600000000,4251.6800000000
1790255912808,4251.4900000000,4251.6100000000
1790255913211,4251.4800000000,4251.6000000000
1790255914016,4251.4900000000,4251.6100000000
1790255914419,4251.1900000000,4251.3100000000
1790255914821,4251.2700000000,4251.3900000000
1790255915224,4251.3000000000,4251.4200000000
1790255915626,4251.0900000000,4251.2100000000
1790255916029,4250.9900000000,4251.1100000000
1790255916432,4250.9500000000,4251.0700000000
1790255916834,4251.0400000000,4251.1600000000
1790255917237,4250.9900000000,4251.1100000000
1790255918042,4250.9700000000,4251.0900000000
1790255918444,4250.9300000000,4251.0500000000
1790255918846,4250.8900000000,4251.0100000000
1790255919651,4250.5000000000,4250.6200000000
1790255920053,4250.5500000000,4250.6700000000
1790255920860,4250.4500000000,4250.5700000000
1790255921263,4250.4300000000,4250.5500000000
1790255921666,4250.4100000000,4250.5300000000
1790255922068,4250.3500000000,4250.4700000000
1790255922471,4250.3400000000,4250.4600000000
1790255922873,4250.3200000000,4250.4400000000
1790255923276,4250.4600000000,4250.5700000000
1790255924885,4250.6400000000,4250.7500000000
1790255925288,4250.6300000000,4250.7400000000
1790255925691,4250.5900000000,4250.7000000000
1790255926093,4250.5200000000,4250.6300000000
1790255926496,4250.4300000000,4250.5400000000
1790255926899,4250.4200000000,4250.5300000000
1790255927302,4249.9100000000,4250.0300000000
1790255927705,4249.8600000000,4249.9800000000
1790255928107,4249.8400000000,4249.9600000000
1790255928510,4249.8600000000,4249.9800000000
1790255929316,4249.8300000000,4249.9500000000
1790255929719,4249.8200000000,4249.9400000000
1790255930122,4249.8100000000,4249.9300000000
1790255930524,4249.5800000000,4249.7000000000
1790255930927,4249.8000000000,4249.9200000000
1790255931331,4249.8000000000,4249.9100000000
1790255931734,4249.8300000000,4249.9400000000
1790255932137,4249.6200000000,4249.7300000000
1790255932540,4249.5900000000,4249.7000000000
1790255933347,4249.6400000000,4249.7500000000
1790255933749,4249.7900000000,4249.9000000000
1790255934152,4249.7700000000,4249.8800000000
1790255934555,4249.7900000000,4249.9000000000
1790255934957,4249.8200000000,4249.9300000000
1790255935764,4249.8700000000,4249.9800000000
1790255936166,4249.9800000000,4250.0900000000
1790255936569,4249.7700000000,4249.8800000000
1790255936971,4249.7600000000,4249.8700000000
1790255937776,4249.7700000000,4249.8800000000
1790255938180,4249.7800000000,4249.8900000000
1790255938583,4249.7100000000,4249.8200000000
1790255938986,4249.7300000000,4249.8400000000
1790255939388,4249.7400000000,4249.8500000000
1790255939790,4249.7700000000,4249.8800000000
1790255940193,4249.8900000000,4250.0000000000
1790255940595,4249.8800000000,4249.9900000000
1790255940997,4249.7400000000,4249.8500000000
1790255941400,4249.7600000000,4249.8700000000
1790255941803,4249.8700000000,4249.9800000000
1790255942206,4249.9500000000,4250.0600000000
1790255942607,4249.9800000000,4250.0900000000
1790255943010,4249.9700000000,4250.0800000000
1790255943413,4249.9800000000,4250.0900000000
1790255943815,4249.9700000000,4250.0800000000
1790255944218,4249.9800000000,4250.0900000000
1790255945024,4249.9700000000,4250.0800000000
1790255945426,4250.0000000000,4250.1100000000
1790255945829,4250.3000000000,4250.4100000000
1790255946231,4250.3900000000,4250.5000000000
1790255946635,4250.4300000000,4250.5400000000
1790255947037,4250.4600000000,4250.5700000000
1790255947440,4250.4700000000,4250.5800000000
1790255947842,4250.2500000000,4250.3600000000
1790255948245,4250.2200000000,4250.3300000000
1790255948647,4250.1400000000,4250.2500000000
1790255949051,4250.1300000000,4250.2400000000
1790255949453,4250.2400000000,4250.3500000000
1790255949855,4250.2800000000,4250.3900000000
1790255951063,4250.3700000000,4250.4800000000
1790255951466,4250.3300000000,4250.4400000000
1790255951868,4250.3100000000,4250.4200000000
1790255952271,4250.3400000000,4250.4500000000
1790255952676,4250.4000000000,4250.5100000000
1790255953078,4250.4400000000,4250.5500000000
1790255953481,4250.6000000000,4250.7100000000
1790255953883,4250.3200000000,4250.4300000000
1790255954286,4250.1900000000,4250.3000000000
1790255954688,4250.2200000000,4250.3300000000
1790255955493,4250.2900000000,4250.4000000000
1790255955896,4250.2600000000,4250.3700000000
1790255956298,4250.2700000000,4250.3800000000
1790255956701,4250.3000000000,4250.4100000000
1790255957505,4250.5500000000,4250.6600000000
1790255957908,4250.5700000000,4250.6800000000
1790255958310,4250.6100000000,4250.7100000000
1790255958714,4250.5900000000,4250.6900000000
1790255959116,4250.6600000000,4250.7700000000
1790255959519,4250.6800000000,4250.7900000000
1790255959921,4250.7000000000,4250.8100000000
1790255960324,4250.9000000000,4251.0000000000
1790255960726,4251.1200000000,4251.2200000000
1790255961129,4251.1500000000,4251.2500000000
1790255961935,4251.2000000000,4251.3000000000
1790255962337,4251.1800000000,4251.2800000000
1790255962740,4251.2600000000,4251.3600000000
1790255963143,4251.4700000000,4251.5700000000
1790255963547,4251.4800000000,4251.5800000000
1790255964352,4251.4900000000,4251.5900000000
1790255964755,4251.5300000000,4251.6300000000
1790255965158,4251.6300000000,4251.7300000000
1790255965560,4251.6200000000,4251.7200000000
1790255965962,4251.6300000000,4251.7300000000
1790255966768,4251.6700000000,4251.7700000000
1790255967574,4251.6900000000,4251.7900000000
1790255967976,4251.6500000000,4251.7500000000
1790255968379,4251.8000000000,4251.9000000000
1790255968782,4251.9400000000,4252.0400000000
1790255969184,4251.9300000000,4252.0300000000
1790255969586,4252.0000000000,4252.1000000000
1790255969989,4252.1700000000,4252.2700000000
1790255970392,4251.9800000000,4252.0800000000
1790255970794,4251.5700000000,4251.6700000000
1790255971196,4251.3300000000,4251.4300000000
1790255971600,4251.3900000000,4251.4900000000
1790255972001,4251.4000000000,4251.5000000000
1790255972404,4251.5200000000,4251.6300000000
1790255972806,4251.5300000000,4251.6400000000
1790255974417,4251.5400000000,4251.6500000000
1790255974820,4251.5500000000,4251.6600000000
1790255975625,4251.5100000000,4251.6200000000
1790255976027,4251.4200000000,4251.5300000000
1790255976832,4251.4900000000,4251.6000000000
1790255977235,4251.5000000000,4251.6100000000
1790255977638,4251.4800000000,4251.5900000000
1790255978040,4251.4000000000,4251.5100000000
1790255979248,4251.3200000000,4251.4300000000
1790255979650,4251.2700000000,4251.3800000000
1790255980052,4250.9700000000,4251.0800000000
1790255980455,4250.9300000000,4251.0400000000
1790255980857,4250.8400000000,4250.9500000000
1790255981260,4250.8200000000,4250.9300000000
1790255981663,4250.8600000000,4250.9700000000
1790255982065,4250.8900000000,4251.0000000000
1790255982468,4250.8000000000,4250.9100000000
1790255983273,4250.7400000000,4250.8500000000
1790255983676,4250.6700000000,4250.7800000000
1790255984078,4250.7300000000,4250.8400000000
1790255984882,4250.7900000000,4250.9000000000
1790255985285,4250.8000000000,4250.9100000000
1790255985687,4250.8700000000,4250.9800000000
1790255986191,4250.9300000000,4251.0400000000
1790255988204,4250.8200000000,4250.9300000000
1790255988606,4250.7900000000,4250.9000000000
1790255989008,4251.2500000000,4251.3600000000
1790255989411,4251.4300000000,4251.5400000000
1790255989815,4251.4500000000,4251.5600000000
1790255990218,4251.4700000000,4251.5800000000
1790255990620,4251.5400000000,4251.6500000000
1790255991022,4251.6200000000,4251.7300000000
1790255991425,4251.6300000000,4251.7400000000
1790255991829,4251.6500000000,4251.7600000000
1790255992232,4251.6400000000,4251.7500000000
1790255992635,4251.6200000000,4251.7300000000
1790255993038,4251.6000000000,4251.7100000000
1790255993440,4251.6300000000,4251.7400000000
1790255994245,4251.6400000000,4251.7500000000
1790255995452,4251.6500000000,4251.7600000000
1790255996258,4251.5700000000,4251.6800000000
1790255997063,4251.5400000000,4251.6500000000
1790255997466,4251.5300000000,4251.6400000000
1790255997869,4251.5200000000,4251.6300000000
1790255998271,4251.5400000000,4251.6500000000
1790255998676,4251.7400000000,4251.8500000000
1790255999077,4251.9000000000,4252.0100000000
1790255999480,4251.9000000000,4252.0000000000
1790255999883,4252.0400000000,4252.1400000000
1790256000285,4252.1300000000,4252.2400000000
1790256000688,4252.1400000000,4252.2500000000
1790256001091,4252.1600000000,4252.2700000000
1790256001493,4252.3200000000,4252.4300000000
1790256001898,4252.5300000000,4252.6400000000
1790256002300,4252.6300000000,4252.7400000000
1790256002702,4252.6500000000,4252.7600000000
1790256003105,4252.8300000000,4252.9400000000
1790256003507,4252.8700000000,4252.9800000000
1790256003909,4252.8800000000,4252.9900000000
1790256004312,4252.9300000000,4253.0400000000
1790256005118,4252.8600000000,4252.9700000000
1790256006326,4252.8700000000,4252.9800000000
1790256006728,4253.1100000000,4253.2200000000
1790256007131,4253.1900000000,4253.3000000000
1790256007534,4253.1000000000,4253.2100000000
1790256007938,4252.2300000000,4252.3400000000
1790256008340,4252.2600000000,4252.3700000000
1790256008743,4252.2500000000,4252.3600000000
1790256009145,4252.2100000000,4252.3300000000
1790256009548,4252.0600000000,4252.1800000000
1790256009950,4252.0200000000,4252.1400000000
1790256010353,4251.9000000000,4252.0200000000
1790256010755,4252.0900000000,4252.2100000000
1790256011158,4251.9600000000,4252.0800000000
1790256011560,4251.9300000000,4252.0500000000
1790256011963,4251.9000000000,4252.0200000000
1790256012366,4251.8600000000,4251.9700000000
1790256012771,4251.8300000000,4251.9400000000
1790256013174,4251.8100000000,4251.9200000000
1790256013577,4251.8600000000,4251.9700000000
1790256013979,4251.8900000000,4252.0000000000
1790256014784,4252.0600000000,4252.1700000000
1790256015186,4252.0300000000,4252.1400000000
1790256015589,4252.0200000000,4252.1300000000
1790256015991,4252.0000000000,4252.1100000000
1790256016394,4252.0300000000,4252.1400000000
1790256016797,4252.0800000000,4252.1900000000
1790256017199,4252.2500000000,4252.3600000000
1790256017602,4252.2900000000,4252.4000000000
1790256018004,4252.3100000000,4252.4200000000
1790256018809,4252.3200000000,4252.4300000000
1790256019212,4252.3300000000,4252.4400000000
1790256020016,4252.4800000000,4252.5900000000
1790256020820,4252.4000000000,4252.5100000000
1790256021223,4252.2700000000,4252.3800000000
1790256021626,4252.3800000000,4252.4900000000
1790256022029,4252.3500000000,4252.4600000000
1790256022431,4252.3900000000,4252.5000000000
1790256023236,4252.3300000000,4252.4400000000
1790256023638,4252.3800000000,4252.4900000000
1790256024041,4252.3900000000,4252.5000000000
1790256024445,4252.3700000000,4252.4800000000
1790256024848,4252.4000000000,4252.5100000000
1790256026056,4252.3800000000,4252.4900000000
1790256026459,4252.4000000000,4252.5100000000
1790256026862,4252.4800000000,4252.5900000000
1790256027265,4252.4900000000,4252.6000000000
1790256027667,4252.4700000000,4252.5800000000
1790256028070,4252.4300000000,4252.5400000000
1790256028473,4252.1500000000,4252.2600000000
1790256028875,4252.1100000000,4252.2200000000
1790256029278,4252.1700000000,4252.2800000000
1790256029682,4252.1000000000,4252.2100000000
1790256030486,4252.0500000000,4252.1600000000
1790256030889,4252.0600000000,4252.1700000000
1790256031291,4252.0900000000,4252.1900000000
1790256031694,4252.0500000000,4252.1500000000
1790256032096,4252.0400000000,4252.1400000000
1790256032499,4252.0100000000,4252.1100000000
1790256032902,4251.9500000000,4252.0500000000
1790256033304,4251.9100000000,4252.0100000000
1790256034513,4251.8900000000,4251.9900000000
1790256034915,4251.9200000000,4252.0200000000
1790256035318,4252.1700000000,4252.2700000000
1790256035721,4252.2000000000,4252.3000000000
1790256036123,4252.2100000000,4252.3100000000
1790256036526,4252.1800000000,4252.2800000000
1790256037332,4252.1900000000,4252.2900000000
1790256037734,4252.3600000000,4252.4600000000
1790256038137,4252.4900000000,4252.5900000000
1790256038540,4252.2900000000,4252.3900000000
1790256038944,4252.2700000000,4252.3700000000
1790256039749,4252.2200000000,4252.3200000000
1790256040151,4252.2400000000,4252.3400000000
1790256040554,4252.2500000000,4252.3500000000
1790256041360,4252.2800000000,4252.3800000000
1790256041761,4252.2900000000,4252.3900000000
1790256042164,4252.3100000000,4252.4100000000
1790256042567,4252.2800000000,4252.3800000000
1790256042970,4252.2700000000,4252.3700000000
1790256043776,4252.2600000000,4252.3600000000
1790256044178,4252.2500000000,4252.3500000000
1790256044986,4252.2800000000,4252.3800000000
1790256046999,4252.2600000000,4252.3600000000
1790256047804,4252.2500000000,4252.3500000000
1790256048610,4252.2700000000,4252.3700000000
1790256049013,4252.2300000000,4252.3300000000
1790256049415,4252.2500000000,4252.3400000000
1790256050219,4252.2600000000,4252.3500000000
1790256051025,4252.1500000000,4252.2400000000
1790256051830,4252.0800000000,4252.1700000000
1790256053038,4252.4800000000,4252.5700000000
1790256053441,4252.4500000000,4252.5400000000
1790256053843,4252.4700000000,4252.5600000000
1790256054246,4252.4200000000,4252.5100000000
1790256055051,4252.4100000000,4252.5000000000
1790256055454,4252.3900000000,4252.4800000000
1790256055857,4252.2200000000,4252.3100000000
1790256056260,4252.1300000000,4252.2200000000
1790256056662,4252.1400000000,4252.2300000000
1790256057065,4252.1200000000,4252.2100000000
1790256057468,4251.8800000000,4251.9700000000
1790256057870,4251.4700000000,4251.5600000000
1790256058273,4251.2700000000,4251.3600000000
1790256058676,4251.3000000000,4251.3900000000
1790256059079,4251.2800000000,4251.3800000000
1790256059481,4251.3500000000,4251.4500000000
1790256060286,4251.2100000000,4251.3100000000
1790256060688,4251.1800000000,4251.2800000000
1790256061091,4251.1500000000,4251.2500000000
1790256061493,4251.2000000000,4251.3000000000
1790256061895,4251.2100000000,4251.3100000000
1790256062298,4251.0000000000,4251.1000000000
1790256062700,4250.9700000000,4251.0700000000
1790256063103,4250.9300000000,4251.0300000000
1790256063505,4250.4200000000,4250.5200000000
1790256063907,4250.1400000000,4250.2400000000
1790256064310,4249.9700000000,4250.0700000000
1790256064713,4249.7100000000,4249.8100000000
1790256065216,4249.6200000000,4249.7300000000
1790256065518,4249.6700000000,4249.7800000000
1790256065920,4249.6600000000,4249.7700000000
1790256066323,4249.6800000000,4249.7900000000
1790256066826,4249.9500000000,4250.0600000000
1790256067229,4249.9400000000,4250.0500000000
1790256067632,4249.7900000000,4249.9000000000
1790256068034,4249.6800000000,4249.7900000000
1790256068437,4249.6600000000,4249.7700000000
1790256068839,4249.5900000000,4249.7000000000
1790256069644,4249.5600000000,4249.6700000000
1790256070046,4249.6300000000,4249.7400000000
1790256070449,4249.5900000000,4249.7000000000
1790256070851,4249.6000000000,4249.7100000000
1790256071254,4249.6400000000,4249.7500000000
1790256072059,4249.6500000000,4249.7600000000
1790256072461,4249.6800000000,4249.7900000000
1790256072866,4249.6500000000,4249.7600000000
1790256073268,4249.8300000000,4249.9400000000
1790256073671,4249.9200000000,4250.0300000000
1790256074073,4249.9000000000,4250.0100000000
1790256074476,4249.9200000000,4250.0300000000
1790256074878,4250.0400000000,4250.1500000000
1790256075683,4250.1600000000,4250.2700000000
1790256076086,4250.2200000000,4250.3300000000
1790256076489,4250.1400000000,4250.2500000000
1790256076892,4250.2000000000,4250.3100000000
1790256077295,4250.2200000000,4250.3300000000
1790256077697,4250.3000000000,4250.4100000000
1790256078099,4250.5000000000,4250.6100000000
1790256078502,4250.5500000000,4250.6600000000
1790256078905,4250.5400000000,4250.6500000000
1790256079308,4250.4900000000,4250.6000000000
1790256079711,4250.5000000000,4250.6100000000
1790256080114,4250.7400000000,4250.8500000000
1790256080516,4250.7700000000,4250.8800000000
1790256080919,4250.7000000000,4250.8100000000
1790256081321,4250.7100000000,4250.8200000000
1790256081723,4250.7600000000,4250.8700000000
1790256082931,4250.6000000000,4250.7100000000
1790256083334,4250.5600000000,4250.6700000000
1790256083737,4250.6400000000,4250.7500000000
1790256084140,4250.6300000000,4250.7400000000
1790256084543,4250.7300000000,4250.8400000000
1790256084946,4250.7200000000,4250.8300000000
1790256085348,4250.7600000000,4250.8700000000
1790256085751,4250.9400000000,4251.0500000000
1790256086558,4250.9700000000,4251.0800000000
1790256087764,4251.0300000000,4251.1400000000
1790256088167,4251.0200000000,4251.1200000000
1790256088569,4251.0100000000,4251.1100000000
1790256088972,4250.9800000000,4251.0800000000
1790256089374,4250.9700000000,4251.0700000000
1790256089777,4250.9000000000,4251.0000000000
1790256090179,4250.4900000000,4250.5900000000
1790256090582,4250.4500000000,4250.5500000000
1790256090984,4250.6900000000,4250.7900000000
1790256091387,4250.6900000000,4250.8000000000
1790256091790,4250.7200000000,4250.8300000000
1790256092998,4250.6700000000,4250.7800000000
1790256093400,4250.5700000000,4250.6800000000
1790256093803,4250.4400000000,4250.5500000000
1790256094205,4250.4300000000,4250.5400000000
1790256095413,4250.4800000000,4250.5800000000
1790256095816,4250.4500000000,4250.5500000000
1790256096219,4250.3700000000,4250.4700000000
1790256096621,4250.3900000000,4250.4900000000
1790256097023,4250.0800000000,4250.1800000000
1790256097426,4249.9500000000,4250.0500000000
1790256097829,4249.8900000000,4249.9900000000
1790256098232,4249.9200000000,4250.0300000000
1790256098635,4249.8700000000,4249.9800000000
1790256099037,4249.9000000000,4250.0100000000
1790256099441,4249.8400000000,4249.9400000000
1790256099844,4249.8700000000,4249.9700000000
1790256100247,4249.7700000000,4249.8700000000
1790256100650,4249.8000000000,4249.9000000000
1790256101052,4249.8300000000,4249.9300000000
1790256101455,4249.8700000000,4249.9700000000
1790256101858,4249.8800000000,4249.9800000000
1790256102261,4249.9000000000,4250.0000000000
1790256102664,4249.8900000000,4249.9900000000
1790256103468,4249.8800000000,4249.9800000000
1790256103870,4249.7700000000,4249.8700000000
1790256104273,4249.6700000000,4249.7700000000
1790256104676,4249.5500000000,4249.6500000000
1790256105078,4249.4000000000,4249.5000000000
1790256105481,4249.3400000000,4249.4400000000
1790256105884,4249.2400000000,4249.3400000000
1790256106286,4249.2200000000,4249.3200000000
1790256107091,4249.1300000000,4249.2300000000
1790256107493,4249.1600000000,4249.2600000000
1790256107896,4248.9700000000,4249.0700000000
1790256108299,4248.9500000000,4249.0500000000
1790256108701,4248.6900000000,4248.7900000000
1790256109104,4248.6300000000,4248.7300000000
1790256109506,4249.0400000000,4249.1400000000
1790256109909,4249.1800000000,4249.2800000000
1790256110311,4249.4700000000,4249.5700000000
1790256110714,4249.5500000000,4249.6500000000
1790256111923,4249.5000000000,4249.6000000000
1790256112326,4249.5500000000,4249.6500000000
1790256112728,4249.7000000000,4249.8000000000
1790256113130,4249.4200000000,4249.5200000000
1790256113533,4249.4500000000,4249.5500000000
1790256113935,4249.4800000000,4249.5800000000
1790256114338,4249.5100000000,4249.6100000000
1790256114740,4249.7000000000,4249.8000000000
1790256115143,4249.7400000000,4249.8400000000
1790256115545,4250.0700000000,4250.1700000000
1790256115947,4250.1700000000,4250.2700000000
1790256116350,4250.1800000000,4250.2800000000
1790256116752,4250.2600000000,4250.3600000000
1790256117155,4250.4000000000,4250.5000000000
1790256117959,4250.4400000000,4250.5400000000
1790256118362,4250.4600000000,4250.5600000000
1790256118765,4250.4000000000,4250.5000000000
1790256119167,4250.4100000000,4250.5100000000
1790256119569,4250.3700000000,4250.4700000000
1790256119972,4250.4600000000,4250.5600000000
1790256120375,4250.6200000000,4250.7200000000
1790256120777,4250.4900000000,4250.5900000000
1790256121582,4250.4700000000,4250.5700000000
1790256122789,4250.3600000000,4250.4600000000
1790256123192,4250.3800000000,4250.4800000000
1790256123595,4250.4800000000,4250.5800000000
1790256123998,4250.7500000000,4250.8500000000
1790256124400,4250.8200000000,4250.9200000000
1790256124804,4250.8300000000,4250.9300000000
1790256125207,4250.5300000000,4250.6300000000
1790256126011,4250.5100000000,4250.6100000000
1790256126414,4250.5300000000,4250.6300000000
1790256127219,4250.4400000000,4250.5400000000
1790256127621,4250.4100000000,4250.5100000000
1790256128024,4250.5200000000,4250.6200000000
1790256128426,4250.5400000000,4250.6400000000
1790256128830,4250.4400000000,4250.5400000000
1790256129233,4250.4200000000,4250.5200000000
1790256129635,4250.4900000000,4250.5900000000
1790256130037,4250.6100000000,4250.7100000000
1790256130440,4250.5300000000,4250.6300000000
1790256130842,4250.5500000000,4250.6500000000
1790256131245,4250.5600000000,4250.6600000000
1790256131648,4250.5500000000,4250.6500000000
1790256132050,4250.5200000000,4250.6200000000
1790256132453,4250.5300000000,4250.6300000000
1790256132856,4250.5900000000,4250.6900000000
1790256133263,4250.8200000000,4250.9200000000
1790256133666,4250.9000000000,4251.0000000000
1790256134067,4251.0700000000,4251.1700000000
1790256134469,4251.0200000000,4251.1200000000
1790256134872,4251.1000000000,4251.2000000000
1790256136079,4251.0700000000,4251.1700000000
1790256136482,4251.0800000000,4251.1800000000
1790256136884,4251.0700000000,4251.1700000000
1790256137287,4250.9000000000,4251.0000000000
1790256137689,4250.8700000000,4250.9700000000
1790256138092,4250.8100000000,4250.9100000000
1790256138494,4250.6400000000,4250.7400000000
1790256138897,4250.6300000000,4250.7300000000
1790256139301,4250.6000000000,4250.7000000000
1790256139702,4250.5900000000,4250.6900000000
1790256140104,4250.4100000000,4250.5100000000
1790256140507,4250.3400000000,4250.4400000000
1790256141312,4250.1500000000,4250.2500000000
1790256141714,4250.1100000000,4250.2100000000
1790256142218,4250.1000000000,4250.2000000000
1790256142620,4250.0700000000,4250.1700000000
1790256142922,4250.0400000000,4250.1400000000
1790256143426,4250.0700000000,4250.1700000000
1790256143828,4250.0400000000,4250.1400000000
1790256144231,4250.0200000000,4250.1200000000
1790256144634,4250.0100000000,4250.1100000000
1790256145439,4249.9800000000,4250.0800000000
1790256145842,4249.9900000000,4250.0900000000
1790256146647,4250.0000000000,4250.1000000000
1790256147049,4250.0300000000,4250.1300000000
1790256147452,4250.0300000000,4250.1200000000
1790256147854,4250.0900000000,4250.1800000000
1790256148659,4250.1000000000,4250.1900000000
1790256149867,4250.0900000000,4250.1800000000
1790256150270,4250.0500000000,4250.1400000000
1790256151075,4249.8800000000,4249.9700000000
1790256151477,4249.8700000000,4249.9600000000
1790256151880,4249.8800000000,4249.9700000000
1790256152684,4249.8600000000,4249.9500000000
1790256153087,4250.1100000000,4250.2000000000
1790256153489,4250.2400000000,4250.3300000000
1790256153893,4250.2300000000,4250.3200000000
1790256154295,4250.2000000000,4250.2900000000
1790256154697,4250.1700000000,4250.2600000000
1790256155100,4250.1900000000,4250.2800000000
1790256155502,4250.2300000000,4250.3200000000
1790256155905,4250.2600000000,4250.3500000000
1790256157114,4250.2400000000,4250.3300000000
1790256157516,4250.2600000000,4250.3500000000
1790256158725,4249.9500000000,4250.0400000000
1790256159128,4249.9700000000,4250.0600000000
1790256159531,4249.9800000000,4250.0700000000
1790256159933,4249.9700000000,4250.0600000000
1790256160336,4249.9300000000,4250.0200000000
1790256160739,4249.9100000000,4250.0000000000
1790256161141,4249.8800000000,4249.9700000000
1790256162751,4249.9200000000,4250.0100000000
1790256163154,4249.9400000000,4250.0300000000
1790256163557,4249.9500000000,4250.0400000000
1790256163959,4249.7600000000,4249.8500000000
1790256164362,4249.7200000000,4249.8100000000
1790256164766,4249.6700000000,4249.7600000000
1790256165169,4249.6400000000,4249.7300000000
1790256165572,4249.5000000000,4249.5900000000
1790256166377,4249.6900000000,4249.7800000000
1790256166781,4249.7400000000,4249.8300000000
1790256167184,4249.8000000000,4249.8900000000
1790256167587,4249.7900000000,4249.8800000000
1790256167989,4249.7800000000,4249.8700000000
1790256168392,4249.7500000000,4249.8400000000
1790256168795,4249.7800000000,4249.8700000000
1790256169198,4249.8200000000,4249.9100000000
1790256170003,4249.8600000000,4249.9500000000
1790256170405,4249.6600000000,4249.7400000000
1790256170808,4249.6400000000,4249.7200000000
1790256172419,4249.6900000000,4249.7700000000
1790256172822,4249.6800000000,4249.7600000000
1790256173225,4249.6900000000,4249.7700000000
1790256173627,4249.7900000000,4249.8700000000
1790256174029,4249.8000000000,4249.8800000000
1790256174433,4249.8200000000,4249.9000000000
1790256175239,4249.8100000000,4249.8900000000
1790256175642,4249.7200000000,4249.8000000000
1790256176044,4249.5600000000,4249.6400000000
1790256176446,4249.5500000000,4249.6300000000
1790256176849,4249.5300000000,4249.6100000000
1790256177252,4249.5900000000,4249.6700000000
1790256177655,4249.6600000000,4249.7400000000
1790256178057,4249.6000000000,4249.6800000000
1790256178460,4249.5700000000,4249.6500000000
1790256178862,4249.5600000000,4249.6400000000
1790256179265,4249.4600000000,4249.5400000000
1790256179667,4249.4200000000,4249.5000000000
1790256180070,4249.3800000000,4249.4600000000
1790256180473,4249.3400000000,4249.4200000000
1790256181278,4249.3200000000,4249.4000000000
1790256182085,4249.3600000000,4249.4400000000
1790256182488,4249.1600000000,4249.2400000000
1790256182890,4249.1500000000,4249.2300000000
1790256183293,4249.1700000000,4249.2500000000
1790256183695,4249.1600000000,4249.2400000000
1790256184098,4249.0100000000,4249.0900000000
1790256184500,4248.9400000000,4249.0200000000
1790256184903,4248.9100000000,4248.9900000000
1790256185708,4248.8300000000,4248.9100000000
1790256186110,4248.7800000000,4248.8600000000
1790256186513,4248.7400000000,4248.8200000000
1790256186916,4248.9000000000,4248.9800000000
1790256187318,4248.9100000000,4248.9800000000
1790256187721,4248.9600000000,4249.0300000000
1790256188125,4249.0000000000,4249.0700000000
1790256188526,4248.7200000000,4248.7900000000
1790256188929,4248.6600000000,4248.7300000000
1790256189331,4248.7200000000,4248.7900000000
1790256189734,4248.6100000000,4248.6800000000
1790256190137,4248.6900000000,4248.7600000000
1790256190942,4248.6300000000,4248.7000000000
1790256191345,4248.6900000000,4248.7600000000
1790256191747,4248.7100000000,4248.7800000000
1790256192150,4248.6100000000,4248.6800000000
1790256192553,4248.6000000000,4248.6700000000
1790256192956,4248.4400000000,4248.5100000000
1790256194569,4248.4300000000,4248.5000000000
1790256194972,4248.4200000000,4248.4900000000
1790256195777,4248.1200000000,4248.1900000000
1790256196180,4248.0500000000,4248.1200000000
1790256196584,4248.1400000000,4248.2100000000
1790256196986,4248.1600000000,4248.2300000000
1790256197389,4248.1200000000,4248.1900000000
1790256197791,4248.0400000000,4248.1100000000
1790256198194,4248.0100000000,4248.0800000000
1790256198596,4248.1700000000,4248.2400000000
1790256198998,4248.0800000000,4248.1500000000
1790256199401,4248.0400000000,4248.1100000000
1790256199804,4248.0300000000,4248.1000000000
1790256200207,4248.0200000000,4248.0900000000
1790256200609,4248.0300000000,4248.1000000000
1790256201012,4248.0100000000,4248.0800000000
1790256201414,4248.0500000000,4248.1200000000
1790256201816,4248.3500000000,4248.4200000000
1790256202219,4248.2200000000,4248.2900000000
1790256202621,4248.1700000000,4248.2400000000
1790256203024,4248.1500000000,4248.2200000000
1790256203426,4248.2200000000,4248.2900000000
1790256203829,4248.2000000000,4248.2700000000
1790256204231,4247.8100000000,4247.8800000000
1790256204634,4247.8000000000,4247.8700000000
1790256205036,4247.7900000000,4247.8600000000
1790256205439,4247.7100000000,4247.7900000000
1790256205842,4247.7400000000,4247.8200000000
1790256206244,4247.7600000000,4247.8300000000
1790256206647,4247.7900000000,4247.8600000000
1790256207049,4247.8300000000,4247.9000000000
1790256207452,4247.8400000000,4247.9100000000
1790256207855,4247.8300000000,4247.9000000000
1790256208258,4247.7500000000,4247.8200000000
1790256208660,4247.7800000000,4247.8500000000
1790256209063,4247.8000000000,4247.8700000000
1790256209465,4247.9400000000,4248.0100000000
1790256209868,4248.1000000000,4248.1700000000
1790256210270,4248.2000000000,4248.2700000000
1790256210673,4248.1300000000,4248.2000000000
1790256211478,4248.0700000000,4248.1400000000
1790256211880,4247.9800000000,4248.0500000000
1790256212283,4247.9700000000,4248.0400000000
1790256212686,4247.9800000000,4248.0500000000
1790256213090,4247.8300000000,4247.9000000000
1790256213492,4247.7600000000,4247.8300000000
1790256213895,4247.8000000000,4247.8700000000
1790256214699,4247.8100000000,4247.8800000000
1790256215102,4247.8000000000,4247.8700000000
1790256215908,4247.7800000000,4247.8500000000
1790256216310,4247.7700000000,4247.8400000000
1790256216712,4247.7800000000,4247.8500000000
1790256217115,4247.8800000000,4247.9500000000
1790256217920,4247.8400000000,4247.9100000000
1790256218725,4247.9200000000,4247.9900000000
1790256219128,4248.0500000000,4248.1200000000
1790256219531,4248.0400000000,4248.1100000000
1790256219932,4247.9800000000,4248.0500000000
1790256220335,4247.9700000000,4248.0400000000
1790256220739,4247.8900000000,4247.9600000000
1790256221142,4247.8800000000,4247.9500000000
1790256221545,4247.8600000000,4247.9300000000
1790256221947,4247.8300000000,4247.9000000000
1790256222349,4247.7300000000,4247.8000000000
1790256222754,4247.8100000000,4247.8800000000
1790256223156,4247.8800000000,4247.9500000000
1790256223559,4247.8700000000,4247.9400000000
1790256223961,4247.9000000000,4247.9700000000
1790256224364,4247.9500000000,4248.0200000000
1790256224766,4248.0000000000,4248.0700000000
1790256225169,4248.0200000000,4248.0900000000
1790256225571,4248.0100000000,4248.0800000000
1790256226377,4247.9400000000,4248.0100000000
1790256226779,4247.9600000000,4248.0300000000
1790256227182,4247.9500000000,4248.0200000000
1790256227986,4247.8700000000,4247.9400000000
1790256228389,4247.8800000000,4247.9500000000
1790256229999,4247.9300000000,4248.0000000000
1790256230804,4247.9400000000,4248.0100000000
1790256231206,4247.9800000000,4248.0500000000
1790256231609,4247.9500000000,4248.0200000000
1790256232011,4247.9400000000,4248.0100000000
1790256232414,4247.9500000000,4248.0200000000
1790256234829,4247.9100000000,4247.9800000000
1790256235231,4247.8700000000,4247.9400000000
1790256235634,4247.8500000000,4247.9200000000
1790256236036,4247.7600000000,4247.8300000000
1790256236439,4247.7700000000,4247.8400000000
1790256236842,4247.8300000000,4247.9000000000
1790256237648,4247.8100000000,4247.8800000000
1790256238051,4247.8400000000,4247.9100000000
1790256238454,4247.8600000000,4247.9300000000
1790256239663,4247.8200000000,4247.8900000000
1790256240065,4247.7900000000,4247.8600000000
1790256240467,4247.7400000000,4247.8100000000
1790256240870,4247.7800000000,4247.8500000000
1790256241676,4247.8200000000,4247.8900000000
1790256242884,4247.7900000000,4247.8600000000
1790256243287,4247.8200000000,4247.8900000000
1790256244092,4248.0000000000,4248.0700000000
1790256244495,4247.9200000000,4247.9900000000
1790256244897,4247.8100000000,4247.8800000000
1790256245300,4247.8400000000,4247.9100000000
1790256245702,4247.8600000000,4247.9300000000
1790256246105,4247.8500000000,4247.9200000000
1790256246910,4247.8200000000,4247.8900000000
1790256248519,4247.8600000000,4247.9300000000
1790256249727,4249.3400000000,4249.4100000000
1790256250130,4249.1100000000,4249.2100000000
1790256250532,4249.0600000000,4249.1600000000
1790256250935,4248.9900000000,4249.0900000000
1790256251337,4249.0200000000,4249.1200000000
1790256251740,4248.9900000000,4249.0900000000
1790256252142,4248.4800000000,4248.5800000000
1790256252545,4248.5000000000,4248.6000000000
1790256252948,4248.6300000000,4248.7300000000
1790256253352,4249.3200000000,4249.4300000000
1790256253754,4248.9600000000,4249.0700000000
1790256254056,4248.9500000000,4249.0600000000
1790256254559,4249.2800000000,4249.3900000000
1790256254861,4249.0100000000,4249.1200000000
1790256255264,4248.9000000000,4249.0100000000
1790256255666,4248.8800000000,4248.9900000000
1790256256070,4248.9100000000,4249.0200000000
1790256256471,4248.8500000000,4248.9600000000
1790256256874,4248.8100000000,4248.9200000000
1790256257277,4248.7300000000,4248.8400000000
1790256257680,4248.7400000000,4248.8500000000
1790256258083,4248.6900000000,4248.8000000000
1790256258485,4248.4600000000,4248.5700000000
1790256258888,4248.4700000000,4248.5800000000
1790256259291,4248.5600000000,4248.6700000000
1790256259693,4248.7400000000,4248.8500000000
1790256260095,4248.5000000000,4248.6100000000
1790256260498,4248.4600000000,4248.5700000000
1790256260901,4248.3400000000,4248.4500000000
1790256261303,4248.2600000000,4248.3700000000
1790256261705,4248.2300000000,4248.3400000000
1790256262108,4248.1400000000,4248.2500000000
1790256262510,4248.0800000000,4248.1900000000
1790256262913,4248.0700000000,4248.1800000000
1790256263717,4248.3300000000,4248.4400000000
1790256264120,4248.3900000000,4248.5000000000
1790256264522,4248.4700000000,4248.5800000000
1790256264924,4248.4500000000,4248.5600000000
1790256265327,4248.4000000000,4248.5100000000
1790256265729,4248.3800000000,4248.4900000000
1790256266132,4248.3900000000,4248.5000000000
1790256266535,4248.3500000000,4248.4600000000
1790256266938,4248.3800000000,4248.4900000000
1790256267743,4248.3700000000,4248.4800000000
1790256268246,4248.2100000000,4248.3200000000
1790256268649,4248.0100000000,4248.1200000000
1790256268951,4247.9900000000,4248.1000000000
1790256269353,4248.0100000000,4248.1200000000
1790256269857,4248.0400000000,4248.1500000000
1790256270159,4248.0300000000,4248.1400000000
1790256270561,4248.2900000000,4248.4000000000
1790256270964,4248.6000000000,4248.7100000000
1790256271366,4248.6600000000,4248.7700000000
1790256271870,4248.7500000000,4248.8600000000
1790256272272,4248.5800000000,4248.6900000000
1790256272675,4248.4600000000,4248.5700000000
1790256273077,4248.4100000000,4248.5200000000
1790256273884,4248.4600000000,4248.5700000000
1790256274186,4248.5800000000,4248.6900000000
1790256274589,4248.6600000000,4248.7700000000
1790256275495,4248.6700000000,4248.7800000000
1790256276300,4248.5100000000,4248.6200000000
1790256276703,4248.0200000000,4248.1300000000
1790256277105,4248.0000000000,4248.1100000000
1790256277508,4247.7000000000,4247.8100000000
1790256277911,4247.6600000000,4247.7700000000
1790256278314,4247.6500000000,4247.7700000000
1790256278715,4247.6900000000,4247.8100000000
1790256279118,4247.6600000000,4247.7800000000
1790256279521,4247.6800000000,4247.7900000000
1790256279924,4247.6400000000,4247.7500000000
1790256280326,4247.5900000000,4247.7000000000
1790256280729,4247.6000000000,4247.7100000000
1790256281132,4247.6100000000,4247.7200000000
1790256281535,4247.5800000000,4247.6900000000
1790256281938,4247.7700000000,4247.8800000000
1790256282745,4247.7900000000,4247.9000000000
1790256283549,4247.6800000000,4247.7900000000
1790256283951,4247.7700000000,4247.8800000000
1790256285159,4247.7600000000,4247.8700000000
1790256285964,4247.7300000000,4247.8400000000
1790256286367,4247.7600000000,4247.8700000000
1790256286768,4247.7500000000,4247.8600000000
1790256287574,4247.8300000000,4247.9400000000
1790256287977,4247.7900000000,4247.9000000000
1790256288379,4247.8100000000,4247.9200000000
1790256288783,4248.0900000000,4248.2000000000
1790256289185,4248.4000000000,4248.5100000000
1790256289588,4247.9000000000,4248.0100000000
1790256289991,4247.7400000000,4247.8500000000
1790256290393,4247.8300000000,4247.9400000000
1790256290796,4247.8700000000,4247.9800000000
1790256291601,4247.7900000000,4247.9000000000
1790256292003,4247.7600000000,4247.8700000000
1790256292809,4247.6000000000,4247.7100000000
1790256293211,4247.6700000000,4247.7800000000
1790256293614,4247.5900000000,4247.7000000000
1790256294018,4247.6500000000,4247.7600000000
1790256294421,4247.6700000000,4247.7800000000
1790256294823,4247.6800000000,4247.7900000000
1790256295226,4247.7600000000,4247.8700000000
1790256296031,4247.7100000000,4247.8200000000
1790256296433,4247.6300000000,4247.7400000000
1790256296836,4247.6100000000,4247.7200000000
1790256297239,4247.5800000000,4247.6900000000
1790256297641,4247.6100000000,4247.7200000000
1790256298043,4247.7300000000,4247.8400000000
1790256298445,4247.7400000000,4247.8500000000
1790256299652,4247.7200000000,4247.8300000000
1790256300055,4247.7100000000,4247.8200000000
1790256300860,4247.7000000000,4247.8100000000
1790256301263,4247.7800000000,4247.8900000000
1790256301666,4247.7600000000,4247.8700000000
1790256302069,4247.9500000000,4248.0600000000
1790256302471,4247.8500000000,4247.9600000000
1790256302874,4247.8200000000,4247.9300000000
1790256303277,4248.0700000000,4248.1800000000
1790256303679,4248.0800000000,4248.1900000000
1790256304081,4248.2100000000,4248.3200000000
1790256304484,4248.3000000000,4248.4100000000
1790256304886,4248.2800000000,4248.3900000000
1790256305289,4248.2900000000,4248.4000000000
1790256305692,4248.2300000000,4248.3400000000
1790256306094,4248.1800000000,4248.2900000000
1790256306497,4248.1200000000,4248.2300000000
1790256307302,4247.8500000000,4247.9500000000
1790256307704,4247.8700000000,4247.9700000000
1790256308107,4247.8800000000,4247.9800000000
1790256308509,4247.9000000000,4248.0000000000
1790256308912,4247.9100000000,4248.0100000000
1790256309314,4247.9000000000,4248.0000000000
1790256309718,4248.0300000000,4248.1300000000
1790256310120,4248.0700000000,4248.1700000000
1790256310523,4248.0800000000,4248.1800000000
1790256310926,4248.0500000000,4248.1500000000
1790256311328,4247.9500000000,4248.0500000000
1790256312133,4247.9100000000,4248.0100000000
1790256312536,4248.1100000000,4248.2100000000
1790256312939,4248.3500000000,4248.4500000000
1790256313342,4248.3300000000,4248.4400000000
1790256313746,4248.6400000000,4248.7500000000
1790256314150,4248.8200000000,4248.9300000000
1790256314551,4248.7000000000,4248.8100000000
1790256314954,4248.8200000000,4248.9300000000
1790256315356,4248.9600000000,4249.0700000000
1790256315759,4249.0200000000,4249.1300000000
1790256316162,4248.9100000000,4249.0200000000
1790256316564,4248.8800000000,4248.9900000000
1790256316967,4248.8100000000,4248.9200000000
1790256317370,4248.4100000000,4248.5100000000
1790256318175,4248.3900000000,4248.5000000000
1790256318577,4248.4000000000,4248.5100000000
1790256318980,4248.3800000000,4248.4900000000
1790256320288,4248.4500000000,4248.5600000000
1790256320690,4248.4700000000,4248.5800000000
1790256321093,4248.3800000000,4248.4900000000
1790256321496,4248.2700000000,4248.3700000000
1790256321899,4248.1700000000,4248.2700000000
1790256322301,4248.1800000000,4248.2800000000
1790256323509,4248.2000000000,4248.3000000000
1790256323911,4248.1700000000,4248.2700000000
1790256324314,4248.0500000000,4248.1500000000
1790256324717,4248.0600000000,4248.1600000000
1790256325119,4248.1600000000,4248.2600000000
1790256325522,4248.0400000000,4248.1400000000
1790256326327,4247.9700000000,4248.0700000000
1790256326729,4247.9500000000,4248.0500000000
1790256327938,4248.0700000000,4248.1700000000
1790256328340,4248.2500000000,4248.3500000000
1790256328743,4248.1900000000,4248.2900000000
1790256329146,4248.1500000000,4248.2500000000
1790256329549,4248.0800000000,4248.1800000000
1790256329952,4248.0100000000,4248.1100000000
1790256330354,4247.8500000000,4247.9500000000
1790256330759,4247.8600000000,4247.9600000000
1790256331161,4247.8200000000,4247.9200000000
1790256331564,4247.7800000000,4247.8800000000
1790256331966,4247.7700000000,4247.8700000000
1790256332369,4247.5900000000,4247.6900000000
1790256332772,4247.5800000000,4247.6800000000
1790256333175,4247.6900000000,4247.7900000000
1790256333578,4247.8200000000,4247.9200000000
1790256333980,4247.8100000000,4247.9100000000
1790256334382,4247.7900000000,4247.8900000000
1790256334786,4247.8100000000,4247.9100000000
1790256335189,4247.8000000000,4247.9000000000
1790256335592,4247.6200000000,4247.7200000000
1790256335994,4247.5900000000,4247.6900000000
1790256336397,4247.4800000000,4247.5800000000
1790256336799,4247.4700000000,4247.5700000000
1790256337202,4247.4500000000,4247.5500000000
1790256337604,4247.4200000000,4247.5200000000
1790256338007,4247.3900000000,4247.4900000000
1790256338409,4247.0600000000,4247.1600000000
1790256338814,4246.0000000000,4246.1000000000
1790256339216,4245.9900000000,4246.1300000000
1790256339618,4246.0700000000,4246.2100000000
1790256340021,4245.9900000000,4246.1300000000
1790256340423,4245.8200000000,4245.9600000000
1790256340826,4245.8100000000,4245.9500000000
1790256341229,4245.6600000000,4245.8000000000
1790256342437,4245.7000000000,4245.8400000000
1790256342839,4245.7400000000,4245.8800000000
1790256343242,4245.6800000000,4245.8100000000
1790256343645,4245.9100000000,4246.0400000000
1790256344047,4247.4100000000,4247.5400000000
1790256344451,4247.2100000000,4247.3500000000
1790256344854,4246.9500000000,4247.0900000000
1790256345257,4246.8800000000,4247.0200000000
1790256345660,4246.7800000000,4246.9200000000
1790256346062,4246.8500000000,4246.9900000000
1790256346465,4247.0000000000,4247.1400000000
1790256346867,4246.9700000000,4247.1100000000
1790256347269,4246.7100000000,4246.8500000000
1790256347673,4246.6500000000,4246.7900000000
1790256348478,4246.4700000000,4246.6100000000
1790256348880,4246.3600000000,4246.5000000000
1790256349283,4246.4500000000,4246.5900000000
1790256349685,4246.4800000000,4246.6200000000
1790256350894,4246.7200000000,4246.8600000000
1790256351296,4246.4500000000,4246.5900000000
1790256351699,4246.2300000000,4246.3700000000
1790256352102,4246.1600000000,4246.3000000000
1790256352505,4245.9500000000,4246.0900000000
1790256352907,4245.9000000000,4246.0400000000
1790256353310,4245.8900000000,4246.0300000000
1790256353712,4245.9600000000,4246.1000000000
1790256354115,4246.9500000000,4247.0900000000
1790256354517,4247.0700000000,4247.2100000000
1790256354920,4247.0900000000,4247.2300000000
1790256355322,4247.0600000000,4247.2000000000
1790256355726,4247.2800000000,4247.4200000000
1790256356128,4247.2700000000,4247.4100000000
1790256356531,4247.1700000000,4247.3100000000
1790256356934,4247.4400000000,4247.5800000000
1790256357337,4246.7400000000,4246.8800000000
1790256357739,4246.7500000000,4246.8900000000
1790256358142,4246.4900000000,4246.6300000000
1790256358545,4246.4400000000,4246.5800000000
1790256358947,4246.4600000000,4246.6000000000
1790256359350,4246.4000000000,4246.5400000000
1790256359752,4246.3900000000,4246.5300000000
1790256360155,4246.2900000000,4246.4300000000
1790256360557,4246.3000000000,4246.4400000000
1790256360960,4246.0500000000,4246.1900000000
1790256361362,4245.8700000000,4246.0100000000
1790256361765,4245.8500000000,4245.9900000000
1790256362570,4246.8300000000,4246.9700000000
1790256362973,4246.8400000000,4246.9800000000
1790256363375,4246.7300000000,4246.8700000000
1790256363778,4246.7200000000,4246.8600000000
1790256364181,4246.7800000000,4246.9200000000
1790256364584,4246.8300000000,4246.9700000000
1790256364986,4246.8200000000,4246.9600000000
1790256365389,4246.7300000000,4246.8700000000
1790256365791,4246.7600000000,4246.9000000000
1790256366193,4246.7700000000,4246.9100000000
1790256366595,4246.7000000000,4246.8400000000
1790256367099,4246.8300000000,4246.9700000000
1790256367502,4246.8100000000,4246.9500000000
1790256367905,4247.4900000000,4247.6300000000
1790256368307,4247.6800000000,4247.8200000000
1790256368610,4247.9700000000,4248.1100000000
1790256369012,4247.7300000000,4247.8700000000
1790256369416,4247.9800000000,4248.1200000000
1790256369920,4247.8400000000,4247.9800000000
1790256370222,4247.8300000000,4247.9700000000
1790256371028,4247.6900000000,4247.8300000000
1790256371430,4247.7000000000,4247.8400000000
1790256371832,4247.8800000000,4248.0200000000
1790256372235,4247.7000000000,4247.8400000000
1790256372638,4247.6900000000,4247.8300000000
1790256373040,4247.6800000000,4247.8200000000
1790256373546,4247.6700000000,4247.8100000000
1790256373848,4247.7000000000,4247.8400000000
1790256374250,4247.7600000000,4247.9000000000
1790256375055,4247.8300000000,4247.9700000000
1790256375559,4248.0000000000,4248.1400000000
1790256375861,4248.0100000000,4248.1500000000
1790256376263,4248.0000000000,4248.1400000000
1790256376665,4248.0600000000,4248.2000000000
1790256377169,4248.0700000000,4248.2100000000
1790256377471,4247.7200000000,4247.8600000000
1790256377873,4247.7400000000,4247.8800000000
1790256378377,4247.7700000000,4247.9100000000
1790256378779,4247.7800000000,4247.9200000000
1790256379182,4247.9800000000,4248.1200000000
1790256379584,4247.9600000000,4248.1000000000
1790256379986,4247.9400000000,4248.0800000000
1790256380389,4247.9000000000,4248.0400000000
1790256380793,4248.1000000000,4248.2400000000
1790256381196,4248.1100000000,4248.2500000000
1790256381498,4248.2400000000,4248.3800000000
1790256381901,4248.2500000000,4248.3900000000
1790256382404,4248.4300000000,4248.5700000000
1790256382807,4248.4400000000,4248.5800000000
1790256383210,4248.4200000000,4248.5600000000
1790256383612,4248.3700000000,4248.5100000000
1790256384014,4248.3000000000,4248.4400000000
1790256384418,4248.3400000000,4248.4800000000
1790256384820,4248.3100000000,4248.4500000000
1790256385223,4248.2800000000,4248.4200000000
1790256385624,4248.2200000000,4248.3600000000
1790256386027,4248.2000000000,4248.3400000000
1790256386429,4248.2400000000,4248.3800000000
1790256386832,4248.2300000000,4248.3700000000
1790256387235,4248.2200000000,4248.3600000000
1790256387638,4248.2600000000,4248.4000000000
1790256388040,4248.3800000000,4248.5200000000
1790256388443,4248.5100000000,4248.6500000000
1790256388846,4248.5700000000,4248.7100000000
1790256389248,4248.5600000000,4248.7000000000
1790256390456,4248.5300000000,4248.6700000000
1790256390859,4248.7000000000,4248.8400000000
1790256391262,4248.7300000000,4248.8700000000
1790256391564,4248.9900000000,4249.1300000000
1790256391967,4249.0100000000,4249.1500000000
1790256392369,4249.2100000000,4249.3500000000
1790256392772,4249.4000000000,4249.5400000000
1790256393175,4250.3500000000,4250.4900000000
1790256393578,4250.4600000000,4250.6000000000
1790256393980,4250.3600000000,4250.5000000000
1790256394383,4250.5200000000,4250.6600000000
1790256394786,4250.5300000000,4250.6700000000
1790256395188,4250.5500000000,4250.6900000000
1790256395591,4250.5400000000,4250.6800000000
1790256395994,4250.5100000000,4250.6500000000
1790256396799,4250.3900000000,4250.5300000000
1790256397202,4250.3700000000,4250.5100000000
1790256397604,4250.2800000000,4250.4200000000
1790256398008,4250.0900000000,4250.2300000000
1790256398812,4250.1700000000,4250.3100000000
1790256399215,4250.1300000000,4250.2700000000
1790256399618,4250.1000000000,4250.2400000000
1790256400021,4250.0500000000,4250.1900000000
1790256400827,4249.9700000000,4250.1100000000
1790256401230,4249.9300000000,4250.0700000000
1790256401632,4249.9100000000,4250.0500000000
1790256402034,4250.0000000000,4250.1400000000
1790256402436,4250.2900000000,4250.4300000000
1790256402839,4250.2200000000,4250.3600000000
1790256403241,4250.1700000000,4250.3100000000
1790256403643,4250.1000000000,4250.2400000000
1790256404146,4250.0300000000,4250.1700000000
1790256404549,4249.8700000000,4250.0100000000
1790256405354,4249.8400000000,4249.9800000000
1790256405757,4249.7600000000,4249.9000000000
1790256406160,4249.7500000000,4249.8900000000
1790256406562,4249.7900000000,4249.9300000000
1790256406965,4249.8200000000,4249.9600000000
1790256407770,4249.3100000000,4249.4500000000
1790256408173,4249.2800000000,4249.4200000000
1790256408575,4249.2300000000,4249.3700000000
1790256408977,4248.9700000000,4249.1100000000
1790256409381,4249.1500000000,4249.2900000000
1790256409783,4249.3000000000,4249.4400000000
1790256410186,4249.4000000000,4249.5400000000
1790256410589,4249.4500000000,4249.5900000000
1790256410990,4249.8000000000,4249.9400000000
1790256411393,4249.7800000000,4249.9200000000
1790256411795,4250.0500000000,4250.1900000000
1790256412197,4250.2100000000,4250.3500000000
1790256412599,4250.0800000000,4250.2200000000
1790256413002,4250.1500000000,4250.2900000000
1790256413405,4249.9900000000,4250.1300000000
1790256413807,4249.5300000000,4249.6700000000
1790256414210,4249.4600000000,4249.6000000000
1790256414612,4249.4700000000,4249.6100000000
1790256415015,4249.4600000000,4249.6000000000
1790256415417,4249.4400000000,4249.5800000000
1790256415820,4249.3800000000,4249.5200000000
1790256416223,4249.3300000000,4249.4700000000
1790256416626,4249.4000000000,4249.5400000000
1790256417431,4249.4200000000,4249.5600000000
1790256418236,4249.9900000000,4250.1300000000
1790256418639,4250.0000000000,4250.1400000000
1790256419444,4249.8800000000,4250.0200000000
1790256419846,4249.9600000000,4250.1000000000
1790256420248,4250.2700000000,4250.4100000000
1790256421053,4250.0900000000,4250.2300000000
1790256421456,4249.9600000000,4250.1000000000
1790256421858,4249.9700000000,4250.1100000000
1790256422260,4249.5600000000,4249.7000000000
1790256422663,4249.5100000000,4249.6500000000
1790256423065,4249.4200000000,4249.5600000000
1790256423468,4249.4100000000,4249.5500000000
1790256423871,4249.3200000000,4249.4600000000
1790256424274,4249.1400000000,4249.2800000000
1790256424676,4249.0900000000,4249.2300000000
1790256425079,4249.2200000000,4249.3600000000
1790256425482,4249.3800000000,4249.5200000000
1790256425884,4249.4400000000,4249.5800000000
1790256426286,4249.4500000000,4249.5900000000
1790256426690,4249.4800000000,4249.6200000000
1790256427495,4249.2800000000,4249.4200000000
1790256427898,4249.1200000000,4249.2600000000
1790256428301,4249.1300000000,4249.2700000000
1790256428704,4249.2100000000,4249.3500000000
1790256429106,4249.2300000000,4249.3700000000
1790256429509,4249.4000000000,4249.5400000000
1790256429912,4249.5100000000,4249.6500000000
1790256430314,4249.8500000000,4249.9900000000
1790256430716,4249.9900000000,4250.1300000000
1790256431119,4250.0000000000,4250.1400000000
1790256431521,4249.8400000000,4249.9800000000
1790256431924,4249.7000000000,4249.8400000000
1790256432326,4249.6900000000,4249.8300000000
1790256432729,4250.1100000000,4250.2500000000
1790256433132,4250.2200000000,4250.3600000000
1790256433534,4250.3800000000,4250.5200000000
1790256433941,4250.4000000000,4250.5400000000
1790256434343,4250.3500000000,4250.4900000000
1790256434745,4250.3000000000,4250.4400000000
1790256435148,4250.2300000000,4250.3700000000
1790256435550,4250.3400000000,4250.4800000000
1790256435953,4250.2800000000,4250.4200000000
1790256436355,4250.2600000000,4250.4000000000
1790256437161,4250.2300000000,4250.3700000000
1790256437563,4249.9900000000,4250.1300000000
1790256438368,4250.3200000000,4250.4600000000
1790256438771,4250.3900000000,4250.5300000000
1790256439174,4250.4800000000,4250.6200000000
1790256439577,4250.4900000000,4250.6300000000
1790256439979,4250.7000000000,4250.8400000000
1790256440382,4250.7400000000,4250.8800000000
1790256440784,4250.3000000000,4250.4400000000
1790256441187,4250.2600000000,4250.4000000000
1790256441589,4250.5300000000,4250.6700000000
1790256441991,4250.3500000000,4250.4900000000
1790256442394,4250.3200000000,4250.4600000000
1790256442796,4250.2700000000,4250.4100000000
1790256443199,4250.1500000000,4250.2900000000
1790256443602,4250.1100000000,4250.2500000000
1790256444005,4250.1800000000,4250.3200000000
1790256444812,4250.2800000000,4250.4200000000
1790256445215,4250.2600000000,4250.4000000000
1790256445618,4250.2800000000,4250.4200000000
1790256446020,4250.2700000000,4250.4100000000
1790256446423,4250.2600000000,4250.4000000000
1790256446826,4250.2400000000,4250.3800000000
1790256447229,4250.0600000000,4250.2000000000
1790256447632,4250.1000000000,4250.2400000000
1790256448035,4250.1500000000,4250.2900000000
1790256448437,4249.8800000000,4250.0200000000
1790256448840,4249.8600000000,4250.0000000000
1790256449646,4249.8300000000,4249.9700000000
1790256450048,4250.0400000000,4250.1800000000
1790256450853,4250.0500000000,4250.1900000000
1790256451658,4250.1600000000,4250.3000000000
1790256452060,4250.0900000000,4250.2300000000
1790256452867,4250.1000000000,4250.2400000000
1790256453269,4250.1400000000,4250.2800000000
1790256453771,4250.1200000000,4250.2600000000
1790256454174,4250.1700000000,4250.3100000000
1790256454576,4250.2700000000,4250.4100000000
1790256454979,4250.2600000000,4250.4000000000
1790256455381,4250.2200000000,4250.3600000000
1790256455784,4250.2100000000,4250.3500000000
1790256456187,4250.2500000000,4250.3900000000
1790256456589,4250.0700000000,4250.2100000000
1790256456992,4250.1800000000,4250.3200000000
1790256457395,4250.2000000000,4250.3400000000
1790256458199,4250.4000000000,4250.5400000000
1790256458602,4250.2900000000,4250.4300000000
1790256459004,4250.2600000000,4250.4000000000
1790256459407,4250.2500000000,4250.3900000000
1790256459709,4249.5300000000,4249.6700000000
1790256460212,4249.5600000000,4249.7000000000
1790256460615,4249.5200000000,4249.6600000000
1790256461018,4249.3900000000,4249.5300000000
1790256461422,4249.3500000000,4249.4900000000
1790256461824,4249.2900000000,4249.4300000000
1790256462126,4249.2800000000,4249.4200000000
1790256463031,4249.2600000000,4249.4000000000
1790256463434,4249.1400000000,4249.2800000000
1790256463839,4249.1300000000,4249.2700000000
1790256464241,4249.1400000000,4249.2800000000
1790256464644,4249.2000000000,4249.3400000000
1790256465046,4249.2600000000,4249.4000000000
1790256465449,4249.3600000000,4249.5000000000
1790256465852,4249.1900000000,4249.3300000000
1790256466255,4248.9800000000,4249.1200000000
1790256466657,4249.2100000000,4249.3500000000
1790256467060,4249.2500000000,4249.3900000000
1790256467462,4249.5500000000,4249.6900000000
1790256467865,4249.5800000000,4249.7200000000
1790256468267,4249.6300000000,4249.7700000000
1790256468670,4249.5100000000,4249.6500000000
1790256469072,4249.5200000000,4249.6600000000
1790256469497,4249.5000000000,4249.6400000000
1790256469900,4249.6200000000,4249.7600000000
1790256470303,4249.8100000000,4249.9500000000
1790256470704,4249.8400000000,4249.9800000000
1790256471509,4249.8600000000,4250.0000000000
1790256472718,4249.9900000000,4250.1300000000
1790256473120,4250.1500000000,4250.2900000000
1790256473927,4250.0700000000,4250.2100000000
1790256474330,4250.0200000000,4250.1600000000
1790256474731,4250.0100000000,4250.1500000000
1790256475134,4250.0500000000,4250.1900000000
1790256475537,4250.0400000000,4250.1800000000
1790256475939,4250.0700000000,4250.2100000000
1790256476343,4250.0900000000,4250.2300000000
1790256476744,4250.0500000000,4250.1900000000
1790256477147,4250.0300000000,4250.1700000000
1790256477549,4250.0800000000,4250.2200000000
1790256477952,4250.1300000000,4250.2700000000
1790256478354,4250.1400000000,4250.2800000000
1790256478756,4250.1900000000,4250.3300000000
1790256479561,4249.9400000000,4250.0800000000
1790256479963,4250.2200000000,4250.3600000000
1790256480366,4250.1800000000,4250.3200000000
1790256480768,4249.9600000000,4250.1000000000
1790256481171,4249.9300000000,4250.0700000000
1790256481574,4249.8800000000,4250.0200000000
1790256481976,4249.8500000000,4249.9900000000
1790256482781,4250.0000000000,4250.1400000000
1790256483184,4249.9200000000,4250.0600000000
1790256483586,4249.9800000000,4250.1200000000
1790256483989,4250.0100000000,4250.1500000000
1790256484393,4250.0200000000,4250.1600000000
1790256484794,4250.0600000000,4250.2000000000
1790256485197,4250.0900000000,4250.2300000000
1790256485600,4250.1000000000,4250.2400000000
1790256486807,4249.4900000000,4249.6300000000
1790256487210,4249.2500000000,4249.3900000000
1790256487612,4249.1400000000,4249.2800000000
1790256488014,4249.1000000000,4249.2400000000
1790256488417,4249.0700000000,4249.2100000000
1790256488819,4249.1500000000,4249.2900000000
1790256489624,4249.2700000000,4249.4100000000
1790256490027,4249.2900000000,4249.4300000000
1790256490430,4249.6200000000,4249.7600000000
1790256490833,4249.6000000000,4249.7400000000
1790256491235,4249.5600000000,4249.7000000000
1790256491638,4248.8000000000,4248.9400000000
1790256492846,4248.4500000000,4248.5900000000
1790256493249,4248.4700000000,4248.6100000000
1790256493651,4248.7600000000,4248.9000000000
1790256494058,4248.6800000000,4248.8200000000
1790256494461,4248.6900000000,4248.8300000000
1790256495267,4249.0300000000,4249.1700000000
1790256495670,4249.1500000000,4249.2900000000
1790256496073,4249.2100000000,4249.3500000000
1790256496474,4249.5000000000,4249.6400000000
1790256496877,4249.2900000000,4249.4300000000
1790256497280,4249.2500000000,4249.3900000000
1790256497682,4249.3700000000,4249.5100000000
1790256498085,4249.2300000000,4249.3700000000
1790256498487,4249.2100000000,4249.3500000000
1790256498890,4249.1900000000,4249.3300000000
1790256499293,4249.3700000000,4249.5100000000
1790256499695,4249.4300000000,4249.5700000000
1790256500097,4249.1100000000,4249.2500000000
1790256500500,4248.9900000000,4249.1300000000
1790256500903,4248.9400000000,4249.0800000000
1790256501306,4248.9800000000,4249.1200000000
1790256502110,4249.0000000000,4249.1400000000
1790256502513,4248.9700000000,4249.1100000000
1790256502916,4248.9900000000,4249.1300000000
1790256503318,4249.1800000000,4249.3200000000
1790256503720,4249.1700000000,4249.3100000000
1790256504123,4249.0700000000,4249.2100000000
1790256504626,4249.0100000000,4249.1500000000
1790256504928,4248.9900000000,4249.1300000000
1790256505431,4248.9600000000,4249.1000000000
1790256505835,4249.2300000000,4249.3700000000
1790256506238,4249.2500000000,4249.3900000000
1790256506640,4248.8000000000,4248.9400000000
1790256507043,4248.8500000000,4248.9900000000
1790256507446,4248.7900000000,4248.9300000000
1790256507848,4248.8800000000,4249.0200000000
1790256508251,4249.4000000000,4249.5400000000
1790256508552,4250.3800000000,4250.5200000000
1790256508955,4250.8700000000,4251.0100000000
1790256509357,4252.1800000000,4252.3200000000
1790256509759,4251.8200000000,4251.9600000000
1790256510162,4251.6300000000,4251.7700000000
1790256510564,4251.5700000000,4251.7100000000
1790256510968,4251.4500000000,4251.5900000000
1790256511370,4251.2700000000,4251.4100000000
1790256511771,4251.2200000000,4251.3600000000
1790256512175,4251.1400000000,4251.2800000000
1790256512577,4251.0600000000,4251.2000000000
1790256512981,4250.8600000000,4251.0000000000
1790256513483,4250.8200000000,4250.9600000000
1790256513885,4250.7900000000,4250.9300000000
1790256514287,4250.8700000000,4251.0100000000
1790256514690,4250.8600000000,4251.0000000000
1790256515495,4250.8700000000,4251.0100000000
1790256515898,4250.9300000000,4251.0700000000
1790256516300,4250.9800000000,4251.1200000000
1790256516705,4250.8100000000,4250.9500000000
1790256517107,4250.8200000000,4250.9600000000
1790256517509,4251.4000000000,4251.5400000000
1790256517915,4251.1700000000,4251.3100000000
1790256518316,4250.4300000000,4250.5700000000
1790256518718,4250.2200000000,4250.3600000000
1790256519121,4250.0400000000,4250.1800000000
1790256519524,4249.9800000000,4250.1200000000
1790256519926,4249.9500000000,4250.0900000000
1790256520329,4249.9600000000,4250.1000000000
1790256520732,4250.0100000000,4250.1500000000
1790256521134,4249.9400000000,4250.0800000000
1790256521537,4249.9000000000,4250.0400000000
1790256521940,4249.8900000000,4250.0300000000
1790256522342,4249.9100000000,4250.0500000000
1790256522746,4249.7900000000,4249.9300000000
1790256523148,4249.7700000000,4249.9100000000
1790256523551,4249.7600000000,4249.9000000000
1790256523954,4249.5600000000,4249.7000000000
1790256524357,4249.7100000000,4249.8500000000
1790256524760,4250.0800000000,4250.2200000000
1790256525162,4250.3900000000,4250.5300000000
1790256525565,4250.4500000000,4250.5900000000
1790256525969,4250.1400000000,4250.2800000000
1790256526371,4250.0500000000,4250.1900000000
1790256526774,4250.0000000000,4250.1400000000
1790256527177,4249.8400000000,4249.9800000000
1790256527580,4249.7800000000,4249.9200000000
1790256528385,4250.3000000000,4250.4400000000
1790256528788,4250.5000000000,4250.6400000000
1790256529191,4250.3700000000,4250.5100000000
1790256529593,4250.2400000000,4250.3800000000
1790256529995,4250.0900000000,4250.2300000000
1790256530398,4250.0300000000,4250.1700000000
1790256530800,4249.8800000000,4250.0200000000
1790256531203,4249.6800000000,4249.8200000000
1790256531605,4249.6500000000,4249.7900000000
1790256532007,4249.6000000000,4249.7400000000
1790256532410,4249.5600000000,4249.7000000000
1790256532812,4249.5300000000,4249.6700000000
1790256533215,4249.5500000000,4249.6900000000
1790256534019,4249.6900000000,4249.8300000000
1790256534422,4249.7100000000,4249.8500000000
1790256534825,4249.6800000000,4249.8200000000
1790256535227,4249.6100000000,4249.7500000000
1790256535630,4249.5700000000,4249.7100000000
1790256536032,4249.9000000000,4250.0400000000
1790256536435,4249.8400000000,4249.9800000000
1790256536837,4249.8600000000,4250.0000000000
1790256537240,4249.7800000000,4249.9200000000
1790256537742,4249.6000000000,4249.7400000000
1790256538145,4249.5500000000,4249.6900000000
1790256538447,4249.5400000000,4249.6800000000
1790256538850,4249.5100000000,4249.6500000000
1790256539253,4249.4800000000,4249.6200000000
1790256539656,4249.2900000000,4249.4300000000
1790256540058,4249.2900000000,4249.4300000000
1790256540461,4249.0800000000,4249.2200000000
1790256540864,4249.1100000000,4249.2500000000
1790256541267,4249.0700000000,4249.2100000000
1790256541669,4249.1900000000,4249.3300000000
1790256542072,4249.1600000000,4249.3000000000
1790256542475,4249.0200000000,4249.1600000000
1790256542877,4249.0000000000,4249.1400000000
1790256543280,4248.6600000000,4248.8000000000
1790256543684,4248.3100000000,4248.4500000000
1790256544086,4248.2900000000,4248.4300000000
1790256544489,4248.6100000000,4248.7500000000
1790256545294,4248.5300000000,4248.6700000000
1790256545697,4248.6100000000,4248.7500000000
1790256546100,4248.5700000000,4248.7100000000
1790256546503,4248.5300000000,4248.6700000000
1790256546905,4248.4700000000,4248.6100000000
1790256547811,4248.4900000000,4248.6300000000
1790256548214,4248.5100000000,4248.6500000000
1790256548516,4248.5600000000,4248.7000000000
1790256548920,4248.5900000000,4248.7300000000
1790256549323,4248.2600000000,4248.4000000000
1790256549826,4248.1600000000,4248.3000000000
1790256550229,4248.2100000000,4248.3500000000
1790256550632,4248.4200000000,4248.5600000000
1790256551034,4248.4700000000,4248.6100000000
1790256551437,4248.4600000000,4248.6000000000
1790256551839,4248.5900000000,4248.7300000000
1790256552242,4248.4500000000,4248.5900000000
1790256552645,4248.3800000000,4248.5200000000
1790256553047,4248.2300000000,4248.3700000000
1790256553853,4248.2700000000,4248.4100000000
1790256555064,4248.2600000000,4248.4000000000
1790256555466,4248.0200000000,4248.1600000000
1790256555869,4247.9900000000,4248.1300000000
1790256556272,4247.9500000000,4248.0900000000
1790256556674,4247.7300000000,4247.8700000000
1790256557076,4247.7100000000,4247.8500000000
1790256557479,4247.6600000000,4247.8000000000
1790256557882,4247.6400000000,4247.7800000000
1790256558284,4247.0800000000,4247.2200000000
1790256558686,4246.9800000000,4247.1200000000
1790256559089,4247.0000000000,4247.1400000000
1790256559492,4247.1400000000,4247.2800000000
1790256559894,4247.1700000000,4247.3100000000
1790256560297,4247.0800000000,4247.2200000000
1790256560700,4247.0200000000,4247.1600000000
1790256561102,4246.9600000000,4247.1000000000
1790256561505,4246.9000000000,4247.0400000000
1790256561908,4246.9100000000,4247.0500000000
1790256562713,4246.7600000000,4246.9000000000
1790256563116,4246.7300000000,4246.8700000000
1790256563519,4246.7000000000,4246.8400000000
1790256563921,4246.6000000000,4246.7400000000
1790256564729,4246.6300000000,4246.7700000000
1790256565534,4246.6100000000,4246.7500000000
1790256565938,4246.7100000000,4246.8500000000
1790256566341,4246.7500000000,4246.8900000000
1790256566743,4246.8400000000,4246.9800000000
1790256567146,4246.8300000000,4246.9700000000
1790256567548,4246.9900000000,4247.1300000000
1790256567951,4246.9700000000,4247.1100000000
1790256568353,4246.9900000000,4247.1300000000
1790256568756,4246.9800000000,4247.1200000000
1790256569159,4246.8700000000,4247.0100000000
1790256569561,4246.8800000000,4247.0200000000
1790256569965,4246.7300000000,4246.8700000000
1790256570367,4246.5800000000,4246.7200000000
1790256570770,4246.6400000000,4246.7800000000
1790256571172,4246.6600000000,4246.8000000000
1790256571575,4246.6000000000,4246.7400000000
1790256571977,4246.5600000000,4246.7000000000
1790256572380,4246.8100000000,4246.9500000000
1790256572782,4246.8400000000,4246.9800000000
1790256573186,4246.7800000000,4246.9200000000
1790256573590,4246.7700000000,4246.9100000000
1790256573993,4246.7600000000,4246.9000000000
1790256575202,4246.7500000000,4246.8900000000
1790256575605,4246.9200000000,4247.0600000000
1790256576008,4247.0900000000,4247.2300000000
1790256576410,4247.1000000000,4247.2400000000
1790256576814,4247.0100000000,4247.1500000000
1790256577216,4247.0800000000,4247.2200000000
1790256577618,4247.4500000000,4247.5900000000
1790256578020,4247.6400000000,4247.7800000000
1790256578423,4247.6500000000,4247.7900000000
1790256578825,4247.5300000000,4247.6700000000
1790256579228,4247.5100000000,4247.6500000000
1790256579631,4247.7400000000,4247.8800000000
1790256580033,4247.7600000000,4247.9000000000
1790256580436,4247.8200000000,4247.9600000000
1790256580839,4247.8500000000,4247.9900000000
1790256581242,4247.8400000000,4247.9800000000
1790256581644,4247.8300000000,4247.9700000000
1790256582047,4247.3600000000,4247.5000000000
1790256582450,4247.3200000000,4247.4600000000
1790256582852,4247.3000000000,4247.4400000000
1790256583255,4247.3100000000,4247.4500000000
1790256584060,4247.1700000000,4247.3100000000
1790256584462,4247.0400000000,4247.1800000000
1790256586477,4247.0600000000,4247.2000000000
1790256586879,4247.0800000000,4247.2200000000
1790256587684,4247.0700000000,4247.2100000000
1790256588892,4247.0200000000,4247.1600000000
1790256589295,4247.0400000000,4247.1800000000
1790256589697,4245.7700000000,4245.9100000000
1790256590100,4245.9800000000,4246.1200000000
1790256590502,4245.3700000000,4245.5100000000
1790256590905,4245.2700000000,4245.4100000000
1790256591307,4245.7000000000,4245.8400000000
1790256591710,4245.7800000000,4245.9200000000
1790256592113,4245.6900000000,4245.8300000000
1790256592515,4245.7400000000,4245.8800000000
1790256592917,4245.7300000000,4245.8700000000
1790256593320,4246.1500000000,4246.2900000000
1790256593722,4246.0600000000,4246.2000000000
1790256594125,4245.7000000000,4245.8400000000
1790256594528,4245.6900000000,4245.8300000000
1790256594931,4245.8400000000,4245.9800000000
1790256595333,4244.9900000000,4245.1300000000
1790256595737,4245.1300000000,4245.2700000000
1790256596140,4245.4500000000,4245.5900000000
1790256596542,4245.6300000000,4245.7700000000
1790256596944,4245.5400000000,4245.6800000000
1790256597347,4245.4600000000,4245.6000000000
1790256597749,4245.4900000000,4245.6300000000
1790256598152,4245.7800000000,4245.9200000000
1790256598554,4245.7600000000,4245.9000000000
1790256598956,4245.6300000000,4245.7700000000
1790256599359,4245.7100000000,4245.8500000000
1790256599762,4245.6800000000,4245.8200000000
1790256600165,4245.6700000000,4245.8100000000
1790256600567,4245.7200000000,4245.8600000000
1790256600969,4245.8600000000,4246.0000000000
1790256601372,4246.0500000000,4246.1900000000
1790256601774,4246.0800000000,4246.2200000000
1790256602177,4245.8900000000,4246.0300000000
1790256602579,4245.8600000000,4246.0000000000
1790256602982,4245.8800000000,4246.0200000000
1790256603384,4245.8900000000,4246.0300000000
1790256603786,4245.8800000000,4246.0200000000
1790256604189,4246.0400000000,4246.1800000000
1790256604591,4246.1000000000,4246.2400000000
1790256604994,4246.1300000000,4246.2700000000
1790256605396,4246.2400000000,4246.3800000000
1790256605799,4246.2500000000,4246.3900000000
1790256606201,4246.1400000000,4246.2800000000
1790256606604,4246.0600000000,4246.2000000000
1790256607007,4246.0900000000,4246.2300000000
1790256607409,4246.0800000000,4246.2200000000
1790256607812,4245.9200000000,4246.0600000000
1790256608215,4246.0400000000,4246.1800000000
1790256608618,4246.0600000000,4246.2000000000
1790256609021,4245.9500000000,4246.0900000000
1790256609423,4245.7400000000,4245.8800000000
1790256609826,4245.7100000000,4245.8500000000
1790256610229,4245.7200000000,4245.8600000000
1790256610631,4245.9100000000,4246.0500000000
1790256611034,4245.9300000000,4246.0700000000
1790256611437,4245.9800000000,4246.1200000000
1790256611839,4245.9600000000,4246.1000000000
1790256612242,4246.0500000000,4246.1900000000
1790256612644,4246.1500000000,4246.2900000000
1790256613046,4246.2200000000,4246.3600000000
1790256613449,4246.2600000000,4246.4000000000
1790256613852,4246.3300000000,4246.4700000000
1790256614257,4246.4100000000,4246.5500000000
1790256614659,4246.4400000000,4246.5800000000
1790256615061,4246.1500000000,4246.2900000000
1790256615464,4246.1400000000,4246.2800000000
1790256615867,4246.1100000000,4246.2500000000
1790256616671,4246.2300000000,4246.3700000000
1790256617074,4246.2600000000,4246.4000000000
1790256617476,4246.1900000000,4246.3300000000
1790256617879,4246.1300000000,4246.2700000000
1790256618686,4245.8800000000,4246.0200000000
1790256619088,4245.8000000000,4245.9400000000
1790256619490,4245.7600000000,4245.9000000000
1790256619893,4245.7700000000,4245.9100000000
1790256620295,4245.8200000000,4245.9600000000
1790256620698,4245.9400000000,4246.0800000000
1790256621100,4246.0500000000,4246.1900000000
1790256621906,4246.0600000000,4246.2000000000
1790256622308,4246.0400000000,4246.1800000000
1790256622711,4246.0300000000,4246.1700000000
1790256623113,4245.9800000000,4246.1200000000
1790256623516,4245.9300000000,4246.0700000000
1790256623919,4245.7200000000,4245.8600000000
1790256624321,4245.7100000000,4245.8500000000
1790256624723,4245.7400000000,4245.8800000000
1790256625126,4245.7600000000,4245.9000000000
1790256625529,4245.7400000000,4245.8800000000
1790256625932,4245.9500000000,4246.0900000000
1790256626736,4246.0100000000,4246.1500000000
1790256627139,4246.0500000000,4246.1900000000
1790256627541,4246.0600000000,4246.2000000000
1790256627944,4246.0700000000,4246.2100000000
1790256628347,4246.0900000000,4246.2300000000
1790256628749,4245.9600000000,4246.1000000000
1790256629151,4246.1500000000,4246.2900000000
1790256629554,4246.3000000000,4246.4400000000
1790256629957,4246.3200000000,4246.4600000000
1790256630359,4246.2200000000,4246.3600000000
1790256630763,4246.1900000000,4246.3300000000
1790256631164,4246.2200000000,4246.3600000000
1790256631568,4246.2100000000,4246.3500000000
1790256631971,4246.2000000000,4246.3400000000
1790256632373,4246.1700000000,4246.3100000000
1790256632776,4246.0300000000,4246.1700000000
1790256633179,4245.9900000000,4246.1300000000
1790256633583,4245.8800000000,4246.0200000000
1790256633986,4245.9200000000,4246.0600000000
1790256634389,4245.8600000000,4246.0000000000
1790256634791,4245.6200000000,4245.7600000000
1790256635194,4245.6300000000,4245.7700000000
1790256636000,4245.6400000000,4245.7800000000
1790256636403,4245.6700000000,4245.8100000000
1790256636805,4245.6200000000,4245.7600000000
1790256637208,4245.6500000000,4245.7900000000
1790256637610,4245.6400000000,4245.7800000000
1790256638415,4245.6600000000,4245.8000000000
1790256638819,4245.5200000000,4245.6600000000
1790256639222,4245.5300000000,4245.6700000000
1790256639625,4245.5900000000,4245.7300000000
1790256640027,4244.9500000000,4245.0900000000
1790256640430,4245.0300000000,4245.1700000000
1790256640833,4245.2200000000,4245.3600000000
1790256641236,4245.1500000000,4245.2900000000
1790256641638,4245.1400000000,4245.2800000000
1790256642041,4245.1000000000,4245.2400000000
1790256642443,4245.0100000000,4245.1500000000
1790256642845,4244.3400000000,4244.4800000000
1790256643248,4246.9100000000,4247.0500000000
1790256643651,4246.1200000000,4246.2600000000
1790256644053,4246.0100000000,4246.1500000000
1790256644456,4245.8400000000,4245.9800000000
1790256644858,4245.8100000000,4245.9500000000
1790256645261,4245.5600000000,4245.7000000000
1790256645665,4245.4900000000,4245.6300000000
1790256646067,4245.3600000000,4245.5000000000
1790256646470,4245.4000000000,4245.5400000000
1790256646874,4245.4300000000,4245.5700000000
1790256647277,4245.4200000000,4245.5600000000
1790256647680,4245.3200000000,4245.4600000000
1790256648082,4245.1700000000,4245.3100000000
1790256648485,4245.1600000000,4245.3000000000
1790256648887,4245.4000000000,4245.5400000000
1790256649290,4245.6100000000,4245.7500000000
1790256649694,4245.4700000000,4245.6100000000
1790256650097,4245.4100000000,4245.5500000000
1790256650499,4245.0300000000,4245.1700000000
1790256650902,4244.8600000000,4245.0000000000
1790256651305,4244.9100000000,4245.0500000000
1790256651708,4245.0100000000,4245.1500000000
1790256652110,4245.2000000000,4245.3400000000
1790256652513,4245.1900000000,4245.3300000000
1790256652917,4245.2000000000,4245.3400000000
1790256653319,4245.1500000000,4245.2900000000
1790256653723,4245.4200000000,4245.5600000000
1790256654126,4245.4000000000,4245.5400000000
1790256654931,4245.3200000000,4245.4600000000
1790256655333,4245.2400000000,4245.3800000000
1790256655736,4245.2700000000,4245.4100000000
1790256656138,4245.4200000000,4245.5600000000
1790256656540,4245.4300000000,4245.5700000000
1790256656943,4245.4000000000,4245.5400000000
1790256657346,4245.3700000000,4245.5100000000
1790256658152,4245.2200000000,4245.3600000000
1790256658555,4245.3400000000,4245.4800000000
1790256658957,4245.4300000000,4245.5700000000
1790256659359,4245.3700000000,4245.5100000000
1790256659761,4245.2100000000,4245.3500000000
1790256660164,4245.1800000000,4245.3200000000
1790256660969,4245.1500000000,4245.2900000000
1790256661371,4245.2900000000,4245.4300000000
1790256661774,4245.2300000000,4245.3700000000
1790256662177,4245.3000000000,4245.4400000000
1790256662579,4245.2900000000,4245.4300000000
1790256662982,4245.2500000000,4245.3900000000
1790256663384,4245.2100000000,4245.3500000000
1790256663787,4245.0700000000,4245.2100000000
1790256664189,4245.0100000000,4245.1500000000
1790256664591,4244.6700000000,4244.8100000000
1790256664994,4244.7500000000,4244.8900000000
1790256665396,4244.9400000000,4245.0800000000
1790256665899,4245.1900000000,4245.3300000000
1790256666302,4245.2100000000,4245.3500000000
1790256666704,4245.3400000000,4245.4800000000
1790256667107,4245.3900000000,4245.5300000000
1790256667510,4245.3800000000,4245.5200000000
1790256667913,4245.3100000000,4245.4500000000
1790256668316,4245.3300000000,4245.4700000000
1790256668718,4245.3200000000,4245.4600000000
1790256669121,4245.3300000000,4245.4700000000
1790256669523,4245.3200000000,4245.4600000000
1790256670328,4245.1800000000,4245.3200000000
1790256670731,4245.4200000000,4245.5600000000
1790256671134,4245.4600000000,4245.6000000000
1790256671939,4245.4500000000,4245.5900000000
1790256672341,4245.4400000000,4245.5800000000
1790256672744,4245.5000000000,4245.6400000000
1790256673147,4245.4500000000,4245.5900000000
1790256673550,4245.4600000000,4245.6000000000
1790256673953,4245.3400000000,4245.4800000000
1790256674357,4245.2500000000,4245.3900000000
1790256674760,4245.2000000000,4245.3400000000
1790256675162,4245.1300000000,4245.2700000000
1790256675565,4245.0500000000,4245.1900000000
1790256675967,4245.1500000000,4245.2900000000
1790256677175,4245.0700000000,4245.2100000000
1790256677979,4245.0900000000,4245.2300000000
1790256678382,4245.0700000000,4245.2100000000
1790256678786,4245.1700000000,4245.3100000000
1790256679187,4245.1800000000,4245.3200000000
1790256679589,4245.1900000000,4245.3300000000
1790256679992,4245.2700000000,4245.4100000000
1790256680395,4245.2500000000,4245.3900000000
1790256680799,4245.3400000000,4245.4800000000
1790256681201,4245.2800000000,4245.4200000000
1790256681605,4245.2600000000,4245.4000000000
1790256682008,4245.2500000000,4245.3900000000
1790256682410,4245.3200000000,4245.4600000000
1790256682813,4245.3800000000,4245.5200000000
1790256683216,4245.3400000000,4245.4800000000
1790256683619,4245.3500000000,4245.4900000000
1790256684021,4245.2400000000,4245.3800000000
1790256684424,4245.2100000000,4245.3500000000
1790256685230,4245.0600000000,4245.2000000000
1790256685632,4245.1900000000,4245.3300000000
1790256686035,4245.4200000000,4245.5600000000
1790256686437,4245.4500000000,4245.5900000000
1790256686841,4245.9000000000,4246.0400000000
1790256687244,4246.3300000000,4246.4700000000
1790256687646,4246.2500000000,4246.3900000000
1790256688048,4248.3900000000,4248.5300000000
1790256688451,4248.1600000000,4248.3000000000
1790256688853,4248.1900000000,4248.3300000000
1790256689256,4248.3300000000,4248.4700000000
1790256689659,4248.8000000000,4248.9400000000
1790256690062,4248.7100000000,4248.8500000000
1790256690464,4248.3700000000,4248.5100000000
1790256690866,4248.5200000000,4248.6600000000
1790256691269,4248.3200000000,4248.4600000000
1790256691673,4248.1900000000,4248.3300000000
1790256692076,4248.1400000000,4248.2800000000
1790256692478,4248.2600000000,4248.4000000000
1790256692881,4248.2500000000,4248.3900000000
1790256693284,4248.2600000000,4248.4000000000
1790256693686,4248.2900000000,4248.4300000000
1790256694089,4248.3500000000,4248.4900000000
1790256694894,4248.2800000000,4248.4200000000
1790256695297,4248.3300000000,4248.4700000000
1790256695699,4248.3500000000,4248.4900000000
1790256696504,4248.3900000000,4248.5300000000
1790256697309,4248.3800000000,4248.5200000000
1790256697713,4248.1900000000,4248.3300000000
1790256698115,4248.2800000000,4248.4200000000
1790256698518,4248.2900000000,4248.4300000000
1790256698920,4248.3900000000,4248.5300000000
1790256699323,4248.5300000000,4248.6700000000
1790256699725,4248.5600000000,4248.7000000000
1790256700530,4248.5700000000,4248.7100000000
1790256700933,4248.6500000000,4248.7900000000
1790256701335,4248.4900000000,4248.6300000000
1790256701737,4248.4100000000,4248.5500000000
1790256702241,4248.2600000000,4248.4000000000
1790256702643,4248.2100000000,4248.3500000000
1790256703045,4248.3200000000,4248.4600000000
1790256703448,4248.1000000000,4248.2400000000
1790256703850,4248.0400000000,4248.1800000000
1790256704152,4248.1000000000,4248.2400000000
1790256704554,4248.0800000000,4248.2200000000
1790256704957,4248.1000000000,4248.2400000000
1790256705359,4248.1200000000,4248.2600000000
1790256705762,4248.0200000000,4248.1600000000
1790256706266,4247.9900000000,4248.1300000000
1790256707071,4247.9000000000,4248.0400000000
1790256707474,4247.7400000000,4247.8800000000
1790256707877,4247.6800000000,4247.8200000000
1790256708280,4247.7500000000,4247.8900000000
1790256708682,4247.7600000000,4247.9000000000
1790256709084,4247.8100000000,4247.9500000000
1790256709889,4248.0800000000,4248.2200000000
1790256710292,4248.1700000000,4248.3100000000
1790256711097,4248.1200000000,4248.2600000000
1790256711499,4248.0800000000,4248.2200000000
1790256711902,4248.2200000000,4248.3600000000
1790256712707,4248.2300000000,4248.3700000000
1790256713110,4248.2400000000,4248.3800000000
1790256713914,4248.1900000000,4248.3300000000
1790256714317,4248.2900000000,4248.4300000000
1790256714720,4248.4500000000,4248.5900000000
1790256715122,4248.5400000000,4248.6800000000
1790256715525,4248.5500000000,4248.6900000000
1790256715928,4248.5600000000,4248.7000000000
1790256716331,4248.5400000000,4248.6800000000
1790256716734,4248.5600000000,4248.7000000000
1790256717136,4248.6200000000,4248.7600000000
1790256717539,4248.6300000000,4248.7700000000
1790256718344,4248.8300000000,4248.9700000000
1790256718747,4248.8000000000,4248.9400000000
1790256719149,4248.7900000000,4248.9300000000
1790256719552,4248.7500000000,4248.8900000000
1790256720357,4249.0400000000,4249.1800000000
1790256720761,4249.1500000000,4249.2900000000
1790256721164,4249.0600000000,4249.2000000000
1790256721567,4248.7900000000,4248.9300000000
1790256721970,4248.8100000000,4248.9500000000
1790256722373,4248.9300000000,4249.0700000000
1790256722775,4249.0100000000,4249.1500000000
1790256723580,4249.1400000000,4249.2800000000
1790256723982,4249.2600000000,4249.4000000000
1790256724384,4249.1300000000,4249.2700000000
1790256724787,4249.1000000000,4249.2400000000
1790256725192,4249.0000000000,4249.1400000000
1790256725595,4248.9200000000,4249.0600000000
1790256725998,4248.9100000000,4249.0500000000
1790256726400,4248.9500000000,4249.0900000000
1790256726803,4248.9600000000,4249.1000000000
1790256727608,4248.9900000000,4249.1300000000
1790256728011,4249.2700000000,4249.4100000000
1790256728413,4249.2200000000,4249.3600000000
1790256728815,4249.2500000000,4249.3900000000
1790256729218,4249.3000000000,4249.4400000000
1790256729622,4249.2200000000,4249.3600000000
1790256730023,4249.0900000000,4249.2300000000
1790256730426,4249.3600000000,4249.5000000000
1790256730828,4249.3700000000,4249.5100000000
1790256731231,4249.4700000000,4249.6100000000
1790256731634,4249.8000000000,4249.9400000000
1790256732035,4249.9500000000,4250.0900000000
1790256732438,4249.9200000000,4250.0600000000
1790256733242,4250.2000000000,4250.3400000000
1790256733645,4250.0800000000,4250.2200000000
1790256734047,4250.0400000000,4250.1800000000
1790256734855,4250.0600000000,4250.2000000000
1790256735257,4250.0400000000,4250.1800000000
1790256735659,4249.9700000000,4250.1100000000
1790256736062,4250.0600000000,4250.2000000000
1790256736464,4250.1200000000,4250.2600000000
1790256736867,4250.0400000000,4250.1800000000
1790256737270,4250.0000000000,4250.1400000000
1790256737673,4249.9200000000,4250.0600000000
1790256738075,4249.9100000000,4250.0500000000
1790256738881,4250.0000000000,4250.1400000000
1790256739284,4249.9500000000,4250.0900000000
1790256739686,4249.9000000000,4250.0400000000
1790256740491,4249.9300000000,4250.0700000000
1790256740894,4249.9700000000,4250.1100000000
1790256741296,4250.1600000000,4250.3000000000
1790256741698,4250.3000000000,4250.4400000000
1790256742101,4250.2900000000,4250.4300000000
1790256742504,4250.2700000000,4250.4100000000
1790256742906,4250.2200000000,4250.3600000000
1790256743308,4250.0800000000,4250.2200000000
1790256743710,4249.9900000000,4250.1300000000
1790256744113,4249.9400000000,4250.0800000000
1790256744517,4249.8800000000,4250.0200000000
1790256744919,4249.9900000000,4250.1300000000
1790256745724,4249.9700000000,4250.1100000000
1790256746529,4250.0000000000,4250.1400000000
1790256746932,4250.0200000000,4250.1600000000
1790256747335,4250.1000000000,4250.2400000000
1790256747737,4250.2100000000,4250.3500000000
1790256748139,4250.3100000000,4250.4500000000
1790256748944,4250.2900000000,4250.4300000000
1790256749347,4250.3500000000,4250.4900000000
1790256750555,4250.3200000000,4250.4600000000
1790256751764,4250.3700000000,4250.5100000000
1790256752569,4250.3600000000,4250.5000000000
1790256752971,4250.4600000000,4250.6000000000
1790256753776,4250.5100000000,4250.6500000000
1790256754178,4250.5000000000,4250.6300000000
1790256754983,4250.5800000000,4250.7100000000
1790256755385,4250.3400000000,4250.4700000000
1790256755788,4250.3100000000,4250.4400000000
1790256756192,4250.4100000000,4250.5400000000
1790256756594,4250.3900000000,4250.5200000000
1790256756998,4250.8300000000,4250.9600000000
1790256757399,4250.9600000000,4251.0900000000
1790256758204,4251.0200000000,4251.1500000000
1790256758607,4251.0500000000,4251.1800000000
1790256759009,4251.0300000000,4251.1600000000
1790256759412,4251.0400000000,4251.1700000000
1790256760217,4251.6700000000,4251.8000000000
1790256760620,4251.7000000000,4251.8300000000
1790256761425,4251.4700000000,4251.6100000000
1790256761828,4251.4000000000,4251.5400000000
1790256762231,4251.3900000000,4251.5300000000
1790256763438,4251.4100000000,4251.5400000000
1790256763840,4251.3500000000,4251.4800000000
1790256764242,4251.5300000000,4251.6600000000
1790256764645,4251.6800000000,4251.8100000000
1790256765048,4251.5900000000,4251.7200000000
1790256765450,4251.5200000000,4251.6500000000
1790256765853,4251.4600000000,4251.5900000000
1790256766256,4251.4700000000,4251.6000000000
1790256767062,4251.6200000000,4251.7500000000
1790256767465,4251.7200000000,4251.8500000000
1790256767867,4251.7700000000,4251.9000000000
1790256768269,4251.7800000000,4251.9100000000
1790256768673,4251.8000000000,4251.9300000000
1790256769076,4251.7900000000,4251.9200000000
1790256771088,4251.7700000000,4251.9000000000
1790256771894,4251.7000000000,4251.8300000000
1790256772297,4251.5900000000,4251.7200000000
1790256772700,4251.6100000000,4251.7400000000
1790256773102,4251.6200000000,4251.7500000000
1790256773505,4251.7600000000,4251.8900000000
1790256773908,4251.5300000000,4251.6600000000
1790256774311,4251.4700000000,4251.6000000000
1790256774713,4251.7100000000,4251.8400000000
1790256775116,4251.7000000000,4251.8300000000
1790256775518,4251.8000000000,4251.9300000000
1790256776323,4251.7800000000,4251.9100000000
1790256777530,4251.7300000000,4251.8600000000
1790256777933,4251.7200000000,4251.8500000000
1790256778335,4251.7000000000,4251.8300000000
1790256778738,4251.6800000000,4251.8100000000
1790256779645,4251.6400000000,4251.7700000000
1790256779947,4251.5900000000,4251.7200000000
1790256780350,4251.6300000000,4251.7600000000
1790256780853,4251.6200000000,4251.7500000000
1790256781256,4251.6600000000,4251.7900000000
1790256781659,4251.6800000000,4251.8100000000
1790256782062,4251.5800000000,4251.7100000000
1790256782465,4251.5500000000,4251.6800000000
1790256782867,4251.6400000000,4251.7700000000
1790256783269,4251.6400000000,4251.7600000000
1790256784075,4251.5500000000,4251.6700000000
1790256784477,4251.5600000000,4251.6800000000
1790256784880,4251.9000000000,4252.0200000000
1790256785283,4251.9300000000,4252.0500000000
1790256785686,4251.8700000000,4251.9900000000
1790256786088,4251.7600000000,4251.8800000000
1790256786491,4251.7100000000,4251.8300000000
1790256786894,4251.8100000000,4251.9300000000
1790256787296,4251.9200000000,4252.0400000000
1790256787699,4251.9900000000,4252.1100000000
1790256788101,4252.0300000000,4252.1500000000
1790256788504,4252.0200000000,4252.1400000000
1790256788907,4251.9900000000,4252.1100000000
1790256790114,4251.9700000000,4252.0900000000
1790256790517,4252.0200000000,4252.1400000000
1790256790922,4252.0300000000,4252.1500000000
1790256791324,4252.0600000000,4252.1800000000
1790256792130,4252.0300000000,4252.1500000000
1790256792935,4252.0200000000,4252.1400000000
1790256793337,4252.0300000000,4252.1500000000
1790256794142,4252.0600000000,4252.1800000000
1790256794547,4252.0800000000,4252.2000000000
1790256794950,4252.1400000000,4252.2600000000
1790256795353,4252.3400000000,4252.4600000000
1790256795755,4252.3500000000,4252.4700000000
1790256796158,4252.4600000000,4252.5800000000
1790256797367,4252.5900000000,4252.7100000000
1790256797770,4252.6600000000,4252.7800000000
1790256798173,4252.5700000000,4252.6900000000
1790256799381,4252.5800000000,4252.7000000000
1790256799783,4252.5400000000,4252.6600000000
1790256800186,4252.5500000000,4252.6700000000
1790256800589,4252.7200000000,4252.8400000000
1790256800992,4253.3000000000,4253.4200000000
1790256801394,4253.2000000000,4253.3200000000
1790256802200,4253.1700000000,4253.2900000000
1790256802602,4253.1500000000,4253.2700000000
1790256803005,4253.1000000000,4253.2200000000
1790256803810,4253.2000000000,4253.3200000000
1790256804212,4253.0700000000,4253.1900000000
1790256804615,4253.0400000000,4253.1600000000
1790256805018,4253.0100000000,4253.1300000000
1790256805421,4252.9900000000,4253.1100000000
1790256805823,4252.8800000000,4253.0000000000
1790256806226,4252.6700000000,4252.7900000000
1790256806628,4252.6500000000,4252.7700000000
1790256807030,4252.7200000000,4252.8400000000
1790256807433,4252.7300000000,4252.8500000000
1790256807836,4252.9100000000,4253.0300000000
1790256808239,4252.9500000000,4253.0700000000
1790256808641,4253.0600000000,4253.1800000000
1790256809044,4253.0700000000,4253.1900000000
1790256809446,4253.0200000000,4253.1400000000
1790256809850,4253.0100000000,4253.1300000000
1790256810253,4253.2400000000,4253.3600000000
1790256810656,4253.2800000000,4253.4000000000
1790256811058,4253.3200000000,4253.4400000000
1790256811461,4253.3100000000,4253.4300000000
1790256812266,4253.3100000000,4253.4200000000
1790256812668,4253.7500000000,4253.8600000000
1790256813070,4253.8300000000,4253.9400000000
1790256813473,4253.8900000000,4254.0100000000
1790256813876,4253.9200000000,4254.0400000000
1790256814279,4253.9400000000,4254.0600000000
1790256815486,4254.0800000000,4254.2000000000
1790256815889,4254.0300000000,4254.1500000000
1790256816292,4253.8700000000,4253.9800000000
1790256816694,4253.7600000000,4253.8700000000
1790256817098,4253.8300000000,4253.9400000000
1790256817501,4253.8000000000,4253.9100000000
1790256817904,4253.7900000000,4253.9000000000
1790256818306,4253.7500000000,4253.8600000000
1790256818709,4253.7300000000,4253.8400000000
1790256819111,4253.7200000000,4253.8300000000
1790256819916,4253.7500000000,4253.8600000000
1790256820319,4253.8000000000,4253.9100000000
1790256820722,4253.9200000000,4254.0300000000
1790256821125,4253.8800000000,4253.9900000000
1790256821527,4253.8700000000,4253.9800000000
1790256821930,4253.9000000000,4254.0100000000
1790256822333,4253.8800000000,4253.9900000000
1790256822735,4253.2400000000,4253.3500000000
1790256823138,4253.2900000000,4253.4000000000
1790256823540,4253.2800000000,4253.3900000000
1790256823942,4253.2700000000,4253.3800000000
1790256824345,4252.7500000000,4252.8600000000
1790256824748,4252.6800000000,4252.7900000000
1790256825150,4252.5600000000,4252.6800000000
1790256825956,4252.5000000000,4252.6200000000
1790256826358,4252.3200000000,4252.4300000000
1790256826762,4252.2000000000,4252.3100000000
1790256827165,4252.1400000000,4252.2600000000
1790256827567,4251.9600000000,4252.0800000000
1790256827970,4251.9300000000,4252.0500000000
1790256828372,4251.9100000000,4252.0300000000
1790256828775,4251.9600000000,4252.0800000000
1790256829178,4252.0300000000,4252.1400000000
1790256829580,4252.0200000000,4252.1300000000
1790256829983,4252.0000000000,4252.1100000000
1790256830385,4252.0200000000,4252.1300000000
1790256830788,4252.0600000000,4252.1700000000
1790256831191,4252.0300000000,4252.1400000000
1790256831594,4252.0200000000,4252.1300000000
1790256831996,4251.9900000000,4252.1000000000
1790256832399,4252.1100000000,4252.2200000000
1790256832802,4252.0900000000,4252.2000000000
1790256833204,4251.9700000000,4252.0800000000
1790256833607,4251.9200000000,4252.0300000000
1790256834009,4251.9000000000,4252.0100000000
1790256834815,4251.8700000000,4251.9800000000
1790256835620,4252.0200000000,4252.1300000000
1790256836023,4251.9600000000,4252.0700000000
1790256836425,4252.0900000000,4252.2000000000
1790256837230,4252.3200000000,4252.4300000000
1790256837633,4252.3900000000,4252.5000000000
1790256838036,4252.5600000000,4252.6700000000
1790256838438,4252.4800000000,4252.5900000000
1790256838841,4252.4600000000,4252.5700000000
1790256839244,4252.4100000000,4252.5200000000
1790256839646,4252.3200000000,4252.4300000000
1790256840049,4252.3200000000,4252.4300000000
1790256840451,4252.4400000000,4252.5500000000
1790256841257,4252.5700000000,4252.6800000000
1790256842062,4252.5900000000,4252.7000000000
1790256842465,4252.7400000000,4252.8500000000
1790256843270,4252.9200000000,4253.0300000000
1790256843673,4252.9400000000,4253.0500000000
1790256844076,4252.9300000000,4253.0400000000
1790256844478,4252.9200000000,4253.0300000000
1790256844881,4252.9400000000,4253.0500000000
1790256845284,4252.9700000000,4253.0800000000
1790256845686,4253.0600000000,4253.1700000000
1790256846189,4253.0700000000,4253.1800000000
1790256846994,4253.1100000000,4253.2200000000
1790256847397,4253.1700000000,4253.2800000000
1790256847799,4253.1800000000,4253.2900000000
1790256848202,4253.2300000000,4253.3400000000
1790256848604,4253.1400000000,4253.2500000000
1790256849006,4253.1200000000,4253.2300000000
1790256849409,4253.0800000000,4253.1900000000
1790256849811,4253.0700000000,4253.1800000000
1790256852227,4253.1200000000,4253.2300000000
1790256852629,4253.1300000000,4253.2400000000
1790256853032,4253.1500000000,4253.2600000000
1790256853435,4253.1300000000,4253.2300000000
1790256853837,4253.0900000000,4253.1900000000
1790256854240,4253.0500000000,4253.1500000000
1790256854646,4253.2400000000,4253.3400000000
1790256855048,4253.2300000000,4253.3300000000
1790256855451,4253.1600000000,4253.2600000000
1790256855854,4253.1400000000,4253.2400000000
1790256856256,4253.0300000000,4253.1300000000
1790256856660,4252.8600000000,4252.9600000000
1790256857062,4252.5600000000,4252.6600000000
1790256857465,4252.5900000000,4252.6900000000
1790256857867,4252.6400000000,4252.7400000000
1790256858270,4252.6700000000,4252.7700000000
1790256858673,4252.7500000000,4252.8500000000
1790256859075,4252.8100000000,4252.9100000000
1790256859478,4252.9100000000,4253.0100000000
1790256859880,4253.0600000000,4253.1600000000
1790256860283,4253.1700000000,4253.2700000000
1790256860685,4253.2500000000,4253.3500000000
1790256861088,4253.2800000000,4253.3800000000
1790256861491,4253.4500000000,4253.5500000000
1790256861895,4253.7100000000,4253.8100000000
1790256863103,4253.5900000000,4253.6900000000
1790256863506,4253.5500000000,4253.6500000000
1790256863908,4253.5600000000,4253.6600000000
1790256864310,4253.6400000000,4253.7400000000
1790256865115,4253.6600000000,4253.7600000000
1790256865518,4253.6300000000,4253.7300000000
1790256865921,4253.7200000000,4253.8200000000
1790256866323,4253.7100000000,4253.8100000000
1790256866726,4253.8700000000,4253.9700000000
1790256867128,4253.8500000000,4253.9500000000
1790256867531,4253.7700000000,4253.8700000000
1790256868336,4253.6800000000,4253.7800000000
1790256868738,4253.6600000000,4253.7600000000
1790256869141,4253.6500000000,4253.7500000000
1790256869542,4253.6600000000,4253.7600000000
1790256869945,4253.8600000000,4253.9600000000
1790256870347,4253.8900000000,4253.9900000000
1790256871152,4253.9000000000,4254.0000000000
1790256871556,4253.8000000000,4253.9000000000
1790256871959,4253.8300000000,4253.9300000000
1790256872361,4253.8500000000,4253.9500000000
1790256872764,4254.3300000000,4254.4300000000
1790256873166,4254.1200000000,4254.2200000000
1790256873569,4253.9600000000,4254.0600000000
1790256874374,4253.9300000000,4254.0300000000
1790256875179,4253.7700000000,4253.8700000000
1790256875583,4253.7800000000,4253.8800000000
1790256876388,4253.7700000000,4253.8700000000
1790256876790,4253.7800000000,4253.8800000000
1790256877193,4253.7900000000,4253.8900000000
1790256877595,4253.9000000000,4254.0000000000
1790256877998,4254.0100000000,4254.1100000000
1790256878401,4254.0200000000,4254.1200000000
1790256878803,4254.0900000000,4254.1900000000
1790256880010,4253.9300000000,4254.0300000000
1790256880413,4253.8500000000,4253.9500000000
1790256880815,4253.9100000000,4254.0100000000
1790256881621,4253.9400000000,4254.0400000000
1790256882426,4253.8400000000,4253.9300000000
1790256883232,4253.7800000000,4253.8700000000
1790256883635,4253.7700000000,4253.8600000000
1790256884037,4253.9900000000,4254.0800000000
1790256884439,4253.9600000000,4254.0500000000
1790256884842,4253.9300000000,4254.0200000000
1790256885245,4253.9000000000,4253.9900000000
1790256885646,4253.7800000000,4253.8700000000
1790256886049,4253.9200000000,4254.0100000000
1790256886451,4254.0700000000,4254.1600000000
1790256886854,4254.0900000000,4254.1800000000
1790256887257,4254.1100000000,4254.2000000000
1790256888062,4254.1300000000,4254.2200000000
1790256888464,4254.1200000000,4254.2100000000
1790256888866,4254.0600000000,4254.1500000000
1790256889269,4253.7100000000,4253.8000000000
1790256890074,4253.5300000000,4253.6200000000
1790256890477,4253.6400000000,4253.7300000000
1790256890880,4253.6300000000,4253.7200000000
1790256891283,4253.6600000000,4253.7500000000
1790256892088,4253.6400000000,4253.7300000000
1790256892491,4253.6800000000,4253.7700000000
1790256893296,4253.7100000000,4253.8000000000
1790256893698,4253.7500000000,4253.8400000000
1790256894503,4253.7900000000,4253.8800000000
1790256894906,4253.8100000000,4253.9000000000
1790256895308,4253.7300000000,4253.8200000000
1790256895713,4253.8100000000,4253.9000000000
1790256896115,4253.9400000000,4254.0300000000
1790256896921,4254.0300000000,4254.1200000000
1790256897323,4253.9800000000,4254.0700000000
1790256897725,4253.9600000000,4254.0500000000
1790256898531,4253.9300000000,4254.0200000000
1790256898934,4253.9000000000,4253.9900000000
1790256899337,4254.0000000000,4254.0900000000
1790256899740,4254.0200000000,4254.1100000000
1790256900143,4254.0600000000,4254.1500000000
1790256900544,4253.7400000000,4253.8300000000
1790256900948,4253.6100000000,4253.7000000000
1790256901349,4253.6500000000,4253.7400000000
1790256901752,4253.6700000000,4253.7600000000
1790256902155,4253.7200000000,4253.8100000000
1790256902558,4253.7600000000,4253.8500000000
1790256902961,4253.8800000000,4253.9700000000
1790256903363,4254.4600000000,4254.5500000000
1790256903766,4254.4700000000,4254.5600000000
1790256904168,4254.7100000000,4254.8000000000
1790256904570,4254.7200000000,4254.8100000000
1790256904973,4254.6000000000,4254.6900000000
1790256905375,4254.5200000000,4254.6100000000
1790256905778,4254.5000000000,4254.5900000000
1790256906180,4254.4900000000,4254.5800000000
1790256906583,4254.5300000000,4254.6200000000
1790256906985,4254.6700000000,4254.7600000000
1790256907388,4254.7400000000,4254.8300000000
1790256907790,4254.8000000000,4254.8900000000
1790256908193,4254.8500000000,4254.9400000000
1790256908596,4254.8900000000,4254.9800000000
1790256908999,4254.8100000000,4254.9000000000
1790256909401,4254.7300000000,4254.8200000000
1790256910206,4254.8900000000,4254.9800000000
1790256910610,4255.1400000000,4255.2300000000
1790256911013,4255.2300000000,4255.3200000000
1790256911415,4255.1300000000,4255.2200000000
1790256911818,4255.1000000000,4255.1900000000
1790256912220,4255.1100000000,4255.2000000000
1790256912623,4255.1700000000,4255.2600000000
1790256913026,4255.3900000000,4255.4800000000
1790256913428,4255.4300000000,4255.5200000000
1790256914334,4255.4700000000,4255.5600000000
1790256914739,4255.5000000000,4255.5900000000
1790256915141,4255.5100000000,4255.6000000000
1790256915544,4255.6500000000,4255.7400000000
1790256915947,4255.6100000000,4255.7000000000
1790256916752,4255.7000000000,4255.7900000000
1790256917557,4255.6900000000,4255.7800000000
1790256917959,4255.7700000000,4255.8600000000
1790256918362,4256.4600000000,4256.5500000000
1790256918765,4256.6400000000,4256.7300000000
1790256919167,4256.4600000000,4256.5500000000
1790256919570,4256.4700000000,4256.5600000000
1790256920375,4256.4600000000,4256.5500000000
1790256920778,4256.5100000000,4256.6000000000
1790256921181,4256.1400000000,4256.2300000000
1790256921583,4256.0400000000,4256.1300000000
1790256921985,4256.0300000000,4256.1200000000
1790256922790,4256.1000000000,4256.1900000000
1790256923293,4256.0700000000,4256.1600000000
1790256923595,4256.0900000000,4256.1800000000
1790256923998,4256.1300000000,4256.2200000000
1790256924400,4256.1600000000,4256.2500000000
1790256925206,4256.1200000000,4256.2100000000
1790256926413,4256.1100000000,4256.2000000000
1790256926816,4256.1000000000,4256.1900000000
1790256928426,4255.9600000000,4256.0500000000
1790256928829,4255.9500000000,4256.0400000000
1790256929634,4256.0000000000,4256.0900000000
1790256930036,4256.0500000000,4256.1400000000
1790256930843,4256.0900000000,4256.1800000000
1790256931246,4256.2200000000,4256.3100000000
1790256931649,4256.2700000000,4256.3600000000
1790256932052,4256.1400000000,4256.2300000000
1790256932454,4256.1200000000,4256.2100000000
1790256932857,4256.0500000000,4256.1400000000
1790256933260,4256.2000000000,4256.2900000000
1790256933663,4256.1700000000,4256.2600000000
1790256934870,4256.1500000000,4256.2400000000
1790256935273,4256.1800000000,4256.2700000000
1790256935675,4256.2000000000,4256.2900000000
1790256936078,4256.1700000000,4256.2600000000
1790256936480,4256.4200000000,4256.5100000000
1790256936883,4256.4400000000,4256.5300000000
1790256937285,4256.4200000000,4256.5100000000
1790256937687,4256.4100000000,4256.5000000000
1790256938090,4256.4900000000,4256.5800000000
1790256938492,4256.5200000000,4256.6000000000
1790256938895,4256.5800000000,4256.6600000000
1790256939297,4256.5400000000,4256.6200000000
1790256939700,4256.5200000000,4256.6000000000
1790256940102,4256.4900000000,4256.5700000000
1790256940505,4256.3000000000,4256.3800000000
1790256940907,4256.3900000000,4256.4700000000
1790256941310,4256.2900000000,4256.3700000000
1790256941712,4256.3200000000,4256.4000000000
1790256942115,4256.3300000000,4256.4100000000
1790256942518,4256.4800000000,4256.5600000000
1790256942920,4256.4600000000,4256.5400000000
1790256943323,4256.6100000000,4256.6900000000
1790256943725,4256.5500000000,4256.6300000000
1790256944128,4256.5300000000,4256.6100000000
1790256944530,4256.4100000000,4256.4900000000
1790256944933,4256.3300000000,4256.4100000000
1790256945337,4256.2800000000,4256.3600000000
1790256945737,4256.2900000000,4256.3700000000
1790256946140,4256.3300000000,4256.4100000000
1790256946545,4256.3700000000,4256.4500000000
1790256946947,4256.3100000000,4256.3900000000
1790256947350,4256.3800000000,4256.4600000000
1790256948155,4256.6800000000,4256.7600000000
1790256948557,4256.6900000000,4256.7700000000
1790256948959,4256.7300000000,4256.8100000000
1790256949463,4256.7800000000,4256.8600000000
1790256949765,4257.0800000000,4257.1600000000
1790256950268,4257.1800000000,4257.2600000000
1790256951073,4257.0500000000,4257.1300000000
1790256951475,4257.0200000000,4257.1000000000
1790256951878,4256.9300000000,4257.0100000000
1790256952180,4256.9200000000,4257.0000000000
1790256952683,4256.9300000000,4257.0100000000
1790256952985,4257.1900000000,4257.2700000000
1790256953388,4257.2900000000,4257.3700000000
1790256954293,4257.4000000000,4257.4800000000
1790256954596,4257.3400000000,4257.4200000000
1790256954998,4257.2900000000,4257.3700000000
1790256955401,4257.3000000000,4257.3800000000
1790256955804,4257.2900000000,4257.3700000000
1790256956207,4257.3200000000,4257.4000000000
1790256957011,4257.3300000000,4257.4100000000
1790256957414,4257.2700000000,4257.3500000000
1790256958219,4257.3600000000,4257.4400000000
1790256958621,4257.4000000000,4257.4800000000
1790256959024,4257.4800000000,4257.5600000000
1790256959828,4257.5200000000,4257.6000000000
1790256960231,4257.5200000000,4257.6000000000
1790256961037,4257.3700000000,4257.4500000000
1790256961439,4257.4000000000,4257.4800000000
1790256961842,4257.4600000000,4257.5400000000
1790256962244,4257.5400000000,4257.6200000000
1790256962646,4257.5800000000,4257.6600000000
1790256963049,4257.8000000000,4257.8800000000
1790256963552,4257.9900000000,4258.0700000000
1790256963853,4258.1100000000,4258.1900000000
1790256964256,4258.0200000000,4258.1000000000
1790256964659,4257.8800000000,4257.9600000000
1790256965061,4257.8700000000,4257.9500000000
1790256965464,4257.7600000000,4257.8400000000
1790256965866,4257.7100000000,4257.7900000000
1790256966269,4257.6900000000,4257.7700000000
1790256966671,4258.0800000000,4258.1600000000
1790256967074,4258.3100000000,4258.3900000000
1790256967879,4258.3200000000,4258.4000000000
1790256968282,4258.4500000000,4258.5300000000
1790256968685,4258.3600000000,4258.4400000000
1790256969087,4258.3400000000,4258.4200000000
1790256969490,4258.2500000000,4258.3300000000
1790256969892,4258.2400000000,4258.3200000000
1790256970295,4258.4000000000,4258.4800000000
1790256970698,4258.2700000000,4258.3500000000
1790256971201,4258.3200000000,4258.4000000000
1790256971603,4258.3600000000,4258.4400000000
1790256972006,4258.3700000000,4258.4500000000
1790256972409,4258.3200000000,4258.4000000000
1790256972811,4258.2700000000,4258.3500000000
1790256973213,4258.1400000000,4258.2200000000
1790256973616,4258.0800000000,4258.1600000000
1790256974018,4258.0400000000,4258.1200000000
1790256974420,4257.9100000000,4257.9900000000
1790256974822,4257.8800000000,4257.9600000000
1790256975228,4257.9300000000,4258.0100000000
1790256975631,4257.9600000000,4258.0400000000
1790256976034,4257.9100000000,4257.9900000000
1790256976436,4257.8200000000,4257.9000000000
1790256976838,4257.7900000000,4257.8700000000
1790256977643,4257.6700000000,4257.7500000000
1790256978046,4257.7800000000,4257.8600000000
1790256978448,4257.6000000000,4257.6700000000
1790256978851,4257.3800000000,4257.4500000000
1790256979253,4257.5400000000,4257.6100000000
1790256979656,4257.5200000000,4257.5900000000
1790256980059,4257.4100000000,4257.4800000000
1790256980461,4257.2500000000,4257.3200000000
1790256980865,4257.3600000000,4257.4300000000
1790256981269,4257.5800000000,4257.6500000000
1790256981671,4257.6000000000,4257.6700000000
1790256982074,4257.5500000000,4257.6200000000
1790256982476,4257.6000000000,4257.6800000000
1790256983282,4257.7400000000,4257.8100000000
1790256983683,4257.7200000000,4257.7900000000
1790256984487,4257.8500000000,4257.9200000000
1790256984890,4257.8000000000,4257.8700000000
1790256985292,4257.7600000000,4257.8300000000
1790256986098,4257.7500000000,4257.8200000000
1790256986903,4257.7700000000,4257.8400000000
1790256987305,4257.4000000000,4257.4700000000
1790256987708,4257.4100000000,4257.4800000000
1790256988110,4257.8600000000,4257.9300000000
1790256988513,4258.2900000000,4258.3600000000
1790256989319,4258.3700000000,4258.4500000000
1790256989722,4258.3500000000,4258.4300000000
1790256990528,4258.2800000000,4258.3600000000
1790256990931,4258.4200000000,4258.5000000000
1790256991332,4258.4400000000,4258.5200000000
1790256991734,4258.3600000000,4258.4400000000
1790256992137,4258.3300000000,4258.4100000000
1790256992539,4258.3200000000,4258.4000000000
1790256993344,4258.2700000000,4258.3500000000
1790256993746,4258.4400000000,4258.5200000000
1790256994149,4258.8100000000,4258.8900000000
1790256994552,4258.6900000000,4258.7700000000
1790256994954,4258.6200000000,4258.7000000000
1790256995356,4258.5600000000,4258.6400000000
1790256995759,4258.5800000000,4258.6600000000
1790256996161,4258.4400000000,4258.5200000000
1790256996564,4258.2800000000,4258.3600000000
1790256996968,4258.0200000000,4258.1000000000
1790256997371,4257.8600000000,4257.9400000000
1790256997773,4257.9100000000,4257.9900000000
1790256998176,4258.4100000000,4258.5000000000
1790256998579,4258.7100000000,4258.8000000000
1790256998983,4258.6300000000,4258.7200000000
1790256999786,4258.6200000000,4258.7100000000
1790257000189,4258.8600000000,4258.9500000000
1790257000591,4258.9300000000,4259.0200000000
1790257000995,4258.8100000000,4258.9000000000
1790257001396,4258.9100000000,4259.0000000000
1790257001799,4258.9800000000,4259.0700000000
1790257002201,4258.9600000000,4259.0500000000
1790257002604,4259.2900000000,4259.3800000000
1790257003006,4259.4100000000,4259.5000000000
1790257003409,4259.2000000000,4259.2900000000
1790257003811,4259.1100000000,4259.2000000000
1790257004214,4259.1700000000,4259.2600000000
1790257004616,4259.1400000000,4259.2300000000
1790257005019,4259.1500000000,4259.2400000000
1790257005421,4258.9600000000,4259.0500000000
1790257005824,4258.9500000000,4259.0400000000
1790257006227,4258.9100000000,4259.0000000000
1790257006629,4259.0000000000,4259.0900000000
1790257007032,4258.8600000000,4258.9500000000
1790257007434,4259.0500000000,4259.1400000000
1790257007837,4258.8700000000,4258.9600000000
1790257008240,4258.9500000000,4259.0400000000
1790257009045,4258.8700000000,4258.9600000000
1790257009447,4258.9700000000,4259.0600000000
1790257009850,4259.0300000000,4259.1200000000
1790257010253,4259.0200000000,4259.1100000000
1790257011058,4259.0300000000,4259.1200000000
1790257011460,4258.9900000000,4259.0800000000
1790257011863,4259.0000000000,4259.0900000000
1790257012266,4259.0200000000,4259.1100000000
1790257012668,4259.1100000000,4259.2000000000
1790257013070,4258.8900000000,4258.9800000000
1790257013473,4259.3100000000,4259.4000000000
1790257013875,4259.3300000000,4259.4200000000
1790257014278,4259.4400000000,4259.5300000000
1790257014680,4259.4300000000,4259.5200000000
1790257015083,4259.3600000000,4259.4500000000
1790257015888,4259.3000000000,4259.3900000000
1790257016694,4259.2700000000,4259.3600000000
1790257017096,4259.3000000000,4259.3800000000
1790257017902,4259.2700000000,4259.3500000000
1790257018304,4259.4400000000,4259.5200000000
1790257018706,4259.6700000000,4259.7500000000
1790257019109,4259.6600000000,4259.7500000000
1790257019513,4259.6700000000,4259.7600000000
1790257020419,4259.7100000000,4259.7900000000
1790257020721,4259.7400000000,4259.8200000000
1790257021124,4259.7500000000,4259.8300000000
1790257021526,4259.7700000000,4259.8500000000
1790257021929,4259.7100000000,4259.7900000000
1790257022331,4259.6900000000,4259.7700000000
1790257022733,4259.7500000000,4259.8300000000
1790257023237,4259.9400000000,4260.0200000000
1790257023538,4259.9500000000,4260.0300000000
1790257023943,4260.1300000000,4260.2100000000
1790257025151,4260.0700000000,4260.1500000000
1790257025554,4260.0600000000,4260.1400000000
1790257025957,4260.0700000000,4260.1500000000
1790257026359,4260.0000000000,4260.0800000000
1790257027165,4259.4600000000,4259.5400000000
1790257027567,4259.4800000000,4259.5600000000
1790257027970,4259.5500000000,4259.6300000000
1790257028372,4259.5800000000,4259.6600000000
1790257029580,4259.5900000000,4259.6700000000
1790257029983,4259.5000000000,4259.5800000000
1790257030385,4259.4900000000,4259.5700000000
1790257030787,4259.5400000000,4259.6200000000
1790257031190,4259.5600000000,4259.6400000000
1790257031592,4259.5000000000,4259.5800000000
1790257033203,4259.3700000000,4259.4500000000
1790257033606,4259.0800000000,4259.1600000000
1790257034009,4259.1400000000,4259.2200000000
1790257034411,4259.1000000000,4259.1800000000
1790257034815,4259.1300000000,4259.2100000000
1790257035219,4259.1000000000,4259.1800000000
1790257036024,4259.0800000000,4259.1600000000
1790257036427,4258.8900000000,4258.9700000000
1790257036830,4258.8700000000,4258.9500000000
1790257037233,4258.8400000000,4258.9200000000
1790257038037,4259.5000000000,4259.5800000000
1790257038440,4259.4900000000,4259.5700000000
1790257038842,4259.4800000000,4259.5600000000
1790257039345,4259.4700000000,4259.5500000000
1790257039748,4259.5700000000,4259.6500000000
1790257040151,4259.5900000000,4259.6700000000
1790257040956,4259.7100000000,4259.7900000000
1790257041358,4259.6300000000,4259.7100000000
1790257042164,4259.5700000000,4259.6500000000
1790257042565,4259.6200000000,4259.7000000000
1790257042967,4259.6300000000,4259.7100000000
1790257043370,4259.4400000000,4259.5200000000
1790257043773,4259.5200000000,4259.6000000000
1790257044175,4259.5300000000,4259.6100000000
1790257044577,4259.4900000000,4259.5700000000
1790257044979,4259.5300000000,4259.6100000000
1790257045382,4259.5600000000,4259.6400000000
1790257045785,4259.5800000000,4259.6600000000
1790257046188,4259.5700000000,4259.6500000000
1790257046993,4259.5600000000,4259.6400000000
1790257047395,4259.5200000000,4259.6000000000
1790257047797,4259.3700000000,4259.4500000000
1790257048200,4259.7900000000,4259.8700000000
1790257048602,4259.6400000000,4259.7200000000
1790257049005,4259.5900000000,4259.6700000000
1790257049407,4259.5700000000,4259.6500000000
1790257049809,4259.5600000000,4259.6400000000
1790257050615,4259.5800000000,4259.6600000000
1790257051018,4259.6100000000,4259.6900000000
1790257051420,4259.6600000000,4259.7400000000
1790257051822,4259.6400000000,4259.7200000000
1790257052225,4259.7400000000,4259.8200000000
1790257052628,4259.6900000000,4259.7700000000
1790257053030,4259.6700000000,4259.7500000000
1790257053433,4259.4900000000,4259.5700000000
1790257053836,4259.2500000000,4259.3300000000
1790257054239,4259.1900000000,4259.2700000000
1790257054642,4259.3400000000,4259.4200000000
1790257055044,4259.3600000000,4259.4400000000
1790257055447,4259.4900000000,4259.5700000000
1790257056253,4259.4100000000,4259.4900000000
1790257056655,4259.4200000000,4259.5000000000
1790257057058,4259.4300000000,4259.5100000000
1790257057460,4259.3900000000,4259.4700000000
1790257057863,4259.4000000000,4259.4800000000
1790257058266,4259.7900000000,4259.8700000000
1790257059070,4259.7600000000,4259.8400000000
1790257059875,4259.8000000000,4259.8800000000
1790257060278,4259.8900000000,4259.9700000000
1790257061083,4259.8800000000,4259.9600000000
1790257061486,4259.8000000000,4259.8800000000
1790257061889,4259.8300000000,4259.9100000000
1790257062291,4259.7000000000,4259.7700000000
1790257062694,4259.6800000000,4259.7500000000
1790257063096,4259.6600000000,4259.7300000000
1790257063600,4259.6700000000,4259.7400000000
1790257064003,4259.7200000000,4259.7900000000
1790257064808,4259.6100000000,4259.6800000000
1790257065211,4259.4000000000,4259.4700000000
1790257065613,4259.3400000000,4259.4100000000
1790257066016,4259.3300000000,4259.4000000000
1790257066418,4259.3500000000,4259.4200000000
1790257067627,4259.3600000000,4259.4300000000
1790257068030,4259.1900000000,4259.2600000000
1790257068432,4259.4500000000,4259.5200000000
1790257068835,4259.4200000000,4259.4900000000
1790257069161,4259.5000000000,4259.5700000000
1790257069967,4259.5300000000,4259.6000000000
1790257070369,4259.5800000000,4259.6500000000
1790257070771,4259.7200000000,4259.7900000000
1790257071173,4260.0300000000,4260.1000000000
1790257071576,4260.1600000000,4260.2300000000
1790257072079,4260.2200000000,4260.2900000000
1790257072381,4260.2700000000,4260.3400000000
1790257072783,4260.5000000000,4260.5700000000
1790257073689,4260.4600000000,4260.5300000000
1790257073991,4260.2800000000,4260.3500000000
1790257074393,4259.9500000000,4260.0200000000
1790257074798,4259.7400000000,4259.8100000000
1790257075200,4259.7000000000,4259.7800000000
1790257075603,4259.6700000000,4259.7500000000
1790257076408,4259.5800000000,4259.6600000000
1790257077214,4259.6200000000,4259.7000000000
1790257077616,4259.6300000000,4259.7100000000
1790257078018,4259.6600000000,4259.7400000000
1790257078523,4259.5900000000,4259.6700000000
1790257078925,4259.6000000000,4259.6800000000
1790257079227,4259.6100000000,4259.6900000000
1790257079628,4260.0300000000,4260.1100000000
1790257080031,4260.0300000000,4260.1100000000
1790257080434,4260.1100000000,4260.1900000000
1790257081340,4260.0900000000,4260.1700000000
1790257081742,4259.9900000000,4260.0700000000
1790257082044,4260.0100000000,4260.0900000000
1790257082446,4259.9100000000,4259.9900000000
1790257082950,4259.8700000000,4259.9500000000
1790257083755,4259.6600000000,4259.7400000000
1790257084159,4259.6300000000,4259.7100000000
1790257084561,4260.0100000000,4260.0900000000
1790257084963,4260.1000000000,4260.1800000000
1790257085366,4260.0900000000,4260.1700000000
1790257085768,4260.2000000000,4260.2800000000
1790257086574,4260.1900000000,4260.2700000000
1790257086976,4260.2200000000,4260.3000000000
1790257087379,4260.1400000000,4260.2200000000
1790257087781,4260.0700000000,4260.1500000000
1790257088183,4260.1200000000,4260.2000000000
1790257088586,4260.0200000000,4260.1000000000
1790257088989,4259.9900000000,4260.0700000000
1790257089391,4259.9600000000,4260.0400000000
1790257089793,4259.9200000000,4260.0000000000
1790257090196,4259.8900000000,4259.9700000000
1790257091002,4259.6200000000,4259.7000000000
1790257091403,4259.5400000000,4259.6200000000
1790257091806,4259.6000000000,4259.6800000000
1790257092209,4259.5800000000,4259.6600000000
1790257092611,4259.6300000000,4259.7100000000
1790257093014,4259.7000000000,4259.7800000000
1790257093416,4259.3800000000,4259.4600000000
1790257093819,4259.2000000000,4259.2800000000
1790257094221,4259.1900000000,4259.2700000000
1790257094624,4259.2900000000,4259.3700000000
1790257095026,4259.3100000000,4259.3900000000
1790257095431,4259.5700000000,4259.6500000000
1790257095834,4259.8500000000,4259.9300000000
1790257096237,4260.0000000000,4260.0800000000
1790257096639,4260.3200000000,4260.4000000000
1790257097041,4260.3400000000,4260.4200000000
1790257097444,4260.2300000000,4260.3200000000
1790257097846,4260.2000000000,4260.2900000000
1790257098249,4260.3200000000,4260.4100000000
1790257098651,4260.4100000000,4260.5000000000
1790257099054,4260.4000000000,4260.4900000000
1790257099456,4260.4900000000,4260.5800000000
1790257099859,4260.5300000000,4260.6200000000
1790257100261,4260.8000000000,4260.8900000000
1790257100664,4260.7200000000,4260.8100000000
1790257101067,4260.9000000000,4260.9900000000
1790257101470,4260.8900000000,4260.9800000000
1790257101873,4260.7800000000,4260.8700000000
1790257102275,4260.7900000000,4260.8800000000
1790257103081,4260.8300000000,4260.9200000000
1790257103886,4260.8900000000,4260.9800000000
1790257104289,4260.9000000000,4260.9900000000
1790257104693,4260.7300000000,4260.8200000000
1790257105096,4260.7400000000,4260.8300000000
1790257105498,4260.7600000000,4260.8500000000
1790257105900,4260.7300000000,4260.8200000000
1790257106303,4260.7500000000,4260.8300000000
1790257107108,4260.7300000000,4260.8100000000
1790257107511,4260.8200000000,4260.9000000000
1790257107913,4260.9500000000,4261.0300000000
1790257108316,4261.0900000000,4261.1700000000
1790257108718,4261.0600000000,4261.1400000000
1790257109525,4260.5700000000,4260.6500000000
1790257109927,4260.3400000000,4260.4200000000
1790257110330,4260.2700000000,4260.3600000000
1790257110732,4260.2200000000,4260.3100000000
1790257111135,4260.3000000000,4260.3900000000
1790257112343,4260.1900000000,4260.2800000000
1790257112745,4260.0500000000,4260.1400000000
1790257113148,4260.0600000000,4260.1500000000
1790257113551,4260.0400000000,4260.1300000000
1790257113954,4259.7700000000,4259.8600000000
1790257114758,4259.7900000000,4259.8800000000
1790257115562,4259.7800000000,4259.8700000000
1790257116367,4259.7700000000,4259.8600000000
1790257116870,4259.7000000000,4259.7900000000
1790257117273,4259.6800000000,4259.7700000000
1790257117675,4259.6500000000,4259.7400000000
1790257118078,4259.6000000000,4259.6900000000
1790257118481,4259.6800000000,4259.7700000000
1790257118783,4259.6700000000,4259.7600000000
1790257119186,4259.6100000000,4259.7000000000
1790257119689,4259.5900000000,4259.6800000000
1790257120092,4259.5600000000,4259.6500000000
1790257120494,4259.5100000000,4259.5900000000
1790257121299,4259.9400000000,4260.0200000000
1790257121703,4260.0300000000,4260.1100000000
1790257122105,4259.9800000000,4260.0600000000
1790257122508,4260.0000000000,4260.0900000000
1790257122910,4260.1500000000,4260.2400000000
1790257123313,4260.0000000000,4260.0900000000
1790257123716,4260.2000000000,4260.2900000000
1790257124118,4260.1600000000,4260.2500000000
1790257124520,4260.1800000000,4260.2600000000
1790257124923,4260.5200000000,4260.6000000000
1790257125325,4260.6000000000,4260.6900000000
1790257125727,4260.7100000000,4260.8000000000
1790257126130,4260.6900000000,4260.7800000000
1790257126533,4260.6800000000,4260.7700000000
1790257126935,4260.6400000000,4260.7300000000
1790257127338,4260.4700000000,4260.5500000000
1790257127740,4260.4100000000,4260.4900000000
1790257128144,4260.3700000000,4260.4500000000
1790257128546,4260.3400000000,4260.4200000000
1790257128950,4260.5400000000,4260.6200000000
1790257129352,4260.8700000000,4260.9500000000
1790257129754,4260.9000000000,4260.9800000000
1790257130157,4261.0300000000,4261.1100000000
1790257130559,4261.1000000000,4261.1800000000
1790257130962,4261.1100000000,4261.1900000000
1790257131365,4261.1600000000,4261.2400000000
1790257131768,4261.2400000000,4261.3200000000
1790257132171,4261.2300000000,4261.3100000000
1790257132573,4261.0100000000,4261.0900000000
1790257132976,4261.0800000000,4261.1600000000
1790257133379,4261.2200000000,4261.3000000000
1790257133783,4261.2900000000,4261.3700000000
1790257134185,4261.2800000000,4261.3600000000
1790257134587,4261.2700000000,4261.3500000000
1790257134990,4261.4700000000,4261.5500000000
1790257135392,4261.5100000000,4261.5900000000
1790257135795,4261.3500000000,4261.4300000000
1790257136197,4261.2100000000,4261.2900000000
1790257136600,4261.2600000000,4261.3400000000
1790257137003,4260.9500000000,4261.0300000000
1790257137405,4260.9400000000,4261.0200000000
1790257138210,4260.9900000000,4261.0700000000
1790257138611,4260.9000000000,4260.9800000000
1790257139417,4260.8800000000,4260.9600000000
1790257139821,4260.9500000000,4261.0300000000
1790257140223,4260.9900000000,4261.0700000000
1790257140626,4261.0400000000,4261.1200000000
1790257141029,4260.9200000000,4261.0000000000
1790257141431,4260.7800000000,4260.8600000000
1790257141833,4260.7700000000,4260.8500000000
1790257142236,4260.8400000000,4260.9200000000
1790257143444,4260.9600000000,4261.0400000000
1790257143847,4261.0500000000,4261.1300000000
1790257144249,4261.0600000000,4261.1400000000
1790257144651,4261.0400000000,4261.1200000000
1790257145054,4261.1000000000,4261.1800000000
1790257145457,4261.2100000000,4261.2900000000
1790257145860,4261.1800000000,4261.2600000000
1790257146664,4261.1400000000,4261.2200000000
1790257147067,4261.2300000000,4261.3100000000
1790257147470,4261.2400000000,4261.3200000000
1790257147872,4261.2000000000,4261.2800000000
1790257148274,4261.2800000000,4261.3600000000
1790257148677,4261.2700000000,4261.3500000000
1790257149080,4261.1500000000,4261.2300000000
1790257149884,4261.0700000000,4261.1500000000
1790257150287,4261.0300000000,4261.1100000000
1790257150690,4261.0200000000,4261.1000000000
1790257151092,4260.9400000000,4261.0200000000
1790257151495,4260.9100000000,4260.9900000000
1790257151897,4260.9000000000,4260.9800000000
1790257152301,4260.9300000000,4261.0100000000
1790257152704,4261.0100000000,4261.0900000000
1790257153105,4261.0000000000,4261.0700000000
1790257153509,4261.1400000000,4261.2100000000
1790257153911,4261.1600000000,4261.2300000000
1790257154313,4261.0800000000,4261.1500000000
1790257154715,4261.2500000000,4261.3200000000
1790257155118,4261.2300000000,4261.3000000000
1790257155522,4261.2400000000,4261.3100000000
1790257156328,4261.2500000000,4261.3200000000
1790257156730,4261.2700000000,4261.3400000000
1790257157133,4261.3100000000,4261.3800000000
1790257157535,4261.1500000000,4261.2200000000
1790257157937,4261.1400000000,4261.2100000000
1790257158340,4261.2800000000,4261.3500000000
1790257158742,4261.2700000000,4261.3400000000
1790257159547,4261.3400000000,4261.4100000000
1790257159950,4261.3600000000,4261.4300000000
1790257160353,4261.3700000000,4261.4400000000
1790257161160,4261.4100000000,4261.4800000000
1790257162367,4261.4800000000,4261.5500000000
1790257162769,4261.8700000000,4261.9400000000
1790257163172,4261.8300000000,4261.9000000000
1790257163575,4262.1800000000,4262.2500000000
1790257163976,4262.1700000000,4262.2400000000
1790257164379,4262.2100000000,4262.2800000000
1790257164781,4262.1800000000,4262.2500000000
1790257165183,4262.1200000000,4262.1900000000
1790257165686,4262.1100000000,4262.1800000000
1790257165988,4262.2200000000,4262.2900000000
1790257166491,4262.2300000000,4262.3000000000
1790257166893,4262.2500000000,4262.3200000000
1790257167295,4262.2200000000,4262.2900000000
1790257167698,4262.2100000000,4262.2800000000
1790257168101,4262.4500000000,4262.5200000000
1790257168503,4262.4700000000,4262.5400000000
1790257168905,4262.4600000000,4262.5300000000
1790257169308,4262.5000000000,4262.5700000000
1790257169710,4262.3600000000,4262.4300000000
1790257170113,4262.2900000000,4262.3600000000
1790257170516,4262.3200000000,4262.3900000000
1790257170919,4262.4000000000,4262.4700000000
1790257171321,4262.3600000000,4262.4300000000
1790257172126,4262.3400000000,4262.4100000000
1790257172931,4262.3600000000,4262.4300000000
1790257173334,4262.3100000000,4262.3800000000
1790257173736,4262.3200000000,4262.3900000000
1790257174540,4262.3000000000,4262.3700000000
1790257175346,4262.2900000000,4262.3600000000
1790257175748,4262.2700000000,4262.3400000000
1790257176151,4262.2400000000,4262.3100000000
1790257176553,4262.2300000000,4262.3000000000
1790257176956,4262.2200000000,4262.2900000000
1790257177358,4262.1600000000,4262.2300000000
1790257177760,4262.1200000000,4262.1900000000
1790257178163,4262.1400000000,4262.2100000000
1790257178566,4261.9000000000,4261.9700000000
1790257178968,4261.9300000000,4262.0000000000
1790257179371,4261.8400000000,4261.9100000000
1790257179775,4261.7200000000,4261.7900000000
1790257180178,4261.5200000000,4261.5900000000
1790257180580,4261.3800000000,4261.4500000000
1790257180984,4261.2300000000,4261.3000000000
1790257181387,4261.5100000000,4261.5800000000
1790257181788,4261.4600000000,4261.5300000000
1790257182191,4261.5100000000,4261.5800000000
1790257182594,4261.4800000000,4261.5500000000
1790257182996,4261.5000000000,4261.5700000000
1790257183399,4261.6700000000,4261.7400000000
1790257183801,4261.6800000000,4261.7500000000
1790257184203,4261.5800000000,4261.6500000000
1790257184606,4261.7000000000,4261.7700000000
1790257185009,4261.7300000000,4261.8000000000
1790257185411,4261.7700000000,4261.8400000000
1790257186216,4261.7400000000,4261.8100000000
1790257186618,4261.7700000000,4261.8400000000
1790257187424,4261.6700000000,4261.7400000000
1790257187826,4261.5400000000,4261.6100000000
1790257188229,4261.5000000000,4261.5700000000
1790257188631,4261.4200000000,4261.4900000000
1790257190241,4261.5700000000,4261.6400000000
1790257190644,4261.6400000000,4261.7100000000
1790257191048,4261.5500000000,4261.6200000000
1790257191452,4261.5300000000,4261.6000000000
1790257191855,4261.5700000000,4261.6400000000
1790257192257,4261.6200000000,4261.6900000000
1790257192660,4261.5900000000,4261.6600000000
1790257193063,4261.5000000000,4261.5700000000
1790257193465,4261.1900000000,4261.2600000000
1790257193867,4261.2900000000,4261.3600000000
1790257194270,4261.3200000000,4261.3900000000
1790257195075,4261.3100000000,4261.3800000000
1790257195477,4261.1500000000,4261.2200000000
1790257195879,4261.0800000000,4261.1500000000
1790257196282,4261.0700000000,4261.1400000000
1790257196684,4261.0600000000,4261.1300000000
1790257197087,4260.6100000000,4260.6800000000
1790257197490,4260.6600000000,4260.7300000000
1790257197892,4260.6900000000,4260.7600000000
1790257198295,4260.6600000000,4260.7300000000
1790257198697,4260.6500000000,4260.7200000000
1790257199502,4260.5600000000,4260.6300000000
1790257199905,4260.5700000000,4260.6400000000
1790257200710,4260.6800000000,4260.7500000000
1790257201918,4260.7300000000,4260.8000000000
1790257202320,4260.8600000000,4260.9300000000
1790257202723,4260.8500000000,4260.9200000000
1790257203126,4260.7900000000,4260.8600000000
1790257203528,4260.6100000000,4260.6800000000
1790257203930,4260.5700000000,4260.6400000000
1790257204333,4260.5200000000,4260.5900000000
1790257204735,4260.5100000000,4260.5800000000
1790257205541,4260.5300000000,4260.6000000000
1790257206346,4260.5400000000,4260.6100000000
1790257206749,4260.6100000000,4260.6800000000
1790257207152,4260.6900000000,4260.7600000000
1790257207555,4260.7300000000,4260.8000000000
1790257207957,4260.8100000000,4260.8800000000
1790257208360,4260.8300000000,4260.9000000000
1790257209165,4260.8100000000,4260.8800000000
1790257210372,4260.8000000000,4260.8700000000
1790257210775,4260.8100000000,4260.8800000000
1790257211178,4260.7400000000,4260.8100000000
1790257211581,4260.4400000000,4260.5100000000
1790257212386,4260.1200000000,4260.1900000000
1790257212788,4260.4600000000,4260.5300000000
1790257213190,4260.0900000000,4260.1600000000
1790257213592,4259.9800000000,4260.0500000000
1790257214396,4259.8800000000,4259.9500000000
1790257214798,4259.8900000000,4259.9600000000
1790257215607,4259.9100000000,4259.9800000000
1790257216009,4259.8800000000,4259.9500000000
1790257216413,4259.6900000000,4259.7600000000
1790257216816,4259.6700000000,4259.7400000000
1790257218023,4259.6600000000,4259.7300000000
1790257218426,4259.6100000000,4259.6800000000
1790257218829,4259.6300000000,4259.7000000000
1790257219635,4259.6500000000,4259.7200000000
1790257220439,4259.8000000000,4259.8700000000
1790257220842,4259.8400000000,4259.9100000000
1790257221244,4259.8100000000,4259.8800000000
1790257221647,4259.8200000000,4259.8900000000
1790257222855,4260.2300000000,4260.3000000000
1790257223257,4260.1200000000,4260.1900000000
1790257223659,4260.0900000000,4260.1600000000
1790257224062,4259.9800000000,4260.0500000000
1790257224465,4259.9200000000,4259.9900000000
1790257224868,4259.8900000000,4259.9600000000
1790257225270,4259.9600000000,4260.0300000000
1790257225673,4259.9700000000,4260.0400000000
1790257226075,4259.9800000000,4260.0500000000
1790257226880,4259.8600000000,4259.9300000000
1790257227282,4259.8500000000,4259.9200000000
1790257228490,4260.0400000000,4260.1100000000
1790257228893,4260.2400000000,4260.3100000000
1790257229295,4260.2500000000,4260.3200000000
1790257230101,4260.2300000000,4260.3000000000
1790257230503,4260.3700000000,4260.4400000000
1790257230905,4260.3100000000,4260.3800000000
1790257231308,4260.2500000000,4260.3200000000
1790257231710,4260.1000000000,4260.1700000000
1790257232113,4260.1600000000,4260.2300000000
1790257232516,4260.2500000000,4260.3200000000
1790257232918,4260.3500000000,4260.4200000000
1790257233723,4260.3100000000,4260.3800000000
1790257234126,4260.3200000000,4260.3900000000
1790257234527,4260.3300000000,4260.4000000000
1790257234930,4260.2600000000,4260.3300000000
1790257235333,4260.0000000000,4260.0700000000
1790257236139,4259.9000000000,4259.9700000000
1790257236542,4259.6900000000,4259.7600000000
1790257236945,4259.6300000000,4259.7000000000
1790257237347,4259.6200000000,4259.6900000000
1790257237750,4259.6100000000,4259.6800000000
1790257239360,4259.6500000000,4259.7200000000
1790257239863,4259.6000000000,4259.6700000000
1790257240266,4259.5800000000,4259.6500000000
1790257240568,4259.5600000000,4259.6300000000
1790257241071,4259.2800000000,4259.3500000000
1790257241473,4259.2500000000,4259.3200000000
1790257241876,4259.2600000000,4259.3300000000
1790257242681,4259.3200000000,4259.3900000000
1790257243084,4259.4100000000,4259.4800000000
1790257243487,4259.3000000000,4259.3700000000
1790257243789,4259.2400000000,4259.3100000000
1790257244193,4259.3000000000,4259.3700000000
1790257244596,4259.3200000000,4259.3900000000
1790257244998,4259.3400000000,4259.4100000000
1790257245501,4259.4900000000,4259.5600000000
1790257245903,4259.5300000000,4259.6000000000
1790257246306,4259.6900000000,4259.7600000000
1790257246607,4259.7000000000,4259.7700000000
1790257247111,4259.7600000000,4259.8300000000
1790257247513,4259.8700000000,4259.9400000000
1790257247915,4259.8800000000,4259.9500000000
1790257248318,4260.1200000000,4260.1900000000
1790257248720,4260.0600000000,4260.1300000000
1790257249123,4260.0900000000,4260.1600000000
1790257249526,4260.0500000000,4260.1200000000
1790257249928,4260.0400000000,4260.1100000000
1790257250331,4259.9900000000,4260.0600000000
1790257250733,4259.9300000000,4260.0000000000
1790257251136,4259.8800000000,4259.9500000000
1790257251539,4259.9100000000,4259.9800000000
1790257251941,4259.9700000000,4260.0400000000
1790257252344,4260.1300000000,4260.2000000000
1790257252746,4259.8600000000,4259.9300000000
1790257253149,4259.8900000000,4259.9600000000
1790257253552,4259.9500000000,4260.0200000000
1790257253954,4259.9700000000,4260.0400000000
1790257254357,4260.0300000000,4260.1000000000
1790257254759,4260.0200000000,4260.0900000000
1790257255162,4260.5900000000,4260.6600000000
1790257255966,4261.2900000000,4261.3600000000
1790257256369,4261.1300000000,4261.2000000000
1790257256772,4261.0300000000,4261.1000000000
1790257257174,4261.1200000000,4261.1900000000
1790257257577,4261.0300000000,4261.1000000000
1790257257979,4261.0200000000,4261.0900000000
1790257258784,4261.1500000000,4261.2200000000
1790257259589,4261.2100000000,4261.2800000000
1790257260395,4261.1500000000,4261.2200000000
1790257260798,4261.0500000000,4261.1200000000
1790257261200,4260.9600000000,4261.0300000000
1790257261604,4260.8500000000,4260.9200000000
1790257262007,4260.6300000000,4260.7000000000
1790257262410,4260.6100000000,4260.6800000000
1790257262813,4260.7700000000,4260.8400000000
1790257263216,4260.8400000000,4260.9100000000
1790257263619,4260.9800000000,4261.0500000000
1790257264021,4261.0100000000,4261.0800000000
1790257264424,4260.8500000000,4260.9200000000
1790257264828,4260.7900000000,4260.8600000000
1790257265231,4260.7300000000,4260.8000000000
1790257265633,4260.7000000000,4260.7700000000
1790257266035,4260.7400000000,4260.8100000000
1790257266438,4260.7600000000,4260.8300000000
1790257267244,4261.0500000000,4261.1200000000
1790257267645,4261.0700000000,4261.1400000000
1790257268049,4261.0800000000,4261.1500000000
1790257268451,4261.0900000000,4261.1600000000
1790257269255,4261.0300000000,4261.1000000000
1790257269658,4261.0200000000,4261.0900000000
1790257270865,4261.0100000000,4261.0800000000
1790257272478,4260.6800000000,4260.7500000000
1790257272880,4260.7000000000,4260.7700000000
1790257273685,4260.8800000000,4260.9500000000
1790257274087,4260.7200000000,4260.7900000000
1790257274490,4260.7300000000,4260.8000000000
1790257274892,4260.6900000000,4260.7600000000
1790257275294,4260.5800000000,4260.6500000000
1790257276504,4260.6000000000,4260.6700000000
1790257276906,4260.7400000000,4260.8100000000
1790257277309,4260.8000000000,4260.8700000000
1790257277711,4260.7900000000,4260.8600000000
1790257278114,4260.8800000000,4260.9500000000
1790257278516,4260.7800000000,4260.8500000000
1790257279321,4260.8900000000,4260.9600000000
1790257279723,4260.8700000000,4260.9400000000
1790257280126,4260.8900000000,4260.9600000000
1790257280529,4260.8800000000,4260.9500000000
1790257281334,4260.8700000000,4260.9400000000
1790257281736,4260.7300000000,4260.8000000000
1790257282139,4260.7900000000,4260.8600000000
1790257282541,4260.8100000000,4260.8800000000
1790257282943,4260.7100000000,4260.7800000000
1790257283346,4260.7200000000,4260.7900000000
1790257283749,4260.7100000000,4260.7800000000
1790257284151,4260.4300000000,4260.5000000000
1790257284554,4260.4200000000,4260.4900000000
1790257284956,4260.4300000000,4260.5000000000
1790257285359,4260.3700000000,4260.4400000000
1790257286165,4260.4100000000,4260.4800000000
1790257286970,4260.4000000000,4260.4700000000
1790257287775,4260.4800000000,4260.5500000000
1790257288177,4260.9400000000,4261.0100000000
1790257288580,4260.9900000000,4261.0600000000
1790257288982,4260.9500000000,4261.0200000000
1790257289385,4260.6500000000,4260.7200000000
1790257289788,4260.6000000000,4260.6700000000
1790257290190,4260.6500000000,4260.7200000000
1790257290592,4260.5200000000,4260.5900000000
1790257290995,4260.5100000000,4260.5800000000
1790257291398,4260.4900000000,4260.5600000000
1790257291801,4260.4000000000,4260.4700000000
1790257292204,4260.3600000000,4260.4300000000
1790257292608,4260.5100000000,4260.5800000000
1790257293010,4260.7000000000,4260.7700000000
1790257293413,4260.7100000000,4260.7800000000
1790257293815,4260.5900000000,4260.6600000000
1790257294218,4260.7300000000,4260.8000000000
1790257294621,4260.7700000000,4260.8400000000
1790257295024,4260.7400000000,4260.8100000000
1790257295426,4260.8900000000,4260.9600000000
1790257295829,4260.9200000000,4260.9900000000
1790257296231,4260.9400000000,4261.0100000000
1790257297438,4260.9600000000,4261.0300000000
1790257297841,4260.9400000000,4261.0100000000
1790257298243,4260.9500000000,4261.0200000000
1790257299955,4260.9700000000,4261.0400000000
1790257300358,4260.9500000000,4261.0200000000
1790257300760,4260.9600000000,4261.0300000000
1790257301163,4261.2700000000,4261.3400000000
1790257301465,4261.1900000000,4261.2600000000
1790257301867,4261.3600000000,4261.4300000000
1790257302370,4261.3800000000,4261.4500000000
1790257302773,4261.3400000000,4261.4100000000
1790257303075,4261.3200000000,4261.3900000000
1790257303478,4261.2800000000,4261.3500000000
1790257303881,4261.2400000000,4261.3100000000
1790257304284,4261.2200000000,4261.2900000000
1790257304686,4261.2300000000,4261.3000000000
1790257305088,4261.3100000000,4261.3800000000
1790257305491,4261.2700000000,4261.3400000000
1790257305994,4261.2900000000,4261.3600000000
1790257306801,4261.2800000000,4261.3500000000
1790257307203,4261.3200000000,4261.3900000000
1790257307607,4261.2000000000,4261.2700000000
1790257308009,4260.9400000000,4261.0100000000
1790257308411,4260.9100000000,4260.9800000000
1790257308814,4260.9000000000,4260.9700000000
1790257309216,4260.8700000000,4260.9400000000
1790257309518,4260.8800000000,4260.9500000000
1790257310826,4261.0400000000,4261.1100000000
1790257311228,4261.1500000000,4261.2200000000
1790257311631,4261.0500000000,4261.1200000000
1790257312033,4261.0400000000,4261.1100000000
1790257312838,4261.0000000000,4261.0700000000
1790257313342,4261.0100000000,4261.0800000000
1790257314046,4261.0000000000,4261.0700000000
1790257315657,4261.0200000000,4261.0900000000
1790257316060,4260.9900000000,4261.0600000000
1790257316463,4260.9800000000,4261.0500000000
1790257316865,4260.9500000000,4261.0200000000
1790257317267,4260.9400000000,4261.0100000000
1790257317670,4261.0300000000,4261.1000000000
1790257318073,4261.0500000000,4261.1200000000
1790257318476,4261.0100000000,4261.0800000000
1790257318879,4261.0900000000,4261.1600000000
1790257319281,4261.0800000000,4261.1500000000
1790257319684,4261.1200000000,4261.1900000000
1790257320087,4261.1300000000,4261.2000000000
1790257320490,4261.1200000000,4261.1900000000
1790257320892,4261.2600000000,4261.3300000000
1790257321295,4261.2700000000,4261.3400000000
1790257322101,4261.2500000000,4261.3200000000
1790257322504,4261.2900000000,4261.3600000000
1790257322906,4261.3400000000,4261.4100000000
1790257323309,4261.4700000000,4261.5400000000
1790257324114,4261.5100000000,4261.5800000000
1790257324516,4261.7000000000,4261.7700000000
1790257324919,4261.6900000000,4261.7600000000
1790257325322,4261.6700000000,4261.7400000000
1790257325724,4261.6300000000,4261.7000000000
1790257326127,4261.6000000000,4261.6700000000
1790257326530,4261.6800000000,4261.7500000000
1790257326932,4261.7500000000,4261.8200000000
1790257327335,4261.7400000000,4261.8100000000
1790257327737,4261.7200000000,4261.7900000000
1790257328140,4261.7000000000,4261.7700000000
1790257328543,4261.6500000000,4261.7200000000
1790257328947,4261.6700000000,4261.7400000000
1790257329349,4261.6500000000,4261.7200000000
1790257329752,4261.6200000000,4261.6900000000
1790257330154,4261.8600000000,4261.9300000000
1790257330960,4261.9000000000,4261.9700000000
1790257331363,4261.9100000000,4261.9800000000
1790257331765,4261.9800000000,4262.0500000000
1790257332168,4262.0400000000,4262.1100000000
1790257332570,4262.1700000000,4262.2400000000
1790257332972,4262.1900000000,4262.2600000000
1790257333375,4262.2000000000,4262.2700000000
1790257333778,4262.2100000000,4262.2800000000
1790257334180,4262.0200000000,4262.0900000000
1790257334583,4262.0000000000,4262.0700000000
1790257335388,4261.9900000000,4262.0600000000
1790257336197,4261.9800000000,4262.0500000000
1790257336601,4261.9900000000,4262.0600000000
1790257337406,4261.9800000000,4262.0500000000
1790257338211,4262.2100000000,4262.2800000000
1790257338613,4262.2300000000,4262.3000000000
1790257339017,4262.1500000000,4262.2200000000
1790257339419,4261.8900000000,4261.9600000000
1790257339821,4261.9300000000,4262.0000000000
1790257340224,4261.9700000000,4262.0400000000
1790257341432,4262.0200000000,4262.0900000000
1790257341835,4262.0400000000,4262.1100000000
1790257342237,4262.0000000000,4262.0700000000
1790257342640,4262.3700000000,4262.4400000000
1790257343446,4262.4000000000,4262.4700000000
1790257343849,4262.2100000000,4262.2800000000
1790257344252,4262.1800000000,4262.2500000000
1790257344654,4262.1700000000,4262.2400000000
1790257345057,4261.5300000000,4261.6000000000
1790257345460,4261.5000000000,4261.5700000000
1790257345862,4261.4700000000,4261.5400000000
1790257346265,4261.4500000000,4261.5200000000
1790257347877,4261.4800000000,4261.5500000000
1790257348280,4261.3800000000,4261.4500000000
1790257348681,4261.2600000000,4261.3300000000
1790257349084,4261.2500000000,4261.3200000000
1790257349486,4261.1900000000,4261.2600000000
1790257349889,4261.2200000000,4261.2900000000
1790257350291,4261.2400000000,4261.3100000000
1790257350693,4261.2700000000,4261.3400000000
1790257351096,4261.2900000000,4261.3600000000
1790257351901,4261.2800000000,4261.3500000000
1790257352304,4261.2900000000,4261.3600000000
1790257352706,4261.3000000000,4261.3700000000
1790257353109,4261.2900000000,4261.3600000000
1790257353512,4261.3000000000,4261.3700000000
1790257353914,4261.3600000000,4261.4300000000
1790257354317,4261.3700000000,4261.4400000000
1790257354720,4261.3600000000,4261.4300000000
1790257355124,4261.3000000000,4261.3700000000
1790257357134,4261.2700000000,4261.3400000000
1790257357537,4261.3000000000,4261.3700000000
1790257358744,4261.3300000000,4261.4000000000
1790257359549,4261.4000000000,4261.4700000000
1790257360355,4261.6600000000,4261.7300000000
1790257360758,4261.6000000000,4261.6700000000
1790257361160,4261.5700000000,4261.6400000000
1790257361563,4261.6000000000,4261.6700000000
1790257361965,4261.6600000000,4261.7300000000
1790257362368,4261.6200000000,4261.6900000000
1790257362771,4261.5600000000,4261.6300000000
1790257363173,4261.6900000000,4261.7600000000
1790257363576,4261.7000000000,4261.7700000000
1790257363978,4261.8000000000,4261.8700000000
1790257364380,4261.8100000000,4261.8800000000
1790257364783,4261.7200000000,4261.7900000000
1790257365186,4261.6900000000,4261.7600000000
1790257365588,4261.6600000000,4261.7300000000
1790257365991,4261.8500000000,4261.9200000000
1790257366393,4261.9300000000,4262.0000000000
1790257366796,4261.8900000000,4261.9600000000
1790257367198,4261.7300000000,4261.8000000000
1790257367601,4261.6300000000,4261.7000000000
1790257369211,4261.6400000000,4261.7100000000
1790257370921,4261.6000000000,4261.6700000000
1790257371324,4261.5600000000,4261.6300000000
1790257371726,4261.6000000000,4261.6700000000
1790257372129,4261.5900000000,4261.6600000000
1790257372531,4261.5600000000,4261.6300000000
1790257372934,4261.4800000000,4261.5500000000
1790257373336,4261.4700000000,4261.5400000000
1790257373739,4261.4800000000,4261.5500000000
1790257374141,4261.4600000000,4261.5300000000
1790257374947,4261.4100000000,4261.4800000000
1790257375349,4261.6000000000,4261.6700000000
1790257375752,4261.6100000000,4261.6800000000
1790257376155,4261.6200000000,4261.6900000000
1790257376557,4261.8900000000,4261.9600000000
1790257377363,4261.8800000000,4261.9500000000
1790257377765,4261.8900000000,4261.9600000000
1790257378570,4261.8100000000,4261.8800000000
1790257378973,4261.7400000000,4261.8100000000
1790257379376,4261.7500000000,4261.8200000000
1790257379780,4261.7400000000,4261.8100000000
1790257380183,4261.7400000000,4261.8100000000
1790257380586,4261.5800000000,4261.6500000000
1790257380988,4261.4600000000,4261.5300000000
1790257381391,4261.3600000000,4261.4300000000
1790257381794,4261.3200000000,4261.3900000000
1790257382600,4260.9300000000,4261.0000000000
1790257383002,4260.8800000000,4260.9500000000
1790257383405,4260.8400000000,4260.9100000000
1790257384209,4260.8800000000,4260.9500000000
1790257384612,4260.8900000000,4260.9600000000
1790257385417,4260.8700000000,4260.9400000000
1790257385820,4260.8600000000,4260.9300000000
1790257386627,4260.9100000000,4260.9800000000
1790257387029,4260.8900000000,4260.9600000000
1790257387432,4260.8800000000,4260.9500000000
1790257389043,4260.8600000000,4260.9300000000
1790257389849,4260.7000000000,4260.7700000000
1790257391459,4260.6700000000,4260.7400000000
1790257391863,4260.5600000000,4260.6300000000
1790257392265,4260.8500000000,4260.9200000000
1790257392667,4260.8600000000,4260.9300000000
1790257393071,4260.8000000000,4260.8700000000
1790257393473,4260.7600000000,4260.8300000000
1790257394279,4260.7400000000,4260.8100000000
1790257395489,4260.7900000000,4260.8600000000
1790257395893,4260.7600000000,4260.8300000000
1790257396298,4260.7000000000,4260.7700000000
1790257396701,4260.6300000000,4260.7000000000
1790257397505,4260.6200000000,4260.6900000000
1790257397908,4260.5900000000,4260.6600000000
1790257398310,4260.6600000000,4260.7300000000
1790257398713,4260.7500000000,4260.8200000000
1790257399116,4260.7800000000,4260.8500000000
1790257399518,4260.6800000000,4260.7500000000
1790257399921,4260.4500000000,4260.5200000000
1790257400324,4260.4100000000,4260.4800000000
1790257400726,4260.4800000000,4260.5500000000
1790257401128,4260.5000000000,4260.5700000000
1790257401531,4260.4600000000,4260.5300000000
1790257401934,4260.4400000000,4260.5100000000
1790257402739,4260.4200000000,4260.4900000000
1790257403141,4260.3800000000,4260.4500000000
1790257403948,4260.3900000000,4260.4600000000
1790257404350,4260.3800000000,4260.4500000000
1790257404753,4260.3500000000,4260.4200000000
1790257405156,4260.2800000000,4260.3500000000
1790257405961,4260.1900000000,4260.2600000000
1790257406364,4260.1800000000,4260.2500000000
1790257406768,4260.1700000000,4260.2400000000
1790257407575,4260.1800000000,4260.2500000000
1790257407977,4260.2000000000,4260.2700000000
1790257408380,4259.9400000000,4260.0100000000
1790257409185,4259.9800000000,4260.0500000000
1790257409587,4259.9900000000,4260.0600000000
1790257409990,4260.1200000000,4260.1900000000
1790257410392,4260.1900000000,4260.2600000000
1790257412004,4260.1400000000,4260.2100000000
1790257412809,4260.1500000000,4260.2200000000
1790257413212,4260.0100000000,4260.0800000000
1790257414017,4260.0300000000,4260.1000000000
1790257414419,4260.0400000000,4260.1100000000
1790257414822,4259.8900000000,4259.9600000000
1790257415225,4259.8100000000,4259.8800000000
1790257415627,4259.7600000000,4259.8300000000
1790257416030,4259.6400000000,4259.7100000000
1790257416433,4259.6200000000,4259.6900000000
1790257417238,4259.7400000000,4259.8100000000
1790257417640,4259.7200000000,4259.7900000000
1790257418043,4259.7600000000,4259.8300000000
1790257418446,4259.8000000000,4259.8700000000
1790257419250,4259.8200000000,4259.8900000000
1790257420458,4259.6900000000,4259.7600000000
1790257420861,4259.6600000000,4259.7300000000
1790257421263,4259.6400000000,4259.7100000000
1790257422875,4259.6100000000,4259.6800000000
1790257423680,4259.5500000000,4259.6200000000
1790257424083,4259.5400000000,4259.6100000000
1790257424888,4259.5500000000,4259.6200000000
1790257425290,4259.5600000000,4259.6300000000
1790257425692,4259.5800000000,4259.6500000000
1790257426902,4259.5000000000,4259.5700000000
1790257427304,4259.5800000000,4259.6500000000
1790257427707,4259.6300000000,4259.7000000000
1790257428110,4259.5300000000,4259.6000000000
1790257428512,4259.4800000000,4259.5500000000
1790257428915,4259.4900000000,4259.5600000000
1790257429318,4259.2700000000,4259.3400000000
1790257429719,4259.2800000000,4259.3500000000
1790257430122,4259.4000000000,4259.4700000000
1790257430927,4259.4200000000,4259.4900000000
1790257431330,4259.3800000000,4259.4500000000
1790257432135,4259.3300000000,4259.4000000000
1790257432939,4259.3500000000,4259.4200000000
1790257433342,4259.3600000000,4259.4300000000
1790257433745,4259.3900000000,4259.4600000000
1790257434148,4259.4100000000,4259.4800000000
1790257435758,4259.4300000000,4259.5000000000
1790257436965,4259.4100000000,4259.4800000000
1790257437368,4259.3900000000,4259.4600000000
1790257438578,4259.4000000000,4259.4700000000
1790257438981,4259.3900000000,4259.4600000000
1790257440993,4259.5100000000,4259.5800000000
1790257441396,4259.5200000000,4259.5900000000
1790257442202,4259.5300000000,4259.6000000000
1790257442605,4259.5900000000,4259.6600000000
1790257443007,4259.5800000000,4259.6500000000
1790257443812,4259.6100000000,4259.6800000000
1790257444215,4259.5500000000,4259.6200000000
1790257444618,4259.4600000000,4259.5300000000
1790257445424,4259.4400000000,4259.5100000000
1790257447135,4259.2000000000,4259.2700000000
1790257447538,4259.1500000000,4259.2200000000
1790257447940,4258.9700000000,4259.0400000000
1790257448342,4259.0200000000,4259.0900000000
1790257448745,4259.0500000000,4259.1200000000
1790257449148,4259.0800000000,4259.1500000000
1790257449551,4259.0500000000,4259.1200000000
1790257449953,4259.0400000000,4259.1100000000
1790257450355,4259.0600000000,4259.1300000000
1790257451161,4259.0900000000,4259.1600000000
1790257452369,4259.1000000000,4259.1700000000
1790257452770,4259.0800000000,4259.1500000000
1790257453173,4259.1100000000,4259.1800000000
1790257453576,4259.1000000000,4259.1700000000
1790257453978,4258.9900000000,4259.0600000000
1790257454381,4259.0800000000,4259.1500000000
1790257454783,4259.0600000000,4259.1300000000
1790257455186,4259.1000000000,4259.1700000000
1790257455589,4259.2000000000,4259.2700000000
1790257455992,4259.1800000000,4259.2500000000
1790257456799,4259.1700000000,4259.2400000000
1790257457201,4259.2100000000,4259.2800000000
1790257457605,4259.2500000000,4259.3200000000
1790257458813,4259.2800000000,4259.3500000000
1790257459216,4259.2700000000,4259.3400000000
1790257459618,4259.2900000000,4259.3600000000
1790257460423,4259.3100000000,4259.3800000000
1790257460826,4259.3200000000,4259.3900000000
1790257461229,4259.3100000000,4259.3800000000
1790257461631,4259.3000000000,4259.3700000000
1790257462034,4259.2700000000,4259.3400000000
1790257462840,4259.2500000000,4259.3200000000
1790257463243,4259.3000000000,4259.3700000000
1790257463645,4259.3100000000,4259.3800000000
1790257464451,4259.3600000000,4259.4300000000
1790257466464,4259.3000000000,4259.3700000000
1790257467269,4259.2700000000,4259.3400000000
1790257470088,4259.0700000000,4259.1400000000
1790257470491,4259.0100000000,4259.0800000000
1790257470893,4258.9600000000,4259.0300000000
1790257472101,4258.9300000000,4259.0000000000
1790257472504,4258.8100000000,4258.8800000000
1790257473309,4258.7900000000,4258.8600000000
1790257474115,4258.7000000000,4258.7700000000
1790257474922,4258.6700000000,4258.7400000000
1790257475325,4258.6900000000,4258.7600000000
1790257475727,4258.7000000000,4258.7700000000
1790257476533,4258.6900000000,4258.7600000000
1790257476935,4258.6700000000,4258.7400000000
1790257477337,4258.6500000000,4258.7200000000
1790257478545,4258.6200000000,4258.6900000000
1790257478948,4258.5900000000,4258.6600000000
1790257479351,4258.6000000000,4258.6700000000
1790257480156,4258.5900000000,4258.6600000000
1790257480558,4258.5700000000,4258.6400000000
1790257480961,4258.5800000000,4258.6500000000
1790257481364,4258.6600000000,4258.7300000000
1790257481767,4258.6300000000,4258.7000000000
1790257482170,4258.5900000000,4258.6600000000
1790257483377,4258.5500000000,4258.6200000000
1790257485391,4258.3900000000,4258.4600000000
1790257485793,4258.1300000000,4258.2000000000
1790257486196,4258.0900000000,4258.1600000000
1790257486598,4258.1000000000,4258.1700000000
1790257487404,4258.1900000000,4258.2600000000
1790257487806,4258.1700000000,4258.2400000000
1790257488611,4258.1600000000,4258.2300000000
1790257489818,4258.1300000000,4258.2000000000
1790257490221,4258.1600000000,4258.2300000000
1790257490623,4258.0700000000,4258.1400000000
1790257491027,4258.0500000000,4258.1200000000
1790257491429,4258.0700000000,4258.1400000000
1790257491831,4258.1200000000,4258.1900000000
1790257492234,4258.1700000000,4258.2400000000
1790257492636,4258.1900000000,4258.2600000000
1790257493039,4258.2100000000,4258.2800000000
1790257493441,4258.1500000000,4258.2200000000
1790257493844,4258.7600000000,4258.8300000000
1790257494246,4258.7500000000,4258.8200000000
1790257494648,4258.7600000000,4258.8300000000
1790257495051,4258.8000000000,4258.8700000000
1790257495454,4258.4900000000,4258.5600000000
1790257495857,4258.3800000000,4258.4500000000
1790257496259,4258.3600000000,4258.4300000000
1790257496662,4258.3500000000,4258.4200000000
1790257497468,4258.3400000000,4258.4100000000
1790257497871,4258.4500000000,4258.5200000000
1790257498273,4258.4100000000,4258.4800000000
1790257498676,4258.3700000000,4258.4400000000
1790257499079,4258.4100000000,4258.4800000000
1790257499884,4258.4600000000,4258.5300000000
1790257500287,4258.4900000000,4258.5600000000
1790257500691,4258.4800000000,4258.5500000000
1790257501093,4258.5800000000,4258.6500000000
1790257501898,4258.5000000000,4258.5700000000
1790257502301,4258.4600000000,4258.5300000000
1790257503106,4258.3600000000,4258.4300000000
1790257503509,4258.2000000000,4258.2700000000
1790257503913,4258.1900000000,4258.2600000000
1790257505121,4258.2300000000,4258.3000000000
1790257505523,4258.2800000000,4258.3500000000
1790257505927,4258.3200000000,4258.3900000000
1790257506329,4258.2700000000,4258.3400000000
1790257506732,4258.2300000000,4258.3000000000
1790257507135,4258.2900000000,4258.3600000000
1790257507940,4258.1800000000,4258.2500000000
1790257508343,4258.1400000000,4258.2100000000
1790257509954,4258.0900000000,4258.1600000000
1790257510357,4258.1000000000,4258.1700000000
1790257511566,4258.2000000000,4258.2700000000
1790257511968,4258.1700000000,4258.2400000000
1790257512774,4258.1800000000,4258.2500000000
1790257513177,4258.1700000000,4258.2400000000
1790257514384,4258.0800000000,4258.1500000000
1790257514787,4258.1400000000,4258.2100000000
1790257515593,4258.1600000000,4258.2300000000
1790257515996,4258.3600000000,4258.4300000000
1790257516401,4258.5100000000,4258.5800000000
1790257516804,4258.5600000000,4258.6300000000
1790257519218,4258.6000000000,4258.6700000000
1790257519621,4258.6100000000,4258.6800000000
1790257520426,4258.5600000000,4258.6300000000
1790257521231,4258.6000000000,4258.6700000000
1790257521634,4258.6800000000,4258.7500000000
1790257522842,4258.6500000000,4258.7200000000
1790257523244,4258.5300000000,4258.6000000000
1790257523646,4258.5100000000,4258.5800000000
1790257524451,4258.3600000000,4258.4300000000
1790257524854,4258.3700000000,4258.4400000000
1790257525357,4258.4100000000,4258.4800000000
1790257525760,4258.4800000000,4258.5500000000
1790257526163,4258.3900000000,4258.4600000000
1790257526566,4258.3200000000,4258.3900000000
1790257526868,4258.3700000000,4258.4400000000
1790257527371,4258.3900000000,4258.4600000000
1790257528076,4258.4600000000,4258.5300000000
1790257528882,4258.4700000000,4258.5400000000
1790257529284,4258.4800000000,4258.5500000000
1790257529686,4258.4200000000,4258.4900000000
1790257530089,4258.3900000000,4258.4600000000
1790257530492,4258.4800000000,4258.5500000000
1790257530894,4258.5000000000,4258.5700000000
1790257531398,4258.5100000000,4258.5800000000
1790257531800,4258.5400000000,4258.6100000000
1790257532203,4258.7100000000,4258.7800000000
1790257532605,4258.6900000000,4258.7600000000
1790257533410,4258.6800000000,4258.7500000000
1790257533813,4258.7900000000,4258.8600000000
1790257534215,4258.7500000000,4258.8200000000
1790257535020,4258.7000000000,4258.7700000000
1790257535423,4258.7300000000,4258.8000000000
1790257535826,4258.7500000000,4258.8200000000
1790257536128,4258.7600000000,4258.8300000000
1790257536935,4258.7300000000,4258.8000000000
1790257537337,4258.7000000000,4258.7700000000
1790257537841,4258.6000000000,4258.6700000000
1790257538645,4258.5900000000,4258.6600000000
1790257539048,4258.6100000000,4258.6800000000
1790257539451,4258.6200000000,4258.6900000000
1790257539853,4258.4900000000,4258.5600000000
1790257540660,4258.5200000000,4258.5900000000
1790257541062,4258.4900000000,4258.5600000000
1790257541465,4258.4800000000,4258.5500000000
1790257541869,4258.4500000000,4258.5200000000
1790257542270,4258.4300000000,4258.5000000000
1790257542673,4258.4700000000,4258.5400000000
1790257543076,4258.5100000000,4258.5800000000
1790257543882,4258.3000000000,4258.3700000000
1790257544688,4258.2500000000,4258.3200000000
1790257545090,4258.2400000000,4258.3100000000
1790257545492,4258.1200000000,4258.1900000000
1790257545893,4258.1600000000,4258.2300000000
1790257546297,4258.1800000000,4258.2500000000
1790257547907,4258.2600000000,4258.3300000000
1790257548309,4258.3800000000,4258.4500000000
1790257549115,4258.3900000000,4258.4600000000
1790257549517,4258.4300000000,4258.5000000000
1790257550322,4258.3300000000,4258.4000000000
1790257550726,4258.3600000000,4258.4300000000
1790257551129,4258.3800000000,4258.4500000000
1790257551532,4258.3900000000,4258.4600000000
1790257551934,4258.3100000000,4258.3800000000
1790257552338,4258.2900000000,4258.3600000000
1790257552739,4258.2200000000,4258.2900000000
1790257553141,4258.2300000000,4258.3000000000
1790257553544,4258.3600000000,4258.4300000000
1790257553946,4258.3500000000,4258.4200000000
1790257554349,4258.2600000000,4258.3300000000
1790257555154,4258.2900000000,4258.3600000000
1790257555556,4258.3700000000,4258.4400000000
1790257555958,4258.3900000000,4258.4600000000
1790257556361,4258.4000000000,4258.4700000000
1790257556763,4258.3900000000,4258.4600000000
1790257557569,4258.3800000000,4258.4500000000
1790257557971,4258.3700000000,4258.4400000000
1790257558776,4258.3500000000,4258.4200000000
1790257559179,4258.3100000000,4258.3800000000
1790257559581,4258.0700000000,4258.1400000000
1790257559983,4258.0500000000,4258.1200000000
1790257560386,4258.0600000000,4258.1300000000
1790257560789,4257.9800000000,4258.0500000000
1790257561191,4258.1400000000,4258.2100000000
1790257561593,4258.3800000000,4258.4500000000
1790257561996,4258.3200000000,4258.3900000000
1790257562398,4258.3100000000,4258.3800000000
1790257562800,4258.3200000000,4258.3900000000
1790257563203,4258.3600000000,4258.4300000000
1790257563606,4258.2900000000,4258.3600000000
1790257564411,4258.3100000000,4258.3800000000
1790257566023,4258.3900000000,4258.4600000000
1790257566425,4258.4800000000,4258.5500000000
1790257568036,4258.4600000000,4258.5300000000
1790257568439,4258.5700000000,4258.6400000000
1790257568842,4258.6600000000,4258.7300000000
1790257569244,4258.6500000000,4258.7200000000
1790257569647,4258.6700000000,4258.7400000000
1790257570049,4258.5200000000,4258.5900000000
1790257570452,4258.5700000000,4258.6400000000
1790257570854,4258.5000000000,4258.5700000000
1790257571257,4258.4600000000,4258.5300000000
1790257571659,4258.5800000000,4258.6500000000
1790257572062,4258.6400000000,4258.7100000000
1790257572464,4258.8200000000,4258.8900000000
1790257572867,4258.8800000000,4258.9500000000
1790257573269,4258.7600000000,4258.8300000000
1790257573673,4258.6600000000,4258.7300000000
1790257574479,4258.7800000000,4258.8500000000
1790257574882,4258.8300000000,4258.9000000000
1790257575284,4258.8600000000,4258.9300000000
1790257576495,4258.8400000000,4258.9100000000
1790257576896,4258.7800000000,4258.8500000000
1790257578104,4258.8400000000,4258.9100000000
1790257578507,4258.8300000000,4258.9000000000
1790257578911,4258.8500000000,4258.9200000000
1790257580521,4259.0400000000,4259.1100000000
1790257580923,4259.0600000000,4259.1300000000
1790257581326,4258.9800000000,4259.0500000000
1790257581730,4258.9600000000,4259.0300000000
1790257582535,4259.0000000000,4259.0700000000
1790257583743,4259.0100000000,4259.0800000000
1790257584548,4259.0300000000,4259.1000000000
1790257584952,4259.0700000000,4259.1400000000
1790257585758,4259.4100000000,4259.4800000000
1790257586161,4259.4400000000,4259.5100000000
1790257586563,4259.3600000000,4259.4300000000
1790257586965,4259.3200000000,4259.3900000000
1790257587368,4259.2800000000,4259.3500000000
1790257587770,4259.3700000000,4259.4400000000
1790257588173,4259.3800000000,4259.4500000000
1790257588575,4259.3900000000,4259.4600000000
1790257588978,4259.2500000000,4259.3200000000
1790257589381,4259.2400000000,4259.3100000000
1790257589785,4259.2000000000,4259.2700000000
1790257590187,4259.2200000000,4259.2900000000
1790257590590,4259.3200000000,4259.3900000000
1790257590992,4259.2100000000,4259.2800000000
1790257591395,4259.1600000000,4259.2300000000
1790257591797,4259.1200000000,4259.1900000000
1790257592603,4259.1500000000,4259.2200000000
1790257593005,4259.2400000000,4259.3100000000
1790257593408,4259.2700000000,4259.3400000000
1790257593812,4259.2600000000,4259.3300000000
1790257594215,4259.4100000000,4259.4800000000
1790257595020,4259.3900000000,4259.4600000000
1790257595423,4259.4600000000,4259.5300000000
1790257595825,4259.4500000000,4259.5200000000
1790257596629,4259.5000000000,4259.5700000000
1790257597032,4259.5200000000,4259.5900000000
1790257597838,4259.6000000000,4259.6700000000
1790257598240,4259.6600000000,4259.7300000000
1790257598642,4259.6800000000,4259.7500000000
1790257599045,4259.7000000000,4259.7700000000
1790257599851,4259.6800000000,4259.7500000000
1790257600253,4259.6700000000,4259.7400000000
1790257600656,4259.6600000000,4259.7300000000
1790257601059,4259.6300000000,4259.7000000000
1790257601461,4259.6000000000,4259.6700000000
1790257601863,4259.3300000000,4259.4000000000
1790257602668,4259.4200000000,4259.4900000000
1790257603070,4259.5000000000,4259.5700000000
1790257604781,4259.5600000000,4259.6300000000
1790257605488,4259.3000000000,4259.3700000000
1790257606395,4259.3500000000,4259.4200000000
1790257606797,4259.3600000000,4259.4300000000
1790257607200,4259.3200000000,4259.3900000000
1790257607603,4259.2900000000,4259.3600000000
1790257608408,4259.3000000000,4259.3700000000
1790257608710,4259.3200000000,4259.3900000000
1790257609113,4259.3600000000,4259.4300000000
1790257609615,4259.7100000000,4259.7800000000
1790257610018,4259.7300000000,4259.8000000000
1790257610421,4259.7800000000,4259.8500000000
1790257610823,4259.8000000000,4259.8700000000
1790257611628,4259.7300000000,4259.8000000000
1790257612433,4259.7100000000,4259.7800000000
1790257614043,4259.6100000000,4259.6800000000
1790257614446,4259.6200000000,4259.6900000000
1790257614849,4259.6400000000,4259.7100000000
1790257615654,4259.6800000000,4259.7500000000
1790257617667,4259.6900000000,4259.7600000000
1790257618070,4259.8300000000,4259.9000000000
1790257618473,4259.8000000000,4259.8700000000
1790257618876,4259.7400000000,4259.8100000000
1790257619681,4259.7300000000,4259.8000000000
1790257620084,4259.7100000000,4259.7800000000
1790257620889,4259.6100000000,4259.6800000000
1790257621291,4259.6000000000,4259.6700000000
1790257621695,4259.5900000000,4259.6600000000
1790257624110,4259.6200000000,4259.6900000000
1790257624513,4259.6100000000,4259.6800000000
1790257624915,4259.5900000000,4259.6600000000
1790257626123,4259.6600000000,4259.7300000000
1790257626928,4259.7200000000,4259.7900000000
1790257627734,4259.7300000000,4259.8000000000
1790257628137,4259.7200000000,4259.7900000000
1790257629345,4259.6800000000,4259.7500000000
1790257629749,4259.6700000000,4259.7400000000
1790257630152,4259.6900000000,4259.7600000000
1790257630957,4259.7200000000,4259.7900000000
1790257631762,4259.8400000000,4259.9100000000
1790257632165,4259.8800000000,4259.9500000000
1790257632970,4259.8600000000,4259.9300000000
1790257633373,4259.8800000000,4259.9500000000
1790257633774,4259.9700000000,4260.0400000000
1790257634177,4260.0000000000,4260.0700000000
1790257634581,4260.0200000000,4260.0900000000
1790257635387,4259.9500000000,4260.0200000000
1790257635789,4259.8900000000,4259.9600000000
1790257636597,4259.7600000000,4259.8300000000
1790257637000,4259.7700000000,4259.8400000000
1790257637403,4259.7800000000,4259.8500000000
1790257638610,4259.7000000000,4259.7700000000
1790257639012,4259.7100000000,4259.7800000000
1790257641024,4259.8500000000,4259.9200000000
1790257641829,4259.8900000000,4259.9600000000
1790257642633,4259.9200000000,4259.9900000000
1790257644647,4260.0600000000,4260.1300000000
1790257645049,4260.0800000000,4260.1500000000
1790257645452,4260.0700000000,4260.1400000000
1790257646257,4260.0500000000,4260.1200000000
1790257646659,4260.0300000000,4260.1000000000
1790257648269,4260.0000000000,4260.0700000000
1790257648671,4259.9700000000,4260.0400000000
1790257649074,4259.9800000000,4260.0500000000
1790257649477,4259.9900000000,4260.0600000000
1790257649879,4260.0300000000,4260.1000000000
1790257650684,4260.0000000000,4260.0700000000
1790257651490,4259.9900000000,4260.0600000000
1790257651892,4259.9000000000,4259.9700000000
1790257652295,4259.8800000000,4259.9500000000
1790257653101,4259.8400000000,4259.9100000000
1790257653906,4259.9000000000,4259.9700000000
1790257654308,4260.0600000000,4260.1300000000
1790257654711,4260.1900000000,4260.2600000000
1790257655114,4260.2000000000,4260.2700000000
1790257655516,4260.2100000000,4260.2800000000
1790257655919,4260.2200000000,4260.2900000000
1790257656322,4260.1900000000,4260.2600000000
1790257656725,4260.1300000000,4260.2000000000
1790257657128,4260.1200000000,4260.1900000000
1790257657530,4260.2000000000,4260.2700000000
1790257657932,4260.2200000000,4260.2900000000
1790257659140,4260.2500000000,4260.3200000000
1790257659947,4260.3100000000,4260.3800000000
1790257660349,4260.3200000000,4260.3900000000
1790257660752,4260.4000000000,4260.4700000000
1790257661154,4260.4100000000,4260.4800000000
1790257661960,4260.4200000000,4260.4900000000
1790257664375,4260.3400000000,4260.4100000000
1790257664777,4260.2800000000,4260.3500000000
1790257665180,4260.2100000000,4260.2800000000
1790257665583,4260.2300000000,4260.3000000000
1790257665986,4260.1800000000,4260.2500000000
1790257666388,4260.1000000000,4260.1700000000
1790257666792,4259.8900000000,4259.9600000000
1790257667196,4259.8600000000,4259.9300000000
1790257667598,4259.6600000000,4259.7300000000
1790257668000,4259.7200000000,4259.7900000000
1790257668404,4259.7100000000,4259.7800000000
1790257669232,4259.7400000000,4259.8100000000
1790257670038,4259.7500000000,4259.8200000000
1790257670843,4259.7800000000,4259.8500000000
1790257672858,4259.7100000000,4259.7800000000
1790257673260,4259.6800000000,4259.7500000000
1790257673663,4259.6400000000,4259.7100000000
1790257674065,4259.6200000000,4259.6900000000
1790257674468,4259.6700000000,4259.7400000000
1790257674870,4259.6500000000,4259.7200000000
1790257675676,4259.6900000000,4259.7600000000
1790257676079,4259.7100000000,4259.7800000000
1790257676481,4259.8800000000,4259.9500000000
1790257677287,4259.8900000000,4259.9600000000
1790257677690,4259.9000000000,4259.9700000000
1790257678093,4259.9300000000,4260.0000000000
1790257678898,4259.8900000000,4259.9600000000
1790257679302,4259.8800000000,4259.9500000000
1790257680106,4259.7700000000,4259.8400000000
1790257680509,4259.6800000000,4259.7500000000
1790257680911,4259.6200000000,4259.6900000000
1790257681718,4259.5700000000,4259.6400000000
1790257682121,4259.6200000000,4259.6900000000
1790257685342,4259.5800000000,4259.6500000000
1790257685745,4259.4500000000,4259.5200000000
1790257686147,4259.4400000000,4259.5100000000
1790257686952,4259.5800000000,4259.6500000000
1790257687355,4259.5700000000,4259.6400000000
1790257687758,4259.5600000000,4259.6300000000
1790257688160,4259.5400000000,4259.6100000000
1790257688563,4259.3800000000,4259.4500000000
1790257688966,4259.2300000000,4259.3000000000
1790257689369,4259.2800000000,4259.3500000000
1790257689771,4259.3100000000,4259.3800000000
1790257690173,4259.2500000000,4259.3200000000
1790257690576,4259.2900000000,4259.3600000000
1790257690978,4259.3000000000,4259.3700000000
1790257691381,4259.3100000000,4259.3800000000
1790257691783,4259.2100000000,4259.2800000000
1790257692186,4259.1900000000,4259.2600000000
1790257692990,4259.2000000000,4259.2700000000
1790257693392,4259.5600000000,4259.6300000000
1790257693795,4259.6500000000,4259.7200000000
1790257694197,4259.7900000000,4259.8600000000
1790257694600,4259.9300000000,4260.0000000000
1790257695002,4260.0000000000,4260.0700000000
1790257695405,4259.9800000000,4260.0500000000
1790257695808,4259.8200000000,4259.8900000000
1790257696210,4259.7300000000,4259.8000000000
1790257696615,4259.7800000000,4259.8500000000
1790257697420,4259.7200000000,4259.7900000000
1790257699030,4259.7100000000,4259.7800000000
1790257699433,4259.7000000000,4259.7700000000
1790257699836,4259.5200000000,4259.5900000000
1790257700641,4259.5300000000,4259.6000000000
1790257701446,4259.5600000000,4259.6300000000
1790257701849,4259.5500000000,4259.6200000000
1790257703058,4259.6200000000,4259.6900000000
1790257703460,4259.6400000000,4259.7100000000
1790257703864,4259.6900000000,4259.7600000000
1790257704266,4259.7100000000,4259.7800000000
1790257705474,4259.7800000000,4259.8500000000
1790257705876,4259.7700000000,4259.8400000000
1790257706681,4259.6700000000,4259.7400000000
1790257707888,4259.4900000000,4259.5600000000
1790257708291,4259.2500000000,4259.3200000000
1790257708693,4259.2100000000,4259.2800000000
1790257709095,4259.1100000000,4259.1800000000
1790257709498,4259.1200000000,4259.1900000000
1790257710303,4259.1400000000,4259.2100000000
1790257710707,4259.1300000000,4259.2000000000
1790257711108,4259.1800000000,4259.2500000000
1790257711512,4259.1700000000,4259.2400000000
1790257711913,4259.0800000000,4259.1500000000
1790257712316,4259.0700000000,4259.1400000000
1790257713121,4259.2600000000,4259.3300000000
1790257713524,4259.2900000000,4259.3600000000
1790257713928,4259.3300000000,4259.4000000000
1790257714331,4259.4000000000,4259.4700000000
1790257714733,4259.4300000000,4259.5000000000
1790257715135,4259.5100000000,4259.5800000000
1790257715639,4259.4800000000,4259.5500000000
1790257716042,4259.4900000000,4259.5600000000
1790257716444,4259.5100000000,4259.5800000000
1790257716847,4259.5500000000,4259.6200000000
1790257717652,4259.5400000000,4259.6100000000
1790257719162,4259.5300000000,4259.6000000000
1790257720068,4259.6900000000,4259.7600000000
1790257720471,4259.6200000000,4259.6900000000
1790257720873,4259.5900000000,4259.6600000000
1790257721276,4259.5700000000,4259.6400000000
1790257721680,4259.6100000000,4259.6800000000
1790257722081,4259.6000000000,4259.6700000000
1790257722484,4259.5500000000,4259.6200000000
1790257723693,4259.5900000000,4259.6600000000
1790257724095,4259.5700000000,4259.6400000000
1790257724900,4259.3300000000,4259.4000000000
1790257725303,4259.2900000000,4259.3600000000
1790257725705,4259.2200000000,4259.2900000000
1790257726108,4259.2400000000,4259.3100000000
1790257726511,4258.9900000000,4259.0600000000
1790257727317,4258.8900000000,4258.9600000000
1790257728121,4258.9000000000,4258.9700000000
1790257728523,4258.9500000000,4259.0200000000
1790257728926,4259.0800000000,4259.1500000000
1790257730133,4259.1400000000,4259.2100000000
1790257730536,4259.2100000000,4259.2800000000
1790257730938,4259.1000000000,4259.1700000000
1790257731341,4259.0700000000,4259.1400000000
1790257731743,4259.1500000000,4259.2200000000
1790257732146,4259.1700000000,4259.2400000000
1790257732548,4259.0600000000,4259.1300000000
1790257732951,4259.0700000000,4259.1400000000
1790257734159,4259.0500000000,4259.1200000000
1790257734561,4259.2500000000,4259.3200000000
1790257735366,4259.3100000000,4259.3800000000
1790257735768,4259.3500000000,4259.4200000000
1790257736573,4259.3400000000,4259.4100000000
1790257737378,4259.3300000000,4259.4000000000
1790257737781,4259.4800000000,4259.5500000000
1790257738184,4259.7100000000,4259.7800000000
1790257738991,4259.7700000000,4259.8400000000
1790257739394,4259.7900000000,4259.8600000000
1790257740602,4259.9500000000,4260.0200000000
1790257741005,4259.8700000000,4259.9400000000
1790257741407,4259.7900000000,4259.8600000000
1790257742213,4259.7700000000,4259.8400000000
1790257742616,4259.7800000000,4259.8500000000
1790257743421,4259.8000000000,4259.8700000000
1790257744226,4259.7800000000,4259.8500000000
1790257744628,4259.7900000000,4259.8600000000
1790257745031,4259.9300000000,4260.0000000000
1790257745433,4259.9100000000,4259.9800000000
1790257745836,4259.8800000000,4259.9500000000
1790257746642,4259.8900000000,4259.9600000000
1790257747850,4259.9100000000,4259.9800000000
1790257748253,4259.8800000000,4259.9500000000
1790257749059,4259.7700000000,4259.8400000000
1790257749461,4259.7800000000,4259.8500000000
1790257749864,4259.8000000000,4259.8700000000
1790257750670,4261.1300000000,4261.2000000000
1790257751072,4262.8500000000,4262.9200000000
1790257751475,4262.4900000000,4262.5600000000
1790257751877,4262.0200000000,4262.0900000000
1790257752280,4261.5600000000,4261.7000000000
1790257752682,4263.7400000000,4263.8800000000
1790257753084,4263.2200000000,4263.3600000000
1790257753487,4263.1500000000,4263.2900000000
1790257753891,4264.1300000000,4264.2700000000
1790257754294,4263.5000000000,4263.6400000000
1790257754696,4263.4500000000,4263.5900000000
1790257755099,4263.3400000000,4263.4800000000
1790257755501,4263.6000000000,4263.7400000000
1790257755905,4262.9500000000,4263.0900000000
1790257756308,4262.6700000000,4262.8100000000
1790257756711,4262.8400000000,4262.9800000000
1790257757115,4262.9100000000,4263.0500000000
1790257757518,4263.1600000000,4263.3000000000
1790257757921,4263.1800000000,4263.3200000000
1790257758323,4263.2500000000,4263.3900000000
1790257758725,4263.0600000000,4263.2000000000
1790257759128,4263.5700000000,4263.7100000000
1790257759530,4263.5200000000,4263.6600000000
1790257759933,4263.6300000000,4263.7700000000
1790257760336,4262.0700000000,4262.2100000000
1790257760739,4261.8100000000,4261.9500000000
1790257761141,4260.9900000000,4261.1300000000
1790257761544,4261.0700000000,4261.2100000000
1790257761946,4260.8900000000,4261.0300000000
1790257762248,4260.9500000000,4261.0900000000
1790257762651,4261.0500000000,4261.1900000000
1790257763053,4260.9500000000,4261.0900000000
1790257763456,4261.4700000000,4261.6100000000
1790257763859,4261.7700000000,4261.9100000000
1790257764262,4262.0600000000,4262.2000000000
1790257764664,4262.0500000000,4262.1900000000
1790257765066,4261.7700000000,4261.9100000000
1790257765872,4261.8600000000,4262.0000000000
1790257766275,4261.8500000000,4261.9900000000
1790257766677,4261.9200000000,4262.0600000000
1790257767080,4261.5100000000,4261.6500000000
1790257767482,4261.4400000000,4261.5800000000
1790257767886,4261.3900000000,4261.5300000000
1790257768289,4261.1600000000,4261.3000000000
1790257768692,4261.2800000000,4261.4200000000
1790257769094,4261.3100000000,4261.4500000000
1790257769498,4261.3000000000,4261.4400000000
1790257769901,4261.7000000000,4261.8400000000
1790257770303,4261.8800000000,4262.0200000000
1790257770706,4261.8100000000,4261.9500000000
1790257771109,4261.7800000000,4261.9200000000
1790257771512,4261.6800000000,4261.8200000000
1790257771915,4262.2900000000,4262.4300000000
1790257772317,4262.5000000000,4262.6400000000
1790257772720,4262.6200000000,4262.7600000000
1790257773525,4262.5400000000,4262.6800000000
1790257773927,4262.2700000000,4262.4100000000
1790257774330,4262.0800000000,4262.2200000000
1790257774733,4262.0100000000,4262.1500000000
1790257775135,4262.7200000000,4262.8600000000
1790257775538,4262.6200000000,4262.7600000000
1790257775941,4262.9300000000,4263.0700000000
1790257776344,4263.2500000000,4263.3900000000
1790257776749,4263.5000000000,4263.6400000000
1790257777151,4263.1200000000,4263.2600000000
1790257777553,4262.8600000000,4263.0000000000
1790257777955,4262.8100000000,4262.9500000000
1790257778358,4262.8200000000,4262.9600000000
1790257778761,4262.4300000000,4262.5700000000
1790257779163,4262.1600000000,4262.3000000000
1790257779566,4262.3200000000,4262.4600000000
1790257779969,4262.2200000000,4262.3600000000
1790257780371,4262.1900000000,4262.3300000000
1790257780774,4262.0500000000,4262.1900000000
1790257781177,4262.1900000000,4262.3300000000
1790257781579,4262.4300000000,4262.5700000000
1790257781982,4262.3400000000,4262.4800000000
1790257782384,4262.2300000000,4262.3700000000
1790257782787,4262.3100000000,4262.4500000000
1790257783189,4262.4300000000,4262.5700000000
1790257783592,4262.6600000000,4262.8000000000
1790257783994,4262.9200000000,4263.0600000000
1790257784396,4262.9100000000,4263.0500000000
1790257784800,4262.7800000000,4262.9200000000
1790257785203,4262.7400000000,4262.8800000000
1790257786009,4262.7100000000,4262.8500000000
1790257786411,4262.7400000000,4262.8800000000
1790257786813,4262.8000000000,4262.9400000000
1790257787216,4262.7700000000,4262.9100000000
1790257787619,4262.6400000000,4262.7800000000
1790257788022,4263.0800000000,4263.2200000000
1790257788424,4263.0600000000,4263.2000000000
1790257788827,4262.9200000000,4263.0600000000
1790257789230,4262.9100000000,4263.0500000000
1790257789633,4262.6600000000,4262.8000000000
1790257790036,4262.6300000000,4262.7700000000
1790257790438,4262.6200000000,4262.7600000000
1790257790841,4262.6100000000,4262.7500000000
1790257791645,4262.6000000000,4262.7400000000
1790257792049,4262.6500000000,4262.7900000000
1790257792450,4263.2300000000,4263.3700000000
1790257792852,4263.5000000000,4263.6400000000
1790257793255,4263.2900000000,4263.4300000000
1790257793658,4263.2400000000,4263.3800000000
1790257794060,4263.3300000000,4263.4700000000
1790257794463,4263.5000000000,4263.6400000000
1790257794865,4263.4500000000,4263.5900000000
1790257795268,4263.4100000000,4263.5500000000
1790257795672,4263.4800000000,4263.6200000000
1790257796075,4263.3400000000,4263.4800000000
1790257796477,4263.2100000000,4263.3500000000
1790257796880,4263.1100000000,4263.2500000000
1790257797282,4263.0900000000,4263.2300000000
1790257797685,4262.9200000000,4263.0600000000
1790257798087,4262.7600000000,4262.9000000000
1790257798490,4262.6700000000,4262.8100000000
1790257798892,4262.7900000000,4262.9300000000
1790257799295,4262.8000000000,4262.9400000000
1790257799697,4262.7200000000,4262.8600000000
1790257800099,4262.6800000000,4262.8200000000
1790257800502,4262.6200000000,4262.7600000000
1790257801307,4262.7600000000,4262.9000000000
1790257801709,4262.8700000000,4263.0100000000
1790257802112,4263.3100000000,4263.4500000000
1790257802916,4263.4000000000,4263.5400000000
1790257803319,4263.1600000000,4263.3000000000
1790257803721,4262.7600000000,4262.9000000000
1790257804124,4262.6700000000,4262.8100000000
1790257804526,4262.6400000000,4262.7800000000
1790257804929,4262.8800000000,4263.0200000000
1790257805332,4262.8100000000,4262.9500000000
1790257805734,4262.9100000000,4263.0500000000
1790257806137,4263.1500000000,4263.2900000000
1790257806539,4263.2200000000,4263.3600000000
1790257806942,4263.2300000000,4263.3700000000
1790257807344,4263.2200000000,4263.3600000000
1790257807747,4263.2700000000,4263.4100000000
1790257808552,4263.3900000000,4263.5300000000
1790257808955,4263.6800000000,4263.8200000000
1790257809358,4263.6700000000,4263.8100000000
1790257809760,4263.6200000000,4263.7600000000
1790257810565,4263.6100000000,4263.7500000000
1790257810968,4263.4500000000,4263.5900000000
1790257811370,4263.0900000000,4263.2300000000
1790257811774,4263.3500000000,4263.4900000000
1790257812177,4263.2700000000,4263.4100000000
1790257812579,4263.3100000000,4263.4500000000
1790257812982,4263.3500000000,4263.4900000000
1790257813384,4263.3200000000,4263.4600000000
1790257813786,4263.2400000000,4263.3800000000
1790257814190,4263.2200000000,4263.3600000000
1790257814593,4263.1300000000,4263.2700000000
1790257814995,4263.1900000000,4263.3300000000
1790257815397,4263.2500000000,4263.3900000000
1790257815800,4263.3100000000,4263.4500000000
1790257816203,4263.3000000000,4263.4400000000
1790257816606,4263.3400000000,4263.4800000000
1790257817013,4263.5200000000,4263.6600000000
1790257817415,4263.4000000000,4263.5400000000
1790257817817,4263.4300000000,4263.5700000000
1790257818220,4263.5200000000,4263.6600000000
1790257818622,4263.3600000000,4263.5000000000
1790257819427,4263.4000000000,4263.5400000000
1790257819830,4263.3900000000,4263.5300000000
1790257820635,4263.5000000000,4263.6400000000
1790257821037,4263.6600000000,4263.8000000000
1790257821440,4263.7100000000,4263.8500000000
1790257821842,4263.5600000000,4263.7000000000
1790257822245,4263.5100000000,4263.6500000000
1790257822648,4263.1500000000,4263.2900000000
1790257823051,4262.9800000000,4263.1200000000
1790257823453,4262.9700000000,4263.1100000000
1790257823857,4262.8900000000,4263.0300000000
1790257824260,4263.0100000000,4263.1500000000
1790257824662,4263.0600000000,4263.2000000000
1790257825066,4262.8500000000,4262.9900000000
1790257825468,4262.8300000000,4262.9700000000
1790257825871,4262.7400000000,4262.8800000000
1790257826272,4262.8400000000,4262.9800000000
1790257826675,4262.7600000000,4262.9000000000
1790257827078,4262.6600000000,4262.8000000000
1790257827480,4262.6500000000,4262.7900000000
1790257827883,4262.6400000000,4262.7800000000
1790257828286,4262.6600000000,4262.8000000000
1790257828688,4262.6000000000,4262.7400000000
1790257829090,4262.5000000000,4262.6400000000
1790257829493,4262.5600000000,4262.7000000000
1790257829895,4262.5800000000,4262.7200000000
1790257830298,4262.6200000000,4262.7600000000
1790257830700,4262.5300000000,4262.6700000000
1790257831102,4262.6100000000,4262.7500000000
1790257831507,4262.6800000000,4262.8200000000
1790257831909,4262.6900000000,4262.8300000000
1790257832312,4262.6700000000,4262.8100000000
1790257832715,4262.3400000000,4262.4800000000
1790257833118,4262.3000000000,4262.4400000000
1790257833521,4262.2300000000,4262.3700000000
1790257833923,4262.1300000000,4262.2700000000
1790257834326,4262.1000000000,4262.2400000000
1790257834728,4262.0800000000,4262.2200000000
1790257835131,4262.2600000000,4262.4000000000
1790257835435,4262.2400000000,4262.3800000000
1790257835835,4262.2000000000,4262.3400000000
1790257836238,4262.1800000000,4262.3200000000
1790257837143,4262.2300000000,4262.3700000000
1790257837546,4262.2500000000,4262.3900000000
1790257837949,4262.1500000000,4262.2900000000
1790257838351,4262.0200000000,4262.1600000000
1790257839963,4262.1600000000,4262.3000000000
1790257840365,4262.1400000000,4262.2800000000
1790257840768,4262.0800000000,4262.2200000000
1790257841171,4262.0300000000,4262.1700000000
1790257841976,4261.9800000000,4262.1200000000
1790257842379,4261.4200000000,4261.5600000000
1790257843184,4261.3300000000,4261.4700000000
1790257844793,4261.2500000000,4261.3900000000
1790257845598,4261.2400000000,4261.3800000000
1790257846000,4261.1800000000,4261.3200000000
1790257846805,4261.3000000000,4261.4400000000
1790257847610,4261.3300000000,4261.4700000000
1790257848013,4261.3100000000,4261.4500000000
1790257848416,4261.3000000000,4261.4400000000
1790257848818,4261.5400000000,4261.6800000000
1790257849221,4261.5100000000,4261.6500000000
1790257849623,4261.5200000000,4261.6600000000
1790257850428,4261.5100000000,4261.6500000000
1790257851637,4261.3900000000,4261.5300000000
1790257852039,4261.2600000000,4261.4000000000
1790257852442,4261.2700000000,4261.4100000000
1790257852844,4261.2500000000,4261.3900000000
1790257853247,4261.2800000000,4261.4200000000
1790257854454,4261.2100000000,4261.3500000000
1790257854857,4261.2400000000,4261.3800000000
1790257855260,4261.4300000000,4261.5700000000
1790257855662,4261.4400000000,4261.5800000000
1790257856065,4261.4200000000,4261.5600000000
1790257856467,4261.3100000000,4261.4500000000
1790257856870,4261.3000000000,4261.4400000000
1790257857273,4261.2700000000,4261.4100000000
1790257857675,4261.3600000000,4261.5000000000
1790257858078,4261.3000000000,4261.4400000000
1790257858480,4261.2700000000,4261.4100000000
1790257858883,4261.3900000000,4261.5300000000
1790257859286,4261.3700000000,4261.5100000000
1790257860091,4261.3700000000,4261.5100000000
1790257860493,4261.2800000000,4261.4200000000
1790257860896,4261.3500000000,4261.4900000000
1790257861299,4261.3000000000,4261.4400000000
1790257862104,4261.2100000000,4261.3500000000
1790257862507,4261.2400000000,4261.3800000000
1790257862910,4261.2600000000,4261.4000000000
1790257863313,4261.1800000000,4261.3200000000
1790257863715,4261.1700000000,4261.3100000000
1790257864117,4261.1600000000,4261.3000000000
1790257864520,4261.0600000000,4261.2000000000
1790257864923,4261.1200000000,4261.2600000000
1790257865728,4261.1300000000,4261.2700000000
1790257866130,4261.0700000000,4261.2100000000
1790257866533,4261.0500000000,4261.1900000000
1790257866936,4260.8700000000,4261.0100000000
1790257867339,4260.8300000000,4260.9700000000
1790257867742,4260.7700000000,4260.9100000000
1790257868144,4260.7600000000,4260.9000000000
1790257868547,4260.7800000000,4260.9200000000
1790257868950,4260.8700000000,4261.0100000000
1790257869353,4260.8000000000,4260.9400000000
1790257869755,4260.3300000000,4260.4700000000
1790257870157,4260.3200000000,4260.4600000000
1790257870560,4260.3100000000,4260.4500000000
1790257870963,4260.2900000000,4260.4300000000
1790257871365,4260.2600000000,4260.4000000000
1790257871769,4260.2500000000,4260.3900000000
1790257872170,4260.2300000000,4260.3700000000
1790257872573,4260.1500000000,4260.2900000000
1790257873781,4260.1400000000,4260.2800000000
1790257874184,4260.1600000000,4260.3000000000
1790257875793,4260.1100000000,4260.2500000000
1790257876296,4260.1600000000,4260.3000000000
1790257877105,4259.7300000000,4259.8700000000
1790257877507,4259.9000000000,4260.0400000000
1790257878312,4259.8600000000,4260.0000000000
1790257878715,4259.8800000000,4260.0200000000
1790257879117,4259.8900000000,4260.0300000000
1790257880727,4259.7900000000,4259.9300000000
1790257881130,4259.7300000000,4259.8700000000
1790257881532,4259.6400000000,4259.7800000000
1790257881935,4259.6300000000,4259.7700000000
1790257882337,4259.5800000000,4259.7200000000
1790257882739,4259.6600000000,4259.8000000000
1790257883142,4259.7300000000,4259.8700000000
1790257883544,4259.6400000000,4259.7800000000
1790257883947,4259.6000000000,4259.7400000000
1790257884349,4259.5800000000,4259.7200000000
1790257884752,4259.5900000000,4259.7300000000
1790257885156,4259.6600000000,4259.8000000000
1790257885557,4259.6200000000,4259.7600000000
1790257885960,4259.5900000000,4259.7300000000
1790257886363,4259.4600000000,4259.6000000000
1790257886765,4259.4400000000,4259.5800000000
1790257887169,4259.4300000000,4259.5700000000
1790257887570,4259.2900000000,4259.4300000000
1790257887973,4259.3000000000,4259.4400000000
1790257888375,4259.2500000000,4259.3900000000
1790257888778,4259.2300000000,4259.3700000000
1790257889180,4259.2500000000,4259.3900000000
1790257889985,4259.2700000000,4259.4100000000
1790257890388,4259.3200000000,4259.4600000000
1790257890791,4258.9900000000,4259.1300000000
1790257891193,4258.9000000000,4259.0400000000
1790257891596,4258.8900000000,4259.0300000000
1790257891998,4258.8600000000,4259.0000000000
1790257893206,4258.9200000000,4259.0600000000
1790257894010,4258.9000000000,4259.0400000000
1790257895217,4259.4500000000,4259.5900000000
1790257896022,4259.4900000000,4259.6300000000
1790257896827,4259.5100000000,4259.6500000000
1790257897230,4259.4700000000,4259.6100000000
1790257898034,4259.3800000000,4259.5200000000
1790257898840,4259.2800000000,4259.4200000000
1790257899243,4259.3700000000,4259.5100000000
1790257899645,4259.4400000000,4259.5800000000
1790257900450,4259.4300000000,4259.5700000000
1790257901659,4259.4200000000,4259.5600000000
1790257902062,4259.4100000000,4259.5500000000
1790257902464,4259.3900000000,4259.5300000000
1790257902867,4259.3700000000,4259.5100000000
1790257903269,4259.3600000000,4259.5000000000
1790257903672,4259.3100000000,4259.4500000000
1790257904478,4259.3000000000,4259.4400000000
1790257904880,4259.2100000000,4259.3500000000
1790257905686,4259.2000000000,4259.3400000000
1790257906893,4259.2100000000,4259.3500000000
1790257907296,4259.1900000000,4259.3300000000
1790257908906,4259.1000000000,4259.2400000000
1790257909309,4259.1300000000,4259.2700000000
1790257910113,4259.1600000000,4259.3000000000
1790257912931,4259.4000000000,4259.5400000000
1790257914138,4259.4400000000,4259.5800000000
1790257914540,4259.4800000000,4259.6200000000
1790257914943,4259.4600000000,4259.6000000000
1790257915345,4259.3700000000,4259.5100000000
1790257915747,4259.3600000000,4259.5000000000
1790257916150,4259.4200000000,4259.5600000000
1790257916955,4259.2100000000,4259.3500000000
1790257917357,4259.1800000000,4259.3200000000
1790257917759,4259.1200000000,4259.2600000000
1790257918564,4259.1000000000,4259.2400000000
1790257919369,4259.1000000000,4259.2300000000
1790257919772,4259.3600000000,4259.4900000000
1790257920175,4259.3600000000,4259.4900000000
1790257920980,4259.3500000000,4259.4800000000
1790257921382,4259.3900000000,4259.5200000000
1790257921784,4259.4100000000,4259.5400000000
1790257922187,4259.4200000000,4259.5500000000
1790257922589,4259.4500000000,4259.5800000000
1790257922992,4259.4600000000,4259.5900000000
1790257924200,4259.2500000000,4259.3800000000
1790257924603,4259.2700000000,4259.4000000000
1790257925006,4259.2800000000,4259.4100000000
1790257925408,4259.3300000000,4259.4600000000
1790257926214,4259.0000000000,4259.1300000000
1790257926617,4258.9200000000,4259.0500000000
1790257927019,4258.8500000000,4258.9800000000
1790257927422,4258.8400000000,4258.9700000000
1790257927824,4258.7900000000,4258.9200000000
1790257928227,4258.8500000000,4258.9800000000
1790257928629,4258.8300000000,4258.9600000000
1790257929031,4258.8100000000,4258.9400000000
1790257929434,4258.7900000000,4258.9200000000
1790257930241,4258.7700000000,4258.9000000000
1790257930643,4258.7400000000,4258.8700000000
1790257931449,4258.7100000000,4258.8400000000
1790257931851,4258.6600000000,4258.7900000000
1790257932253,4258.6900000000,4258.8200000000
1790257933461,4258.7000000000,4258.8300000000
1790257933864,4258.6500000000,4258.7800000000
1790257934267,4258.6800000000,4258.8100000000
1790257934669,4258.6700000000,4258.8000000000
1790257938295,4258.6700000000,4258.7900000000
1790257940308,4258.6800000000,4258.8000000000
1790257940710,4258.8300000000,4258.9500000000
1790257941113,4258.7900000000,4258.9100000000
1790257941515,4258.7500000000,4258.8700000000
1790257942723,4258.7700000000,4258.8900000000
1790257943126,4258.7600000000,4258.8800000000
1790257943528,4258.6500000000,4258.7700000000
1790257943930,4258.5100000000,4258.6300000000
1790257944333,4258.4000000000,4258.5200000000
1790257944735,4258.4300000000,4258.5500000000
1790257945137,4258.5400000000,4258.6600000000
1790257945540,4258.5700000000,4258.6900000000
1790257945943,4258.5000000000,4258.6200000000
1790257946346,4258.4700000000,4258.5900000000
1790257946749,4258.4600000000,4258.5800000000
1790257947151,4258.5000000000,4258.6200000000
1790257947554,4258.4800000000,4258.6000000000
1790257948359,4258.6400000000,4258.7600000000
1790257948762,4258.6500000000,4258.7700000000
1790257949165,4258.6600000000,4258.7800000000
1790257950374,4258.6700000000,4258.7900000000
1790257950776,4258.6900000000,4258.8100000000
1790257951178,4258.7800000000,4258.9000000000
1790257951582,4258.7000000000,4258.8200000000
1790257952084,4258.6400000000,4258.7600000000
1790257952386,4258.5600000000,4258.6800000000
1790257952889,4258.5200000000,4258.6400000000
1790257953695,4258.4500000000,4258.5700000000
1790257953998,4258.5400000000,4258.6600000000
1790257954401,4258.5700000000,4258.6800000000
1790257954803,4258.6200000000,4258.7300000000
1790257955306,4258.6300000000,4258.7400000000
1790257956010,4258.6600000000,4258.7700000000
1790257956413,4258.7500000000,4258.8600000000
1790257956816,4258.7400000000,4258.8500000000
1790257957217,4258.6900000000,4258.8000000000
1790257957721,4258.6000000000,4258.7100000000
1790257958124,4258.5700000000,4258.6800000000
1790257958929,4258.5600000000,4258.6700000000
1790257959332,4258.5700000000,4258.6800000000
1790257960539,4258.5900000000,4258.7000000000
1790257960942,4258.7100000000,4258.8200000000
1790257961345,4258.7300000000,4258.8400000000
1790257962552,4258.7800000000,4258.8900000000
1790257963357,4258.8000000000,4258.9100000000
1790257964162,4258.8100000000,4258.9200000000
1790257964565,4258.7000000000,4258.8100000000
1790257964967,4258.7300000000,4258.8400000000
1790257965774,4258.6800000000,4258.7900000000
1790257966176,4258.6600000000,4258.7700000000
1790257966579,4258.6500000000,4258.7600000000
1790257966983,4258.6400000000,4258.7500000000
1790257969399,4258.6000000000,4258.7000000000
1790257969800,4258.6300000000,4258.7300000000
1790257970203,4258.2400000000,4258.3400000000
1790257970606,4258.3600000000,4258.4600000000
1790257971009,4258.4400000000,4258.5400000000
1790257971411,4258.4800000000,4258.5800000000
1790257972216,4258.5000000000,4258.6000000000
1790257972619,4258.5100000000,4258.6100000000
1790257974632,4258.6600000000,4258.7600000000
1790257975035,4258.6500000000,4258.7500000000
1790257975437,4258.5800000000,4258.6800000000
1790257975840,4258.5700000000,4258.6700000000
1790257976243,4258.6400000000,4258.7400000000
1790257976646,4258.6800000000,4258.7800000000
1790257977048,4258.7200000000,4258.8200000000
1790257979061,4258.6500000000,4258.7500000000
1790257979866,4258.6700000000,4258.7700000000
1790257980268,4258.7900000000,4258.8900000000
1790257981072,4258.8000000000,4258.9000000000
1790257981879,4258.7900000000,4258.8900000000
1790257983489,4258.8000000000,4258.8900000000
1790257983891,4258.8100000000,4258.9000000000
1790257984696,4258.8000000000,4258.8900000000
1790257985098,4258.8100000000,4258.9000000000
1790257985502,4258.6600000000,4258.7500000000
1790257985904,4258.5900000000,4258.6800000000
1790257986308,4258.6000000000,4258.6900000000
1790257987515,4258.5900000000,4258.6800000000
1790257988722,4258.7200000000,4258.8100000000
1790257989124,4258.7800000000,4258.8700000000
1790257990331,4258.8600000000,4258.9500000000
1790257990734,4258.9200000000,4259.0100000000
1790257991136,4258.8800000000,4258.9700000000
1790257991540,4258.9800000000,4259.0700000000
1790257991941,4258.7900000000,4258.8800000000
1790257992344,4258.8200000000,4258.9100000000
1790257992746,4258.9100000000,4259.0000000000
1790257993149,4258.7900000000,4258.8800000000
1790257993552,4258.7700000000,4258.8600000000
1790257993954,4258.7600000000,4258.8500000000
1790257994357,4258.6500000000,4258.7400000000
1790257994758,4258.3900000000,4258.4800000000
1790257995161,4258.4000000000,4258.4900000000
1790257995563,4258.4500000000,4258.5400000000
1790257995966,4258.4600000000,4258.5500000000
1790257996368,4258.6200000000,4258.7100000000
1790257996770,4258.5600000000,4258.6500000000
1790257997173,4258.4500000000,4258.5400000000
1790257997578,4258.5800000000,4258.6700000000
1790257997980,4258.5900000000,4258.6800000000
1790257998784,4258.6000000000,4258.6900000000
1790257999187,4258.6500000000,4258.7300000000
1790257999590,4258.6900000000,4258.7700000000
1790257999993,4258.6400000000,4258.7200000000
1790258000395,4258.6600000000,4258.7400000000
1790258000799,4258.7000000000,4258.7800000000
1790258001200,4258.8600000000,4258.9400000000
1790258001603,4258.8400000000,4258.9200000000
1790258002006,4258.8300000000,4258.9100000000
1790258002810,4258.7200000000,4258.8000000000
1790258003213,4258.6700000000,4258.7500000000
1790258003615,4258.6600000000,4258.7400000000
1790258004420,4258.7700000000,4258.8500000000
1790258004821,4258.7900000000,4258.8700000000
1790258005627,4258.8000000000,4258.8800000000
1790258006432,4258.8100000000,4258.8900000000
1790258006835,4258.8200000000,4258.9000000000
1790258007238,4258.9100000000,4258.9900000000
1790258007641,4258.8800000000,4258.9600000000
1790258008446,4258.9100000000,4258.9900000000
1790258008849,4258.9000000000,4258.9800000000
1790258009654,4258.8300000000,4258.9100000000
1790258010056,4258.7700000000,4258.8500000000
1790258010459,4258.8700000000,4258.9500000000
1790258010861,4258.9800000000,4259.0600000000
1790258011264,4259.0000000000,4259.0700000000
1790258011667,4259.0200000000,4259.0900000000
1790258012874,4259.0600000000,4259.1300000000
1790258013277,4259.0500000000,4259.1200000000
1790258013679,4258.8300000000,4258.9000000000
1790258014082,4258.7100000000,4258.7800000000
1790258014485,4258.6900000000,4258.7600000000
1790258014887,4258.6600000000,4258.7300000000
1790258015693,4258.6500000000,4258.7200000000
1790258018107,4258.6400000000,4258.7100000000
1790258018913,4258.6300000000,4258.7000000000
1790258020120,4258.3600000000,4258.4300000000
1790258020523,4258.3200000000,4258.3900000000
1790258020926,4258.3000000000,4258.3700000000
1790258021328,4258.3200000000,4258.3900000000
1790258023846,4258.2600000000,4258.3300000000
1790258024248,4258.2300000000,4258.3000000000
1790258025054,4258.2100000000,4258.2800000000
1790258026663,4258.1100000000,4258.1800000000
1790258027368,4258.1200000000,4258.1900000000
1790258027871,4258.1300000000,4258.2000000000
1790258028173,4258.0900000000,4258.1600000000
1790258028978,4258.0800000000,4258.1500000000
1790258029381,4258.1000000000,4258.1700000000
1790258029783,4258.1200000000,4258.1900000000
1790258030186,4258.1100000000,4258.1800000000
1790258030991,4258.1600000000,4258.2300000000
1790258031394,4258.1900000000,4258.2600000000
1790258031796,4258.1800000000,4258.2500000000
1790258032199,4258.1700000000,4258.2400000000
1790258032602,4258.1600000000,4258.2300000000
1790258033812,4258.1800000000,4258.2500000000
1790258034214,4258.1700000000,4258.2400000000
1790258034616,4258.0100000000,4258.0800000000
1790258035019,4257.9400000000,4258.0100000000
1790258035421,4257.9000000000,4257.9700000000
1790258035824,4257.8900000000,4257.9600000000
1790258036227,4257.9500000000,4258.0200000000
1790258036629,4257.9800000000,4258.0500000000
1790258037031,4257.9700000000,4258.0400000000
1790258037434,4257.9800000000,4258.0500000000
1790258038641,4257.9700000000,4258.0400000000
1790258039043,4257.9200000000,4257.9900000000
1790258039446,4257.8700000000,4257.9400000000
1790258039849,4257.8600000000,4257.9300000000
1790258040252,4257.8400000000,4257.9100000000
1790258040655,4257.8200000000,4257.8900000000
1790258041057,4257.8100000000,4257.8800000000
1790258041460,4257.8000000000,4257.8700000000
1790258041863,4257.8300000000,4257.9000000000
1790258042668,4257.8400000000,4257.9100000000
1790258043473,4257.8500000000,4257.9200000000
1790258043876,4257.8800000000,4257.9500000000
1790258044279,4258.3800000000,4258.4500000000
1790258044683,4258.6700000000,4258.7400000000
1790258045085,4258.6800000000,4258.7500000000
1790258045488,4258.7000000000,4258.7700000000
1790258045890,4258.7100000000,4258.7800000000
1790258046293,4258.5300000000,4258.6000000000
1790258046695,4258.4000000000,4258.4700000000
1790258047098,4258.3800000000,4258.4500000000
1790258047500,4258.3100000000,4258.3800000000
1790258048306,4258.3900000000,4258.4600000000
1790258049110,4258.3800000000,4258.4500000000
1790258049512,4258.3600000000,4258.4300000000
1790258050419,4258.3500000000,4258.4200000000
1790258051224,4258.3400000000,4258.4100000000
1790258052028,4258.2800000000,4258.3500000000
1790258054444,4258.1100000000,4258.1800000000
1790258054846,4258.0300000000,4258.1000000000
1790258055249,4257.9800000000,4258.0500000000
1790258055651,4257.9500000000,4258.0200000000
1790258056053,4258.0700000000,4258.1400000000
1790258056456,4258.2300000000,4258.3000000000
1790258056858,4258.1400000000,4258.2100000000
1790258057668,4258.0500000000,4258.1200000000
1790258058070,4258.0300000000,4258.1000000000
1790258058473,4257.9500000000,4258.0200000000
1790258059278,4257.9400000000,4258.0100000000
1790258060084,4257.9100000000,4257.9800000000
1790258060487,4257.8500000000,4257.9200000000
1790258061694,4257.8400000000,4257.9100000000
1790258062498,4257.8800000000,4257.9500000000
1790258062901,4257.8700000000,4257.9400000000
1790258063303,4257.8200000000,4257.8900000000
1790258063706,4257.8000000000,4257.8700000000
1790258064108,4257.7400000000,4257.8100000000
1790258064511,4257.7600000000,4257.8300000000
1790258064913,4257.8400000000,4257.9100000000
1790258065316,4257.8500000000,4257.9200000000
1790258065719,4257.8100000000,4257.8800000000
1790258066121,4257.8000000000,4257.8700000000
1790258066523,4257.8700000000,4257.9400000000
1790258066926,4257.9200000000,4257.9900000000
1790258067329,4257.9500000000,4258.0200000000
1790258067732,4257.9600000000,4258.0300000000
1790258068537,4257.9100000000,4257.9800000000
1790258068940,4257.8900000000,4257.9600000000
1790258069342,4257.8600000000,4257.9300000000
1790258070148,4257.8500000000,4257.9200000000
1790258070550,4257.8200000000,4257.8900000000
1790258071356,4257.8600000000,4257.9300000000
1790258071758,4257.8800000000,4257.9500000000
1790258072563,4257.7700000000,4257.8400000000
1790258072966,4257.7800000000,4257.8500000000
1790258073369,4257.8700000000,4257.9400000000
1790258073771,4257.9000000000,4257.9700000000
1790258074173,4257.8800000000,4257.9500000000
1790258074575,4257.8900000000,4257.9600000000
1790258074978,4257.9100000000,4257.9800000000
1790258075380,4257.9000000000,4257.9700000000
1790258075783,4257.8600000000,4257.9300000000
1790258076991,4257.8700000000,4257.9400000000
1790258077796,4258.0800000000,4258.1500000000
1790258078602,4258.1700000000,4258.2400000000
1790258079004,4258.2200000000,4258.2900000000
1790258079811,4258.2300000000,4258.3000000000
1790258080213,4258.2400000000,4258.3100000000
1790258081019,4258.2500000000,4258.3200000000
1790258081422,4258.2600000000,4258.3300000000
1790258081824,4258.2700000000,4258.3400000000
1790258082629,4258.2200000000,4258.2900000000
1790258083031,4258.0500000000,4258.1200000000
1790258083434,4258.0000000000,4258.0700000000
1790258083838,4257.9500000000,4258.0200000000
1790258084643,4257.9300000000,4258.0000000000
1790258085045,4257.9100000000,4257.9800000000
1790258085448,4257.9300000000,4258.0000000000
1790258086253,4257.9400000000,4258.0100000000
1790258087461,4258.0200000000,4258.0900000000
1790258088266,4258.0000000000,4258.0700000000
1790258088669,4257.9800000000,4258.0500000000
1790258089474,4258.0300000000,4258.1000000000
1790258090280,4258.0000000000,4258.0700000000
1790258090682,4257.9900000000,4258.0600000000
1790258091084,4258.0300000000,4258.1000000000
1790258091487,4258.0200000000,4258.0900000000
1790258091889,4257.9900000000,4258.0600000000
1790258092693,4257.9700000000,4258.0400000000
1790258093095,4257.9600000000,4258.0300000000
1790258093498,4257.9100000000,4257.9800000000
1790258093900,4257.9300000000,4258.0000000000
1790258094302,4257.9100000000,4257.9800000000
1790258094705,4257.9900000000,4258.0600000000
1790258095107,4257.8900000000,4257.9600000000
1790258095510,4257.8700000000,4257.9400000000
1790258095913,4257.7000000000,4257.7700000000
1790258096315,4257.3900000000,4257.4600000000
1790258096718,4257.3800000000,4257.4500000000
1790258097523,4257.3300000000,4257.4000000000
1790258097926,4257.3100000000,4257.3800000000
1790258098329,4257.3200000000,4257.3900000000
1790258098730,4257.3100000000,4257.3800000000
1790258099133,4257.2700000000,4257.3400000000
1790258099938,4257.2800000000,4257.3500000000
1790258100341,4257.1900000000,4257.2600000000
1790258100744,4257.1800000000,4257.2500000000
1790258101147,4257.0800000000,4257.1500000000
1790258101549,4256.9300000000,4257.0000000000
1790258101952,4256.8500000000,4256.9200000000
1790258102355,4256.8200000000,4256.8900000000
1790258102758,4257.0600000000,4257.1300000000
1790258103563,4257.2600000000,4257.3300000000
1790258103965,4257.1700000000,4257.2400000000
1790258104368,4257.1400000000,4257.2100000000
1790258104771,4257.2100000000,4257.2800000000
1790258105174,4257.2200000000,4257.2900000000
1790258105979,4257.2100000000,4257.2800000000
1790258106381,4257.1900000000,4257.2600000000
1790258106783,4256.9900000000,4257.0600000000
1790258107186,4256.9300000000,4257.0000000000
1790258107590,4256.8700000000,4256.9400000000
1790258109200,4256.8900000000,4256.9600000000
1790258109602,4256.8700000000,4256.9400000000
1790258110409,4256.9200000000,4256.9900000000
1790258111618,4256.7300000000,4256.8000000000
1790258112021,4256.6300000000,4256.7000000000
1790258112423,4256.7000000000,4256.7700000000
1790258112927,4256.7100000000,4256.7800000000
1790258113329,4256.7000000000,4256.7700000000
1790258113732,4256.7100000000,4256.7800000000
1790258114134,4256.5400000000,4256.6100000000
1790258114536,4256.5000000000,4256.5700000000
1790258114938,4256.5100000000,4256.5800000000
1790258115341,4256.5700000000,4256.6400000000
1790258115743,4256.5900000000,4256.6600000000
1790258116146,4256.5200000000,4256.5900000000
1790258116548,4256.5400000000,4256.6100000000
1790258116950,4256.5500000000,4256.6200000000
1790258117755,4256.5600000000,4256.6300000000
1790258118562,4256.5500000000,4256.6200000000
1790258119368,4256.5700000000,4256.6400000000
1790258120173,4256.5800000000,4256.6500000000
1790258120575,4256.5600000000,4256.6300000000
1790258122991,4256.4600000000,4256.5300000000
1790258123393,4256.4400000000,4256.5100000000
1790258124198,4256.4200000000,4256.4900000000
1790258124600,4256.3800000000,4256.4500000000
1790258125003,4256.1200000000,4256.1900000000
1790258125405,4256.1300000000,4256.2000000000
1790258126210,4256.2000000000,4256.2700000000
1790258126613,4256.2100000000,4256.2800000000
1790258127419,4256.4400000000,4256.5100000000
1790258127822,4256.5700000000,4256.6400000000
1790258128225,4256.6000000000,4256.6700000000
1790258128627,4256.4600000000,4256.5300000000
1790258129030,4256.4400000000,4256.5100000000
1790258129432,4256.4300000000,4256.5000000000
1790258129834,4256.4200000000,4256.4900000000
1790258130237,4256.3800000000,4256.4500000000
1790258130639,4256.5300000000,4256.6000000000
1790258131445,4256.5800000000,4256.6500000000
1790258131847,4256.6000000000,4256.6700000000
1790258132250,4256.5800000000,4256.6500000000
1790258133054,4256.5700000000,4256.6400000000
1790258133859,4256.6400000000,4256.7100000000
1790258134663,4256.6600000000,4256.7300000000
1790258135066,4256.5200000000,4256.5900000000
1790258135469,4256.5100000000,4256.5800000000
1790258135870,4256.4400000000,4256.5100000000
1790258136676,4256.4300000000,4256.5000000000
1790258137078,4256.3300000000,4256.4000000000
1790258137481,4256.0700000000,4256.1400000000
1790258137883,4256.0500000000,4256.1200000000
1790258138286,4256.2600000000,4256.3300000000
1790258138689,4256.4700000000,4256.5400000000
1790258139091,4256.0400000000,4256.1100000000
1790258139494,4256.0900000000,4256.1600000000
1790258139896,4256.0700000000,4256.1400000000
1790258140299,4256.1400000000,4256.2100000000
1790258140701,4256.2600000000,4256.3300000000
1790258141103,4256.2700000000,4256.3400000000
1790258141909,4256.1900000000,4256.2600000000
1790258142312,4256.0900000000,4256.1600000000
1790258142714,4256.1200000000,4256.1900000000
1790258143519,4256.1000000000,4256.1700000000
1790258143922,4256.1800000000,4256.2500000000
1790258144325,4256.1900000000,4256.2600000000
1790258144727,4256.2100000000,4256.2800000000
1790258145130,4255.9800000000,4256.0500000000
1790258145935,4255.9700000000,4256.0400000000
1790258146337,4255.9600000000,4256.0300000000
1790258146739,4255.9700000000,4256.0400000000
1790258147142,4255.9500000000,4256.0200000000
1790258147545,4256.0800000000,4256.1500000000
1790258147947,4256.1700000000,4256.2400000000
1790258148349,4256.1800000000,4256.2500000000
1790258148751,4256.1900000000,4256.2600000000
1790258149557,4256.0400000000,4256.1100000000
1790258149959,4256.0300000000,4256.1000000000
1790258150361,4256.1100000000,4256.1800000000
1790258150764,4256.1400000000,4256.2100000000
1790258151167,4256.7800000000,4256.8500000000
1790258151570,4256.7400000000,4256.8100000000
1790258151973,4256.7000000000,4256.7700000000
1790258152375,4256.7900000000,4256.8600000000
1790258152777,4256.8000000000,4256.8700000000
1790258153180,4256.7800000000,4256.8500000000
1790258153583,4256.6900000000,4256.7600000000
1790258153986,4256.6700000000,4256.7400000000
1790258154388,4256.6500000000,4256.7200000000
1790258154790,4256.7900000000,4256.8600000000
1790258155192,4256.6900000000,4256.7600000000
1790258155998,4256.7300000000,4256.8000000000
1790258156400,4256.9700000000,4257.0400000000
1790258156803,4257.0400000000,4257.1100000000
1790258157205,4257.0800000000,4257.1500000000
1790258157608,4257.0200000000,4257.0900000000
1790258158011,4257.0900000000,4257.1600000000
1790258158413,4256.9300000000,4257.0000000000
1790258158815,4257.0000000000,4257.0700000000
1790258159218,4257.0400000000,4257.1100000000
1790258160426,4257.1000000000,4257.1700000000
1790258161232,4257.1700000000,4257.2400000000
1790258161634,4257.2100000000,4257.2800000000
1790258162037,4257.1200000000,4257.1900000000
1790258162439,4257.1000000000,4257.1700000000
1790258164957,4257.0900000000,4257.1600000000
1790258165359,4256.9000000000,4256.9700000000
1790258165762,4256.8800000000,4256.9500000000
1790258166164,4256.8700000000,4256.9400000000
1790258166567,4256.8300000000,4256.9000000000
1790258166970,4256.7500000000,4256.8200000000
1790258167372,4256.8400000000,4256.9100000000
1790258167775,4256.8700000000,4256.9400000000
1790258168178,4256.9800000000,4257.0500000000
1790258169788,4256.7000000000,4256.7700000000
1790258170191,4256.7400000000,4256.8100000000
1790258170594,4256.7700000000,4256.8400000000
1790258170997,4256.7000000000,4256.7700000000
1790258171399,4256.6700000000,4256.7400000000
1790258172204,4256.6500000000,4256.7200000000
1790258172606,4256.5200000000,4256.5900000000
1790258173008,4256.5800000000,4256.6500000000
1790258173411,4256.6300000000,4256.7000000000
1790258174216,4256.6600000000,4256.7300000000
1790258174620,4256.6800000000,4256.7500000000
1790258175023,4256.7200000000,4256.7900000000
1790258175426,4256.7900000000,4256.8600000000
1790258175828,4256.8000000000,4256.8700000000
1790258176231,4256.9900000000,4257.0600000000
1790258176633,4257.0200000000,4257.0900000000
1790258177035,4256.9600000000,4257.0300000000
1790258177438,4256.9500000000,4257.0200000000
1790258177839,4257.0000000000,4257.0700000000
1790258178245,4256.9600000000,4257.0300000000
1790258178648,4256.9900000000,4257.0600000000
1790258179453,4256.7700000000,4256.8400000000
1790258179855,4256.7200000000,4256.7900000000
1790258180660,4256.7100000000,4256.7800000000
1790258181063,4256.6900000000,4256.7600000000
1790258181868,4256.7100000000,4256.7800000000
1790258182673,4256.7500000000,4256.8200000000
1790258185088,4256.8100000000,4256.8800000000
1790258185893,4256.8500000000,4256.9200000000
1790258186296,4256.9200000000,4256.9900000000
1790258187905,4256.8500000000,4256.9200000000
1790258188307,4256.8800000000,4256.9500000000
1790258188710,4256.9000000000,4256.9700000000
1790258189112,4256.8900000000,4256.9600000000
1790258189515,4256.8700000000,4256.9400000000
1790258189917,4256.7300000000,4256.8000000000
1790258190320,4256.7200000000,4256.7900000000
1790258190721,4256.4600000000,4256.5300000000
1790258191124,4256.2100000000,4256.2800000000
1790258191527,4256.1500000000,4256.2200000000
1790258192735,4256.1600000000,4256.2300000000
1790258193137,4256.2000000000,4256.2700000000
1790258193539,4256.1400000000,4256.2100000000
1790258194344,4256.3800000000,4256.4500000000
1790258194746,4256.4600000000,4256.5300000000
1790258195149,4256.4700000000,4256.5400000000
1790258195551,4256.5000000000,4256.5700000000
1790258195953,4256.5300000000,4256.6000000000
1790258196758,4256.5200000000,4256.5900000000
1790258197161,4256.5500000000,4256.6200000000
1790258197965,4256.6200000000,4256.6900000000
1790258198770,4256.6000000000,4256.6700000000
1790258199175,4256.5600000000,4256.6300000000
1790258199576,4256.6800000000,4256.7500000000
1790258199979,4256.7300000000,4256.8000000000
1790258200784,4256.7000000000,4256.7700000000
1790258201187,4256.6900000000,4256.7600000000
1790258201589,4256.7500000000,4256.8200000000
1790258201993,4256.7600000000,4256.8300000000
1790258202395,4256.7500000000,4256.8200000000
1790258203602,4256.7600000000,4256.8300000000
1790258204407,4256.8400000000,4256.9100000000
1790258204809,4256.6600000000,4256.7300000000
1790258205212,4256.5900000000,4256.6600000000
1790258205615,4256.6200000000,4256.6900000000
1790258206017,4256.7500000000,4256.8200000000
1790258206420,4256.7700000000,4256.8400000000
1790258206822,4256.7800000000,4256.8500000000
1790258207225,4256.7900000000,4256.8600000000
1790258208031,4256.8000000000,4256.8700000000
1790258208837,4256.8300000000,4256.9000000000
1790258209240,4256.8400000000,4256.9100000000
1790258209643,4256.8000000000,4256.8700000000
1790258210045,4256.7700000000,4256.8400000000
1790258210448,4256.7600000000,4256.8300000000
1790258211656,4256.7800000000,4256.8500000000
1790258212059,4256.7500000000,4256.8200000000
1790258212461,4256.7800000000,4256.8500000000
1790258212864,4256.8300000000,4256.9000000000
1790258213266,4256.8200000000,4256.8900000000
1790258213669,4256.6800000000,4256.7500000000
1790258214474,4256.6600000000,4256.7300000000
1790258215682,4256.7300000000,4256.8000000000
1790258216084,4256.7600000000,4256.8300000000
1790258216486,4256.7500000000,4256.8200000000
1790258217795,4256.7700000000,4256.8400000000
1790258218097,4256.7400000000,4256.8100000000
1790258218601,4256.7500000000,4256.8200000000
1790258219809,4256.7400000000,4256.8100000000
1790258220212,4256.7900000000,4256.8600000000
1790258220614,4256.8700000000,4256.9400000000
1790258221017,4256.9000000000,4256.9700000000
1790258221822,4256.9300000000,4257.0000000000
1790258222627,4256.9500000000,4257.0200000000
1790258223432,4256.9400000000,4257.0100000000
1790258223835,4256.7200000000,4256.7900000000
1790258224238,4256.7400000000,4256.8100000000
1790258224640,4256.8600000000,4256.9300000000
1790258225043,4256.8700000000,4256.9400000000
1790258225446,4256.9000000000,4256.9700000000
1790258225848,4256.9300000000,4257.0000000000
1790258226251,4256.9700000000,4257.0400000000
1790258226654,4256.9100000000,4256.9800000000
1790258227862,4256.9500000000,4257.0200000000
1790258228265,4256.9700000000,4257.0400000000
1790258228668,4256.8900000000,4256.9600000000
1790258229474,4256.9000000000,4256.9700000000
1790258229877,4256.9100000000,4256.9800000000
1790258231085,4256.8900000000,4256.9600000000
1790258231890,4256.8300000000,4256.9000000000
1790258233501,4256.8500000000,4256.9200000000
1790258233903,4256.9200000000,4256.9900000000
1790258234305,4257.0900000000,4257.1600000000
1790258234710,4257.1200000000,4257.1900000000
1790258235515,4257.1400000000,4257.2100000000
1790258237929,4257.0100000000,4257.0800000000
1790258238736,4257.0200000000,4257.0900000000
1790258239139,4257.0300000000,4257.1000000000
1790258239541,4257.0500000000,4257.1200000000
1790258240346,4257.0300000000,4257.1000000000
1790258240748,4256.9800000000,4257.0500000000
1790258241151,4256.8800000000,4256.9500000000
1790258241553,4256.9000000000,4256.9700000000
1790258244371,4256.7000000000,4256.7700000000
1790258244773,4256.6700000000,4256.7400000000
1790258245176,4256.6900000000,4256.7600000000
1790258245579,4256.7300000000,4256.8000000000
1790258245982,4256.7900000000,4256.8600000000
1790258246384,4256.8000000000,4256.8700000000
1790258246787,4256.9400000000,4257.0100000000
1790258247189,4256.9500000000,4257.0200000000
1790258247592,4256.8600000000,4256.9300000000
1790258247995,4256.8800000000,4256.9500000000
1790258248397,4257.0800000000,4257.1500000000
1790258248799,4257.1100000000,4257.1800000000
1790258249202,4257.1200000000,4257.1900000000
1790258250409,4256.9600000000,4257.0300000000
1790258250812,4256.9500000000,4257.0200000000
1790258251215,4256.9800000000,4257.0500000000
1790258252020,4256.9900000000,4257.0600000000
1790258252423,4256.9800000000,4257.0500000000
1790258252825,4256.9100000000,4256.9800000000
1790258253630,4256.9000000000,4256.9700000000
1790258254437,4256.9100000000,4256.9800000000
1790258255242,4257.0000000000,4257.0700000000
1790258255646,4257.0400000000,4257.1100000000
1790258256047,4257.0800000000,4257.1500000000
1790258256450,4257.0900000000,4257.1600000000
1790258257255,4257.1200000000,4257.1900000000
1790258258865,4257.1600000000,4257.2300000000
1790258259269,4257.2000000000,4257.2700000000
1790258260475,4257.1300000000,4257.2000000000
1790258260877,4257.1100000000,4257.1800000000
1790258261280,4256.9700000000,4257.0400000000
1790258262488,4256.9000000000,4256.9700000000
1790258262890,4256.9800000000,4257.0500000000
1790258263293,4257.0000000000,4257.0700000000
1790258263695,4257.0500000000,4257.1200000000
1790258264098,4257.0300000000,4257.1000000000
1790258264904,4257.0400000000,4257.1100000000
1790258265307,4257.0600000000,4257.1300000000
1790258265709,4257.0700000000,4257.1400000000
1790258266516,4257.0600000000,4257.1300000000
1790258266918,4256.8700000000,4256.9400000000
1790258267320,4256.8500000000,4256.9200000000
1790258267722,4256.9000000000,4256.9700000000
1790258268125,4256.9100000000,4256.9800000000
1790258268527,4256.9200000000,4256.9900000000
1790258268930,4256.8800000000,4256.9500000000
1790258269357,4256.8900000000,4256.9600000000
1790258269760,4256.8800000000,4256.9500000000
1790258270565,4257.9500000000,4258.0200000000
1790258270968,4258.4200000000,4258.4900000000
1790258271371,4258.3300000000,4258.4000000000
1790258271774,4258.3000000000,4258.3700000000
1790258272176,4258.2200000000,4258.2900000000
1790258272579,4258.1700000000,4258.2400000000
1790258272982,4258.2100000000,4258.2800000000
1790258273385,4258.1900000000,4258.2600000000
1790258273786,4257.9800000000,4258.0500000000
1790258274189,4257.9700000000,4258.0400000000
1790258274993,4257.9600000000,4258.0300000000
1790258275798,4257.9900000000,4258.0600000000
1790258276603,4258.0200000000,4258.0900000000
1790258277006,4257.9800000000,4258.0500000000
1790258277408,4258.1100000000,4258.1800000000
1790258277811,4258.1500000000,4258.2200000000
1790258278616,4258.3500000000,4258.4200000000
1790258279019,4258.3700000000,4258.4400000000
1790258279422,4258.5500000000,4258.6200000000
1790258279824,4258.4800000000,4258.5500000000
1790258280227,4258.3500000000,4258.4200000000
1790258280629,4258.3400000000,4258.4100000000
1790258281434,4258.4700000000,4258.5400000000
1790258281836,4258.3700000000,4258.4400000000
1790258282641,4258.3900000000,4258.4600000000
1790258283044,4258.3800000000,4258.4500000000
1790258283446,4258.3900000000,4258.4600000000
1790258284251,4258.4700000000,4258.5400000000
1790258284653,4258.6000000000,4258.6700000000
1790258285056,4258.5500000000,4258.6200000000
1790258285459,4258.6200000000,4258.6900000000
1790258285861,4258.6800000000,4258.7500000000
1790258286264,4258.7200000000,4258.7900000000
1790258286666,4258.7800000000,4258.8500000000
1790258287069,4258.8000000000,4258.8700000000
1790258287471,4258.8400000000,4258.9100000000
1790258288276,4258.8500000000,4258.9200000000
1790258288678,4259.0400000000,4259.1100000000
1790258289081,4259.0800000000,4259.1500000000
1790258289483,4259.1200000000,4259.1900000000
1790258289886,4259.2300000000,4259.3000000000
1790258290288,4259.4400000000,4259.5100000000
1790258291094,4259.4300000000,4259.5000000000
1790258291497,4259.4500000000,4259.5200000000
1790258291899,4259.3400000000,4259.4100000000
1790258292302,4259.2000000000,4259.2700000000
1790258292705,4259.1400000000,4259.2100000000
1790258293108,4259.0800000000,4259.1500000000
1790258294315,4259.0900000000,4259.1600000000
1790258294717,4259.1400000000,4259.2100000000
1790258295120,4259.1300000000,4259.2000000000
1790258295925,4259.4700000000,4259.5400000000
1790258296328,4259.3900000000,4259.4600000000
1790258296730,4259.4900000000,4259.5600000000
1790258297133,4259.5400000000,4259.6100000000
1790258297536,4259.5300000000,4259.6000000000
1790258297938,4259.7400000000,4259.8100000000
1790258298342,4259.7800000000,4259.8500000000
1790258299148,4259.8300000000,4259.9000000000
1790258299550,4259.9000000000,4259.9700000000
1790258299952,4259.8700000000,4259.9400000000
1790258300355,4259.8200000000,4259.8900000000
1790258300758,4259.8100000000,4259.8800000000
1790258301965,4259.6500000000,4259.7200000000
1790258302368,4259.6900000000,4259.7600000000
1790258302770,4259.7000000000,4259.7700000000
1790258303172,4259.6700000000,4259.7400000000
1790258303676,4259.7000000000,4259.7700000000
1790258304078,4259.4400000000,4259.5100000000
1790258304481,4259.2300000000,4259.3000000000
1790258304884,4259.2200000000,4259.2900000000
1790258305286,4259.2100000000,4259.2800000000
1790258305689,4259.2300000000,4259.3000000000
1790258306896,4259.0000000000,4259.0700000000
1790258307299,4258.9000000000,4258.9700000000
1790258308105,4258.9900000000,4259.0600000000
1790258308507,4259.0400000000,4259.1100000000
1790258308910,4259.0500000000,4259.1200000000
1790258309312,4259.0600000000,4259.1300000000
1790258309714,4259.0700000000,4259.1400000000
1790258310116,4259.1500000000,4259.2200000000
1790258310519,4259.2000000000,4259.2700000000
1790258310922,4259.2100000000,4259.2800000000
1790258311727,4259.1900000000,4259.2600000000
1790258312532,4259.1800000000,4259.2500000000
1790258312934,4259.1900000000,4259.2600000000
1790258313739,4259.1500000000,4259.2200000000
1790258314141,4259.0600000000,4259.1300000000
1790258314544,4259.0800000000,4259.1500000000
1790258314946,4259.0200000000,4259.0900000000
1790258315349,4258.9800000000,4259.0500000000
1790258316154,4258.9600000000,4259.0300000000
1790258316960,4258.9700000000,4259.0400000000
1790258317363,4258.9100000000,4258.9800000000
1790258317766,4258.8000000000,4258.8700000000
1790258318571,4258.5800000000,4258.6500000000
1790258318975,4258.5500000000,4258.6200000000
1790258319378,4258.4700000000,4258.5400000000
1790258319780,4258.5400000000,4258.6100000000
1790258320585,4258.5500000000,4258.6200000000
1790258320988,4258.4500000000,4258.5200000000
1790258321391,4258.4600000000,4258.5300000000
1790258322196,4258.4700000000,4258.5400000000
1790258323404,4258.4200000000,4258.4900000000
1790258323806,4258.4700000000,4258.5400000000
1790258324209,4258.6300000000,4258.7000000000
1790258324612,4258.6500000000,4258.7200000000
1790258325015,4258.7400000000,4258.8100000000
1790258325821,4258.7100000000,4258.7800000000
1790258326626,4258.7000000000,4258.7700000000
1790258327028,4258.7800000000,4258.8500000000
1790258327431,4259.0500000000,4259.1200000000
1790258327834,4259.0300000000,4259.1000000000
1790258328236,4258.9700000000,4259.0400000000
1790258328638,4259.1000000000,4259.1700000000
1790258329443,4259.0100000000,4259.0800000000
1790258329845,4258.9700000000,4259.0400000000
1790258330248,4258.9000000000,4258.9700000000
1790258331455,4258.8800000000,4258.9500000000
1790258331858,4258.8200000000,4258.8900000000
1790258332260,4258.7900000000,4258.8600000000
1790258332662,4258.7100000000,4258.7800000000
1790258333065,4258.8500000000,4258.9200000000
1790258333467,4258.8700000000,4258.9400000000
1790258333869,4258.8300000000,4258.9000000000
1790258334674,4258.8200000000,4258.8900000000
1790258337089,4258.8100000000,4258.8800000000
1790258337492,4258.7300000000,4258.8000000000
1790258337894,4258.7100000000,4258.7800000000
1790258338297,4258.6300000000,4258.7000000000
1790258339103,4258.6500000000,4258.7200000000
1790258339506,4258.6600000000,4258.7300000000
1790258339909,4258.5900000000,4258.6600000000
1790258340311,4258.5500000000,4258.6200000000
1790258340714,4258.5000000000,4258.5700000000
1790258341116,4258.4800000000,4258.5500000000
1790258341519,4258.6300000000,4258.7000000000
1790258341921,4258.5700000000,4258.6400000000
1790258342324,4258.5000000000,4258.5700000000
1790258342726,4258.4700000000,4258.5400000000
1790258343128,4258.3400000000,4258.4100000000
1790258343531,4258.4100000000,4258.4800000000
1790258343934,4258.4200000000,4258.4900000000
1790258344336,4258.4400000000,4258.5100000000
1790258344738,4258.5300000000,4258.6000000000
1790258345140,4258.5700000000,4258.6400000000
1790258345945,4258.6100000000,4258.6800000000
1790258346348,4258.6000000000,4258.6700000000
1790258347153,4258.5900000000,4258.6600000000
1790258347556,4258.5000000000,4258.5700000000
1790258347958,4258.4800000000,4258.5500000000
1790258348763,4258.4700000000,4258.5400000000
1790258350777,4258.2500000000,4258.3200000000
1790258351179,4258.2700000000,4258.3400000000
1790258351582,4258.2500000000,4258.3200000000
1790258351984,4258.2400000000,4258.3100000000
1790258352387,4258.3200000000,4258.3900000000
1790258353192,4258.3000000000,4258.3700000000
1790258353595,4258.3400000000,4258.4100000000
1790258353999,4258.3800000000,4258.4500000000
1790258354403,4258.4000000000,4258.4700000000
1790258354807,4258.3900000000,4258.4600000000
1790258355209,4258.3800000000,4258.4500000000
1790258355612,4258.3400000000,4258.4100000000
1790258356015,4258.2700000000,4258.3400000000
1790258356820,4258.2400000000,4258.3100000000
1790258357222,4258.2000000000,4258.2700000000
1790258357625,4258.2100000000,4258.2800000000
1790258358430,4258.2000000000,4258.2700000000
1790258359238,4257.9800000000,4258.0500000000
1790258359640,4257.9500000000,4258.0200000000
1790258360043,4257.9300000000,4258.0000000000
1790258360446,4257.9600000000,4258.0300000000
1790258361251,4257.9500000000,4258.0200000000
1790258362459,4257.3700000000,4257.4400000000
1790258362861,4257.3800000000,4257.4500000000
1790258363264,4257.5600000000,4257.6300000000
1790258364070,4257.4300000000,4257.5000000000
1790258364573,4257.4700000000,4257.5400000000
1790258364875,4257.4300000000,4257.5000000000
1790258365379,4257.4000000000,4257.4700000000
1790258365782,4257.3400000000,4257.4100000000
1790258366184,4257.3500000000,4257.4200000000
1790258366990,4257.3600000000,4257.4300000000
1790258367392,4257.4100000000,4257.4800000000
1790258367794,4257.4000000000,4257.4700000000
1790258368197,4257.4100000000,4257.4800000000
1790258368599,4257.4600000000,4257.5300000000
1790258369002,4257.4900000000,4257.5600000000
1790258369404,4257.4700000000,4257.5400000000
1790258369807,4257.6800000000,4257.7500000000
1790258370612,4257.7000000000,4257.7700000000
1790258371014,4257.7300000000,4257.8000000000
1790258371416,4258.1600000000,4258.2300000000
1790258371820,4258.1400000000,4258.2100000000
1790258372222,4258.1100000000,4258.1800000000
1790258372624,4258.0400000000,4258.1100000000
1790258373027,4258.0300000000,4258.1000000000
1790258373429,4258.0200000000,4258.0900000000
1790258373833,4258.0000000000,4258.0700000000
1790258374638,4258.0100000000,4258.0800000000
1790258375040,4257.9600000000,4258.0300000000
1790258375443,4257.9500000000,4258.0200000000
1790258375845,4257.9200000000,4257.9900000000
1790258376248,4257.9500000000,4258.0200000000
1790258377053,4257.9800000000,4258.0500000000
1790258377455,4258.0100000000,4258.0800000000
1790258378664,4257.9300000000,4258.0000000000
1790258379469,4257.7600000000,4257.8300000000
1790258379871,4257.7500000000,4257.8200000000
1790258381883,4257.7300000000,4257.8000000000
1790258382286,4257.7200000000,4257.7900000000
1790258382689,4257.7000000000,4257.7700000000
1790258383494,4257.7200000000,4257.7900000000
1790258383896,4257.7600000000,4257.8300000000
1790258384299,4257.7900000000,4257.8600000000
1790258385506,4257.7800000000,4257.8500000000
1790258385910,4257.7300000000,4257.8000000000
1790258386312,4257.8100000000,4257.8800000000
1790258386714,4257.7500000000,4257.8200000000
1790258387117,4257.6700000000,4257.7400000000
1790258387519,4257.6500000000,4257.7200000000
1790258387922,4257.6300000000,4257.7000000000
1790258388325,4257.5600000000,4257.6300000000
1790258388727,4257.3800000000,4257.4500000000
1790258389129,4257.4000000000,4257.4700000000
1790258389531,4257.4900000000,4257.5600000000
1790258389934,4257.5100000000,4257.5800000000
1790258390336,4257.5200000000,4257.5900000000
1790258390738,4257.7200000000,4257.7900000000
1790258391141,4257.7400000000,4257.8100000000
1790258391544,4257.8200000000,4257.8900000000
1790258391946,4257.8500000000,4257.9200000000
1790258392349,4257.8700000000,4257.9400000000
1790258392751,4257.9000000000,4257.9700000000
1790258393556,4257.8600000000,4257.9300000000
1790258393959,4257.8000000000,4257.8700000000
1790258394362,4257.8400000000,4257.9100000000
1790258394764,4257.8500000000,4257.9200000000
1790258395167,4258.2500000000,4258.3200000000
1790258395569,4258.1400000000,4258.2100000000
1790258395972,4258.1000000000,4258.1700000000
1790258396778,4258.0700000000,4258.1400000000
1790258397181,4258.0900000000,4258.1600000000
1790258397583,4258.3600000000,4258.4300000000
1790258397986,4258.2600000000,4258.3300000000
1790258398389,4258.3500000000,4258.4200000000
1790258399599,4258.3300000000,4258.4000000000
1790258400001,4258.3300000000,4258.4000000000
1790258400403,4258.3000000000,4258.3700000000
1790258400805,4258.0200000000,4258.0900000000
1790258401208,4257.9600000000,4258.1000000000
1790258401610,4258.1000000000,4258.2400000000
1790258402013,4258.1700000000,4258.3100000000
1790258402416,4258.2100000000,4258.3500000000
1790258402818,4258.4300000000,4258.5700000000
1790258403221,4258.4400000000,4258.5800000000
1790258403623,4258.4800000000,4258.6200000000
1790258404025,4258.4200000000,4258.5600000000
1790258404428,4258.2600000000,4258.3600000000
1790258405232,4258.2500000000,4258.3500000000
1790258405635,4258.2200000000,4258.3200000000
1790258406039,4258.1800000000,4258.2800000000
1790258406442,4258.1600000000,4258.2600000000
1790258406846,4258.1700000000,4258.2700000000
1790258407248,4258.5000000000,4258.6000000000
1790258407652,4258.5400000000,4258.6400000000
1790258408055,4258.7900000000,4258.8900000000
1790258408457,4258.6200000000,4258.7300000000
1790258408860,4258.6000000000,4258.7100000000
1790258409262,4258.6400000000,4258.7500000000
1790258409665,4258.7000000000,4258.8100000000
1790258410068,4258.8000000000,4258.9100000000
1790258410470,4258.8200000000,4258.9200000000
1790258410873,4258.9000000000,4259.0000000000
1790258411275,4258.8900000000,4258.9900000000
1790258411678,4258.9100000000,4259.0100000000
1790258412080,4259.2500000000,4259.3500000000
1790258412484,4259.2400000000,4259.3400000000
1790258412885,4259.2000000000,4259.3000000000
1790258413288,4259.1400000000,4259.2400000000
1790258413690,4259.0600000000,4259.1600000000
1790258414092,4259.0000000000,4259.1000000000
1790258414494,4258.9400000000,4259.0400000000
1790258414896,4258.6100000000,4258.7100000000
1790258415299,4258.6400000000,4258.7500000000
1790258416105,4258.7800000000,4258.8900000000
1790258416507,4259.0300000000,4259.1400000000
1790258416910,4259.1800000000,4259.2900000000
1790258417312,4259.2100000000,4259.3200000000
1790258417715,4259.3300000000,4259.4400000000
1790258418118,4259.5700000000,4259.6800000000
1790258418520,4259.4900000000,4259.6000000000
1790258418926,4259.5200000000,4259.6300000000
1790258419329,4259.5600000000,4259.6600000000
1790258419731,4259.5900000000,4259.6900000000
1790258420133,4259.8200000000,4259.9200000000
1790258420536,4259.7200000000,4259.8200000000
1790258420940,4259.7300000000,4259.8300000000
1790258421342,4259.7400000000,4259.8400000000
1790258421745,4259.6500000000,4259.7500000000
1790258422148,4259.7400000000,4259.8400000000
1790258422551,4259.6700000000,4259.7700000000
1790258422953,4259.6500000000,4259.7500000000
1790258423356,4259.6400000000,4259.7400000000
1790258423759,4259.5800000000,4259.6800000000
1790258424162,4259.1000000000,4259.2000000000
1790258424564,4259.0100000000,4259.1100000000
1790258424966,4258.9300000000,4259.0300000000
1790258425369,4259.3300000000,4259.4400000000
1790258425772,4259.4600000000,4259.5700000000
1790258426678,4259.4300000000,4259.5400000000
1790258427081,4259.3800000000,4259.4900000000
1790258427483,4259.3600000000,4259.4700000000
1790258428289,4259.4000000000,4259.5100000000
1790258428692,4259.4200000000,4259.5300000000
1790258429095,4259.6100000000,4259.7200000000
1790258429497,4259.6100000000,4259.7100000000
1790258429899,4259.6200000000,4259.7200000000
1790258430302,4259.4600000000,4259.5600000000
1790258430704,4259.5900000000,4259.6900000000
1790258431107,4259.5800000000,4259.6800000000
1790258431912,4259.4600000000,4259.5600000000
1790258432314,4259.4200000000,4259.5200000000
1790258432717,4259.2900000000,4259.3900000000
1790258433119,4259.3100000000,4259.4100000000
1790258433522,4259.2400000000,4259.3400000000
1790258433924,4259.6000000000,4259.7000000000
1790258434327,4259.5600000000,4259.6600000000
1790258434730,4259.6500000000,4259.7500000000
1790258435132,4259.6700000000,4259.7700000000
1790258435535,4259.7400000000,4259.8400000000
1790258435938,4259.7500000000,4259.8500000000
1790258436340,4259.8400000000,4259.9400000000
1790258436743,4259.8600000000,4259.9600000000
1790258437145,4260.0800000000,4260.1800000000
1790258437547,4260.1100000000,4260.2100000000
1790258437950,4260.0600000000,4260.1600000000
1790258438353,4260.0000000000,4260.1000000000
1790258438756,4260.0100000000,4260.1100000000
1790258439159,4260.1100000000,4260.2100000000
1790258439561,4260.1800000000,4260.2800000000
1790258439964,4260.1600000000,4260.2600000000
1790258440769,4260.1800000000,4260.2800000000
1790258441172,4260.1700000000,4260.2700000000
1790258441574,4260.1500000000,4260.2500000000
1790258442380,4260.1100000000,4260.2100000000
1790258443990,4260.1300000000,4260.2300000000
1790258444392,4260.2100000000,4260.3100000000
1790258444796,4260.2800000000,4260.3800000000
1790258445198,4260.2900000000,4260.3900000000
1790258445601,4260.4300000000,4260.5300000000
1790258446003,4260.4700000000,4260.5700000000
1790258446406,4260.4000000000,4260.5000000000
1790258446808,4260.3600000000,4260.4600000000
1790258447211,4260.2200000000,4260.3200000000
1790258447613,4260.2000000000,4260.3000000000
1790258448016,4260.2400000000,4260.3400000000
1790258448419,4260.2600000000,4260.3600000000
1790258448821,4260.2800000000,4260.3800000000
1790258449224,4260.2900000000,4260.3900000000
1790258449627,4260.2500000000,4260.3500000000
1790258450029,4260.3200000000,4260.4200000000
1790258450432,4260.2200000000,4260.3200000000
1790258450835,4260.1700000000,4260.2700000000
1790258451237,4259.4100000000,4259.5100000000
1790258451640,4259.5000000000,4259.6000000000
1790258452042,4259.4300000000,4259.5300000000
1790258452445,4259.4200000000,4259.5200000000
1790258452847,4259.6300000000,4259.7300000000
1790258453250,4259.5600000000,4259.6600000000
1790258453652,4259.5500000000,4259.6500000000
1790258454055,4259.2200000000,4259.3200000000
1790258454457,4258.9900000000,4259.0900000000
1790258454859,4258.9800000000,4259.0800000000
1790258455262,4258.8300000000,4258.9300000000
1790258455665,4258.6600000000,4258.7600000000
1790258456067,4258.5000000000,4258.6000000000
1790258456469,4258.4900000000,4258.6000000000
1790258456871,4258.5200000000,4258.6300000000
1790258457274,4258.6000000000,4258.7000000000
1790258457678,4258.6800000000,4258.7800000000
1790258458080,4258.7000000000,4258.8000000000
1790258458483,4258.7100000000,4258.8100000000
1790258458885,4258.7300000000,4258.8300000000
1790258460093,4258.7200000000,4258.8200000000
1790258460496,4259.0700000000,4259.1700000000
1790258460898,4259.0300000000,4259.1300000000
1790258461301,4259.0500000000,4259.1500000000
1790258461703,4259.0800000000,4259.1800000000
1790258462106,4259.0500000000,4259.1500000000
1790258462508,4258.9800000000,4259.0800000000
1790258462911,4259.1700000000,4259.2700000000
1790258463716,4259.1300000000,4259.2300000000
1790258464118,4259.1200000000,4259.2200000000
1790258464621,4259.1600000000,4259.2600000000
1790258465023,4259.0500000000,4259.1500000000
1790258465426,4258.9100000000,4259.0100000000
1790258465828,4258.8900000000,4258.9900000000
1790258466231,4258.6600000000,4258.7600000000
1790258466633,4258.7000000000,4258.8000000000
1790258467036,4258.6500000000,4258.7500000000
1790258467438,4258.6400000000,4258.7400000000
1790258467840,4258.5400000000,4258.6400000000
1790258468244,4258.5100000000,4258.6100000000
1790258468645,4258.5200000000,4258.6200000000
1790258469048,4258.5000000000,4258.6000000000
1790258469450,4258.4400000000,4258.5400000000
1790258469852,4258.4500000000,4258.5500000000
1790258470658,4258.2900000000,4258.3900000000
1790258471061,4258.4400000000,4258.5400000000
1790258471463,4258.4500000000,4258.5500000000
1790258471866,4258.7300000000,4258.8300000000
1790258472269,4258.6200000000,4258.7200000000
1790258473074,4258.6400000000,4258.7400000000
1790258473476,4258.7000000000,4258.8000000000
1790258473881,4258.7200000000,4258.8200000000
1790258474284,4258.6300000000,4258.7300000000
1790258474685,4258.4500000000,4258.5500000000
1790258475088,4258.4700000000,4258.5700000000
1790258475491,4258.8800000000,4258.9800000000
1790258475893,4258.8300000000,4258.9300000000
1790258476698,4258.8000000000,4258.9000000000
1790258477503,4258.7500000000,4258.8500000000
1790258477906,4258.7200000000,4258.8200000000
1790258478308,4258.5500000000,4258.6500000000
1790258478710,4258.5900000000,4258.6900000000
1790258479516,4258.6000000000,4258.7000000000
1790258479919,4258.7900000000,4258.8900000000
1790258480321,4258.5800000000,4258.6800000000
1790258480724,4258.5600000000,4258.6600000000
1790258481530,4258.5200000000,4258.6200000000
1790258481932,4258.4000000000,4258.5000000000
1790258482737,4258.1900000000,4258.2900000000
1790258483139,4258.1200000000,4258.2200000000
1790258483542,4258.1900000000,4258.2900000000
1790258484349,4258.3600000000,4258.4600000000
1790258484752,4258.5200000000,4258.6200000000
1790258485154,4258.5500000000,4258.6500000000
1790258485557,4258.5600000000,4258.6600000000
1790258485960,4258.5000000000,4258.6000000000
1790258486363,4258.4900000000,4258.5900000000
1790258486765,4258.5700000000,4258.6700000000
1790258487168,4258.5800000000,4258.6800000000
1790258487570,4258.6700000000,4258.7700000000
1790258488375,4258.6400000000,4258.7400000000
1790258488778,4258.6200000000,4258.7200000000
1790258489181,4258.7100000000,4258.8000000000
1790258489585,4258.5100000000,4258.6000000000
1790258490390,4258.5800000000,4258.6700000000
1790258490793,4258.6900000000,4258.7800000000
1790258491195,4258.7100000000,4258.8000000000
1790258491597,4258.7000000000,4258.7900000000
1790258492000,4258.6400000000,4258.7300000000
1790258492805,4258.5400000000,4258.6300000000
1790258493610,4258.5500000000,4258.6400000000
1790258494817,4258.5200000000,4258.6100000000
1790258495219,4258.5000000000,4258.5900000000
1790258495622,4258.5700000000,4258.6600000000
1790258496024,4258.5900000000,4258.6800000000
1790258496829,4258.5500000000,4258.6400000000
1790258497634,4258.8700000000,4258.9600000000
1790258498036,4258.8300000000,4258.9200000000
1790258498439,4258.7300000000,4258.8200000000
1790258499243,4258.6200000000,4258.7100000000
1790258499646,4258.5600000000,4258.6500000000
1790258500451,4258.5100000000,4258.6000000000
1790258502063,4258.3600000000,4258.4500000000
1790258502465,4258.4500000000,4258.5400000000
1790258502867,4258.4300000000,4258.5200000000
1790258503672,4258.3900000000,4258.4800000000
1790258504076,4258.5700000000,4258.6600000000
1790258504879,4258.7000000000,4258.7900000000
1790258505282,4258.6800000000,4258.7700000000
1790258505685,4258.5400000000,4258.6300000000
1790258506088,4258.5000000000,4258.5900000000
1790258506491,4258.6600000000,4258.7500000000
1790258506895,4258.7100000000,4258.8000000000
1790258507298,4258.6400000000,4258.7300000000
1790258507701,4258.6100000000,4258.7000000000
1790258508506,4258.5900000000,4258.6800000000
1790258508909,4258.4800000000,4258.5700000000
1790258509310,4258.5800000000,4258.6700000000
1790258509713,4258.6000000000,4258.6900000000
1790258510115,4258.5700000000,4258.6600000000
1790258511323,4258.5400000000,4258.6300000000
1790258511726,4258.4900000000,4258.5800000000
1790258512128,4258.5000000000,4258.5900000000
1790258512631,4258.4800000000,4258.5700000000
1790258513034,4258.4300000000,4258.5200000000
1790258513436,4258.4900000000,4258.5800000000
1790258513839,4258.5100000000,4258.6000000000
1790258514241,4258.5400000000,4258.6300000000
1790258514645,4258.5300000000,4258.6200000000
1790258515450,4258.6100000000,4258.7000000000
1790258516255,4258.6300000000,4258.7200000000
1790258516657,4258.7000000000,4258.7900000000
1790258517462,4258.7200000000,4258.8100000000
1790258517865,4258.8600000000,4258.9500000000
1790258518267,4258.8300000000,4258.9200000000
1790258518670,4258.8200000000,4258.9100000000
1790258519073,4258.8100000000,4258.9000000000
1790258519475,4258.7700000000,4258.8500000000
1790258520281,4258.7800000000,4258.8600000000
1790258521086,4258.6000000000,4258.6800000000
1790258521489,4258.5700000000,4258.6500000000
1790258521891,4258.5500000000,4258.6300000000
1790258522294,4258.5300000000,4258.6100000000
1790258522697,4258.5800000000,4258.6600000000
1790258524307,4258.5700000000,4258.6500000000
1790258525111,4258.5500000000,4258.6300000000
1790258525917,4258.5200000000,4258.6000000000
1790258526320,4258.5100000000,4258.5900000000
1790258526722,4258.5400000000,4258.6200000000
1790258527125,4258.5100000000,4258.5900000000
1790258527528,4258.5800000000,4258.6600000000
1790258527931,4258.5900000000,4258.6700000000
1790258528736,4258.6000000000,4258.6800000000
1790258529139,4258.5800000000,4258.6600000000
1790258529541,4258.5900000000,4258.6700000000
1790258529944,4258.6200000000,4258.7000000000
1790258530346,4258.5700000000,4258.6500000000
1790258530749,4258.4900000000,4258.5700000000
1790258531152,4258.4100000000,4258.4900000000
1790258531957,4258.3800000000,4258.4600000000
1790258532359,4258.4000000000,4258.4800000000
1790258532762,4258.4700000000,4258.5500000000
1790258533567,4258.5000000000,4258.5800000000
1790258533969,4258.6400000000,4258.7200000000
1790258534372,4258.4900000000,4258.5700000000
1790258534774,4258.4700000000,4258.5500000000
1790258535177,4258.4900000000,4258.5700000000
1790258535579,4258.4100000000,4258.4900000000
1790258535982,4258.3900000000,4258.4700000000
1790258536788,4258.4100000000,4258.4900000000
1790258537593,4258.4800000000,4258.5600000000
1790258537995,4258.3800000000,4258.4600000000
1790258538398,4258.3600000000,4258.4400000000
1790258538799,4258.4000000000,4258.4800000000
1790258539607,4258.0600000000,4258.1400000000
1790258540009,4258.0400000000,4258.1200000000
1790258540412,4258.0100000000,4258.0900000000
1790258541217,4257.9900000000,4258.0700000000
1790258541620,4257.9800000000,4258.0600000000
1790258542023,4257.8100000000,4257.8900000000
1790258543633,4257.8000000000,4257.8800000000
1790258544841,4257.8200000000,4257.9000000000
1790258546856,4257.8300000000,4257.9100000000
1790258547258,4257.8200000000,4257.9000000000
1790258548064,4257.8300000000,4257.9100000000
1790258548868,4257.9100000000,4257.9900000000
1790258549271,4258.2300000000,4258.3100000000
1790258549674,4258.2400000000,4258.3200000000
1790258550479,4258.2300000000,4258.3100000000
1790258551284,4258.1300000000,4258.2100000000
1790258551787,4258.1000000000,4258.1800000000
1790258552894,4258.0700000000,4258.1500000000
1790258553297,4258.0400000000,4258.1200000000
1790258553699,4258.0300000000,4258.1100000000
1790258554101,4257.9600000000,4258.0400000000
1790258554605,4257.9400000000,4258.0200000000
1790258555007,4257.9200000000,4258.0000000000
1790258555812,4257.9100000000,4257.9900000000
1790258556616,4257.9700000000,4258.0500000000
1790258557019,4257.9800000000,4258.0600000000
1790258557421,4258.0000000000,4258.0800000000
1790258557824,4258.0100000000,4258.0900000000
1790258558226,4258.0400000000,4258.1200000000
1790258558629,4258.1300000000,4258.2100000000
1790258559435,4258.1500000000,4258.2300000000
1790258559837,4258.2500000000,4258.3300000000
1790258560239,4258.2700000000,4258.3500000000
1790258560643,4258.5100000000,4258.5900000000
1790258561045,4258.7600000000,4258.8400000000
1790258561448,4258.7800000000,4258.8600000000
1790258561850,4258.7900000000,4258.8700000000
1790258562253,4258.7500000000,4258.8400000000
1790258562655,4258.7200000000,4258.8100000000
1790258563058,4258.5900000000,4258.6800000000
1790258563460,4258.4800000000,4258.5700000000
1790258563863,4258.4600000000,4258.5500000000
1790258564266,4258.6400000000,4258.7300000000
1790258565071,4258.6600000000,4258.7500000000
1790258565473,4258.6400000000,4258.7300000000
1790258565875,4258.5900000000,4258.6800000000
1790258566278,4258.5400000000,4258.6300000000
1790258566682,4258.5900000000,4258.6800000000
1790258567085,4258.6000000000,4258.6900000000
1790258567889,4258.5500000000,4258.6400000000
1790258568292,4258.5300000000,4258.6200000000
1790258568694,4258.5100000000,4258.6000000000
1790258569096,4258.4800000000,4258.5700000000
1790258569499,4258.4700000000,4258.5600000000
1790258569901,4258.4300000000,4258.5200000000
1790258570706,4258.3700000000,4258.4600000000
1790258571108,4258.3600000000,4258.4500000000
1790258571512,4258.3900000000,4258.4800000000
1790258571915,4258.4700000000,4258.5600000000
1790258572318,4258.4500000000,4258.5400000000
1790258572721,4258.4800000000,4258.5700000000
1790258573123,4258.4700000000,4258.5600000000
1790258573526,4258.4800000000,4258.5700000000
1790258574331,4258.4100000000,4258.5000000000
1790258574734,4258.4700000000,4258.5600000000
1790258575137,4258.5000000000,4258.5800000000
1790258577149,4258.4200000000,4258.5000000000
1790258577552,4258.3700000000,4258.4500000000
1790258577954,4258.3800000000,4258.4600000000
1790258578357,4258.3500000000,4258.4300000000
1790258579162,4258.3700000000,4258.4500000000
1790258579563,4258.3600000000,4258.4400000000
1790258579966,4258.3300000000,4258.4100000000
1790258580368,4258.1600000000,4258.2400000000
1790258580772,4258.1900000000,4258.2700000000
1790258581175,4258.1800000000,4258.2600000000
1790258581577,4257.9800000000,4258.0600000000
1790258581979,4257.8500000000,4257.9300000000
1790258582382,4257.6200000000,4257.7000000000
1790258582784,4257.6400000000,4257.7200000000
1790258583187,4257.7300000000,4257.8200000000
1790258583992,4257.6600000000,4257.7500000000
1790258584394,4257.7200000000,4257.8100000000
1790258584797,4257.7500000000,4257.8400000000
1790258585199,4257.6400000000,4257.7200000000
1790258585602,4257.4100000000,4257.4900000000
1790258586408,4257.4600000000,4257.5400000000
1790258586811,4257.4700000000,4257.5500000000
1790258587213,4257.1700000000,4257.2500000000
1790258588018,4257.1100000000,4257.1900000000
1790258588421,4257.0000000000,4257.0900000000
1790258588824,4257.0600000000,4257.1500000000
1790258589226,4257.0900000000,4257.1800000000
1790258589629,4257.1300000000,4257.2200000000
1790258590032,4257.1500000000,4257.2400000000
1790258590435,4257.1500000000,4257.2300000000
1790258590837,4257.1800000000,4257.2600000000
1790258591239,4257.3100000000,4257.3900000000
1790258591641,4257.4300000000,4257.5100000000
1790258592447,4257.4900000000,4257.5700000000
1790258593251,4257.4800000000,4257.5700000000
1790258594058,4257.4700000000,4257.5600000000
1790258594863,4257.3800000000,4257.4700000000
1790258595266,4257.3200000000,4257.4000000000
1790258595668,4257.3100000000,4257.3900000000
1790258596070,4257.3000000000,4257.3800000000
1790258596875,4257.3100000000,4257.3900000000
1790258597278,4257.3300000000,4257.4100000000
1790258598486,4257.3200000000,4257.4000000000
1790258598888,4257.3400000000,4257.4200000000
1790258599293,4257.4300000000,4257.5100000000
1790258599696,4257.4100000000,4257.4900000000
1790258600501,4257.4600000000,4257.5400000000
1790258600904,4257.2100000000,4257.2900000000
1790258601307,4257.2200000000,4257.3000000000
1790258601709,4257.1600000000,4257.2400000000
1790258602112,4257.1000000000,4257.1800000000
1790258602515,4257.0600000000,4257.1400000000
1790258602918,4257.0300000000,4257.1100000000
1790258603320,4256.9800000000,4257.0600000000
1790258604126,4256.9300000000,4257.0100000000
1790258604529,4256.9400000000,4257.0200000000
1790258604932,4256.9600000000,4257.0400000000
1790258605334,4257.1200000000,4257.2000000000
1790258606139,4257.0400000000,4257.1200000000
1790258606541,4256.9300000000,4257.0100000000
1790258606944,4256.8500000000,4256.9300000000
1790258607346,4256.9100000000,4256.9900000000
1790258607850,4256.8300000000,4256.9100000000
1790258608252,4256.8200000000,4256.9000000000
1790258608957,4256.9600000000,4257.0400000000
1790258609360,4256.9300000000,4257.0100000000
1790258610266,4256.9200000000,4257.0000000000
1790258610668,4256.9000000000,4256.9800000000
1790258611473,4256.8900000000,4256.9700000000
1790258613890,4256.9000000000,4256.9800000000
1790258614293,4256.8500000000,4256.9300000000
1790258614696,4257.0000000000,4257.0800000000
1790258615098,4257.0300000000,4257.1100000000
1790258616306,4257.0900000000,4257.1700000000
1790258617111,4257.1900000000,4257.2700000000
1790258617513,4257.1600000000,4257.2400000000
1790258617916,4257.0600000000,4257.1400000000
1790258619125,4257.0800000000,4257.1600000000
1790258619929,4257.0400000000,4257.1200000000
1790258620332,4257.0500000000,4257.1300000000
1790258621137,4257.0700000000,4257.1500000000
1790258621540,4257.0200000000,4257.1000000000
1790258621942,4257.1600000000,4257.2400000000
1790258622345,4257.1700000000,4257.2500000000
1790258622747,4257.1900000000,4257.2700000000
1790258623150,4257.2000000000,4257.2800000000
1790258623553,4257.1400000000,4257.2200000000
1790258624359,4257.1800000000,4257.2600000000
1790258625567,4257.1900000000,4257.2700000000
1790258626372,4257.1600000000,4257.2400000000
1790258626774,4257.1700000000,4257.2500000000
1790258627176,4257.1200000000,4257.2000000000
1790258628384,4257.0800000000,4257.1600000000
1790258628786,4257.0300000000,4257.1100000000
1790258629189,4256.9200000000,4257.0000000000
1790258629591,4256.9100000000,4256.9900000000
1790258629994,4256.8300000000,4256.9100000000
1790258632410,4256.8700000000,4256.9500000000
1790258633214,4256.8800000000,4256.9600000000
1790258633616,4256.8700000000,4256.9500000000
1790258634020,4256.8900000000,4256.9700000000
1790258634423,4257.0300000000,4257.1100000000
1790258634825,4257.0900000000,4257.1700000000
1790258635228,4257.0600000000,4257.1400000000
1790258636033,4257.0400000000,4257.1200000000
1790258636435,4257.0800000000,4257.1600000000
1790258636839,4257.1700000000,4257.2500000000
1790258637242,4257.2800000000,4257.3600000000
1790258637644,4257.2000000000,4257.2800000000
1790258638047,4256.8000000000,4256.8800000000
1790258638450,4256.7900000000,4256.8700000000
1790258638852,4256.7400000000,4256.8200000000
1790258639254,4256.8800000000,4256.9600000000
1790258639657,4256.9000000000,4256.9800000000
1790258640060,4256.9100000000,4256.9900000000
1790258640462,4257.0000000000,4257.0800000000
1790258640864,4257.0400000000,4257.1200000000
1790258641671,4256.9600000000,4257.0400000000
1790258642073,4256.9400000000,4257.0200000000
1790258642476,4256.9100000000,4256.9900000000
1790258642878,4256.9600000000,4257.0400000000
1790258643281,4256.8400000000,4256.9200000000
1790258643683,4256.8200000000,4256.9000000000
1790258644085,4256.7900000000,4256.8700000000
1790258644488,4256.7500000000,4256.8300000000
1790258646099,4256.6200000000,4256.7000000000
1790258646501,4256.6400000000,4256.7200000000
1790258646903,4256.6200000000,4256.7000000000
1790258647306,4256.4100000000,4256.4900000000
1790258647709,4256.4000000000,4256.4800000000
1790258648111,4256.3800000000,4256.4600000000
1790258649319,4256.3500000000,4256.4300000000
1790258650123,4256.6500000000,4256.7300000000
1790258650929,4256.7200000000,4256.8000000000
1790258651332,4256.6200000000,4256.7000000000
1790258651734,4256.5600000000,4256.6400000000
1790258652137,4256.6400000000,4256.7200000000
1790258652539,4256.6100000000,4256.6900000000
1790258652943,4256.5900000000,4256.6700000000
1790258653346,4256.5300000000,4256.6100000000
1790258653748,4256.5700000000,4256.6500000000
1790258654151,4256.6300000000,4256.7100000000
1790258654553,4256.6500000000,4256.7300000000
1790258656163,4256.6100000000,4256.6900000000
1790258656566,4256.6400000000,4256.7200000000
1790258656969,4256.6200000000,4256.7000000000
1790258657774,4256.5300000000,4256.6100000000
1790258658176,4256.4500000000,4256.5300000000
1790258659385,4256.4000000000,4256.4800000000
1790258660193,4256.3800000000,4256.4600000000
1790258661400,4256.3700000000,4256.4500000000
1790258661802,4256.2800000000,4256.3600000000
1790258662205,4256.3000000000,4256.3800000000
1790258662607,4256.3100000000,4256.3900000000
1790258663009,4256.3200000000,4256.4000000000
1790258663412,4256.4500000000,4256.5300000000
1790258663815,4256.4600000000,4256.5400000000
1790258664217,4256.4000000000,4256.4800000000
1790258664619,4256.2900000000,4256.3700000000
1790258665022,4256.3300000000,4256.4100000000
1790258666229,4256.3100000000,4256.3900000000
1790258666632,4256.3400000000,4256.4200000000
1790258667034,4256.3500000000,4256.4300000000
1790258667437,4256.3400000000,4256.4200000000
1790258667839,4256.4000000000,4256.4800000000
1790258668242,4256.5400000000,4256.6200000000
1790258668644,4256.5700000000,4256.6500000000
1790258669147,4256.5600000000,4256.6400000000
1790258669449,4256.5300000000,4256.6100000000
1790258669852,4256.4300000000,4256.5100000000
1790258670758,4256.4000000000,4256.4800000000
1790258671865,4256.3300000000,4256.4100000000
1790258672368,4256.4100000000,4256.4900000000
1790258672771,4256.4400000000,4256.5200000000
1790258673173,4256.4200000000,4256.5000000000
1790258674783,4256.4300000000,4256.5100000000
1790258675185,4256.4800000000,4256.5600000000
1790258675588,4256.4600000000,4256.5400000000
1790258675991,4256.4700000000,4256.5500000000
1790258676393,4256.4900000000,4256.5700000000
1790258677198,4256.5800000000,4256.6600000000
1790258677601,4256.5600000000,4256.6400000000
1790258678004,4256.5100000000,4256.5900000000
1790258678407,4256.5200000000,4256.6000000000
1790258678810,4256.6700000000,4256.7500000000
1790258679212,4256.6900000000,4256.7700000000
1790258679615,4256.6300000000,4256.7100000000
1790258680017,4256.6100000000,4256.6900000000
1790258680822,4256.6600000000,4256.7400000000
1790258681225,4256.7300000000,4256.8000000000
1790258681628,4256.6600000000,4256.7300000000
1790258682031,4256.6500000000,4256.7200000000
1790258682434,4256.6300000000,4256.7000000000
1790258682836,4256.6200000000,4256.6900000000
1790258684044,4256.7300000000,4256.8000000000
1790258684447,4256.7600000000,4256.8300000000
1790258684849,4256.7500000000,4256.8200000000
1790258686058,4256.6300000000,4256.7000000000
1790258686460,4256.6200000000,4256.6900000000
1790258688071,4256.6100000000,4256.6800000000
1790258688473,4256.5200000000,4256.5900000000
1790258688875,4256.5700000000,4256.6400000000
1790258689681,4256.6100000000,4256.6800000000
1790258690888,4256.5900000000,4256.6600000000
1790258691291,4256.5300000000,4256.6000000000
1790258691693,4256.5000000000,4256.5700000000
1790258692499,4256.4100000000,4256.4800000000
1790258692903,4256.2300000000,4256.3000000000
1790258693304,4256.2200000000,4256.2900000000
1790258693708,4256.1100000000,4256.1800000000
1790258694111,4256.0500000000,4256.1200000000
1790258694514,4256.0100000000,4256.0800000000
1790258694918,4255.9900000000,4256.0600000000
1790258695724,4256.1000000000,4256.1700000000
1790258696127,4256.1500000000,4256.2200000000
1790258696530,4256.1200000000,4256.1900000000
1790258697335,4256.1900000000,4256.2600000000
1790258697737,4256.1200000000,4256.1900000000
1790258698946,4256.0400000000,4256.1100000000
1790258699348,4256.0500000000,4256.1200000000
1790258699751,4256.0100000000,4256.0800000000
1790258700154,4255.9800000000,4256.0500000000
1790258700556,4255.9200000000,4255.9900000000
1790258700958,4255.9000000000,4255.9700000000
1790258701361,4255.6500000000,4255.7200000000
1790258701763,4255.5900000000,4255.6600000000
1790258702166,4255.6300000000,4255.7100000000
1790258702568,4255.6700000000,4255.7500000000
1790258703373,4255.7300000000,4255.8100000000
1790258703775,4255.7100000000,4255.7900000000
1790258704581,4255.6700000000,4255.7500000000
1790258705386,4255.5300000000,4255.6100000000
1790258705788,4255.5200000000,4255.6000000000
1790258706190,4255.5000000000,4255.5800000000
1790258706995,4255.4800000000,4255.5600000000
1790258707398,4255.5200000000,4255.5900000000
1790258707800,4255.5300000000,4255.6000000000
1790258708203,4255.5200000000,4255.5900000000
1790258708606,4255.5100000000,4255.5800000000
1790258709411,4255.4800000000,4255.5500000000
1790258709813,4255.4600000000,4255.5300000000
1790258710216,4255.6100000000,4255.6800000000
1790258710618,4255.6800000000,4255.7500000000
1790258711020,4256.1100000000,4256.1800000000
1790258711424,4256.1500000000,4256.2300000000
1790258711826,4256.4100000000,4256.4900000000
1790258712228,4256.4800000000,4256.5700000000
1790258712631,4256.3300000000,4256.4200000000
1790258713034,4256.2800000000,4256.3700000000
1790258714242,4256.2900000000,4256.3800000000
1790258715047,4256.2800000000,4256.3700000000
1790258715450,4256.2100000000,4256.3000000000
1790258715853,4256.2000000000,4256.2900000000
1790258716255,4256.2400000000,4256.3300000000
1790258717463,4256.2900000000,4256.3700000000
1790258717866,4256.3000000000,4256.3800000000
1790258718268,4256.2900000000,4256.3700000000
1790258718671,4255.9400000000,4256.0200000000
1790258719476,4255.9000000000,4255.9900000000
1790258719882,4255.8800000000,4255.9700000000
1790258720687,4255.7900000000,4255.8800000000
1790258721090,4255.7700000000,4255.8600000000
1790258721492,4255.8200000000,4255.9100000000
1790258721894,4255.9400000000,4256.0300000000
1790258722297,4255.9600000000,4256.0500000000
1790258722700,4255.9800000000,4256.0700000000
1790258723506,4255.9600000000,4256.0500000000
1790258723908,4255.9400000000,4256.0300000000
1790258724311,4255.9400000000,4256.0200000000
1790258724714,4255.8300000000,4255.9100000000
1790258725117,4255.8100000000,4255.8900000000
1790258725519,4255.7800000000,4255.8600000000
1790258725921,4255.8100000000,4255.8900000000
1790258726324,4255.7200000000,4255.8000000000
1790258726726,4255.6900000000,4255.7700000000
1790258727128,4255.7000000000,4255.7800000000
1790258727934,4255.6900000000,4255.7700000000
1790258728337,4255.7500000000,4255.8300000000
1790258728739,4255.7400000000,4255.8200000000
1790258729141,4255.7000000000,4255.7800000000
1790258729544,4255.6600000000,4255.7400000000
1790258729946,4255.6700000000,4255.7500000000
1790258730349,4255.7100000000,4255.7900000000
1790258730752,4255.7000000000,4255.7800000000
1790258731557,4255.6800000000,4255.7600000000
1790258731959,4255.7000000000,4255.7800000000
1790258732362,4255.9700000000,4256.0500000000
1790258732764,4256.1600000000,4256.2400000000
1790258733167,4256.2200000000,4256.3100000000
1790258733569,4256.2400000000,4256.3300000000
1790258733972,4256.2800000000,4256.3700000000
1790258734374,4256.3000000000,4256.3900000000
1790258734777,4256.2900000000,4256.3800000000
1790258737999,4256.3100000000,4256.4000000000
1790258738401,4256.3200000000,4256.4100000000
1790258738805,4256.3300000000,4256.4200000000
1790258739208,4256.2400000000,4256.3300000000
1790258739611,4256.2200000000,4256.3100000000
1790258740417,4256.2300000000,4256.3100000000
1790258741222,4256.5000000000,4256.5800000000
1790258742430,4256.5500000000,4256.6400000000
1790258742833,4256.6000000000,4256.6900000000
1790258743638,4256.6400000000,4256.7300000000
1790258744443,4256.6300000000,4256.7200000000
1790258744847,4256.5200000000,4256.6100000000
1790258745249,4256.4100000000,4256.5000000000
1790258746056,4256.4300000000,4256.5200000000
1790258746459,4256.4100000000,4256.5000000000
1790258746861,4256.4200000000,4256.5100000000
1790258747666,4256.4100000000,4256.5000000000
1790258748873,4256.2900000000,4256.3800000000
1790258749276,4256.2200000000,4256.3100000000
1790258749679,4256.2000000000,4256.2900000000
1790258750081,4256.1700000000,4256.2600000000
1790258750484,4256.1300000000,4256.2200000000
1790258750886,4256.0800000000,4256.1700000000
1790258751289,4256.0500000000,4256.1400000000
1790258751692,4256.0700000000,4256.1600000000
1790258752094,4256.3000000000,4256.3900000000
1790258752497,4256.3100000000,4256.4000000000
1790258752899,4256.3300000000,4256.4200000000
1790258753302,4256.3600000000,4256.4500000000
1790258753704,4256.3700000000,4256.4600000000
1790258754107,4256.3800000000,4256.4700000000
1790258755315,4256.3900000000,4256.4800000000
1790258755717,4256.4400000000,4256.5300000000
1790258756120,4256.4100000000,4256.5000000000
1790258756522,4256.4200000000,4256.5100000000
1790258756925,4256.4300000000,4256.5200000000
1790258757729,4256.3800000000,4256.4700000000
1790258758132,4256.3300000000,4256.4100000000
1790258758535,4256.3100000000,4256.3900000000
1790258758938,4256.3000000000,4256.3800000000
1790258759744,4256.1900000000,4256.2700000000
1790258760548,4256.2200000000,4256.3000000000
1790258760950,4256.2000000000,4256.2800000000
1790258761353,4256.2100000000,4256.2900000000
1790258762159,4256.2400000000,4256.3200000000
1790258762563,4256.2600000000,4256.3400000000
1790258763368,4256.4100000000,4256.4900000000
1790258763770,4256.4200000000,4256.5000000000
1790258764173,4256.4400000000,4256.5200000000
1790258764575,4256.4500000000,4256.5300000000
1790258765782,4256.4300000000,4256.5100000000
1790258766185,4256.3400000000,4256.4200000000
1790258766587,4256.3300000000,4256.4100000000
1790258767091,4256.2200000000,4256.3000000000
1790258767493,4256.1000000000,4256.1800000000
1790258767896,4256.0300000000,4256.1100000000
1790258768299,4256.0700000000,4256.1600000000
1790258768601,4256.1000000000,4256.1900000000
1790258769105,4256.0900000000,4256.1800000000
1790258769507,4256.1300000000,4256.2200000000
1790258769910,4256.1900000000,4256.2800000000
1790258770715,4256.1500000000,4256.2400000000
1790258771118,4256.1700000000,4256.2600000000
1790258771520,4256.3400000000,4256.4300000000
1790258771922,4256.3500000000,4256.4400000000
1790258772325,4256.3100000000,4256.4000000000
1790258772627,4256.2900000000,4256.3800000000
1790258773130,4256.2800000000,4256.3700000000
1790258773432,4256.4100000000,4256.5000000000
1790258773835,4256.4400000000,4256.5300000000
1790258774237,4256.5400000000,4256.6300000000
1790258774641,4256.5500000000,4256.6400000000
1790258775848,4256.5000000000,4256.5900000000
1790258776251,4256.4600000000,4256.5500000000
1790258777056,4256.3800000000,4256.4700000000
1790258777459,4256.3800000000,4256.4600000000
1790258777862,4256.1400000000,4256.2200000000
1790258778264,4256.1300000000,4256.2100000000
1790258778667,4256.1900000000,4256.2700000000
1790258779070,4256.3000000000,4256.3900000000
1790258779474,4256.3300000000,4256.4200000000
1790258779878,4256.1700000000,4256.2600000000
1790258780683,4256.1600000000,4256.2500000000
1790258781086,4256.2300000000,4256.3100000000
1790258781488,4256.2500000000,4256.3300000000
1790258781890,4256.2600000000,4256.3400000000
1790258782293,4256.2700000000,4256.3500000000
1790258782696,4256.2600000000,4256.3400000000
1790258783199,4256.2800000000,4256.3600000000
1790258783601,4256.2500000000,4256.3300000000
1790258784004,4256.2800000000,4256.3600000000
1790258784407,4256.2700000000,4256.3500000000
1790258784809,4256.3100000000,4256.3900000000
1790258785211,4256.3200000000,4256.4000000000
1790258785614,4256.3000000000,4256.3800000000
1790258786017,4256.4300000000,4256.5100000000
1790258786420,4256.4100000000,4256.4900000000
1790258786824,4256.3800000000,4256.4600000000
1790258787226,4256.3300000000,4256.4100000000
1790258787629,4256.3400000000,4256.4200000000
1790258789643,4256.4300000000,4256.5100000000
1790258790046,4256.5300000000,4256.6100000000
1790258790448,4256.5400000000,4256.6200000000
1790258790851,4256.5600000000,4256.6400000000
1790258791253,4256.5300000000,4256.6100000000
1790258791657,4256.4300000000,4256.5100000000
1790258792462,4256.4100000000,4256.4900000000
1790258793267,4256.4300000000,4256.5100000000
1790258794072,4256.4000000000,4256.4800000000
1790258794474,4256.3900000000,4256.4700000000
1790258794876,4256.4200000000,4256.5000000000
1790258795681,4256.3100000000,4256.3900000000
1790258796889,4256.2300000000,4256.3100000000
1790258797694,4256.2100000000,4256.2900000000
1790258798499,4256.2800000000,4256.3600000000
1790258798902,4256.3000000000,4256.3800000000
1790258799305,4256.3300000000,4256.4100000000
1790258799708,4256.3500000000,4256.4300000000
1790258800111,4256.4100000000,4256.4900000000
1790258800513,4256.3700000000,4256.4500000000
1790258800915,4256.4900000000,4256.5700000000
1790258801318,4256.4800000000,4256.5600000000
1790258802124,4256.4500000000,4256.5300000000
1790258802527,4256.4600000000,4256.5400000000
1790258803331,4256.4500000000,4256.5300000000
1790258804539,4256.4400000000,4256.5200000000
1790258804942,4256.3900000000,4256.4700000000
1790258805344,4256.3400000000,4256.4200000000
1790258806150,4256.2800000000,4256.3600000000
1790258807357,4256.2400000000,4256.3200000000
1790258807759,4256.2500000000,4256.3300000000
1790258809370,4256.2400000000,4256.3200000000
1790258809772,4256.2500000000,4256.3300000000
1790258810175,4256.4700000000,4256.5500000000
1790258810577,4256.5200000000,4256.6000000000
1790258810980,4256.4500000000,4256.5300000000
1790258811383,4256.4400000000,4256.5200000000
1790258812188,4256.4600000000,4256.5400000000
1790258812993,4256.4500000000,4256.5300000000
1790258813396,4256.4000000000,4256.4800000000
1790258813799,4256.5300000000,4256.6100000000
1790258814202,4256.5500000000,4256.6300000000
1790258814604,4256.7000000000,4256.7800000000
1790258815007,4256.6000000000,4256.6800000000
1790258815410,4256.5700000000,4256.6500000000
1790258815811,4256.6200000000,4256.7000000000
1790258816214,4256.6700000000,4256.7500000000
1790258817019,4256.7700000000,4256.8500000000
1790258817422,4256.7400000000,4256.8200000000
1790258817824,4256.8400000000,4256.9200000000
1790258818629,4256.7600000000,4256.8400000000
1790258819032,4256.7500000000,4256.8300000000
1790258819435,4256.6900000000,4256.7700000000
1790258819837,4256.6400000000,4256.7200000000
1790258820240,4256.6500000000,4256.7300000000
1790258820642,4256.5400000000,4256.6200000000
1790258821046,4256.5100000000,4256.5900000000
1790258821855,4256.5500000000,4256.6300000000
1790258822258,4256.5100000000,4256.5900000000
1790258822660,4256.4300000000,4256.5100000000
1790258823063,4256.3400000000,4256.4200000000
1790258823867,4256.4100000000,4256.4900000000
1790258824269,4256.4000000000,4256.4800000000
1790258824673,4256.4300000000,4256.5100000000
1790258825076,4256.4500000000,4256.5300000000
1790258827090,4256.5200000000,4256.6000000000
1790258827492,4256.5400000000,4256.6200000000
1790258828299,4256.5700000000,4256.6500000000
1790258828702,4256.6400000000,4256.7200000000
1790258829105,4256.6700000000,4256.7500000000
1790258829508,4256.6800000000,4256.7600000000
1790258829909,4256.7000000000,4256.7800000000
1790258830312,4256.6900000000,4256.7700000000
1790258830715,4256.6800000000,4256.7600000000
1790258831521,4256.6500000000,4256.7300000000
1790258831924,4256.6200000000,4256.7000000000
1790258832326,4256.5600000000,4256.6400000000
1790258833132,4256.5300000000,4256.6100000000
1790258833937,4256.6500000000,4256.7300000000
1790258834340,4256.6300000000,4256.7100000000
1790258834742,4256.6100000000,4256.6900000000
1790258835144,4256.6100000000,4256.6800000000
1790258835548,4256.5900000000,4256.6600000000
1790258836354,4256.5800000000,4256.6500000000
1790258837662,4256.6000000000,4256.6700000000
1790258838065,4256.6500000000,4256.7200000000
1790258838467,4256.6700000000,4256.7400000000
1790258839675,4256.6300000000,4256.7000000000
1790258840079,4256.6500000000,4256.7200000000
1790258840481,4256.6400000000,4256.7100000000
1790258840885,4256.6500000000,4256.7200000000
1790258841287,4256.6100000000,4256.6800000000
1790258841589,4256.5800000000,4256.6500000000
1790258841991,4256.5700000000,4256.6400000000
1790258842394,4256.6100000000,4256.6800000000
1790258843200,4256.6300000000,4256.7000000000
1790258843602,4256.7300000000,4256.8000000000
1790258844004,4256.3600000000,4256.4300000000
1790258844810,4256.3000000000,4256.3700000000
1790258845213,4256.2700000000,4256.3400000000
1790258845716,4256.2100000000,4256.2800000000
1790258846119,4256.2200000000,4256.2900000000
1790258847327,4256.1100000000,4256.1800000000
1790258847729,4256.1000000000,4256.1700000000
1790258848132,4256.0400000000,4256.1100000000
1790258849339,4256.0300000000,4256.1000000000
1790258849743,4256.0200000000,4256.0900000000
1790258851354,4256.2400000000,4256.3100000000
1790258852158,4256.2500000000,4256.3200000000
1790258852561,4256.6700000000,4256.7400000000
1790258852965,4256.6100000000,4256.6800000000
1790258853368,4256.5200000000,4256.6000000000
1790258853772,4256.4700000000,4256.5500000000
1790258854576,4256.4800000000,4256.5600000000
1790258854979,4256.6300000000,4256.7100000000
1790258855281,4256.6400000000,4256.7200000000
1790258855684,4256.6300000000,4256.7100000000
1790258856087,4256.6500000000,4256.7300000000
1790258856992,4256.6400000000,4256.7200000000
1790258857395,4256.6600000000,4256.7400000000
1790258857798,4256.6700000000,4256.7500000000
1790258858201,4256.6800000000,4256.7600000000
1790258859007,4256.4700000000,4256.5500000000
1790258859410,4256.4300000000,4256.5100000000
1790258859812,4256.3200000000,4256.4000000000
1790258860214,4256.2500000000,4256.3400000000
1790258861020,4256.2200000000,4256.3100000000
1790258861826,4256.2100000000,4256.3000000000
1790258862228,4256.3500000000,4256.4400000000
1790258862631,4256.3300000000,4256.4200000000
1790258863033,4256.2400000000,4256.3300000000
1790258863436,4256.2600000000,4256.3500000000
1790258863840,4256.2700000000,4256.3600000000
1790258864243,4256.2100000000,4256.3000000000
1790258864646,4256.2600000000,4256.3500000000
1790258865451,4256.2800000000,4256.3700000000
1790258866256,4256.2700000000,4256.3600000000
1790258866658,4256.2500000000,4256.3400000000
1790258868269,4256.2800000000,4256.3600000000
1790258869074,4256.2900000000,4256.3700000000
1790258869501,4256.3000000000,4256.3800000000
1790258869903,4256.2700000000,4256.3500000000
1790258870306,4256.1800000000,4256.2600000000
1790258871514,4256.1600000000,4256.2400000000
1790258871918,4256.0500000000,4256.1300000000
1790258872320,4256.0200000000,4256.1000000000
1790258872723,4256.0000000000,4256.0800000000
1790258873125,4255.9700000000,4256.0500000000
1790258873528,4255.6600000000,4255.7400000000
1790258873930,4255.6500000000,4255.7300000000
1790258874333,4255.6300000000,4255.7200000000
1790258874735,4255.5200000000,4255.6100000000
1790258875138,4255.4400000000,4255.5300000000
1790258875540,4255.5300000000,4255.6200000000
1790258875943,4255.4400000000,4255.5300000000
1790258876346,4255.4500000000,4255.5400000000
1790258876748,4255.4700000000,4255.5600000000
1790258877151,4255.4600000000,4255.5500000000
1790258877554,4255.4300000000,4255.5200000000
1790258877956,4255.5100000000,4255.6000000000
1790258878761,4255.4800000000,4255.5700000000
1790258879164,4255.4900000000,4255.5800000000
1790258879566,4255.4700000000,4255.5600000000
1790258879970,4255.5500000000,4255.6400000000
1790258880373,4255.5900000000,4255.6800000000
1790258880775,4255.6000000000,4255.6900000000
1790258881580,4255.7700000000,4255.8600000000
1790258881983,4256.0500000000,4256.1400000000
1790258882385,4256.0600000000,4256.1600000000
1790258882788,4256.1100000000,4256.2100000000
1790258883191,4256.1300000000,4256.2300000000
1790258883593,4255.9900000000,4256.0900000000
1790258883996,4255.9000000000,4256.0000000000
1790258884399,4255.7900000000,4255.8900000000
1790258885205,4255.7700000000,4255.8700000000
1790258886011,4255.7600000000,4255.8600000000
1790258886816,4255.8500000000,4255.9500000000
1790258887218,4255.9500000000,4256.0500000000
1790258887621,4255.9200000000,4256.0200000000
1790258888426,4255.9100000000,4256.0100000000
1790258888829,4255.7900000000,4255.8900000000
1790258889231,4255.9200000000,4256.0200000000
1790258890036,4255.9100000000,4256.0100000000
1790258890438,4255.9200000000,4256.0100000000
1790258891243,4255.9100000000,4256.0000000000
1790258891646,4255.7600000000,4255.8500000000
1790258892049,4255.9700000000,4256.0600000000
1790258892451,4256.1200000000,4256.2100000000
1790258892855,4256.1100000000,4256.2000000000
1790258893257,4256.1000000000,4256.1900000000
1790258894063,4256.0800000000,4256.1700000000
1790258894867,4256.0500000000,4256.1400000000
1790258895270,4256.1100000000,4256.2000000000
1790258895673,4256.1600000000,4256.2500000000
1790258896076,4256.1300000000,4256.2200000000
1790258896478,4256.1200000000,4256.2100000000
1790258897687,4256.0600000000,4256.1500000000
1790258898089,4256.0900000000,4256.1800000000
1790258898492,4256.1000000000,4256.1900000000
1790258898896,4256.0800000000,4256.1700000000
1790258899299,4256.0500000000,4256.1400000000
1790258899701,4256.0100000000,4256.1000000000
1790258900106,4255.9000000000,4255.9900000000
1790258900911,4256.1100000000,4256.2000000000
1790258901314,4256.1400000000,4256.2300000000
1790258901716,4256.1500000000,4256.2400000000
1790258902118,4256.1300000000,4256.2200000000
1790258903728,4256.4100000000,4256.5000000000
1790258904130,4256.4000000000,4256.4900000000
1790258904533,4256.4300000000,4256.5200000000
1790258904936,4256.4500000000,4256.5400000000
1790258905339,4256.4300000000,4256.5200000000
1790258905743,4256.4200000000,4256.5100000000
1790258906146,4255.9100000000,4256.0000000000
1790258906951,4255.6000000000,4255.6900000000
1790258907354,4255.4700000000,4255.5800000000
1790258907757,4255.2900000000,4255.4000000000
1790258908159,4255.4300000000,4255.5400000000
1790258908562,4255.4200000000,4255.5300000000
1790258908966,4255.4700000000,4255.5800000000
1790258909368,4255.4600000000,4255.5700000000
1790258909771,4255.4700000000,4255.5800000000
1790258910173,4255.4500000000,4255.5600000000
1790258910577,4255.3500000000,4255.4600000000
1790258910980,4255.2200000000,4255.3300000000
1790258911383,4255.1700000000,4255.2800000000
1790258911787,4255.1500000000,4255.2600000000
1790258912593,4255.1400000000,4255.2500000000
1790258912995,4255.2100000000,4255.3200000000
1790258913398,4255.2600000000,4255.3700000000
1790258913800,4255.3200000000,4255.4300000000
1790258914203,4255.2600000000,4255.3700000000
1790258915008,4255.2700000000,4255.3800000000
1790258915411,4255.2700000000,4255.3700000000
1790258915814,4255.2300000000,4255.3300000000
1790258916216,4255.1500000000,4255.2500000000
1790258916619,4255.0300000000,4255.1300000000
1790258917023,4255.0100000000,4255.1100000000
1790258919438,4254.9700000000,4255.0700000000
1790258919843,4254.9800000000,4255.0800000000
1790258920246,4254.9700000000,4255.0700000000
1790258920648,4255.1200000000,4255.2200000000
1790258921050,4255.1400000000,4255.2400000000
1790258921453,4255.1100000000,4255.2100000000
1790258921856,4255.0000000000,4255.1000000000
1790258922258,4254.9900000000,4255.0900000000
1790258922661,4254.9500000000,4255.0500000000
1790258923064,4254.9400000000,4255.0400000000
1790258923466,4254.8800000000,4254.9800000000
1790258923869,4254.8500000000,4254.9500000000
1790258924272,4254.8300000000,4254.9300000000
1790258924674,4254.9300000000,4255.0300000000
1790258925077,4254.7300000000,4254.8300000000
1790258925480,4254.5700000000,4254.6700000000
1790258925882,4254.4500000000,4254.5500000000
1790258926687,4254.4800000000,4254.5800000000
1790258927090,4254.4900000000,4254.5900000000
1790258927895,4254.4100000000,4254.5100000000
1790258928298,4254.3700000000,4254.4700000000
1790258929506,4254.4100000000,4254.5100000000
1790258929908,4254.3700000000,4254.4700000000
1790258930714,4254.3600000000,4254.4600000000
1790258931117,4254.3400000000,4254.4400000000
1790258931519,4254.2100000000,4254.3100000000
1790258931923,4254.0600000000,4254.1600000000
1790258932729,4254.0900000000,4254.1900000000
1790258933132,4254.1600000000,4254.2600000000
1790258933936,4253.5100000000,4253.6100000000
1790258934338,4253.3000000000,4253.4200000000
1790258934742,4253.1700000000,4253.2900000000
1790258935144,4252.8600000000,4252.9900000000
1790258935547,4252.7300000000,4252.8600000000
1790258935950,4252.8000000000,4252.9300000000
1790258936353,4252.7000000000,4252.8300000000
1790258936754,4252.5000000000,4252.6300000000
1790258937157,4252.4800000000,4252.6100000000
1790258937559,4252.3900000000,4252.5200000000
1790258937963,4252.4000000000,4252.5300000000
1790258938366,4252.4200000000,4252.5500000000
1790258938769,4252.3100000000,4252.4400000000
1790258939172,4252.3000000000,4252.4300000000
1790258939574,4252.3500000000,4252.4800000000
1790258939976,4252.4700000000,4252.6000000000
1790258940379,4252.5000000000,4252.6300000000
1790258940781,4252.4500000000,4252.5800000000
1790258941184,4252.3900000000,4252.5200000000
1790258941587,4252.4500000000,4252.5800000000
1790258941989,4252.4800000000,4252.6100000000
1790258942392,4252.5300000000,4252.6600000000
1790258943599,4252.5000000000,4252.6300000000
1790258944002,4252.3900000000,4252.5200000000
1790258944405,4252.4400000000,4252.5700000000
1790258944807,4252.4600000000,4252.5900000000
1790258945210,4252.4500000000,4252.5800000000
1790258945612,4252.4300000000,4252.5600000000
1790258946116,4252.4500000000,4252.5800000000
1790258946518,4252.3600000000,4252.4800000000
1790258946921,4252.2100000000,4252.3300000000
1790258947324,4252.1800000000,4252.3100000000
1790258947727,4252.2800000000,4252.4100000000
1790258948532,4252.4100000000,4252.5400000000
1790258948934,4252.4800000000,4252.6100000000
1790258949337,4252.5000000000,4252.6300000000
1790258949739,4252.5200000000,4252.6500000000
1790258950142,4252.4400000000,4252.5700000000
1790258950544,4252.3000000000,4252.4300000000
1790258950948,4252.2800000000,4252.4100000000
1790258951755,4252.2900000000,4252.4200000000
1790258952962,4252.2400000000,4252.3700000000
1790258953365,4252.3100000000,4252.4300000000
1790258953769,4252.3200000000,4252.4400000000
1790258954173,4252.4400000000,4252.5700000000
1790258954576,4252.4800000000,4252.6100000000
1790258954979,4252.5300000000,4252.6600000000
1790258955382,4252.5000000000,4252.6200000000
1790258956992,4252.4800000000,4252.6000000000
1790258957796,4252.4900000000,4252.6100000000
1790258959004,4252.5300000000,4252.6500000000
1790258959811,4252.5100000000,4252.6300000000
1790258961021,4252.3800000000,4252.5000000000
1790258961423,4252.4500000000,4252.5700000000
1790258961825,4252.8000000000,4252.9200000000
1790258962228,4252.8100000000,4252.9400000000
1790258962630,4252.8300000000,4252.9600000000
1790258963435,4252.8500000000,4252.9800000000
1790258963837,4252.9000000000,4253.0300000000
1790258964240,4253.0800000000,4253.2100000000
1790258964642,4253.1600000000,4253.2900000000
1790258965045,4253.1700000000,4253.3000000000
1790258965850,4253.1800000000,4253.3100000000
1790258966252,4253.2100000000,4253.3400000000
1790258966655,4253.2400000000,4253.3700000000
1790258967461,4253.4700000000,4253.6000000000
1790258967863,4253.4800000000,4253.6100000000
1790258968265,4253.4700000000,4253.6000000000
1790258968668,4253.3700000000,4253.5000000000
1790258969071,4253.2800000000,4253.4100000000
1790258969875,4253.2600000000,4253.3900000000
1790258970278,4253.1800000000,4253.3100000000
1790258970682,4253.1900000000,4253.3200000000
1790258971085,4253.2700000000,4253.4000000000
1790258971488,4253.2900000000,4253.4200000000
1790258971891,4253.3000000000,4253.4300000000
1790258972696,4253.2900000000,4253.4200000000
1790258973501,4253.6800000000,4253.8100000000
1790258973904,4253.8000000000,4253.9300000000
1790258974307,4253.8600000000,4253.9900000000
1790258974709,4253.9500000000,4254.0800000000
1790258975112,4253.9800000000,4254.1100000000
1790258975514,4253.9700000000,4254.1000000000
1790258975919,4253.8500000000,4253.9800000000
1790258976322,4253.8700000000,4254.0000000000
1790258976725,4253.9800000000,4254.1100000000
1790258977128,4253.8900000000,4254.0200000000
1790258978739,4253.9000000000,4254.0300000000
1790258979141,4253.9700000000,4254.1000000000
1790258979946,4253.9000000000,4254.0300000000
1790258980349,4254.0000000000,4254.1300000000
1790258980753,4254.0100000000,4254.1400000000
1790258981155,4254.1500000000,4254.2800000000
1790258981558,4254.1700000000,4254.3000000000
1790258981962,4253.9900000000,4254.1200000000
1790258982768,4254.1000000000,4254.2300000000
1790258983170,4254.1500000000,4254.2800000000
1790258983573,4254.2500000000,4254.3800000000
1790258983975,4254.3200000000,4254.4500000000
1790258984377,4254.4300000000,4254.5600000000
1790258984781,4254.5100000000,4254.6400000000
1790258985183,4254.5200000000,4254.6500000000
1790258985990,4254.5100000000,4254.6400000000
1790258986797,4254.6300000000,4254.7600000000
1790258987200,4254.6400000000,4254.7700000000
1790258987602,4254.8000000000,4254.9300000000
1790258988004,4255.0000000000,4255.1300000000
1790258988407,4255.0400000000,4255.1700000000
1790258988809,4255.0300000000,4255.1600000000
1790258989614,4254.9300000000,4255.0600000000
1790258990017,4254.9800000000,4255.1100000000
1790258990822,4254.9500000000,4255.0800000000
1790258991224,4254.8800000000,4255.0100000000
1790258991627,4254.7900000000,4254.9200000000
1790258993237,4254.8100000000,4254.9400000000
1790258993639,4254.9200000000,4255.0500000000
1790258994042,4254.9400000000,4255.0700000000
1790258994445,4254.9200000000,4255.0500000000
1790258994848,4255.0200000000,4255.1500000000
1790258995251,4254.9500000000,4255.0800000000
1790258995653,4254.9400000000,4255.0700000000
1790258996056,4254.9300000000,4255.0600000000
1790258997263,4254.7800000000,4254.9100000000
1790258998069,4254.8900000000,4255.0200000000
1790258998472,4254.9200000000,4255.0500000000
1790258998875,4254.8800000000,4255.0100000000
1790258999277,4254.8700000000,4255.0000000000
1790258999681,4254.8900000000,4255.0200000000
1790259000084,4254.8900000000,4255.0200000000
1790259000889,4255.1200000000,4255.2500000000
1790259001291,4254.9800000000,4255.1000000000
1790259001693,4254.9600000000,4255.0800000000
1790259002096,4254.9100000000,4255.0300000000
1790259002498,4254.8000000000,4254.9200000000
1790259002902,4254.7400000000,4254.8600000000
1790259003304,4254.7300000000,4254.8500000000
1790259004111,4254.9500000000,4255.0700000000
1790259004514,4254.9700000000,4255.0900000000
1790259004918,4254.9800000000,4255.1000000000
1790259005724,4255.0800000000,4255.2000000000
1790259006127,4255.1100000000,4255.2300000000
1790259006932,4255.1200000000,4255.2400000000
1790259007335,4255.1700000000,4255.2900000000
1790259007738,4255.2800000000,4255.4000000000
1790259008544,4255.2300000000,4255.3500000000
1790259008946,4255.4500000000,4255.5700000000
1790259009350,4255.5700000000,4255.6900000000
1790259009751,4255.5800000000,4255.7000000000
1790259010154,4255.5700000000,4255.6900000000
1790259010557,4255.4800000000,4255.6000000000
1790259010959,4255.4300000000,4255.5500000000
1790259011362,4255.3900000000,4255.5100000000
1790259045687,4256.0500000000,4256.1800000000
1790259045888,4256.0800000000,4256.2100000000
1790259046093,4256.0900000000,4256.2200000000
1790259046295,4256.0200000000,4256.1500000000
1790259047303,4256.0400000000,4256.1700000000
1790259047505,4256.0800000000,4256.2100000000
1790259048116,4255.7000000000,4255.8300000000
1790259048316,4255.6700000000,4255.8000000000
1790259048520,4255.7000000000,4255.8300000000
1790259048722,4255.8100000000,4255.9400000000
1790259048924,4255.8200000000,4255.9500000000
1790259049332,4255.8800000000,4256.0100000000
1790259049532,4255.9500000000,4256.0800000000
1790259049936,4255.9600000000,4256.0900000000
1790259050139,4255.9500000000,4256.0800000000
1790259050543,4255.9300000000,4256.0600000000
1790259050746,4255.9200000000,4256.0500000000
1790259052162,4255.7300000000,4255.8500000000
1790259052364,4255.6900000000,4255.8100000000
1790259052565,4255.7100000000,4255.8300000000
1790259052767,4255.6600000000,4255.7800000000
1790259052970,4255.6400000000,4255.7600000000
1790259053172,4255.6800000000,4255.8100000000
1790259053574,4255.7100000000,4255.8400000000
1790259053779,4255.7300000000,4255.8600000000
1790259053979,4255.9000000000,4256.0300000000
1790259054184,4255.9100000000,4256.0400000000
1790259054588,4255.7800000000,4255.9100000000
1790259054789,4255.7600000000,4255.8900000000
1790259054993,4255.7400000000,4255.8700000000
1790259056616,4255.9100000000,4256.0400000000
1790259057017,4255.9000000000,4256.0300000000
1790259057220,4255.8900000000,4256.0200000000
1790259058233,4255.9000000000,4256.0300000000
1790259058842,4256.0200000000,4256.1500000000
1790259059044,4256.0200000000,4256.1400000000
1790259059243,4256.0300000000,4256.1500000000
1790259059850,4256.1800000000,4256.3000000000
1790259060052,4256.3100000000,4256.4400000000
1790259060252,4256.3600000000,4256.4900000000
1790259060454,4256.4000000000,4256.5300000000
1790259061064,4256.4100000000,4256.5400000000
1790259061259,4256.3900000000,4256.5200000000
1790259061468,4256.3800000000,4256.5100000000
1790259061666,4256.4000000000,4256.5300000000
1790259062070,4256.4000000000,4256.5200000000
1790259063082,4256.4100000000,4256.5300000000
1790259063283,4256.3800000000,4256.5000000000
1790259063487,4256.4100000000,4256.5300000000
1790259064092,4256.3400000000,4256.4600000000
1790259064293,4256.3300000000,4256.4500000000
1790259064495,4256.3000000000,4256.4200000000
1790259064897,4256.3400000000,4256.4600000000
1790259065100,4256.3800000000,4256.5000000000
1790259065301,4256.4000000000,4256.5200000000
1790259066918,4256.5500000000,4256.6700000000
1790259067118,4256.5600000000,4256.6800000000
1790259067526,4256.5500000000,4256.6700000000
1790259067734,4256.4300000000,4256.5500000000
1790259067932,4256.4200000000,4256.5400000000
1790259068537,4256.3800000000,4256.5000000000
1790259069548,4256.3900000000,4256.5100000000
1790259070154,4256.4300000000,4256.5500000000
1790259070359,4256.5800000000,4256.7000000000
1790259070558,4256.6100000000,4256.7300000000
1790259070760,4256.6000000000,4256.7200000000
1790259071164,4256.5100000000,4256.6300000000
1790259071368,4256.6700000000,4256.7900000000
1790259071571,4256.6400000000,4256.7600000000
1790259071973,4256.6500000000,4256.7700000000
1790259072176,4256.6800000000,4256.8000000000
1790259072376,4256.6700000000,4256.7900000000
1790259072578,4256.6900000000,4256.8100000000
1790259072983,4256.7200000000,4256.8400000000
1790259073185,4256.7100000000,4256.8300000000
1790259073594,4256.6700000000,4256.7900000000
1790259073797,4256.6800000000,4256.8000000000
1790259073998,4256.7000000000,4256.8200000000
1790259074199,4256.7100000000,4256.8200000000
1790259074402,4256.7700000000,4256.8800000000
1790259074810,4256.8600000000,4256.9700000000
1790259075006,4256.8900000000,4257.0000000000
1790259075410,4256.8700000000,4256.9800000000
1790259075615,4256.7300000000,4256.8400000000
1790259075822,4256.7000000000,4256.8100000000
1790259076020,4256.6900000000,4256.8000000000
1790259076220,4256.7400000000,4256.8500000000
1790259076424,4256.7300000000,4256.8400000000
1790259077230,4256.7200000000,4256.8300000000
1790259077839,4256.7000000000,4256.8100000000
1790259078046,4256.6300000000,4256.7400000000
1790259078245,4256.6000000000,4256.7100000000
1790259078446,4256.5600000000,4256.6700000000
1790259078849,4256.5300000000,4256.6400000000
1790259079253,4256.5000000000,4256.6100000000
1790259079859,4256.5200000000,4256.6300000000
1790259080466,4256.5300000000,4256.6400000000
1790259080875,4256.5600000000,4256.6700000000
1790259081217,4256.5200000000,4256.6300000000
1790259082329,4256.7400000000,4256.8500000000
1790259083134,4256.8300000000,4256.9400000000
1790259083536,4256.8500000000,4256.9600000000
1790259084341,4256.8200000000,4256.9300000000
1790259085146,4256.8300000000,4256.9400000000
1790259085549,4256.8500000000,4256.9600000000
1790259086354,4256.8000000000,4256.9100000000
1790259086756,4256.6900000000,4256.8000000000
1790259087159,4256.6500000000,4256.7600000000
1790259087563,4256.3800000000,4256.4900000000
1790259087964,4256.4100000000,4256.5200000000
1790259088367,4256.4400000000,4256.5600000000
1790259088770,4256.4100000000,4256.5300000000
1790259089172,4256.4400000000,4256.5500000000
1790259090381,4256.4000000000,4256.5100000000
1790259090784,4256.3300000000,4256.4400000000
1790259091187,4256.3000000000,4256.4100000000
1790259091589,4256.3300000000,4256.4400000000
1790259091992,4256.1900000000,4256.3000000000
1790259092395,4256.3500000000,4256.4600000000
1790259092796,4256.3900000000,4256.5000000000
1790259093199,4256.3700000000,4256.4800000000
1790259093601,4256.3300000000,4256.4400000000
1790259094406,4256.4000000000,4256.5100000000
1790259094808,4256.4100000000,4256.5200000000
1790259095210,4256.1400000000,4256.2500000000
1790259095613,4256.1000000000,4256.2100000000
1790259096016,4256.1100000000,4256.2200000000
1790259096418,4256.1200000000,4256.2300000000
1790259096821,4256.0900000000,4256.2000000000
1790259097223,4256.0800000000,4256.1900000000
1790259097626,4255.8200000000,4255.9300000000
1790259098029,4255.7800000000,4255.8900000000
1790259098431,4255.8100000000,4255.9200000000
1790259098834,4255.8700000000,4255.9800000000
1790259099238,4255.8800000000,4255.9900000000
1790259100043,4255.8900000000,4256.0000000000
1790259100848,4255.8700000000,4255.9800000000
1790259101250,4255.8800000000,4255.9900000000
1790259102056,4255.9200000000,4256.0300000000
1790259102459,4255.9400000000,4256.0500000000
1790259102861,4255.9300000000,4256.0400000000
1790259103666,4255.8600000000,4255.9700000000
1790259104069,4255.8300000000,4255.9400000000
1790259104471,4255.8800000000,4255.9900000000
1790259105277,4255.9000000000,4256.0100000000
1790259105679,4255.9200000000,4256.0300000000
1790259106082,4255.9300000000,4256.0400000000
1790259106484,4256.0800000000,4256.1800000000
1790259106887,4256.1300000000,4256.2300000000
1790259107290,4256.1700000000,4256.2700000000
1790259107692,4256.1500000000,4256.2500000000
1790259108095,4256.1400000000,4256.2400000000
1790259108497,4256.2600000000,4256.3600000000
1790259108900,4256.3300000000,4256.4300000000
1790259109303,4256.3500000000,4256.4500000000
1790259110511,4256.3600000000,4256.4600000000
1790259110914,4256.4100000000,4256.5100000000
1790259111320,4256.4000000000,4256.5000000000
1790259112126,4256.5000000000,4256.6000000000
1790259112528,4256.8200000000,4256.9200000000
1790259112931,4256.8300000000,4256.9300000000
1790259113334,4256.7500000000,4256.8600000000
1790259113736,4256.7400000000,4256.8500000000
1790259114139,4256.8500000000,4256.9600000000
1790259114541,4256.9200000000,4257.0300000000
1790259114944,4256.6600000000,4256.7700000000
1790259115346,4256.4300000000,4256.5400000000
1790259115750,4256.3900000000,4256.5000000000
1790259116151,4256.3600000000,4256.4800000000
1790259116554,4256.2700000000,4256.3900000000
1790259117360,4256.1200000000,4256.2400000000
1790259117763,4256.0300000000,4256.1500000000
1790259118165,4255.8700000000,4255.9900000000
1790259118567,4255.8000000000,4255.9200000000
1790259119373,4255.7500000000,4255.8700000000
1790259119774,4255.7600000000,4255.8800000000
1790259120177,4255.7900000000,4255.9100000000
1790259120579,4255.7000000000,4255.8200000000
1790259120982,4255.6600000000,4255.7800000000
1790259121385,4255.7200000000,4255.8400000000
1790259121786,4255.6800000000,4255.8000000000
1790259122189,4255.5800000000,4255.7000000000
1790259122591,4255.4300000000,4255.5500000000
1790259122994,4255.3800000000,4255.5000000000
1790259123397,4255.3900000000,4255.5100000000
1790259123802,4255.4000000000,4255.5200000000
1790259124205,4255.4900000000,4255.6100000000
1790259125012,4255.5000000000,4255.6200000000
1790259125819,4255.6700000000,4255.7900000000
1790259126221,4255.7800000000,4255.9000000000
1790259127430,4255.7300000000,4255.8500000000
1790259127833,4255.6700000000,4255.7900000000
1790259128235,4255.6500000000,4255.7700000000
1790259129444,4255.7100000000,4255.8300000000
1790259130249,4255.7300000000,4255.8500000000
1790259130652,4255.7200000000,4255.8400000000
1790259131056,4255.7500000000,4255.8700000000
1790259131458,4255.7600000000,4255.8800000000
1790259131861,4255.8000000000,4255.9200000000
1790259132263,4255.9500000000,4256.0700000000
1790259132666,4255.9800000000,4256.1000000000
1790259133069,4256.1500000000,4256.2700000000
1790259133471,4256.1600000000,4256.2700000000
1790259133875,4256.1700000000,4256.2800000000
1790259134278,4256.1700000000,4256.2900000000
1790259134681,4256.3000000000,4256.4200000000
1790259135083,4256.2800000000,4256.4000000000
1790259135888,4256.2600000000,4256.3800000000
1790259136290,4256.2800000000,4256.4000000000
1790259136693,4256.3900000000,4256.5100000000
1790259137096,4256.4000000000,4256.5100000000
1790259137498,4256.4100000000,4256.5200000000
1790259138303,4256.4400000000,4256.5500000000
1790259138706,4256.4200000000,4256.5300000000
1790259139511,4256.3700000000,4256.4800000000
1790259139914,4256.3400000000,4256.4500000000
1790259140317,4256.2900000000,4256.4000000000
1790259140719,4256.2600000000,4256.3700000000
1790259141121,4256.1600000000,4256.2700000000
1790259141926,4256.2100000000,4256.3200000000
1790259142329,4256.3900000000,4256.5000000000
1790259142831,4256.4000000000,4256.5100000000
1790259143637,4256.3300000000,4256.4400000000
1790259144041,4256.2500000000,4256.3600000000
1790259144443,4256.2200000000,4256.3300000000
1790259144747,4256.2500000000,4256.3600000000
1790259145251,4256.7100000000,4256.8200000000
1790259145653,4256.6600000000,4256.7700000000
1790259146459,4256.6300000000,4256.7500000000
1790259147264,4256.7200000000,4256.8400000000
1790259148069,4256.7300000000,4256.8500000000
1790259148471,4256.7100000000,4256.8300000000
1790259148873,4256.8000000000,4256.9200000000
1790259149678,4256.7900000000,4256.9100000000
1790259150081,4256.7700000000,4256.8900000000
1790259150886,4256.7900000000,4256.9100000000
1790259151289,4256.8200000000,4256.9400000000
1790259151691,4256.8300000000,4256.9500000000
1790259152497,4256.8400000000,4256.9500000000
1790259152899,4256.7500000000,4256.8600000000
1790259153302,4256.5700000000,4256.6800000000
1790259153706,4256.4900000000,4256.6000000000
1790259154108,4256.4800000000,4256.5900000000
1790259154510,4256.3700000000,4256.4900000000
1790259154913,4256.3800000000,4256.5000000000
1790259155718,4256.3900000000,4256.5100000000
1790259156523,4256.3800000000,4256.5000000000
1790259156925,4256.3600000000,4256.4800000000
1790259157730,4256.3500000000,4256.4700000000
1790259158132,4256.3700000000,4256.4900000000
1790259158535,4256.3500000000,4256.4700000000
1790259158937,4256.3300000000,4256.4500000000
1790259159340,4256.3300000000,4256.4400000000
1790259159743,4256.3000000000,4256.4100000000
1790259160145,4256.2600000000,4256.3700000000
1790259160548,4256.5100000000,4256.6200000000
1790259160951,4256.4700000000,4256.5800000000
1790259161354,4256.4600000000,4256.5700000000
1790259161755,4256.4700000000,4256.5800000000
1790259162158,4256.4600000000,4256.5700000000
1790259162560,4256.4700000000,4256.5800000000
1790259162963,4256.4500000000,4256.5600000000
1790259163366,4256.4200000000,4256.5300000000
1790259164976,4256.3700000000,4256.4800000000
1790259165378,4256.3300000000,4256.4400000000
1790259165780,4256.4000000000,4256.5100000000
1790259166183,4256.4100000000,4256.5200000000
1790259166587,4256.2300000000,4256.3400000000
1790259166989,4256.1700000000,4256.2800000000
1790259167392,4256.1800000000,4256.2900000000
1790259167794,4256.1900000000,4256.3000000000
1790259168599,4256.1500000000,4256.2600000000
1790259172223,4256.2000000000,4256.3000000000
1790259173029,4256.0400000000,4256.1400000000
1790259173431,4256.2000000000,4256.3000000000
1790259173833,4256.1600000000,4256.2600000000
1790259174236,4256.0400000000,4256.1400000000
1790259174638,4256.0100000000,4256.1100000000
1790259175041,4255.8400000000,4255.9400000000
1790259175444,4255.5300000000,4255.6300000000
1790259175847,4255.4400000000,4255.5400000000
1790259176249,4255.4200000000,4255.5300000000
1790259176652,4255.4900000000,4255.6000000000
1790259177055,4255.5000000000,4255.6100000000
1790259177457,4255.4700000000,4255.5800000000
1790259177859,4255.3700000000,4255.4800000000
1790259178262,4255.2200000000,4255.3300000000
1790259178664,4255.1800000000,4255.2900000000
1790259179066,4255.2700000000,4255.3800000000
1790259179469,4255.2600000000,4255.3700000000
1790259179871,4255.2200000000,4255.3300000000
1790259180274,4255.2000000000,4255.3100000000
1790259180676,4255.2600000000,4255.3700000000
1790259181079,4255.2700000000,4255.3800000000
1790259181481,4255.2600000000,4255.3700000000
1790259182286,4255.0300000000,4255.1400000000
1790259182689,4254.9200000000,4255.0300000000
1790259183092,4254.7700000000,4254.8800000000
1790259183494,4254.7500000000,4254.8600000000
1790259183898,4254.5900000000,4254.7000000000
1790259184301,4254.5500000000,4254.6700000000
1790259184703,4254.5400000000,4254.6600000000
1790259185106,4254.5300000000,4254.6500000000
1790259185911,4254.5800000000,4254.7000000000
1790259186314,4254.5600000000,4254.6700000000
1790259186716,4254.5100000000,4254.6200000000
1790259187118,4254.4500000000,4254.5600000000
1790259187521,4254.4300000000,4254.5400000000
1790259187923,4254.4500000000,4254.5600000000
1790259188326,4254.4300000000,4254.5400000000
1790259188729,4254.4100000000,4254.5200000000
1790259189131,4254.4200000000,4254.5300000000
1790259189534,4254.4700000000,4254.5800000000
1790259189936,4254.4900000000,4254.6000000000
1790259190742,4254.4500000000,4254.5600000000
1790259191949,4254.3300000000,4254.4400000000
1790259192352,4254.3600000000,4254.4700000000
1790259192754,4254.4100000000,4254.5200000000
1790259193156,4254.3900000000,4254.5000000000
1790259193960,4254.4000000000,4254.5100000000
1790259194363,4254.5700000000,4254.6800000000
1790259195168,4254.6000000000,4254.7100000000
1790259195571,4254.6100000000,4254.7200000000
1790259195974,4254.5900000000,4254.7000000000
1790259196377,4254.6000000000,4254.7100000000
1790259196779,4254.6200000000,4254.7300000000
1790259197182,4254.6100000000,4254.7200000000
1790259197584,4254.6200000000,4254.7300000000
1790259198389,4254.6200000000,4254.7200000000
1790259199194,4254.8100000000,4254.9100000000
1790259199597,4254.8300000000,4254.9300000000
1790259200001,4255.0600000000,4255.1600000000
1790259200402,4255.2000000000,4255.3000000000
1790259200806,4255.5300000000,4255.6300000000
1790259201308,4255.5200000000,4255.6300000000
1790259201711,4255.5300000000,4255.6400000000
1790259202113,4255.5400000000,4255.6500000000
1790259202516,4255.5300000000,4255.6500000000
1790259202918,4255.5900000000,4255.7100000000
1790259203321,4255.6200000000,4255.7300000000
1790259203622,4255.5200000000,4255.6300000000
1790259204025,4255.5400000000,4255.6500000000
1790259204830,4255.6000000000,4255.7100000000
1790259205232,4255.5600000000,4255.6700000000
1790259205736,4255.5900000000,4255.7000000000
1790259206138,4255.6800000000,4255.7900000000
1790259206541,4255.6500000000,4255.7600000000
1790259206943,4255.6100000000,4255.7200000000
1790259207345,4255.7300000000,4255.8400000000
1790259207747,4255.7500000000,4255.8600000000
1790259208553,4255.7400000000,4255.8500000000
1790259208955,4255.7300000000,4255.8400000000
1790259210163,4255.7200000000,4255.8300000000
1790259211372,4255.7100000000,4255.8200000000
1790259212177,4255.7800000000,4255.8800000000
1790259213384,4255.7700000000,4255.8700000000
1790259214592,4256.3500000000,4256.4500000000
1790259214995,4256.3200000000,4256.4200000000
1790259215398,4256.4200000000,4256.5400000000
1790259215800,4256.4300000000,4256.5500000000
1790259216203,4256.5300000000,4256.6500000000
1790259216606,4256.6700000000,4256.7900000000
1790259217411,4256.7100000000,4256.8300000000
1790259217813,4256.9100000000,4257.0300000000
1790259218215,4256.9600000000,4257.0800000000
1790259219021,4257.0000000000,4257.1200000000
1790259219425,4257.0500000000,4257.1700000000
1790259219826,4257.1100000000,4257.2300000000
1790259220229,4256.9000000000,4257.0200000000
1790259220632,4256.9300000000,4257.0500000000
1790259221034,4256.9200000000,4257.0400000000
1790259221437,4257.0200000000,4257.1400000000
1790259222242,4257.0000000000,4257.1200000000
1790259222644,4256.9800000000,4257.1000000000
1790259223046,4257.0500000000,4257.1700000000
1790259223449,4257.1100000000,4257.2300000000
1790259224255,4257.0700000000,4257.1900000000
1790259224658,4257.1700000000,4257.2900000000
1790259225062,4257.1900000000,4257.3100000000
1790259225464,4257.2100000000,4257.3300000000
1790259225867,4257.2300000000,4257.3500000000
1790259226672,4257.3100000000,4257.4300000000
1790259227074,4257.1100000000,4257.2300000000
1790259227477,4257.0800000000,4257.2000000000
1790259227879,4257.0500000000,4257.1700000000
1790259228282,4257.0400000000,4257.1600000000
1790259228685,4256.8700000000,4256.9900000000
1790259229088,4256.8200000000,4256.9400000000
1790259229490,4256.8000000000,4256.9200000000
1790259230295,4256.7800000000,4256.9000000000
1790259231100,4256.8200000000,4256.9400000000
1790259231505,4256.7000000000,4256.8200000000
1790259231907,4256.6600000000,4256.7800000000
1790259232310,4256.6500000000,4256.7700000000
1790259232713,4256.4100000000,4256.5300000000
1790259233114,4256.4000000000,4256.5200000000
1790259233517,4256.3700000000,4256.4900000000
1790259234322,4256.3800000000,4256.5000000000
1790259234724,4256.3600000000,4256.4800000000
1790259235126,4256.3200000000,4256.4400000000
1790259235529,4256.3400000000,4256.4600000000
1790259235931,4256.4600000000,4256.5800000000
1790259236334,4256.5000000000,4256.6200000000
1790259236736,4256.5200000000,4256.6400000000
1790259237541,4256.7200000000,4256.8400000000
1790259237944,4256.7500000000,4256.8700000000
1790259238346,4256.7300000000,4256.8500000000
1790259238749,4256.7200000000,4256.8400000000
1790259239151,4256.7600000000,4256.8800000000
1790259239956,4256.7800000000,4256.9000000000
1790259240359,4256.7400000000,4256.8600000000
1790259240761,4256.7200000000,4256.8400000000
1790259241164,4256.7900000000,4256.9100000000
1790259241566,4256.8800000000,4257.0000000000
1790259242373,4258.1700000000,4258.2900000000
1790259242776,4257.8400000000,4257.9600000000
1790259243179,4257.6200000000,4257.7600000000
1790259243582,4257.7400000000,4257.8800000000
1790259243984,4257.5100000000,4257.6500000000
1790259244387,4257.4700000000,4257.6100000000
1790259244791,4257.8000000000,4257.9400000000
1790259245194,4257.8500000000,4257.9900000000
1790259245596,4257.6500000000,4257.7900000000
1790259245999,4257.7300000000,4257.8700000000
1790259246402,4257.5500000000,4257.6900000000
1790259246804,4257.5800000000,4257.7200000000
1790259247206,4257.4800000000,4257.6200000000
1790259247609,4257.3600000000,4257.5000000000
1790259247911,4257.1700000000,4257.3100000000
1790259248414,4257.3400000000,4257.4800000000
1790259248818,4257.3500000000,4257.4900000000
1790259249221,4257.3000000000,4257.4400000000
1790259249523,4257.3700000000,4257.5100000000
1790259249925,4257.3300000000,4257.4700000000
1790259250328,4257.6500000000,4257.7900000000
1790259250731,4257.9900000000,4258.1300000000
1790259251636,4258.0000000000,4258.1400000000
1790259252038,4258.0500000000,4258.1900000000
1790259252441,4258.0000000000,4258.1400000000
1790259252843,4257.9900000000,4258.1300000000
1790259253246,4257.9400000000,4258.0800000000
1790259254050,4257.9500000000,4258.0900000000
1790259254453,4258.1400000000,4258.2800000000
1790259254855,4258.0700000000,4258.2100000000
1790259255258,4258.0200000000,4258.1600000000
1790259255661,4257.8700000000,4258.0100000000
1790259256063,4257.8300000000,4257.9700000000
1790259256868,4257.8100000000,4257.9500000000
1790259257674,4257.6500000000,4257.7900000000
1790259258076,4257.6300000000,4257.7700000000
1790259258479,4257.9400000000,4258.0800000000
1790259258881,4257.9300000000,4258.0700000000
1790259259284,4257.9200000000,4258.0600000000
1790259259686,4257.8800000000,4258.0200000000
1790259260089,4257.9100000000,4258.0500000000
1790259260494,4257.9800000000,4258.1200000000
1790259261701,4257.9600000000,4258.1000000000
1790259262107,4257.9400000000,4258.0800000000
1790259262506,4257.6700000000,4257.8100000000
1790259262909,4257.6300000000,4257.7700000000
1790259263716,4257.5700000000,4257.7100000000
1790259264522,4257.6800000000,4257.8200000000
1790259264924,4257.6700000000,4257.8100000000
1790259265327,4257.6800000000,4257.8200000000
1790259265729,4257.6700000000,4257.8100000000
1790259266131,4257.6800000000,4257.8200000000
1790259266533,4257.7600000000,4257.9000000000
1790259266936,4257.9000000000,4258.0400000000
1790259267741,4257.7400000000,4257.8800000000
1790259268144,4257.6800000000,4257.8200000000
1790259268547,4257.8400000000,4257.9800000000
1790259269352,4257.8500000000,4257.9900000000
1790259270157,4257.7300000000,4257.8700000000
1790259270560,4257.7900000000,4257.9300000000
1790259270963,4257.8500000000,4257.9900000000
1790259271770,4258.3600000000,4258.5000000000
1790259272172,4258.3900000000,4258.5300000000
1790259272574,4258.3800000000,4258.5200000000
1790259272977,4258.3400000000,4258.4800000000
1790259273380,4258.7000000000,4258.8400000000
1790259273782,4258.7900000000,4258.9300000000
1790259274186,4258.8400000000,4258.9800000000
1790259274589,4258.6100000000,4258.7500000000
1790259274992,4258.5900000000,4258.7300000000
1790259275394,4258.5200000000,4258.6600000000
1790259275797,4258.4500000000,4258.5900000000
1790259276199,4258.5200000000,4258.6600000000
1790259276602,4258.4700000000,4258.6100000000
1790259277005,4258.4300000000,4258.5700000000
1790259277408,4258.4200000000,4258.5600000000
1790259277811,4258.5300000000,4258.6700000000
1790259278213,4258.3600000000,4258.5000000000
1790259278617,4258.2400000000,4258.3800000000
1790259279020,4258.2200000000,4258.3600000000
1790259279826,4258.2500000000,4258.3900000000
1790259280228,4258.2800000000,4258.4200000000
1790259280631,4258.2200000000,4258.3600000000
1790259281035,4258.1800000000,4258.3200000000
1790259281841,4258.1500000000,4258.2900000000
1790259282646,4258.2000000000,4258.3400000000
1790259283049,4258.2300000000,4258.3700000000
1790259283452,4258.4300000000,4258.5700000000
1790259283854,4258.9400000000,4259.0800000000
1790259284257,4258.8900000000,4259.0300000000
1790259284659,4258.7800000000,4258.9200000000
1790259285061,4258.7600000000,4258.9000000000
1790259285464,4258.7300000000,4258.8700000000
1790259285867,4258.8400000000,4258.9800000000
1790259286269,4258.8100000000,4258.9500000000
1790259286671,4258.8000000000,4258.9400000000
1790259287074,4258.8400000000,4258.9800000000
1790259287879,4259.1500000000,4259.2900000000
1790259288282,4259.1400000000,4259.2800000000
1790259288685,4259.1800000000,4259.3200000000
1790259289087,4259.0800000000,4259.2200000000
1790259289489,4259.0400000000,4259.1800000000
1790259289893,4259.0700000000,4259.2100000000
1790259290296,4259.0400000000,4259.1800000000
1790259290698,4259.0300000000,4259.1700000000
1790259291505,4259.2200000000,4259.3600000000
1790259292310,4259.2100000000,4259.3500000000
1790259293114,4259.2700000000,4259.4100000000
1790259293517,4259.3000000000,4259.4400000000
1790259293918,4259.1400000000,4259.2800000000
1790259294321,4258.9500000000,4259.0900000000
1790259294723,4258.9100000000,4259.0500000000
1790259295125,4258.8600000000,4259.0000000000
1790259295528,4258.8500000000,4258.9900000000
1790259296735,4258.9300000000,4259.0700000000
1790259297540,4258.8100000000,4258.9500000000
1790259297943,4258.6000000000,4258.7400000000
1790259298346,4258.5700000000,4258.7100000000
1790259298749,4258.5500000000,4258.6900000000
1790259299152,4258.8000000000,4258.9400000000
1790259299554,4258.8100000000,4258.9500000000
1790259299957,4258.8300000000,4258.9700000000
1790259300362,4258.7900000000,4258.9300000000
1790259300762,4258.7700000000,4258.9100000000
1790259301165,4258.7400000000,4258.8800000000
1790259301567,4258.8100000000,4258.9500000000
1790259301970,4258.7800000000,4258.9200000000
1790259302373,4258.5900000000,4258.7300000000
1790259302775,4258.5400000000,4258.6800000000
1790259303580,4258.5200000000,4258.6600000000
1790259303982,4258.4900000000,4258.6300000000
1790259304385,4258.1800000000,4258.3200000000
1790259304788,4258.1400000000,4258.2800000000
1790259305191,4258.1300000000,4258.2700000000
1790259305595,4258.1600000000,4258.3000000000
1790259305997,4257.9700000000,4258.1100000000
1790259306400,4257.9000000000,4258.0400000000
1790259306802,4257.8900000000,4258.0300000000
1790259307205,4257.8800000000,4258.0200000000
1790259308010,4257.7300000000,4257.8700000000
1790259308412,4257.6700000000,4257.8100000000
1790259308915,4257.7300000000,4257.8700000000
1790259309318,4257.3200000000,4257.4600000000
1790259309720,4257.6300000000,4257.7700000000
1790259310123,4257.6000000000,4257.7400000000
1790259310525,4257.5900000000,4257.7300000000
1790259310928,4257.5100000000,4257.6500000000
1790259311330,4257.5200000000,4257.6600000000
1790259311733,4257.5800000000,4257.7200000000
1790259312538,4257.5600000000,4257.7000000000
1790259313344,4257.5800000000,4257.7200000000
1790259313748,4257.4400000000,4257.5800000000
1790259314150,4257.4300000000,4257.5700000000
1790259314552,4257.4200000000,4257.5600000000
1790259314955,4257.4300000000,4257.5700000000
1790259315760,4257.4600000000,4257.6000000000
1790259316163,4257.4700000000,4257.6100000000
1790259316565,4257.4300000000,4257.5700000000
1790259317370,4257.1800000000,4257.3200000000
1790259317772,4257.1900000000,4257.3300000000
1790259318175,4257.1000000000,4257.2400000000
1790259318578,4257.0600000000,4257.2000000000
1790259318980,4256.9900000000,4257.1300000000
1790259319383,4256.9500000000,4257.0900000000
1790259319785,4256.8900000000,4257.0300000000
1790259320188,4257.1300000000,4257.2700000000
1790259320590,4257.2600000000,4257.4000000000
1790259320993,4257.3900000000,4257.5300000000
1790259321797,4257.3700000000,4257.5100000000
1790259322200,4257.0600000000,4257.2000000000
1790259322602,4256.9800000000,4257.1200000000
1790259323005,4256.9600000000,4257.1000000000
1790259323407,4256.9500000000,4257.0900000000
1790259323810,4256.9400000000,4257.0800000000
1790259324212,4256.9800000000,4257.1200000000
1790259324615,4256.9600000000,4257.1000000000
1790259325017,4256.9900000000,4257.1300000000
1790259325420,4257.0000000000,4257.1400000000
1790259325823,4257.1500000000,4257.2900000000
1790259326225,4257.1900000000,4257.3300000000
1790259326628,4257.3000000000,4257.4400000000
1790259327031,4257.2900000000,4257.4300000000
1790259327434,4257.3100000000,4257.4500000000
1790259327836,4257.2600000000,4257.4000000000
1790259328239,4257.2700000000,4257.4100000000
1790259328641,4257.2800000000,4257.4200000000
1790259329044,4257.2700000000,4257.4100000000
1790259329446,4257.2800000000,4257.4200000000
1790259329849,4257.2100000000,4257.3500000000
1790259330252,4257.0900000000,4257.2300000000
1790259330654,4256.9700000000,4257.1100000000
1790259331056,4257.2100000000,4257.3500000000
1790259331459,4257.1700000000,4257.3100000000
1790259331862,4257.1100000000,4257.2500000000
1790259332667,4257.0800000000,4257.2200000000
1790259333070,4257.0300000000,4257.1700000000
1790259333472,4257.0200000000,4257.1600000000
1790259333874,4257.2000000000,4257.3400000000
1790259334277,4257.4700000000,4257.6100000000
1790259334679,4257.8400000000,4257.9800000000
1790259335082,4257.8700000000,4258.0100000000
1790259335484,4257.9100000000,4258.0500000000
1790259335887,4258.2800000000,4258.4200000000
1790259336290,4258.2900000000,4258.4300000000
1790259336693,4258.3000000000,4258.4400000000
1790259337095,4258.3100000000,4258.4500000000
1790259338706,4258.0800000000,4258.2200000000
1790259339914,4258.0300000000,4258.1700000000
1790259340317,4257.8900000000,4258.0300000000
1790259340719,4258.3600000000,4258.5000000000
1790259341122,4258.3000000000,4258.4400000000
1790259341525,4258.2000000000,4258.3400000000
1790259342330,4258.1900000000,4258.3300000000
1790259342733,4258.0700000000,4258.2100000000
1790259343135,4258.0400000000,4258.1800000000
1790259343537,4258.0100000000,4258.1500000000
1790259343940,4257.8200000000,4257.9600000000
1790259344342,4257.8000000000,4257.9400000000
1790259344745,4257.7600000000,4257.9000000000
1790259345148,4257.6500000000,4257.7900000000
1790259345550,4257.5400000000,4257.6800000000
1790259345953,4257.4500000000,4257.5900000000
1790259346355,4259.3700000000,4259.5100000000
1790259346757,4259.2700000000,4259.4100000000
1790259347162,4259.8800000000,4260.0200000000
1790259347564,4259.6200000000,4259.7600000000
1790259347966,4259.4900000000,4259.6300000000
1790259348369,4259.5700000000,4259.7100000000
1790259348775,4259.4700000000,4259.6100000000
1790259349177,4260.1800000000,4260.3200000000
1790259349583,4260.6900000000,4260.8300000000
1790259349986,4260.6700000000,4260.8100000000
1790259350389,4261.0700000000,4261.2100000000
1790259350792,4261.4600000000,4261.6000000000
1790259351194,4262.4200000000,4262.5600000000
1790259351600,4261.5700000000,4261.7100000000
1790259352003,4261.6600000000,4261.8000000000
1790259352405,4261.6400000000,4261.7800000000
1790259352807,4261.9200000000,4262.0600000000
1790259353210,4261.2200000000,4261.3600000000
1790259353612,4260.9200000000,4261.0600000000
1790259354015,4260.7700000000,4260.9100000000
1790259354418,4260.8400000000,4260.9800000000
1790259354820,4261.4400000000,4261.5800000000
1790259355223,4261.6000000000,4261.7400000000
1790259355626,4261.7000000000,4261.8400000000
1790259356028,4261.5400000000,4261.6800000000
1790259356430,4261.0800000000,4261.2200000000
1790259356832,4261.2300000000,4261.3700000000
1790259357235,4261.5800000000,4261.7200000000
1790259357637,4261.5300000000,4261.6700000000
1790259358040,4261.4900000000,4261.6300000000
1790259358443,4261.3300000000,4261.4700000000
1790259358845,4261.3500000000,4261.4900000000
1790259359248,4261.6000000000,4261.7400000000
1790259359650,4261.5500000000,4261.6900000000
1790259360053,4261.8200000000,4261.9600000000
1790259360356,4261.5900000000,4261.7300000000
1790259360758,4261.8100000000,4261.9500000000
1790259361161,4261.6000000000,4261.7400000000
1790259361563,4261.6900000000,4261.8300000000
1790259361966,4261.6400000000,4261.7800000000
1790259362367,4261.5800000000,4261.7200000000
1790259362770,4261.5400000000,4261.6800000000
1790259363173,4261.2900000000,4261.4300000000
1790259363575,4261.5800000000,4261.7200000000
1790259363977,4261.6500000000,4261.7900000000
1790259364783,4261.6400000000,4261.7800000000
1790259365185,4261.9200000000,4262.0600000000
1790259365588,4261.7700000000,4261.9100000000
1790259366392,4261.7400000000,4261.8800000000
1790259366795,4261.7100000000,4261.8500000000
1790259367197,4261.6400000000,4261.7800000000
1790259367600,4261.4000000000,4261.5400000000
1790259368003,4261.2500000000,4261.3900000000
1790259368406,4261.4400000000,4261.5800000000
1790259368809,4261.6200000000,4261.7600000000
1790259369212,4261.6900000000,4261.8300000000
1790259369614,4261.7600000000,4261.9000000000
1790259370017,4262.1500000000,4262.2900000000
1790259370420,4262.0000000000,4262.1400000000
1790259370822,4261.8500000000,4261.9900000000
1790259371225,4261.8200000000,4261.9600000000
1790259371627,4261.7700000000,4261.9100000000
1790259372030,4261.7300000000,4261.8700000000
1790259372432,4261.6600000000,4261.8000000000
1790259372834,4261.6300000000,4261.7700000000
1790259373639,4261.8900000000,4262.0300000000
1790259374042,4261.8500000000,4261.9900000000
1790259374445,4261.8200000000,4261.9600000000
1790259374849,4262.3500000000,4262.4900000000
1790259375250,4262.3300000000,4262.4700000000
1790259375653,4262.1900000000,4262.3300000000
1790259376458,4262.2800000000,4262.4200000000
1790259376861,4262.6900000000,4262.8300000000
1790259377263,4262.6400000000,4262.7800000000
1790259377666,4263.1200000000,4263.2600000000
1790259378069,4262.7400000000,4262.8800000000
1790259378471,4262.8900000000,4263.0300000000
1790259378873,4263.2900000000,4263.4300000000
1790259379276,4262.9700000000,4263.1100000000
1790259379680,4263.2300000000,4263.3700000000
1790259380082,4263.2100000000,4263.3500000000
1790259380485,4263.0400000000,4263.1800000000
1790259380887,4263.0900000000,4263.2300000000
1790259381290,4263.1900000000,4263.3300000000
1790259381692,4263.6200000000,4263.7600000000
1790259382095,4263.5900000000,4263.7300000000
1790259382497,4263.8800000000,4264.0200000000
1790259383303,4263.6000000000,4263.7400000000
1790259383705,4263.2100000000,4263.3500000000
1790259384108,4262.8600000000,4263.0000000000
1790259384511,4263.0500000000,4263.1900000000
1790259384913,4263.3400000000,4263.4800000000
1790259385316,4263.4900000000,4263.6300000000
1790259385718,4263.3400000000,4263.4800000000
1790259386121,4262.8900000000,4263.0300000000
1790259386524,4262.8600000000,4263.0000000000
1790259386926,4263.0400000000,4263.1800000000
1790259387329,4262.8300000000,4262.9700000000
1790259387732,4262.5300000000,4262.6700000000
1790259388134,4262.6300000000,4262.7700000000
1790259388537,4262.8100000000,4262.9500000000
1790259388940,4262.7000000000,4262.8400000000
1790259389343,4262.4500000000,4262.5900000000
1790259389746,4262.2800000000,4262.4200000000
1790259390148,4262.2600000000,4262.4000000000
1790259390551,4262.1900000000,4262.3300000000
1790259390953,4262.3000000000,4262.4400000000
1790259391255,4262.8300000000,4262.9700000000
1790259391659,4262.7800000000,4262.9200000000
1790259392060,4262.0900000000,4262.2300000000
1790259392463,4262.0200000000,4262.1600000000
1790259392865,4261.9600000000,4262.1000000000
1790259393267,4262.0200000000,4262.1600000000
1790259393669,4262.0500000000,4262.1900000000
1790259394072,4261.9500000000,4262.0900000000
1790259394474,4262.1100000000,4262.2500000000
1790259394877,4262.0900000000,4262.2300000000
1790259395381,4261.7000000000,4261.8400000000
1790259395783,4261.6400000000,4261.7800000000
1790259396185,4261.5900000000,4261.7300000000
1790259396588,4261.7200000000,4261.8600000000
1790259396991,4261.3900000000,4261.5300000000
1790259397393,4261.2800000000,4261.4200000000
1790259397795,4261.6100000000,4261.7500000000
1790259398197,4261.5800000000,4261.7200000000
1790259398600,4261.6600000000,4261.8000000000
1790259399003,4261.6700000000,4261.8100000000
1790259399406,4261.4800000000,4261.6200000000
1790259399808,4261.2700000000,4261.4100000000
1790259400210,4260.9600000000,4261.1000000000
1790259400613,4260.9400000000,4261.0800000000
1790259401016,4261.0500000000,4261.1900000000
1790259401419,4261.2500000000,4261.3900000000
1790259401823,4260.8600000000,4261.0000000000
1790259402225,4260.7900000000,4260.9300000000
1790259402628,4260.7500000000,4260.8900000000
1790259403030,4260.7200000000,4260.8600000000
1790259403433,4260.8000000000,4260.9400000000
1790259403836,4260.7800000000,4260.9200000000
1790259404238,4260.9000000000,4261.0400000000
1790259404641,4261.1700000000,4261.3100000000
1790259405043,4261.5800000000,4261.7200000000
1790259405446,4261.4900000000,4261.6300000000
1790259405850,4261.4000000000,4261.5400000000
1790259406252,4261.2600000000,4261.4000000000
1790259406654,4261.1600000000,4261.3000000000
1790259407057,4261.2600000000,4261.4000000000
1790259407460,4261.3900000000,4261.5300000000
1790259407863,4261.3000000000,4261.4400000000
1790259408266,4261.2900000000,4261.4300000000
1790259408669,4261.4700000000,4261.6100000000
1790259409071,4261.3400000000,4261.4800000000
1790259409373,4261.3300000000,4261.4700000000
1790259409775,4261.3500000000,4261.4900000000
1790259410178,4261.3600000000,4261.5000000000
1790259410580,4261.7200000000,4261.8600000000
1790259410983,4262.1500000000,4262.2900000000
1790259411385,4262.0700000000,4262.2100000000
1790259411789,4261.7600000000,4261.9000000000
1790259412192,4261.3700000000,4261.5100000000
1790259412594,4261.5500000000,4261.6900000000
1790259412997,4261.5700000000,4261.7100000000
1790259413399,4261.5800000000,4261.7200000000
1790259413803,4261.6500000000,4261.7900000000
1790259414206,4261.7600000000,4261.9000000000
1790259414608,4262.4100000000,4262.5500000000
1790259415012,4262.3700000000,4262.5100000000
1790259415415,4262.5200000000,4262.6600000000
1790259415817,4262.4100000000,4262.5500000000
1790259416219,4262.4900000000,4262.6300000000
1790259416622,4262.6100000000,4262.7500000000
1790259417025,4262.6600000000,4262.8000000000
1790259417427,4262.7100000000,4262.8500000000
1790259417832,4262.7000000000,4262.8400000000
1790259418335,4262.7600000000,4262.9000000000
1790259418637,4262.9200000000,4263.0600000000
1790259419039,4262.9600000000,4263.1000000000
1790259419442,4263.2100000000,4263.3500000000
1790259419843,4263.1700000000,4263.3100000000
1790259420246,4263.3100000000,4263.4500000000
1790259420648,4263.3800000000,4263.5200000000
1790259421051,4263.2000000000,4263.3400000000
1790259421454,4263.1600000000,4263.3000000000
1790259421856,4262.8400000000,4262.9800000000
1790259422259,4262.7600000000,4262.9000000000
1790259422661,4262.8700000000,4263.0100000000
1790259423063,4262.7200000000,4262.8600000000
1790259423466,4262.6600000000,4262.8000000000
1790259423869,4262.6200000000,4262.7600000000
1790259424271,4262.4200000000,4262.5600000000
1790259424673,4262.2000000000,4262.3400000000
1790259425076,4262.2500000000,4262.3900000000
1790259425479,4262.2400000000,4262.3800000000
1790259425881,4262.1700000000,4262.3100000000
1790259426284,4262.1300000000,4262.2700000000
1790259426687,4262.1100000000,4262.2500000000
1790259427091,4262.0900000000,4262.2300000000
1790259427493,4261.8800000000,4262.0200000000
1790259427895,4261.8200000000,4261.9600000000
1790259428298,4262.2500000000,4262.3900000000
1790259429103,4262.0700000000,4262.2100000000
1790259429506,4262.0000000000,4262.1400000000
1790259429909,4261.9700000000,4262.1100000000
1790259430312,4261.7600000000,4261.9000000000
1790259430715,4261.7700000000,4261.9100000000
1790259431118,4261.7500000000,4261.8900000000
1790259431520,4261.7600000000,4261.9000000000
1790259431923,4261.5300000000,4261.6700000000
1790259432325,4261.2700000000,4261.4100000000
1790259432728,4261.3400000000,4261.4800000000
1790259433533,4261.4500000000,4261.5900000000
1790259433936,4261.4000000000,4261.5400000000
1790259434339,4261.0400000000,4261.1800000000
1790259434742,4261.0300000000,4261.1700000000
1790259435144,4261.1500000000,4261.2900000000
1790259435547,4261.1400000000,4261.2800000000
1790259435950,4261.2700000000,4261.4100000000
1790259436757,4261.2000000000,4261.3400000000
1790259437159,4261.1900000000,4261.3300000000
1790259437561,4261.1400000000,4261.2800000000
1790259437965,4261.0800000000,4261.2200000000
1790259438772,4261.0300000000,4261.1700000000
1790259439577,4261.0200000000,4261.1600000000
1790259439980,4261.1200000000,4261.2600000000
1790259440382,4260.9600000000,4261.1000000000
1790259440785,4260.7600000000,4260.9000000000
1790259441188,4261.1100000000,4261.2500000000
1790259441590,4261.2600000000,4261.4000000000
1790259441993,4261.2400000000,4261.3800000000
1790259442396,4261.1100000000,4261.2500000000
1790259442797,4260.9200000000,4261.0600000000
1790259443200,4260.8800000000,4261.0200000000
1790259443602,4260.6800000000,4260.8200000000
1790259444407,4260.7400000000,4260.8800000000
1790259445212,4260.7800000000,4260.9200000000
1790259445614,4260.7200000000,4260.8600000000
1790259446017,4260.7100000000,4260.8500000000
1790259446821,4260.6800000000,4260.8200000000
1790259447224,4260.6600000000,4260.8000000000
1790259447626,4260.6000000000,4260.7400000000
1790259448029,4260.5900000000,4260.7300000000
1790259448432,4260.5800000000,4260.7200000000
1790259448834,4260.6900000000,4260.8300000000
1790259449641,4260.6200000000,4260.7600000000
1790259450044,4260.6100000000,4260.7500000000
1790259450446,4260.5900000000,4260.7300000000
1790259450848,4260.5100000000,4260.6500000000
1790259451251,4260.4900000000,4260.6200000000
1790259451654,4260.5700000000,4260.7000000000
1790259452057,4260.3900000000,4260.5200000000
1790259452459,4260.4100000000,4260.5400000000
1790259452861,4260.4400000000,4260.5700000000
1790259453666,4260.5200000000,4260.6500000000
1790259454069,4260.4400000000,4260.5700000000
1790259454473,4260.3400000000,4260.4700000000
1790259454876,4260.1700000000,4260.3000000000
1790259455278,4260.0900000000,4260.2200000000
1790259455681,4260.1300000000,4260.2600000000
1790259456084,4260.1400000000,4260.2700000000
1790259456486,4260.1500000000,4260.2800000000
1790259456889,4260.2100000000,4260.3400000000
1790259457292,4260.1300000000,4260.2600000000
1790259457695,4260.0600000000,4260.1900000000
1790259458097,4260.0200000000,4260.1500000000
1790259458500,4259.9900000000,4260.1200000000
1790259458902,4260.1100000000,4260.2400000000
1790259459305,4260.1200000000,4260.2500000000
1790259459707,4260.1700000000,4260.3000000000
1790259460210,4260.2100000000,4260.3400000000
1790259460512,4259.9600000000,4260.0900000000
1790259460915,4259.9800000000,4260.1100000000
1790259461720,4260.0500000000,4260.1800000000
1790259462123,4259.6500000000,4259.7800000000
1790259462928,4259.6700000000,4259.8000000000
1790259463733,4259.5700000000,4259.7000000000
1790259464538,4259.4400000000,4259.5700000000
1790259464942,4259.3200000000,4259.4500000000
1790259465345,4259.3500000000,4259.4800000000
1790259465749,4259.3600000000,4259.4900000000
1790259466152,4259.2800000000,4259.4100000000
1790259466554,4259.3800000000,4259.5100000000
1790259466956,4259.4000000000,4259.5300000000
1790259467359,4259.4300000000,4259.5600000000
1790259467762,4259.4000000000,4259.5300000000
1790259468265,4259.4600000000,4259.5900000000
1790259468668,4259.4900000000,4259.6200000000
1790259469071,4259.4800000000,4259.6100000000
1790259469497,4259.4700000000,4259.6000000000
1790259469899,4259.4900000000,4259.6200000000
1790259470302,4259.2600000000,4259.3800000000
1790259470704,4259.1300000000,4259.2500000000
1790259471510,4259.1600000000,4259.2800000000
1790259471915,4259.1000000000,4259.2200000000
1790259472317,4258.8500000000,4258.9700000000
1790259472719,4258.8300000000,4258.9500000000
1790259473122,4258.7100000000,4258.8300000000
1790259473525,4258.6800000000,4258.8000000000
1790259473928,4258.6500000000,4258.7700000000
1790259474330,4258.5200000000,4258.6400000000
1790259474732,4258.4400000000,4258.5600000000
1790259475135,4258.4700000000,4258.5900000000
1790259475538,4258.5900000000,4258.7100000000
1790259475940,4258.9000000000,4259.0200000000
1790259476343,4258.9300000000,4259.0500000000
1790259476745,4258.9100000000,4259.0300000000
1790259477148,4258.9000000000,4259.0200000000
1790259478356,4258.7800000000,4258.9000000000
1790259478757,4258.7500000000,4258.8700000000
1790259479160,4258.9700000000,4259.0900000000
1790259479563,4258.9900000000,4259.1100000000
1790259480369,4259.1600000000,4259.2800000000
1790259480771,4259.3700000000,4259.4900000000
1790259481174,4259.2300000000,4259.3500000000
1790259481577,4259.2500000000,4259.3700000000
1790259481979,4259.2000000000,4259.3200000000
1790259482382,4259.1300000000,4259.2500000000
1790259482786,4259.0600000000,4259.1800000000
1790259483188,4259.0900000000,4259.2100000000
1790259483591,4259.0400000000,4259.1600000000
1790259484395,4259.0500000000,4259.1700000000
1790259484797,4259.0000000000,4259.1200000000
1790259485200,4258.8300000000,4258.9500000000
1790259485603,4258.9100000000,4259.0300000000
1790259486005,4258.9300000000,4259.0500000000
1790259486408,4258.8100000000,4258.9300000000
1790259486812,4258.7900000000,4258.9100000000
1790259488021,4258.7600000000,4258.8800000000
1790259489229,4258.7800000000,4258.9000000000
1790259489631,4258.6000000000,4258.7200000000
1790259490034,4258.7000000000,4258.8200000000
1790259490436,4259.2100000000,4259.3300000000
1790259490839,4259.2200000000,4259.3400000000
1790259491241,4259.0700000000,4259.1900000000
1790259491643,4259.0400000000,4259.1600000000
1790259492046,4258.9600000000,4259.0800000000
1790259492449,4258.8700000000,4258.9800000000
1790259492851,4258.8400000000,4258.9500000000
1790259493253,4258.9000000000,4259.0100000000
1790259493656,4259.0000000000,4259.1100000000
1790259494059,4258.9900000000,4259.1000000000
1790259494461,4258.9200000000,4259.0300000000
1790259494865,4258.7700000000,4258.8800000000
1790259495268,4258.7600000000,4258.8700000000
1790259496073,4258.9700000000,4259.0800000000
1790259496476,4259.0100000000,4259.1200000000
1790259496878,4259.0400000000,4259.1500000000
1790259497281,4259.0500000000,4259.1600000000
1790259497684,4259.0700000000,4259.1800000000
1790259498086,4259.0800000000,4259.1900000000
1790259498488,4259.0500000000,4259.1600000000
1790259498891,4259.0400000000,4259.1500000000
1790259499696,4259.1400000000,4259.2500000000
1790259500501,4259.1500000000,4259.2600000000
1790259500904,4259.1400000000,4259.2500000000
1790259501306,4259.2200000000,4259.3300000000
1790259501709,4259.1000000000,4259.2100000000
1790259502514,4259.1200000000,4259.2300000000
1790259503320,4258.9800000000,4259.0900000000
1790259503723,4258.9500000000,4259.0600000000
1790259504126,4258.9400000000,4259.0500000000
1790259504528,4258.9600000000,4259.0700000000
1790259504931,4258.9300000000,4259.0400000000
1790259505333,4258.9100000000,4259.0200000000
1790259505736,4258.9500000000,4259.0600000000
1790259506139,4259.0300000000,4259.1400000000
1790259506542,4259.1400000000,4259.2500000000
1790259506944,4259.2200000000,4259.3300000000
1790259507347,4259.2000000000,4259.3100000000
1790259507749,4259.3000000000,4259.4100000000
1790259508152,4259.2900000000,4259.4000000000
1790259508554,4259.3200000000,4259.4300000000
1790259509359,4259.3100000000,4259.4200000000
1790259509761,4259.3300000000,4259.4400000000
1790259510164,4259.5200000000,4259.6300000000
1790259510567,4259.3900000000,4259.5000000000
1790259510969,4259.3700000000,4259.4800000000
1790259511774,4259.2900000000,4259.4000000000
1790259512177,4259.1600000000,4259.2700000000
1790259512579,4259.0500000000,4259.1600000000
1790259512982,4259.0100000000,4259.1200000000
1790259513384,4258.9700000000,4259.0800000000
1790259513786,4258.9800000000,4259.0900000000
1790259514189,4258.9800000000,4259.0800000000
1790259514692,4259.0800000000,4259.1800000000
1790259514994,4259.0700000000,4259.1700000000
1790259515900,4259.0100000000,4259.1100000000
1790259516202,4258.9900000000,4259.0900000000
1790259516604,4259.0000000000,4259.1000000000
1790259517006,4259.1300000000,4259.2300000000
1790259517409,4258.9800000000,4259.0800000000
1790259518214,4258.6600000000,4258.7600000000
1790259518718,4258.6500000000,4258.7500000000
1790259519120,4258.7900000000,4258.8900000000
1790259519523,4258.8200000000,4258.9200000000
1790259519825,4258.8600000000,4258.9600000000
1790259520328,4258.9500000000,4259.0500000000
1790259520731,4258.9600000000,4259.0600000000
1790259521133,4258.9100000000,4259.0100000000
1790259521536,4258.9000000000,4259.0000000000
1790259521939,4258.7000000000,4258.8000000000
1790259522341,4258.7300000000,4258.8300000000
1790259522744,4258.8500000000,4258.9500000000
1790259523147,4258.9100000000,4259.0100000000
1790259523549,4258.7500000000,4258.8500000000
1790259523952,4259.7800000000,4259.8800000000
1790259524756,4259.8200000000,4259.9200000000
1790259525159,4259.6200000000,4259.7300000000
1790259525561,4259.5500000000,4259.6600000000
1790259527171,4259.5300000000,4259.6400000000
1790259527574,4259.3700000000,4259.4800000000
1790259528379,4259.3600000000,4259.4700000000
1790259528781,4259.3800000000,4259.4900000000
1790259529184,4259.4500000000,4259.5600000000
1790259529588,4259.4600000000,4259.5700000000
1790259530393,4259.4000000000,4259.5100000000
1790259530795,4259.3900000000,4259.5000000000
1790259531601,4259.5500000000,4259.6600000000
1790259532008,4259.4800000000,4259.5900000000
1790259532411,4259.2900000000,4259.3900000000
1790259533217,4259.3000000000,4259.4000000000
1790259533619,4259.3100000000,4259.4100000000
1790259534021,4259.3900000000,4259.4900000000
1790259534423,4259.5100000000,4259.6100000000
1790259534826,4259.6200000000,4259.7200000000
1790259535229,4259.5900000000,4259.6900000000
1790259535632,4259.7600000000,4259.8600000000
1790259536035,4259.9700000000,4260.0700000000
1790259536437,4259.9800000000,4260.0800000000
1790259536840,4259.9300000000,4260.0300000000
1790259537243,4259.9500000000,4260.0500000000
1790259538048,4260.4000000000,4260.5000000000
1790259538855,4260.4500000000,4260.5500000000
1790259539257,4260.4400000000,4260.5400000000
1790259540063,4260.3400000000,4260.4400000000
1790259540465,4260.4700000000,4260.5700000000
1790259541270,4260.6600000000,4260.7600000000
1790259541673,4260.9900000000,4261.0900000000
1790259542075,4260.7600000000,4260.8600000000
1790259542478,4260.7000000000,4260.8000000000
1790259542880,4260.7200000000,4260.8200000000
1790259543282,4260.7700000000,4260.8700000000
1790259543685,4260.7800000000,4260.8800000000
1790259544086,4260.8400000000,4260.9400000000
1790259544489,4260.8500000000,4260.9500000000
1790259544892,4261.1200000000,4261.2200000000
1790259545294,4261.0900000000,4261.1900000000
1790259545696,4260.9900000000,4261.0900000000
1790259546099,4260.9500000000,4261.0500000000
1790259546502,4261.1000000000,4261.2000000000
1790259546906,4261.3500000000,4261.4500000000
1790259547308,4261.4400000000,4261.5400000000
1790259547710,4261.4800000000,4261.5800000000
1790259548113,4261.4900000000,4261.5900000000
1790259548516,4261.5100000000,4261.6100000000
1790259548918,4261.5300000000,4261.6300000000
1790259550125,4261.5500000000,4261.6500000000
1790259550528,4261.6700000000,4261.7700000000
1790259550931,4261.6300000000,4261.7300000000
1790259551333,4261.8400000000,4261.9400000000
1790259551736,4261.8600000000,4261.9600000000
1790259552138,4262.0200000000,4262.1200000000
1790259552541,4262.0900000000,4262.1900000000
1790259552944,4262.0700000000,4262.1700000000
1790259553347,4261.9700000000,4262.0700000000
1790259553749,4261.9600000000,4262.0600000000
1790259554152,4262.0100000000,4262.1100000000
1790259554554,4261.9800000000,4262.0800000000
1790259554957,4262.0500000000,4262.1500000000
1790259555359,4262.2600000000,4262.3600000000
1790259555762,4262.2900000000,4262.3900000000
1790259556165,4262.2600000000,4262.3600000000
1790259556568,4262.3000000000,4262.4000000000
1790259557373,4262.3300000000,4262.4300000000
1790259557775,4262.3400000000,4262.4400000000
1790259559385,4262.4900000000,4262.5900000000
1790259559788,4262.5100000000,4262.6100000000
1790259560191,4262.4200000000,4262.5200000000
1790259560594,4262.4300000000,4262.5300000000
1790259560996,4262.4000000000,4262.5000000000
1790259561398,4262.3100000000,4262.4100000000
1790259562203,4262.4700000000,4262.5700000000
1790259562606,4262.5900000000,4262.6900000000
1790259563008,4262.6100000000,4262.7100000000
1790259563411,4262.6000000000,4262.6900000000
1790259563813,4262.5800000000,4262.6700000000
1790259564216,4262.4600000000,4262.5500000000
1790259564618,4262.5000000000,4262.5900000000
1790259565021,4262.3500000000,4262.4400000000
1790259565423,4262.2200000000,4262.3100000000
1790259565826,4262.1900000000,4262.2800000000
1790259566228,4262.1400000000,4262.2300000000
1790259566631,4262.0900000000,4262.1800000000
1790259567033,4262.1000000000,4262.1900000000
1790259567436,4262.1300000000,4262.2200000000
1790259567838,4262.1000000000,4262.1900000000
1790259568643,4262.2200000000,4262.3100000000
1790259569046,4262.3700000000,4262.4600000000
1790259569449,4261.5500000000,4261.6400000000
1790259569852,4261.9800000000,4262.0700000000
1790259570255,4262.0700000000,4262.1700000000
1790259570658,4262.0400000000,4262.1400000000
1790259571060,4262.0500000000,4262.1500000000
1790259571463,4262.0300000000,4262.1300000000
1790259571866,4261.9600000000,4262.0600000000
1790259572269,4261.8800000000,4261.9800000000
1790259572671,4261.9000000000,4262.0000000000
1790259573073,4261.8400000000,4261.9400000000
1790259573878,4261.6900000000,4261.7900000000
1790259574281,4261.6200000000,4261.7200000000
1790259574683,4261.6300000000,4261.7300000000
1790259575086,4261.8900000000,4261.9900000000
1790259575490,4262.0200000000,4262.1200000000
1790259575891,4262.2900000000,4262.3900000000
1790259576293,4262.1500000000,4262.2500000000
1790259577098,4262.2700000000,4262.3700000000
1790259577501,4262.3500000000,4262.4500000000
1790259577903,4262.3300000000,4262.4300000000
1790259578305,4262.3200000000,4262.4200000000
1790259578708,4262.3600000000,4262.4600000000
1790259579111,4262.4600000000,4262.5600000000
1790259579917,4262.3500000000,4262.4500000000
1790259580319,4262.3400000000,4262.4400000000
1790259580721,4262.3500000000,4262.4500000000
1790259581125,4262.4300000000,4262.5300000000
1790259581527,4262.4400000000,4262.5400000000
1790259581929,4262.3000000000,4262.4000000000
1790259582733,4262.1300000000,4262.2300000000
1790259583136,4262.1400000000,4262.2400000000
1790259583539,4262.1200000000,4262.2200000000
1790259583941,4262.2600000000,4262.3600000000
1790259584344,4262.4300000000,4262.5300000000
1790259584747,4262.5600000000,4262.6600000000
1790259585150,4262.5800000000,4262.6800000000
1790259585552,4262.3800000000,4262.4800000000
1790259586359,4262.4300000000,4262.5300000000
1790259587165,4262.3800000000,4262.4800000000
1790259588373,4262.3300000000,4262.4300000000
1790259589986,4262.1000000000,4262.2000000000
1790259590389,4262.1400000000,4262.2400000000
1790259590791,4262.1300000000,4262.2300000000
1790259591194,4262.1200000000,4262.2200000000
1790259591597,4262.2600000000,4262.3600000000
1790259591999,4262.2300000000,4262.3300000000
1790259592806,4262.2100000000,4262.3100000000
1790259593209,4262.2600000000,4262.3600000000
1790259593612,4262.2700000000,4262.3700000000
1790259594014,4261.6200000000,4261.7200000000
1790259594819,4261.6000000000,4261.7000000000
1790259595222,4261.5400000000,4261.6400000000
1790259595624,4261.5600000000,4261.6600000000
1790259596027,4261.5800000000,4261.6800000000
1790259596832,4261.6600000000,4261.7600000000
1790259597235,4261.6900000000,4261.7900000000
1790259597738,4261.7300000000,4261.8300000000
1790259598141,4261.7400000000,4261.8400000000
1790259598544,4261.7500000000,4261.8500000000
1790259599349,4261.7600000000,4261.8600000000
1790259600155,4261.7500000000,4261.8500000000
1790259600558,4261.6400000000,4261.7400000000
1790259600959,4261.5300000000,4261.6300000000
1790259601362,4261.6500000000,4261.7500000000
1790259602168,4261.6600000000,4261.7600000000
1790259602973,4262.0000000000,4262.1000000000
1790259603375,4262.0200000000,4262.1200000000
1790259603778,4262.0000000000,4262.1000000000
1790259604180,4262.0500000000,4262.1500000000
1790259604985,4262.2000000000,4262.3000000000
1790259605388,4262.3700000000,4262.4700000000
1790259605790,4262.4100000000,4262.5100000000
1790259606595,4262.3800000000,4262.4800000000
1790259607400,4262.4000000000,4262.5000000000
1790259607803,4262.5000000000,4262.6000000000
1790259608206,4262.4700000000,4262.5600000000
1790259608609,4262.3900000000,4262.4800000000
1790259609011,4262.3600000000,4262.4500000000
1790259609414,4262.2800000000,4262.3700000000
1790259609817,4262.2400000000,4262.3300000000
1790259610622,4262.2200000000,4262.3100000000
1790259611427,4262.4300000000,4262.5200000000
1790259611829,4262.5200000000,4262.6100000000
1790259612232,4262.5500000000,4262.6400000000
1790259612634,4262.5700000000,4262.6600000000
1790259613036,4262.6200000000,4262.7100000000
1790259613640,4262.6700000000,4262.7600000000
1790259613841,4262.7300000000,4262.8200000000
1790259614243,4262.6300000000,4262.7200000000
1790259614647,4262.6400000000,4262.7300000000
1790259615050,4262.6600000000,4262.7500000000
1790259615453,4262.6300000000,4262.7200000000
1790259615855,4262.7000000000,4262.7900000000
1790259616258,4262.7800000000,4262.8700000000
1790259616660,4262.7400000000,4262.8300000000
1790259617063,4262.8300000000,4262.9200000000
1790259617868,4262.8100000000,4262.9000000000
1790259618270,4262.8300000000,4262.9200000000
1790259618673,4262.8600000000,4262.9500000000
1790259619077,4262.8800000000,4262.9700000000
1790259619479,4262.8500000000,4262.9400000000
1790259619882,4262.9100000000,4263.0000000000
1790259620284,4262.9500000000,4263.0400000000
1790259621089,4262.9300000000,4263.0200000000
1790259621491,4262.9500000000,4263.0400000000
1790259621894,4263.3000000000,4263.3900000000
1790259622297,4263.2900000000,4263.3800000000
1790259622700,4263.4000000000,4263.4900000000
1790259623102,4263.4200000000,4263.5100000000
1790259623505,4263.4500000000,4263.5400000000
1790259623908,4263.8600000000,4263.9500000000
1790259624310,4263.9500000000,4264.0400000000
1790259624712,4263.7700000000,4263.8600000000
1790259625115,4263.9000000000,4263.9900000000
1790259626324,4264.1900000000,4264.2800000000
1790259626727,4264.2100000000,4264.3000000000
1790259627129,4264.3500000000,4264.4400000000
1790259627532,4264.7900000000,4264.8800000000
1790259627935,4264.7800000000,4264.8700000000
1790259628742,4264.6900000000,4264.7800000000
1790259629144,4264.6300000000,4264.7200000000
1790259629547,4264.5400000000,4264.6300000000
1790259629949,4264.5100000000,4264.6000000000
1790259630352,4264.4200000000,4264.5100000000
1790259630754,4264.4500000000,4264.5400000000
1790259631157,4264.7100000000,4264.8000000000
1790259631559,4264.7700000000,4264.8600000000
1790259631964,4265.1100000000,4265.2000000000
1790259632366,4265.3500000000,4265.4400000000
1790259632769,4265.3000000000,4265.3900000000
1790259633574,4265.2700000000,4265.3600000000
1790259633976,4265.2500000000,4265.3400000000
1790259634379,4265.3200000000,4265.4100000000
1790259635185,4265.2700000000,4265.3600000000
1790259635588,4265.6600000000,4265.7500000000
1790259635991,4265.5800000000,4265.6700000000
1790259636393,4265.7900000000,4265.8800000000
1790259636796,4266.2000000000,4266.2900000000
1790259637199,4266.2400000000,4266.3300000000
1790259637602,4266.1500000000,4266.2400000000
1790259638407,4266.0700000000,4266.1600000000
1790259639212,4265.7600000000,4265.8500000000
1790259639614,4265.7500000000,4265.8400000000
1790259640017,4265.5600000000,4265.6500000000
1790259640419,4265.6100000000,4265.7000000000
1790259640822,4265.9600000000,4266.0500000000
1790259641225,4265.9700000000,4266.0600000000
1790259642031,4265.8400000000,4265.9300000000
1790259642433,4265.9200000000,4266.0100000000
1790259643239,4266.1000000000,4266.1900000000
1790259643641,4266.2500000000,4266.3400000000
1790259644044,4266.2300000000,4266.3200000000
1790259644447,4266.0800000000,4266.1700000000
1790259644849,4266.0300000000,4266.1200000000
1790259645654,4266.0200000000,4266.1100000000
1790259645956,4265.7300000000,4265.8200000000
1790259646358,4265.7800000000,4265.8700000000
1790259646761,4265.7600000000,4265.8500000000
1790259647567,4265.6900000000,4265.7800000000
1790259647970,4265.6600000000,4265.7500000000
1790259648473,4265.6500000000,4265.7400000000
1790259648775,4265.6300000000,4265.7200000000
1790259649178,4265.6700000000,4265.7600000000
1790259649580,4265.6900000000,4265.7800000000
1790259649983,4265.7800000000,4265.8700000000
1790259650787,4265.7700000000,4265.8600000000
1790259651190,4265.6800000000,4265.7700000000
1790259651693,4265.5700000000,4265.6600000000
1790259651995,4265.5900000000,4265.6800000000
1790259652401,4265.5100000000,4265.6000000000
1790259652803,4265.6000000000,4265.6900000000
1790259653206,4265.7600000000,4265.8500000000
1790259653608,4265.8000000000,4265.8900000000
1790259654010,4266.0600000000,4266.1500000000
1790259654413,4266.0900000000,4266.1800000000
1790259654814,4265.9900000000,4266.0800000000
1790259655217,4266.1000000000,4266.1900000000
1790259655620,4266.0000000000,4266.0900000000
1790259656022,4265.9600000000,4266.0500000000
1790259656525,4266.0900000000,4266.1800000000
1790259657732,4266.1200000000,4266.2100000000
1790259658538,4266.1500000000,4266.2400000000
1790259659342,4266.1400000000,4266.2300000000
1790259659744,4266.1200000000,4266.2100000000
1790259660147,4266.0800000000,4266.1700000000
1790259660549,4266.0300000000,4266.1200000000
1790259660952,4265.8000000000,4265.8900000000
1790259661354,4265.6800000000,4265.7600000000
1790259661757,4265.5500000000,4265.6300000000
1790259662159,4265.4900000000,4265.5800000000
1790259663769,4266.0700000000,4266.1600000000
1790259664171,4266.0300000000,4266.1200000000
1790259664573,4266.0000000000,4266.0900000000
1790259664977,4265.9200000000,4266.0100000000
1790259665380,4265.8400000000,4265.9300000000
1790259665782,4265.9300000000,4266.0200000000
1790259666185,4265.9500000000,4266.0400000000
1790259666588,4265.8800000000,4265.9700000000
1790259666990,4265.8600000000,4265.9500000000
1790259667393,4265.8700000000,4265.9600000000
1790259667795,4265.8400000000,4265.9300000000
1790259668198,4265.8100000000,4265.9000000000
1790259668601,4265.8000000000,4265.8900000000
1790259669003,4265.8100000000,4265.9000000000
1790259669406,4265.9300000000,4266.0200000000
1790259669808,4265.9500000000,4266.0400000000
1790259670211,4265.9700000000,4266.0600000000
1790259670613,4265.8600000000,4265.9500000000
1790259671418,4265.8200000000,4265.9100000000
1790259672223,4265.5900000000,4265.6800000000
1790259672626,4265.5100000000,4265.6000000000
1790259673028,4265.5000000000,4265.5900000000
1790259673431,4265.4800000000,4265.5700000000
1790259673833,4265.4100000000,4265.5000000000
1790259674236,4265.3500000000,4265.4400000000
1790259674638,4265.3700000000,4265.4600000000
1790259675846,4265.5300000000,4265.6200000000
1790259676349,4265.5600000000,4265.6500000000
1790259676752,4265.5800000000,4265.6700000000
1790259677154,4265.5900000000,4265.6800000000
1790259677557,4265.5900000000,4265.6700000000
1790259678764,4265.3300000000,4265.4100000000
1790259679167,4265.3200000000,4265.4000000000
1790259679569,4265.3000000000,4265.3800000000
1790259679971,4265.2800000000,4265.3600000000
1790259680374,4265.6500000000,4265.7300000000
1790259680776,4265.6700000000,4265.7500000000
1790259681179,4265.6800000000,4265.7700000000
1790259681581,4265.6000000000,4265.6900000000
1790259681983,4265.5600000000,4265.6500000000
1790259682386,4265.3800000000,4265.4700000000
1790259683193,4265.2800000000,4265.3700000000
1790259683595,4265.3100000000,4265.4000000000
1790259683997,4265.3600000000,4265.4500000000
1790259685205,4265.5300000000,4265.6100000000
1790259685608,4265.5800000000,4265.6600000000
1790259687622,4265.4800000000,4265.5600000000
1790259688025,4265.5400000000,4265.6200000000
1790259688427,4265.4800000000,4265.5600000000
1790259688830,4265.3100000000,4265.3900000000
1790259689233,4265.3900000000,4265.4700000000
1790259690038,4265.4600000000,4265.5400000000
1790259690843,4265.4500000000,4265.5300000000
1790259691246,4265.4600000000,4265.5400000000
1790259692454,4265.3700000000,4265.4500000000
1790259692856,4265.2200000000,4265.3000000000
1790259693259,4265.2500000000,4265.3300000000
1790259693662,4265.2900000000,4265.3700000000
1790259694466,4265.1400000000,4265.2200000000
1790259694868,4265.1300000000,4265.2100000000
1790259695271,4265.0900000000,4265.1700000000
1790259695673,4265.2100000000,4265.2900000000
1790259696075,4265.2200000000,4265.3000000000
1790259696478,4265.3900000000,4265.4700000000
1790259696881,4265.4100000000,4265.4900000000
1790259697283,4265.3800000000,4265.4600000000
1790259697685,4265.3400000000,4265.4200000000
1790259698088,4265.2700000000,4265.3500000000
1790259698491,4265.2500000000,4265.3300000000
1790259698892,4265.3000000000,4265.3800000000
1790259699295,4265.3500000000,4265.4300000000
1790259699698,4265.3400000000,4265.4200000000
1790259700100,4265.2700000000,4265.3500000000
1790259700503,4264.9500000000,4265.0300000000
1790259700906,4264.9300000000,4265.0100000000
1790259701308,4264.9400000000,4265.0200000000
1790259701711,4264.9500000000,4265.0300000000
1790259702113,4264.9600000000,4265.0400000000
1790259703722,4264.9700000000,4265.0500000000
1790259704125,4264.9400000000,4265.0200000000
1790259704528,4264.9300000000,4265.0100000000
1790259704931,4264.9400000000,4265.0200000000
1790259705334,4264.8700000000,4264.9500000000
1790259705736,4264.8200000000,4264.9000000000
1790259706945,4264.7800000000,4264.8600000000
1790259707347,4264.8000000000,4264.8800000000
1790259708555,4264.8400000000,4264.9200000000
1790259709360,4264.9000000000,4264.9700000000
1790259710165,4264.8700000000,4264.9400000000
1790259710567,4264.8400000000,4264.9100000000
1790259710970,4264.8300000000,4264.9000000000
1790259711372,4264.6800000000,4264.7500000000
1790259711774,4264.7000000000,4264.7700000000
1790259712177,4264.6700000000,4264.7400000000
1790259712580,4264.6400000000,4264.7100000000
1790259712983,4264.4800000000,4264.5500000000
1790259713385,4264.5100000000,4264.5800000000
1790259714191,4264.5300000000,4264.6000000000
1790259714594,4264.6500000000,4264.7200000000
1790259714996,4265.0600000000,4265.1300000000
1790259715399,4265.0800000000,4265.1500000000
1790259715801,4265.0700000000,4265.1400000000
1790259716204,4265.1500000000,4265.2200000000
1790259716606,4265.1800000000,4265.2500000000
1790259717411,4264.9500000000,4265.0200000000
1790259717813,4264.9700000000,4265.0400000000
1790259718619,4265.0500000000,4265.1200000000
1790259719020,4265.1700000000,4265.2400000000
1790259719423,4265.1500000000,4265.2200000000
1790259720228,4265.1500000000,4265.2200000000
1790259720631,4265.1800000000,4265.2500000000
1790259721033,4265.2200000000,4265.2900000000
1790259721838,4265.2700000000,4265.3400000000
1790259722643,4265.3700000000,4265.4400000000
1790259723045,4265.3900000000,4265.4600000000
1790259723850,4265.4000000000,4265.4700000000
1790259725862,4265.4300000000,4265.5000000000
1790259726264,4265.2800000000,4265.3500000000
1790259726667,4265.8400000000,4265.9100000000
1790259727069,4265.7700000000,4265.8400000000
1790259727472,4265.6000000000,4265.6700000000
1790259727874,4265.5700000000,4265.6400000000
1790259728277,4265.5100000000,4265.5800000000
1790259728679,4265.7900000000,4265.8600000000
1790259729083,4265.8600000000,4265.9300000000
1790259729486,4265.7500000000,4265.8200000000
1790259729888,4265.6700000000,4265.7400000000
1790259730291,4265.3900000000,4265.4600000000
1790259730695,4265.3800000000,4265.4500000000
1790259731098,4265.3700000000,4265.4400000000
1790259731501,4265.3600000000,4265.4300000000
1790259732306,4265.3400000000,4265.4100000000
1790259732709,4265.0100000000,4265.0800000000
1790259733514,4264.9600000000,4265.0300000000
1790259733917,4264.9700000000,4265.0400000000
1790259734319,4264.9400000000,4265.0100000000
1790259734721,4264.9500000000,4265.0200000000
1790259735124,4264.7900000000,4264.8600000000
1790259735527,4264.7800000000,4264.8500000000
1790259735929,4265.0100000000,4265.0800000000
1790259736332,4265.0700000000,4265.1400000000
1790259736734,4265.3100000000,4265.3800000000
1790259737137,4265.3200000000,4265.3900000000
1790259737540,4265.2900000000,4265.3600000000
1790259737943,4265.2600000000,4265.3300000000
1790259738346,4265.2800000000,4265.3500000000
1790259738849,4265.2900000000,4265.3600000000
1790259739151,4265.4300000000,4265.5000000000
1790259739554,4265.7100000000,4265.7800000000
1790259739957,4265.7200000000,4265.7900000000
1790259740360,4265.8000000000,4265.8700000000
1790259740762,4265.8100000000,4265.8800000000
1790259741165,4266.0600000000,4266.1300000000
1790259741568,4266.1300000000,4266.2000000000
1790259741970,4266.0900000000,4266.1600000000
1790259742373,4266.1200000000,4266.1900000000
1790259742776,4266.1900000000,4266.2600000000
1790259743178,4266.2400000000,4266.3100000000
1790259743580,4266.2500000000,4266.3200000000
1790259743983,4266.5800000000,4266.6500000000
1790259744386,4266.5300000000,4266.6100000000
1790259744789,4266.6600000000,4266.7400000000
1790259745191,4266.7100000000,4266.7800000000
1790259745593,4266.8400000000,4266.9100000000
1790259745996,4266.7500000000,4266.8200000000
1790259746399,4266.7900000000,4266.8600000000
1790259746802,4266.8600000000,4266.9300000000
1790259747608,4267.1700000000,4267.2400000000
1790259748514,4267.2000000000,4267.2700000000
1790259748916,4267.2400000000,4267.3100000000
1790259749218,4267.2900000000,4267.3600000000
1790259749721,4267.2700000000,4267.3400000000
1790259750124,4267.3000000000,4267.3700000000
1790259750527,4267.3400000000,4267.4100000000
1790259750929,4267.3700000000,4267.4400000000
1790259752138,4267.3800000000,4267.4500000000
1790259752943,4267.2400000000,4267.3100000000
1790259753346,4267.2700000000,4267.3400000000
1790259753749,4267.3900000000,4267.4600000000
1790259754150,4267.4200000000,4267.4900000000
1790259754554,4267.4300000000,4267.5000000000
1790259754956,4267.4100000000,4267.4800000000
1790259755762,4267.3900000000,4267.4600000000
1790259756567,4267.4100000000,4267.4800000000
1790259756969,4267.4200000000,4267.4900000000
1790259757774,4267.2500000000,4267.3200000000
1790259758177,4267.2600000000,4267.3300000000
1790259758580,4267.3900000000,4267.4600000000
1790259758982,4267.4400000000,4267.5100000000
1790259759385,4267.7200000000,4267.7900000000
1790259759788,4267.7300000000,4267.8000000000
1790259760191,4267.7200000000,4267.7900000000
1790259760593,4267.7600000000,4267.8300000000
1790259760995,4267.6200000000,4267.6900000000
1790259762203,4267.6300000000,4267.7000000000
1790259762605,4267.6500000000,4267.7200000000
1790259763008,4267.6300000000,4267.7000000000
1790259763410,4267.5400000000,4267.6100000000
1790259763812,4267.2600000000,4267.3300000000
1790259764215,4267.2500000000,4267.3200000000
1790259764617,4267.1800000000,4267.2500000000
1790259766228,4267.1100000000,4267.1800000000
1790259766630,4267.0800000000,4267.1500000000
1790259769046,4267.0300000000,4267.1000000000
1790259769448,4267.0000000000,4267.0700000000
1790259769851,4266.8400000000,4266.9100000000
1790259770254,4266.7900000000,4266.8600000000
1790259770657,4266.7800000000,4266.8500000000
1790259771060,4266.6800000000,4266.7500000000
1790259773077,4266.7000000000,4266.7700000000
1790259773881,4266.7200000000,4266.7900000000
1790259774285,4266.8000000000,4266.8700000000
1790259774687,4266.8100000000,4266.8800000000
1790259775492,4266.8200000000,4266.8900000000
1790259775895,4267.0200000000,4267.0900000000
1790259776298,4267.0500000000,4267.1200000000
1790259776700,4267.0700000000,4267.1400000000
1790259777103,4266.8800000000,4266.9500000000
1790259777505,4266.7700000000,4266.8400000000
1790259777907,4266.7400000000,4266.8100000000
1790259778310,4266.5700000000,4266.6400000000
1790259779115,4266.5600000000,4266.6300000000
1790259780323,4266.6500000000,4266.7200000000
1790259780725,4266.5700000000,4266.6400000000
1790259781128,4266.5400000000,4266.6100000000
1790259781530,4266.4900000000,4266.5600000000
1790259781933,4266.4500000000,4266.5200000000
1790259782738,4266.5800000000,4266.6500000000
1790259783141,4266.6600000000,4266.7300000000
1790259783543,4266.7100000000,4266.7800000000
1790259783948,4266.8200000000,4266.8900000000
1790259784350,4266.8500000000,4266.9200000000
1790259784752,4266.8700000000,4266.9400000000
1790259785155,4266.8500000000,4266.9200000000
1790259785558,4266.7700000000,4266.8400000000
1790259785960,4266.9200000000,4266.9900000000
1790259786362,4266.8500000000,4266.9200000000
1790259786765,4266.8400000000,4266.9100000000
1790259787167,4266.8500000000,4266.9200000000
1790259787570,4266.8200000000,4266.8900000000
1790259788375,4266.4700000000,4266.5400000000
1790259788778,4266.4600000000,4266.5300000000
1790259789181,4266.4200000000,4266.4900000000
1790259789585,4266.3800000000,4266.4500000000
1790259789988,4266.4000000000,4266.4700000000
1790259790391,4266.4100000000,4266.4800000000
1790259791197,4266.4400000000,4266.5100000000
1790259791600,4266.4600000000,4266.5300000000
1790259792002,4266.4400000000,4266.5100000000
1790259793210,4266.4000000000,4266.4700000000
1790259793613,4266.3100000000,4266.3800000000
1790259794016,4266.3200000000,4266.3900000000
1790259794418,4266.3100000000,4266.3800000000
1790259794820,4266.3300000000,4266.4000000000
1790259795626,4266.3500000000,4266.4200000000
1790259796834,4266.4100000000,4266.4800000000
1790259797237,4266.4300000000,4266.5000000000
1790259797639,4266.3800000000,4266.4500000000
1790259798041,4266.3200000000,4266.3900000000
1790259798846,4266.3100000000,4266.3800000000
1790259800055,4266.3300000000,4266.4000000000
1790259800458,4266.2900000000,4266.3600000000
1790259818545,4265.8900000000,4265.9600000000
1790259822900,4265.6600000000,4265.7300000000
1790259822901,4265.8200000000,4265.8900000000
1790259822956,4265.7800000000,4265.8500000000
1790259822971,4265.6700000000,4265.7400000000
1790259822984,4265.7900000000,4265.8600000000
1790259823013,4265.8300000000,4265.9000000000
1790259823013,4265.9200000000,4265.9900000000
1790259823021,4265.9400000000,4266.0100000000
1790259823050,4265.9200000000,4265.9900000000
1790259823178,4265.9400000000,4266.0100000000
1790259823179,4265.9700000000,4266.0400000000
1790259823215,4265.9300000000,4266.0000000000
1790259823224,4265.9100000000,4265.9800000000
1790259823237,4265.9000000000,4265.9700000000
1790259823237,4265.8800000000,4265.9500000000
1790259823238,4265.8700000000,4265.9400000000
1790259823239,4265.8900000000,4265.9600000000
1790259823249,4265.6600000000,4265.7300000000
1790259823263,4265.6400000000,4265.7100000000
1790259823272,4265.6700000000,4265.7400000000
1790259823272,4265.8700000000,4265.9400000000
1790259823273,4265.9200000000,4265.9900000000
1790259823492,4265.8000000000,4265.8700000000
1790259823494,4265.9500000000,4266.0200000000
1790259823495,4265.8900000000,4265.9600000000
1790259823877,4265.9000000000,4265.9700000000
1790259824276,4265.8900000000,4265.9600000000
1790259824678,4265.8800000000,4265.9500000000
1790259825081,4265.9300000000,4266.0000000000
1790259825484,4265.9600000000,4266.0300000000
1790259825888,4265.8100000000,4265.8800000000
1790259826291,4265.8000000000,4265.8700000000
1790259826694,4265.8600000000,4265.9300000000
1790259827097,4265.8700000000,4265.9400000000
1790259827499,4265.9300000000,4266.0000000000
1790259827903,4265.9600000000,4266.0300000000
1790259828304,4265.9500000000,4266.0200000000
1790259828707,4265.9300000000,4266.0000000000
1790259829110,4265.9400000000,4266.0100000000
1790259829512,4266.0800000000,4266.1500000000
1790259829914,4266.1100000000,4266.1800000000
1790259830317,4266.1200000000,4266.1900000000
1790259830719,4266.1100000000,4266.1800000000
1790259831122,4266.0000000000,4266.0700000000
1790259831525,4265.9500000000,4266.0200000000
1790259831927,4265.9200000000,4265.9900000000
1790259832330,4265.9600000000,4266.0300000000
1790259833942,4265.7300000000,4265.8000000000
1790259834345,4265.7100000000,4265.7800000000
1790259834748,4265.6200000000,4265.6900000000
1790259835150,4265.6400000000,4265.7100000000
1790259835553,4265.5400000000,4265.6100000000
1790259836359,4265.5000000000,4265.5700000000
1790259837164,4265.5100000000,4265.5800000000
1790259837568,4265.7600000000,4265.8300000000
1790259837971,4265.6500000000,4265.7200000000
1790259838778,4265.6600000000,4265.7300000000
1790259840389,4265.5600000000,4265.6300000000
1790259840791,4265.2600000000,4265.3300000000
1790259841194,4265.2900000000,4265.3600000000
1790259841596,4265.1600000000,4265.2300000000
1790259842401,4265.2000000000,4265.2700000000
1790259842805,4265.3600000000,4265.4300000000
1790259843258,4265.3700000000,4265.4400000000
1790259844870,4265.3600000000,4265.4300000000
1790259846078,4265.3700000000,4265.4400000000
1790259846381,4265.4000000000,4265.4700000000
1790259846786,4265.4400000000,4265.5100000000
1790259847593,4265.4600000000,4265.5300000000
1790259847997,4265.7000000000,4265.7700000000
1790259848400,4265.7200000000,4265.7900000000
1790259849208,4265.7000000000,4265.7700000000
1790259849611,4265.6000000000,4265.6700000000
1790259850823,4265.5500000000,4265.6200000000
1790259851228,4265.4700000000,4265.5400000000
1790259852033,4265.5000000000,4265.5700000000
1790259852435,4265.4700000000,4265.5400000000
1790259853343,4265.4500000000,4265.5200000000
1790259853744,4265.3300000000,4265.4000000000
1790259854047,4265.3900000000,4265.4600000000
1790259855256,4265.4200000000,4265.4900000000
1790259855660,4265.4000000000,4265.4700000000
1790259856063,4265.4600000000,4265.5300000000
1790259856465,4265.4700000000,4265.5400000000
1790259857270,4265.4300000000,4265.5000000000
1790259858578,4265.4100000000,4265.4800000000
1790259858981,4265.0600000000,4265.1300000000
1790259859383,4265.0700000000,4265.1400000000
1790259859786,4265.0800000000,4265.1500000000
1790259860188,4264.9700000000,4265.0400000000
1790259860591,4265.0100000000,4265.0800000000
1790259860993,4264.9600000000,4265.0300000000
1790259861396,4264.9200000000,4264.9900000000
1790259861798,4264.8900000000,4264.9600000000
1790259862200,4264.8500000000,4264.9200000000
1790259862603,4265.1500000000,4265.2200000000
1790259863006,4265.1700000000,4265.2400000000
1790259863409,4265.1800000000,4265.2500000000
1790259863812,4265.2400000000,4265.3100000000
1790259864214,4265.2100000000,4265.2800000000
1790259864617,4265.1900000000,4265.2600000000
1790259865422,4265.1600000000,4265.2300000000
1790259865825,4265.1400000000,4265.2100000000
1790259866630,4265.2100000000,4265.2800000000
1790259867838,4265.2500000000,4265.3200000000
1790259868643,4265.2400000000,4265.3100000000
1790259869046,4265.4100000000,4265.4800000000
1790259869448,4265.4600000000,4265.5300000000
1790259869850,4265.6900000000,4265.7600000000
1790259870253,4265.6600000000,4265.7300000000
1790259870657,4265.7100000000,4265.7800000000
1790259871059,4265.7500000000,4265.8200000000
1790259871462,4265.7700000000,4265.8400000000
1790259871864,4265.5300000000,4265.6000000000
1790259872267,4265.4500000000,4265.5200000000
1790259872669,4265.5300000000,4265.6000000000
1790259873072,4265.4500000000,4265.5200000000
1790259873474,4265.1900000000,4265.2600000000
1790259873877,4265.2300000000,4265.3000000000
1790259874683,4265.2500000000,4265.3200000000
1790259875087,4265.2800000000,4265.3500000000
1790259875489,4265.3300000000,4265.4000000000
1790259875891,4265.3100000000,4265.3800000000
1790259876696,4265.3400000000,4265.4100000000
1790259877099,4265.3300000000,4265.4000000000
1790259877501,4265.3700000000,4265.4400000000
1790259877904,4265.3300000000,4265.4000000000
1790259878306,4265.3200000000,4265.3900000000
1790259878708,4265.7800000000,4265.8500000000
1790259879111,4265.8000000000,4265.8700000000
1790259879514,4265.8100000000,4265.8800000000
1790259879916,4265.8200000000,4265.8900000000
1790259880720,4265.8400000000,4265.9100000000
1790259881123,4265.8600000000,4265.9300000000
1790259881526,4265.8200000000,4265.8900000000
1790259881928,4265.7900000000,4265.8600000000
1790259882735,4265.7400000000,4265.8100000000
1790259883138,4265.5500000000,4265.6200000000
1790259883540,4265.5600000000,4265.6300000000
1790259884345,4265.5300000000,4265.6000000000
1790259884747,4265.6000000000,4265.6700000000
1790259885150,4265.2500000000,4265.3200000000
1790259885552,4265.3800000000,4265.4500000000
1790259886359,4265.4000000000,4265.4700000000
1790259887165,4265.3100000000,4265.3800000000
1790259887567,4265.3000000000,4265.3700000000
1790259887969,4264.9400000000,4265.0100000000
1790259888372,4264.9000000000,4264.9700000000
1790259888774,4264.8800000000,4264.9500000000
1790259889177,4264.7600000000,4264.8300000000
1790259889580,4264.7500000000,4264.8200000000
1790259889984,4264.7000000000,4264.7700000000
1790259890789,4264.5800000000,4264.6500000000
1790259891192,4266.2400000000,4266.3100000000
1790259891594,4265.8600000000,4265.9300000000
1790259891997,4265.8300000000,4265.9000000000
1790259892399,4265.7900000000,4265.9000000000
1790259892802,4265.7600000000,4265.8700000000
1790259893204,4265.9600000000,4266.0700000000
1790259893607,4265.7000000000,4265.8100000000
1790259894012,4265.6400000000,4265.7500000000
1790259894414,4265.6100000000,4265.7200000000
1790259894817,4265.5500000000,4265.6600000000
1790259895219,4265.9500000000,4266.0600000000
1790259895622,4265.9900000000,4266.1000000000
1790259896024,4266.0100000000,4266.1200000000
1790259896427,4265.9300000000,4266.0400000000
1790259896829,4265.8700000000,4265.9800000000
1790259897634,4265.8600000000,4265.9700000000
1790259898439,4265.8100000000,4265.9200000000
1790259898842,4265.9500000000,4266.0600000000
1790259899245,4266.2000000000,4266.3100000000
1790259899647,4266.2400000000,4266.3500000000
1790259900049,4266.2300000000,4266.3400000000
1790259900452,4266.1700000000,4266.2800000000
1790259900854,4266.2300000000,4266.3400000000
1790259901257,4266.2100000000,4266.3200000000
1790259901659,4266.3100000000,4266.4200000000
1790259902062,4266.3200000000,4266.4300000000
1790259902465,4266.2500000000,4266.3600000000
1790259902867,4266.2200000000,4266.3300000000
1790259903270,4266.0100000000,4266.1200000000
1790259903672,4265.9300000000,4266.0400000000
1790259904075,4265.9200000000,4266.0300000000
1790259904880,4265.8000000000,4265.9100000000
1790259905283,4265.8100000000,4265.9200000000
1790259905685,4265.8400000000,4265.9500000000
1790259906089,4265.6200000000,4265.7300000000
1790259906492,4265.6100000000,4265.7200000000
1790259908103,4265.5700000000,4265.6800000000
1790259908506,4265.5600000000,4265.6700000000
1790259908908,4265.5300000000,4265.6400000000
1790259909311,4265.4300000000,4265.5400000000
1790259909714,4265.2700000000,4265.3800000000
1790259910117,4265.1800000000,4265.2800000000
1790259910922,4265.2600000000,4265.3600000000
1790259911324,4265.6800000000,4265.7800000000
1790259911727,4265.8000000000,4265.9000000000
1790259912130,4265.8600000000,4265.9700000000
1790259912532,4265.8300000000,4265.9400000000
1790259912937,4265.7300000000,4265.8400000000
1790259913339,4265.7100000000,4265.8200000000
1790259914145,4265.4000000000,4265.5100000000
1790259914547,4265.1800000000,4265.2900000000
1790259914949,4265.1700000000,4265.2800000000
1790259915352,4265.2900000000,4265.4000000000
1790259915754,4265.2800000000,4265.3900000000
1790259916559,4265.5000000000,4265.6100000000
1790259916961,4265.5100000000,4265.6200000000
1790259917364,4265.4100000000,4265.5200000000
1790259917766,4265.3200000000,4265.4300000000
1790259918169,4265.3000000000,4265.4100000000
1790259918571,4265.2000000000,4265.3100000000
1790259919779,4265.1900000000,4265.3000000000
1790259920584,4265.1800000000,4265.2900000000
1790259920986,4265.0600000000,4265.1700000000
1790259921389,4264.9500000000,4265.0600000000
1790259921793,4264.9400000000,4265.0500000000
1790259922196,4264.9100000000,4265.0200000000
1790259922598,4264.8700000000,4264.9800000000
1790259923000,4264.8900000000,4265.0000000000
1790259923403,4264.9100000000,4265.0200000000
1790259923805,4264.9700000000,4265.0800000000
1790259924208,4265.0000000000,4265.1100000000
1790259924611,4265.0100000000,4265.1200000000
1790259925416,4265.0100000000,4265.1100000000
1790259926221,4265.0300000000,4265.1300000000
1790259926624,4265.0200000000,4265.1200000000
1790259927429,4266.5200000000,4266.6200000000
1790259927832,4266.7500000000,4266.8500000000
1790259928234,4266.4800000000,4266.5800000000
1790259929039,4266.4500000000,4266.5500000000
1790259929442,4266.4300000000,4266.5700000000
1790259929844,4266.4200000000,4266.5600000000
1790259930247,4266.3700000000,4266.5100000000
1790259930649,4266.3300000000,4266.4700000000
1790259931052,4266.3000000000,4266.4400000000
1790259931455,4266.2100000000,4266.3500000000
1790259931857,4266.2400000000,4266.3800000000
1790259932260,4266.5000000000,4266.6400000000
1790259932663,4266.3200000000,4266.4600000000
1790259933468,4266.2100000000,4266.3500000000
1790259933869,4266.4100000000,4266.5500000000
1790259934272,4266.4200000000,4266.5600000000
1790259934675,4266.4400000000,4266.5800000000
1790259935178,4266.4500000000,4266.5900000000
1790259935581,4266.4100000000,4266.5500000000
1790259935883,4266.4400000000,4266.5800000000
1790259936286,4266.5100000000,4266.6400000000
1790259936688,4266.6500000000,4266.7800000000
1790259937594,4266.6700000000,4266.8000000000
1790259938399,4266.6600000000,4266.7900000000
1790259939607,4266.7000000000,4266.8300000000
1790259940009,4266.5400000000,4266.6700000000
1790259940412,4266.4200000000,4266.5500000000
1790259940814,4266.4000000000,4266.5300000000
1790259941217,4266.3900000000,4266.5200000000
1790259941619,4266.3400000000,4266.4700000000
1790259942022,4266.3500000000,4266.4800000000
1790259942424,4266.3400000000,4266.4700000000
1790259943229,4266.3500000000,4266.4800000000
1790259943632,4266.3600000000,4266.4900000000
1790259944436,4266.3800000000,4266.5100000000
1790259944839,4266.4000000000,4266.5300000000
1790259945241,4266.4200000000,4266.5500000000
1790259945644,4266.4600000000,4266.5900000000
1790259946046,4266.4700000000,4266.6000000000
1790259946449,4266.5100000000,4266.6400000000
1790259946851,4266.6400000000,4266.7700000000
1790259947254,4266.7000000000,4266.8300000000
1790259947656,4266.5900000000,4266.7200000000
1790259948461,4266.5700000000,4266.7000000000
1790259948864,4266.6200000000,4266.7500000000
1790259949266,4266.6400000000,4266.7700000000
1790259949668,4266.6700000000,4266.8000000000
1790259950071,4266.8100000000,4266.9400000000
1790259950474,4266.7900000000,4266.9200000000
1790259950876,4266.8800000000,4267.0100000000
1790259951279,4266.8900000000,4267.0100000000
1790259951682,4266.6600000000,4266.7800000000
1790259952084,4266.6400000000,4266.7600000000
1790259952487,4266.6000000000,4266.7200000000
1790259952889,4266.5900000000,4266.7100000000
1790259953292,4266.8000000000,4266.9200000000
1790259953694,4266.7800000000,4266.9000000000
1790259954097,4266.8300000000,4266.9500000000
1790259954502,4266.8100000000,4266.9300000000
1790259954905,4266.8000000000,4266.9200000000
1790259955307,4266.7700000000,4266.8900000000
1790259955710,4266.7500000000,4266.8700000000
1790259956112,4266.5300000000,4266.6500000000
1790259956515,4266.4900000000,4266.6100000000
1790259956917,4266.2000000000,4266.3200000000
1790259957320,4265.7900000000,4265.9100000000
1790259957723,4265.5600000000,4265.6800000000
1790259958126,4265.6900000000,4265.8200000000
1790259958529,4265.7000000000,4265.8300000000
1790259959333,4265.6500000000,4265.7800000000
1790259959737,4265.5400000000,4265.6700000000
1790259960138,4265.5800000000,4265.7100000000
1790259960541,4265.5500000000,4265.6800000000
1790259960943,4265.4200000000,4265.5500000000
1790259961345,4265.4500000000,4265.5700000000
1790259961748,4265.1600000000,4265.2800000000
1790259962150,4265.2600000000,4265.3800000000
1790259962553,4265.4000000000,4265.5200000000
1790259962956,4265.4900000000,4265.6100000000
1790259963761,4265.4700000000,4265.5900000000
1790259964164,4265.4400000000,4265.5600000000
1790259964568,4265.4600000000,4265.5800000000
1790259964970,4265.4700000000,4265.5900000000
1790259965373,4265.3500000000,4265.4700000000
1790259965776,4265.2200000000,4265.3400000000
1790259966179,4265.1900000000,4265.3100000000
1790259966581,4265.1800000000,4265.3000000000
1790259967386,4265.2100000000,4265.3300000000
1790259968191,4265.1900000000,4265.3100000000
1790259968594,4265.2600000000,4265.3800000000
1790259968997,4265.1300000000,4265.2500000000
1790259969400,4265.2100000000,4265.3300000000
1790259969802,4265.2000000000,4265.3200000000
1790259970204,4265.2600000000,4265.3800000000
1790259970607,4265.2800000000,4265.4000000000
1790259971009,4265.2400000000,4265.3600000000
1790259971412,4265.1100000000,4265.2300000000
1790259972216,4265.1000000000,4265.2200000000
1790259972619,4265.0700000000,4265.1900000000
1790259974229,4265.7500000000,4265.8600000000
1790259974631,4266.0100000000,4266.1200000000
1790259975033,4266.0300000000,4266.1400000000
1790259975436,4265.9500000000,4266.0800000000
1790259975840,4265.9400000000,4266.0700000000
1790259976645,4266.0200000000,4266.1500000000
1790259977450,4266.0100000000,4266.1400000000
1790259978256,4265.9800000000,4266.1100000000
1790259978659,4266.2700000000,4266.4000000000
1790259979062,4266.2400000000,4266.3700000000
1790259979464,4266.2500000000,4266.3800000000
1790259979866,4266.3600000000,4266.4900000000
1790259980671,4266.0900000000,4266.2200000000
1790259981074,4266.0700000000,4266.2000000000
1790259981879,4265.9900000000,4266.1200000000
1790259982282,4265.9700000000,4266.1000000000
1790259982684,4265.9600000000,4266.0900000000
1790259983489,4265.9700000000,4266.1000000000
1790259983892,4265.9900000000,4266.1200000000
1790259984294,4265.9800000000,4266.1100000000
1790259984697,4266.2200000000,4266.3500000000
1790259985099,4266.2700000000,4266.4000000000
1790259985502,4266.2600000000,4266.3900000000
1790259985905,4266.2800000000,4266.4100000000
1790259986308,4266.3400000000,4266.4700000000
1790259986711,4266.3800000000,4266.5100000000
1790259987113,4266.3500000000,4266.4800000000
1790259987516,4266.3800000000,4266.5100000000
1790259987918,4266.4300000000,4266.5600000000
1790259988321,4266.4500000000,4266.5800000000
1790259988724,4266.4600000000,4266.5900000000
1790259989126,4266.4700000000,4266.5900000000
1790259989529,4266.4500000000,4266.5700000000
1790259989931,4266.4600000000,4266.5800000000
1790259990334,4266.3800000000,4266.5000000000
1790259990736,4266.3500000000,4266.4700000000
1790259991541,4266.3200000000,4266.4400000000
1790259991943,4266.2100000000,4266.3300000000
1790259992346,4266.0900000000,4266.2100000000
1790259993151,4266.0200000000,4266.1400000000
1790259994359,4266.0400000000,4266.1600000000
1790259994761,4266.0600000000,4266.1800000000
1790259995566,4265.9200000000,4266.0400000000
1790259995968,4265.9400000000,4266.0600000000
1790259996371,4265.9300000000,4266.0500000000
1790259996773,4265.9200000000,4266.0400000000
1790259997175,4265.7400000000,4265.8600000000
1790259997578,4265.6600000000,4265.7800000000
1790259997981,4265.5100000000,4265.6300000000
1790259999189,4265.5300000000,4265.6500000000
1790260001200,4265.8600000000,4265.9800000000
1790260002005,4265.8900000000,4266.0100000000
1790260002811,4265.8800000000,4266.0000000000
1790260003213,4265.8900000000,4266.0100000000
1790260003616,4265.9400000000,4266.0600000000
1790260004019,4265.9500000000,4266.0700000000
1790260004422,4265.9500000000,4266.0600000000
1790260004825,4265.9800000000,4266.0900000000
1790260005228,4265.9000000000,4266.0100000000
1790260006435,4265.8700000000,4265.9800000000
1790260007644,4266.0300000000,4266.1400000000
1790260008047,4266.3400000000,4266.4500000000
1790260008449,4266.3800000000,4266.4900000000
1790260008852,4266.4000000000,4266.5100000000
1790260009255,4266.4100000000,4266.5200000000
1790260009657,4266.6400000000,4266.7500000000
1790260010060,4266.9500000000,4267.0600000000
1790260010563,4266.9600000000,4267.0700000000
1790260010865,4266.8900000000,4267.0000000000
1790260011269,4266.9300000000,4267.0500000000
1790260011771,4267.0500000000,4267.1700000000
1790260012174,4267.1600000000,4267.2700000000
1790260012476,4267.1500000000,4267.2600000000
1790260012879,4267.0300000000,4267.1400000000
1790260013383,4267.0100000000,4267.1200000000
1790260013683,4267.0400000000,4267.1500000000
1790260014187,4267.0300000000,4267.1400000000
1790260014493,4267.0600000000,4267.1700000000
1790260014895,4267.0900000000,4267.2000000000
1790260015298,4267.2100000000,4267.3200000000
1790260015700,4267.1400000000,4267.2500000000
1790260016103,4267.1000000000,4267.2100000000
1790260016506,4267.1500000000,4267.2600000000
1790260017009,4267.2300000000,4267.3400000000
1790260017411,4267.2400000000,4267.3500000000
1790260017816,4267.2600000000,4267.3700000000
1790260018218,4267.2700000000,4267.3800000000
1790260018922,4267.6800000000,4267.7900000000
1790260019325,4267.7200000000,4267.8300000000
1790260020130,4267.6500000000,4267.7600000000
1790260020935,4267.7700000000,4267.8800000000
1790260021337,4267.8700000000,4267.9800000000
1790260021740,4267.8800000000,4267.9900000000
1790260022143,4267.8100000000,4267.9200000000
1790260023351,4267.7800000000,4267.8900000000
1790260023753,4267.7100000000,4267.8200000000
1790260024156,4267.8000000000,4267.9100000000
1790260024659,4267.7200000000,4267.8300000000
1790260024961,4267.6600000000,4267.7700000000
1790260025464,4267.6200000000,4267.7300000000
1790260025867,4267.1300000000,4267.2400000000
1790260026269,4267.2300000000,4267.3400000000
1790260026672,4267.1700000000,4267.2800000000
1790260027074,4267.1300000000,4267.2400000000
1790260027477,4267.1200000000,4267.2300000000
1790260027879,4266.9000000000,4267.0100000000
1790260028281,4266.8900000000,4267.0000000000
1790260028684,4266.8800000000,4266.9900000000
1790260029489,4266.8900000000,4267.0000000000
1790260029891,4266.8500000000,4266.9600000000
1790260030293,4266.7600000000,4266.8700000000
1790260031098,4266.5200000000,4266.6300000000
1790260031501,4266.4200000000,4266.5300000000
1790260031903,4266.1600000000,4266.2700000000
1790260032305,4266.1500000000,4266.2600000000
1790260032707,4266.1100000000,4266.2200000000
1790260033110,4266.1000000000,4266.2100000000
1790260033915,4266.1400000000,4266.2500000000
1790260034720,4266.1000000000,4266.2100000000
1790260035122,4266.3400000000,4266.4500000000
1790260035525,4266.3500000000,4266.4600000000
1790260035929,4266.3600000000,4266.4700000000
1790260036332,4266.3200000000,4266.4300000000
1790260037539,4266.3000000000,4266.4100000000
1790260037941,4266.2800000000,4266.3900000000
1790260038344,4266.2700000000,4266.3700000000
1790260038746,4265.9800000000,4266.0800000000
1790260039149,4265.8400000000,4265.9400000000
1790260039551,4265.7400000000,4265.8400000000
1790260039954,4265.6600000000,4265.7600000000
1790260040356,4265.6300000000,4265.7400000000
1790260040758,4265.6200000000,4265.7300000000
1790260041161,4265.6000000000,4265.7100000000
1790260041563,4265.6200000000,4265.7300000000
1790260041966,4265.6300000000,4265.7400000000
1790260042368,4265.6300000000,4265.7300000000
1790260042770,4265.7500000000,4265.8500000000
1790260043174,4265.7000000000,4265.8000000000
1790260043576,4266.3900000000,4266.4900000000
1790260043979,4266.4400000000,4266.5400000000
1790260044380,4266.4300000000,4266.5400000000
1790260044782,4266.4700000000,4266.5800000000
1790260045185,4266.4600000000,4266.5700000000
1790260045588,4266.4400000000,4266.5500000000
1790260046393,4266.4300000000,4266.5400000000
1790260047197,4266.3500000000,4266.4600000000
1790260047600,4266.3700000000,4266.4800000000
1790260048002,4266.4100000000,4266.5200000000
1790260050418,4266.4800000000,4266.5800000000
1790260050819,4266.6400000000,4266.7400000000
1790260052027,4266.5600000000,4266.6600000000
1790260052429,4266.5400000000,4266.6400000000
1790260052831,4266.4300000000,4266.5300000000
1790260053235,4266.4100000000,4266.5100000000
1790260053637,4266.4200000000,4266.5200000000
1790260054039,4266.5700000000,4266.6700000000
1790260054442,4266.5500000000,4266.6500000000
1790260055649,4266.6500000000,4266.7500000000
1790260056051,4266.6600000000,4266.7600000000
1790260056454,4266.6500000000,4266.7500000000
1790260057258,4266.6400000000,4266.7400000000
1790260058062,4266.6500000000,4266.7500000000
1790260058465,4266.6800000000,4266.7800000000
1790260059270,4266.7600000000,4266.8500000000
1790260059672,4266.7800000000,4266.8700000000
1790260060075,4266.6700000000,4266.7600000000
1790260060477,4266.6600000000,4266.7500000000
1790260060880,4266.5500000000,4266.6400000000
1790260061282,4266.5400000000,4266.6300000000
1790260061685,4266.5700000000,4266.6600000000
1790260062088,4266.5800000000,4266.6700000000
1790260062490,4266.5700000000,4266.6600000000
1790260063294,4266.5800000000,4266.6700000000
1790260064099,4266.5500000000,4266.6400000000
1790260064502,4266.5000000000,4266.5900000000
1790260065307,4266.3100000000,4266.4000000000
1790260065710,4266.3900000000,4266.4800000000
1790260066213,4266.4000000000,4266.4900000000
1790260066615,4266.4300000000,4266.5200000000
1790260067017,4266.5000000000,4266.5900000000
1790260067420,4266.5100000000,4266.6000000000
1790260068226,4266.4600000000,4266.5400000000
1790260068527,4266.4500000000,4266.5300000000
1790260069356,4266.3900000000,4266.4700000000
1790260071067,4266.5700000000,4266.6500000000
1790260071369,4266.7800000000,4266.8600000000
1790260071872,4266.8100000000,4266.8900000000
1790260072275,4266.8200000000,4266.9000000000
1790260072677,4266.8300000000,4266.9100000000
1790260074189,4266.6600000000,4266.7400000000
1790260074594,4266.6300000000,4266.7100000000
1790260074997,4266.6200000000,4266.7000000000
1790260075399,4266.5800000000,4266.6600000000
1790260076205,4266.5400000000,4266.6200000000
1790260077010,4266.6500000000,4266.7300000000
1790260077412,4266.7600000000,4266.8400000000
1790260077815,4266.8000000000,4266.8800000000
1790260078620,4266.8800000000,4266.9600000000
1790260079022,4267.1700000000,4267.2500000000
1790260079425,4267.1900000000,4267.2700000000
1790260079828,4267.2200000000,4267.3000000000
1790260080230,4267.2800000000,4267.3600000000
1790260080633,4267.3000000000,4267.3800000000
1790260081035,4267.4600000000,4267.5400000000
1790260081438,4267.5000000000,4267.5800000000
1790260081842,4267.5200000000,4267.6000000000
1790260082245,4267.6100000000,4267.6900000000
1790260082647,4267.7200000000,4267.8000000000
1790260083150,4267.7300000000,4267.8100000000
1790260083552,4267.7700000000,4267.8500000000
1790260083956,4267.7800000000,4267.8600000000
1790260084761,4267.9000000000,4267.9800000000
1790260085567,4267.9200000000,4268.0000000000
1790260085969,4267.4200000000,4267.5000000000
1790260086371,4267.4200000000,4267.4900000000
1790260087177,4267.5400000000,4267.6200000000
1790260088385,4267.5600000000,4267.6400000000
1790260088787,4267.6000000000,4267.6800000000
1790260089593,4267.6100000000,4267.6900000000
1790260089995,4267.4900000000,4267.5700000000
1790260091203,4267.5200000000,4267.6000000000
1790260092009,4267.5000000000,4267.5800000000
1790260092411,4267.2700000000,4267.3400000000
1790260093216,4267.2600000000,4267.3400000000
1790260093620,4267.2900000000,4267.3700000000
1790260094023,4267.2500000000,4267.3300000000
1790260094426,4267.2800000000,4267.3500000000
1790260094828,4267.3200000000,4267.3900000000
1790260095231,4267.3400000000,4267.4100000000
1790260095633,4267.4700000000,4267.5400000000
1790260096035,4267.5700000000,4267.6400000000
1790260096439,4267.4800000000,4267.5500000000
1790260096842,4267.4500000000,4267.5200000000
1790260097245,4267.4800000000,4267.5500000000
1790260098452,4267.5000000000,4267.5700000000
1790260099257,4267.6000000000,4267.6700000000
1790260099661,4267.6300000000,4267.7000000000
1790260100465,4267.6900000000,4267.7600000000
1790260101273,4267.7500000000,4267.8200000000
1790260101675,4267.5600000000,4267.6300000000
1790260102078,4267.5400000000,4267.6100000000
1790260102480,4267.5300000000,4267.6000000000
1790260102883,4267.5200000000,4267.5900000000
1790260103285,4267.5100000000,4267.5800000000
1790260103688,4267.4800000000,4267.5500000000
1790260104494,4267.4300000000,4267.5000000000
1790260104896,4267.3900000000,4267.4600000000
1790260105701,4267.3700000000,4267.4400000000
1790260106103,4267.2400000000,4267.3100000000
1790260106506,4267.1800000000,4267.2500000000
1790260107713,4267.1900000000,4267.2600000000
1790260108116,4267.2300000000,4267.3000000000
1790260108519,4267.2400000000,4267.3100000000
1790260108921,4267.1900000000,4267.2600000000
1790260109324,4267.1200000000,4267.1900000000
1790260110129,4267.1400000000,4267.2100000000
1790260110532,4266.9400000000,4267.0100000000
1790260110934,4266.7800000000,4266.8500000000
1790260111337,4266.7900000000,4266.8600000000
1790260111739,4266.8200000000,4266.8900000000
1790260112141,4266.7600000000,4266.8300000000
1790260112544,4266.7000000000,4266.7700000000
1790260112947,4266.6400000000,4266.7100000000
1790260113349,4266.6300000000,4266.7000000000
1790260114156,4266.6000000000,4266.6700000000
1790260114558,4266.5500000000,4266.6200000000
1790260114961,4266.5100000000,4266.5800000000
1790260115364,4266.3100000000,4266.3800000000
1790260115765,4266.3600000000,4266.4300000000
1790260116974,4266.6800000000,4266.7500000000
1790260117376,4266.4200000000,4266.4900000000
1790260117779,4266.3800000000,4266.4500000000
1790260118181,4266.2700000000,4266.3400000000
1790260118584,4265.7600000000,4265.8300000000
1790260118986,4265.8600000000,4265.9300000000
1790260119389,4265.8300000000,4265.9100000000
1790260119792,4265.7800000000,4265.8600000000
1790260120195,4265.7500000000,4265.8300000000
1790260120597,4265.5500000000,4265.6300000000
1790260120999,4265.5400000000,4265.6200000000
1790260122610,4265.4100000000,4265.4900000000
1790260123012,4265.3900000000,4265.4700000000
1790260123415,4265.4400000000,4265.5100000000
1790260123818,4265.4600000000,4265.5300000000
1790260124221,4265.3800000000,4265.4500000000
1790260125026,4265.4500000000,4265.5200000000
1790260125831,4265.4800000000,4265.5500000000
1790260126637,4265.3600000000,4265.4300000000
1790260127039,4265.3400000000,4265.4100000000
1790260127442,4265.4200000000,4265.4900000000
1790260127846,4265.4000000000,4265.4700000000
1790260128249,4265.4900000000,4265.5600000000
1790260128652,4265.5200000000,4265.5900000000
1790260129457,4265.5400000000,4265.6100000000
1790260130263,4265.5100000000,4265.5800000000
1790260130665,4265.5500000000,4265.6200000000
1790260131068,4265.5800000000,4265.6500000000
1790260131470,4265.4100000000,4265.4800000000
1790260131873,4265.3800000000,4265.4500000000
1790260132679,4265.4200000000,4265.4900000000
1790260133082,4265.4000000000,4265.4700000000
1790260133886,4265.4400000000,4265.5100000000
1790260134694,4265.5500000000,4265.6200000000
1790260135499,4265.5600000000,4265.6300000000
1790260136305,4265.5300000000,4265.6000000000
1790260136707,4265.5500000000,4265.6200000000
1790260137110,4265.4200000000,4265.4900000000
1790260137513,4265.3700000000,4265.4400000000
1790260138720,4265.3400000000,4265.4100000000
1790260139525,4265.3500000000,4265.4200000000
1790260139928,4265.4400000000,4265.5100000000
1790260140331,4265.5500000000,4265.6200000000
1790260140734,4265.5800000000,4265.6500000000
1790260141137,4265.5900000000,4265.6600000000
1790260141539,4265.5800000000,4265.6500000000
1790260142345,4265.6100000000,4265.6800000000
1790260142747,4265.7600000000,4265.8300000000
1790260143150,4265.7800000000,4265.8500000000
1790260143956,4265.8200000000,4265.8900000000
1790260144359,4265.8500000000,4265.9200000000
1790260144760,4265.8600000000,4265.9300000000
1790260145163,4265.7600000000,4265.8300000000
1790260145566,4265.7500000000,4265.8200000000
1790260145968,4265.6700000000,4265.7400000000
1790260146773,4265.5300000000,4265.6000000000
1790260147176,4265.4600000000,4265.5300000000
1790260147984,4265.4100000000,4265.4800000000
1790260148387,4265.4700000000,4265.5400000000
1790260148789,4265.5400000000,4265.6100000000
1790260149192,4265.5700000000,4265.6400000000
1790260150801,4265.6000000000,4265.6700000000
1790260151204,4265.4900000000,4265.5600000000
1790260152109,4265.3900000000,4265.4600000000
1790260153317,4265.3800000000,4265.4500000000
1790260153720,4265.3100000000,4265.3800000000
1790260154123,4265.3300000000,4265.4000000000
1790260154425,4265.1500000000,4265.2200000000
1790260154827,4265.1300000000,4265.2000000000
1790260155229,4265.2300000000,4265.3000000000
1790260156035,4265.1400000000,4265.2100000000
1790260156437,4265.0900000000,4265.1600000000
1790260156940,4264.9400000000,4265.0100000000
1790260157343,4264.8300000000,4264.9000000000
1790260157745,4264.7900000000,4264.8600000000
1790260158148,4264.7400000000,4264.8100000000
1790260158953,4264.7600000000,4264.8300000000
1790260159355,4264.6100000000,4264.6800000000
1790260159757,4264.6400000000,4264.7100000000
1790260160160,4264.6500000000,4264.7200000000
1790260160563,4264.6900000000,4264.7600000000
1790260160966,4264.7200000000,4264.7900000000
1790260161367,4264.7300000000,4264.8000000000
1790260161769,4264.6800000000,4264.7500000000
1790260162172,4264.5400000000,4264.6100000000
1790260162575,4264.5500000000,4264.6200000000
1790260162977,4264.7200000000,4264.7900000000
1790260163379,4264.7700000000,4264.8400000000
1790260164184,4264.8700000000,4264.9400000000
1790260164586,4264.8500000000,4264.9200000000
1790260164988,4264.7700000000,4264.8400000000
1790260165793,4264.6000000000,4264.6700000000
1790260166196,4264.6200000000,4264.6900000000
1790260166598,4264.6600000000,4264.7300000000
1790260167001,4264.6900000000,4264.7600000000
1790260167806,4264.6700000000,4264.7400000000
1790260168208,4264.6800000000,4264.7500000000
1790260168610,4265.2900000000,4265.3600000000
1790260169013,4265.2600000000,4265.3300000000
1790260169415,4265.1900000000,4265.2600000000
1790260170221,4265.1600000000,4265.2300000000
1790260170623,4265.1700000000,4265.2400000000
1790260171026,4265.1500000000,4265.2200000000
1790260171428,4265.1400000000,4265.2100000000
1790260171831,4265.0500000000,4265.1200000000
1790260172233,4265.0600000000,4265.1300000000
1790260172637,4265.0400000000,4265.1100000000
1790260173039,4264.9800000000,4265.0500000000
1790260173441,4265.0200000000,4265.0900000000
1790260174649,4265.0100000000,4265.0800000000
1790260175454,4265.0300000000,4265.1000000000
1790260175857,4265.0400000000,4265.1100000000
1790260176662,4265.0300000000,4265.1000000000
1790260177065,4264.9900000000,4265.0600000000
1790260177870,4265.0200000000,4265.0900000000
1790260178273,4265.0100000000,4265.0800000000
1790260178675,4265.0200000000,4265.0900000000
1790260179480,4265.0000000000,4265.0700000000
1790260179882,4264.8000000000,4264.8700000000
1790260180284,4264.6500000000,4264.7200000000
1790260180687,4264.6600000000,4264.7300000000
1790260181090,4264.6500000000,4264.7200000000
1790260181492,4264.6900000000,4264.7600000000
1790260182297,4264.7000000000,4264.7700000000
1790260183100,4264.6800000000,4264.7500000000
1790260183503,4264.6900000000,4264.7600000000
1790260183907,4264.6700000000,4264.7400000000
1790260185115,4264.6800000000,4264.7500000000
1790260185518,4264.6700000000,4264.7400000000
1790260185920,4264.6800000000,4264.7500000000
1790260186323,4264.6700000000,4264.7400000000
1790260187128,4264.6600000000,4264.7300000000
1790260188336,4264.6700000000,4264.7400000000
1790260188739,4264.6100000000,4264.6800000000
1790260189142,4264.4900000000,4264.5600000000
1790260189544,4264.4700000000,4264.5400000000
1790260189947,4264.3300000000,4264.4000000000
1790260190350,4264.0900000000,4264.1600000000
1790260190754,4264.0800000000,4264.1500000000
1790260191157,4264.0700000000,4264.1400000000
1790260191560,4264.0100000000,4264.0800000000
1790260191962,4264.0200000000,4264.0900000000
1790260192365,4264.0100000000,4264.0800000000
1790260192767,4264.0200000000,4264.0900000000
1790260193169,4264.1400000000,4264.2100000000
1790260193572,4264.1700000000,4264.2400000000
1790260195286,4264.1600000000,4264.2300000000
1790260195688,4264.2100000000,4264.2800000000
1790260196090,4264.1100000000,4264.1800000000
1790260196493,4264.0700000000,4264.1400000000
1790260197702,4264.0500000000,4264.1200000000
1790260198104,4263.9700000000,4264.0400000000
1790260198909,4263.8900000000,4263.9600000000
1790260199312,4263.8400000000,4263.9100000000
1790260199714,4263.8100000000,4263.8800000000
1790260200117,4263.8200000000,4263.8900000000
1790260200520,4263.6200000000,4263.6900000000
1790260200922,4263.7400000000,4263.8100000000
1790260201325,4263.6800000000,4263.7500000000
1790260201729,4263.7300000000,4263.8000000000
1790260202131,4263.8300000000,4263.9000000000
1790260202937,4264.2300000000,4264.3000000000
1790260203339,4264.4600000000,4264.5300000000
1790260203742,4264.7500000000,4264.8200000000
1790260204144,4264.7300000000,4264.8000000000
1790260204547,4264.6900000000,4264.7600000000
1790260204949,4264.6400000000,4264.7100000000
1790260205351,4264.6500000000,4264.7200000000
1790260205753,4264.6600000000,4264.7300000000
1790260206962,4264.8200000000,4264.8900000000
1790260207364,4264.8100000000,4264.8800000000
1790260207766,4264.8000000000,4264.8700000000
1790260208168,4264.7400000000,4264.8100000000
1790260208571,4264.7200000000,4264.7900000000
1790260208974,4264.6200000000,4264.6900000000
1790260209376,4264.6300000000,4264.7000000000
1790260209778,4264.5400000000,4264.6100000000
1790260210181,4264.4500000000,4264.5200000000
1790260210584,4264.4300000000,4264.5000000000
1790260211388,4264.4400000000,4264.5100000000
1790260212193,4264.2100000000,4264.2800000000
1790260212596,4264.1200000000,4264.1900000000
1790260212998,4264.1000000000,4264.1700000000
1790260213401,4264.0900000000,4264.1600000000
1790260213803,4264.0400000000,4264.1100000000
1790260214206,4263.9500000000,4264.0200000000
1790260214608,4263.9700000000,4264.0400000000
1790260215010,4263.9800000000,4264.0500000000
1790260215413,4263.9200000000,4263.9900000000
1790260216218,4263.9500000000,4264.0200000000
1790260217022,4264.1500000000,4264.2200000000
1790260217425,4264.1700000000,4264.2400000000
1790260217828,4264.1500000000,4264.2200000000
1790260218230,4264.1200000000,4264.1900000000
1790260218633,4264.0800000000,4264.1500000000
1790260219036,4263.9200000000,4263.9900000000
1790260219438,4263.9100000000,4263.9800000000
1790260219840,4263.8900000000,4263.9600000000
1790260220243,4263.8700000000,4263.9400000000
1790260221452,4263.8900000000,4263.9600000000
1790260221854,4263.8700000000,4263.9400000000
1790260222257,4263.9100000000,4263.9800000000
1790260223062,4264.1800000000,4264.2500000000
1790260223464,4264.1200000000,4264.1900000000
1790260224270,4264.2400000000,4264.3100000000
1790260224673,4264.2500000000,4264.3200000000
1790260225075,4264.4800000000,4264.5500000000
1790260225478,4264.6500000000,4264.7200000000
1790260225880,4264.6400000000,4264.7100000000
1790260226284,4264.6600000000,4264.7300000000
1790260226686,4264.6500000000,4264.7200000000
1790260227088,4264.6900000000,4264.7600000000
1790260227490,4264.7700000000,4264.8400000000
1790260227893,4264.9000000000,4264.9700000000
1790260228296,4265.0200000000,4265.0900000000
1790260228698,4265.3600000000,4265.4300000000
1790260229101,4265.6800000000,4265.7500000000
1790260229505,4265.7300000000,4265.8200000000
1790260229908,4265.7200000000,4265.8100000000
1790260230311,4265.6100000000,4265.7000000000
1790260230713,4265.6300000000,4265.7200000000
1790260231115,4265.6500000000,4265.7400000000
1790260231518,4265.6700000000,4265.7600000000
1790260231923,4265.7800000000,4265.8700000000
1790260232326,4265.8500000000,4265.9400000000
1790260232727,4265.8100000000,4265.9000000000
1790260233532,4265.8200000000,4265.9100000000
1790260233935,4265.8400000000,4265.9300000000
1790260234739,4265.9900000000,4266.0800000000
1790260235142,4265.8400000000,4265.9200000000
1790260235545,4265.8700000000,4265.9500000000
1790260235947,4265.9300000000,4266.0100000000
1790260236350,4265.9400000000,4266.0200000000
1790260236753,4265.9600000000,4266.0400000000
1790260237155,4265.9300000000,4266.0100000000
1790260237558,4265.9000000000,4265.9800000000
1790260237960,4265.8600000000,4265.9400000000
1790260238363,4265.8900000000,4265.9700000000
1790260238765,4265.9200000000,4266.0000000000
1790260239570,4265.9800000000,4266.0600000000
1790260239973,4265.8900000000,4265.9700000000
1790260240375,4265.8800000000,4265.9600000000
1790260240779,4265.5700000000,4265.6500000000
1790260241181,4265.5300000000,4265.6100000000
1790260241584,4265.7700000000,4265.8500000000
1790260241986,4265.6900000000,4265.7700000000
1790260242389,4265.6700000000,4265.7500000000
1790260242791,4265.6600000000,4265.7400000000
1790260243194,4265.4900000000,4265.5700000000
1790260243596,4265.4800000000,4265.5600000000
1790260243999,4265.4600000000,4265.5400000000
1790260244804,4265.4500000000,4265.5300000000
1790260245207,4265.2300000000,4265.3100000000
1790260245609,4265.1700000000,4265.2500000000
1790260246012,4264.9800000000,4265.0600000000
1790260246414,4264.9400000000,4265.0300000000
1790260246817,4264.8600000000,4264.9500000000
1790260247219,4264.8400000000,4264.9300000000
1790260247622,4264.8100000000,4264.9000000000
1790260248427,4264.8100000000,4264.8900000000
1790260248830,4264.9100000000,4264.9900000000
1790260249232,4265.0400000000,4265.1200000000
1790260250038,4265.1200000000,4265.2000000000
1790260250541,4265.1100000000,4265.1900000000
1790260250944,4265.3500000000,4265.4300000000
1790260251346,4265.3600000000,4265.4400000000
1790260251749,4265.1200000000,4265.2000000000
1790260252151,4265.0700000000,4265.1500000000
1790260252453,4265.0500000000,4265.1400000000
1790260253661,4265.1200000000,4265.2100000000
1790260254164,4265.1500000000,4265.2400000000
1790260254466,4265.1400000000,4265.2200000000
1790260254868,4265.1600000000,4265.2400000000
1790260255273,4265.0100000000,4265.0900000000
1790260255675,4264.9100000000,4264.9900000000
1790260256078,4264.8900000000,4264.9800000000
1790260256481,4264.8500000000,4264.9400000000
1790260257385,4264.8600000000,4264.9400000000
1790260258190,4264.9300000000,4265.0100000000
1790260258995,4265.0500000000,4265.1300000000
1790260259397,4265.1200000000,4265.2000000000
1790260259800,4265.1400000000,4265.2200000000
1790260260202,4265.1600000000,4265.2400000000
1790260260605,4265.1400000000,4265.2200000000
1790260261008,4264.9700000000,4265.0500000000
1790260261410,4264.9900000000,4265.0700000000
1790260261812,4264.9600000000,4265.0400000000
1790260262215,4264.9700000000,4265.0500000000
1790260262617,4265.1100000000,4265.1900000000
1790260263019,4265.1700000000,4265.2500000000
1790260263824,4265.1100000000,4265.1900000000
1790260264226,4265.1300000000,4265.2100000000
1790260264629,4265.2300000000,4265.3100000000
1790260265031,4265.2600000000,4265.3400000000
1790260265434,4265.2800000000,4265.3500000000
1790260265836,4265.3400000000,4265.4100000000
1790260266238,4265.4500000000,4265.5200000000
1790260266641,4265.4700000000,4265.5400000000
1790260267044,4265.4600000000,4265.5300000000
1790260267446,4265.4900000000,4265.5600000000
1790260267849,4265.1100000000,4265.1800000000
1790260268251,4264.9900000000,4265.0700000000
1790260269056,4264.9700000000,4265.0500000000
1790260269459,4264.9600000000,4265.0400000000
1790260269862,4264.9800000000,4265.0600000000
1790260270266,4265.3800000000,4265.4500000000
1790260270667,4265.3000000000,4265.3700000000
1790260271070,4265.2700000000,4265.3400000000
1790260271472,4265.3000000000,4265.3800000000
1790260271876,4265.4100000000,4265.4900000000
1790260272279,4265.4300000000,4265.5100000000
1790260272681,4265.4400000000,4265.5200000000
1790260273084,4265.3900000000,4265.4700000000
1790260273486,4265.4200000000,4265.4900000000
1790260273888,4265.4600000000,4265.5300000000
1790260275096,4265.4700000000,4265.5400000000
1790260275499,4265.4800000000,4265.5500000000
1790260275901,4265.7700000000,4265.8400000000
1790260276304,4265.6800000000,4265.7600000000
1790260276707,4265.6900000000,4265.7700000000
1790260277109,4265.8900000000,4265.9600000000
1790260277512,4265.9100000000,4265.9800000000
1790260277915,4265.8700000000,4265.9400000000
1790260278721,4265.7600000000,4265.8300000000
1790260279123,4265.7200000000,4265.7900000000
1790260279527,4265.9400000000,4266.0100000000
1790260279928,4265.9300000000,4266.0000000000
1790260280332,4265.9500000000,4266.0200000000
1790260280733,4265.9700000000,4266.0400000000
1790260281538,4265.9800000000,4266.0500000000
1790260282343,4265.9600000000,4266.0300000000
1790260283248,4266.0100000000,4266.0800000000
1790260283550,4265.9800000000,4266.0500000000
1790260283953,4265.9700000000,4266.0400000000
1790260285261,4265.9600000000,4266.0300000000
1790260285564,4265.9700000000,4266.0400000000
1790260286066,4265.9600000000,4266.0300000000
1790260286870,4265.9400000000,4266.0100000000
1790260287675,4265.9500000000,4266.0200000000
1790260288882,4265.8900000000,4265.9600000000
1790260289285,4265.8500000000,4265.9200000000
1790260290492,4265.2100000000,4265.2800000000
1790260290894,4265.0200000000,4265.0900000000
1790260291297,4264.9400000000,4265.0300000000
1790260291699,4265.1100000000,4265.2000000000
1790260292102,4265.1000000000,4265.1900000000
1790260292907,4265.1500000000,4265.2400000000
1790260293310,4265.1700000000,4265.2600000000
1790260293712,4265.2100000000,4265.3000000000
1790260294115,4265.3400000000,4265.4300000000
1790260294518,4265.4400000000,4265.5300000000
1790260294920,4265.3900000000,4265.4800000000
1790260295323,4265.3800000000,4265.4700000000
1790260296128,4265.2600000000,4265.3500000000
1790260296530,4265.2200000000,4265.3100000000
1790260296935,4265.2500000000,4265.3400000000
1790260297337,4265.3800000000,4265.4600000000
1790260297740,4265.4000000000,4265.4800000000
1790260298143,4265.4400000000,4265.5200000000
1790260299350,4265.4600000000,4265.5400000000
1790260300962,4265.7400000000,4265.8200000000
1790260301365,4265.7200000000,4265.8000000000
1790260301767,4265.6900000000,4265.7700000000
1790260302170,4265.5500000000,4265.6300000000
1790260302573,4265.4700000000,4265.5500000000
1790260302975,4265.4900000000,4265.5700000000
1790260304183,4265.3500000000,4265.4300000000
1790260304585,4265.3200000000,4265.4000000000
1790260304988,4265.2400000000,4265.3200000000
1790260305390,4265.2600000000,4265.3400000000
1790260305792,4265.2200000000,4265.3000000000
1790260306195,4265.1700000000,4265.2500000000
1790260306598,4265.1900000000,4265.2700000000
1790260307000,4265.1800000000,4265.2600000000
1790260307805,4265.3700000000,4265.4500000000
1790260308208,4265.4100000000,4265.4900000000
1790260308610,4265.5700000000,4265.6500000000
1790260309013,4265.3500000000,4265.4300000000
1790260309415,4265.3400000000,4265.4200000000
1790260310222,4265.3400000000,4265.4100000000
1790260310625,4265.2300000000,4265.3000000000
1790260311027,4264.7700000000,4264.8400000000
1790260311430,4264.7800000000,4264.8700000000
1790260311833,4264.7100000000,4264.8000000000
1790260312235,4264.6400000000,4264.7300000000
1790260312639,4264.5300000000,4264.6200000000
1790260313042,4264.5500000000,4264.6400000000
1790260313846,4264.5300000000,4264.6200000000
1790260314249,4264.5400000000,4264.6300000000
1790260314652,4264.3900000000,4264.4800000000
1790260315460,4264.4000000000,4264.4900000000
1790260316265,4264.3500000000,4264.4300000000
1790260317472,4263.9600000000,4264.0400000000
1790260317875,4263.9500000000,4264.0300000000
1790260318277,4263.9600000000,4264.0500000000
1790260318679,4263.9400000000,4264.0300000000
1790260319081,4263.9200000000,4264.0100000000
1790260319484,4263.8600000000,4263.9400000000
1790260319887,4263.8500000000,4263.9300000000
1790260320290,4263.8200000000,4263.9000000000
1790260320692,4263.5900000000,4263.6700000000
1790260321095,4263.5500000000,4263.6300000000
1790260321497,4263.5000000000,4263.5800000000
1790260321901,4263.5100000000,4263.5900000000
1790260322304,4263.6000000000,4263.6800000000
1790260322706,4263.9800000000,4264.0600000000
1790260323109,4263.9300000000,4264.0100000000
1790260323511,4263.9400000000,4264.0300000000
1790260323914,4263.6900000000,4263.7800000000
1790260324316,4263.7000000000,4263.7900000000
1790260324719,4263.7100000000,4263.8000000000
1790260325122,4263.6700000000,4263.7600000000
1790260325927,4263.7300000000,4263.8200000000
1790260326732,4263.9500000000,4264.0400000000
1790260327135,4263.8400000000,4263.9300000000
1790260327537,4263.8300000000,4263.9200000000
1790260328343,4263.8000000000,4263.8900000000
1790260329147,4263.7900000000,4263.8700000000
1790260329550,4263.8500000000,4263.9300000000
1790260329952,4263.9400000000,4264.0200000000
1790260330355,4263.8400000000,4263.9200000000
1790260330759,4263.7900000000,4263.8700000000
1790260331161,4263.7700000000,4263.8500000000
1790260331966,4263.7800000000,4263.8600000000
1790260332369,4263.8400000000,4263.9200000000
1790260332771,4263.8600000000,4263.9400000000
1790260333174,4263.7100000000,4263.7900000000
1790260333577,4263.6200000000,4263.7000000000
1790260333980,4263.5900000000,4263.6700000000
1790260334383,4263.5300000000,4263.6100000000
1790260335590,4263.5400000000,4263.6200000000
1790260336395,4263.5500000000,4263.6300000000
1790260336799,4263.5400000000,4263.6200000000
1790260337202,4263.5600000000,4263.6300000000
1790260337604,4263.4700000000,4263.5400000000
1790260338409,4263.4600000000,4263.5300000000
1790260338811,4263.4400000000,4263.5100000000
1790260339616,4263.4200000000,4263.4900000000
1790260340019,4263.1100000000,4263.1800000000
1790260340423,4263.1800000000,4263.2600000000
1790260341227,4263.0600000000,4263.1400000000
1790260342033,4263.0700000000,4263.1500000000
1790260342435,4263.0700000000,4263.1400000000
1790260342837,4263.1200000000,4263.1900000000
1790260343642,4263.3800000000,4263.4500000000
1790260344044,4263.5000000000,4263.5700000000
1790260344548,4263.5200000000,4263.6000000000
1790260344951,4263.4700000000,4263.5500000000
1790260345354,4263.4200000000,4263.5000000000
1790260346562,4263.3900000000,4263.4700000000
1790260346964,4263.3100000000,4263.3900000000
1790260347367,4263.2600000000,4263.3400000000
1790260347769,4263.0800000000,4263.1600000000
1790260348574,4263.1000000000,4263.1800000000
1790260348976,4263.0600000000,4263.1400000000
1790260349379,4262.9800000000,4263.0600000000
1790260349783,4263.0000000000,4263.0800000000
1790260350185,4263.0100000000,4263.0800000000
1790260351394,4263.0300000000,4263.1000000000
1790260351796,4262.9900000000,4263.0600000000
1790260352199,4262.9100000000,4262.9800000000
1790260352601,4262.9300000000,4263.0000000000
1790260353004,4262.9400000000,4263.0100000000
1790260353406,4263.0000000000,4263.0700000000
1790260353809,4262.8000000000,4262.8700000000
1790260354212,4262.7800000000,4262.8500000000
1790260354614,4262.8900000000,4262.9600000000
1790260355017,4262.8600000000,4262.9300000000
1790260355419,4262.7700000000,4262.8400000000
1790260355822,4262.7300000000,4262.8000000000
1790260356627,4262.7200000000,4262.7900000000
1790260357432,4262.7000000000,4262.7700000000
1790260358640,4262.7200000000,4262.7900000000
1790260360250,4262.5900000000,4262.6600000000
1790260361055,4262.5700000000,4262.6400000000
1790260361860,4262.4900000000,4262.5600000000
1790260362665,4262.6000000000,4262.6700000000
1790260363068,4262.7000000000,4262.7700000000
1790260363873,4262.7100000000,4262.7800000000
1790260365082,4262.7000000000,4262.7700000000
1790260365886,4262.6200000000,4262.6900000000
1790260366289,4262.6700000000,4262.7400000000
1790260366691,4262.5200000000,4262.5900000000
1790260367496,4262.9200000000,4262.9900000000
1790260368300,4262.9100000000,4262.9800000000
1790260368703,4262.7200000000,4262.7900000000
1790260369105,4262.7100000000,4262.7800000000
1790260369912,4262.7000000000,4262.7700000000
1790260371119,4262.6900000000,4262.7600000000
1790260371522,4262.6300000000,4262.7000000000
1790260371925,4262.5800000000,4262.6500000000
1790260372327,4262.6000000000,4262.6700000000
1790260373133,4262.5400000000,4262.6100000000
1790260373535,4262.4500000000,4262.5200000000
1790260375147,4262.5000000000,4262.5700000000
1790260375550,4262.5400000000,4262.6100000000
1790260375954,4262.4800000000,4262.5500000000
1790260376356,4262.4600000000,4262.5300000000
1790260376759,4262.4800000000,4262.5500000000
1790260377161,4262.5400000000,4262.6100000000
1790260377564,4262.5500000000,4262.6200000000
1790260377966,4262.4800000000,4262.5500000000
1790260378369,4262.4900000000,4262.5600000000
1790260378772,4262.4700000000,4262.5400000000
1790260379174,4262.4400000000,4262.5100000000
1790260379577,4262.4300000000,4262.5000000000
1790260379979,4262.3600000000,4262.4300000000
1790260380382,4262.3900000000,4262.4600000000
1790260380784,4262.4100000000,4262.4800000000
1790260381187,4262.4300000000,4262.5000000000
1790260381589,4262.4500000000,4262.5200000000
1790260381992,4262.4600000000,4262.5300000000
1790260383199,4262.6800000000,4262.7500000000
1790260383602,4262.7100000000,4262.7800000000
1790260384004,4262.6600000000,4262.7300000000
1790260384407,4262.6500000000,4262.7200000000
1790260385211,4262.3900000000,4262.4600000000
1790260385614,4262.3600000000,4262.4300000000
1790260386017,4262.3700000000,4262.4400000000
1790260386419,4262.6300000000,4262.7000000000
1790260386821,4262.6400000000,4262.7100000000
1790260387224,4262.8300000000,4262.9000000000
1790260387626,4262.8500000000,4262.9200000000
1790260388431,4262.9700000000,4263.0400000000
1790260388833,4262.9900000000,4263.0600000000
1790260389638,4263.0100000000,4263.0800000000
1790260390443,4263.0000000000,4263.0700000000
1790260391249,4262.9700000000,4263.0400000000
1790260391651,4262.8100000000,4262.8800000000
1790260392456,4262.7200000000,4262.7900000000
1790260392859,4262.7500000000,4262.8200000000
1790260393262,4262.8300000000,4262.9000000000
1790260393664,4262.8500000000,4262.9200000000
1790260394067,4262.8600000000,4262.9300000000
1790260394873,4262.8400000000,4262.9100000000
1790260395275,4262.8900000000,4262.9600000000
1790260395678,4262.9000000000,4262.9700000000
1790260396484,4262.9300000000,4263.0000000000
1790260396885,4262.9200000000,4262.9900000000
1790260397287,4262.9100000000,4262.9800000000
1790260397690,4263.1100000000,4263.1800000000
1790260398093,4262.8600000000,4262.9300000000
1790260398898,4262.8700000000,4262.9400000000
1790260399301,4262.7100000000,4262.7800000000
1790260399704,4262.7200000000,4262.7900000000
1790260400106,4262.6500000000,4262.7200000000
1790260400509,4262.6700000000,4262.7400000000
1790260400910,4262.6800000000,4262.7500000000
1790260401313,4262.6900000000,4262.7600000000
1790260402119,4262.6300000000,4262.7000000000
1790260402521,4262.6000000000,4262.6700000000
1790260402924,4262.5700000000,4262.6400000000
1790260405440,4262.5300000000,4262.6000000000
1790260405843,4262.4100000000,4262.4800000000
1790260406245,4262.3800000000,4262.4500000000
1790260407050,4262.2900000000,4262.3600000000
1790260408159,4262.3000000000,4262.3700000000
1790260409065,4262.3700000000,4262.4400000000
1790260409468,4262.3800000000,4262.4500000000
1790260410273,4262.4600000000,4262.5300000000
1790260410675,4262.6100000000,4262.6800000000
1790260411077,4262.5100000000,4262.5800000000
1790260411480,4262.5300000000,4262.6000000000
1790260411882,4262.6500000000,4262.7200000000
1790260412285,4262.6400000000,4262.7100000000
1790260412688,4262.5200000000,4262.5900000000
1790260413091,4262.4400000000,4262.5100000000
1790260413493,4262.3500000000,4262.4200000000
1790260413797,4262.3300000000,4262.4000000000
1790260414200,4262.3600000000,4262.4300000000
1790260414702,4262.3400000000,4262.4100000000
1790260415005,4262.3300000000,4262.4000000000
1790260415909,4262.3200000000,4262.3900000000
1790260416312,4262.3100000000,4262.3800000000
1790260417520,4262.3000000000,4262.3700000000
1790260418325,4262.3800000000,4262.4500000000
1790260419533,4262.3700000000,4262.4400000000
1790260419936,4262.3800000000,4262.4500000000
1790260421546,4262.3700000000,4262.4400000000
1790260421949,4262.2700000000,4262.3400000000
1790260423156,4262.2600000000,4262.3300000000
1790260425573,4262.2700000000,4262.3400000000
1790260427183,4261.9500000000,4262.0200000000
1790260427586,4261.9200000000,4261.9900000000
1790260427988,4261.9100000000,4261.9800000000
1790260428391,4262.0100000000,4262.0800000000
1790260428793,4262.0000000000,4262.0700000000
1790260429598,4261.9900000000,4262.0600000000
1790260430404,4261.9300000000,4262.0000000000
1790260430806,4261.9500000000,4262.0200000000
1790260431209,4261.9700000000,4262.0400000000
1790260431611,4262.1200000000,4262.1900000000
1790260432014,4262.1100000000,4262.1800000000
1790260432417,4262.1600000000,4262.2300000000
1790260432819,4262.1300000000,4262.2000000000
1790260433624,4262.1000000000,4262.1700000000
1790260435640,4262.2100000000,4262.2800000000
1790260436042,4262.2400000000,4262.3100000000
1790260436445,4262.2000000000,4262.2700000000
1790260437250,4262.1900000000,4262.2600000000
1790260438860,4262.3500000000,4262.4200000000
1790260439263,4262.4600000000,4262.5300000000
1790260439665,4262.4200000000,4262.4900000000
1790260440472,4262.4900000000,4262.5600000000
1790260440873,4262.7300000000,4262.8000000000
1790260441276,4262.7900000000,4262.8600000000
1790260441680,4262.8800000000,4262.9500000000
1790260442084,4263.1100000000,4263.1800000000
1790260442487,4263.1400000000,4263.2100000000
1790260442891,4263.1600000000,4263.2300000000
1790260443294,4263.2200000000,4263.2900000000
1790260443697,4263.2600000000,4263.3300000000
1790260444101,4263.2800000000,4263.3500000000
1790260444504,4263.1500000000,4263.2200000000
1790260445309,4263.1800000000,4263.2500000000
1790260445711,4263.1500000000,4263.2200000000
1790260446113,4263.1600000000,4263.2300000000
1790260446918,4263.1200000000,4263.1900000000
1790260447723,4263.1000000000,4263.1700000000
1790260448126,4263.0300000000,4263.1000000000
1790260448528,4262.9900000000,4263.0600000000
1790260448931,4263.0200000000,4263.0900000000
1790260449334,4263.0500000000,4263.1200000000
1790260450139,4263.1000000000,4263.1700000000
1790260450944,4263.1300000000,4263.2000000000
1790260452152,4262.8800000000,4262.9500000000
1790260452554,4262.8900000000,4262.9600000000
1790260453359,4262.9100000000,4262.9800000000
1790260454566,4262.8400000000,4262.9100000000
1790260454969,4262.9100000000,4262.9800000000
1790260455372,4262.9200000000,4262.9900000000
1790260455774,4262.9700000000,4263.0400000000
1790260456177,4262.8300000000,4262.9000000000
1790260456579,4262.7600000000,4262.8300000000
1790260457787,4262.8500000000,4262.9200000000
1790260458190,4262.8400000000,4262.9100000000
1790260458998,4262.8500000000,4262.9200000000
1790260459399,4262.8700000000,4262.9400000000
1790260460608,4262.9200000000,4262.9900000000
1790260461010,4262.7600000000,4262.8300000000
1790260461815,4262.6600000000,4262.7300000000
1790260462620,4262.6300000000,4262.7000000000
1790260463022,4262.6800000000,4262.7500000000
1790260463425,4262.7000000000,4262.7700000000
1790260463829,4262.7100000000,4262.7800000000
1790260464231,4262.7300000000,4262.8000000000
1790260464634,4262.5300000000,4262.6000000000
1790260465037,4262.5700000000,4262.6400000000
1790260465439,4262.5900000000,4262.6600000000
1790260465842,4262.5600000000,4262.6300000000
1790260466244,4262.6000000000,4262.6700000000
1790260466648,4262.7400000000,4262.8100000000
1790260467051,4262.8900000000,4262.9600000000
1790260467454,4262.8400000000,4262.9100000000
1790260468259,4262.8500000000,4262.9200000000
1790260469064,4262.8400000000,4262.9100000000
1790260469869,4262.8300000000,4262.9000000000
1790260470272,4262.6700000000,4262.7400000000
1790260470674,4262.6500000000,4262.7200000000
1790260471076,4262.5600000000,4262.6300000000
1790260471479,4262.4500000000,4262.5200000000
1790260471882,4262.3100000000,4262.3800000000
1790260472687,4262.2900000000,4262.3600000000
1790260473089,4262.3700000000,4262.4400000000
1790260473492,4262.3900000000,4262.4600000000
1790260473894,4262.3600000000,4262.4300000000
1790260474297,4262.3800000000,4262.4500000000
1790260474700,4262.2300000000,4262.3000000000
1790260475102,4262.1800000000,4262.2500000000
1790260475505,4262.1200000000,4262.1900000000
1790260476311,4262.0900000000,4262.1600000000
1790260476713,4262.0700000000,4262.1400000000
1790260477518,4262.0900000000,4262.1600000000
1790260477920,4262.0800000000,4262.1500000000
1790260478323,4261.9600000000,4262.0300000000
1790260479127,4261.9700000000,4262.0400000000
1790260479530,4261.9600000000,4262.0300000000
1790260479933,4261.8900000000,4261.9600000000
1790260480335,4261.8600000000,4261.9300000000
1790260480738,4261.7500000000,4261.8200000000
1790260481140,4261.7200000000,4261.7900000000
1790260481543,4261.8100000000,4261.8800000000
1790260481946,4261.8200000000,4261.8900000000
1790260482852,4261.8000000000,4261.8700000000
1790260483153,4261.8100000000,4261.8800000000
1790260483556,4261.8000000000,4261.8700000000
1790260483959,4261.8100000000,4261.8800000000
1790260484764,4261.7000000000,4261.7700000000
1790260485267,4261.5700000000,4261.6400000000
1790260485669,4261.5000000000,4261.5700000000
1790260486072,4261.5200000000,4261.5900000000
1790260486877,4261.5300000000,4261.6000000000
1790260487280,4261.5200000000,4261.5900000000
1790260487682,4261.5300000000,4261.6000000000
1790260488085,4261.5500000000,4261.6200000000
1790260488487,4261.5900000000,4261.6600000000
1790260488890,4261.6200000000,4261.6900000000
1790260489292,4261.6900000000,4261.7600000000
1790260489694,4261.7000000000,4261.7700000000
1790260491305,4261.5700000000,4261.6400000000
1790260491708,4261.6600000000,4261.7300000000
1790260493317,4261.6900000000,4261.7600000000
1790260493720,4261.6100000000,4261.6800000000
1790260494122,4261.6300000000,4261.7000000000
1790260494525,4261.6400000000,4261.7100000000
1790260495330,4261.6800000000,4261.7500000000
1790260495735,4261.7200000000,4261.7900000000
1790260496137,4261.7300000000,4261.8000000000
1790260496540,4261.7500000000,4261.8200000000
1790260497747,4261.4900000000,4261.5600000000
1790260498553,4261.5000000000,4261.5700000000
1790260498955,4261.4800000000,4261.5500000000
1790260499358,4261.4700000000,4261.5400000000
1790260500162,4261.4500000000,4261.5200000000
1790260500566,4261.4000000000,4261.4700000000
1790260501370,4261.3700000000,4261.4400000000
1790260501772,4261.2400000000,4261.3100000000
1790260502175,4261.2600000000,4261.3300000000
1790260502578,4261.2500000000,4261.3200000000
1790260503785,4261.4400000000,4261.5100000000
1790260504187,4261.4500000000,4261.5200000000
1790260504589,4261.4800000000,4261.5500000000
1790260504992,4261.3600000000,4261.4300000000
1790260505395,4261.3500000000,4261.4200000000
1790260505797,4261.3400000000,4261.4100000000
1790260506200,4261.1700000000,4261.2400000000
1790260506602,4261.2500000000,4261.3200000000
1790260507005,4261.3200000000,4261.3900000000
1790260507408,4261.3400000000,4261.4100000000
1790260507810,4261.0500000000,4261.1200000000
1790260508215,4261.0800000000,4261.1500000000
1790260508617,4261.0900000000,4261.1600000000
1790260509423,4261.1200000000,4261.1900000000
1790260509825,4261.2400000000,4261.3100000000
1790260510228,4261.2000000000,4261.2700000000
1790260510630,4261.2500000000,4261.3200000000
1790260511032,4261.3800000000,4261.4500000000
1790260511435,4261.3900000000,4261.4600000000
1790260511837,4261.2700000000,4261.3400000000
1790260512643,4261.3500000000,4261.4200000000
1790260513850,4261.3800000000,4261.4500000000
1790260514253,4261.3600000000,4261.4300000000
1790260515863,4261.3700000000,4261.4400000000
1790260516266,4261.3600000000,4261.4300000000
1790260516668,4261.2500000000,4261.3200000000
1790260517071,4261.2400000000,4261.3100000000
1790260517876,4261.2300000000,4261.3000000000
1790260518279,4261.1200000000,4261.1900000000
1790260518681,4261.1300000000,4261.2000000000
1790260519084,4261.1100000000,4261.1800000000
1790260519486,4261.0300000000,4261.1000000000
1790260520291,4261.0200000000,4261.0900000000
1790260520694,4261.0300000000,4261.1000000000
1790260521097,4260.8800000000,4260.9500000000
1790260521499,4260.8300000000,4260.9000000000
1790260522706,4260.8200000000,4260.8900000000
1790260523109,4260.8100000000,4260.8800000000
1790260523511,4260.8200000000,4260.8900000000
1790260524721,4260.8500000000,4260.9200000000
1790260525124,4260.8400000000,4260.9100000000
1790260525526,4260.8500000000,4260.9200000000
1790260525931,4260.8700000000,4260.9400000000
1790260526333,4260.8600000000,4260.9300000000
1790260526735,4260.7700000000,4260.8400000000
1790260527541,4260.4000000000,4260.4700000000
1790260527944,4260.4200000000,4260.4900000000
1790260528346,4260.3900000000,4260.4600000000
1790260528748,4260.3700000000,4260.4400000000
1790260531969,4260.6500000000,4260.7200000000
1790260532372,4260.6700000000,4260.7400000000
1790260532777,4260.5800000000,4260.6500000000
1790260533582,4260.5500000000,4260.6200000000
1790260533986,4260.6000000000,4260.6700000000
1790260534389,4260.7000000000,4260.7700000000
1790260534791,4260.7100000000,4260.7800000000
1790260535597,4260.7500000000,4260.8200000000
1790260535999,4260.8700000000,4260.9400000000
1790260536402,4260.8000000000,4260.8700000000
1790260536804,4260.7700000000,4260.8400000000
1790260537207,4260.7600000000,4260.8300000000
1790260537610,4260.9200000000,4260.9900000000
1790260538012,4260.9300000000,4261.0000000000
1790260538817,4261.0300000000,4261.1000000000
1790260539220,4261.1300000000,4261.2000000000
1790260539622,4261.1600000000,4261.2300000000
1790260539924,4261.1200000000,4261.1900000000
1790260540428,4261.2100000000,4261.2800000000
1790260540830,4261.2700000000,4261.3400000000
1790260541635,4261.2500000000,4261.3200000000
1790260542440,4260.8400000000,4260.9100000000
1790260542843,4260.8300000000,4260.9000000000
1790260543145,4260.8400000000,4260.9100000000
1790260543949,4260.8500000000,4260.9200000000
1790260544757,4260.8400000000,4260.9100000000
1790260545964,4261.0800000000,4261.1500000000
1790260546367,4260.9900000000,4261.0600000000
1790260546769,4260.9700000000,4261.0400000000
1790260547172,4260.9800000000,4261.0500000000
1790260547575,4260.8900000000,4260.9600000000
1790260547977,4261.0100000000,4261.0800000000
1790260548380,4261.0700000000,4261.1400000000
1790260548782,4261.0500000000,4261.1200000000
1790260549588,4261.3200000000,4261.3900000000
1790260550091,4261.3800000000,4261.4500000000
1790260550494,4261.4700000000,4261.5400000000
1790260550896,4261.5300000000,4261.6000000000
1790260551299,4261.5600000000,4261.6300000000
1790260551702,4261.5000000000,4261.5700000000
1790260552105,4261.4700000000,4261.5400000000
1790260552507,4261.4900000000,4261.5600000000
1790260552910,4261.5000000000,4261.5700000000
1790260553313,4261.5500000000,4261.6200000000
1790260553717,4261.5400000000,4261.6100000000
1790260554119,4261.5200000000,4261.5900000000
1790260554522,4261.5100000000,4261.5800000000
1790260554924,4261.3200000000,4261.3900000000
1790260555326,4261.4800000000,4261.5500000000
1790260556536,4261.3900000000,4261.4600000000
1790260556939,4261.3000000000,4261.3700000000
1790260557341,4261.2900000000,4261.3600000000
1790260558148,4261.3000000000,4261.3700000000
1790260558550,4261.2900000000,4261.3600000000
1790260558953,4261.3000000000,4261.3700000000
1790260559758,4261.3100000000,4261.3800000000
1790260560161,4261.3100000000,4261.3800000000
1790260560563,4261.5100000000,4261.5800000000
1790260560966,4261.8900000000,4261.9600000000
1790260562174,4262.0100000000,4262.0800000000
1790260562577,4262.1000000000,4262.1700000000
1790260562979,4262.2000000000,4262.2700000000
1790260563383,4262.3300000000,4262.4000000000
1790260563787,4262.4200000000,4262.4900000000
1790260564189,4262.3900000000,4262.4600000000
1790260564591,4262.4400000000,4262.5100000000
1790260564995,4262.4000000000,4262.4700000000
1790260565396,4262.3900000000,4262.4600000000
1790260566202,4262.2200000000,4262.2900000000
1790260566605,4262.1800000000,4262.2500000000
1790260567007,4262.0800000000,4262.1500000000
1790260567410,4262.0700000000,4262.1400000000
1790260568215,4262.0500000000,4262.1200000000
1790260568618,4262.0700000000,4262.1400000000
1790260569021,4262.0800000000,4262.1500000000
1790260569424,4262.1100000000,4262.1800000000
1790260569826,4262.1400000000,4262.2100000000
1790260570229,4262.1100000000,4262.1800000000
1790260570632,4262.1200000000,4262.1900000000
1790260571437,4262.0500000000,4262.1200000000
1790260571840,4261.8700000000,4261.9400000000
1790260572242,4261.8100000000,4261.8800000000
1790260572644,4261.8400000000,4261.9100000000
1790260573047,4261.9900000000,4262.0600000000
1790260573449,4262.0700000000,4262.1400000000
1790260574255,4262.0100000000,4262.0800000000
1790260574657,4262.0400000000,4262.1100000000
1790260575060,4262.0600000000,4262.1300000000
1790260575865,4262.0500000000,4262.1200000000
1790260576268,4261.9900000000,4262.0600000000
1790260576670,4261.9700000000,4262.0400000000
1790260577073,4261.8600000000,4261.9300000000
1790260577476,4261.8400000000,4261.9100000000
1790260577879,4261.8100000000,4261.8800000000
1790260579086,4261.8200000000,4261.8900000000
1790260579489,4261.8600000000,4261.9300000000
1790260579891,4261.8500000000,4261.9200000000
1790260580294,4261.8300000000,4261.9000000000
1790260584723,4261.7400000000,4261.8100000000
1790260585528,4261.7300000000,4261.8000000000
1790260585930,4261.7400000000,4261.8100000000
1790260586333,4261.5700000000,4261.6400000000
1790260586735,4261.5500000000,4261.6200000000
1790260587138,4261.5600000000,4261.6300000000
1790260587541,4261.5900000000,4261.6600000000
1790260587943,4261.7100000000,4261.7800000000
1790260588345,4261.7300000000,4261.8000000000
1790260588747,4261.6900000000,4261.7600000000
1790260589150,4261.6500000000,4261.7200000000
1790260589955,4261.7400000000,4261.8100000000
1790260590357,4261.7500000000,4261.8200000000
1790260590860,4261.7700000000,4261.8400000000
1790260591665,4261.7600000000,4261.8300000000
1790260591967,4261.7100000000,4261.7800000000
1790260592371,4261.6100000000,4261.6800000000
1790260592873,4261.7500000000,4261.8200000000
1790260593577,4261.7800000000,4261.8500000000
1790260593979,4261.8800000000,4261.9500000000
1790260594382,4261.8400000000,4261.9100000000
1790260594886,4261.9400000000,4262.0100000000
1790260595188,4261.9000000000,4261.9700000000
1790260596094,4261.8500000000,4261.9200000000
1790260596496,4261.8600000000,4261.9300000000
1790260597302,4261.8200000000,4261.8900000000
1790260597705,4261.8800000000,4261.9500000000
1790260598107,4261.8700000000,4261.9400000000
1790260598510,4261.8600000000,4261.9300000000
1790260598911,4261.8800000000,4261.9500000000
1790260599314,4261.9100000000,4261.9800000000
1790260599716,4261.9400000000,4262.0100000000
1790260600118,4261.9500000000,4262.0200000000
1790260600923,4261.9000000000,4261.9700000000
1790260601326,4261.8900000000,4261.9600000000
1790260601728,4261.9000000000,4261.9700000000
1790260602130,4261.9100000000,4261.9800000000
1790260602533,4261.8700000000,4261.9400000000
1790260602935,4261.8100000000,4261.8800000000
1790260603338,4261.7700000000,4261.8400000000
1790260603741,4261.7600000000,4261.8300000000
1790260604948,4261.7500000000,4261.8200000000
1790260605752,4261.9600000000,4262.0300000000
1790260606155,4261.9800000000,4262.0500000000
1790260606960,4261.9600000000,4262.0300000000
1790260607764,4262.0900000000,4262.1600000000
1790260608167,4262.1600000000,4262.2300000000
1790260608570,4262.1800000000,4262.2500000000
1790260608972,4262.1900000000,4262.2600000000
1790260609374,4262.2000000000,4262.2700000000
1790260610179,4262.1600000000,4262.2300000000
1790260610582,4261.8700000000,4261.9400000000
1790260611788,4262.0200000000,4262.0900000000
1790260612191,4262.0700000000,4262.1400000000
1790260612593,4262.1200000000,4262.1900000000
1790260613398,4262.1100000000,4262.1800000000
1790260614605,4262.1400000000,4262.2100000000
1790260615410,4262.1100000000,4262.1800000000
1790260615814,4262.0600000000,4262.1300000000
1790260616217,4262.1000000000,4262.1700000000
1790260616619,4262.1100000000,4262.1800000000
1790260617021,4262.2700000000,4262.3400000000
1790260617424,4262.2800000000,4262.3500000000
1790260617827,4262.3100000000,4262.3800000000
1790260618229,4262.2100000000,4262.2800000000
1790260618632,4262.2300000000,4262.3000000000
1790260619437,4262.2400000000,4262.3100000000
1790260620242,4262.2000000000,4262.2700000000
1790260620645,4262.0500000000,4262.1200000000
1790260621047,4262.0300000000,4262.1000000000
1790260621450,4262.1300000000,4262.2000000000
1790260621854,4262.1700000000,4262.2400000000
1790260622257,4262.1200000000,4262.1900000000
1790260622659,4262.1100000000,4262.1800000000
1790260623464,4262.1300000000,4262.2000000000
1790260623867,4262.1600000000,4262.2300000000
1790260624672,4262.1700000000,4262.2400000000
1790260625075,4262.2000000000,4262.2700000000
1790260625880,4262.1300000000,4262.2000000000
1790260626283,4262.0600000000,4262.1300000000
1790260626685,4262.0700000000,4262.1400000000
1790260627088,4262.0600000000,4262.1300000000
1790260627490,4261.9900000000,4262.0600000000
1790260628296,4262.0300000000,4262.1000000000
1790260629100,4262.0700000000,4262.1400000000
1790260629503,4262.0800000000,4262.1500000000
1790260630308,4262.0900000000,4262.1600000000
1790260631113,4262.1300000000,4262.2000000000
1790260631516,4262.0100000000,4262.0800000000
1790260631920,4261.9800000000,4262.0500000000
1790260632725,4261.8900000000,4261.9600000000
1790260633531,4261.7600000000,4261.8300000000
1790260633933,4261.7400000000,4261.8100000000
1790260634335,4261.7300000000,4261.8000000000
1790260634737,4261.7700000000,4261.8400000000
1790260635140,4261.7800000000,4261.8500000000
1790260635543,4261.7700000000,4261.8400000000
1790260635945,4261.7800000000,4261.8500000000
1790260636348,4261.7700000000,4261.8400000000
1790260636750,4261.7500000000,4261.8200000000
1790260637556,4261.6100000000,4261.6800000000
1790260637958,4261.5900000000,4261.6600000000
1790260638361,4261.6400000000,4261.7100000000
1790260639166,4261.6600000000,4261.7300000000
1790260639971,4261.6800000000,4261.7500000000
1790260640776,4262.0100000000,4262.0800000000
1790260641178,4262.0200000000,4262.0900000000
1790260641581,4262.0400000000,4262.1100000000
1790260642788,4261.9000000000,4261.9700000000
1790260643191,4261.8200000000,4261.8900000000
1790260643593,4261.8400000000,4261.9100000000
1790260643996,4261.8600000000,4261.9300000000
1790260644398,4261.8800000000,4261.9500000000
1790260645204,4261.8900000000,4261.9600000000
1790260645607,4261.9500000000,4262.0200000000
1790260646412,4261.6700000000,4261.7400000000
1790260646814,4261.6400000000,4261.7100000000
1790260647217,4261.6800000000,4261.7500000000
1790260647619,4261.7600000000,4261.8300000000
1790260648022,4261.7800000000,4261.8500000000
1790260649230,4261.7900000000,4261.8600000000
1790260649633,4261.8100000000,4261.8800000000
1790260650438,4261.8000000000,4261.8700000000
1790260650840,4261.8100000000,4261.8800000000
1790260651243,4261.8200000000,4261.8900000000
1790260652451,4261.7800000000,4261.8500000000
1790260652853,4261.8000000000,4261.8700000000
1790260653760,4261.8100000000,4261.8800000000
1790260654968,4261.9100000000,4261.9800000000
1790260655369,4261.8800000000,4261.9500000000
1790260655772,4261.6900000000,4261.7600000000
1790260656174,4261.6700000000,4261.7400000000
1790260656577,4261.6300000000,4261.7000000000
1790260657382,4261.7500000000,4261.8200000000
1790260657785,4261.7600000000,4261.8300000000
1790260658590,4261.6600000000,4261.7300000000
1790260658992,4261.6700000000,4261.7400000000
1790260659395,4261.6900000000,4261.7600000000
1790260659798,4261.7400000000,4261.8100000000
1790260660201,4261.7300000000,4261.8000000000
1790260660603,4261.7500000000,4261.8200000000
1790260661005,4261.7200000000,4261.7900000000
1790260665030,4261.2900000000,4261.3600000000
1790260665433,4260.8600000000,4260.9300000000
1790260665836,4260.8300000000,4260.9000000000
1790260666238,4260.7000000000,4260.7900000000
1790260666642,4260.6000000000,4260.6900000000
1790260667045,4260.5400000000,4260.6300000000
1790260668253,4260.5300000000,4260.6200000000
1790260668655,4260.4700000000,4260.5600000000
1790260669057,4260.5000000000,4260.5900000000
1790260669484,4260.5100000000,4260.6000000000
1790260669887,4260.5300000000,4260.6200000000
1790260670289,4260.4900000000,4260.5800000000
1790260671095,4260.5700000000,4260.6600000000
1790260671498,4260.5600000000,4260.6500000000
1790260671900,4260.5000000000,4260.5900000000
1790260672303,4260.5100000000,4260.6000000000
1790260672705,4260.4900000000,4260.5800000000
1790260673511,4260.3400000000,4260.4200000000
1790260673913,4260.1100000000,4260.1900000000
1790260674316,4260.1200000000,4260.2100000000
1790260674718,4260.2000000000,4260.2900000000
1790260675523,4260.0300000000,4260.1200000000
1790260675928,4259.9500000000,4260.0400000000
1790260676330,4259.9400000000,4260.0300000000
1790260677135,4259.9600000000,4260.0500000000
1790260678343,4259.9500000000,4260.0400000000
1790260678746,4259.6000000000,4259.6900000000
1790260679149,4259.6700000000,4259.7700000000
1790260679953,4259.6200000000,4259.7200000000
1790260680355,4259.6900000000,4259.7800000000
1790260680757,4259.7000000000,4259.7900000000
1790260681160,4259.7100000000,4259.8000000000
1790260681563,4259.6800000000,4259.7700000000
1790260681965,4259.7100000000,4259.8000000000
1790260682368,4259.7200000000,4259.8100000000
1790260684381,4259.8500000000,4259.9400000000
1790260684782,4259.8100000000,4259.9000000000
1790260685185,4259.7100000000,4259.8000000000
1790260685588,4259.6900000000,4259.7800000000
1790260685990,4259.7200000000,4259.8100000000
1790260686393,4259.7000000000,4259.7900000000
1790260686796,4259.6800000000,4259.7700000000
1790260687601,4259.6900000000,4259.7800000000
1790260688003,4259.6700000000,4259.7600000000
1790260688406,4259.6400000000,4259.7300000000
1790260688808,4259.6200000000,4259.7100000000
1790260689211,4259.5500000000,4259.6400000000
1790260689613,4259.5400000000,4259.6300000000
1790260690016,4259.5200000000,4259.6100000000
1790260690418,4259.5100000000,4259.6000000000
1790260690821,4259.6200000000,4259.7100000000
1790260691224,4259.6900000000,4259.7800000000
1790260692029,4259.6800000000,4259.7700000000
1790260692431,4259.6900000000,4259.7700000000
1790260692833,4259.6800000000,4259.7600000000
1790260693639,4259.6900000000,4259.7700000000
1790260694041,4259.7000000000,4259.7800000000
1790260694444,4259.6100000000,4259.6900000000
1790260694846,4259.5800000000,4259.6600000000
1790260695249,4259.5200000000,4259.6000000000
1790260695651,4259.5300000000,4259.6100000000
1790260696054,4259.5400000000,4259.6200000000
1790260696456,4259.5500000000,4259.6300000000
1790260697261,4259.5600000000,4259.6400000000
1790260698872,4259.5400000000,4259.6200000000
1790260699275,4259.5700000000,4259.6500000000
1790260699678,4259.5500000000,4259.6300000000
1790260700483,4259.5800000000,4259.6600000000
1790260700885,4259.6200000000,4259.7000000000
1790260702496,4259.3700000000,4259.4400000000
1790260702899,4259.3000000000,4259.3700000000
1790260703302,4259.2000000000,4259.2800000000
1790260703704,4259.4100000000,4259.4900000000
1790260704106,4259.4700000000,4259.5500000000
1790260704509,4259.4500000000,4259.5300000000
1790260704911,4259.4700000000,4259.5500000000
1790260705313,4259.4300000000,4259.5100000000
1790260705716,4259.4100000000,4259.4900000000
1790260706521,4259.4000000000,4259.4800000000
1790260706925,4259.4700000000,4259.5500000000
1790260708134,4259.4900000000,4259.5700000000
1790260708536,4259.5400000000,4259.6200000000
1790260708939,4259.5300000000,4259.6100000000
1790260709342,4259.4900000000,4259.5700000000
1790260709745,4259.4700000000,4259.5500000000
1790260710147,4259.4500000000,4259.5300000000
1790260710953,4259.4400000000,4259.5200000000
1790260711758,4259.4600000000,4259.5400000000
1790260712160,4259.4700000000,4259.5400000000
1790260712967,4259.3700000000,4259.4400000000
1790260713370,4259.3000000000,4259.3700000000
1790260713773,4259.5200000000,4259.5900000000
1790260714174,4259.6100000000,4259.6900000000
1790260714577,4259.6300000000,4259.7100000000
1790260714980,4259.6500000000,4259.7300000000
1790260715786,4259.5700000000,4259.6500000000
1790260716188,4259.5600000000,4259.6400000000
1790260716591,4259.5300000000,4259.6100000000
1790260717799,4259.5900000000,4259.6700000000
1790260718202,4259.7100000000,4259.7900000000
1790260718604,4259.6700000000,4259.7500000000
1790260719007,4259.6800000000,4259.7600000000
1790260719409,4259.7400000000,4259.8200000000
1790260720215,4259.7600000000,4259.8400000000
1790260720617,4259.7500000000,4259.8300000000
1790260721422,4258.6400000000,4258.7100000000
1790260721825,4258.7700000000,4258.8400000000
1790260722228,4258.7500000000,4258.8700000000
1790260723436,4258.7300000000,4258.8500000000
1790260723838,4258.8000000000,4258.9200000000
1790260724241,4258.8200000000,4258.9300000000
1790260725045,4258.7700000000,4258.8800000000
1790260727058,4258.8300000000,4258.9400000000
1790260727461,4258.8600000000,4258.9700000000
1790260727863,4258.8800000000,4258.9900000000
1790260728266,4258.8300000000,4258.9400000000
1790260728669,4258.8500000000,4258.9600000000
1790260729071,4258.8700000000,4258.9800000000
1790260729474,4258.8800000000,4258.9900000000
1790260730782,4258.8300000000,4258.9400000000
1790260731990,4258.8400000000,4258.9500000000
1790260732392,4258.8300000000,4258.9400000000
1790260733500,4258.7700000000,4258.8800000000
1790260734002,4258.7000000000,4258.8100000000
1790260734405,4258.4000000000,4258.5100000000
1790260734808,4258.3900000000,4258.5000000000
1790260735613,4258.4600000000,4258.5700000000
1790260736016,4258.5000000000,4258.6100000000
1790260736321,4258.5300000000,4258.6400000000
1790260736823,4258.4800000000,4258.5900000000
1790260737628,4258.5000000000,4258.6100000000
1790260737931,4258.5300000000,4258.6400000000
1790260738333,4258.4700000000,4258.5800000000
1790260738737,4258.4300000000,4258.5400000000
1790260740347,4258.4300000000,4258.5300000000
1790260740749,4258.5000000000,4258.6000000000
1790260741152,4258.4500000000,4258.5500000000
1790260741555,4258.3300000000,4258.4300000000
1790260741957,4258.3900000000,4258.4900000000
1790260742360,4258.4000000000,4258.5000000000
1790260742764,4258.4700000000,4258.5700000000
1790260743569,4258.4800000000,4258.5800000000
1790260745986,4258.4700000000,4258.5700000000
1790260746791,4258.5200000000,4258.6200000000
1790260747194,4258.4100000000,4258.5100000000
1790260747596,4258.3700000000,4258.4700000000
1790260747998,4258.3800000000,4258.4800000000
1790260749206,4258.3500000000,4258.4500000000
1790260750014,4258.3600000000,4258.4600000000
1790260750416,4258.3900000000,4258.4900000000
1790260751221,4258.4400000000,4258.5400000000
1790260751624,4258.4900000000,4258.5900000000
1790260752430,4258.4900000000,4258.5800000000
1790260752833,4258.5300000000,4258.6200000000
1790260753235,4258.5500000000,4258.6400000000
1790260753637,4258.5400000000,4258.6300000000
1790260754845,4258.5100000000,4258.6000000000
1790260755248,4258.5300000000,4258.6200000000
1790260755650,4258.5400000000,4258.6300000000
1790260756052,4258.5900000000,4258.6800000000
1790260757262,4258.6000000000,4258.6900000000
1790260758066,4258.5100000000,4258.6000000000
1790260758469,4258.5600000000,4258.6500000000
1790260758871,4258.5400000000,4258.6300000000
1790260759274,4258.5600000000,4258.6500000000
1790260760078,4258.5800000000,4258.6700000000
1790260760883,4258.7000000000,4258.7900000000
1790260761285,4258.7200000000,4258.8100000000
1790260761789,4258.7100000000,4258.8000000000
1790260762594,4258.6300000000,4258.7200000000
1790260762997,4258.6600000000,4258.7500000000
1790260763400,4258.6800000000,4258.7700000000
1790260764205,4258.6800000000,4258.7600000000
1790260764607,4258.8100000000,4258.8900000000
1790260765010,4258.8300000000,4258.9100000000
1790260765412,4258.8300000000,4258.9200000000
1790260765815,4258.8200000000,4258.9100000000
1790260766218,4258.8300000000,4258.9100000000
1790260766620,4258.8700000000,4258.9500000000
1790260767425,4259.0500000000,4259.1300000000
1790260767828,4259.0800000000,4259.1600000000
1790260768231,4259.1400000000,4259.2300000000
1790260768633,4259.1600000000,4259.2500000000
1790260769840,4259.2900000000,4259.3800000000
1790260770243,4259.4700000000,4259.5600000000
1790260770645,4259.4800000000,4259.5700000000
1790260771047,4259.5200000000,4259.6100000000
1790260771450,4259.4800000000,4259.5700000000
1790260771852,4259.4700000000,4259.5600000000
1790260773060,4259.3600000000,4259.4500000000
1790260773463,4259.4000000000,4259.4900000000
1790260773865,4259.4100000000,4259.5000000000
1790260774267,4259.4200000000,4259.5100000000
1790260774670,4259.4300000000,4259.5200000000
1790260775073,4259.4500000000,4259.5400000000
1790260775475,4259.4500000000,4259.5300000000
1790260777086,4259.4000000000,4259.4800000000
1790260777489,4259.3900000000,4259.4700000000
1790260777891,4259.3100000000,4259.3900000000
1790260778294,4259.3300000000,4259.4100000000
1790260778697,4259.3200000000,4259.4000000000
1790260779099,4259.3300000000,4259.4100000000
1790260779502,4259.3200000000,4259.4000000000
1790260779906,4259.3300000000,4259.4100000000
1790260780308,4259.3400000000,4259.4200000000
1790260782320,4259.3500000000,4259.4300000000
1790260782723,4259.4100000000,4259.4900000000
1790260783528,4259.4700000000,4259.5500000000
1790260784333,4259.4900000000,4259.5700000000
1790260785137,4259.5000000000,4259.5800000000
1790260785540,4259.4900000000,4259.5700000000
1790260787150,4259.5000000000,4259.5700000000
1790260787955,4259.3900000000,4259.4600000000
1790260788358,4259.4500000000,4259.5200000000
1790260788761,4259.4700000000,4259.5400000000
1790260789163,4259.5200000000,4259.5900000000
1790260789566,4259.8100000000,4259.8800000000
1790260790370,4259.7500000000,4259.8300000000
1790260790772,4259.8100000000,4259.8900000000
1790260791175,4259.8300000000,4259.9100000000
1790260791578,4259.8600000000,4259.9400000000
1790260792382,4259.7500000000,4259.8300000000
1790260792785,4259.7700000000,4259.8500000000
1790260793187,4259.7900000000,4259.8600000000
1790260793992,4259.7200000000,4259.7900000000
1790260794395,4259.7300000000,4259.8000000000
1790260794797,4259.8000000000,4259.8700000000
1790260795200,4259.8200000000,4259.8900000000
1790260795602,4259.8000000000,4259.8700000000
1790260796005,4259.7900000000,4259.8600000000
1790260796409,4259.6200000000,4259.6900000000
1790260796811,4259.6500000000,4259.7200000000
1790260797214,4259.7100000000,4259.7800000000
1790260797616,4259.8100000000,4259.8800000000
1790260798019,4259.8300000000,4259.9000000000
1790260798421,4259.7900000000,4259.8600000000
1790260798823,4259.7200000000,4259.7900000000
1790260799226,4259.6900000000,4259.7700000000
1790260799629,4259.7100000000,4259.7900000000
1790260800033,4259.6800000000,4259.7600000000
1790260800434,4259.6800000000,4259.7500000000
1790260800837,4259.8200000000,4259.8900000000
1790260801642,4259.8500000000,4259.9200000000
1790260802045,4259.9100000000,4259.9800000000
1790260802447,4259.8900000000,4259.9600000000
1790260802850,4259.8600000000,4259.9300000000
1790260804057,4259.9100000000,4259.9800000000
1790260804561,4259.9300000000,4260.0000000000
1790260804963,4259.8800000000,4259.9500000000
1790260805365,4259.9000000000,4259.9700000000
1790260805768,4259.8700000000,4259.9400000000
1790260806172,4259.8200000000,4259.8900000000
1790260806473,4259.8100000000,4259.8800000000
1790260806976,4259.8000000000,4259.8700000000
1790260807378,4259.7900000000,4259.8600000000
1790260807781,4259.7700000000,4259.8400000000
1790260808989,4259.8200000000,4259.8900000000
1790260810196,4259.8100000000,4259.8800000000
1790260810599,4259.8200000000,4259.8900000000
1790260811404,4259.8800000000,4259.9500000000
1790260811805,4259.9000000000,4259.9700000000
1790260812208,4259.9800000000,4260.0500000000
1790260813012,4259.9900000000,4260.0600000000
1790260813314,4259.9800000000,4260.0500000000
1790260814121,4259.9900000000,4260.0600000000
1790260814624,4259.9800000000,4260.0500000000
1790260815832,4259.9900000000,4260.0600000000
1790260816638,4260.2500000000,4260.3200000000
1790260817041,4260.2600000000,4260.3300000000
1790260817443,4260.1400000000,4260.2100000000
1790260817845,4260.2000000000,4260.2700000000
1790260818248,4260.2200000000,4260.2900000000
1790260819052,4260.4200000000,4260.4900000000
1790260819455,4260.5100000000,4260.5800000000
1790260819857,4260.5300000000,4260.6000000000
1790260820260,4260.9500000000,4261.0200000000
1790260820662,4261.0400000000,4261.1100000000
1790260821065,4261.1900000000,4261.2600000000
1790260821467,4261.2200000000,4261.2900000000
1790260821869,4261.2100000000,4261.2800000000
1790260822272,4260.9900000000,4261.0700000000
1790260823076,4260.8800000000,4260.9600000000
1790260823479,4260.9000000000,4260.9800000000
1790260823882,4260.9400000000,4261.0200000000
1790260824284,4260.9300000000,4261.0100000000
1790260824687,4260.9400000000,4261.0200000000
1790260825089,4260.9500000000,4261.0300000000
1790260825894,4260.9200000000,4261.0000000000
1790260826297,4260.9500000000,4261.0300000000
1790260826699,4260.8900000000,4260.9700000000
1790260827906,4260.8600000000,4260.9400000000
1790260829516,4260.5300000000,4260.6100000000
1790260829918,4260.5000000000,4260.5800000000
1790260830321,4260.4700000000,4260.5500000000
1790260830724,4260.4500000000,4260.5300000000
1790260831126,4260.4700000000,4260.5500000000
1790260832334,4260.6500000000,4260.7300000000
1790260833139,4260.6300000000,4260.7200000000
1790260833542,4260.6200000000,4260.7100000000
1790260834346,4260.6700000000,4260.7500000000
1790260834749,4260.6600000000,4260.7400000000
1790260835152,4260.6100000000,4260.6900000000
1790260835554,4260.6200000000,4260.7000000000
1790260835957,4260.6000000000,4260.6800000000
1790260837166,4260.6100000000,4260.6900000000
1790260837970,4260.6300000000,4260.7100000000
1790260838372,4260.6600000000,4260.7400000000
1790260838776,4260.6400000000,4260.7200000000
1790260839581,4260.5800000000,4260.6600000000
1790260839983,4260.5300000000,4260.6100000000
1790260840788,4260.5000000000,4260.5800000000
1790260841191,4260.5400000000,4260.6200000000
1790260841594,4260.2100000000,4260.2900000000
1790260842399,4260.3200000000,4260.4000000000
1790260842802,4260.3700000000,4260.4500000000
1790260843606,4260.3800000000,4260.4600000000
1790260845216,4260.4900000000,4260.5700000000
1790260845619,4260.4200000000,4260.5000000000
1790260846426,4260.4100000000,4260.4900000000
1790260847232,4260.3600000000,4260.4400000000
1790260847633,4260.3200000000,4260.4000000000
1790260848438,4260.4100000000,4260.4900000000
1790260848840,4260.4400000000,4260.5200000000
1790260849243,4260.4100000000,4260.4900000000
1790260849645,4260.3900000000,4260.4700000000
1790260850450,4260.4200000000,4260.5000000000
1790260850853,4260.3700000000,4260.4500000000
1790260851255,4260.2300000000,4260.3100000000
1790260851658,4260.1900000000,4260.2700000000
1790260852865,4260.2000000000,4260.2800000000
1790260853268,4260.1800000000,4260.2600000000
1790260853671,4260.1700000000,4260.2500000000
1790260854477,4260.3000000000,4260.3800000000
1790260855282,4260.2100000000,4260.2900000000
1790260855684,4260.1400000000,4260.2200000000
1790260856087,4260.0900000000,4260.1700000000
1790260856492,4260.1200000000,4260.1900000000
1790260857297,4260.1500000000,4260.2200000000
1790260857700,4259.9500000000,4260.0200000000
1790260858104,4259.8500000000,4259.9200000000
1790260858506,4259.8200000000,4259.8900000000
1790260859312,4259.7400000000,4259.8200000000
1790260859714,4259.7300000000,4259.8100000000
1790260860519,4259.7100000000,4259.7900000000
1790260860922,4259.6800000000,4259.7600000000
1790260862130,4259.7800000000,4259.8600000000
1790260863337,4259.7900000000,4259.8700000000
1790260864143,4259.9600000000,4260.0400000000
1790260864545,4259.9800000000,4260.0600000000
1790260864948,4260.0200000000,4260.1000000000
1790260865351,4260.0800000000,4260.1600000000
1790260865754,4260.2100000000,4260.2900000000
1790260866559,4260.2300000000,4260.3100000000
1790260867767,4260.3200000000,4260.4000000000
1790260868170,4260.2500000000,4260.3300000000
1790260868572,4260.2400000000,4260.3200000000
1790260868975,4260.2300000000,4260.3100000000
1790260869378,4260.2900000000,4260.3600000000
1790260870183,4260.3000000000,4260.3700000000
1790260870989,4260.3500000000,4260.4200000000
1790260871794,4260.3400000000,4260.4100000000
1790260873002,4260.3000000000,4260.3700000000
1790260873806,4260.3400000000,4260.4100000000
1790260874209,4260.3500000000,4260.4200000000
1790260874611,4260.3300000000,4260.4000000000
1790260875517,4260.3600000000,4260.4300000000
1790260876322,4260.1200000000,4260.1900000000
1790260877126,4260.1100000000,4260.1800000000
1790260877529,4260.0500000000,4260.1200000000
1790260879541,4259.9100000000,4259.9800000000
1790260879943,4259.8700000000,4259.9400000000
1790260880748,4259.8800000000,4259.9500000000
1790260881151,4259.9700000000,4260.0400000000
1790260881956,4260.0200000000,4260.0900000000
1790260882359,4259.9700000000,4260.0400000000
1790260883566,4259.9500000000,4260.0200000000
1790260884371,4259.7700000000,4259.8400000000
1790260884773,4259.5800000000,4259.6500000000
1790260885176,4259.5400000000,4259.6100000000
1790260885579,4259.5000000000,4259.5700000000
1790260885981,4259.6100000000,4259.6800000000
1790260886384,4259.6300000000,4259.7100000000
1790260886786,4259.5900000000,4259.6700000000
1790260887189,4259.5500000000,4259.6300000000
1790260887591,4259.4600000000,4259.5400000000
1790260887993,4259.4500000000,4259.5300000000
1790260888396,4259.4400000000,4259.5200000000
1790260888798,4259.4500000000,4259.5300000000
1790260889201,4259.4400000000,4259.5200000000
1790260889603,4259.4900000000,4259.5700000000
1790260890006,4259.4800000000,4259.5600000000
1790260890812,4259.6100000000,4259.6900000000
1790260891214,4259.5900000000,4259.6700000000
1790260891617,4259.4800000000,4259.5600000000
1790260892019,4259.5300000000,4259.6100000000
1790260892422,4259.5500000000,4259.6300000000
1790260892824,4259.6200000000,4259.7000000000
1790260893226,4259.5800000000,4259.6600000000
1790260894031,4259.5500000000,4259.6300000000
1790260894434,4259.6600000000,4259.7300000000
1790260894836,4259.6500000000,4259.7200000000
1790260895641,4259.7400000000,4259.8100000000
1790260896044,4259.6700000000,4259.7400000000
1790260896446,4259.6300000000,4259.7000000000
1790260896849,4259.6200000000,4259.6900000000
1790260897654,4259.6000000000,4259.6700000000
1790260898459,4259.7100000000,4259.7800000000
1790260898862,4259.7300000000,4259.8000000000
1790260899265,4259.7700000000,4259.8400000000
1790260900473,4259.6800000000,4259.7500000000
1790260901680,4259.6500000000,4259.7200000000
1790260902485,4259.6000000000,4259.6700000000
1790260902888,4259.7500000000,4259.8200000000
1790260903290,4259.7700000000,4259.8400000000
1790260903693,4259.7800000000,4259.8500000000
1790260904498,4259.8000000000,4259.8700000000
1790260904900,4259.8200000000,4259.8900000000
1790260905705,4259.8100000000,4259.8800000000
1790260906510,4259.8400000000,4259.9100000000
1790260906915,4259.8200000000,4259.8900000000
1790260907720,4259.8800000000,4259.9500000000
1790260908122,4259.9300000000,4260.0000000000
1790260908525,4259.9600000000,4260.0300000000
1790260908928,4259.9900000000,4260.0600000000
1790260909331,4259.9800000000,4260.0500000000
1790260909734,4260.0000000000,4260.0700000000
1790260910137,4260.1100000000,4260.1800000000
1790260910539,4260.1000000000,4260.1700000000
1790260910941,4260.1500000000,4260.2200000000
1790260911745,4260.1600000000,4260.2300000000
1790260912148,4260.1400000000,4260.2100000000
1790260912551,4260.1200000000,4260.1900000000
1790260912954,4260.0600000000,4260.1300000000
1790260913356,4260.0500000000,4260.1200000000
1790260917385,4260.0800000000,4260.1500000000
1790260918190,4260.1000000000,4260.1700000000
1790260918593,4260.1200000000,4260.1900000000
1790260919800,4260.1100000000,4260.1800000000
1790260920203,4260.1200000000,4260.1900000000
1790260920606,4260.1300000000,4260.2000000000
1790260921008,4260.1200000000,4260.1900000000
1790260921411,4260.1500000000,4260.2200000000
1790260921814,4260.1600000000,4260.2300000000
1790260922216,4260.4000000000,4260.4700000000
1790260922619,4260.3700000000,4260.4400000000
1790260923021,4260.3600000000,4260.4300000000
1790260923424,4260.3400000000,4260.4100000000
1790260924632,4260.3300000000,4260.4000000000
1790260925034,4260.3600000000,4260.4300000000
1790260926645,4260.2800000000,4260.3500000000
1790260927047,4260.1300000000,4260.2000000000
1790260927450,4260.1200000000,4260.1900000000
1790260927853,4260.1100000000,4260.1800000000
1790260928256,4260.1200000000,4260.1900000000
1790260929061,4260.1300000000,4260.2000000000
1790260929866,4260.0900000000,4260.1600000000
1790260930269,4259.8900000000,4259.9600000000
1790260930672,4259.8400000000,4259.9100000000
1790260931074,4259.8300000000,4259.9000000000
1790260931879,4259.7500000000,4259.8200000000
1790260932282,4259.8500000000,4259.9200000000
1790260933086,4259.8600000000,4259.9300000000
1790260933489,4259.8700000000,4259.9400000000
1790260933891,4259.8400000000,4259.9100000000
1790260934294,4259.8300000000,4259.9000000000
1790260934697,4259.8700000000,4259.9400000000
1790260935099,4259.9000000000,4259.9700000000
1790260935502,4259.8700000000,4259.9400000000
1790260935905,4259.8400000000,4259.9100000000
1790260936307,4259.8300000000,4259.9000000000
1790260937515,4259.8500000000,4259.9200000000
1790260938321,4259.7500000000,4259.8200000000
1790260939125,4259.6700000000,4259.7400000000
1790260939527,4259.6400000000,4259.7100000000
1790260939930,4259.8300000000,4259.9000000000
1790260940333,4259.8200000000,4259.8900000000
1790260941138,4259.7700000000,4259.8400000000
1790260941539,4259.6800000000,4259.7500000000
1790260941942,4259.6500000000,4259.7200000000
1790260942748,4259.6000000000,4259.6700000000
1790260943150,4259.5900000000,4259.6600000000
1790260943554,4259.5800000000,4259.6500000000
1790260944764,4259.6000000000,4259.6700000000
1790260945166,4259.6200000000,4259.6900000000
1790260945569,4259.6700000000,4259.7400000000
1790260946374,4259.6600000000,4259.7300000000
1790260946776,4259.7700000000,4259.8400000000
1790260947179,4259.8100000000,4259.8800000000
1790260947582,4259.7500000000,4259.8200000000
1790260947984,4259.6000000000,4259.6700000000
1790260948386,4259.5300000000,4259.6000000000
1790260948788,4259.5600000000,4259.6300000000
1790260949996,4259.5100000000,4259.5800000000
1790260950399,4259.3800000000,4259.4500000000
1790260951204,4259.4100000000,4259.4800000000
1790260951606,4259.4300000000,4259.5000000000
1790260952814,4259.3500000000,4259.4200000000
1790260953217,4259.3300000000,4259.4000000000
1790260954021,4259.3700000000,4259.4400000000
1790260954424,4259.5500000000,4259.6200000000
1790260954826,4259.5700000000,4259.6400000000
1790260955330,4259.5900000000,4259.6600000000
1790260955632,4259.6500000000,4259.7200000000
1790260956034,4259.6400000000,4259.7100000000
1790260956841,4259.6100000000,4259.6800000000
1790260959358,4259.5900000000,4259.6600000000
1790260960063,4259.5700000000,4259.6400000000
1790260960467,4259.5900000000,4259.6600000000
1790260960969,4259.5700000000,4259.6400000000
1790260961371,4259.5600000000,4259.6300000000
1790260961774,4259.5500000000,4259.6200000000
1790260962579,4259.5600000000,4259.6300000000
1790260963788,4259.5700000000,4259.6400000000
1790260964190,4259.5800000000,4259.6500000000
1790260964593,4259.6000000000,4259.6700000000
1790260964996,4259.5700000000,4259.6400000000
1790260965398,4259.6100000000,4259.6800000000
1790260965800,4259.6600000000,4259.7300000000
1790260967009,4259.6500000000,4259.7200000000
1790260967412,4259.6600000000,4259.7300000000
1790260967814,4259.7300000000,4259.8000000000
1790260968217,4259.7600000000,4259.8300000000
1790260969022,4259.8600000000,4259.9300000000
1790260969424,4259.8400000000,4259.9100000000
1790260970631,4259.8600000000,4259.9300000000
1790260971034,4259.7900000000,4259.8600000000
1790260971437,4259.5900000000,4259.6600000000
1790260971841,4259.5800000000,4259.6500000000
1790260972243,4259.5500000000,4259.6200000000
1790260972646,4259.5600000000,4259.6300000000
1790260973048,4259.5800000000,4259.6500000000
1790260973451,4259.6000000000,4259.6700000000
1790260974255,4259.6300000000,4259.7000000000
1790260974658,4259.4700000000,4259.5400000000
1790260975463,4259.4600000000,4259.5300000000
1790260975866,4259.4500000000,4259.5200000000
1790260976268,4259.3900000000,4259.4600000000
1790260976671,4259.3800000000,4259.4500000000
1790260977075,4259.3700000000,4259.4400000000
1790260977881,4259.3900000000,4259.4600000000
1790260978686,4259.3700000000,4259.4400000000
1790260979088,4259.6100000000,4259.6800000000
1790260979894,4259.6300000000,4259.7000000000
1790260980297,4259.6400000000,4259.7100000000
1790260981907,4259.6700000000,4259.7400000000
1790260982310,4259.6800000000,4259.7500000000
1790260983114,4259.6900000000,4259.7600000000
1790260983919,4259.6700000000,4259.7400000000
1790260984321,4259.8600000000,4259.9300000000
1790260984724,4259.8000000000,4259.8700000000
1790260985931,4259.7600000000,4259.8300000000
1790260986333,4259.7500000000,4259.8200000000
1790260987139,4259.8800000000,4259.9500000000
1790260987541,4259.9000000000,4259.9700000000
1790260988347,4259.8800000000,4259.9500000000
1790260989152,4259.9700000000,4260.0400000000
1790260989555,4259.9600000000,4260.0300000000
1790260990360,4259.9700000000,4260.0400000000
1790260991165,4259.9600000000,4260.0300000000
1790260991567,4259.9000000000,4259.9700000000
1790260991970,4259.8600000000,4259.9300000000
1790260992372,4259.8800000000,4259.9500000000
1790260992775,4259.9500000000,4260.0200000000
1790260993177,4259.9700000000,4260.0400000000
1790260993580,4259.9800000000,4260.0500000000
1790260993982,4259.9700000000,4260.0400000000
1790260994787,4259.8500000000,4259.9200000000
1790260995190,4259.7100000000,4259.7800000000
1790260995995,4259.7200000000,4259.7900000000
1790260996397,4259.7400000000,4259.8100000000
1790260996800,4259.7000000000,4259.7700000000
1790260997202,4259.6100000000,4259.6800000000
1790260998007,4259.5100000000,4259.5800000000
1790260998410,4259.4800000000,4259.5500000000
1790260998812,4259.4700000000,4259.5400000000
1790260999215,4259.4500000000,4259.5200000000
1790261001630,4259.4400000000,4259.5100000000
1790261002033,4259.2800000000,4259.3500000000
1790261002435,4259.2600000000,4259.3300000000
1790261002838,4259.2500000000,4259.3200000000
1790261003643,4259.0900000000,4259.1600000000
1790261004047,4258.9400000000,4259.0100000000
1790261004852,4258.9600000000,4259.0300000000
1790261005255,4259.0300000000,4259.1000000000
1790261005657,4259.0400000000,4259.1100000000
1790261006462,4259.0800000000,4259.1500000000
1790261006865,4259.0600000000,4259.1300000000
1790261007267,4259.0900000000,4259.1600000000
1790261008073,4258.9500000000,4259.0200000000
1790261008475,4258.9100000000,4258.9800000000
1790261009280,4258.9300000000,4259.0000000000
1790261010185,4258.9400000000,4259.0100000000
1790261011393,4259.0300000000,4259.1000000000
1790261011795,4258.8000000000,4258.8700000000
1790261012197,4258.6900000000,4258.7600000000
1790261012602,4258.6600000000,4258.7300000000
1790261012904,4258.5600000000,4258.6300000000
1790261013407,4258.7300000000,4258.8000000000
1790261013810,4258.6900000000,4258.7600000000
1790261014615,4258.6700000000,4258.7400000000
1790261015018,4258.8000000000,4258.8700000000
1790261015420,4258.8200000000,4258.8900000000
1790261015822,4259.0100000000,4259.0800000000
1790261016225,4259.0500000000,4259.1300000000
1790261017433,4259.0700000000,4259.1500000000
1790261018238,4259.0800000000,4259.1500000000
1790261018641,4259.1600000000,4259.2300000000
1790261019044,4259.1800000000,4259.2500000000
1790261019849,4259.1600000000,4259.2300000000
1790261020655,4259.3500000000,4259.4200000000
1790261021058,4259.4400000000,4259.5100000000
1790261021460,4259.4800000000,4259.5500000000
1790261022667,4259.5000000000,4259.5700000000
1790261025487,4259.3900000000,4259.4600000000
1790261027500,4259.3700000000,4259.4400000000
1790261028406,4259.4000000000,4259.4700000000
1790261028708,4259.3900000000,4259.4600000000
1790261030720,4259.4900000000,4259.5600000000
1790261031526,4259.5600000000,4259.6300000000
1790261031929,4259.5500000000,4259.6200000000
1790261032332,4259.5300000000,4259.6000000000
1790261032735,4259.4400000000,4259.5100000000
1790261033337,4259.4000000000,4259.4700000000
1790261033941,4259.3700000000,4259.4400000000
1790261034344,4259.3600000000,4259.4300000000
1790261035953,4259.4100000000,4259.4800000000
1790261037564,4259.3900000000,4259.4600000000
1790261037966,4259.5500000000,4259.6200000000
1790261038772,4259.5600000000,4259.6300000000
1790261039175,4259.5700000000,4259.6400000000
1790261041993,4259.5700000000,4259.6400000000
1790261043603,4259.4100000000,4259.4800000000
1790261044007,4259.4000000000,4259.4700000000
1790261044409,4259.3600000000,4259.4300000000
1790261044811,4259.3500000000,4259.4200000000
1790261045214,4259.3600000000,4259.4300000000
1790261045617,4259.4600000000,4259.5300000000
1790261046020,4259.4700000000,4259.5400000000
1790261047228,4259.4300000000,4259.5000000000
1790261049241,4259.4800000000,4259.5500000000
1790261051254,4259.4700000000,4259.5400000000
1790261051657,4259.4900000000,4259.5600000000
1790261052462,4259.4800000000,4259.5500000000
1790261052865,4259.5100000000,4259.5800000000
1790261053267,4259.5600000000,4259.6300000000
1790261053670,4259.5800000000,4259.6500000000
1790261054072,4259.6000000000,4259.6700000000
1790261058500,4259.5900000000,4259.6600000000
1790261060111,4259.6000000000,4259.6700000000
1790261060514,4259.6300000000,4259.7000000000
1790261060916,4259.6600000000,4259.7300000000
1790261061319,4259.6900000000,4259.7600000000
1790261061721,4259.6100000000,4259.6800000000
1790261062123,4259.5500000000,4259.6200000000
1790261062526,4259.4300000000,4259.5000000000
1790261062928,4259.4200000000,4259.4900000000
1790261063331,4259.4500000000,4259.5200000000
1790261064136,4259.4300000000,4259.5000000000
1790261064539,4259.3900000000,4259.4600000000
1790261065344,4259.3800000000,4259.4500000000
1790261065746,4259.4200000000,4259.4900000000
1790261066148,4259.4100000000,4259.4800000000
1790261066551,4259.4200000000,4259.4900000000
1790261066954,4259.5500000000,4259.6200000000
1790261067356,4259.5600000000,4259.6300000000
1790261067759,4259.5700000000,4259.6400000000
1790261069369,4259.5600000000,4259.6300000000
1790261070577,4259.5700000000,4259.6400000000
1790261071382,4259.6600000000,4259.7300000000
1790261071785,4259.6700000000,4259.7400000000
1790261072187,4259.7700000000,4259.8400000000
1790261072590,4259.8000000000,4259.8700000000
1790261072994,4259.8600000000,4259.9300000000
1790261074201,4259.8300000000,4259.9000000000
1790261074604,4259.8100000000,4259.8800000000
1790261075007,4260.1000000000,4260.1700000000
1790261075409,4260.1200000000,4260.1900000000
1790261075811,4260.1400000000,4260.2100000000
1790261076214,4260.1500000000,4260.2200000000
1790261076616,4260.2000000000,4260.2700000000
1790261077018,4260.2100000000,4260.2800000000
1790261077421,4260.1700000000,4260.2400000000
1790261077825,4260.1600000000,4260.2300000000
1790261078630,4260.1400000000,4260.2100000000
1790261079435,4260.1500000000,4260.2200000000
1790261079838,4260.1400000000,4260.2100000000
1790261080643,4260.1200000000,4260.1900000000
1790261081046,4259.9600000000,4260.0300000000
1790261081449,4259.9500000000,4260.0200000000
1790261081851,4259.9300000000,4260.0000000000
1790261082254,4259.9400000000,4260.0100000000
1790261084673,4260.1600000000,4260.2300000000
1790261085075,4260.1900000000,4260.2600000000
1790261085478,4260.4000000000,4260.4700000000
1790261085881,4260.4200000000,4260.4900000000
1790261086686,4260.4800000000,4260.5500000000
1790261087491,4260.5100000000,4260.5800000000
1790261087893,4260.5200000000,4260.5900000000
1790261089202,4260.5500000000,4260.6200000000
1790261091116,4260.4300000000,4260.5000000000
1790261091518,4260.5000000000,4260.5700000000
1790261092424,4260.5500000000,4260.6200000000
1790261093533,4260.4000000000,4260.4700000000
1790261094439,4260.4800000000,4260.5500000000
1790261094842,4260.4700000000,4260.5400000000
1790261096050,4260.5100000000,4260.5800000000
1790261096453,4260.5200000000,4260.5900000000
1790261096855,4260.5500000000,4260.6200000000
1790261097260,4260.5600000000,4260.6300000000
1790261098065,4260.5500000000,4260.6200000000
1790261098467,4260.6800000000,4260.7500000000
1790261098870,4260.7100000000,4260.7800000000
1790261099675,4260.7200000000,4260.7900000000
1790261100079,4260.7200000000,4260.7900000000
1790261101185,4260.6000000000,4260.6700000000
1790261101588,4260.4900000000,4260.5600000000
1790261101989,4260.4800000000,4260.5500000000
1790261102392,4260.6200000000,4260.6900000000
1790261102794,4260.5900000000,4260.6600000000
1790261103197,4260.6000000000,4260.6700000000
1790261103600,4260.6100000000,4260.6800000000
1790261104405,4260.5900000000,4260.6600000000
1790261104808,4260.6800000000,4260.7500000000
1790261105613,4260.6000000000,4260.6700000000
1790261106921,4260.6500000000,4260.7200000000
1790261107324,4260.6900000000,4260.7600000000
1790261107726,4261.0800000000,4261.1500000000
1790261108129,4261.0600000000,4261.1300000000
1790261108431,4260.9700000000,4261.0500000000
1790261108833,4261.0400000000,4261.1200000000
1790261109236,4261.0700000000,4261.1500000000
1790261109639,4261.2000000000,4261.2800000000
1790261110847,4261.2100000000,4261.2900000000
1790261111250,4261.2600000000,4261.3400000000
1790261111653,4261.2700000000,4261.3500000000
1790261112458,4261.2600000000,4261.3400000000
1790261112861,4261.2500000000,4261.3300000000
1790261113666,4260.9800000000,4261.0600000000
1790261114068,4260.9500000000,4261.0400000000
1790261115375,4261.0400000000,4261.1300000000
1790261115777,4261.0600000000,4261.1500000000
1790261116985,4260.6700000000,4260.7600000000
1790261117388,4260.6500000000,4260.7400000000
1790261117791,4260.6700000000,4260.7600000000
1790261118596,4260.6800000000,4260.7700000000
1790261118999,4260.3200000000,4260.4100000000
1790261119402,4260.3000000000,4260.4000000000
1790261119805,4260.2900000000,4260.3900000000
1790261121013,4260.3300000000,4260.4300000000
1790261121415,4260.3600000000,4260.4600000000
1790261121818,4260.3700000000,4260.4700000000
1790261122220,4260.3800000000,4260.4800000000
1790261122625,4260.3500000000,4260.4500000000
1790261123027,4260.3400000000,4260.4400000000
1790261123429,4260.4600000000,4260.5600000000
1790261123832,4260.3500000000,4260.4500000000
1790261124235,4260.3300000000,4260.4300000000
1790261124637,4260.2200000000,4260.3200000000
1790261125040,4260.2100000000,4260.3100000000
1790261125845,4260.3400000000,4260.4400000000
1790261126247,4260.4100000000,4260.5100000000
1790261126650,4260.3800000000,4260.4800000000
1790261127053,4260.3300000000,4260.4300000000
1790261127455,4260.3200000000,4260.4200000000
1790261127858,4260.3300000000,4260.4300000000
1790261128261,4260.3400000000,4260.4400000000
1790261128664,4260.4000000000,4260.5000000000
1790261129067,4260.4300000000,4260.5300000000
1790261129469,4260.4000000000,4260.5000000000
1790261129872,4260.3900000000,4260.4900000000
1790261130679,4260.3700000000,4260.4700000000
1790261131081,4260.3400000000,4260.4400000000
1790261131483,4260.3800000000,4260.4700000000
1790261131886,4260.3900000000,4260.4800000000
1790261132288,4260.3600000000,4260.4500000000
1790261132691,4260.3800000000,4260.4700000000
1790261133497,4260.3900000000,4260.4800000000
1790261135509,4260.3400000000,4260.4300000000
1790261135911,4260.3600000000,4260.4500000000
1790261136717,4260.3800000000,4260.4700000000
1790261137119,4260.3700000000,4260.4600000000
1790261140340,4260.3600000000,4260.4500000000
1790261141145,4260.3500000000,4260.4400000000
1790261141548,4260.3400000000,4260.4300000000
1790261141951,4260.3300000000,4260.4200000000
1790261142353,4260.3200000000,4260.4000000000
1790261142756,4260.3300000000,4260.4100000000
1790261143562,4260.2100000000,4260.2900000000
1790261143963,4260.1300000000,4260.2100000000
1790261144366,4260.2300000000,4260.3100000000
1790261144768,4260.0800000000,4260.1600000000
1790261145170,4260.1500000000,4260.2300000000
1790261145977,4260.1300000000,4260.2100000000
1790261146379,4260.1500000000,4260.2300000000
1790261146781,4260.1400000000,4260.2200000000
1790261147989,4260.1200000000,4260.2000000000
1790261149196,4260.0300000000,4260.1100000000
1790261149599,4260.0000000000,4260.0800000000
1790261150001,4259.9500000000,4260.0300000000
1790261150403,4259.9400000000,4260.0200000000
1790261150805,4259.9300000000,4260.0100000000
1790261151208,4259.9600000000,4260.0400000000
1790261151610,4259.9900000000,4260.0700000000
1790261152415,4260.0700000000,4260.1500000000
1790261152817,4260.0900000000,4260.1700000000
1790261153219,4260.0800000000,4260.1600000000
1790261155334,4260.0200000000,4260.1000000000
1790261155636,4259.9600000000,4260.0400000000
1790261156039,4260.0600000000,4260.1400000000
1790261156441,4259.8300000000,4259.9100000000
1790261156844,4259.9300000000,4260.0100000000
1790261157250,4259.9400000000,4260.0200000000
1790261158055,4259.9600000000,4260.0400000000
1790261158458,4259.9500000000,4260.0300000000
1790261159363,4260.0500000000,4260.1300000000
1790261159767,4260.1000000000,4260.1800000000
1790261160069,4260.2800000000,4260.3600000000
1790261160471,4260.2100000000,4260.2900000000
1790261160874,4260.2300000000,4260.3100000000
1790261161277,4260.3100000000,4260.3900000000
1790261161679,4260.2600000000,4260.3400000000
1790261162082,4260.3300000000,4260.4100000000
1790261162586,4260.4600000000,4260.5400000000
1790261162988,4260.4700000000,4260.5500000000
1790261163391,4260.4800000000,4260.5600000000
1790261163794,4260.4700000000,4260.5500000000
1790261164599,4260.5500000000,4260.6300000000
1790261165001,4260.4700000000,4260.5500000000
1790261165404,4260.5700000000,4260.6500000000
1790261165806,4260.6900000000,4260.7700000000
1790261166209,4260.7900000000,4260.8800000000
1790261166612,4260.7500000000,4260.8400000000
1790261167015,4260.5300000000,4260.6200000000
1790261167417,4260.5200000000,4260.6100000000
1790261167720,4260.5100000000,4260.6000000000
1790261168224,4260.5000000000,4260.5900000000
1790261168526,4260.5100000000,4260.6000000000
1790261169331,4260.4900000000,4260.5800000000
1790261170639,4260.4700000000,4260.5600000000
1790261171041,4260.3600000000,4260.4500000000
1790261171444,4260.3400000000,4260.4300000000
1790261171846,4260.3000000000,4260.3900000000
1790261172249,4260.2900000000,4260.3800000000
1790261172652,4260.3000000000,4260.3900000000
1790261173055,4260.3100000000,4260.4000000000
1790261174261,4260.3200000000,4260.4100000000
1790261174663,4260.3100000000,4260.4000000000
1790261175468,4260.3000000000,4260.3900000000
1790261175872,4260.1500000000,4260.2400000000
1790261176273,4260.1000000000,4260.1900000000
1790261176676,4260.0700000000,4260.1600000000
1790261177078,4260.0800000000,4260.1700000000
1790261177481,4260.1000000000,4260.1900000000
1790261178286,4260.1200000000,4260.2100000000
1790261180297,4260.1800000000,4260.2700000000
1790261180700,4260.2400000000,4260.3300000000
1790261181103,4260.2500000000,4260.3400000000
1790261181505,4260.1400000000,4260.2300000000
1790261181907,4260.1500000000,4260.2400000000
1790261182310,4260.1000000000,4260.1900000000
1790261182714,4260.0900000000,4260.1800000000
1790261183116,4259.9800000000,4260.0700000000
1790261183519,4259.9900000000,4260.0800000000
1790261184324,4260.0100000000,4260.1000000000
1790261184727,4260.0200000000,4260.1100000000
1790261185129,4260.2500000000,4260.3400000000
1790261185532,4260.3100000000,4260.4000000000
1790261186741,4260.3000000000,4260.3900000000
1790261187546,4259.9800000000,4260.0700000000
1790261187949,4259.9400000000,4260.0300000000
1790261188351,4259.9100000000,4260.0100000000
1790261188753,4259.8400000000,4259.9400000000
1790261189156,4259.8500000000,4259.9500000000
1790261189559,4260.0700000000,4260.1700000000
1790261191572,4260.0800000000,4260.1800000000
1790261191974,4260.1300000000,4260.2300000000
1790261192377,4260.1900000000,4260.2900000000
1790261192780,4260.2200000000,4260.3200000000
1790261193183,4260.2300000000,4260.3300000000
1790261193586,4260.2800000000,4260.3800000000
1790261194390,4260.2900000000,4260.3900000000
1790261195195,4260.3000000000,4260.4000000000
1790261195597,4260.2900000000,4260.3900000000
1790261198016,4260.2800000000,4260.3800000000
1790261199224,4260.2900000000,4260.3800000000
1790261200030,4260.2700000000,4260.3600000000
1790261200433,4260.2800000000,4260.3700000000
1790261200834,4260.3100000000,4260.4000000000
1790261202444,4260.5300000000,4260.6200000000
1790261202846,4260.8000000000,4260.8900000000
1790261203249,4260.8000000000,4260.9100000000
1790261204055,4260.8400000000,4260.9500000000
1790261206872,4260.8500000000,4260.9600000000
1790261207275,4260.8700000000,4260.9800000000
1790261208080,4260.8600000000,4260.9700000000
1790261208483,4260.8700000000,4260.9700000000
1790261211301,4260.8800000000,4260.9800000000
1790261212509,4260.8700000000,4260.9700000000
1790261212911,4260.8600000000,4260.9600000000
1790261213314,4260.8300000000,4260.9300000000
1790261213716,4260.8400000000,4260.9400000000
1790261214119,4260.6100000000,4260.7100000000
1790261214521,4260.6200000000,4260.7200000000
1790261214924,4260.5900000000,4260.6900000000
1790261215327,4260.4100000000,4260.5100000000
1790261215729,4260.1700000000,4260.2700000000
1790261216131,4260.1100000000,4260.2300000000
1790261216534,4260.1600000000,4260.2800000000
1790261216937,4260.1700000000,4260.2900000000
1790261217745,4260.1800000000,4260.3000000000
1790261218148,4260.0400000000,4260.1600000000
1790261218550,4259.9700000000,4260.0900000000
1790261218953,4259.9300000000,4260.0500000000
1790261219356,4259.9200000000,4260.0400000000
1790261219758,4259.8400000000,4259.9600000000
1790261220161,4259.8700000000,4259.9900000000
1790261220564,4259.9200000000,4260.0400000000
1790261220966,4259.8300000000,4259.9500000000
1790261221368,4259.8400000000,4259.9600000000
1790261221770,4259.8600000000,4259.9800000000
1790261222173,4259.6400000000,4259.7600000000
1790261222576,4259.6300000000,4259.7500000000
1790261222978,4259.6100000000,4259.7300000000
1790261224186,4259.8000000000,4259.9200000000
1790261224992,4259.7900000000,4259.9100000000
1790261225394,4259.7700000000,4259.8900000000
1790261225796,4259.9600000000,4260.0800000000
1790261226199,4259.9900000000,4260.1100000000
1790261226601,4260.5300000000,4260.6500000000
1790261227004,4260.5400000000,4260.6600000000
1790261227407,4260.5400000000,4260.6700000000
1790261227809,4260.5000000000,4260.6300000000
1790261228211,4260.5300000000,4260.6600000000
1790261228614,4260.4800000000,4260.6100000000
1790261229419,4260.4700000000,4260.6000000000
1790261230225,4260.4400000000,4260.5700000000
1790261230626,4260.4500000000,4260.5800000000
1790261231029,4260.4400000000,4260.5700000000
1790261231431,4260.4900000000,4260.6200000000
1790261231833,4260.5000000000,4260.6300000000
1790261232236,4260.5100000000,4260.6400000000
1790261232640,4260.5300000000,4260.6600000000
1790261233041,4260.5400000000,4260.6700000000
1790261233443,4260.4900000000,4260.6200000000
1790261233846,4260.4800000000,4260.6100000000
1790261234248,4260.6300000000,4260.7500000000
1790261234651,4260.5700000000,4260.6900000000
1790261235456,4260.5600000000,4260.6800000000
1790261236261,4260.4900000000,4260.6100000000
1790261236663,4260.5300000000,4260.6500000000
1790261237870,4260.5400000000,4260.6600000000
1790261238273,4260.7100000000,4260.8300000000
1790261238676,4260.7200000000,4260.8400000000
1790261239078,4260.7000000000,4260.8200000000
1790261239481,4260.6900000000,4260.8100000000
1790261239883,4260.6700000000,4260.7900000000
1790261240688,4260.7300000000,4260.8500000000
1790261241494,4260.7900000000,4260.9100000000
1790261241896,4260.8000000000,4260.9200000000
1790261243104,4260.6900000000,4260.8100000000
1790261243507,4260.6100000000,4260.7300000000
1790261243911,4260.6300000000,4260.7500000000
1790261244716,4260.7300000000,4260.8500000000
1790261245118,4260.6100000000,4260.7300000000
1790261245521,4260.5200000000,4260.6400000000
1790261246326,4260.4000000000,4260.5200000000
1790261247130,4260.4100000000,4260.5300000000
1790261247533,4260.3900000000,4260.5100000000
1790261247935,4260.6400000000,4260.7600000000
1790261248338,4260.6600000000,4260.7800000000
1790261248740,4260.6400000000,4260.7600000000
1790261249142,4260.6600000000,4260.7800000000
1790261249545,4260.4400000000,4260.5600000000
1790261250048,4260.5000000000,4260.6200000000
1790261250450,4260.5500000000,4260.6700000000
1790261250853,4260.5600000000,4260.6800000000
1790261251658,4260.5800000000,4260.7000000000
1790261252061,4260.5700000000,4260.6900000000
1790261252463,4260.5900000000,4260.7100000000
1790261252867,4260.6100000000,4260.7300000000
1790261253169,4260.6500000000,4260.7700000000
1790261253672,4260.6600000000,4260.7800000000
1790261254074,4260.6700000000,4260.7900000000
1790261254477,4260.7600000000,4260.8800000000
1790261254879,4260.7800000000,4260.9000000000
1790261255282,4260.7900000000,4260.9000000000
1790261255685,4260.8000000000,4260.9100000000
1790261257295,4260.7100000000,4260.8200000000
1790261257698,4260.7900000000,4260.9000000000
1790261258503,4261.1400000000,4261.2500000000
1790261258906,4261.1300000000,4261.2400000000
1790261259309,4261.0900000000,4261.2100000000
1790261259711,4261.1300000000,4261.2500000000
1790261260918,4261.2200000000,4261.3400000000
1790261261321,4261.3000000000,4261.4200000000
1790261261723,4261.1500000000,4261.2700000000
1790261262126,4261.0300000000,4261.1500000000
1790261262529,4260.8900000000,4261.0100000000
1790261262932,4260.9100000000,4261.0300000000
1790261263335,4260.9200000000,4261.0400000000
1790261263737,4260.9100000000,4261.0300000000
1790261264140,4260.8900000000,4261.0100000000
1790261265348,4260.8300000000,4260.9500000000
1790261266153,4260.8400000000,4260.9600000000
1790261266556,4260.8500000000,4260.9700000000
1790261266958,4260.8200000000,4260.9400000000
1790261267361,4260.8100000000,4260.9200000000
1790261267764,4260.8400000000,4260.9500000000
1790261268569,4260.8500000000,4260.9600000000
1790261269397,4260.8400000000,4260.9500000000
1790261269800,4260.7000000000,4260.8100000000
1790261270202,4260.6900000000,4260.8000000000
1790261270605,4260.7000000000,4260.8100000000
1790261271007,4260.5900000000,4260.7000000000
1790261271812,4260.6300000000,4260.7400000000
1790261272214,4260.7100000000,4260.8200000000
1790261272617,4260.6800000000,4260.7900000000
1790261273020,4260.6300000000,4260.7400000000
1790261273422,4260.6200000000,4260.7300000000
1790261274227,4260.6300000000,4260.7400000000
1790261274630,4260.6600000000,4260.7700000000
1790261275435,4260.6800000000,4260.7900000000
1790261276239,4260.8000000000,4260.9100000000
1790261276641,4260.7600000000,4260.8700000000
1790261277044,4260.5800000000,4260.6900000000
1790261277447,4260.4600000000,4260.5800000000
1790261277851,4260.4700000000,4260.5900000000
1790261279060,4260.1800000000,4260.3000000000
1790261279463,4260.0400000000,4260.1600000000
1790261279866,4260.0200000000,4260.1400000000
1790261280268,4260.0000000000,4260.1200000000
1790261280671,4260.3300000000,4260.4500000000
1790261281074,4260.5800000000,4260.7000000000
1790261281879,4260.5400000000,4260.6600000000
1790261282281,4260.5300000000,4260.6700000000
1790261283086,4260.4900000000,4260.6300000000
1790261283489,4260.4400000000,4260.5800000000
1790261283891,4260.4000000000,4260.5400000000
1790261284294,4260.3000000000,4260.4400000000
1790261284696,4260.2900000000,4260.4300000000
1790261285501,4260.3200000000,4260.4500000000
1790261286708,4260.3300000000,4260.4600000000
1790261287112,4260.3400000000,4260.4700000000
1790261287917,4260.4800000000,4260.6100000000
1790261288320,4260.4900000000,4260.6200000000
1790261288722,4260.6100000000,4260.7400000000
1790261289527,4260.6300000000,4260.7600000000
1790261290332,4260.6200000000,4260.7500000000
1790261290735,4260.5600000000,4260.6900000000
1790261291138,4260.5000000000,4260.6300000000
1790261291541,4260.6400000000,4260.7700000000
1790261291943,4260.6200000000,4260.7500000000
1790261292345,4260.8500000000,4260.9800000000
1790261292749,4260.8200000000,4260.9500000000
1790261293555,4260.8300000000,4260.9600000000
1790261293958,4260.8100000000,4260.9400000000
1790261294360,4260.8200000000,4260.9500000000
1790261295567,4261.0200000000,4261.1500000000
1790261295969,4261.0100000000,4261.1400000000
1790261296372,4261.2000000000,4261.3300000000
1790261296774,4261.2300000000,4261.3600000000
1790261297177,4261.2400000000,4261.3700000000
1790261297579,4261.2500000000,4261.3800000000
1790261297981,4261.2600000000,4261.3900000000
1790261299592,4261.3000000000,4261.4300000000
1790261299995,4261.3100000000,4261.4400000000
1790261300398,4261.3000000000,4261.4300000000
1790261301606,4261.2900000000,4261.4200000000
1790261302412,4261.1300000000,4261.2600000000
1790261303218,4261.0700000000,4261.2000000000
1790261303621,4261.1300000000,4261.2600000000
1790261304024,4261.1400000000,4261.2700000000
1790261304426,4261.1100000000,4261.2400000000
1790261304829,4261.0400000000,4261.1700000000
1790261305231,4260.9100000000,4261.0400000000
1790261305634,4260.8400000000,4260.9700000000
1790261306036,4260.8200000000,4260.9500000000
1790261307246,4260.8300000000,4260.9600000000
1790261308050,4260.8200000000,4260.9500000000
1790261308452,4260.7900000000,4260.9200000000
1790261308856,4260.8000000000,4260.9300000000
1790261310165,4260.7900000000,4260.9200000000
1790261310466,4260.9000000000,4261.0300000000
1790261310969,4260.9500000000,4261.0800000000
1790261311372,4260.8900000000,4261.0200000000
1790261311775,4260.8700000000,4261.0000000000
1790261312178,4261.0000000000,4261.1300000000
1790261313385,4260.9800000000,4261.1000000000
1790261313788,4261.1100000000,4261.2300000000
1790261314190,4261.1700000000,4261.2900000000
1790261314593,4261.2400000000,4261.3600000000
1790261314995,4261.4100000000,4261.5300000000
1790261315297,4261.3900000000,4261.5200000000
1790261316102,4261.1800000000,4261.3100000000
1790261316605,4261.2400000000,4261.3700000000
1790261317411,4261.2500000000,4261.3800000000
1790261318216,4261.1600000000,4261.2900000000
1790261319021,4261.2200000000,4261.3500000000
1790261319424,4261.2500000000,4261.3800000000
1790261319826,4261.2200000000,4261.3500000000
1790261320631,4261.2100000000,4261.3400000000
1790261321034,4261.2200000000,4261.3500000000
1790261321437,4261.2100000000,4261.3300000000
1790261322645,4261.0600000000,4261.1800000000
1790261323047,4261.0400000000,4261.1600000000
1790261323450,4261.0300000000,4261.1500000000
1790261325464,4260.9500000000,4261.0700000000
1790261325867,4260.9400000000,4261.0600000000
1790261326673,4261.1000000000,4261.2200000000
1790261327075,4260.9200000000,4261.0400000000
1790261327477,4260.9300000000,4261.0500000000
1790261327882,4260.8900000000,4261.0100000000
1790261328284,4260.9900000000,4261.1100000000
1790261329089,4260.9400000000,4261.0600000000
1790261329492,4260.8600000000,4260.9800000000
1790261330700,4260.8200000000,4260.9400000000
1790261331506,4260.8100000000,4260.9300000000
1790261331907,4260.6400000000,4260.7600000000
1790261332310,4260.6200000000,4260.7400000000
1790261332712,4260.7200000000,4260.8400000000
1790261333114,4260.8000000000,4260.9200000000
1790261333517,4260.8300000000,4260.9500000000
1790261333919,4260.8400000000,4260.9600000000
1790261334322,4260.8500000000,4260.9700000000
1790261334724,4260.8400000000,4260.9600000000
1790261335529,4260.8500000000,4260.9700000000
1790261336334,4261.0800000000,4261.2000000000
1790261336737,4261.0400000000,4261.1600000000
1790261337140,4261.0500000000,4261.1700000000
1790261337542,4261.2700000000,4261.3900000000
1790261337949,4261.1700000000,4261.2900000000
1790261338352,4261.1300000000,4261.2500000000
1790261338754,4261.1200000000,4261.2400000000
1790261339560,4261.0900000000,4261.2100000000
1790261340365,4260.9800000000,4261.1000000000
1790261340768,4261.0100000000,4261.1300000000
1790261341171,4261.0400000000,4261.1600000000
1790261341573,4261.0200000000,4261.1400000000
1790261341976,4261.0400000000,4261.1600000000
1790261342378,4261.3500000000,4261.4600000000
1790261342781,4261.3400000000,4261.4500000000
1790261343183,4261.3000000000,4261.4200000000
1790261343586,4261.2400000000,4261.3600000000
1790261343988,4261.1900000000,4261.3100000000
1790261344391,4261.1400000000,4261.2600000000
1790261345196,4261.0500000000,4261.1700000000
1790261346001,4261.0200000000,4261.1400000000
1790261346807,4261.0300000000,4261.1500000000
1790261348014,4261.3700000000,4261.4900000000
1790261348417,4261.4400000000,4261.5600000000
1790261348820,4261.3400000000,4261.4600000000
1790261349222,4261.3300000000,4261.4500000000
1790261349625,4261.3200000000,4261.4400000000
1790261350027,4261.3100000000,4261.4300000000
1790261350832,4261.4800000000,4261.6000000000
1790261351234,4261.2200000000,4261.3400000000
1790261351637,4261.1400000000,4261.2600000000
1790261352039,4261.1100000000,4261.2300000000
1790261352442,4261.1000000000,4261.2200000000
1790261352844,4261.0000000000,4261.1200000000
1790261353246,4260.9600000000,4261.0800000000
1790261354052,4260.9200000000,4261.0400000000
1790261354454,4260.9100000000,4261.0300000000
1790261354858,4261.0900000000,4261.2100000000
1790261355663,4261.0800000000,4261.2000000000
1790261356066,4261.0500000000,4261.1700000000
1790261356469,4261.0600000000,4261.1800000000
1790261356873,4261.1700000000,4261.2900000000
1790261357274,4261.1500000000,4261.2700000000
1790261357677,4261.1300000000,4261.2500000000
1790261358080,4261.1700000000,4261.2900000000
1790261358884,4261.1400000000,4261.2600000000
1790261360495,4261.1600000000,4261.2800000000
1790261361300,4261.0300000000,4261.1500000000
1790261362507,4261.0400000000,4261.1600000000
1790261363314,4261.0200000000,4261.1400000000
1790261363716,4261.0000000000,4261.1200000000
1790261364118,4260.9100000000,4261.0300000000
1790261364521,4260.8300000000,4260.9400000000
1790261364925,4260.8200000000,4260.9300000000
1790261365328,4260.8100000000,4260.9300000000
1790261366132,4261.0400000000,4261.1500000000
1790261366938,4261.0700000000,4261.1800000000
1790261367340,4261.0700000000,4261.1900000000
1790261367743,4260.9700000000,4261.0900000000
1790261368145,4260.9400000000,4261.0600000000
1790261368548,4260.9300000000,4261.0500000000
1790261368951,4260.8200000000,4260.9400000000
1790261369354,4260.8600000000,4260.9700000000
1790261370159,4260.8900000000,4261.0000000000
1790261370562,4260.9000000000,4261.0100000000
1790261371367,4260.8400000000,4260.9500000000
1790261371770,4260.8300000000,4260.9400000000
1790261374590,4260.8400000000,4260.9500000000
1790261375394,4260.8500000000,4260.9600000000
1790261375797,4260.8900000000,4261.0000000000
1790261376200,4260.8800000000,4260.9900000000
1790261377408,4260.8900000000,4260.9900000000
1790261377810,4260.9100000000,4261.0100000000
1790261378212,4260.9300000000,4261.0300000000
1790261378615,4260.9400000000,4261.0400000000
1790261379421,4261.0100000000,4261.1100000000
1790261379823,4261.2700000000,4261.3700000000
1790261380628,4261.1700000000,4261.2700000000
1790261381030,4261.1800000000,4261.2800000000
1790261381935,4261.2000000000,4261.3000000000
1790261382338,4261.2800000000,4261.3800000000
1790261382741,4261.2900000000,4261.3900000000
1790261383546,4261.3200000000,4261.4200000000
1790261383949,4261.2900000000,4261.3900000000
1790261384352,4261.2000000000,4261.3000000000
1790261384754,4261.1800000000,4261.2800000000
1790261385157,4261.1700000000,4261.2700000000
1790261385559,4261.0900000000,4261.1900000000
1790261385962,4261.1400000000,4261.2400000000
1790261386365,4261.1800000000,4261.2800000000
1790261386767,4261.2000000000,4261.3000000000
1790261387170,4261.2800000000,4261.3800000000
1790261387974,4261.3100000000,4261.4100000000
1790261388377,4261.2500000000,4261.3500000000
1790261388780,4261.2600000000,4261.3600000000
1790261389585,4261.2200000000,4261.3200000000
1790261389987,4261.1300000000,4261.2300000000
1790261390390,4261.1200000000,4261.2100000000
1790261390792,4261.1300000000,4261.2200000000
1790261391194,4261.1300000000,4261.2300000000
1790261391597,4260.9300000000,4261.0300000000
1790261392001,4260.7700000000,4260.8700000000
1790261392403,4260.7700000000,4260.8600000000
1790261392805,4260.7600000000,4260.8500000000
1790261393208,4260.7500000000,4260.8600000000
1790261394818,4260.7000000000,4260.8100000000
1790261395221,4260.4900000000,4260.5900000000
1790261395623,4260.4400000000,4260.5400000000
1790261396026,4260.5200000000,4260.6200000000
1790261396428,4260.5100000000,4260.6200000000
1790261396832,4260.5700000000,4260.6800000000
1790261397234,4260.5900000000,4260.7000000000
1790261397638,4260.6000000000,4260.7100000000
1790261398041,4260.6100000000,4260.7200000000
1790261398444,4260.6400000000,4260.7500000000
1790261398847,4260.5800000000,4260.6900000000
1790261399249,4260.6200000000,4260.7300000000
1790261399652,4260.6300000000,4260.7400000000
1790261400054,4260.6300000000,4260.7400000000
1790261400457,4260.6700000000,4260.7800000000
1790261400858,4260.6800000000,4260.7900000000
1790261401261,4260.7000000000,4260.8100000000
1790261401664,4260.7100000000,4260.8200000000
1790261402066,4260.7200000000,4260.8300000000
1790261402469,4260.7200000000,4260.8200000000
1790261402872,4260.7300000000,4260.8300000000
1790261403677,4260.6500000000,4260.7500000000
1790261404079,4260.6400000000,4260.7400000000
1790261404482,4260.6200000000,4260.7200000000
1790261405287,4260.4300000000,4260.5300000000
1790261405689,4260.4600000000,4260.5600000000
1790261406092,4260.4400000000,4260.5400000000
1790261406495,4260.4500000000,4260.5500000000
1790261406898,4260.4400000000,4260.5400000000
1790261408911,4260.4600000000,4260.5600000000
1790261409716,4260.4700000000,4260.5700000000
1790261410522,4260.4800000000,4260.5800000000
1790261410924,4260.4900000000,4260.5900000000
1790261411327,4260.5000000000,4260.6000000000
1790261411729,4260.5400000000,4260.6400000000
1790261412132,4260.6200000000,4260.7100000000
1790261412534,4260.6000000000,4260.6900000000
1790261412937,4260.6200000000,4260.7100000000
1790261413742,4260.4700000000,4260.5600000000
1790261414145,4260.3100000000,4260.4000000000
1790261414548,4260.5000000000,4260.5900000000
1790261414950,4260.5300000000,4260.6200000000
1790261415454,4260.7300000000,4260.8200000000
1790261415756,4260.7900000000,4260.8800000000
1790261416258,4260.7900000000,4260.8900000000
1790261416660,4260.8100000000,4260.9100000000
1790261419882,4260.6000000000,4260.7000000000
1790261421089,4260.5900000000,4260.6900000000
1790261421492,4260.5800000000,4260.6800000000
1790261422700,4260.5700000000,4260.6700000000
1790261423102,4260.5600000000,4260.6600000000
1790261423505,4260.5700000000,4260.6600000000
1790261424310,4260.6900000000,4260.7800000000
1790261424712,4260.7800000000,4260.8700000000
1790261425115,4260.7500000000,4260.8400000000
1790261425517,4260.8800000000,4260.9700000000
1790261425919,4260.9200000000,4261.0100000000
1790261426724,4260.9700000000,4261.0600000000
1790261427127,4261.0000000000,4261.0900000000
1790261427932,4261.0400000000,4261.1300000000
1790261428737,4261.0500000000,4261.1400000000
1790261429140,4260.9400000000,4261.0300000000
1790261429542,4260.9500000000,4261.0400000000
1790261429945,4260.9600000000,4261.0500000000
1790261430348,4260.9800000000,4261.0700000000
1790261430750,4261.0100000000,4261.1000000000
1790261431153,4261.1100000000,4261.2000000000
1790261431555,4261.1300000000,4261.2200000000
1790261432360,4261.1500000000,4261.2400000000
1790261432764,4261.1600000000,4261.2500000000
1790261433568,4261.1700000000,4261.2600000000
1790261434373,4261.3400000000,4261.4300000000
1790261435581,4261.3300000000,4261.4200000000
1790261435983,4261.2200000000,4261.3100000000
1790261436386,4261.2100000000,4261.3000000000
1790261436788,4261.1600000000,4261.2500000000
1790261437191,4261.1300000000,4261.2200000000
1790261437996,4261.1000000000,4261.1900000000
1790261438398,4261.1100000000,4261.2000000000
1790261438802,4261.0900000000,4261.1800000000
1790261439204,4261.0800000000,4261.1700000000
1790261440816,4261.1200000000,4261.2100000000
1790261441219,4261.1300000000,4261.2100000000
1790261441621,4261.1400000000,4261.2200000000
1790261442024,4261.1600000000,4261.2400000000
1790261442427,4260.5500000000,4260.6300000000
1790261442829,4260.5400000000,4260.6200000000
1790261443232,4260.4700000000,4260.5900000000
1790261443634,4260.4100000000,4260.5300000000
1790261444037,4260.4400000000,4260.5600000000
1790261444440,4260.4600000000,4260.5800000000
1790261444843,4260.4300000000,4260.5500000000
1790261445245,4260.4400000000,4260.5600000000
1790261446050,4260.4500000000,4260.5700000000
1790261446453,4260.3900000000,4260.5100000000
1790261446856,4260.3800000000,4260.5000000000
1790261447661,4260.7100000000,4260.8300000000
1790261448064,4261.0100000000,4261.1300000000
1790261448466,4261.0300000000,4261.1500000000
1790261448869,4261.0600000000,4261.1800000000
1790261449271,4261.0600000000,4261.1900000000
1790261449674,4260.9600000000,4261.0900000000
1790261450077,4260.9100000000,4261.0400000000
1790261450480,4260.8800000000,4261.0000000000
1790261450883,4260.4600000000,4260.5800000000
1790261451285,4260.4900000000,4260.6200000000
1790261451688,4260.5000000000,4260.6300000000
1790261452091,4260.4600000000,4260.5900000000
1790261452494,4260.4800000000,4260.6100000000
1790261452896,4260.4500000000,4260.5800000000
1790261453299,4260.1300000000,4260.2600000000
1790261453701,4260.1600000000,4260.2900000000
1790261454103,4260.0900000000,4260.2300000000
1790261454506,4260.0700000000,4260.2100000000
1790261455714,4260.3100000000,4260.4500000000
1790261456116,4260.5800000000,4260.7200000000
1790261456519,4260.5700000000,4260.7100000000
1790261456922,4260.6200000000,4260.7600000000
1790261457324,4260.6300000000,4260.7700000000
1790261457727,4260.5200000000,4260.6600000000
1790261458130,4260.5000000000,4260.6400000000
1790261458533,4260.4900000000,4260.6300000000
1790261458936,4260.5200000000,4260.6600000000
1790261459338,4260.5100000000,4260.6500000000
1790261460144,4260.5100000000,4260.6500000000
1790261460546,4260.5000000000,4260.6400000000
1790261460948,4260.6500000000,4260.7900000000
1790261461351,4260.6600000000,4260.8000000000
1790261461754,4260.6000000000,4260.7400000000
1790261462156,4260.6100000000,4260.7500000000
1790261462961,4260.8100000000,4260.9500000000
1790261463364,4260.8400000000,4260.9800000000
1790261463766,4260.9200000000,4261.0600000000
1790261465376,4260.9800000000,4261.1200000000
1790261465779,4260.9500000000,4261.0900000000
1790261466182,4260.9300000000,4261.0700000000
1790261466586,4260.9200000000,4261.0600000000
1790261467391,4260.8500000000,4260.9900000000
1790261467793,4260.8000000000,4260.9400000000
1790261468195,4260.8300000000,4260.9600000000
1790261468598,4260.7400000000,4260.8700000000
1790261469000,4260.7100000000,4260.8400000000
1790261469403,4260.7000000000,4260.8300000000
1790261469805,4260.6700000000,4260.8000000000
1790261470207,4260.6600000000,4260.7900000000
1790261470610,4260.6500000000,4260.7800000000
1790261471012,4260.4300000000,4260.5600000000
1790261471415,4260.4000000000,4260.5300000000
1790261472220,4260.3900000000,4260.5200000000
1790261473531,4260.5300000000,4260.6600000000
1790261474237,4260.5500000000,4260.6800000000
1790261474740,4260.5400000000,4260.6700000000
1790261475143,4260.5200000000,4260.6500000000
1790261475445,4260.4400000000,4260.5700000000
1790261475847,4260.3300000000,4260.4600000000
1790261476249,4260.3100000000,4260.4400000000
1790261476652,4260.3700000000,4260.5000000000
1790261477054,4260.4100000000,4260.5400000000
1790261477457,4260.3500000000,4260.4800000000
1790261477959,4260.3100000000,4260.4400000000
1790261478362,4260.3200000000,4260.4500000000
1790261478764,4260.3300000000,4260.4600000000
1790261479569,4260.3600000000,4260.4900000000
1790261479974,4260.3700000000,4260.5000000000
1790261480376,4260.3400000000,4260.4700000000
1790261480780,4260.1500000000,4260.2800000000
1790261481584,4260.2400000000,4260.3700000000
1790261481986,4260.3800000000,4260.5100000000
1790261482389,4260.3200000000,4260.4500000000
1790261482792,4260.3100000000,4260.4400000000
1790261483195,4260.3000000000,4260.4200000000
1790261483597,4260.2000000000,4260.3200000000
1790261484402,4260.1500000000,4260.2700000000
1790261484806,4260.1700000000,4260.2900000000
1790261485208,4260.1800000000,4260.3000000000
1790261485611,4260.2100000000,4260.3300000000
1790261486819,4260.6700000000,4260.7900000000
1790261487223,4260.4500000000,4260.5700000000
1790261487624,4260.3600000000,4260.4800000000
1790261488027,4260.6000000000,4260.7200000000
1790261488430,4260.5900000000,4260.7100000000
1790261488833,4260.5800000000,4260.7000000000
1790261490041,4260.5700000000,4260.6900000000
1790261490444,4260.5200000000,4260.6400000000
1790261490846,4260.6800000000,4260.8000000000
1790261491248,4260.6900000000,4260.8100000000
1790261492053,4260.6000000000,4260.7200000000
1790261492456,4260.4600000000,4260.5800000000
1790261492858,4260.4900000000,4260.6100000000
1790261493261,4260.5000000000,4260.6200000000
1790261493663,4260.4900000000,4260.6100000000
1790261494065,4260.5200000000,4260.6400000000
1790261494468,4260.5500000000,4260.6700000000
1790261494871,4260.5200000000,4260.6400000000
1790261495273,4260.4800000000,4260.6000000000
1790261495676,4260.4300000000,4260.5500000000
1790261496078,4260.3700000000,4260.4900000000
1790261496883,4260.3600000000,4260.4800000000
1790261499298,4260.3600000000,4260.4700000000
1790261500506,4260.4900000000,4260.6000000000
1790261501312,4260.5200000000,4260.6300000000
1790261501714,4260.5400000000,4260.6500000000
1790261502117,4260.5300000000,4260.6400000000
1790261502519,4260.5900000000,4260.7000000000
1790261502925,4260.5300000000,4260.6400000000
1790261503327,4260.4700000000,4260.5800000000
1790261503730,4260.5000000000,4260.6100000000
1790261504133,4260.5300000000,4260.6400000000
1790261504535,4260.5400000000,4260.6500000000
1790261504938,4260.5600000000,4260.6700000000
1790261505341,4260.5500000000,4260.6600000000
1790261505744,4260.5300000000,4260.6400000000
1790261506148,4260.5400000000,4260.6500000000
1790261506549,4260.5300000000,4260.6400000000
1790261506951,4260.5500000000,4260.6600000000
1790261507354,4260.5500000000,4260.6500000000
1790261508159,4260.6200000000,4260.7200000000
1790261508562,4260.6100000000,4260.7100000000
1790261508964,4260.5900000000,4260.6900000000
1790261510574,4260.6300000000,4260.7300000000
1790261510976,4260.6600000000,4260.7600000000
1790261511379,4260.6700000000,4260.7700000000
1790261511782,4260.6500000000,4260.7500000000
1790261512184,4260.6600000000,4260.7500000000
1790261512990,4260.6400000000,4260.7300000000
1790261513393,4260.4000000000,4260.4900000000
1790261513795,4260.3800000000,4260.4700000000
1790261514198,4260.3600000000,4260.4600000000
1790261515003,4260.4200000000,4260.5200000000
1790261515406,4260.4100000000,4260.5100000000
1790261515809,4260.5600000000,4260.6600000000
1790261516212,4260.4700000000,4260.5700000000
1790261517017,4260.4600000000,4260.5600000000
1790261517420,4260.4800000000,4260.5800000000
1790261517823,4260.4600000000,4260.5600000000
1790261518630,4260.4700000000,4260.5700000000
1790261519032,4260.4800000000,4260.5800000000
1790261519435,4260.4800000000,4260.5700000000
1790261519838,4260.5000000000,4260.5900000000
1790261520240,4260.4700000000,4260.5600000000
1790261520643,4260.4200000000,4260.5100000000
1790261521045,4260.4100000000,4260.5000000000
1790261521448,4260.4000000000,4260.4900000000
1790261521850,4260.4600000000,4260.5500000000
1790261522252,4260.6100000000,4260.7000000000
1790261522655,4260.5400000000,4260.6300000000
1790261523057,4260.5500000000,4260.6400000000
1790261523460,4260.5700000000,4260.6600000000
1790261523864,4260.6600000000,4260.7500000000
1790261524266,4260.6800000000,4260.7700000000
1790261524668,4260.6500000000,4260.7400000000
1790261525071,4260.7500000000,4260.8400000000
1790261525473,4260.8200000000,4260.9100000000
1790261526681,4260.8500000000,4260.9400000000
1790261527083,4260.7200000000,4260.8100000000
1790261528694,4260.8500000000,4260.9400000000
1790261529096,4260.9200000000,4261.0000000000
1790261529499,4260.9100000000,4260.9900000000
1790261529901,4260.9200000000,4261.0000000000
1790261530304,4260.9400000000,4261.0300000000
1790261531109,4260.6500000000,4260.7300000000
1790261531512,4260.6900000000,4260.7700000000
1790261531915,4260.6800000000,4260.7600000000
1790261532318,4260.6500000000,4260.7400000000
1790261532721,4260.6400000000,4260.7300000000
1790261533123,4260.6700000000,4260.7600000000
1790261533526,4260.6900000000,4260.7800000000
1790261534331,4261.0500000000,4261.1400000000
1790261534734,4261.1300000000,4261.2200000000
1790261535138,4261.1300000000,4261.2400000000
1790261535541,4261.1500000000,4261.2600000000
1790261535943,4261.1200000000,4261.2300000000
1790261536749,4261.0800000000,4261.1900000000
1790261537152,4261.0800000000,4261.1800000000
1790261537957,4261.1200000000,4261.2200000000
1790261538359,4261.1300000000,4261.2300000000
1790261538762,4261.0700000000,4261.1700000000
1790261539568,4260.9200000000,4261.0200000000
1790261539970,4260.8800000000,4260.9800000000
1790261540373,4260.8800000000,4260.9900000000
1790261540775,4260.8900000000,4261.0000000000
1790261541177,4260.8900000000,4260.9900000000
1790261541982,4260.8800000000,4260.9800000000
1790261543592,4260.8500000000,4260.9500000000
1790261543996,4260.8100000000,4260.9100000000
1790261544398,4260.7500000000,4260.8500000000
1790261544802,4260.7000000000,4260.8000000000
1790261545607,4260.7100000000,4260.8100000000
1790261547216,4260.8500000000,4260.9500000000
1790261547619,4260.8600000000,4260.9600000000
1790261548121,4260.8800000000,4260.9800000000
1790261548423,4260.8300000000,4260.9300000000
1790261548826,4260.7900000000,4260.8900000000
1790261549330,4260.8600000000,4260.9600000000
1790261549732,4260.8900000000,4260.9900000000
1790261550135,4260.9200000000,4261.0200000000
1790261550940,4260.8400000000,4260.9400000000
1790261551342,4260.8700000000,4260.9600000000
1790261551746,4260.9200000000,4261.0100000000
1790261552149,4260.9000000000,4260.9900000000
1790261552956,4260.8900000000,4260.9800000000
1790261555371,4260.8900000000,4260.9700000000
1790261556579,4260.8400000000,4260.9200000000
1790261556981,4260.7700000000,4260.8500000000
1790261557787,4260.7900000000,4260.8700000000
1790261558189,4260.7800000000,4260.8600000000
1790261558592,4260.6000000000,4260.6800000000
1790261558994,4260.5900000000,4260.6700000000
1790261560202,4260.5200000000,4260.6000000000
1790261561007,4260.5400000000,4260.6200000000
1790261561410,4260.6600000000,4260.7400000000
1790261561812,4260.6300000000,4260.7100000000
1790261562215,4260.6000000000,4260.6800000000
1790261563020,4260.5800000000,4260.6600000000
1790261563423,4260.3800000000,4260.4600000000
1790261563826,4260.3600000000,4260.4400000000
1790261564228,4260.3200000000,4260.4000000000
1790261564630,4260.1900000000,4260.2700000000
1790261565033,4260.2000000000,4260.2800000000
1790261565436,4260.1800000000,4260.2600000000
1790261565837,4260.1100000000,4260.1900000000
1790261566240,4259.9500000000,4260.0300000000
1790261566642,4259.9100000000,4259.9900000000
1790261567045,4259.8400000000,4259.9200000000
1790261567448,4259.8300000000,4259.9200000000
1790261567850,4259.8400000000,4259.9300000000
1790261568253,4259.8000000000,4259.8800000000
1790261568655,4260.1400000000,4260.2200000000
1790261569057,4260.1100000000,4260.1900000000
1790261569460,4260.1000000000,4260.1900000000
1790261569863,4260.3000000000,4260.3900000000
1790261570265,4260.3700000000,4260.4600000000
1790261571071,4260.3900000000,4260.4800000000
1790261571474,4260.4600000000,4260.5600000000
1790261571877,4260.4900000000,4260.5900000000
1790261572279,4260.5100000000,4260.6100000000
1790261572682,4260.4000000000,4260.5000000000
1790261573085,4260.4100000000,4260.5100000000
1790261573488,4260.3800000000,4260.4800000000
1790261574293,4260.2500000000,4260.3500000000
1790261574696,4260.2200000000,4260.3200000000
1790261575099,4260.2100000000,4260.3100000000
1790261575502,4260.2000000000,4260.3000000000
1790261575904,4260.3200000000,4260.4200000000
1790261576307,4260.2800000000,4260.3700000000
1790261576710,4260.2700000000,4260.3600000000
1790261577112,4260.2300000000,4260.3200000000
1790261577515,4260.2400000000,4260.3300000000
1790261577917,4260.4700000000,4260.5600000000
1790261578320,4260.4200000000,4260.5100000000
1790261578726,4260.4300000000,4260.5200000000
1790261579531,4260.2700000000,4260.3600000000
1790261579933,4260.2200000000,4260.3100000000
1790261580336,4260.2600000000,4260.3600000000
1790261580738,4260.3700000000,4260.4700000000
1790261583156,4260.2900000000,4260.3800000000
1790261583558,4260.2800000000,4260.3700000000
1790261583961,4260.3600000000,4260.4500000000
1790261584364,4260.3700000000,4260.4600000000
1790261584766,4260.4100000000,4260.5000000000
1790261585169,4260.5000000000,4260.5900000000
1790261585571,4260.5100000000,4260.6000000000
1790261586376,4260.5300000000,4260.6200000000
1790261586779,4260.5500000000,4260.6400000000
1790261587182,4260.5400000000,4260.6300000000
1790261587584,4260.3700000000,4260.4600000000
1790261587986,4260.3500000000,4260.4400000000
1790261589194,4260.3400000000,4260.4300000000
1790261590402,4260.3600000000,4260.4500000000
1790261591207,4260.3600000000,4260.4400000000
1790261592415,4260.3200000000,4260.4000000000
1790261595233,4260.3200000000,4260.3900000000
1790261595636,4260.3400000000,4260.4100000000
1790261596038,4260.3700000000,4260.4400000000
1790261596441,4260.3400000000,4260.4100000000
1790261596842,4260.3300000000,4260.4000000000
1790261599259,4260.3400000000,4260.4100000000
1790261600065,4260.3000000000,4260.3700000000
1790261600467,4260.3100000000,4260.3800000000
1790261601674,4260.3500000000,4260.4200000000
1790261602077,4260.3400000000,4260.4100000000
1790261602479,4260.3300000000,4260.4000000000
1790261602882,4260.3400000000,4260.4100000000
1790261604090,4260.3100000000,4260.3800000000
1790261604493,4260.3500000000,4260.4200000000
1790261605297,4260.3600000000,4260.4300000000
1790261606102,4260.3300000000,4260.4000000000
1790261606505,4260.5500000000,4260.6200000000
1790261606907,4260.5800000000,4260.6500000000
1790261607310,4260.5600000000,4260.6300000000
1790261608115,4260.6100000000,4260.6800000000
1790261608517,4260.6600000000,4260.7300000000
1790261609322,4260.6500000000,4260.7200000000
1790261609726,4260.6700000000,4260.7400000000
1790261610129,4260.8100000000,4260.8800000000
1790261610531,4260.7500000000,4260.8200000000
1790261610935,4260.6500000000,4260.7200000000
1790261611337,4260.4700000000,4260.5400000000
1790261611740,4260.4400000000,4260.5100000000
1790261612143,4260.4500000000,4260.5200000000
1790261612948,4260.4400000000,4260.5100000000
1790261613350,4260.4200000000,4260.4900000000
1790261614961,4260.4300000000,4260.5000000000
1790261615767,4260.4500000000,4260.5200000000
1790261616169,4260.6100000000,4260.6800000000
1790261616572,4260.3600000000,4260.4300000000
1790261616974,4260.3300000000,4260.4000000000
1790261617377,4260.3900000000,4260.4600000000
1790261617780,4260.3700000000,4260.4400000000
1790261618182,4260.3300000000,4260.4000000000
1790261619390,4260.2900000000,4260.3600000000
1790261620195,4260.2800000000,4260.3500000000
1790261620598,4260.2900000000,4260.3600000000
1790261621001,4260.2200000000,4260.2900000000
1790261621403,4260.3100000000,4260.3800000000
1790261622209,4260.2900000000,4260.3600000000
1790261622611,4260.2400000000,4260.3100000000
1790261623013,4260.2300000000,4260.3000000000
1790261623416,4260.0200000000,4260.0900000000
1790261623819,4259.9600000000,4260.0300000000
1790261624221,4259.8800000000,4259.9500000000
1790261624624,4259.8900000000,4259.9600000000
1790261625026,4260.2200000000,4260.2900000000
1790261625428,4260.2200000000,4260.3000000000
1790261626232,4260.2400000000,4260.3200000000
1790261626635,4260.2300000000,4260.3100000000
1790261627037,4260.2100000000,4260.2900000000
1790261629453,4260.2100000000,4260.2800000000
1790261630661,4260.2200000000,4260.2900000000
1790261631063,4260.1000000000,4260.1700000000
1790261631566,4260.0900000000,4260.1600000000
1790261631869,4260.1000000000,4260.1700000000
1790261633177,4260.0500000000,4260.1200000000
1790261633881,4259.9500000000,4260.0200000000
1790261634384,4259.9300000000,4260.0000000000
1790261634786,4259.8600000000,4259.9300000000
1790261635088,4259.8300000000,4259.9000000000
1790261635894,4259.8400000000,4259.9100000000
1790261636397,4259.8600000000,4259.9300000000
1790261637102,4259.8700000000,4259.9400000000
1790261639619,4259.8800000000,4259.9500000000
1790261640022,4259.8700000000,4259.9400000000
1790261640425,4259.8000000000,4259.8700000000
1790261640827,4259.7500000000,4259.8200000000
1790261641632,4259.2600000000,4259.3300000000
1790261642035,4259.1100000000,4259.1800000000
1790261642438,4259.2000000000,4259.3100000000
1790261642840,4259.6300000000,4259.7400000000
1790261643243,4259.5700000000,4259.7000000000
1790261644047,4259.4400000000,4259.5700000000
1790261644450,4259.5500000000,4259.6800000000
1790261644853,4259.6000000000,4259.7300000000
1790261645255,4259.7300000000,4259.8600000000
1790261645657,4259.7500000000,4259.8800000000
1790261646463,4259.6700000000,4259.8000000000
1790261646866,4259.7400000000,4259.8700000000
1790261647268,4259.7000000000,4259.8300000000
1790261647671,4259.7700000000,4259.9000000000
1790261648074,4260.0800000000,4260.2100000000
1790261648476,4260.1300000000,4260.2600000000
1790261648878,4260.1400000000,4260.2700000000
1790261649281,4260.1400000000,4260.2800000000
1790261650086,4260.1300000000,4260.2700000000
1790261650488,4260.1600000000,4260.3000000000
1790261651293,4260.3900000000,4260.5300000000
1790261652098,4260.4300000000,4260.5700000000
1790261652501,4260.3700000000,4260.5100000000
1790261652903,4260.1600000000,4260.3000000000
1790261653708,4260.1400000000,4260.2800000000
1790261654514,4260.2200000000,4260.3600000000
1790261654916,4260.2500000000,4260.3900000000
1790261655318,4260.1700000000,4260.3100000000
1790261655721,4260.3400000000,4260.4800000000
1790261656928,4260.4400000000,4260.5800000000
1790261657331,4260.4500000000,4260.5900000000
1790261658136,4260.5000000000,4260.6400000000
1790261658941,4260.5400000000,4260.6800000000
1790261659746,4260.5100000000,4260.6500000000
1790261660151,4260.5000000000,4260.6400000000
1790261660956,4260.5100000000,4260.6500000000
1790261661358,4260.5400000000,4260.6800000000
1790261662164,4260.5500000000,4260.6900000000
1790261662968,4260.7900000000,4260.9300000000
1790261663371,4260.8000000000,4260.9400000000
1790261663773,4260.7400000000,4260.8800000000
1790261664176,4260.8300000000,4260.9700000000
1790261664980,4260.7700000000,4260.9100000000
1790261665383,4260.7200000000,4260.8600000000
1790261665785,4260.6800000000,4260.8200000000
1790261666187,4260.6600000000,4260.8000000000
1790261666590,4260.7200000000,4260.8600000000
1790261667395,4260.7400000000,4260.8700000000
1790261668200,4260.8500000000,4260.9800000000
1790261669005,4260.9300000000,4261.0600000000
1790261669408,4260.9500000000,4261.0800000000
1790261670213,4260.9700000000,4261.1000000000
1790261670615,4261.0300000000,4261.1600000000
1790261671018,4261.0600000000,4261.1900000000
1790261671823,4261.0900000000,4261.2200000000
1790261673030,4260.7700000000,4260.9000000000
1790261673432,4260.7800000000,4260.9100000000
1790261673835,4260.6800000000,4260.8100000000
1790261674238,4260.7600000000,4260.9000000000
1790261674641,4260.7900000000,4260.9300000000
1790261675043,4260.8200000000,4260.9600000000
1790261675848,4260.9500000000,4261.0900000000
1790261676653,4260.8200000000,4260.9600000000
1790261677056,4260.7500000000,4260.8900000000
1790261677458,4260.7100000000,4260.8500000000
1790261678666,4260.7300000000,4260.8700000000
1790261679069,4260.7900000000,4260.9300000000
1790261679472,4260.8400000000,4260.9800000000
1790261679875,4260.8500000000,4260.9900000000
1790261681084,4260.6400000000,4260.7800000000
1790261681487,4260.6200000000,4260.7600000000
1790261681889,4260.5800000000,4260.7200000000
1790261682292,4260.6500000000,4260.7900000000
1790261683097,4260.7300000000,4260.8700000000
1790261683499,4260.7500000000,4260.8900000000
1790261684305,4260.8400000000,4260.9800000000
1790261684707,4260.7400000000,4260.8800000000
1790261685110,4260.7200000000,4260.8600000000
1790261685512,4260.7000000000,4260.8400000000
1790261685914,4260.6300000000,4260.7700000000
1790261686720,4260.7200000000,4260.8600000000
1790261687122,4260.7300000000,4260.8700000000
1790261687525,4260.7400000000,4260.8800000000
1790261688330,4260.7500000000,4260.8900000000
1790261688732,4260.7300000000,4260.8700000000
1790261689135,4260.7400000000,4260.8700000000
1790261689537,4260.7500000000,4260.8800000000
1790261689940,4260.8500000000,4260.9800000000
1790261690343,4260.8600000000,4260.9900000000
1790261691954,4260.8300000000,4260.9600000000
1790261692760,4260.7600000000,4260.8900000000
1790261693163,4260.4800000000,4260.6100000000
1790261693565,4260.4000000000,4260.5300000000
1790261693967,4260.3900000000,4260.5200000000
1790261694470,4260.3700000000,4260.5100000000
1790261694873,4260.5200000000,4260.6600000000
1790261695275,4260.4900000000,4260.6300000000
1790261695678,4260.6000000000,4260.7400000000
1790261696081,4260.6200000000,4260.7600000000
1790261696483,4260.6400000000,4260.7800000000
1790261696886,4260.6000000000,4260.7400000000
1790261697289,4260.5300000000,4260.6700000000
1790261698094,4260.5200000000,4260.6600000000
1790261698496,4260.5300000000,4260.6700000000
1790261699302,4260.6300000000,4260.7600000000
1790261700107,4260.6600000000,4260.7900000000
1790261700510,4260.8300000000,4260.9600000000
1790261700913,4260.9700000000,4261.1000000000
1790261701315,4261.0100000000,4261.1500000000
1790261701718,4261.0200000000,4261.1600000000
1790261702121,4261.0300000000,4261.1700000000
1790261702928,4261.0400000000,4261.1800000000
1790261703732,4261.0600000000,4261.2000000000
1790261704135,4261.2100000000,4261.3500000000
1790261704538,4261.1600000000,4261.3000000000
1790261704941,4261.2100000000,4261.3500000000
1790261705344,4261.1800000000,4261.3200000000
1790261705745,4261.1700000000,4261.3100000000
1790261706148,4261.1800000000,4261.3100000000
1790261706550,4261.2300000000,4261.3600000000
1790261706952,4261.3900000000,4261.5200000000
1790261707355,4261.4300000000,4261.5700000000
1790261707757,4261.4100000000,4261.5500000000
1790261708159,4261.4200000000,4261.5500000000
1790261708562,4261.4000000000,4261.5300000000
1790261709367,4261.3000000000,4261.4300000000
1790261710575,4261.2100000000,4261.3400000000
1790261711380,4261.1600000000,4261.2900000000
1790261711783,4261.1700000000,4261.3000000000
1790261713393,4261.1600000000,4261.2900000000
1790261714198,4261.1100000000,4261.2300000000
1790261714601,4261.0700000000,4261.1900000000
1790261715005,4261.0800000000,4261.2000000000
1790261715408,4260.9800000000,4261.1000000000
1790261715811,4261.0300000000,4261.1500000000
1790261716213,4260.9600000000,4261.0800000000
1790261717422,4260.9800000000,4261.1000000000
1790261717826,4260.9700000000,4261.0900000000
1790261718632,4260.9500000000,4261.0700000000
1790261719437,4261.1000000000,4261.2200000000
1790261719840,4261.1100000000,4261.2300000000
1790261720243,4261.1500000000,4261.2700000000
1790261721451,4261.1200000000,4261.2300000000
1790261722256,4261.0000000000,4261.1100000000
1790261723062,4261.1000000000,4261.2100000000
1790261723866,4261.0800000000,4261.1900000000
1790261724672,4261.1400000000,4261.2500000000
1790261725074,4261.1100000000,4261.2200000000
1790261725879,4260.9900000000,4261.1000000000
1790261726282,4260.9700000000,4261.0800000000
1790261726685,4261.0100000000,4261.1200000000
1790261727088,4261.0300000000,4261.1400000000
1790261727894,4261.0400000000,4261.1500000000
1790261728296,4261.0500000000,4261.1500000000
1790261728699,4260.9900000000,4261.0900000000
1790261729101,4261.0300000000,4261.1300000000
1790261729504,4261.0000000000,4261.1000000000
1790261730309,4260.7800000000,4260.8800000000
1790261730712,4260.4300000000,4260.5300000000
1790261731115,4260.2800000000,4260.3800000000
1790261731517,4260.0300000000,4260.1700000000
1790261731919,4260.0400000000,4260.1800000000
1790261732725,4260.0600000000,4260.2000000000
1790261733127,4260.0800000000,4260.2200000000
1790261734335,4260.0600000000,4260.2000000000
1790261735139,4260.0000000000,4260.1400000000
1790261735543,4259.8100000000,4259.9500000000
1790261735947,4259.7100000000,4259.8500000000
1790261736349,4259.5800000000,4259.7200000000
1790261737557,4259.4700000000,4259.6100000000
1790261737959,4259.4800000000,4259.6200000000
1790261738361,4259.6800000000,4259.8200000000
1790261738764,4259.6900000000,4259.8300000000
1790261739167,4259.7100000000,4259.8500000000
1790261739570,4259.7400000000,4259.8800000000
1790261739972,4259.9500000000,4260.0900000000
1790261740374,4259.9900000000,4260.1300000000
1790261740777,4260.0000000000,4260.1400000000
1790261741180,4260.1300000000,4260.2700000000
1790261741582,4260.1700000000,4260.3100000000
1790261741985,4260.2600000000,4260.4000000000
1790261742388,4260.2700000000,4260.4100000000
1790261743193,4260.3300000000,4260.4700000000
1790261743595,4260.3500000000,4260.4900000000
1790261743998,4260.4000000000,4260.5400000000
1790261744401,4260.3900000000,4260.5300000000
1790261744803,4260.3000000000,4260.4400000000
1790261745206,4260.2900000000,4260.4300000000
1790261745609,4260.2800000000,4260.4200000000
1790261746414,4260.4200000000,4260.5600000000
1790261746816,4260.4400000000,4260.5800000000
1790261747219,4260.4600000000,4260.6000000000
1790261748427,4260.4500000000,4260.5900000000
1790261750038,4260.4600000000,4260.6000000000
1790261751246,4260.5100000000,4260.6500000000
1790261751649,4260.4900000000,4260.6300000000
1790261752052,4260.4100000000,4260.5500000000
1790261752454,4260.4200000000,4260.5600000000
1790261753260,4260.4500000000,4260.5900000000
1790261754470,4260.4800000000,4260.6200000000
1790261755275,4260.6000000000,4260.7400000000
1790261755678,4260.6100000000,4260.7500000000
1790261756080,4260.6400000000,4260.7800000000
1790261756483,4260.6500000000,4260.7900000000
1790261756886,4260.6600000000,4260.8000000000
1790261757288,4260.6100000000,4260.7500000000
1790261757691,4260.6400000000,4260.7800000000
1790261758496,4260.6500000000,4260.7900000000
1790261758899,4260.6000000000,4260.7400000000
1790261759303,4260.2600000000,4260.4000000000
1790261759706,4260.2800000000,4260.4200000000
1790261760108,4260.2700000000,4260.4100000000
1790261760511,4260.2500000000,4260.3900000000
1790261760914,4260.2300000000,4260.3700000000
1790261761316,4260.2200000000,4260.3600000000
1790261762121,4260.2300000000,4260.3700000000
1790261762523,4260.1600000000,4260.3000000000
1790261763329,4260.1500000000,4260.2900000000
1790261764235,4260.2400000000,4260.3800000000
1790261764637,4260.2600000000,4260.4000000000
1790261765845,4260.4400000000,4260.5800000000
1790261766248,4260.5700000000,4260.7100000000
1790261766651,4260.5600000000,4260.7000000000
1790261767054,4260.2900000000,4260.4300000000
1790261767456,4260.3200000000,4260.4600000000
1790261767861,4260.3300000000,4260.4700000000
1790261768263,4260.3500000000,4260.4900000000
1790261769068,4260.3800000000,4260.5200000000
1790261769471,4260.5300000000,4260.6700000000
1790261769873,4260.5200000000,4260.6600000000
1790261770276,4260.3800000000,4260.5200000000
1790261770679,4260.3700000000,4260.5100000000
1790261771886,4260.3400000000,4260.4800000000
1790261772289,4260.3500000000,4260.4900000000
1790261773093,4260.3800000000,4260.5200000000
1790261773496,4260.3300000000,4260.4600000000
1790261773897,4260.3200000000,4260.4500000000
1790261774300,4260.3500000000,4260.4800000000
1790261774703,4260.3700000000,4260.5000000000
1790261775106,4260.3400000000,4260.4700000000
1790261775508,4260.5200000000,4260.6500000000
1790261775912,4260.5300000000,4260.6600000000
1790261776314,4260.6100000000,4260.7500000000
1790261776715,4260.5800000000,4260.7200000000
1790261777118,4260.5500000000,4260.6900000000
1790261777520,4260.5800000000,4260.7100000000
1790261777922,4260.6100000000,4260.7400000000
1790261778325,4260.6400000000,4260.7700000000
1790261778728,4260.5200000000,4260.6500000000
1790261779131,4260.5100000000,4260.6400000000
1790261779533,4260.5400000000,4260.6700000000
1790261780338,4260.5500000000,4260.6800000000
1790261780740,4260.6100000000,4260.7400000000
1790261781144,4260.5600000000,4260.6900000000
1790261781546,4260.5200000000,4260.6500000000
1790261781949,4260.4600000000,4260.5900000000
1790261782754,4260.4500000000,4260.5800000000
1790261783157,4260.4800000000,4260.6000000000
1790261783560,4260.5200000000,4260.6400000000
1790261783963,4260.5300000000,4260.6500000000
1790261784366,4260.5400000000,4260.6600000000
1790261784768,4260.5200000000,4260.6400000000
1790261785170,4260.5400000000,4260.6600000000
1790261786780,4260.5200000000,4260.6400000000
1790261787183,4260.5000000000,4260.6100000000
1790261787585,4260.4900000000,4260.6000000000
1790261787989,4260.3200000000,4260.4300000000
1790261788391,4260.4200000000,4260.5400000000
1790261788794,4260.5200000000,4260.6400000000
1790261789197,4260.6100000000,4260.7400000000
1790261789599,4260.6000000000,4260.7300000000
1790261790404,4260.5800000000,4260.7100000000
1790261791210,4260.5900000000,4260.7100000000
1790261791612,4260.6200000000,4260.7400000000
1790261792015,4260.6300000000,4260.7500000000
1790261792418,4260.6000000000,4260.7200000000
1790261793224,4260.5900000000,4260.7100000000
1790261793626,4260.5500000000,4260.6700000000
1790261794028,4260.5700000000,4260.6900000000
1790261794432,4260.6200000000,4260.7400000000
1790261794833,4260.5100000000,4260.6300000000
1790261795236,4260.1900000000,4260.3100000000
1790261795638,4260.1700000000,4260.2900000000
1790261796041,4260.2700000000,4260.3900000000
1790261796443,4260.2800000000,4260.4000000000
1790261796846,4260.2600000000,4260.3800000000
1790261797248,4260.3400000000,4260.4600000000
1790261797651,4260.3800000000,4260.5000000000
1790261798456,4260.4300000000,4260.5500000000
1790261800067,4260.4500000000,4260.5700000000
1790261800470,4260.4700000000,4260.5900000000
1790261800874,4260.4800000000,4260.6000000000
1790261801277,4260.4700000000,4260.5800000000
1790261801679,4260.4100000000,4260.5200000000
1790261802082,4260.3800000000,4260.4900000000
1790261802485,4260.3500000000,4260.4600000000
1790261802886,4260.3800000000,4260.4900000000
1790261803691,4260.3600000000,4260.4700000000
1790261804093,4260.3500000000,4260.4600000000
1790261805301,4260.3900000000,4260.4900000000
1790261807716,4260.4000000000,4260.5000000000
1790261808924,4260.5400000000,4260.6400000000
1790261809326,4260.5100000000,4260.6000000000
1790261809729,4260.5500000000,4260.6400000000
1790261810132,4260.5300000000,4260.6200000000
1790261810534,4260.4000000000,4260.4900000000
1790261811037,4260.3700000000,4260.4600000000
1790261811842,4260.3600000000,4260.4500000000
1790261812244,4260.3700000000,4260.4600000000
1790261812647,4260.3400000000,4260.4300000000
1790261813049,4260.3000000000,4260.3900000000
1790261813855,4260.5900000000,4260.6800000000
1790261814257,4260.7100000000,4260.8000000000
1790261814660,4260.9000000000,4260.9900000000
1790261815465,4260.8900000000,4261.0000000000
1790261816671,4260.9100000000,4261.0200000000
1790261817074,4260.9000000000,4261.0100000000
1790261817879,4261.0900000000,4261.2000000000
1790261818281,4261.1600000000,4261.2600000000
1790261819086,4261.1300000000,4261.2300000000
1790261819491,4261.1300000000,4261.2400000000
1790261819893,4261.1400000000,4261.2500000000
1790261820295,4261.1600000000,4261.2700000000
1790261820698,4261.1900000000,4261.3000000000
1790261821101,4261.0800000000,4261.1900000000
1790261822713,4261.1200000000,4261.2300000000
1790261823518,4261.0300000000,4261.1400000000
1790261823920,4260.9700000000,4261.0800000000
1790261824323,4261.1000000000,4261.2100000000
1790261824725,4261.0900000000,4261.2000000000
1790261825128,4260.9300000000,4261.0400000000
1790261825530,4260.9200000000,4261.0300000000
1790261825933,4260.8800000000,4260.9900000000
1790261826335,4260.7000000000,4260.8100000000
1790261826739,4260.7300000000,4260.8400000000
1790261827142,4260.7300000000,4260.8500000000
1790261827544,4260.7400000000,4260.8600000000
1790261827947,4260.7500000000,4260.8700000000
1790261828349,4260.7600000000,4260.8700000000
1790261829154,4260.7700000000,4260.8800000000
1790261829556,4260.7400000000,4260.8500000000
1790261829958,4260.7500000000,4260.8600000000
1790261830360,4260.6800000000,4260.7900000000
1790261830763,4260.6300000000,4260.7400000000
1790261831165,4260.6500000000,4260.7600000000
1790261831568,4260.8400000000,4260.9500000000
1790261831970,4260.8600000000,4260.9700000000
1790261832373,4260.8300000000,4260.9300000000
1790261832775,4260.8500000000,4260.9500000000
1790261833177,4260.7900000000,4260.8900000000
1790261833580,4260.7500000000,4260.8500000000
1790261834787,4260.7300000000,4260.8300000000
1790261835995,4260.6900000000,4260.7900000000
1790261836398,4260.6800000000,4260.7800000000
1790261836800,4260.7500000000,4260.8500000000
1790261837203,4260.7400000000,4260.8300000000
1790261837605,4260.7900000000,4260.8800000000
1790261838009,4260.7600000000,4260.8500000000
1790261838814,4260.7400000000,4260.8300000000
1790261839619,4260.7300000000,4260.8200000000
1790261840022,4260.7200000000,4260.8100000000
1790261840425,4260.7500000000,4260.8300000000
1790261840828,4260.7600000000,4260.8400000000
1790261841231,4260.6600000000,4260.7400000000
1790261841635,4260.6300000000,4260.7100000000
1790261842037,4260.6200000000,4260.7000000000
1790261842842,4260.8000000000,4260.8800000000
1790261843647,4260.7900000000,4260.8700000000
1790261844050,4260.8100000000,4260.8900000000
1790261844453,4260.9000000000,4260.9800000000
1790261844855,4260.9100000000,4260.9900000000
1790261845258,4260.9600000000,4261.0300000000
1790261845660,4260.9700000000,4261.0400000000
1790261846063,4260.9900000000,4261.0600000000
1790261848077,4260.8100000000,4260.8800000000
1790261848479,4260.9000000000,4260.9700000000
1790261848882,4261.0000000000,4261.0700000000
1790261849284,4260.9900000000,4261.0600000000
1790261850493,4260.9600000000,4261.0300000000
1790261850896,4260.9400000000,4261.0100000000
1790261851298,4260.7700000000,4260.8400000000
1790261852104,4260.8500000000,4260.9300000000
1790261852506,4260.9300000000,4261.0100000000
1790261853313,4260.9600000000,4261.0400000000
1790261854118,4261.0400000000,4261.1200000000
1790261854521,4261.1000000000,4261.1800000000
1790261854923,4261.2400000000,4261.3200000000
1790261855326,4261.3000000000,4261.3800000000
1790261855729,4261.3100000000,4261.3900000000
1790261856132,4261.3200000000,4261.4000000000
1790261856534,4261.3100000000,4261.3900000000
1790261857339,4261.3300000000,4261.4100000000
1790261857742,4261.3100000000,4261.3900000000
1790261858145,4261.4500000000,4261.5200000000
1790261858548,4261.4700000000,4261.5400000000
1790261858950,4261.5000000000,4261.5700000000
1790261859353,4261.4900000000,4261.5600000000
1790261860158,4261.5000000000,4261.5700000000
1790261860560,4261.7300000000,4261.8000000000
1790261860963,4261.9300000000,4262.0000000000
1790261861365,4261.6100000000,4261.6800000000
1790261861768,4261.6300000000,4261.7000000000
1790261862171,4261.7300000000,4261.8000000000
1790261862573,4261.2300000000,4261.3000000000
1790261862977,4261.2100000000,4261.2800000000
1790261863380,4261.2000000000,4261.2700000000
1790261863783,4261.1900000000,4261.2600000000
1790261864186,4261.3200000000,4261.3900000000
1790261864990,4261.3500000000,4261.4200000000
1790261865393,4261.5000000000,4261.5700000000
1790261866198,4261.4900000000,4261.5600000000
1790261866600,4261.5200000000,4261.5900000000
1790261867406,4261.6100000000,4261.6800000000
1790261867810,4261.4400000000,4261.5100000000
1790261868212,4261.3400000000,4261.4100000000
1790261869017,4261.2000000000,4261.2700000000
1790261869443,4261.2100000000,4261.2800000000
1790261869845,4261.0900000000,4261.1600000000
1790261870248,4261.1000000000,4261.1700000000
1790261870650,4261.1700000000,4261.2400000000
1790261871053,4261.3000000000,4261.3700000000
1790261871455,4261.3100000000,4261.3800000000
1790261871857,4261.3200000000,4261.3900000000
1790261872262,4261.2000000000,4261.2800000000
1790261872664,4261.1200000000,4261.2000000000
1790261873067,4261.1400000000,4261.2200000000
1790261873469,4261.1800000000,4261.2600000000
1790261873972,4261.3000000000,4261.3800000000
1790261874374,4261.3600000000,4261.4300000000
1790261874776,4261.3700000000,4261.4400000000
1790261875179,4261.3900000000,4261.4700000000
1790261875985,4261.3800000000,4261.4600000000
1790261876388,4261.4900000000,4261.5700000000
1790261876790,4261.5000000000,4261.5800000000
1790261877998,4261.5400000000,4261.6200000000
1790261878401,4261.5400000000,4261.6100000000
1790261878804,4261.5200000000,4261.5900000000
1790261879207,4261.5500000000,4261.6200000000
1790261879611,4261.5300000000,4261.6000000000
1790261880014,4261.5000000000,4261.5700000000
1790261880416,4261.5300000000,4261.6000000000
1790261880819,4261.4400000000,4261.5100000000
1790261881222,4261.4500000000,4261.5200000000
1790261881626,4261.4400000000,4261.5100000000
1790261882028,4261.6400000000,4261.7100000000
1790261882431,4261.6700000000,4261.7400000000
1790261882833,4261.8000000000,4261.8700000000
1790261883235,4261.7900000000,4261.8600000000
1790261883638,4261.6100000000,4261.6800000000
1790261884443,4261.5600000000,4261.6300000000
1790261884847,4261.6900000000,4261.7600000000
1790261885249,4261.6700000000,4261.7500000000
1790261885652,4261.6100000000,4261.6900000000
1790261886054,4261.5900000000,4261.6700000000
1790261886456,4261.6200000000,4261.7000000000
1790261886858,4261.5500000000,4261.6300000000
1790261887261,4261.5200000000,4261.6000000000
1790261887665,4261.4200000000,4261.5000000000
1790261888068,4261.4100000000,4261.4900000000
1790261888470,4261.6700000000,4261.7400000000
1790261888873,4261.6500000000,4261.7200000000
1790261889276,4261.6900000000,4261.7600000000
1790261889679,4261.6100000000,4261.6800000000
1790261890081,4261.5400000000,4261.6100000000
1790261890885,4261.5300000000,4261.6000000000
1790261891288,4261.5700000000,4261.6400000000
1790261891691,4261.6600000000,4261.7300000000
1790261892496,4261.7600000000,4261.8300000000
1790261892899,4261.8300000000,4261.9000000000
1790261893301,4261.8800000000,4261.9500000000
1790261893704,4262.0200000000,4262.0900000000
1790261894108,4262.0400000000,4262.1100000000
1790261894511,4262.0300000000,4262.1000000000
1790261894914,4262.2800000000,4262.3500000000
1790261895316,4262.3000000000,4262.3700000000
1790261896120,4262.2500000000,4262.3200000000
1790261896523,4262.2900000000,4262.3600000000
1790261896925,4262.3000000000,4262.3700000000
1790261897327,4262.2600000000,4262.3300000000
1790261897730,4262.3200000000,4262.3900000000
1790261898133,4262.3900000000,4262.4600000000
1790261898535,4262.4100000000,4262.4800000000
1790261898938,4262.5500000000,4262.6200000000
1790261899743,4262.6000000000,4262.6700000000
1790261900145,4262.5900000000,4262.6600000000
1790261900548,4262.5700000000,4262.6400000000
1790261901354,4262.5600000000,4262.6300000000
1790261901756,4262.4900000000,4262.5600000000
1790261902160,4262.4600000000,4262.5300000000
1790261902563,4262.2400000000,4262.3100000000
1790261902965,4262.0300000000,4262.1000000000
1790261903368,4262.0500000000,4262.1200000000
1790261903770,4261.8500000000,4261.9200000000
1790261904173,4261.7900000000,4261.8900000000
1790261904576,4262.1900000000,4262.2900000000
1790261905783,4262.2100000000,4262.3100000000
1790261906185,4262.3700000000,4262.4800000000
1790261906588,4262.3800000000,4262.4900000000
1790261906990,4262.1700000000,4262.2800000000
1790261907393,4262.2600000000,4262.3700000000
1790261907795,4262.3400000000,4262.4500000000
1790261908198,4262.3200000000,4262.4300000000
1790261908601,4262.2800000000,4262.3900000000
1790261909003,4262.2700000000,4262.3800000000
1790261909406,4262.2900000000,4262.4000000000
1790261909808,4262.3100000000,4262.4200000000
1790261910211,4262.3300000000,4262.4300000000
1790261910614,4262.3900000000,4262.4900000000
1790261911017,4262.4000000000,4262.5000000000
1790261911822,4262.3800000000,4262.4800000000
1790261912225,4262.5500000000,4262.6500000000
1790261912728,4262.6800000000,4262.7800000000
1790261913533,4262.6700000000,4262.7700000000
1790261914340,4262.6800000000,4262.7800000000
1790261914742,4262.7500000000,4262.8500000000
1790261915145,4262.6800000000,4262.7800000000
1790261915548,4262.7100000000,4262.8000000000
1790261915950,4262.7300000000,4262.8200000000
1790261916353,4262.7700000000,4262.8600000000
1790261917561,4262.7100000000,4262.8000000000
1790261917963,4262.6900000000,4262.7800000000
1790261918366,4262.6800000000,4262.7600000000
1790261918768,4262.6100000000,4262.6900000000
1790261919171,4262.6400000000,4262.7200000000
1790261919978,4262.8700000000,4262.9500000000
1790261920381,4263.1300000000,4263.2100000000
1790261920784,4263.4000000000,4263.4800000000
1790261921186,4263.1800000000,4263.3200000000
1790261921589,4263.0600000000,4263.2000000000
1790261921993,4263.0500000000,4263.1900000000
1790261922798,4263.2200000000,4263.3600000000
1790261923603,4263.2100000000,4263.3500000000
1790261924005,4263.1700000000,4263.3100000000
1790261924408,4263.1400000000,4263.2800000000
1790261924811,4263.1300000000,4263.2700000000
1790261925213,4263.0800000000,4263.2200000000
1790261926020,4262.9600000000,4263.1000000000
1790261926421,4263.2100000000,4263.3500000000
1790261926824,4263.1800000000,4263.3200000000
1790261927226,4263.2600000000,4263.4000000000
1790261927629,4263.2900000000,4263.4300000000
1790261929239,4263.5600000000,4263.7000000000
1790261929642,4263.5900000000,4263.7300000000
1790261930044,4263.6600000000,4263.8000000000
1790261931252,4263.7300000000,4263.8700000000
1790261931654,4263.7800000000,4263.9200000000
1790261932459,4263.8000000000,4263.9400000000
1790261932861,4263.7200000000,4263.8600000000
1790261933264,4263.7000000000,4263.8400000000
1790261933667,4263.6800000000,4263.8200000000
1790261934874,4263.8600000000,4264.0000000000
1790261935277,4263.7400000000,4263.8800000000
1790261935680,4263.8600000000,4264.0000000000
1790261936485,4263.8700000000,4264.0100000000
1790261936888,4263.8500000000,4263.9900000000
1790261937291,4263.8000000000,4263.9400000000
1790261938098,4263.8100000000,4263.9500000000
1790261938501,4263.9400000000,4264.0800000000
1790261938903,4263.9300000000,4264.0700000000
1790261939306,4264.0700000000,4264.2100000000
1790261939713,4264.1000000000,4264.2400000000
1790261940115,4264.1100000000,4264.2500000000
1790261940518,4264.1000000000,4264.2400000000
1790261940921,4264.1200000000,4264.2600000000
1790261941324,4264.0100000000,4264.1500000000
1790261941726,4264.0800000000,4264.2200000000
1790261942129,4264.0900000000,4264.2300000000
1790261942531,4264.2300000000,4264.3700000000
1790261944142,4263.9500000000,4264.0900000000
1790261944544,4263.8700000000,4264.0100000000
1790261944947,4263.8900000000,4264.0300000000
1790261945350,4263.9600000000,4264.1000000000
1790261946156,4263.7800000000,4263.9200000000
1790261946558,4263.7900000000,4263.9300000000
1790261946960,4263.7800000000,4263.9200000000
1790261947363,4263.7000000000,4263.8400000000
1790261947765,4263.6700000000,4263.8100000000
1790261948571,4263.6900000000,4263.8300000000
1790261948973,4263.7000000000,4263.8400000000
1790261949778,4263.6800000000,4263.8200000000
1790261950582,4263.7000000000,4263.8400000000
1790261950985,4264.0200000000,4264.1600000000
1790261951387,4264.0300000000,4264.1700000000
1790261951790,4264.0900000000,4264.2300000000
1790261952193,4264.1300000000,4264.2700000000
1790261952596,4264.1500000000,4264.2900000000
1790261952998,4264.1600000000,4264.3000000000
1790261953401,4264.2600000000,4264.4000000000
1790261953804,4264.3300000000,4264.4700000000
1790261955011,4264.4000000000,4264.5400000000
1790261955816,4264.4300000000,4264.5700000000
1790261956218,4264.3600000000,4264.5000000000
1790261956622,4264.4300000000,4264.5700000000
1790261957025,4264.4800000000,4264.6200000000
1790261957427,4264.4700000000,4264.6100000000
1790261957830,4264.5200000000,4264.6600000000
1790261958233,4264.5100000000,4264.6500000000
1790261959038,4264.7400000000,4264.8800000000
1790261959440,4264.6500000000,4264.7900000000
1790261959842,4264.6600000000,4264.8000000000
1790261960245,4264.6800000000,4264.8200000000
1790261960647,4264.7200000000,4264.8600000000
1790261961050,4264.7000000000,4264.8400000000
1790261961452,4264.6400000000,4264.7700000000
1790261961855,4264.6800000000,4264.8100000000
1790261962258,4264.7800000000,4264.9100000000
1790261962660,4264.9700000000,4265.1000000000
1790261963063,4264.9500000000,4265.0800000000
1790261963466,4264.8900000000,4265.0200000000
1790261963869,4264.8600000000,4264.9900000000
1790261964674,4264.8100000000,4264.9400000000
1790261965479,4264.7700000000,4264.9000000000
1790261965882,4264.7600000000,4264.8900000000
1790261966285,4264.9900000000,4265.1200000000
1790261966688,4264.9800000000,4265.1100000000
1790261967090,4265.0100000000,4265.1400000000
1790261967895,4265.1500000000,4265.2800000000
1790261968298,4265.3000000000,4265.4200000000
1790261968701,4265.2900000000,4265.4100000000
1790261969103,4265.2400000000,4265.3700000000
1790261969506,4265.2300000000,4265.3600000000
1790261969909,4265.2200000000,4265.3500000000
1790261970311,4265.2500000000,4265.3800000000
1790261971519,4265.2800000000,4265.4100000000
1790261971921,4265.2900000000,4265.4200000000
1790261972324,4265.2900000000,4265.4100000000
1790261972727,4265.3000000000,4265.4200000000
1790261973934,4265.3400000000,4265.4600000000
1790261974336,4265.8200000000,4265.9400000000
1790261974739,4266.1600000000,4266.2800000000
1790261975141,4266.1000000000,4266.2400000000
1790261975544,4266.0900000000,4266.2300000000
1790261975947,4265.9100000000,4266.0500000000
1790261976349,4265.8400000000,4265.9800000000
1790261976752,4265.6900000000,4265.8300000000
1790261977154,4265.7100000000,4265.8500000000
1790261977557,4265.7700000000,4265.9100000000
1790261977960,4265.7500000000,4265.8900000000
1790261978363,4265.7300000000,4265.8700000000
1790261978765,4265.6600000000,4265.8000000000
1790261979167,4265.6400000000,4265.7800000000
1790261980376,4265.6700000000,4265.8100000000
1790261980779,4265.6200000000,4265.7600000000
1790261981183,4265.6600000000,4265.8000000000
1790261981585,4265.7600000000,4265.9000000000
1790261981988,4265.9800000000,4266.1200000000
1790261982390,4265.9300000000,4266.0700000000
1790261983195,4265.9200000000,4266.0600000000
1790261983599,4266.0300000000,4266.1700000000
1790261983999,4266.0900000000,4266.2300000000
1790261984402,4266.3000000000,4266.4400000000
1790261984805,4266.1500000000,4266.2900000000
1790261985207,4266.1300000000,4266.2700000000
1790261985610,4266.1500000000,4266.2900000000
1790261986114,4266.1600000000,4266.3000000000
1790261986516,4266.1500000000,4266.2900000000
1790261987323,4265.0500000000,4265.1800000000
1790261987625,4265.0400000000,4265.1700000000
1790261988028,4265.1600000000,4265.2900000000
1790261988430,4265.6900000000,4265.8300000000
1790261988832,4265.6600000000,4265.8000000000
1790261989235,4265.6400000000,4265.7800000000
1790261990040,4265.7000000000,4265.8400000000
1790261990442,4265.6900000000,4265.8300000000
1790261990845,4265.8400000000,4265.9800000000
1790261991248,4266.1700000000,4266.3100000000
1790261992053,4266.0700000000,4266.2100000000
1790261992455,4266.0400000000,4266.1800000000
1790261993262,4265.9400000000,4266.0800000000
1790261993665,4265.9300000000,4266.0700000000
1790261994067,4265.8200000000,4265.9600000000
1790261994470,4265.7900000000,4265.9300000000
1790261994872,4265.6000000000,4265.7400000000
1790261995275,4265.3600000000,4265.5000000000
1790261995678,4265.3500000000,4265.4900000000
1790261996080,4265.3400000000,4265.4800000000
1790261996483,4265.4100000000,4265.5500000000
1790261996887,4265.4500000000,4265.5900000000
1790261997290,4265.3400000000,4265.4800000000
1790261997693,4265.3600000000,4265.5000000000
1790261998096,4265.4600000000,4265.6000000000
1790261998498,4265.4500000000,4265.5900000000
1790261998901,4265.9100000000,4266.0500000000
1790261999304,4265.8800000000,4266.0200000000
1790262000113,4265.8900000000,4266.0300000000
1790262000516,4265.7000000000,4265.8400000000
1790262000918,4265.6800000000,4265.8200000000
1790262001321,4265.6100000000,4265.7500000000
1790262001724,4265.6200000000,4265.7600000000
1790262002126,4265.6700000000,4265.8100000000
1790262002528,4265.7200000000,4265.8600000000
1790262002930,4265.6300000000,4265.7700000000
1790262003333,4265.5900000000,4265.7300000000
1790262003736,4265.7200000000,4265.8600000000
1790262004138,4265.7400000000,4265.8800000000
1790262004541,4265.6500000000,4265.7900000000
1790262004943,4265.5700000000,4265.7100000000
1790262005345,4265.6700000000,4265.8100000000
1790262005748,4265.6200000000,4265.7600000000
1790262006151,4265.5100000000,4265.6500000000
1790262006956,4265.4500000000,4265.5900000000
1790262007359,4265.1700000000,4265.3100000000
1790262007764,4264.8200000000,4264.9600000000
1790262008166,4264.7100000000,4264.8500000000
1790262008568,4264.6600000000,4264.8000000000
1790262008971,4264.4900000000,4264.6300000000
1790262009374,4264.4800000000,4264.6200000000
1790262010179,4264.5100000000,4264.6500000000
1790262010582,4264.9100000000,4265.0500000000
1790262010985,4265.0900000000,4265.2300000000
1790262011387,4265.3100000000,4265.4500000000
1790262011791,4265.2800000000,4265.4200000000
1790262012194,4265.0400000000,4265.1800000000
1790262012597,4265.1500000000,4265.2900000000
1790262012999,4265.0900000000,4265.2300000000
1790262013402,4264.7600000000,4264.9000000000
1790262013804,4264.7900000000,4264.9300000000
1790262014206,4264.7300000000,4264.8700000000
1790262014609,4264.4500000000,4264.5900000000
1790262015011,4264.4000000000,4264.5400000000
1790262015414,4264.4700000000,4264.6100000000
1790262015817,4264.6400000000,4264.7800000000
1790262016219,4263.8100000000,4263.9500000000
1790262016622,4263.5500000000,4263.6900000000
1790262017025,4263.5600000000,4263.7000000000
1790262017428,4263.4900000000,4263.6300000000
1790262017831,4263.2900000000,4263.4300000000
1790262018234,4263.2000000000,4263.3400000000
1790262018637,4263.1000000000,4263.2400000000
1790262019039,4263.0800000000,4263.2200000000
1790262019441,4263.0700000000,4263.2100000000
1790262019844,4263.2500000000,4263.3900000000
1790262020247,4263.2700000000,4263.4100000000
1790262020650,4263.2600000000,4263.4000000000
1790262021053,4263.1800000000,4263.3200000000
1790262021455,4263.0200000000,4263.1600000000
1790262021860,4262.8600000000,4263.0000000000
1790262022262,4262.8800000000,4263.0200000000
1790262022666,4262.8600000000,4263.0000000000
1790262023069,4262.8700000000,4263.0100000000
1790262023472,4262.8600000000,4263.0000000000
1790262023873,4262.8500000000,4262.9900000000
1790262024678,4262.8600000000,4263.0000000000
1790262025081,4263.3400000000,4263.4800000000
1790262025483,4263.3200000000,4263.4600000000
1790262025886,4263.1600000000,4263.3000000000
1790262026288,4263.3400000000,4263.4800000000
1790262026691,4263.3600000000,4263.5000000000
1790262027496,4263.4700000000,4263.6100000000
1790262027899,4263.5500000000,4263.6900000000
1790262028302,4263.5800000000,4263.7200000000
1790262028704,4263.5600000000,4263.7000000000
1790262029107,4263.5500000000,4263.6900000000
1790262029510,4263.5600000000,4263.7000000000
1790262029912,4263.7700000000,4263.9100000000
1790262030315,4263.7600000000,4263.9000000000
1790262030718,4263.7800000000,4263.9200000000
1790262031120,4264.3000000000,4264.4400000000
1790262031523,4264.3200000000,4264.4600000000
1790262031925,4264.3800000000,4264.5200000000
1790262032730,4264.3000000000,4264.4400000000
1790262033535,4264.4100000000,4264.5500000000
1790262033939,4264.3900000000,4264.5300000000
1790262034342,4264.4100000000,4264.5500000000
1790262034744,4264.3800000000,4264.5200000000
1790262035146,4264.4100000000,4264.5500000000
1790262035549,4264.3400000000,4264.4800000000
1790262035951,4264.5000000000,4264.6400000000
1790262036354,4264.4900000000,4264.6300000000
1790262036757,4264.6900000000,4264.8300000000
1790262037159,4264.7200000000,4264.8600000000
1790262037562,4264.6600000000,4264.8000000000
1790262037964,4264.7600000000,4264.9000000000
1790262038367,4265.0000000000,4265.1400000000
1790262038770,4265.0300000000,4265.1700000000
1790262039172,4265.0100000000,4265.1500000000
1790262039575,4265.1200000000,4265.2600000000
1790262039978,4265.0300000000,4265.1700000000
1790262040381,4264.8900000000,4265.0300000000
1790262040783,4264.8800000000,4265.0200000000
1790262041185,4264.8600000000,4265.0000000000
1790262041588,4264.5800000000,4264.7200000000
1790262041991,4264.5600000000,4264.7000000000
1790262042394,4264.6000000000,4264.7400000000
1790262042796,4264.6300000000,4264.7700000000
1790262044003,4264.3000000000,4264.4400000000
1790262044809,4264.2400000000,4264.3800000000
1790262045211,4264.2100000000,4264.3500000000
1790262045614,4264.0700000000,4264.2100000000
1790262046017,4264.0800000000,4264.2200000000
1790262046419,4264.1200000000,4264.2600000000
1790262046822,4264.2400000000,4264.3800000000
1790262047224,4264.2300000000,4264.3700000000
1790262047627,4264.5600000000,4264.7000000000
1790262048029,4264.6600000000,4264.8000000000
1790262048432,4264.7100000000,4264.8500000000
1790262048834,4264.7900000000,4264.9300000000
1790262049237,4264.9000000000,4265.0400000000
1790262049640,4264.9500000000,4265.0900000000
1790262050042,4265.0100000000,4265.1500000000
1790262050444,4265.2100000000,4265.3500000000
1790262051250,4265.2000000000,4265.3400000000
1790262051653,4265.2200000000,4265.3600000000
1790262052055,4265.0900000000,4265.2300000000
1790262052457,4264.8800000000,4265.0200000000
1790262052861,4264.7000000000,4264.8400000000
1790262053264,4264.6900000000,4264.8300000000
1790262053666,4264.7500000000,4264.8900000000
1790262054068,4264.7100000000,4264.8500000000
1790262054472,4264.5800000000,4264.7200000000
1790262054873,4264.5600000000,4264.7000000000
1790262055276,4264.5000000000,4264.6400000000
1790262055678,4264.4600000000,4264.6000000000
1790262056080,4264.3900000000,4264.5300000000
1790262056483,4264.3700000000,4264.5100000000
1790262056885,4264.2700000000,4264.4100000000
1790262057288,4263.9500000000,4264.0900000000
1790262057690,4263.9400000000,4264.0800000000
1790262058093,4263.9700000000,4264.1100000000
1790262058898,4263.9400000000,4264.0800000000
1790262059301,4263.8600000000,4264.0000000000
1790262059705,4263.8700000000,4264.0100000000
1790262060108,4263.8500000000,4263.9900000000
1790262060510,4263.9400000000,4264.0800000000
1790262060913,4263.9100000000,4264.0500000000
1790262061718,4263.9300000000,4264.0700000000
1790262062523,4263.9400000000,4264.0800000000
1790262062927,4263.8300000000,4263.9700000000
1790262063330,4263.8100000000,4263.9500000000
1790262063733,4263.8000000000,4263.9400000000
1790262064538,4263.7700000000,4263.9100000000
1790262065344,4263.8600000000,4264.0000000000
1790262065747,4263.8800000000,4264.0200000000
1790262066150,4263.9000000000,4264.0400000000
1790262066552,4264.2600000000,4264.4000000000
1790262066955,4264.5300000000,4264.6700000000
1790262067357,4264.9300000000,4265.0700000000
1790262067762,4264.8400000000,4264.9800000000
1790262068164,4264.6400000000,4264.7800000000
1790262068567,4264.6500000000,4264.7900000000
1790262068969,4264.6800000000,4264.8200000000
1790262069372,4264.6300000000,4264.7700000000
1790262069776,4264.6400000000,4264.7800000000
1790262070178,4264.6200000000,4264.7600000000
1790262071385,4264.6000000000,4264.7400000000
1790262071787,4264.6100000000,4264.7500000000
1790262072190,4264.6000000000,4264.7400000000
1790262072593,4264.7000000000,4264.8400000000
1790262072995,4264.6400000000,4264.7800000000
1790262073397,4264.6200000000,4264.7600000000
1790262073800,4264.6100000000,4264.7500000000
1790262074202,4264.5800000000,4264.7200000000
1790262074605,4264.5700000000,4264.7100000000
1790262075008,4264.3500000000,4264.4900000000
1790262075511,4264.4200000000,4264.5600000000
1790262075914,4264.4700000000,4264.6100000000
1790262076317,4264.4800000000,4264.6200000000
1790262076719,4264.4000000000,4264.5400000000
1790262077122,4264.1700000000,4264.3100000000
1790262077524,4264.2400000000,4264.3800000000
1790262077927,4264.2300000000,4264.3700000000
1790262078732,4264.2100000000,4264.3500000000
1790262079134,4264.2200000000,4264.3600000000
1790262079537,4264.1800000000,4264.3200000000
1790262079939,4264.1400000000,4264.2800000000
1790262080342,4264.2700000000,4264.4100000000
1790262080644,4264.4200000000,4264.5600000000
1790262081046,4264.4100000000,4264.5500000000
1790262081449,4264.3600000000,4264.5000000000
1790262081852,4264.3300000000,4264.4700000000
1790262082254,4264.3000000000,4264.4400000000
1790262082656,4264.2100000000,4264.3500000000
1790262083964,4264.1500000000,4264.2900000000
1790262084266,4264.1300000000,4264.2700000000
1790262084668,4264.1700000000,4264.3100000000
1790262085071,4264.1600000000,4264.3000000000
1790262085473,4264.2600000000,4264.4000000000
1790262085876,4264.4900000000,4264.6300000000
1790262086279,4264.3800000000,4264.5200000000
1790262086682,4264.4400000000,4264.5800000000
1790262087085,4264.3100000000,4264.4500000000
1790262087487,4264.2800000000,4264.4200000000
1790262087889,4264.0400000000,4264.1800000000
1790262088293,4263.4700000000,4263.6100000000
1790262088695,4263.6100000000,4263.7500000000
1790262089098,4263.5800000000,4263.7200000000
1790262089500,4263.4900000000,4263.6300000000
1790262090305,4263.3600000000,4263.5000000000
1790262090708,4263.3500000000,4263.4900000000
1790262091110,4263.3700000000,4263.5100000000
1790262091513,4263.5500000000,4263.6900000000
1790262091915,4263.7900000000,4263.9300000000
1790262092318,4263.8100000000,4263.9500000000
1790262092721,4263.6500000000,4263.7900000000
1790262093123,4263.6300000000,4263.7700000000
1790262093526,4263.6500000000,4263.7900000000
1790262093929,4263.6200000000,4263.7600000000
1790262094734,4263.4600000000,4263.6000000000
1790262095138,4263.3800000000,4263.5200000000
1790262095540,4263.4800000000,4263.6200000000
1790262095943,4263.4700000000,4263.6100000000
1790262096346,4262.8100000000,4262.9500000000
1790262096749,4262.7800000000,4262.9200000000
1790262097151,4262.7600000000,4262.9000000000
1790262097554,4262.8200000000,4262.9600000000
1790262098358,4262.8400000000,4262.9800000000
1790262098761,4263.0200000000,4263.1600000000
1790262099163,4263.0500000000,4263.1900000000
1790262099566,4263.0700000000,4263.2100000000
1790262099969,4263.1100000000,4263.2500000000
1790262100372,4263.0000000000,4263.1400000000
1790262100775,4262.9600000000,4263.1000000000
1790262101179,4262.9700000000,4263.1100000000
1790262101581,4263.1100000000,4263.2500000000
1790262101984,4262.9200000000,4263.0600000000
1790262102386,4262.9300000000,4263.0700000000
1790262102789,4263.0100000000,4263.1500000000
1790262103192,4262.9900000000,4263.1300000000
1790262103594,4262.9600000000,4263.1000000000
1790262103998,4262.9700000000,4263.1100000000
1790262104401,4262.9300000000,4263.0700000000
1790262104803,4262.8800000000,4263.0200000000
1790262105206,4262.9400000000,4263.0800000000
1790262105608,4262.9100000000,4263.0500000000
1790262106010,4262.8200000000,4262.9600000000
1790262106413,4262.8500000000,4262.9900000000
1790262106815,4262.7000000000,4262.8400000000
1790262107621,4262.7300000000,4262.8700000000
1790262108024,4262.8100000000,4262.9500000000
1790262108426,4262.8800000000,4263.0200000000
1790262108828,4262.7500000000,4262.8900000000
1790262109231,4262.7200000000,4262.8600000000
1790262109634,4262.6100000000,4262.7500000000
1790262110036,4262.7700000000,4262.9100000000
1790262111746,4262.7600000000,4262.9000000000
1790262112149,4262.7800000000,4262.9200000000
1790262112551,4262.7000000000,4262.8400000000
1790262112953,4262.6400000000,4262.7800000000
1790262113356,4262.6600000000,4262.8000000000
1790262113759,4262.6800000000,4262.8200000000
1790262114161,4262.5100000000,4262.6500000000
1790262114564,4262.1500000000,4262.2900000000
1790262114966,4261.8600000000,4262.0000000000
1790262115369,4261.9100000000,4262.0500000000
1790262115771,4261.9000000000,4262.0400000000
1790262116174,4261.6700000000,4261.8100000000
1790262116576,4261.7700000000,4261.9100000000
1790262117382,4261.7500000000,4261.8900000000
1790262117784,4261.7400000000,4261.8800000000
1790262118187,4261.6900000000,4261.8300000000
1790262118590,4262.1300000000,4262.2700000000
1790262118992,4262.3700000000,4262.5100000000
1790262119394,4262.3300000000,4262.4700000000
1790262120203,4262.2900000000,4262.4300000000
1790262120605,4262.2200000000,4262.3600000000
1790262121008,4262.2900000000,4262.4300000000
1790262121410,4262.0800000000,4262.2200000000
1790262122216,4262.0700000000,4262.2100000000
1790262122618,4261.9400000000,4262.0800000000
1790262123021,4261.8700000000,4262.0100000000
1790262123423,4261.9900000000,4262.1300000000
1790262123827,4262.0100000000,4262.1500000000
1790262124229,4262.0700000000,4262.2100000000
1790262124632,4262.0300000000,4262.1700000000
1790262125035,4262.1100000000,4262.2500000000
1790262125437,4262.2700000000,4262.4100000000
1790262125839,4262.2800000000,4262.4200000000
1790262126141,4262.3100000000,4262.4500000000
1790262126544,4262.4600000000,4262.6000000000
1790262126946,4262.4500000000,4262.5900000000
1790262127349,4262.4800000000,4262.6200000000
1790262127752,4262.7100000000,4262.8500000000
1790262128154,4262.6700000000,4262.8100000000
1790262128657,4262.7600000000,4262.9000000000
1790262129060,4262.7700000000,4262.9100000000
1790262129462,4262.8000000000,4262.9400000000
1790262129865,4262.8700000000,4263.0100000000
1790262130670,4262.8500000000,4262.9900000000
1790262131477,4262.7000000000,4262.8400000000
1790262131879,4262.6900000000,4262.8300000000
1790262132282,4262.6800000000,4262.8200000000
1790262132684,4262.7000000000,4262.8400000000
1790262133087,4262.6900000000,4262.8300000000
1790262133489,4262.6200000000,4262.7600000000
1790262133892,4262.6400000000,4262.7800000000
1790262134295,4262.6200000000,4262.7600000000
1790262134698,4262.7900000000,4262.9300000000
1790262135101,4262.9800000000,4263.1200000000
1790262135503,4263.1300000000,4263.2700000000
1790262135906,4263.3200000000,4263.4600000000
1790262136309,4263.3700000000,4263.5100000000
1790262136711,4263.3300000000,4263.4700000000
1790262137114,4263.3700000000,4263.5100000000
1790262137516,4263.0600000000,4263.2000000000
1790262137919,4263.0500000000,4263.1900000000
1790262138724,4263.0000000000,4263.1400000000
1790262139127,4262.8600000000,4263.0000000000
1790262139932,4262.8900000000,4263.0300000000
1790262140334,4262.8400000000,4262.9800000000
1790262140737,4262.8100000000,4262.9500000000
1790262141139,4262.8200000000,4262.9600000000
1790262141542,4262.7400000000,4262.8800000000
1790262141944,4262.7100000000,4262.8500000000
1790262142749,4262.7500000000,4262.8900000000
1790262143152,4262.8700000000,4263.0100000000
1790262143957,4262.8300000000,4262.9700000000
1790262144360,4263.1000000000,4263.2400000000
1790262144763,4263.1400000000,4263.2800000000
1790262145165,4263.3200000000,4263.4600000000
1790262145568,4263.3500000000,4263.4900000000
1790262145970,4263.1400000000,4263.2800000000
1790262146372,4263.1300000000,4263.2700000000
1790262147177,4263.1200000000,4263.2600000000
1790262147981,4263.1600000000,4263.3000000000
1790262148385,4263.0600000000,4263.1900000000
1790262148787,4263.0800000000,4263.2100000000
1790262149189,4263.1000000000,4263.2300000000
1790262149592,4263.1700000000,4263.3000000000
1790262149994,4263.2700000000,4263.4000000000
1790262150397,4263.3000000000,4263.4300000000
1790262150801,4262.8400000000,4262.9700000000
1790262151202,4262.8300000000,4262.9700000000
1790262151605,4262.8000000000,4262.9400000000
1790262152008,4262.7400000000,4262.8800000000
1790262152411,4262.7500000000,4262.8800000000
1790262153216,4262.7600000000,4262.8900000000
1790262153618,4262.7500000000,4262.8800000000
1790262154020,4262.1600000000,4262.2900000000
1790262154423,4262.1100000000,4262.2500000000
1790262154826,4262.3300000000,4262.4700000000
1790262155228,4262.3700000000,4262.5100000000
1790262155732,4262.3300000000,4262.4700000000
1790262156134,4262.3500000000,4262.4900000000
1790262156537,4262.3400000000,4262.4800000000
1790262156939,4262.3000000000,4262.4400000000
1790262157341,4262.2900000000,4262.4300000000
1790262157744,4262.2200000000,4262.3600000000
1790262158549,4262.2500000000,4262.3900000000
1790262158951,4262.3900000000,4262.5300000000
1790262159354,4262.4400000000,4262.5800000000
1790262159756,4262.4600000000,4262.6000000000
1790262160158,4262.4800000000,4262.6200000000
1790262160561,4262.4900000000,4262.6200000000
1790262160965,4262.3400000000,4262.4700000000
1790262161367,4261.9600000000,4262.0900000000
1790262161769,4261.8700000000,4262.0000000000
1790262162171,4261.8400000000,4261.9800000000
1790262162574,4261.8200000000,4261.9600000000
1790262162975,4261.8800000000,4262.0200000000
1790262163378,4261.8500000000,4261.9900000000
1790262163781,4261.7800000000,4261.9200000000
1790262164183,4261.7800000000,4261.9100000000
1790262164585,4261.6500000000,4261.7800000000
1790262164988,4261.6600000000,4261.7900000000
1790262165391,4261.6400000000,4261.7700000000
1790262166196,4261.6500000000,4261.7800000000
1790262166598,4261.5600000000,4261.6900000000
1790262167001,4261.5900000000,4261.7200000000
1790262167403,4261.6400000000,4261.7700000000
1790262167807,4261.7700000000,4261.9000000000
1790262168210,4261.7800000000,4261.9100000000
1790262168613,4263.9700000000,4264.1000000000
1790262169015,4263.9900000000,4264.1200000000
1790262169418,4264.0700000000,4264.2100000000
1790262169821,4263.9300000000,4264.0700000000
1790262170223,4263.7500000000,4263.8900000000
1790262170626,4263.6800000000,4263.8200000000
1790262171029,4266.6800000000,4266.8200000000
1790262171431,4264.9600000000,4265.1000000000
1790262171836,4265.0400000000,4265.1800000000
1790262172238,4265.1800000000,4265.3200000000
1790262172540,4264.8100000000,4264.9500000000
1790262172943,4264.5300000000,4264.6700000000
1790262173346,4264.1400000000,4264.2800000000
1790262173748,4264.3600000000,4264.5000000000
1790262174151,4264.3800000000,4264.5200000000
1790262174554,4264.8300000000,4264.9700000000
1790262174956,4264.6600000000,4264.8000000000
1790262175359,4264.2300000000,4264.3700000000
1790262175762,4264.5300000000,4264.6700000000
1790262176164,4264.4900000000,4264.6300000000
1790262176567,4264.7000000000,4264.8400000000
1790262176970,4264.5300000000,4264.6700000000
1790262177373,4264.4300000000,4264.5700000000
1790262177775,4264.4000000000,4264.5400000000
1790262178177,4264.4800000000,4264.6200000000
1790262178580,4264.4900000000,4264.6300000000
1790262178983,4264.4700000000,4264.6100000000
1790262179385,4264.3800000000,4264.5200000000
1790262179787,4264.4700000000,4264.6100000000
1790262180192,4264.4900000000,4264.6300000000
1790262180595,4264.4100000000,4264.5500000000
1790262180997,4265.0200000000,4265.1600000000
1790262181399,4264.8900000000,4265.0300000000
1790262181802,4264.8800000000,4265.0200000000
1790262182607,4264.8500000000,4264.9900000000
1790262183009,4264.3800000000,4264.5200000000
1790262183412,4264.3200000000,4264.4600000000
1790262183815,4264.2200000000,4264.3600000000
1790262184217,4264.1700000000,4264.3100000000
1790262184620,4264.1900000000,4264.3300000000
1790262185023,4263.9500000000,4264.0900000000
1790262185425,4263.9000000000,4264.0400000000
1790262185829,4264.0100000000,4264.1500000000
1790262186231,4263.9000000000,4264.0400000000
1790262186634,4263.8300000000,4263.9700000000
1790262187036,4263.6100000000,4263.7500000000
1790262187438,4263.3900000000,4263.5300000000
1790262187841,4263.1100000000,4263.2500000000
1790262188244,4263.0300000000,4263.1700000000
1790262188647,4263.1200000000,4263.2600000000
1790262189050,4263.1100000000,4263.2500000000
1790262189452,4263.0900000000,4263.2300000000
1790262189855,4263.1100000000,4263.2500000000
1790262190257,4263.1300000000,4263.2700000000
1790262191064,4263.1000000000,4263.2400000000
1790262191466,4263.0100000000,4263.1500000000
1790262191870,4262.9900000000,4263.1300000000
1790262193078,4262.6900000000,4262.8300000000
1790262193481,4262.7100000000,4262.8500000000
1790262193883,4262.6900000000,4262.8300000000
1790262194286,4262.6100000000,4262.7500000000
1790262194688,4262.5000000000,4262.6400000000
1790262195493,4262.4300000000,4262.5700000000
1790262195895,4262.4400000000,4262.5800000000
1790262196298,4262.4500000000,4262.5900000000
1790262196700,4262.2500000000,4262.3900000000
1790262197102,4262.2400000000,4262.3800000000
1790262197908,4262.1500000000,4262.2900000000
1790262198311,4262.0900000000,4262.2300000000
1790262198713,4261.9100000000,4262.0500000000
1790262199115,4261.9000000000,4262.0400000000
1790262199518,4261.7700000000,4261.9100000000
1790262199920,4261.7400000000,4261.8800000000
1790262200323,4261.7200000000,4261.8600000000
1790262200726,4261.5000000000,4261.6400000000
1790262201130,4261.4700000000,4261.6100000000
1790262201532,4261.5700000000,4261.7100000000
1790262201935,4261.5900000000,4261.7300000000
1790262202338,4261.5400000000,4261.6800000000
1790262202740,4261.4600000000,4261.6000000000
1790262203546,4261.4300000000,4261.5700000000
1790262204351,4261.2800000000,4261.4200000000
1790262205155,4261.2200000000,4261.3600000000
1790262205960,4261.2000000000,4261.3400000000
1790262206363,4261.2100000000,4261.3500000000
1790262206765,4261.2600000000,4261.4000000000
1790262207169,4261.2800000000,4261.4200000000
1790262207571,4261.2300000000,4261.3700000000
1790262207973,4261.4000000000,4261.5400000000
1790262208376,4261.3900000000,4261.5300000000
1790262208779,4261.3600000000,4261.5000000000
1790262209584,4261.3700000000,4261.5100000000
1790262209986,4261.3900000000,4261.5300000000
1790262210790,4261.3300000000,4261.4700000000
1790262211596,4261.3000000000,4261.4400000000
1790262211998,4261.3200000000,4261.4600000000
1790262212400,4261.3100000000,4261.4500000000
1790262213207,4261.3200000000,4261.4600000000
1790262213610,4261.5500000000,4261.6900000000
1790262214414,4262.4200000000,4262.5600000000
1790262214817,4262.3900000000,4262.5300000000
1790262215219,4262.2400000000,4262.3800000000
1790262215622,4262.2500000000,4262.3900000000
1790262216024,4262.1800000000,4262.3200000000
1790262216427,4262.1600000000,4262.3000000000
1790262216829,4262.0300000000,4262.1700000000
1790262217232,4262.0400000000,4262.1800000000
1790262217634,4261.9800000000,4262.1200000000
1790262218037,4261.9900000000,4262.1300000000
1790262218841,4261.9300000000,4262.0700000000
1790262219244,4261.9000000000,4262.0400000000
1790262219647,4261.8400000000,4261.9800000000
1790262220857,4262.2900000000,4262.4300000000
1790262221260,4261.9700000000,4262.1100000000
1790262221663,4262.0200000000,4262.1600000000
1790262222067,4261.9900000000,4262.1300000000
1790262222470,4261.9600000000,4262.1000000000
1790262222873,4261.9500000000,4262.0900000000
1790262223276,4261.9300000000,4262.0700000000
1790262223678,4261.9200000000,4262.0600000000
1790262224081,4261.9400000000,4262.0800000000
1790262224484,4261.9200000000,4262.0600000000
1790262224886,4261.8800000000,4262.0200000000
1790262225289,4261.7000000000,4261.8400000000
1790262225691,4261.6400000000,4261.7800000000
1790262226496,4261.5700000000,4261.7100000000
1790262226898,4261.5800000000,4261.7200000000
1790262227301,4261.4800000000,4261.6200000000
1790262227703,4261.4700000000,4261.6100000000
1790262228509,4261.4600000000,4261.6000000000
1790262228911,4261.5600000000,4261.7000000000
1790262229314,4261.5800000000,4261.7200000000
1790262229717,4261.6000000000,4261.7400000000
1790262230119,4261.5900000000,4261.7300000000
1790262230924,4261.4600000000,4261.6000000000
1790262231729,4261.4700000000,4261.6100000000
1790262232937,4261.4400000000,4261.5800000000
1790262233340,4261.4100000000,4261.5500000000
1790262233742,4261.1500000000,4261.2900000000
1790262234547,4261.1200000000,4261.2600000000
1790262234949,4260.8400000000,4260.9800000000
1790262235352,4260.7900000000,4260.9300000000
1790262235754,4260.8100000000,4260.9500000000
1790262236156,4260.7900000000,4260.9300000000
1790262236559,4260.7300000000,4260.8700000000
1790262236961,4260.8100000000,4260.9500000000
1790262238170,4260.8000000000,4260.9400000000
1790262238572,4260.7600000000,4260.9000000000
1790262238976,4261.0200000000,4261.1600000000
1790262239377,4261.0000000000,4261.1400000000
1790262239780,4261.0500000000,4261.1900000000
1790262240183,4261.0700000000,4261.2100000000
1790262241393,4261.0600000000,4261.2000000000
1790262241797,4261.0300000000,4261.1700000000
1790262242602,4260.6900000000,4260.8300000000
1790262243005,4260.6500000000,4260.7900000000
1790262243810,4260.5900000000,4260.7300000000
1790262244213,4260.5700000000,4260.7100000000
1790262244617,4260.5900000000,4260.7300000000
1790262245420,4260.6200000000,4260.7500000000
1790262245822,4260.8300000000,4260.9600000000
1790262246225,4260.9900000000,4261.1200000000
1790262246628,4261.0800000000,4261.2100000000
1790262247031,4261.1200000000,4261.2500000000
1790262247433,4261.2300000000,4261.3600000000
1790262247936,4261.1300000000,4261.2600000000
1790262248339,4261.0000000000,4261.1300000000
1790262248742,4260.9500000000,4261.0800000000
1790262249145,4260.9100000000,4261.0400000000
1790262249547,4261.2200000000,4261.3500000000
1790262250353,4261.2400000000,4261.3700000000
1790262250755,4261.2300000000,4261.3600000000
1790262251560,4261.2500000000,4261.3800000000
1790262251962,4261.2700000000,4261.4000000000
1790262252365,4261.2600000000,4261.3900000000
1790262253170,4261.3900000000,4261.5200000000
1790262253573,4261.3800000000,4261.5100000000
1790262253978,4261.0300000000,4261.1600000000
1790262254280,4260.8400000000,4260.9700000000
1790262254783,4260.8600000000,4260.9900000000
1790262255186,4260.7800000000,4260.9100000000
1790262255589,4260.7500000000,4260.8800000000
1790262255991,4261.0100000000,4261.1400000000
1790262256394,4261.0300000000,4261.1600000000
1790262256797,4261.0000000000,4261.1300000000
1790262257199,4261.3800000000,4261.5100000000
1790262257602,4261.5000000000,4261.6300000000
1790262258004,4261.5100000000,4261.6400000000
1790262258407,4261.7700000000,4261.9000000000
1790262258809,4262.3800000000,4262.5100000000
1790262259211,4262.2700000000,4262.4000000000
1790262259614,4262.2600000000,4262.3900000000
1790262260419,4262.2500000000,4262.3800000000
1790262260821,4262.2000000000,4262.3300000000
1790262261224,4262.2100000000,4262.3400000000
1790262261627,4262.2600000000,4262.3900000000
1790262262030,4262.2500000000,4262.3800000000
1790262262836,4262.2800000000,4262.4100000000
1790262263239,4262.3200000000,4262.4500000000
1790262263642,4262.3300000000,4262.4600000000
1790262264044,4262.3100000000,4262.4400000000
1790262264447,4262.3600000000,4262.4900000000
1790262265655,4262.3500000000,4262.4800000000
1790262266059,4262.3600000000,4262.4900000000
1790262266461,4262.2300000000,4262.3600000000
1790262266864,4262.2600000000,4262.3900000000
1790262267266,4262.2800000000,4262.4100000000
1790262267669,4262.3400000000,4262.4700000000
1790262268072,4262.3300000000,4262.4600000000
1790262268474,4262.1800000000,4262.3100000000
1790262269280,4262.1400000000,4262.2700000000
1790262269683,4262.1500000000,4262.2800000000
1790262270086,4262.0300000000,4262.1600000000
1790262270488,4261.9700000000,4262.1000000000
1790262270892,4261.8800000000,4262.0100000000
1790262271295,4261.9800000000,4262.1100000000
1790262271698,4262.0100000000,4262.1400000000
1790262272504,4261.7400000000,4261.8700000000
1790262272906,4261.5400000000,4261.6700000000
1790262273309,4261.5300000000,4261.6600000000
1790262274114,4261.6600000000,4261.7900000000
1790262274517,4261.5300000000,4261.6500000000
1790262275322,4261.5200000000,4261.6400000000
1790262275725,4261.4900000000,4261.6100000000
1790262276127,4261.4800000000,4261.6000000000
1790262276932,4261.4600000000,4261.5800000000
1790262277738,4261.4000000000,4261.5200000000
1790262278140,4261.1000000000,4261.2200000000
1790262278543,4261.1400000000,4261.2600000000
1790262278945,4261.1000000000,4261.2200000000
1790262279348,4261.0800000000,4261.2000000000
1790262279751,4261.0900000000,4261.2100000000
1790262280153,4261.0800000000,4261.2000000000
1790262280556,4261.0600000000,4261.1800000000
1790262281361,4261.0100000000,4261.1300000000
1790262281764,4261.0200000000,4261.1400000000
1790262282166,4261.2900000000,4261.4100000000
1790262282569,4261.3100000000,4261.4300000000
1790262282971,4261.2900000000,4261.4100000000
1790262283374,4261.1000000000,4261.2200000000
1790262283776,4261.1600000000,4261.2800000000
1790262284178,4261.1800000000,4261.3000000000
1790262284581,4261.1900000000,4261.3100000000
1790262284984,4261.3400000000,4261.4600000000
1790262285386,4261.1700000000,4261.2900000000
1790262286191,4261.1900000000,4261.3100000000
1790262286594,4261.4700000000,4261.5900000000
1790262286996,4261.4800000000,4261.6000000000
1790262287399,4261.3600000000,4261.4800000000
1790262287802,4261.5200000000,4261.6400000000
1790262288607,4261.5100000000,4261.6300000000
1790262289010,4261.5800000000,4261.7000000000
1790262289413,4261.6900000000,4261.8100000000
1790262289816,4261.6800000000,4261.8000000000
1790262290218,4261.5600000000,4261.6800000000
1790262290621,4261.5500000000,4261.6700000000
1790262291024,4261.5600000000,4261.6800000000
1790262291426,4261.4400000000,4261.5600000000
1790262291828,4261.8000000000,4261.9200000000
1790262292634,4261.7700000000,4261.8900000000
1790262293037,4261.7300000000,4261.8500000000
1790262293439,4261.8600000000,4261.9800000000
1790262293843,4261.9200000000,4262.0400000000
1790262294246,4261.9400000000,4262.0600000000
1790262294649,4261.9500000000,4262.0700000000
1790262295051,4261.9700000000,4262.0900000000
1790262295454,4261.9400000000,4262.0600000000
1790262295956,4261.8500000000,4261.9700000000
1790262296359,4261.8400000000,4261.9500000000
1790262296762,4262.0700000000,4262.1800000000
1790262297164,4262.0500000000,4262.1600000000
1790262297567,4262.0600000000,4262.1700000000
1790262297969,4262.0200000000,4262.1300000000
1790262298371,4261.9100000000,4262.0200000000
1790262299177,4261.6300000000,4261.7400000000
1790262299580,4261.8200000000,4261.9300000000
1790262299982,4261.7700000000,4261.8800000000
1790262300387,4261.7500000000,4261.8600000000
1790262300789,4261.8000000000,4261.9100000000
1790262301192,4261.8300000000,4261.9400000000
1790262301595,4261.8500000000,4261.9600000000
1790262301997,4261.7700000000,4261.8800000000
1790262302400,4261.8000000000,4261.9100000000
1790262302803,4261.7100000000,4261.8200000000
1790262303206,4261.6600000000,4261.7700000000
1790262303608,4261.7000000000,4261.8100000000
1790262304010,4261.7100000000,4261.8200000000
1790262304415,4261.6700000000,4261.7800000000
1790262304817,4261.6300000000,4261.7400000000
1790262305220,4261.6900000000,4261.8000000000
1790262305623,4261.7300000000,4261.8400000000
1790262306026,4261.7400000000,4261.8500000000
1790262306427,4261.7600000000,4261.8700000000
1790262307233,4261.7500000000,4261.8600000000
1790262307636,4261.7800000000,4261.8900000000
1790262308038,4261.6700000000,4261.7800000000
1790262308843,4261.6400000000,4261.7500000000
1790262309246,4261.6200000000,4261.7300000000
1790262310052,4261.6400000000,4261.7500000000
1790262310454,4261.7400000000,4261.8500000000
1790262310859,4261.7500000000,4261.8600000000
1790262311261,4261.8000000000,4261.9100000000
1790262311663,4261.8200000000,4261.9300000000
1790262312871,4261.8900000000,4262.0000000000
1790262313273,4261.8800000000,4261.9900000000
1790262314079,4261.7500000000,4261.8600000000
1790262314885,4261.6700000000,4261.7800000000
1790262315287,4261.6400000000,4261.7500000000
1790262315690,4261.5300000000,4261.6400000000
1790262316093,4261.5000000000,4261.6100000000
1790262316897,4261.4900000000,4261.6000000000
1790262317300,4261.3900000000,4261.4900000000
1790262317702,4261.3000000000,4261.4000000000
1790262318910,4261.3100000000,4261.4100000000
1790262319313,4261.3500000000,4261.4500000000
1790262319716,4261.5300000000,4261.6300000000
1790262320120,4261.4500000000,4261.5500000000
1790262320521,4261.4800000000,4261.5800000000
1790262320925,4261.4000000000,4261.5000000000
1790262321328,4261.3600000000,4261.4600000000
1790262321730,4261.1700000000,4261.2700000000
1790262322535,4261.1300000000,4261.2300000000
1790262323340,4261.0200000000,4261.1200000000
1790262323743,4261.0900000000,4261.1900000000
1790262324146,4261.0800000000,4261.1800000000
1790262324548,4261.0600000000,4261.1600000000
1790262325354,4261.0500000000,4261.1500000000
1790262325757,4261.0600000000,4261.1600000000
1790262326564,4261.3400000000,4261.4400000000
1790262326965,4261.3700000000,4261.4700000000
1790262327771,4261.3300000000,4261.4300000000
1790262328576,4261.3400000000,4261.4400000000
1790262329380,4261.3500000000,4261.4500000000
1790262329784,4261.4300000000,4261.5300000000
1790262330186,4261.3300000000,4261.4300000000
1790262330589,4261.4300000000,4261.5300000000
1790262330992,4261.4100000000,4261.5100000000
1790262331395,4261.9100000000,4262.0100000000
1790262331797,4261.8600000000,4261.9600000000
1790262332200,4262.0300000000,4262.1300000000
1790262333407,4262.0200000000,4262.1200000000
1790262333809,4262.0500000000,4262.1500000000
1790262334212,4262.0600000000,4262.1600000000
1790262334615,4262.1100000000,4262.2100000000
1790262335017,4261.8100000000,4261.9100000000
1790262335419,4261.8600000000,4261.9600000000
1790262335821,4261.9300000000,4262.0300000000
1790262336224,4261.9800000000,4262.0800000000
1790262336627,4262.0100000000,4262.1100000000
1790262337029,4262.0400000000,4262.1400000000
1790262337833,4262.0200000000,4262.1200000000
1790262338236,4261.8700000000,4261.9700000000
1790262338639,4261.8500000000,4261.9500000000
1790262339043,4261.8100000000,4261.9100000000
1790262339445,4261.8400000000,4261.9400000000
1790262339849,4262.3200000000,4262.4200000000
1790262340251,4262.3100000000,4262.4100000000
1790262340654,4262.4700000000,4262.5700000000
1790262341056,4262.5300000000,4262.6300000000
1790262341458,4262.6400000000,4262.7400000000
1790262341862,4262.6200000000,4262.7200000000
1790262342264,4262.5900000000,4262.6900000000
1790262342667,4262.5300000000,4262.6300000000
1790262343069,4262.5600000000,4262.6600000000
1790262343472,4262.5700000000,4262.6700000000
1790262343874,4262.6800000000,4262.7800000000
1790262344277,4262.9300000000,4263.0300000000
1790262344679,4262.7300000000,4262.8300000000
1790262345081,4262.7000000000,4262.8000000000
1790262345484,4262.6800000000,4262.7800000000
1790262346290,4262.6400000000,4262.7400000000
1790262346692,4262.6200000000,4262.7200000000
1790262347095,4262.4800000000,4262.5800000000
1790262347497,4262.5900000000,4262.6900000000
1790262348304,4262.5800000000,4262.6800000000
1790262348707,4262.5500000000,4262.6500000000
1790262349110,4262.5200000000,4262.6200000000
1790262349915,4262.5600000000,4262.6600000000
1790262350318,4262.5900000000,4262.6900000000
1790262350721,4262.7400000000,4262.8400000000
1790262351124,4262.7100000000,4262.8000000000
1790262351526,4262.6100000000,4262.7000000000
1790262351929,4262.6000000000,4262.6900000000
1790262352736,4262.5900000000,4262.6800000000
1790262353541,4262.6000000000,4262.6900000000
1790262354346,4262.5900000000,4262.6800000000
1790262354750,4262.5800000000,4262.6700000000
1790262355152,4262.5700000000,4262.6600000000
1790262355554,4262.5300000000,4262.6200000000
1790262355957,4262.5200000000,4262.6100000000
1790262356360,4262.2500000000,4262.3400000000
1790262356763,4262.2100000000,4262.3000000000
1790262357165,4262.1000000000,4262.1900000000
1790262357568,4262.0800000000,4262.1700000000
1790262357970,4262.0700000000,4262.1600000000
1790262358373,4262.1600000000,4262.2500000000
1790262358776,4262.1900000000,4262.2800000000
1790262359178,4262.2400000000,4262.3300000000
1790262359581,4262.5500000000,4262.6400000000
1790262359982,4262.6000000000,4262.6900000000
1790262360385,4262.4100000000,4262.5000000000
1790262360790,4262.4500000000,4262.5400000000
1790262361192,4262.4200000000,4262.5100000000
1790262361595,4262.5000000000,4262.5900000000
1790262361998,4262.4900000000,4262.5800000000
1790262362401,4262.4200000000,4262.5100000000
1790262362804,4262.3900000000,4262.4800000000
1790262363206,4262.1900000000,4262.2800000000
1790262363609,4262.1200000000,4262.2100000000
1790262364011,4262.0700000000,4262.1600000000
1790262364414,4261.9700000000,4262.0600000000
1790262364816,4261.9800000000,4262.0700000000
1790262365220,4261.9700000000,4262.0600000000
1790262366025,4262.0200000000,4262.1100000000
1790262366426,4261.9800000000,4262.0700000000
1790262366829,4261.7900000000,4261.8800000000
1790262367231,4261.5700000000,4261.6600000000
1790262367734,4261.5200000000,4261.6100000000
1790262368138,4261.5000000000,4261.5900000000
1790262368541,4261.5100000000,4261.6000000000
1790262369246,4261.5600000000,4261.6500000000
1790262369749,4261.5000000000,4261.5900000000
1790262370152,4261.3200000000,4261.4100000000
1790262370454,4261.3100000000,4261.4000000000
1790262370856,4260.9300000000,4261.0200000000
1790262371259,4261.0100000000,4261.1000000000
1790262372165,4261.1000000000,4261.1900000000
1790262372567,4260.9900000000,4261.0800000000
1790262372970,4261.1900000000,4261.2800000000
1790262373373,4261.0900000000,4261.1800000000
1790262373776,4261.1200000000,4261.2100000000
1790262374079,4261.0000000000,4261.0900000000
1790262374482,4261.0600000000,4261.1500000000
1790262374885,4261.1000000000,4261.1900000000
1790262375288,4261.2100000000,4261.3000000000
1790262376092,4261.0700000000,4261.1600000000
1790262376495,4261.0900000000,4261.1800000000
1790262377400,4261.0700000000,4261.1600000000
1790262377805,4261.1000000000,4261.1900000000
1790262378207,4261.3500000000,4261.4300000000
1790262378610,4261.3900000000,4261.4700000000
1790262378912,4261.3800000000,4261.4600000000
1790262379315,4261.2800000000,4261.3700000000
1790262379818,4261.3100000000,4261.4000000000
1790262380120,4261.2300000000,4261.3100000000
1790262380624,4261.2500000000,4261.3300000000
1790262381026,4261.2400000000,4261.3200000000
1790262381428,4261.3000000000,4261.3800000000
1790262382233,4261.3100000000,4261.3900000000
1790262382636,4261.4900000000,4261.5700000000
1790262383038,4261.5300000000,4261.6100000000
1790262383441,4261.6100000000,4261.6900000000
1790262383843,4261.6400000000,4261.7200000000
1790262384246,4261.6600000000,4261.7400000000
1790262385051,4261.6900000000,4261.7700000000
1790262385454,4262.1300000000,4262.2100000000
1790262385856,4262.4600000000,4262.5400000000
1790262386259,4262.5300000000,4262.6200000000
1790262386661,4262.5100000000,4262.6000000000
1790262387064,4262.6300000000,4262.7200000000
1790262387869,4262.6400000000,4262.7300000000
1790262388273,4262.5900000000,4262.6800000000
1790262388674,4262.5800000000,4262.6700000000
1790262389077,4262.4200000000,4262.5100000000
1790262389479,4262.4800000000,4262.5600000000
1790262389882,4262.5900000000,4262.6700000000
1790262391492,4262.5500000000,4262.6300000000
1790262391894,4262.6100000000,4262.6900000000
1790262392297,4262.6000000000,4262.6800000000
1790262392699,4262.5800000000,4262.6600000000
1790262393102,4262.6100000000,4262.6900000000
1790262393504,4262.6900000000,4262.7700000000
1790262393907,4262.7200000000,4262.8000000000
1790262394309,4262.8000000000,4262.8800000000
1790262394712,4262.8100000000,4262.8900000000
1790262395115,4262.7400000000,4262.8200000000
1790262395517,4262.5900000000,4262.6700000000
1790262395920,4262.6100000000,4262.6900000000
1790262396323,4262.4700000000,4262.5500000000
1790262396726,4262.4400000000,4262.5200000000
1790262397128,4262.3300000000,4262.4100000000
1790262397531,4262.2800000000,4262.3600000000
1790262397933,4262.4100000000,4262.4900000000
1790262398336,4262.2900000000,4262.3700000000
1790262399142,4262.2400000000,4262.3200000000
1790262399947,4262.2500000000,4262.3300000000
1790262400349,4262.4200000000,4262.5000000000
1790262400751,4262.4700000000,4262.5500000000
1790262401154,4262.6200000000,4262.7000000000
1790262401557,4262.7200000000,4262.8000000000
1790262401959,4262.6400000000,4262.7200000000
1790262402764,4262.5000000000,4262.5800000000
1790262403569,4262.4700000000,4262.5500000000
1790262403972,4262.4500000000,4262.5300000000
1790262404375,4262.4600000000,4262.5400000000
1790262405180,4262.3900000000,4262.4700000000
1790262405583,4262.3100000000,4262.3900000000
1790262405986,4262.2400000000,4262.3200000000
1790262406388,4262.1200000000,4262.2000000000
1790262407193,4262.1800000000,4262.2600000000
1790262407596,4262.2100000000,4262.2900000000
1790262408000,4262.5600000000,4262.6400000000
1790262408402,4262.6200000000,4262.7000000000
1790262408804,4262.5800000000,4262.6600000000
1790262409610,4262.5700000000,4262.6500000000
1790262412025,4262.5600000000,4262.6400000000
1790262412428,4262.7700000000,4262.8500000000
1790262412832,4262.6500000000,4262.7300000000
1790262414040,4262.6200000000,4262.7000000000
1790262414442,4262.6300000000,4262.7100000000
1790262414846,4262.7400000000,4262.8200000000
1790262415248,4262.7100000000,4262.7900000000
1790262415651,4262.6500000000,4262.7300000000
1790262416055,4262.7400000000,4262.8200000000
1790262416457,4262.8000000000,4262.8800000000
1790262416861,4262.8500000000,4262.9300000000
1790262417263,4262.8600000000,4262.9300000000
1790262417665,4262.8100000000,4262.8800000000
1790262418068,4262.7800000000,4262.8500000000
1790262418471,4262.6600000000,4262.7300000000
1790262418873,4262.6200000000,4262.6900000000
1790262419276,4262.6000000000,4262.6700000000
1790262419679,4262.5800000000,4262.6500000000
1790262420083,4262.5000000000,4262.5700000000
1790262420486,4262.4600000000,4262.5300000000
1790262421292,4262.4200000000,4262.4900000000
1790262421695,4262.3300000000,4262.4000000000
1790262422098,4262.2300000000,4262.3000000000
1790262422500,4261.5300000000,4261.6000000000
1790262422903,4261.5200000000,4261.5900000000
1790262423306,4261.5000000000,4261.5800000000
1790262424111,4261.4600000000,4261.5400000000
1790262424513,4261.4200000000,4261.5000000000
1790262424916,4261.4100000000,4261.4900000000
1790262426123,4261.4500000000,4261.5300000000
1790262426929,4261.4300000000,4261.5100000000
1790262427734,4261.3600000000,4261.4400000000
1790262428136,4261.8700000000,4261.9500000000
1790262428539,4262.1100000000,4262.1900000000
1790262428942,4262.1800000000,4262.2600000000
1790262429345,4262.1700000000,4262.2600000000
1790262429748,4262.1800000000,4262.2700000000
1790262430955,4261.8400000000,4261.9300000000
1790262431761,4261.8200000000,4261.9100000000
1790262432163,4262.2900000000,4262.3800000000
1790262432566,4262.3100000000,4262.4000000000
1790262432970,4262.0100000000,4262.1000000000
1790262433373,4262.0300000000,4262.1200000000
1790262434178,4262.0700000000,4262.1600000000
1790262434580,4262.1000000000,4262.1900000000
1790262434983,4262.1800000000,4262.2700000000
1790262435386,4262.2200000000,4262.3100000000
1790262435788,4262.1900000000,4262.2800000000
1790262436191,4262.3200000000,4262.4100000000
1790262436593,4262.7600000000,4262.8500000000
1790262436997,4262.8700000000,4262.9600000000
1790262437400,4262.8800000000,4262.9700000000
1790262437802,4262.8900000000,4262.9800000000
1790262438205,4262.9000000000,4262.9900000000
1790262438608,4263.0700000000,4263.1600000000
1790262439010,4263.0800000000,4263.1700000000
1790262439815,4263.0900000000,4263.1800000000
1790262440218,4263.0800000000,4263.1700000000
1790262440621,4263.0500000000,4263.1400000000
1790262441023,4262.9700000000,4263.0600000000
1790262441829,4262.9500000000,4263.0400000000
1790262442232,4262.9600000000,4263.0500000000
1790262442635,4263.0800000000,4263.1700000000
1790262443440,4263.1400000000,4263.2300000000
1790262443845,4263.2000000000,4263.2900000000
1790262444650,4263.1900000000,4263.2800000000
1790262445053,4263.1800000000,4263.2700000000
1790262445455,4263.1700000000,4263.2600000000
1790262445857,4263.3600000000,4263.4500000000
1790262446260,4263.1700000000,4263.2600000000
1790262446662,4263.1300000000,4263.2200000000
1790262447065,4262.9400000000,4263.0300000000
1790262447467,4262.9500000000,4263.0400000000
1790262448273,4262.8600000000,4262.9500000000
1790262448676,4262.7500000000,4262.8400000000
1790262449079,4262.7600000000,4262.8500000000
1790262449481,4262.7500000000,4262.8400000000
1790262449883,4262.7600000000,4262.8500000000
1790262450689,4262.6000000000,4262.6900000000
1790262451092,4262.6200000000,4262.7100000000
1790262451494,4262.6300000000,4262.7200000000
1790262452300,4262.5800000000,4262.6700000000
1790262453106,4262.7500000000,4262.8400000000
1790262453509,4262.7600000000,4262.8500000000
1790262454316,4262.7800000000,4262.8700000000
1790262455122,4262.7700000000,4262.8600000000
1790262455524,4262.7000000000,4262.7900000000
1790262455926,4262.7300000000,4262.8200000000
1790262456329,4262.7800000000,4262.8700000000
1790262456732,4262.7900000000,4262.8800000000
1790262457134,4262.7800000000,4262.8700000000
1790262457537,4262.7900000000,4262.8800000000
1790262457939,4262.8800000000,4262.9700000000
1790262458342,4262.8900000000,4262.9700000000
1790262458744,4262.9000000000,4262.9800000000
1790262459147,4262.6800000000,4262.7600000000
1790262459549,4262.6700000000,4262.7500000000
1790262459952,4262.6100000000,4262.6900000000
1790262460355,4262.5800000000,4262.6600000000
1790262460757,4262.6100000000,4262.6900000000
1790262461160,4262.6000000000,4262.6800000000
1790262461563,4262.9300000000,4263.0100000000
1790262461965,4262.9600000000,4263.0400000000
1790262462368,4263.0700000000,4263.1600000000
1790262462770,4263.1300000000,4263.2200000000
1790262463172,4263.1500000000,4263.2300000000
1790262464883,4262.9600000000,4263.0400000000
1790262465689,4262.9300000000,4263.0100000000
1790262466494,4262.9000000000,4262.9800000000
1790262466796,4262.8300000000,4262.9100000000
1790262467198,4263.0700000000,4263.1500000000
1790262467601,4263.0900000000,4263.1700000000
1790262468003,4262.9900000000,4263.0700000000
1790262468506,4262.9600000000,4263.0400000000
1790262469311,4262.9400000000,4263.0200000000
1790262469737,4262.8300000000,4262.9100000000
1790262470139,4262.2000000000,4262.2800000000
1790262470542,4262.2400000000,4262.3200000000
1790262471347,4262.1900000000,4262.2800000000
1790262471749,4262.1500000000,4262.2400000000
1790262472957,4262.0000000000,4262.0900000000
1790262473359,4261.9800000000,4262.0700000000
1790262474166,4261.9700000000,4262.0600000000
1790262474971,4262.0100000000,4262.1000000000
1790262475373,4262.0400000000,4262.1300000000
1790262475776,4261.9900000000,4262.0800000000
1790262476179,4262.0500000000,4262.1300000000
1790262476582,4262.0600000000,4262.1400000000
1790262476984,4262.0700000000,4262.1500000000
1790262477790,4262.0800000000,4262.1600000000
1790262478193,4262.0500000000,4262.1300000000
1790262478595,4262.0000000000,4262.0800000000
1790262480205,4261.9900000000,4262.0700000000
1790262480609,4262.0000000000,4262.0800000000
1790262481012,4262.3800000000,4262.4600000000
1790262481414,4262.4400000000,4262.5200000000
1790262481818,4262.5100000000,4262.5900000000
1790262482220,4262.3300000000,4262.4100000000
1790262482622,4262.3200000000,4262.4000000000
1790262483025,4262.1600000000,4262.2400000000
1790262483428,4262.1200000000,4262.2000000000
1790262483831,4262.2500000000,4262.3300000000
1790262484234,4262.2600000000,4262.3400000000
1790262484637,4262.2200000000,4262.3000000000
1790262485039,4262.1400000000,4262.2200000000
1790262485442,4262.3600000000,4262.4400000000
1790262485844,4262.4100000000,4262.4900000000
1790262486247,4262.3500000000,4262.4300000000
1790262486650,4262.3200000000,4262.4000000000
1790262487052,4262.2700000000,4262.3500000000
1790262487455,4262.3600000000,4262.4400000000
1790262487857,4262.5100000000,4262.5900000000
1790262488260,4262.6600000000,4262.7400000000
1790262488663,4262.9300000000,4263.0100000000
1790262489065,4262.9000000000,4262.9800000000
1790262489468,4262.7600000000,4262.8400000000
1790262490273,4262.7800000000,4262.8600000000
1790262490675,4262.7600000000,4262.8400000000
1790262491078,4262.7300000000,4262.8100000000
1790262491481,4262.7500000000,4262.8300000000
1790262491883,4262.7800000000,4262.8600000000
1790262492689,4262.7900000000,4262.8700000000
1790262493092,4263.1700000000,4263.2500000000
1790262493494,4263.4100000000,4263.4900000000
1790262493897,4263.5800000000,4263.6600000000
1790262494299,4263.4700000000,4263.5600000000
1790262494702,4263.5200000000,4263.6100000000
1790262495105,4263.5400000000,4263.6300000000
1790262495507,4263.6300000000,4263.7200000000
1790262495910,4263.6200000000,4263.7100000000
1790262496313,4263.7300000000,4263.8200000000
1790262496716,4263.6000000000,4263.6900000000
1790262497118,4263.7900000000,4263.8800000000
1790262497521,4263.8000000000,4263.8900000000
1790262497925,4263.6700000000,4263.7600000000
1790262498328,4263.5300000000,4263.6200000000
1790262498730,4263.6200000000,4263.7100000000
1790262499133,4263.6900000000,4263.7800000000
1790262499536,4263.7800000000,4263.8700000000
1790262499939,4263.6800000000,4263.7700000000
1790262500341,4263.7200000000,4263.8100000000
1790262500744,4263.7600000000,4263.8500000000
1790262501147,4263.6200000000,4263.7100000000
1790262501550,4263.5600000000,4263.6500000000
1790262501952,4263.5000000000,4263.5900000000
1790262502355,4263.5500000000,4263.6400000000
1790262502758,4263.5600000000,4263.6500000000
1790262503160,4263.8100000000,4263.9000000000
1790262503563,4264.1400000000,4264.2300000000
1790262503966,4264.1700000000,4264.2600000000
1790262504368,4264.2100000000,4264.3000000000
1790262504771,4263.9900000000,4264.0800000000
1790262505174,4264.0500000000,4264.1400000000
1790262505978,4264.0400000000,4264.1300000000
1790262506783,4264.0600000000,4264.1500000000
1790262507588,4264.0500000000,4264.1400000000
1790262507991,4264.1800000000,4264.2700000000
1790262508393,4264.1900000000,4264.2800000000
1790262508796,4264.1800000000,4264.2700000000
1790262509199,4264.0800000000,4264.1700000000
1790262509602,4264.0400000000,4264.1300000000
1790262510006,4264.0900000000,4264.1800000000
1790262510409,4264.1700000000,4264.2600000000
1790262510811,4264.1600000000,4264.2500000000
1790262511214,4264.1500000000,4264.2400000000
1790262511617,4264.0600000000,4264.1500000000
1790262512019,4264.0500000000,4264.1400000000
1790262512422,4264.0100000000,4264.1000000000
1790262512824,4263.9600000000,4264.0500000000
1790262513227,4264.1100000000,4264.2000000000
1790262513629,4264.0900000000,4264.1800000000
1790262514434,4263.9900000000,4264.0800000000
1790262514836,4264.0100000000,4264.1000000000
1790262515239,4264.0400000000,4264.1300000000
1790262515641,4264.5000000000,4264.5900000000
1790262516044,4264.5100000000,4264.6000000000
1790262516446,4264.6000000000,4264.6900000000
1790262516849,4264.7900000000,4264.8800000000
1790262517252,4264.8200000000,4264.9100000000
1790262517654,4264.8600000000,4264.9500000000
1790262518058,4264.9600000000,4265.0500000000
1790262518461,4265.0800000000,4265.1700000000
1790262518863,4265.2900000000,4265.3800000000
1790262519266,4265.3000000000,4265.3900000000
1790262519668,4265.2000000000,4265.2900000000
1790262520473,4265.2300000000,4265.3200000000
1790262520875,4265.2800000000,4265.3700000000
1790262521278,4265.2200000000,4265.3100000000
1790262521681,4265.2500000000,4265.3400000000
1790262522083,4265.2900000000,4265.3800000000
1790262522486,4265.4400000000,4265.5300000000
1790262522889,4265.4300000000,4265.5200000000
1790262523291,4265.4100000000,4265.5000000000
1790262524097,4265.4300000000,4265.5200000000
1790262524500,4265.4400000000,4265.5300000000
1790262524903,4265.3900000000,4265.4800000000
1790262525306,4265.3800000000,4265.4700000000
1790262525709,4265.7200000000,4265.8100000000
1790262526111,4265.8600000000,4265.9500000000
1790262526513,4265.9800000000,4266.0700000000
1790262526916,4266.1100000000,4266.2000000000
1790262527319,4266.0100000000,4266.1000000000
1790262527721,4265.8800000000,4265.9700000000
1790262528124,4266.0700000000,4266.1600000000
1790262528527,4265.9400000000,4266.0300000000
1790262528930,4265.9200000000,4266.0100000000
1790262529735,4265.8300000000,4265.9200000000
1790262530137,4265.7200000000,4265.8100000000
1790262530540,4265.6900000000,4265.7800000000
1790262530943,4265.7700000000,4265.8600000000
1790262531345,4265.8800000000,4265.9700000000
1790262531748,4265.9700000000,4266.0600000000
1790262532151,4266.0100000000,4266.1000000000
1790262532554,4265.9800000000,4266.0700000000
1790262532956,4266.0800000000,4266.1700000000
1790262533359,4266.0900000000,4266.1800000000
1790262533761,4266.0800000000,4266.1700000000
1790262534164,4266.0300000000,4266.1100000000
1790262534567,4266.0700000000,4266.1500000000
1790262534970,4266.0800000000,4266.1600000000
1790262535373,4266.0900000000,4266.1700000000
1790262535775,4266.0200000000,4266.1000000000
1790262536177,4265.9900000000,4266.0700000000
1790262536580,4265.9700000000,4266.0500000000
1790262536983,4265.9800000000,4266.0600000000
1790262537788,4266.1100000000,4266.1900000000
1790262538190,4266.1000000000,4266.1800000000
1790262538593,4265.8800000000,4265.9600000000
1790262538995,4265.8500000000,4265.9300000000
1790262539801,4265.8400000000,4265.9200000000
1790262540204,4265.8500000000,4265.9300000000
1790262540607,4266.0900000000,4266.1700000000
1790262541114,4266.2800000000,4266.3600000000
1790262541416,4266.3400000000,4266.4200000000
1790262541920,4266.3000000000,4266.3800000000
1790262542222,4266.1600000000,4266.2400000000
1790262542624,4266.1900000000,4266.2700000000
1790262543027,4265.5900000000,4265.6700000000
1790262543429,4265.5900000000,4265.6800000000
1790262543832,4265.5700000000,4265.6600000000
1790262544235,4265.6000000000,4265.6900000000
1790262544638,4265.5900000000,4265.6800000000
1790262545141,4265.5500000000,4265.6400000000
1790262546250,4265.4700000000,4265.5600000000
1790262546651,4265.4500000000,4265.5400000000
1790262548262,4265.4900000000,4265.5800000000
1790262548665,4265.6700000000,4265.7600000000
1790262549067,4265.6400000000,4265.7300000000
1790262549570,4265.5800000000,4265.6700000000
1790262549974,4265.8800000000,4265.9700000000
1790262550375,4265.9100000000,4266.0000000000
1790262550778,4265.6900000000,4265.7800000000
1790262551181,4265.6800000000,4265.7700000000
1790262551986,4265.7000000000,4265.7900000000
1790262552388,4265.7000000000,4265.7800000000
1790262552791,4265.6900000000,4265.7700000000
1790262553999,4265.7000000000,4265.7800000000
1790262554401,4265.6400000000,4265.7200000000
1790262554803,4265.5400000000,4265.6200000000
1790262555206,4265.5200000000,4265.6000000000
1790262556010,4265.5800000000,4265.6600000000
1790262556413,4265.5900000000,4265.6700000000
1790262556815,4265.6200000000,4265.7000000000
1790262557620,4265.6700000000,4265.7500000000
1790262558023,4265.6600000000,4265.7400000000
1790262558426,4265.6200000000,4265.7000000000
1790262558829,4265.6500000000,4265.7300000000
1790262559232,4265.7000000000,4265.7800000000
1790262559635,4265.9000000000,4265.9800000000
1790262560038,4266.1800000000,4266.2600000000
1790262560440,4266.2600000000,4266.3400000000
1790262560843,4266.3000000000,4266.3800000000
1790262561648,4266.1900000000,4266.2700000000
1790262562051,4266.2100000000,4266.2900000000
1790262562855,4266.1600000000,4266.2400000000
1790262563259,4266.1900000000,4266.2700000000
1790262564063,4266.0000000000,4266.0800000000
1790262564466,4265.9800000000,4266.0600000000
1790262564868,4265.9700000000,4266.0500000000
1790262565271,4265.9900000000,4266.0700000000
1790262565673,4265.9800000000,4266.0600000000
1790262566076,4265.9900000000,4266.0700000000
1790262566479,4265.8500000000,4265.9300000000
1790262566881,4265.9700000000,4266.0500000000
1790262567283,4265.9900000000,4266.0700000000
1790262567686,4266.0000000000,4266.0800000000
1790262568088,4265.9000000000,4265.9800000000
1790262568491,4265.8200000000,4265.9000000000
1790262568893,4265.8700000000,4265.9500000000
1790262569295,4265.8800000000,4265.9600000000
1790262570101,4265.5000000000,4265.5800000000
1790262570504,4265.1500000000,4265.2300000000
1790262570905,4265.0300000000,4265.1100000000
1790262571710,4264.9900000000,4265.0700000000
1790262572114,4264.5400000000,4264.6200000000
1790262572517,4264.5100000000,4264.6000000000
1790262572920,4264.3800000000,4264.4700000000
1790262573322,4264.4200000000,4264.5100000000
1790262574127,4264.4300000000,4264.5200000000
1790262574529,4264.6500000000,4264.7400000000
1790262574932,4264.6900000000,4264.7800000000
1790262575335,4264.5900000000,4264.6800000000
1790262575738,4264.6400000000,4264.7300000000
1790262576140,4264.6800000000,4264.7700000000
1790262576543,4264.6700000000,4264.7500000000
1790262576945,4264.6400000000,4264.7200000000
1790262577347,4264.6700000000,4264.7500000000
1790262578153,4264.8300000000,4264.9100000000
1790262578958,4264.8600000000,4264.9400000000
1790262579361,4264.9700000000,4265.0500000000
1790262579763,4264.9800000000,4265.0600000000
1790262580166,4264.9300000000,4265.0100000000
1790262580568,4264.9200000000,4265.0000000000
1790262580971,4264.9600000000,4265.0400000000
1790262581374,4264.9800000000,4265.0600000000
1790262581776,4265.1300000000,4265.2100000000
1790262582179,4265.2500000000,4265.3300000000
1790262582581,4265.2800000000,4265.3600000000
1790262582984,4265.2700000000,4265.3500000000
1790262583387,4265.2500000000,4265.3300000000
1790262584191,4265.3700000000,4265.4500000000
1790262584594,4265.4500000000,4265.5300000000
1790262584997,4265.4700000000,4265.5500000000
1790262585399,4265.4900000000,4265.5700000000
1790262585802,4265.5800000000,4265.6600000000
1790262586205,4265.5900000000,4265.6700000000
1790262586607,4265.5000000000,4265.5800000000
1790262587817,4265.5100000000,4265.5900000000
1790262588221,4265.4800000000,4265.5600000000
1790262588622,4265.4600000000,4265.5400000000
1790262589829,4265.4100000000,4265.4900000000
1790262590232,4265.4500000000,4265.5200000000
1790262591037,4265.5600000000,4265.6300000000
1790262591440,4265.7000000000,4265.7700000000
1790262592246,4265.7100000000,4265.7800000000
1790262592648,4265.7000000000,4265.7700000000
1790262593051,4265.6700000000,4265.7400000000
1790262593454,4265.6800000000,4265.7500000000
1790262593857,4265.6900000000,4265.7600000000
1790262594260,4265.6100000000,4265.6800000000
1790262594663,4265.5700000000,4265.6400000000
1790262595065,4265.4800000000,4265.5500000000
1790262595468,4265.3800000000,4265.4500000000
1790262596273,4265.4000000000,4265.4700000000
1790262596676,4265.4200000000,4265.4900000000
1790262597078,4265.4400000000,4265.5100000000
1790262598286,4265.3900000000,4265.4600000000
1790262599091,4265.4000000000,4265.4700000000
1790262599896,4265.2100000000,4265.2800000000
1790262600298,4265.1800000000,4265.2500000000
1790262600701,4265.4500000000,4265.5200000000
1790262601105,4265.5000000000,4265.5700000000
1790262601508,4265.6800000000,4265.7500000000
1790262601911,4265.6000000000,4265.6700000000
1790262602314,4265.5300000000,4265.6000000000
1790262602717,4265.5200000000,4265.5900000000
1790262603120,4265.4900000000,4265.5600000000
1790262603522,4265.5000000000,4265.5700000000
1790262604327,4265.4100000000,4265.4800000000
1790262604730,4265.4000000000,4265.4700000000
1790262605132,4265.4300000000,4265.5000000000
1790262605535,4265.2800000000,4265.3500000000
1790262605937,4265.2400000000,4265.3100000000
1790262606742,4265.2200000000,4265.2900000000
1790262607144,4265.2000000000,4265.2700000000
1790262607547,4264.9400000000,4265.0100000000
1790262607951,4264.9200000000,4264.9900000000
1790262608354,4264.9000000000,4264.9700000000
1790262608756,4264.8900000000,4264.9600000000
1790262609159,4264.8700000000,4264.9400000000
1790262609562,4264.8800000000,4264.9500000000
1790262609965,4264.8200000000,4264.8900000000
1790262610367,4264.8600000000,4264.9300000000
1790262610770,4264.9000000000,4264.9700000000
1790262611173,4265.0500000000,4265.1200000000
1790262611576,4265.0600000000,4265.1300000000
1790262611978,4264.9500000000,4265.0200000000
1790262612381,4264.8800000000,4264.9500000000
1790262612783,4265.0300000000,4265.1000000000
1790262613186,4265.0400000000,4265.1100000000
1790262613588,4265.1400000000,4265.2100000000
1790262613990,4265.1200000000,4265.1900000000
1790262614393,4265.1900000000,4265.2600000000
1790262614797,4265.1400000000,4265.2100000000
1790262615199,4265.1900000000,4265.2600000000
1790262615601,4265.1600000000,4265.2300000000
1790262616406,4265.2900000000,4265.3600000000
1790262616808,4265.3100000000,4265.3800000000
1790262617211,4265.1800000000,4265.2500000000
1790262617613,4265.0400000000,4265.1100000000
1790262618418,4265.0100000000,4265.0800000000
1790262618821,4265.0000000000,4265.0700000000
1790262619224,4264.9800000000,4265.0500000000
1790262619627,4264.9600000000,4265.0300000000
1790262620432,4264.9900000000,4265.0600000000
1790262620835,4265.0100000000,4265.0800000000
1790262621238,4265.0000000000,4265.0700000000
1790262622043,4265.0200000000,4265.0900000000
1790262622446,4265.0100000000,4265.0800000000
1790262623252,4265.0000000000,4265.0700000000
1790262623654,4264.9500000000,4265.0200000000
1790262624057,4264.9200000000,4264.9900000000
1790262624460,4265.0000000000,4265.0700000000
1790262624863,4264.8600000000,4264.9300000000
1790262625265,4264.8700000000,4264.9400000000
1790262626071,4264.7500000000,4264.8200000000
1790262626474,4264.6200000000,4264.6900000000
1790262626877,4264.6700000000,4264.7400000000
1790262627682,4264.6500000000,4264.7200000000
1790262628084,4264.6300000000,4264.7000000000
1790262628487,4264.6200000000,4264.6900000000
1790262628889,4264.5800000000,4264.6500000000
1790262629292,4264.5900000000,4264.6600000000
1790262630097,4264.5400000000,4264.6100000000
1790262630499,4264.6100000000,4264.6800000000
1790262632512,4264.5300000000,4264.6000000000
1790262633317,4264.5200000000,4264.5900000000
1790262633720,4264.4900000000,4264.5600000000
1790262634122,4264.5100000000,4264.5800000000
1790262635028,4264.6800000000,4264.7500000000
1790262635430,4264.5800000000,4264.6500000000
1790262635833,4264.5700000000,4264.6400000000
1790262636236,4264.6400000000,4264.7100000000
1790262636639,4264.7900000000,4264.8600000000
1790262637042,4264.7700000000,4264.8400000000
1790262637444,4264.6400000000,4264.7100000000
1790262637847,4264.6600000000,4264.7300000000
1790262638250,4264.6700000000,4264.7400000000
1790262638653,4264.6500000000,4264.7200000000
1790262639055,4264.6300000000,4264.7000000000
1790262639862,4264.6700000000,4264.7400000000
1790262641774,4264.6600000000,4264.7300000000
1790262642982,4264.6800000000,4264.7500000000
1790262643787,4264.5900000000,4264.6600000000
1790262644290,4264.5400000000,4264.6100000000
1790262644692,4264.5300000000,4264.6000000000
1790262645095,4264.5000000000,4264.5700000000
1790262645498,4264.7500000000,4264.8200000000
1790262645900,4264.8300000000,4264.9000000000
1790262646303,4265.1000000000,4265.1700000000
1790262647109,4265.0900000000,4265.1600000000
1790262647411,4265.0400000000,4265.1100000000
1790262647914,4265.0300000000,4265.1000000000
1790262648317,4264.9600000000,4265.0300000000
1790262648720,4264.9700000000,4265.0400000000
1790262649122,4265.9200000000,4265.9900000000
1790262649525,4265.9400000000,4266.0100000000
1790262649928,4265.9600000000,4266.0300000000
1790262650330,4265.9800000000,4266.0500000000
1790262651940,4265.9900000000,4266.0600000000
1790262652342,4265.8100000000,4265.8800000000
1790262652745,4265.7900000000,4265.8600000000
1790262653147,4265.7400000000,4265.8100000000
1790262653953,4265.7000000000,4265.7700000000
1790262654356,4265.6100000000,4265.6800000000
1790262654758,4265.6800000000,4265.7500000000
1790262655565,4265.7400000000,4265.8100000000
1790262655968,4265.6700000000,4265.7400000000
1790262656370,4265.6800000000,4265.7500000000
1790262656773,4265.7100000000,4265.7800000000
1790262657578,4265.6000000000,4265.6700000000
1790262657981,4265.5700000000,4265.6400000000
1790262658383,4265.6900000000,4265.7600000000
1790262659591,4265.8000000000,4265.8700000000
1790262660397,4265.8200000000,4265.8900000000
1790262660800,4265.8000000000,4265.8700000000
1790262661207,4265.6200000000,4265.6900000000
1790262661610,4265.5900000000,4265.6600000000
1790262662416,4265.6100000000,4265.6800000000
1790262662820,4265.6400000000,4265.7100000000
1790262663223,4265.6300000000,4265.7000000000
1790262663626,4265.6000000000,4265.6700000000
1790262664029,4265.5600000000,4265.6300000000
1790262665640,4265.5800000000,4265.6500000000
1790262666042,4265.6300000000,4265.7000000000
1790262666848,4265.6000000000,4265.6700000000
1790262667653,4265.5900000000,4265.6600000000
1790262668458,4265.6300000000,4265.7000000000
1790262669666,4265.6100000000,4265.6800000000
1790262670471,4265.6000000000,4265.6700000000
1790262670873,4265.5500000000,4265.6200000000
1790262671276,4265.5800000000,4265.6500000000
1790262672485,4265.5900000000,4265.6600000000
1790262673290,4265.5800000000,4265.6500000000
1790262673693,4265.4300000000,4265.5000000000
1790262674097,4265.3800000000,4265.4500000000
1790262674500,4265.3500000000,4265.4200000000
1790262674902,4265.3700000000,4265.4400000000
1790262675305,4265.3900000000,4265.4600000000
1790262676110,4265.4800000000,4265.5500000000
1790262676512,4265.5900000000,4265.6600000000
1790262676917,4265.5400000000,4265.6100000000
1790262677320,4265.4600000000,4265.5300000000
1790262677723,4265.4700000000,4265.5400000000
1790262678125,4265.5000000000,4265.5700000000
1790262678528,4265.5100000000,4265.5800000000
1790262678931,4265.5200000000,4265.5900000000
1790262679333,4265.5100000000,4265.5800000000
1790262679736,4266.0200000000,4266.0900000000
1790262680139,4266.0300000000,4266.1000000000
1790262680542,4265.9200000000,4265.9900000000
1790262680943,4265.8400000000,4265.9100000000
1790262681345,4265.7700000000,4265.8400000000
1790262681747,4265.7900000000,4265.8600000000
1790262682150,4265.7700000000,4265.8400000000
1790262682553,4265.9400000000,4266.0100000000
1790262682955,4266.0400000000,4266.1100000000
1790262683357,4266.0300000000,4266.1000000000
1790262683760,4266.0200000000,4266.0900000000
1790262684163,4266.0400000000,4266.1100000000
1790262685372,4266.0200000000,4266.0900000000
1790262685774,4265.9200000000,4265.9900000000
1790262686176,4265.8900000000,4265.9600000000
1790262686579,4265.8700000000,4265.9400000000
1790262686982,4265.8000000000,4265.8700000000
1790262687384,4265.8600000000,4265.9300000000
1790262687786,4265.8500000000,4265.9200000000
1790262688189,4265.8200000000,4265.8900000000
1790262688592,4265.8300000000,4265.9000000000
1790262690604,4265.8400000000,4265.9100000000
1790262691811,4265.9900000000,4266.0600000000
1790262692214,4266.0200000000,4266.0900000000
1790262692616,4266.0100000000,4266.0800000000
1790262693421,4265.9400000000,4266.0100000000
1790262693824,4265.9100000000,4265.9800000000
1790262694228,4265.9200000000,4265.9900000000
1790262695032,4265.9300000000,4266.0000000000
1790262695435,4265.9200000000,4265.9900000000
1790262696240,4266.0000000000,4266.0700000000
1790262696643,4265.9100000000,4265.9800000000
1790262697045,4265.8800000000,4265.9500000000
1790262697448,4265.9000000000,4265.9700000000
1790262697851,4265.8600000000,4265.9300000000
1790262698253,4265.8200000000,4265.8900000000
1790262699058,4265.8400000000,4265.9100000000
1790262699461,4265.8300000000,4265.9000000000
1790262699865,4265.8000000000,4265.8700000000
1790262700268,4265.9000000000,4265.9700000000
1790262700670,4265.9800000000,4266.0500000000
1790262701073,4265.9300000000,4266.0000000000
1790262701475,4265.9600000000,4266.0300000000
1790262702281,4265.9500000000,4266.0200000000
1790262702683,4265.9300000000,4266.0000000000
1790262703889,4265.9800000000,4266.0500000000
1790262704292,4266.0100000000,4266.0800000000
1790262705097,4266.0400000000,4266.1100000000
1790262705500,4266.0000000000,4266.0700000000
1790262705905,4265.9800000000,4266.0500000000
1790262706308,4265.9100000000,4265.9800000000
1790262706710,4265.7900000000,4265.8600000000
1790262707113,4265.7800000000,4265.8500000000
1790262707918,4265.7500000000,4265.8200000000
1790262708724,4266.1100000000,4266.1800000000
1790262709126,4266.1900000000,4266.2600000000
1790262709529,4266.2200000000,4266.2900000000
1790262709930,4266.4700000000,4266.5400000000
1790262710333,4266.4300000000,4266.5000000000
1790262710735,4266.3600000000,4266.4300000000
1790262711138,4266.2900000000,4266.3600000000
1790262711541,4266.2600000000,4266.3300000000
1790262711944,4266.2400000000,4266.3100000000
1790262712346,4266.2000000000,4266.2700000000
1790262712749,4266.1600000000,4266.2300000000
1790262713554,4266.1500000000,4266.2200000000
1790262713956,4266.2100000000,4266.2800000000
1790262714358,4266.1000000000,4266.1700000000
1790262714761,4266.0100000000,4266.0800000000
1790262715164,4265.7800000000,4265.8500000000
1790262715566,4265.6100000000,4265.6800000000
1790262715969,4265.5800000000,4265.6500000000
1790262716371,4265.5700000000,4265.6400000000
1790262716774,4265.5600000000,4265.6300000000
1790262717177,4265.5400000000,4265.6100000000
1790262717579,4265.5100000000,4265.5800000000
1790262718384,4265.5500000000,4265.6200000000
1790262719189,4265.5300000000,4265.6000000000
1790262719591,4265.5100000000,4265.5800000000
1790262720397,4265.8200000000,4265.8900000000
1790262720799,4265.8500000000,4265.9200000000
1790262721204,4265.7200000000,4265.7900000000
1790262721607,4265.8500000000,4265.9200000000
1790262722412,4265.8600000000,4265.9300000000
1790262722814,4265.8700000000,4265.9400000000
1790262723217,4265.9200000000,4265.9900000000
1790262724022,4265.9500000000,4266.0200000000
1790262724425,4265.8700000000,4265.9400000000
1790262724827,4265.8500000000,4265.9200000000
1790262725230,4265.8700000000,4265.9400000000
1790262725632,4266.1400000000,4266.2100000000
1790262726036,4266.1300000000,4266.2000000000
1790262726438,4266.2900000000,4266.3600000000
1790262726841,4266.6400000000,4266.7100000000
1790262727244,4266.7300000000,4266.8000000000
1790262727647,4266.8500000000,4266.9200000000
1790262728452,4266.9100000000,4266.9800000000
1790262728855,4267.2700000000,4267.3400000000
1790262729258,4267.2300000000,4267.3000000000
1790262729661,4267.3300000000,4267.4000000000
1790262731271,4267.3200000000,4267.3900000000
1790262732076,4267.2600000000,4267.3300000000
1790262732479,4267.3200000000,4267.3900000000
1790262732880,4267.3300000000,4267.4000000000
1790262733283,4267.3200000000,4267.3900000000
1790262734492,4267.3100000000,4267.3800000000
1790262734895,4267.3200000000,4267.3900000000
1790262735298,4267.3500000000,4267.4200000000
1790262735700,4267.3400000000,4267.4100000000
1790262736103,4267.2000000000,4267.2700000000
1790262736907,4267.4500000000,4267.5200000000
1790262737309,4267.4600000000,4267.5300000000
1790262738114,4267.4800000000,4267.5500000000
1790262739019,4267.4600000000,4267.5300000000
1790262739422,4267.4700000000,4267.5400000000
1790262739824,4267.4900000000,4267.5600000000
1790262740529,4267.5000000000,4267.5700000000
1790262741738,4267.6600000000,4267.7300000000
1790262742141,4267.7000000000,4267.7700000000
1790262743348,4267.9300000000,4268.0000000000
1790262743750,4267.8600000000,4267.9300000000
1790262744153,4267.8100000000,4267.8800000000
1790262744555,4267.5900000000,4267.6600000000
1790262744958,4267.5700000000,4267.6400000000
1790262745461,4267.5800000000,4267.6500000000
1790262745864,4267.6300000000,4267.7000000000
1790262746267,4267.6200000000,4267.6900000000
1790262746669,4267.6000000000,4267.6700000000
1790262747476,4267.7300000000,4267.8000000000
1790262747879,4267.7400000000,4267.8100000000
1790262748282,4267.7500000000,4267.8200000000
1790262748685,4267.7600000000,4267.8300000000
1790262749088,4267.7700000000,4267.8400000000
1790262749491,4267.3200000000,4267.3900000000
1790262750297,4267.1600000000,4267.2300000000
1790262750700,4267.2100000000,4267.2800000000
1790262751103,4267.2300000000,4267.3000000000
1790262751405,4266.7200000000,4266.7900000000
1790262751908,4266.8100000000,4266.8800000000
1790262752310,4266.7700000000,4266.8400000000
1790262752713,4266.8500000000,4266.9200000000
1790262753117,4267.1400000000,4267.2100000000
1790262753519,4267.1700000000,4267.2400000000
1790262753922,4267.1800000000,4267.2500000000
1790262755129,4267.0100000000,4267.0800000000
1790262755532,4266.9100000000,4266.9800000000
1790262755934,4266.9200000000,4266.9900000000
1790262756337,4267.0500000000,4267.1200000000
1790262756739,4267.1800000000,4267.2500000000
1790262757142,4267.1700000000,4267.2400000000
1790262757545,4267.1800000000,4267.2500000000
1790262757949,4267.3000000000,4267.3700000000
1790262758250,4267.4900000000,4267.5600000000
1790262758754,4267.4000000000,4267.4700000000
1790262759155,4267.3300000000,4267.4000000000
1790262759458,4267.3200000000,4267.3900000000
1790262759960,4267.2600000000,4267.3300000000
1790262760362,4267.4300000000,4267.5000000000
1790262760765,4267.4500000000,4267.5200000000
1790262761168,4267.9400000000,4268.0100000000
1790262761571,4267.9700000000,4268.0400000000
1790262761974,4268.0000000000,4268.0700000000
1790262762376,4267.9700000000,4268.0500000000
1790262762779,4267.9900000000,4268.0700000000
1790262763181,4268.0100000000,4268.0900000000
1790262763584,4268.0000000000,4268.0800000000
1790262763986,4267.9900000000,4268.0700000000
1790262764791,4267.9300000000,4268.0100000000
1790262765194,4267.8700000000,4267.9400000000
1790262765597,4267.7200000000,4267.7900000000
1790262766001,4267.7000000000,4267.7700000000
1790262766403,4267.7700000000,4267.8400000000
1790262766806,4267.8200000000,4267.8900000000
1790262767208,4267.8500000000,4267.9200000000
1790262767611,4267.8600000000,4267.9300000000
1790262768013,4268.2200000000,4268.2900000000
1790262768416,4268.0400000000,4268.1100000000
1790262768818,4268.0300000000,4268.1000000000
1790262769221,4268.0500000000,4268.1200000000
1790262769625,4267.9000000000,4267.9700000000
1790262770027,4267.8900000000,4267.9600000000
1790262770429,4267.8700000000,4267.9400000000
1790262770832,4267.9500000000,4268.0200000000
1790262771235,4267.8600000000,4267.9300000000
1790262772040,4267.9500000000,4268.0200000000
1790262772845,4267.9800000000,4268.0500000000
1790262773248,4268.0000000000,4268.0700000000
1790262774054,4267.9700000000,4268.0400000000
1790262774456,4267.9600000000,4268.0300000000
1790262774859,4267.9400000000,4268.0100000000
1790262775261,4268.0000000000,4268.0700000000
1790262775664,4267.9900000000,4268.0600000000
1790262776066,4268.1400000000,4268.2100000000
1790262776469,4268.1200000000,4268.1900000000
1790262776871,4267.8700000000,4267.9400000000
1790262777273,4267.5600000000,4267.6300000000
1790262777676,4267.5100000000,4267.5800000000
1790262778079,4267.5200000000,4267.5900000000
1790262778481,4267.5300000000,4267.6100000000
1790262778884,4267.5800000000,4267.6600000000
1790262779287,4267.5600000000,4267.6400000000
1790262779690,4267.4800000000,4267.5600000000
1790262780092,4267.5100000000,4267.5900000000
1790262780495,4267.4200000000,4267.5000000000
1790262780897,4267.4600000000,4267.5400000000
1790262781304,4267.4500000000,4267.5200000000
1790262781705,4267.5300000000,4267.6000000000
1790262782108,4267.5400000000,4267.6100000000
1790262782511,4267.5300000000,4267.6000000000
1790262782913,4267.4800000000,4267.5500000000
1790262783316,4267.6300000000,4267.7000000000
1790262783719,4267.6600000000,4267.7300000000
1790262784122,4267.7000000000,4267.7700000000
1790262784524,4267.7100000000,4267.7800000000
1790262785732,4267.7200000000,4267.7900000000
1790262786135,4267.7600000000,4267.8300000000
1790262786940,4267.6200000000,4267.6900000000
1790262787342,4267.3300000000,4267.4000000000
1790262787745,4267.3400000000,4267.4100000000
1790262788148,4267.2800000000,4267.3500000000
1790262788550,4267.2500000000,4267.3200000000
1790262788953,4267.3000000000,4267.3700000000
1790262789355,4267.1100000000,4267.1800000000
1790262789757,4267.1000000000,4267.1700000000
1790262790160,4267.2500000000,4267.3200000000
1790262790562,4267.1200000000,4267.1900000000
1790262790965,4267.1800000000,4267.2500000000
1790262791368,4267.2300000000,4267.3000000000
1790262792173,4267.2800000000,4267.3500000000
1790262792576,4267.2600000000,4267.3300000000
1790262793381,4267.2400000000,4267.3100000000
1790262794189,4267.3700000000,4267.4400000000
1790262794591,4267.3800000000,4267.4500000000
1790262794994,4268.2700000000,4268.3400000000
1790262795396,4268.2600000000,4268.3300000000
1790262795799,4268.2300000000,4268.3000000000
1790262796201,4268.3100000000,4268.4000000000
1790262796604,4268.3400000000,4268.4300000000
1790262797006,4268.3500000000,4268.4400000000
1790262797408,4268.3600000000,4268.4500000000
1790262797811,4268.5700000000,4268.6600000000
1790262798214,4268.6000000000,4268.6900000000
1790262798616,4268.6400000000,4268.7300000000
1790262799421,4268.5300000000,4268.6200000000
1790262799824,4268.5900000000,4268.6800000000
1790262800227,4268.6100000000,4268.7000000000
1790262801033,4268.6200000000,4268.7100000000
1790262801838,4268.5700000000,4268.6600000000
1790262802240,4268.4800000000,4268.5700000000
1790262802643,4268.7700000000,4268.8600000000
1790262803047,4268.9000000000,4268.9900000000
1790262803450,4268.9900000000,4269.0800000000
1790262804257,4269.0200000000,4269.1100000000
1790262804660,4268.9000000000,4268.9900000000
1790262805464,4269.0800000000,4269.1700000000
1790262805866,4269.0900000000,4269.1800000000
1790262806269,4269.1800000000,4269.2700000000
1790262806671,4269.2300000000,4269.3200000000
1790262807075,4269.3000000000,4269.3900000000
1790262807478,4269.3400000000,4269.4300000000
1790262808282,4269.3300000000,4269.4200000000
1790262808686,4269.3200000000,4269.4100000000
1790262809087,4269.2100000000,4269.3000000000
1790262809491,4269.2400000000,4269.3300000000
1790262809893,4269.2900000000,4269.3800000000
1790262811503,4269.2400000000,4269.3300000000
1790262812307,4269.2300000000,4269.3200000000
1790262812711,4269.2200000000,4269.3100000000
1790262813114,4269.2000000000,4269.2900000000
1790262814321,4269.0700000000,4269.1600000000
1790262814723,4269.1900000000,4269.2800000000
1790262815126,4269.0700000000,4269.1500000000
1790262815529,4269.0800000000,4269.1600000000
1790262815932,4269.0900000000,4269.1700000000
1790262816334,4269.1400000000,4269.2200000000
1790262817140,4269.1000000000,4269.1800000000
1790262817944,4269.0800000000,4269.1600000000
1790262819555,4269.1400000000,4269.2200000000
1790262819957,4269.3100000000,4269.3900000000
1790262820360,4269.2600000000,4269.3400000000
1790262820762,4269.2100000000,4269.2900000000
1790262821165,4269.2200000000,4269.3000000000
1790262821567,4269.3200000000,4269.4000000000
1790262821969,4269.3400000000,4269.4200000000
1790262822775,4269.3600000000,4269.4400000000
1790262823982,4269.1000000000,4269.1800000000
1790262825190,4268.9700000000,4269.0500000000
1790262825592,4268.9500000000,4269.0300000000
1790262825996,4268.9600000000,4269.0400000000
1790262826398,4269.0100000000,4269.0900000000
1790262826801,4269.0600000000,4269.1400000000
1790262827203,4269.0800000000,4269.1600000000
1790262827606,4269.1300000000,4269.2100000000
1790262828008,4268.9600000000,4269.0400000000
1790262828412,4268.9400000000,4269.0100000000
1790262828814,4268.9300000000,4269.0000000000
1790262829216,4268.9200000000,4269.0000000000
1790262830423,4268.9200000000,4268.9900000000
1790262831631,4268.8900000000,4268.9600000000
1790262832134,4268.6100000000,4268.6800000000
1790262832537,4268.5100000000,4268.5800000000
1790262833342,4268.6100000000,4268.6900000000
1790262833745,4268.6200000000,4268.7000000000
1790262834148,4268.5800000000,4268.6600000000
1790262834551,4268.4900000000,4268.5700000000
1790262834953,4268.4800000000,4268.5600000000
1790262835355,4268.3400000000,4268.4200000000
1790262835758,4268.3300000000,4268.4100000000
1790262836161,4268.3200000000,4268.4000000000
1790262836564,4268.2800000000,4268.3600000000
1790262836966,4268.2700000000,4268.3500000000
1790262837771,4268.2900000000,4268.3700000000
1790262838174,4268.3300000000,4268.4100000000
1790262838979,4268.3400000000,4268.4200000000
1790262839381,4268.3500000000,4268.4300000000
1790262839784,4268.3400000000,4268.4200000000
1790262840186,4268.3500000000,4268.4200000000
1790262840589,4268.3900000000,4268.4600000000
1790262840991,4268.4600000000,4268.5300000000
1790262841798,4268.5400000000,4268.6100000000
1790262842201,4268.8500000000,4268.9200000000
1790262842604,4268.8800000000,4268.9500000000
1790262843006,4268.8600000000,4268.9300000000
1790262843409,4268.8200000000,4268.9000000000
1790262844216,4268.7300000000,4268.8100000000
1790262844618,4268.7200000000,4268.8000000000
1790262845021,4268.7000000000,4268.7800000000
1790262845423,4268.7300000000,4268.8100000000
1790262845825,4268.7500000000,4268.8300000000
1790262846631,4268.7400000000,4268.8200000000
1790262847034,4268.7100000000,4268.7900000000
1790262847436,4268.6800000000,4268.7600000000
1790262847839,4268.7100000000,4268.7900000000
1790262848241,4268.6500000000,4268.7300000000
1790262848644,4268.6400000000,4268.7200000000
1790262849046,4268.5800000000,4268.6600000000
1790262849449,4268.3800000000,4268.4500000000
1790262849851,4268.4000000000,4268.4700000000
1790262850253,4268.4000000000,4268.4800000000
1790262850656,4268.4500000000,4268.5300000000
1790262851059,4268.4800000000,4268.5600000000
1790262851461,4268.5000000000,4268.5800000000
1790262851864,4268.5900000000,4268.6700000000
1790262852267,4268.5000000000,4268.5700000000
1790262853475,4268.4900000000,4268.5600000000
1790262853877,4268.5100000000,4268.5800000000
1790262854682,4268.5200000000,4268.5900000000
1790262855085,4268.4900000000,4268.5600000000
1790262855487,4268.3200000000,4268.3900000000
1790262856695,4268.3000000000,4268.3700000000
