time_msc,bid,ask
1790044530117,4361.3300000000,4361.5100000000
1790044530519,4361.9700000000,4362.1900000000
1790044530922,4361.9100000000,4362.0900000000
1790044531324,4361.9700000000,4362.2400000000
1790044531727,4362.1500000000,4362.3400000000
1790044532130,4362.1700000000,4362.3900000000
1790044532532,4362.5900000000,4363.0900000000
1790044532934,4362.4200000000,4362.9200000000
1790044533337,4362.3600000000,4362.4900000000
1790044533740,4362.2400000000,4362.3700000000
1790044534545,4362.2700000000,4362.4000000000
1790044534948,4362.1200000000,4362.2500000000
1790044535351,4362.0900000000,4362.2100000000
1790044535753,4362.0300000000,4362.1500000000
1790044536559,4362.0100000000,4362.1300000000
1790044536962,4361.9900000000,4362.1100000000
1790044537364,4361.9700000000,4362.0800000000
1790044538171,4361.9600000000,4362.0700000000
1790044538574,4361.9500000000,4362.0600000000
1790044538976,4361.7300000000,4361.8400000000
1790044539379,4361.6900000000,4361.8000000000
1790044539781,4361.7500000000,4361.8600000000
1790044540183,4361.7300000000,4361.8300000000
1790044540586,4361.6800000000,4361.7800000000
1790044542197,4361.6700000000,4361.7600000000
1790044542599,4361.6500000000,4361.7400000000
1790044543404,4361.6100000000,4361.7000000000
1790044544613,4361.6600000000,4361.7500000000
1790044546323,4361.4600000000,4361.5500000000
1790044546726,4361.4200000000,4361.5100000000
1790044547531,4361.4000000000,4361.4900000000
1790044547934,4361.0800000000,4361.1700000000
1790044548337,4360.9800000000,4361.0700000000
1790044549142,4360.9500000000,4361.0400000000
1790044550753,4361.0700000000,4361.1600000000
1790044551155,4360.9900000000,4361.0800000000
1790044551558,4360.7500000000,4360.8400000000
1790044551961,4360.7300000000,4360.8200000000
1790044552766,4360.6900000000,4360.7800000000
1790044553571,4360.6200000000,4360.7100000000
1790044553973,4360.1800000000,4360.2700000000
1790044554375,4360.1000000000,4360.1900000000
1790044554778,4360.0800000000,4360.1700000000
1790044555180,4360.0900000000,4360.1800000000
1790044555583,4360.1000000000,4360.1900000000
1790044555986,4360.2400000000,4360.3300000000
1790044556388,4360.2000000000,4360.2900000000
1790044556790,4360.0900000000,4360.1800000000
1790044557192,4360.0600000000,4360.1500000000
1790044557595,4359.5200000000,4359.6100000000
1790044557997,4359.4900000000,4359.5800000000
1790044558803,4359.4600000000,4359.5500000000
1790044559206,4359.3000000000,4359.3900000000
1790044559608,4359.3900000000,4359.4800000000
1790044560011,4359.3800000000,4359.4700000000
1790044560414,4359.5500000000,4359.6400000000
1790044560816,4360.1600000000,4360.2500000000
1790044561219,4360.2000000000,4360.3200000000
1790044561622,4360.5100000000,4360.6300000000
1790044562024,4360.5900000000,4360.7600000000
1790044562426,4361.0500000000,4361.2500000000
1790044562829,4361.2000000000,4361.4700000000
1790044563232,4361.5200000000,4361.7200000000
1790044563635,4361.5400000000,4361.7500000000
1790044564037,4361.5800000000,4361.8700000000
1790044564439,4361.3900000000,4361.8300000000
1790044564842,4361.6400000000,4361.9700000000
1790044565244,4361.5300000000,4361.6500000000
1790044565647,4361.0800000000,4361.2800000000
1790044566049,4360.6800000000,4360.8400000000
1790044566451,4360.4200000000,4360.5800000000
1790044566854,4360.4400000000,4360.6100000000
1790044567258,4360.4300000000,4360.5900000000
1790044567661,4360.4500000000,4360.6100000000
1790044568064,4360.4600000000,4360.5900000000
1790044568466,4360.4600000000,4360.5800000000
1790044568869,4360.4700000000,4360.5900000000
1790044569675,4360.4900000000,4360.6100000000
1790044570077,4360.4300000000,4360.5500000000
1790044570479,4360.4400000000,4360.5500000000
1790044570882,4360.6900000000,4360.8000000000
1790044571285,4360.7900000000,4360.9000000000
1790044571687,4361.0300000000,4361.1400000000
1790044572090,4361.0200000000,4361.1300000000
1790044572492,4361.2500000000,4361.3500000000
1790044572895,4361.0800000000,4361.1800000000
1790044573298,4361.3400000000,4361.4400000000
1790044573700,4361.4100000000,4361.5100000000
1790044574103,4361.3900000000,4361.5300000000
1790044574908,4361.2700000000,4361.5000000000
1790044575310,4361.1500000000,4361.3200000000
1790044575713,4360.9600000000,4361.1200000000
1790044576115,4360.9100000000,4361.1000000000
1790044576518,4360.9900000000,4361.1900000000
1790044576921,4361.0500000000,4361.3200000000
1790044577323,4361.0400000000,4361.1300000000
1790044577726,4361.0100000000,4361.1700000000
1790044578933,4360.6400000000,4360.8200000000
1790044579335,4360.5900000000,4360.7500000000
1790044579738,4360.5700000000,4360.7300000000
1790044580140,4360.4900000000,4360.5800000000
1790044580543,4360.4500000000,4360.5400000000
1790044580946,4360.4600000000,4360.5500000000
1790044582154,4360.6100000000,4360.7000000000
1790044582557,4360.6900000000,4360.7800000000
1790044582959,4360.6800000000,4360.7700000000
1790044583362,4360.6400000000,4360.7300000000
1790044584571,4360.6000000000,4360.6900000000
1790044585376,4360.6100000000,4360.7000000000
1790044586180,4360.5500000000,4360.6400000000
1790044586583,4360.5800000000,4360.6700000000
1790044586986,4360.6000000000,4360.6900000000
1790044588597,4360.6300000000,4360.7200000000
1790044589402,4360.6500000000,4360.7400000000
1790044590207,4360.6600000000,4360.7500000000
1790044591012,4360.6700000000,4360.7600000000
1790044591415,4361.2300000000,4361.3200000000
1790044591818,4361.2400000000,4361.3300000000
1790044592623,4361.1900000000,4361.2800000000
1790044593025,4361.2400000000,4361.3300000000
1790044594236,4361.3200000000,4361.4100000000
1790044594639,4361.2400000000,4361.3300000000
1790044595041,4360.9300000000,4361.0200000000
1790044595846,4360.8900000000,4360.9800000000
1790044596249,4361.1200000000,4361.2100000000
1790044596651,4360.9900000000,4361.0800000000
1790044597054,4361.2400000000,4361.3300000000
1790044597457,4361.2500000000,4361.3400000000
1790044597859,4361.2900000000,4361.3800000000
1790044598261,4361.3200000000,4361.4100000000
1790044599067,4361.2900000000,4361.3800000000
1790044599469,4361.3000000000,4361.3900000000
1790044599872,4361.2900000000,4361.3800000000
1790044600676,4361.2800000000,4361.3700000000
1790044601481,4361.4100000000,4361.5000000000
1790044602286,4361.4200000000,4361.5100000000
1790044602689,4361.3600000000,4361.4500000000
1790044603091,4361.3700000000,4361.4600000000
1790044603494,4361.2300000000,4361.3200000000
1790044603896,4361.2200000000,4361.3100000000
1790044604702,4361.2000000000,4361.2900000000
1790044605506,4361.1600000000,4361.2500000000
1790044605909,4361.1300000000,4361.2200000000
1790044606714,4361.0800000000,4361.1700000000
1790044607116,4361.0500000000,4361.1400000000
1790044607921,4361.0200000000,4361.1100000000
1790044608324,4360.9900000000,4361.0800000000
1790044608728,4361.0000000000,4361.0900000000
1790044609130,4361.0100000000,4361.1000000000
1790044611545,4361.0200000000,4361.1100000000
1790044612349,4361.0300000000,4361.1200000000
1790044614060,4361.0000000000,4361.0900000000
1790044615267,4361.0100000000,4361.1000000000
1790044615670,4361.5600000000,4361.6500000000
1790044616073,4361.6300000000,4361.7200000000
1790044616475,4361.6400000000,4361.7300000000
1790044616878,4361.6600000000,4361.7500000000
1790044618086,4361.8100000000,4361.9000000000
1790044618488,4361.8000000000,4361.8900000000
1790044618891,4361.7900000000,4361.9100000000
1790044619294,4361.7500000000,4361.8700000000
1790044619696,4361.8700000000,4362.0000000000
1790044620098,4361.9600000000,4362.1300000000
1790044620501,4362.0200000000,4362.2200000000
1790044620904,4362.3900000000,4362.5400000000
1790044621307,4362.7900000000,4363.0800000000
1790044621709,4363.0700000000,4363.1600000000
1790044622111,4362.8400000000,4362.9800000000
1790044622514,4362.9900000000,4363.1400000000
1790044622916,4362.9800000000,4363.1300000000
1790044623318,4362.9300000000,4363.0900000000
1790044623721,4362.8700000000,4363.0200000000
1790044624123,4362.8400000000,4363.0000000000
1790044624525,4362.8300000000,4362.9400000000
1790044624928,4363.3400000000,4363.4500000000
1790044625330,4363.3100000000,4363.4200000000
1790044625732,4363.2800000000,4363.3900000000
1790044626135,4363.2600000000,4363.3600000000
1790044626537,4363.1900000000,4363.2900000000
1790044626940,4363.0500000000,4363.1500000000
1790044627343,4362.9900000000,4363.1400000000
1790044627746,4363.0400000000,4363.1400000000
1790044628148,4363.0500000000,4363.1600000000
1790044628551,4363.2300000000,4363.3400000000
1790044628953,4363.2500000000,4363.3600000000
1790044629355,4363.2800000000,4363.3800000000
1790044629758,4363.3000000000,4363.4000000000
1790044630160,4363.4600000000,4363.5500000000
1790044630563,4363.5200000000,4363.6100000000
1790044630966,4363.8800000000,4363.9700000000
1790044631368,4363.8600000000,4364.0000000000
1790044631771,4363.8700000000,4364.0100000000
1790044632174,4363.8600000000,4363.9900000000
1790044632576,4363.8500000000,4364.0300000000
1790044632979,4363.8300000000,4364.0100000000
1790044633381,4363.7600000000,4364.0000000000
1790044633783,4363.9400000000,4364.0300000000
1790044634187,4364.0800000000,4364.2200000000
1790044634590,4363.9600000000,4364.0900000000
1790044634993,4363.9000000000,4364.0700000000
1790044635395,4363.9100000000,4364.0800000000
1790044635798,4363.8900000000,4364.0900000000
1790044636200,4363.9800000000,4364.1500000000
1790044636603,4364.0300000000,4364.1200000000
1790044637005,4363.9700000000,4364.0600000000
1790044637407,4363.9400000000,4364.0600000000
1790044639018,4363.9700000000,4364.0900000000
1790044639823,4363.9700000000,4364.0600000000
1790044640628,4364.4100000000,4364.5000000000
1790044641030,4364.7100000000,4364.8000000000
1790044641433,4364.6100000000,4364.7000000000
1790044642239,4364.6200000000,4364.7300000000
1790044642642,4364.7800000000,4364.8900000000
1790044643044,4364.8000000000,4364.9100000000
1790044643446,4364.8100000000,4364.9200000000
1790044643849,4364.8300000000,4364.9400000000
1790044644251,4364.8300000000,4364.9300000000
1790044645056,4364.8500000000,4364.9500000000
1790044645458,4364.8100000000,4364.9000000000
1790044645861,4364.7700000000,4364.8600000000
1790044646264,4364.8100000000,4364.9000000000
1790044647069,4364.8700000000,4364.9600000000
1790044647874,4364.8000000000,4364.8900000000
1790044648276,4364.8200000000,4364.9100000000
1790044648679,4364.8400000000,4364.9300000000
1790044649081,4364.8500000000,4364.9400000000
1790044649484,4364.8600000000,4364.9500000000
1790044649887,4364.9400000000,4365.0300000000
1790044650692,4364.8800000000,4364.9700000000
1790044651498,4364.9300000000,4365.0200000000
1790044653110,4364.9100000000,4365.0000000000
1790044653915,4364.9000000000,4364.9900000000
1790044654317,4364.8800000000,4364.9700000000
1790044657538,4365.4400000000,4365.5300000000
1790044657941,4365.0400000000,4365.1300000000
1790044658344,4365.0300000000,4365.1200000000
1790044658746,4364.9200000000,4365.0100000000
1790044659149,4364.9000000000,4364.9900000000
1790044660356,4364.8600000000,4364.9500000000
1790044661588,4364.8700000000,4364.9600000000
1790044661991,4365.1300000000,4365.2200000000
1790044662393,4365.2200000000,4365.3100000000
1790044662796,4365.1800000000,4365.2700000000
1790044663198,4365.1400000000,4365.2300000000
1790044664407,4365.1700000000,4365.2600000000
1790044664810,4365.1600000000,4365.2500000000
1790044665212,4365.2700000000,4365.3600000000
1790044666419,4365.2500000000,4365.3400000000
1790044666822,4365.1900000000,4365.2800000000
1790044667225,4364.9400000000,4365.0300000000
1790044668130,4364.8900000000,4364.9800000000
1790044668532,4364.7100000000,4364.8000000000
1790044668836,4364.7500000000,4364.8400000000
1790044669339,4364.7200000000,4364.8100000000
1790044670949,4364.6800000000,4364.7700000000
1790044671351,4364.7100000000,4364.8000000000
1790044671754,4364.7000000000,4364.7900000000
1790044672156,4364.6900000000,4364.7800000000
1790044672559,4365.3900000000,4365.4800000000
1790044672962,4365.3700000000,4365.4600000000
1790044673766,4365.3400000000,4365.4300000000
1790044674168,4365.3200000000,4365.4500000000
1790044674973,4365.3100000000,4365.4400000000
1790044675376,4365.3200000000,4365.4400000000
1790044676584,4365.3400000000,4365.4600000000
1790044676986,4365.4300000000,4365.5500000000
1790044677389,4365.4300000000,4365.5400000000
1790044677792,4365.3900000000,4365.5000000000
1790044678194,4364.7800000000,4364.8800000000
1790044678596,4364.6600000000,4364.7600000000
1790044678999,4364.3000000000,4364.4000000000
1790044679401,4364.2200000000,4364.3600000000
1790044679804,4363.8800000000,4364.0200000000
1790044680206,4363.6300000000,4363.7700000000
1790044680609,4364.0300000000,4364.1700000000
1790044681012,4364.0400000000,4364.1800000000
1790044681414,4364.1500000000,4364.2900000000
1790044682219,4364.0200000000,4364.1600000000
1790044682622,4363.9200000000,4364.0600000000
1790044683025,4363.4700000000,4363.6100000000
1790044683427,4363.4100000000,4363.5500000000
1790044683830,4363.3400000000,4363.4800000000
1790044684232,4363.4000000000,4363.5400000000
1790044684635,4363.4400000000,4363.5800000000
1790044685037,4363.5200000000,4363.6600000000
1790044685440,4363.7600000000,4363.8900000000
1790044685843,4363.7500000000,4363.8800000000
1790044686245,4363.7200000000,4363.8500000000
1790044686647,4363.6800000000,4363.8100000000
1790044687857,4363.7000000000,4363.8300000000
1790044688259,4363.7900000000,4363.9100000000
1790044688662,4363.8200000000,4363.9400000000
1790044689467,4364.3700000000,4364.4900000000
1790044689869,4364.3300000000,4364.4500000000
1790044690272,4364.3500000000,4364.4700000000
1790044690674,4364.2800000000,4364.4000000000
1790044691077,4364.0500000000,4364.1700000000
1790044691479,4364.6600000000,4364.7800000000
1790044691882,4364.8200000000,4364.9400000000
1790044692284,4364.5400000000,4364.6600000000
1790044692687,4364.3600000000,4364.4800000000
1790044693089,4363.7600000000,4363.8800000000
1790044693492,4363.7100000000,4363.8400000000
1790044693894,4362.9000000000,4363.0300000000
1790044694296,4362.1800000000,4362.3200000000
1790044694699,4361.7800000000,4361.9200000000
1790044695101,4361.7500000000,4361.8900000000
1790044695503,4362.1200000000,4362.2600000000
1790044695906,4362.5900000000,4362.7300000000
1790044696308,4363.0800000000,4363.2200000000
1790044696710,4363.2300000000,4363.3700000000
1790044697113,4363.2700000000,4363.4100000000
1790044697515,4363.2500000000,4363.3900000000
1790044697918,4363.0900000000,4363.2300000000
1790044698725,4363.0700000000,4363.2100000000
1790044699127,4363.1200000000,4363.2600000000
1790044699529,4363.1500000000,4363.2900000000
1790044700335,4363.2000000000,4363.3400000000
1790044701542,4363.0000000000,4363.1300000000
1790044701945,4362.7400000000,4362.8700000000
1790044702347,4362.9000000000,4363.0300000000
1790044702750,4362.9200000000,4363.0500000000
1790044703153,4362.9100000000,4363.0300000000
1790044703555,4362.8800000000,4363.0000000000
1790044704360,4362.7800000000,4362.9000000000
1790044704763,4362.8700000000,4362.9900000000
1790044705165,4362.9900000000,4363.1000000000
1790044705970,4363.1200000000,4363.2300000000
1790044706373,4363.1300000000,4363.2400000000
1790044706776,4363.1800000000,4363.2900000000
1790044707178,4363.1900000000,4363.2900000000
1790044707983,4363.1500000000,4363.2500000000
1790044708789,4362.9800000000,4363.0800000000
1790044709192,4363.1000000000,4363.1900000000
1790044709594,4363.1800000000,4363.2700000000
1790044709997,4362.9800000000,4363.0700000000
1790044710399,4363.1500000000,4363.2400000000
1790044710802,4363.1800000000,4363.2700000000
1790044711204,4363.1400000000,4363.2300000000
1790044711607,4363.5400000000,4363.6300000000
1790044712010,4363.6900000000,4363.7800000000
1790044712412,4363.2300000000,4363.3200000000
1790044712815,4363.4100000000,4363.5000000000
1790044713217,4363.0800000000,4363.1700000000
1790044713619,4363.0900000000,4363.1800000000
1790044714022,4363.0700000000,4363.1600000000
1790044714425,4363.0500000000,4363.1400000000
1790044714828,4363.0700000000,4363.1600000000
1790044716035,4363.0800000000,4363.1700000000
1790044716840,4363.1000000000,4363.1900000000
1790044717243,4363.1100000000,4363.2000000000
1790044717646,4363.1400000000,4363.2300000000
1790044718452,4363.1600000000,4363.2500000000
1790044718854,4363.1900000000,4363.2800000000
1790044720061,4363.3200000000,4363.4100000000
1790044720463,4363.2700000000,4363.3600000000
1790044720866,4363.2500000000,4363.3400000000
1790044721268,4363.2300000000,4363.3200000000
1790044721671,4363.2400000000,4363.3300000000
1790044722475,4363.2700000000,4363.3600000000
1790044723280,4363.3800000000,4363.4700000000
1790044723682,4363.2300000000,4363.3200000000
1790044724085,4363.1000000000,4363.1900000000
1790044724487,4363.0700000000,4363.1600000000
1790044724890,4362.7000000000,4362.7900000000
1790044725694,4362.9400000000,4363.0300000000
1790044726098,4362.9900000000,4363.0800000000
1790044726501,4363.0000000000,4363.0900000000
1790044727306,4363.0300000000,4363.1200000000
1790044727709,4363.0400000000,4363.1300000000
1790044728111,4363.0500000000,4363.1400000000
1790044728514,4363.0900000000,4363.1800000000
1790044728920,4363.1000000000,4363.1900000000
1790044729725,4363.3400000000,4363.4300000000
1790044730127,4363.3600000000,4363.4500000000
1790044730529,4363.3700000000,4363.4600000000
1790044732945,4363.3900000000,4363.4800000000
1790044733347,4363.3800000000,4363.4700000000
1790044733750,4363.3900000000,4363.4800000000
1790044734555,4363.3100000000,4363.4000000000
1790044736165,4363.3000000000,4363.3900000000
1790044736568,4363.2400000000,4363.3300000000
1790044737373,4363.2300000000,4363.3200000000
1790044737776,4363.1900000000,4363.2800000000
1790044738179,4363.0800000000,4363.1700000000
1790044738682,4363.1100000000,4363.2000000000
1790044739085,4363.1000000000,4363.1900000000
1790044739890,4363.1100000000,4363.2000000000
1790044740293,4363.0900000000,4363.1800000000
1790044740695,4362.9800000000,4363.0700000000
1790044741098,4362.8500000000,4362.9400000000
1790044741903,4362.8600000000,4362.9500000000
1790044742306,4362.6500000000,4362.7400000000
1790044743513,4362.6700000000,4362.7600000000
1790044744318,4362.5500000000,4362.6400000000
1790044744721,4362.2800000000,4362.3700000000
1790044745525,4362.3500000000,4362.4400000000
1790044745928,4362.3600000000,4362.4500000000
1790044748344,4362.5700000000,4362.6600000000
1790044749149,4362.6100000000,4362.7000000000
1790044749551,4362.6200000000,4362.7100000000
1790044749954,4362.6400000000,4362.7300000000
1790044750758,4362.6600000000,4362.7500000000
1790044751966,4362.6400000000,4362.7300000000
1790044753175,4362.6200000000,4362.7100000000
1790044753982,4362.6300000000,4362.7200000000
1790044754383,4362.6600000000,4362.7500000000
1790044755189,4362.4000000000,4362.4900000000
1790044755994,4362.3400000000,4362.4300000000
1790044756397,4362.3600000000,4362.4500000000
1790044756800,4362.3800000000,4362.4700000000
1790044757202,4362.4100000000,4362.5000000000
1790044757604,4362.3100000000,4362.4000000000
1790044758007,4362.6200000000,4362.7100000000
1790044758409,4362.6500000000,4362.7400000000
1790044758812,4362.6800000000,4362.7700000000
1790044759214,4362.6400000000,4362.7300000000
1790044759617,4362.6500000000,4362.7400000000
1790044760020,4362.7900000000,4362.8800000000
1790044760422,4362.8600000000,4362.9500000000
1790044760825,4362.7600000000,4362.8500000000
1790044761629,4362.9300000000,4363.0200000000
1790044762435,4362.9700000000,4363.0600000000
1790044763241,4363.7300000000,4363.8200000000
1790044763644,4363.7700000000,4363.8600000000
1790044764047,4363.7900000000,4363.8800000000
1790044764449,4363.7800000000,4363.8900000000
1790044765255,4363.7900000000,4363.8900000000
1790044766060,4363.7700000000,4363.8700000000
1790044766463,4363.7500000000,4363.8500000000
1790044766865,4363.7600000000,4363.8600000000
1790044767671,4363.7900000000,4363.8900000000
1790044768073,4363.1100000000,4363.2100000000
1790044768476,4363.1000000000,4363.1900000000
1790044768878,4363.0800000000,4363.1700000000
1790044769281,4363.0600000000,4363.1900000000
1790044769683,4363.0400000000,4363.1700000000
1790044770489,4363.0600000000,4363.1900000000
1790044771294,4362.7800000000,4362.9000000000
1790044771697,4362.7700000000,4362.8900000000
1790044772099,4362.7500000000,4362.8700000000
1790044773309,4362.7600000000,4362.8700000000
1790044774114,4363.0100000000,4363.1200000000
1790044774516,4362.9700000000,4363.0800000000
1790044774919,4362.7400000000,4362.8500000000
1790044775321,4362.7500000000,4362.8600000000
1790044775724,4362.7400000000,4362.9700000000
1790044776126,4363.6600000000,4363.8900000000
1790044776528,4363.6600000000,4364.0400000000
1790044776931,4363.9700000000,4364.3300000000
1790044777333,4363.9000000000,4364.2800000000
1790044777736,4364.1800000000,4364.6800000000
1790044778139,4364.2500000000,4364.7500000000
1790044778541,4364.2700000000,4364.7700000000
1790044778944,4364.3900000000,4364.5800000000
1790044779346,4364.3500000000,4364.6000000000
1790044779749,4364.4500000000,4364.7000000000
1790044780151,4364.1800000000,4364.5300000000
1790044780553,4364.2100000000,4364.5600000000
1790044781358,4364.2100000000,4364.5300000000
1790044781761,4364.1400000000,4364.2600000000
1790044782163,4364.1300000000,4364.2500000000
1790044782565,4364.1400000000,4364.2600000000
1790044782968,4364.2200000000,4364.3400000000
1790044783370,4364.2300000000,4364.3400000000
1790044783772,4364.1500000000,4364.2600000000
1790044784175,4364.1400000000,4364.2500000000
1790044784980,4364.1600000000,4364.2700000000
1790044785383,4364.0800000000,4364.1800000000
1790044786188,4364.3400000000,4364.4300000000
1790044786591,4364.3600000000,4364.4500000000
1790044788200,4364.3800000000,4364.4700000000
1790044789007,4364.3900000000,4364.4800000000
1790044789409,4364.4200000000,4364.5100000000
1790044789811,4364.4100000000,4364.5000000000
1790044790616,4364.4600000000,4364.5500000000
1790044791421,4364.6900000000,4364.7800000000
1790044791823,4364.7000000000,4364.7900000000
1790044792226,4364.7300000000,4364.8200000000
1790044793031,4364.7400000000,4364.8300000000
1790044793836,4364.9300000000,4365.0200000000
1790044794238,4364.9900000000,4365.0800000000
1790044795849,4364.9600000000,4365.0500000000
1790044796655,4364.8500000000,4364.9400000000
1790044797057,4364.8600000000,4364.9500000000
1790044797862,4364.8800000000,4364.9700000000
1790044798668,4364.6700000000,4364.7600000000
1790044799071,4364.6600000000,4364.7500000000
1790044799876,4365.0800000000,4365.1700000000
1790044800278,4365.0400000000,4365.1300000000
1790044800681,4365.0200000000,4365.1100000000
1790044801083,4365.0400000000,4365.1300000000
1790044801485,4365.0500000000,4365.1400000000
1790044802291,4364.9900000000,4365.0800000000
1790044803599,4364.9600000000,4365.0500000000
1790044804001,4365.0200000000,4365.1100000000
1790044804404,4365.0100000000,4365.1000000000
1790044804806,4364.9700000000,4365.0600000000
1790044805208,4364.9500000000,4365.0400000000
1790044805611,4364.9700000000,4365.0600000000
1790044807624,4364.9500000000,4365.0400000000
1790044808027,4364.9600000000,4365.0500000000
1790044809637,4365.4400000000,4365.5300000000
1790044810040,4365.4600000000,4365.5500000000
1790044810442,4365.5300000000,4365.6200000000
1790044810845,4365.5400000000,4365.6300000000
1790044811247,4365.4900000000,4365.5800000000
1790044811649,4365.5300000000,4365.6200000000
1790044812052,4365.5000000000,4365.5900000000
1790044812455,4365.5500000000,4365.6400000000
1790044812857,4365.5700000000,4365.6600000000
1790044813259,4365.6500000000,4365.7400000000
1790044813662,4366.0500000000,4366.1400000000
1790044814066,4366.0700000000,4366.2500000000
1790044814469,4367.0000000000,4367.1600000000
1790044814871,4367.3300000000,4367.4500000000
1790044815274,4367.7700000000,4367.9900000000
1790044815677,4368.1000000000,4368.5000000000
1790044816079,4368.3200000000,4368.8200000000
1790044816483,4367.8200000000,4368.2300000000
1790044816886,4367.9800000000,4368.1200000000
1790044817289,4367.9200000000,4368.0600000000
1790044817691,4368.0300000000,4368.1700000000
1790044818094,4367.9000000000,4368.0400000000
1790044818899,4367.7400000000,4367.8800000000
1790044819301,4367.6200000000,4367.7600000000
1790044819704,4367.5800000000,4367.7200000000
1790044820106,4367.3100000000,4367.4500000000
1790044820508,4367.4300000000,4367.5700000000
1790044821314,4367.3100000000,4367.4500000000
1790044821717,4367.2300000000,4367.3700000000
1790044822522,4367.2600000000,4367.3900000000
1790044822924,4367.3600000000,4367.4900000000
1790044823327,4367.4000000000,4367.5300000000
1790044823730,4367.3800000000,4367.5100000000
1790044824534,4367.4000000000,4367.5200000000
1790044824937,4367.4200000000,4367.5400000000
1790044825340,4367.4300000000,4367.5400000000
1790044826145,4367.3800000000,4367.4800000000
1790044826950,4367.3900000000,4367.4900000000
1790044827755,4367.3600000000,4367.4600000000
1790044828157,4367.3300000000,4367.4200000000
1790044828559,4367.3800000000,4367.4700000000
1790044828962,4367.3900000000,4367.4800000000
1790044829364,4367.4400000000,4367.5300000000
1790044829767,4367.5400000000,4367.6300000000
1790044830169,4368.0400000000,4368.1300000000
1790044830572,4368.0000000000,4368.0900000000
1790044830975,4368.0100000000,4368.1000000000
1790044831377,4368.0300000000,4368.1200000000
1790044831780,4368.0800000000,4368.1700000000
1790044832182,4368.0400000000,4368.1300000000
1790044832585,4368.0300000000,4368.1200000000
1790044832987,4368.0200000000,4368.1100000000
1790044833390,4368.0000000000,4368.0900000000
1790044833792,4368.1100000000,4368.2000000000
1790044834196,4368.1000000000,4368.1900000000
1790044834598,4368.0900000000,4368.2100000000
1790044835001,4368.0300000000,4368.2200000000
1790044835404,4367.9700000000,4368.1900000000
1790044835807,4367.9500000000,4368.1900000000
1790044836208,4368.0200000000,4368.3800000000
1790044836611,4368.1500000000,4368.2600000000
1790044837014,4368.1400000000,4368.2800000000
1790044837416,4368.1800000000,4368.3200000000
1790044837818,4368.2900000000,4368.4800000000
1790044838221,4368.3200000000,4368.5100000000
1790044839026,4368.8100000000,4369.0200000000
1790044839429,4369.0100000000,4369.1000000000
1790044840234,4369.1600000000,4369.2500000000
1790044840636,4369.1700000000,4369.2600000000
1790044841442,4369.2100000000,4369.3000000000
1790044841845,4369.7100000000,4369.8000000000
1790044842247,4369.4500000000,4369.5400000000
1790044842649,4369.5100000000,4369.6000000000
1790044843052,4369.8500000000,4369.9400000000
1790044843455,4369.9400000000,4370.0300000000
1790044843857,4370.2100000000,4370.3000000000
1790044844260,4369.7900000000,4369.8800000000
1790044844663,4369.9000000000,4369.9900000000
1790044845065,4369.9200000000,4370.0100000000
1790044845870,4369.8600000000,4369.9500000000
1790044846272,4369.7900000000,4369.8800000000
1790044846675,4369.8400000000,4369.9300000000
1790044847077,4369.8100000000,4369.9000000000
1790044847479,4369.7100000000,4369.8000000000
1790044847882,4369.5000000000,4369.5900000000
1790044848285,4369.4800000000,4369.5700000000
1790044848687,4369.4000000000,4369.4900000000
1790044849494,4369.4600000000,4369.5500000000
1790044849897,4369.4700000000,4369.5600000000
1790044850299,4369.4000000000,4369.4900000000
1790044850702,4369.3800000000,4369.4700000000
1790044851104,4369.3200000000,4369.4100000000
1790044852312,4369.2900000000,4369.3800000000
1790044852714,4369.3300000000,4369.4200000000
1790044853519,4369.3600000000,4369.4500000000
1790044853922,4369.4100000000,4369.5000000000
1790044854325,4369.4400000000,4369.5300000000
1790044855129,4369.4500000000,4369.5400000000
1790044858753,4369.6100000000,4369.7000000000
1790044859156,4369.7900000000,4369.8800000000
1790044859558,4369.8000000000,4369.8900000000
1790044859961,4369.8200000000,4369.9100000000
1790044860363,4369.7900000000,4369.8800000000
1790044860766,4369.7700000000,4369.8600000000
1790044861571,4369.8400000000,4369.9300000000
1790044862779,4369.8200000000,4369.9100000000
1790044863181,4369.8100000000,4369.9000000000
1790044865597,4369.7800000000,4369.8700000000
1790044866905,4369.7600000000,4369.8500000000
1790044867308,4369.8300000000,4369.9200000000
1790044867710,4370.1700000000,4370.2600000000
1790044868113,4370.1100000000,4370.2000000000
1790044868516,4369.8800000000,4369.9700000000
1790044869321,4370.2400000000,4370.3300000000
1790044869724,4370.3000000000,4370.3900000000
1790044870126,4370.0400000000,4370.1300000000
1790044870528,4369.8700000000,4369.9700000000
1790044871333,4370.0200000000,4370.1400000000
1790044871736,4370.0400000000,4370.1600000000
1790044872139,4369.9600000000,4370.0800000000
1790044872541,4369.9600000000,4370.0700000000
1790044872944,4369.8700000000,4369.9800000000
1790044873749,4369.9300000000,4370.0400000000
1790044874152,4369.9500000000,4370.0500000000
1790044874554,4369.8900000000,4369.9900000000
1790044874957,4369.8800000000,4369.9800000000
1790044875359,4369.8800000000,4369.9700000000
1790044875762,4370.2000000000,4370.2900000000
1790044876567,4370.2400000000,4370.3300000000
1790044876970,4370.2000000000,4370.2900000000
1790044877372,4370.0700000000,4370.1600000000
1790044877774,4370.0900000000,4370.1800000000
1790044878177,4370.0700000000,4370.1600000000
1790044878579,4370.1000000000,4370.1900000000
1790044878982,4370.1500000000,4370.2400000000
1790044879786,4370.0800000000,4370.1700000000
1790044880188,4370.0400000000,4370.1300000000
1790044880591,4369.8600000000,4369.9500000000
1790044880994,4369.8700000000,4369.9600000000
1790044881396,4369.9800000000,4370.0700000000
1790044881798,4370.0300000000,4370.1200000000
1790044882200,4370.0500000000,4370.1400000000
1790044882603,4370.0700000000,4370.1600000000
1790044883005,4370.1700000000,4370.2600000000
1790044883408,4370.1300000000,4370.2200000000
1790044884213,4370.0500000000,4370.1400000000
1790044884615,4370.1900000000,4370.2800000000
1790044885018,4370.1500000000,4370.2400000000
1790044885420,4370.1400000000,4370.2300000000
1790044885822,4370.0000000000,4370.0900000000
1790044886225,4370.0900000000,4370.1800000000
1790044886628,4369.5700000000,4369.6600000000
1790044887030,4369.7000000000,4369.7900000000
1790044887433,4369.6600000000,4369.7500000000
1790044887835,4369.8500000000,4369.9400000000
1790044888237,4369.8400000000,4369.9500000000
1790044888640,4369.6300000000,4369.7400000000
1790044889043,4369.5800000000,4369.6900000000
1790044889445,4369.6200000000,4369.7400000000
1790044889848,4369.5000000000,4369.6200000000
1790044890250,4369.5100000000,4369.6200000000
1790044890653,4368.7600000000,4368.8700000000
1790044891055,4368.8300000000,4368.9400000000
1790044891457,4368.7900000000,4368.9300000000
1790044892265,4368.4400000000,4368.5800000000
1790044892668,4368.3500000000,4368.4900000000
1790044893071,4368.4600000000,4368.6000000000
1790044893474,4368.4300000000,4368.5700000000
1790044894279,4368.4400000000,4368.5700000000
1790044895085,4368.4300000000,4368.5600000000
1790044895488,4368.4600000000,4368.5900000000
1790044895890,4368.0300000000,4368.1600000000
1790044896293,4368.0400000000,4368.1600000000
1790044897501,4368.0100000000,4368.1200000000
1790044897904,4367.9000000000,4368.0100000000
1790044898306,4367.8800000000,4367.9800000000
1790044898709,4367.8200000000,4367.9200000000
1790044899514,4367.9100000000,4368.0000000000
1790044899917,4368.0000000000,4368.0900000000
1790044900319,4368.0400000000,4368.1300000000
1790044900722,4368.1300000000,4368.2200000000
1790044901124,4368.1900000000,4368.2800000000
1790044901527,4368.2100000000,4368.3000000000
1790044902332,4368.1900000000,4368.2800000000
1790044902735,4368.0800000000,4368.1700000000
1790044903137,4368.0600000000,4368.1500000000
1790044903540,4368.0300000000,4368.1200000000
1790044903942,4368.0000000000,4368.0900000000
1790044904344,4367.8000000000,4367.8900000000
1790044904746,4367.7900000000,4367.8800000000
1790044905149,4367.8600000000,4367.9500000000
1790044905551,4367.8700000000,4367.9600000000
1790044905954,4367.9100000000,4368.0000000000
1790044907564,4367.8700000000,4367.9600000000
1790044907967,4367.9100000000,4368.0000000000
1790044908772,4367.9000000000,4367.9900000000
1790044910383,4367.9100000000,4368.0000000000
1790044910786,4367.9000000000,4367.9900000000
1790044913201,4367.8500000000,4367.9400000000
1790044914410,4367.8100000000,4367.9000000000
1790044915216,4367.7900000000,4367.8800000000
1790044915618,4367.7800000000,4367.8700000000
1790044916424,4367.7700000000,4367.8600000000
1790044916927,4367.7500000000,4367.8400000000
1790044917228,4367.7900000000,4367.8800000000
1790044918536,4367.8600000000,4367.9500000000
1790044919342,4367.7600000000,4367.8500000000
1790044919745,4367.4800000000,4367.5700000000
1790044920147,4367.1500000000,4367.2400000000
1790044920550,4367.3500000000,4367.4700000000
1790044921356,4367.3400000000,4367.4700000000
1790044921759,4367.4300000000,4367.5600000000
1790044922564,4367.5600000000,4367.6800000000
1790044923771,4367.5700000000,4367.6900000000
1790044924173,4367.4800000000,4367.5900000000
1790044924576,4367.4900000000,4367.6000000000
1790044924979,4367.4800000000,4367.5900000000
1790044925382,4367.4000000000,4367.5000000000
1790044925784,4367.3900000000,4367.4900000000
1790044926187,4367.3300000000,4367.4200000000
1790044926590,4367.3200000000,4367.4100000000
1790044927395,4367.3300000000,4367.4200000000
1790044928199,4367.4600000000,4367.5500000000
1790044928602,4367.5200000000,4367.6100000000
1790044929407,4367.5100000000,4367.6000000000
1790044930212,4367.4700000000,4367.5600000000
1790044930614,4367.4500000000,4367.5400000000
1790044931017,4367.3800000000,4367.4700000000
1790044931822,4367.4000000000,4367.4900000000
1790044932225,4367.3900000000,4367.4800000000
1790044933432,4367.3700000000,4367.4600000000
1790044934639,4367.2600000000,4367.3500000000
1790044935042,4367.0100000000,4367.1000000000
1790044935445,4367.0300000000,4367.1200000000
1790044935847,4367.0400000000,4367.1300000000
1790044936250,4367.1000000000,4367.1900000000
1790044936653,4367.1600000000,4367.2500000000
1790044937457,4367.1400000000,4367.2300000000
1790044937859,4367.1100000000,4367.2000000000
1790044938663,4367.1300000000,4367.2200000000
1790044939872,4367.1600000000,4367.2500000000
1790044941482,4367.1300000000,4367.2200000000
1790044941885,4367.1200000000,4367.2100000000
1790044942289,4367.1000000000,4367.1900000000
1790044942690,4367.0700000000,4367.1600000000
1790044943496,4367.0900000000,4367.1800000000
1790044943898,4367.1300000000,4367.2200000000
1790044944703,4367.1500000000,4367.2400000000
1790044946313,4367.1400000000,4367.2300000000
1790044946716,4367.0600000000,4367.1500000000
1790044947521,4367.0500000000,4367.1400000000
1790044947924,4367.0800000000,4367.1700000000
1790044950743,4366.8400000000,4366.9300000000
1790044951548,4366.8000000000,4366.8900000000
1790044951950,4366.8100000000,4366.9000000000
1790044952755,4366.8000000000,4366.8900000000
1790044954365,4366.9700000000,4367.0600000000
1790044954767,4367.0700000000,4367.1600000000
1790044955170,4367.0500000000,4367.1400000000
1790044955975,4367.0900000000,4367.1800000000
1790044957182,4367.1300000000,4367.2200000000
1790044957586,4367.1500000000,4367.2400000000
1790044958391,4367.1700000000,4367.2600000000
1790044960403,4367.1400000000,4367.2300000000
1790044960805,4367.0500000000,4367.1400000000
1790044961610,4367.0700000000,4367.1600000000
1790044962013,4367.0800000000,4367.1700000000
1790044962820,4367.1300000000,4367.2200000000
1790044965234,4367.2500000000,4367.3400000000
1790044966039,4367.2300000000,4367.3200000000
1790044966441,4367.3400000000,4367.4300000000
1790044966844,4367.3600000000,4367.4500000000
1790044967246,4367.4400000000,4367.5300000000
1790044967649,4367.4600000000,4367.5500000000
1790044968957,4367.4900000000,4367.5800000000
1790044970165,4367.5500000000,4367.6400000000
1790044970567,4367.5800000000,4367.6700000000
1790044971775,4367.4800000000,4367.5700000000
1790044972580,4367.4700000000,4367.5600000000
1790044973789,4367.4600000000,4367.5500000000
1790044974593,4367.4700000000,4367.5600000000
1790044974996,4367.4900000000,4367.5800000000
1790044975802,4367.2800000000,4367.3700000000
1790044976607,4367.3000000000,4367.3900000000
1790044977009,4367.3200000000,4367.4100000000
1790044977814,4367.3500000000,4367.4400000000
1790044978216,4367.4400000000,4367.5300000000
1790044978619,4367.4500000000,4367.5400000000
1790044979021,4367.3800000000,4367.4700000000
1790044980228,4367.3500000000,4367.4400000000
1790044981033,4367.3400000000,4367.4300000000
1790044981436,4367.3200000000,4367.4100000000
1790044981839,4367.3300000000,4367.4200000000
1790044982241,4367.4200000000,4367.5100000000
1790044983046,4367.4300000000,4367.5200000000
1790044985460,4367.4200000000,4367.5100000000
1790044987070,4367.2900000000,4367.3800000000
1790044987473,4367.3000000000,4367.3900000000
1790044987875,4367.1500000000,4367.2400000000
1790044989083,4367.1300000000,4367.2200000000
1790044989485,4367.0800000000,4367.1700000000
1790044989888,4367.0900000000,4367.1800000000
1790044990290,4367.2400000000,4367.3300000000
1790044991095,4367.2100000000,4367.3000000000
1790044991498,4367.1600000000,4367.2500000000
1790044993914,4366.9600000000,4367.0500000000
1790044995122,4366.9200000000,4367.0100000000
1790044995927,4366.9100000000,4367.0000000000
1790044996731,4366.8900000000,4366.9800000000
1790044997134,4366.9100000000,4367.0000000000
1790044997536,4366.6900000000,4366.7800000000
1790044997939,4366.6700000000,4366.7600000000
1790044998745,4366.6100000000,4366.7000000000
1790044999147,4366.6100000000,4366.7100000000
1790044999952,4366.6200000000,4366.7200000000
1790045001965,4366.6200000000,4366.7100000000
1790045002770,4366.6300000000,4366.7200000000
1790045003576,4366.6200000000,4366.7100000000
1790045004380,4366.6400000000,4366.7300000000
1790045004783,4366.6000000000,4366.6900000000
1790045005588,4366.5600000000,4366.6500000000
1790045005991,4366.5700000000,4366.6600000000
1790045006796,4366.5800000000,4366.6700000000
1790045007601,4366.6100000000,4366.7000000000
1790045010419,4366.6200000000,4366.7100000000
1790045011224,4366.6000000000,4366.6900000000
1790045011626,4366.5700000000,4366.6600000000
1790045012029,4366.5600000000,4366.6500000000
1790045013236,4366.6700000000,4366.7600000000
1790045013739,4366.6800000000,4366.7700000000
1790045014543,4366.7100000000,4366.8000000000
1790045015753,4366.7500000000,4366.8400000000
1790045016155,4366.9300000000,4367.0200000000
1790045016557,4366.9600000000,4367.0500000000
1790045016960,4366.9700000000,4367.0600000000
1790045017363,4367.0300000000,4367.1200000000
1790045018972,4367.0700000000,4367.1600000000
1790045019375,4367.1200000000,4367.2100000000
1790045019778,4367.2000000000,4367.2900000000
1790045020181,4367.1800000000,4367.2700000000
1790045020986,4367.2800000000,4367.3700000000
1790045021388,4367.3300000000,4367.4200000000
1790045021790,4367.1000000000,4367.1900000000
1790045022193,4367.0000000000,4367.1100000000
1790045023401,4366.9900000000,4367.0900000000
1790045024206,4367.0000000000,4367.1000000000
1790045025414,4366.9900000000,4367.0800000000
1790045025816,4367.0200000000,4367.1100000000
1790045027024,4367.0400000000,4367.1300000000
1790045027829,4366.8500000000,4366.9400000000
1790045028232,4366.8400000000,4366.9500000000
1790045028634,4366.8700000000,4366.9800000000
1790045029844,4366.8800000000,4366.9900000000
1790045030246,4366.9100000000,4367.0100000000
1790045030649,4366.8900000000,4366.9900000000
1790045031052,4366.8000000000,4366.9000000000
1790045032258,4366.8000000000,4366.8900000000
1790045032661,4366.7900000000,4366.8800000000
1790045033065,4366.9100000000,4367.0000000000
1790045033467,4366.9200000000,4367.0200000000
1790045033869,4366.8800000000,4366.9800000000
1790045034271,4366.8900000000,4366.9800000000
1790045035479,4366.9000000000,4366.9900000000
1790045035881,4366.9200000000,4367.0100000000
1790045036283,4366.9300000000,4367.0200000000
1790045037088,4367.0100000000,4367.1000000000
1790045037491,4367.0000000000,4367.0900000000
1790045037893,4367.0400000000,4367.1300000000
1790045039503,4367.0100000000,4367.1000000000
1790045039906,4366.9800000000,4367.0700000000
1790045040308,4366.8800000000,4366.9700000000
1790045041113,4366.8700000000,4366.9600000000
1790045041919,4366.8800000000,4366.9700000000
1790045043931,4366.7500000000,4366.8400000000
1790045044334,4366.7800000000,4366.8700000000
1790045044737,4366.7900000000,4366.8800000000
1790045046346,4366.8000000000,4366.8900000000
1790045049969,4366.7100000000,4366.8000000000
1790045050773,4366.7600000000,4366.8500000000
1790045051176,4366.7700000000,4366.8600000000
1790045051981,4366.6400000000,4366.7300000000
1790045053189,4366.6300000000,4366.7200000000
1790045053591,4366.6200000000,4366.7100000000
1790045054396,4366.6000000000,4366.6900000000
1790045058420,4366.6100000000,4366.7000000000
1790045058823,4366.6000000000,4366.6900000000
1790045060032,4366.6200000000,4366.7100000000
1790045060434,4366.6100000000,4366.7000000000
1790045061239,4366.5700000000,4366.6600000000
1790045064560,4366.9000000000,4366.9900000000
1790045064962,4366.9400000000,4367.0300000000
1790045065365,4366.9200000000,4367.0400000000
1790045065767,4366.9900000000,4367.1100000000
1790045066572,4367.1700000000,4367.2900000000
1790045067378,4367.2300000000,4367.3600000000
1790045067781,4367.2600000000,4367.3900000000
1790045068586,4367.2900000000,4367.4200000000
1790045069794,4367.3700000000,4367.5000000000
1790045070197,4367.4200000000,4367.5400000000
1790045071405,4367.4300000000,4367.5400000000
1790045071808,4367.4100000000,4367.5200000000
1790045072613,4367.4300000000,4367.5400000000
1790045073015,4367.4400000000,4367.5500000000
1790045073419,4367.4100000000,4367.5100000000
1790045073822,4367.4700000000,4367.5700000000
1790045074224,4367.4800000000,4367.5800000000
1790045074627,4367.5600000000,4367.6600000000
1790045075030,4367.5500000000,4367.6500000000
1790045075432,4367.5500000000,4367.6400000000
1790045075835,4367.6300000000,4367.7200000000
1790045076236,4367.6400000000,4367.7300000000
1790045077846,4367.7100000000,4367.8000000000
1790045078249,4367.7300000000,4367.8200000000
1790045078652,4367.9000000000,4367.9900000000
1790045079054,4367.9300000000,4368.0200000000
1790045079859,4367.9200000000,4368.0100000000
1790045080261,4367.9100000000,4368.0000000000
1790045080664,4367.9200000000,4368.0100000000
1790045081470,4367.9000000000,4367.9900000000
1790045081872,4367.8900000000,4367.9800000000
1790045082274,4367.9900000000,4368.0800000000
1790045083482,4367.8300000000,4367.9200000000
1790045084288,4367.8100000000,4367.9000000000
1790045084691,4367.7900000000,4367.8800000000
1790045085496,4367.7800000000,4367.9000000000
1790045086302,4367.7900000000,4367.9100000000
1790045086705,4367.6700000000,4367.7900000000
1790045087107,4367.6500000000,4367.7700000000
1790045087509,4367.6500000000,4367.7600000000
1790045087912,4367.7600000000,4367.8700000000
1790045088314,4367.7700000000,4367.8800000000
1790045089522,4367.8100000000,4367.9200000000
1790045089926,4367.7900000000,4367.9000000000
1790045090330,4367.7900000000,4367.8900000000
1790045090733,4367.8100000000,4367.9100000000
1790045091135,4367.8200000000,4367.9100000000
1790045091537,4367.8400000000,4367.9300000000
1790045091940,4367.8500000000,4367.9400000000
1790045092342,4367.8900000000,4367.9800000000
1790045092744,4367.9200000000,4368.0100000000
1790045093148,4367.9300000000,4368.0200000000
1790045093954,4367.9400000000,4368.0300000000
1790045094758,4368.0300000000,4368.1200000000
1790045095966,4368.0500000000,4368.1400000000
1790045096369,4368.0700000000,4368.1600000000
1790045096771,4368.0900000000,4368.1800000000
1790045097174,4368.1200000000,4368.2100000000
1790045097576,4368.1300000000,4368.2200000000
1790045097979,4368.1500000000,4368.2400000000
1790045098381,4368.4500000000,4368.5400000000
1790045098784,4368.5300000000,4368.6200000000
1790045099187,4368.5500000000,4368.6500000000
1790045099589,4368.5700000000,4368.6700000000
1790045099992,4368.5800000000,4368.6800000000
1790045100395,4368.7000000000,4368.8000000000
1790045100798,4368.7100000000,4368.8100000000
1790045101200,4368.6900000000,4368.7800000000
1790045101603,4368.7000000000,4368.7900000000
1790045102006,4368.5800000000,4368.6700000000
1790045102407,4368.6100000000,4368.7000000000
1790045102810,4368.5200000000,4368.6100000000
1790045103212,4368.2500000000,4368.3700000000
1790045103615,4368.2600000000,4368.3800000000
1790045104019,4368.3000000000,4368.4200000000
1790045104421,4368.3700000000,4368.5100000000
1790045104824,4368.3800000000,4368.5200000000
1790045105226,4368.4000000000,4368.5400000000
1790045105629,4368.4300000000,4368.5700000000
1790045106434,4368.4800000000,4368.6200000000
1790045106837,4368.3700000000,4368.5100000000
1790045107239,4368.3600000000,4368.5000000000
1790045108044,4368.3800000000,4368.5200000000
1790045108849,4368.5100000000,4368.6500000000
1790045109252,4368.4400000000,4368.5700000000
1790045110057,4368.4200000000,4368.5500000000
1790045110459,4368.2000000000,4368.3200000000
1790045110861,4368.0300000000,4368.1500000000
1790045111264,4368.1400000000,4368.2500000000
1790045111667,4368.1800000000,4368.2900000000
1790045112070,4367.9200000000,4368.0300000000
1790045112473,4367.8400000000,4367.9800000000
1790045112875,4367.8600000000,4368.0000000000
1790045113680,4367.0600000000,4367.2000000000
1790045114084,4367.1400000000,4367.2800000000
1790045114486,4367.2700000000,4367.4000000000
1790045114889,4367.2900000000,4367.4200000000
1790045115291,4367.3100000000,4367.4500000000
1790045115694,4367.4400000000,4367.5800000000
1790045116901,4367.4800000000,4367.6200000000
1790045117304,4367.4600000000,4367.6000000000
1790045117706,4367.4200000000,4367.5600000000
1790045118914,4367.4500000000,4367.5900000000
1790045119719,4367.4400000000,4367.5800000000
1790045120122,4367.4500000000,4367.5800000000
1790045120927,4367.1800000000,4367.3100000000
1790045121329,4367.1800000000,4367.3000000000
1790045122134,4367.2000000000,4367.3200000000
1790045123745,4367.2200000000,4367.3400000000
1790045124147,4367.2500000000,4367.3600000000
1790045124549,4367.3000000000,4367.4100000000
1790045124952,4367.3500000000,4367.4600000000
1790045125354,4367.3700000000,4367.4800000000
1790045126159,4367.3800000000,4367.4900000000
1790045127366,4367.2800000000,4367.3800000000
1790045128172,4367.2900000000,4367.3900000000
1790045129380,4367.3100000000,4367.4000000000
1790045130186,4367.2400000000,4367.3300000000
1790045130588,4367.2300000000,4367.3200000000
1790045133004,4367.2400000000,4367.3300000000
1790045133406,4367.2800000000,4367.3700000000
1790045134212,4367.3200000000,4367.4100000000
1790045135017,4367.3700000000,4367.4600000000
1790045135420,4367.3500000000,4367.4400000000
1790045137836,4367.3600000000,4367.4500000000
1790045138238,4367.4700000000,4367.5600000000
1790045138641,4367.4600000000,4367.5500000000
1790045139044,4367.4500000000,4367.5400000000
1790045140654,4367.4400000000,4367.5300000000
1790045142667,4367.5300000000,4367.6200000000
1790045143473,4367.5500000000,4367.6400000000
1790045144279,4367.6600000000,4367.7500000000
1790045144682,4367.7400000000,4367.8300000000
1790045145185,4367.7600000000,4367.8500000000
1790045145587,4367.7700000000,4367.8600000000
1790045145990,4367.9100000000,4368.0000000000
1790045146795,4367.8600000000,4367.9500000000
1790045147198,4367.8500000000,4367.9400000000
1790045147601,4367.8300000000,4367.9200000000
1790045150016,4367.8200000000,4367.9100000000
1790045152033,4367.8300000000,4367.9200000000
1790045152837,4367.8800000000,4367.9700000000
1790045153642,4367.9700000000,4368.0600000000
1790045154447,4367.9800000000,4368.0700000000
1790045154849,4367.9600000000,4368.0500000000
1790045155654,4367.9300000000,4368.0200000000
1790045157667,4367.9200000000,4368.0100000000
1790045158874,4368.0100000000,4368.1000000000
1790045159276,4368.0300000000,4368.1200000000
1790045159679,4367.9400000000,4368.0300000000
1790045160082,4367.9200000000,4368.0100000000
1790045160484,4367.7000000000,4367.7900000000
1790045160887,4367.6900000000,4367.7800000000
1790045161290,4367.6600000000,4367.7700000000
1790045161692,4367.6300000000,4367.7400000000
1790045162498,4367.7400000000,4367.8400000000
1790045163706,4367.7600000000,4367.8600000000
1790045164510,4367.7700000000,4367.8600000000
1790045164913,4367.7600000000,4367.8500000000
1790045165315,4367.7500000000,4367.8400000000
1790045165718,4367.7600000000,4367.8500000000
1790045166925,4367.7400000000,4367.8300000000
1790045167328,4367.7600000000,4367.8500000000
1790045167731,4367.7800000000,4367.8700000000
1790045168133,4367.8100000000,4367.9000000000
1790045169341,4367.7700000000,4367.8600000000
1790045169744,4367.7800000000,4367.8700000000
1790045170951,4367.8100000000,4367.9000000000
1790045171756,4367.8000000000,4367.8900000000
1790045172158,4367.7600000000,4367.8500000000
1790045172964,4367.7900000000,4367.8800000000
1790045175382,4367.7000000000,4367.7900000000
1790045176590,4367.6900000000,4367.7800000000
1790045176993,4367.6400000000,4367.7300000000
1790045178200,4367.6300000000,4367.7200000000
1790045179810,4367.6600000000,4367.7500000000
1790045181018,4367.6300000000,4367.7200000000
1790045181420,4367.4200000000,4367.5100000000
1790045181822,4367.4300000000,4367.5200000000
1790045182628,4367.4000000000,4367.4900000000
1790045183433,4367.3900000000,4367.4800000000
1790045185446,4367.2700000000,4367.3600000000
1790045185849,4367.2800000000,4367.3700000000
1790045187459,4367.2900000000,4367.3800000000
1790045187861,4367.3200000000,4367.4100000000
1790045188667,4367.3000000000,4367.3900000000
1790045189471,4367.2800000000,4367.3700000000
1790045190679,4367.3000000000,4367.3900000000
1790045194709,4367.2800000000,4367.3700000000
1790045195916,4367.2700000000,4367.3600000000
1790045196722,4367.1800000000,4367.2700000000
1790045197527,4366.9800000000,4367.0700000000
1790045198332,4367.0100000000,4367.1100000000
1790045198735,4367.0200000000,4367.1200000000
1790045199138,4367.0300000000,4367.1300000000
1790045199943,4367.0400000000,4367.1400000000
1790045201150,4367.0400000000,4367.1300000000
1790045201956,4367.0300000000,4367.1200000000
1790045204371,4367.0700000000,4367.1600000000
1790045205981,4367.0600000000,4367.1500000000
1790045206786,4367.0700000000,4367.1600000000
1790045207188,4367.0800000000,4367.1700000000
1790045207994,4367.1000000000,4367.1900000000
1790045209202,4367.0700000000,4367.1600000000
1790045209604,4367.0100000000,4367.1000000000
1790045210007,4367.0200000000,4367.1100000000
1790045210410,4367.0000000000,4367.0900000000
1790045211216,4367.0600000000,4367.1500000000
1790045212423,4367.1700000000,4367.2600000000
1790045213227,4367.2900000000,4367.3800000000
1790045214032,4367.3900000000,4367.4800000000
1790045214837,4367.4100000000,4367.5000000000
1790045215240,4367.3900000000,4367.4800000000
1790045215643,4367.3700000000,4367.4600000000
1790045216046,4367.2400000000,4367.3300000000
1790045216448,4367.2600000000,4367.3500000000
1790045217253,4367.3100000000,4367.4000000000
1790045218862,4367.3500000000,4367.4400000000
1790045219266,4367.3600000000,4367.4500000000
1790045219668,4367.3400000000,4367.4300000000
1790045220473,4367.0400000000,4367.1300000000
1790045220876,4367.0500000000,4367.1400000000
1790045221278,4366.9900000000,4367.1300000000
1790045221681,4367.0000000000,4367.1400000000
1790045222486,4366.9800000000,4367.1200000000
1790045223290,4366.9900000000,4367.1200000000
1790045224097,4366.9900000000,4367.1100000000
1790045224902,4366.9700000000,4367.0900000000
1790045226111,4366.9600000000,4367.0700000000
1790045227318,4366.9600000000,4367.0600000000
1790045228124,4366.9700000000,4367.0600000000
1790045228929,4366.8700000000,4366.9600000000
1790045229331,4366.8500000000,4366.9400000000
1790045229734,4366.8000000000,4366.8900000000
1790045230137,4366.8200000000,4366.9100000000
1790045230941,4366.8000000000,4366.8900000000
1790045231344,4366.8200000000,4366.9100000000
1790045231847,4366.8000000000,4366.8900000000
1790045232652,4366.8200000000,4366.9100000000
1790045241105,4366.7800000000,4366.8700000000
1790045241508,4366.8000000000,4366.8900000000
1790045241910,4366.8100000000,4366.9000000000
1790045242716,4366.8200000000,4366.9100000000
1790045243923,4366.8800000000,4366.9700000000
1790045246337,4367.0400000000,4367.1300000000
1790045246740,4367.0600000000,4367.1500000000
1790045247544,4367.0300000000,4367.1200000000
1790045248752,4367.0400000000,4367.1300000000
1790045251974,4367.0100000000,4367.1000000000
1790045252776,4367.0200000000,4367.1100000000
1790045253179,4367.0400000000,4367.1300000000
1790045253983,4367.0500000000,4367.1400000000
1790045254385,4366.9800000000,4367.0700000000
1790045254788,4366.9700000000,4367.0600000000
1790045258816,4367.0800000000,4367.1700000000
1790045259218,4367.1000000000,4367.1900000000
1790045260024,4367.1200000000,4367.2100000000
1790045260426,4366.9600000000,4367.0500000000
1790045260852,4367.0000000000,4367.0900000000
1790045262060,4367.0200000000,4367.1100000000
1790045264072,4367.0300000000,4367.1200000000
1790045264877,4366.9900000000,4367.0800000000
1790045265682,4367.7100000000,4367.8000000000
1790045266085,4367.7400000000,4367.8300000000
1790045266489,4367.7600000000,4367.8500000000
1790045266891,4367.8300000000,4367.9200000000
1790045267294,4367.8300000000,4367.9700000000
1790045268905,4367.8500000000,4367.9900000000
1790045272125,4367.8600000000,4367.9900000000
1790045274138,4367.8600000000,4367.9800000000
1790045276150,4367.8700000000,4367.9800000000
1790045276955,4367.9000000000,4368.0100000000
1790045278164,4367.9400000000,4368.0400000000
1790045279372,4367.9500000000,4368.0500000000
1790045280179,4367.4000000000,4367.4900000000
1790045280582,4367.4100000000,4367.5000000000
1790045280984,4368.0600000000,4368.1500000000
1790045281387,4367.9300000000,4368.0700000000
1790045281790,4367.9400000000,4368.0800000000
1790045282193,4367.9600000000,4368.1000000000
1790045282595,4367.9700000000,4368.1100000000
1790045283400,4368.0500000000,4368.1900000000
1790045283803,4368.1100000000,4368.2500000000
1790045284205,4368.1300000000,4368.2600000000
1790045284608,4368.1600000000,4368.2900000000
1790045285815,4368.0300000000,4368.1600000000
1790045286219,4368.0300000000,4368.1500000000
1790045286621,4368.0600000000,4368.1800000000
1790045287125,4368.0500000000,4368.1700000000
1790045287528,4368.0400000000,4368.1600000000
1790045287830,4368.2000000000,4368.3200000000
1790045288234,4368.2000000000,4368.3100000000
1790045288636,4368.3200000000,4368.4300000000
1790045289039,4368.4900000000,4368.6000000000
1790045289442,4368.5100000000,4368.6200000000
1790045289844,4368.5300000000,4368.6400000000
1790045290649,4368.5500000000,4368.6600000000
1790045291153,4368.6700000000,4368.7800000000
1790045291555,4368.7500000000,4368.8500000000
1790045291959,4368.7800000000,4368.8800000000
1790045292361,4368.8100000000,4368.9200000000
1790045293065,4368.8100000000,4368.9100000000
1790045293870,4368.9900000000,4369.0900000000
1790045294373,4369.0200000000,4369.1200000000
1790045294776,4368.9800000000,4369.0800000000
1790045295178,4368.8800000000,4368.9700000000
1790045295983,4368.8500000000,4368.9400000000
1790045297593,4368.7100000000,4368.8000000000
1790045297995,4368.7300000000,4368.8200000000
1790045298801,4368.7500000000,4368.8400000000
1790045300008,4368.7200000000,4368.8100000000
1790045300411,4368.7000000000,4368.7900000000
1790045300813,4368.6900000000,4368.7800000000
1790045301215,4368.6000000000,4368.6900000000
1790045301618,4368.5900000000,4368.6800000000
1790045302424,4368.6000000000,4368.6900000000
1790045303633,4368.5600000000,4368.6500000000
1790045304035,4368.5300000000,4368.6200000000
1790045304438,4368.5000000000,4368.5900000000
1790045304840,4368.5700000000,4368.6600000000
1790045305243,4368.5900000000,4368.6800000000
1790045306450,4368.7000000000,4368.7900000000
1790045306852,4368.7300000000,4368.8200000000
1790045307255,4368.7400000000,4368.8300000000
1790045308463,4368.7900000000,4368.8800000000
1790045308865,4368.8700000000,4368.9600000000
1790045309267,4368.8900000000,4368.9800000000
1790045311279,4368.9000000000,4368.9900000000
1790045311682,4368.9100000000,4369.0000000000
1790045312488,4368.9200000000,4369.0100000000
1790045313293,4368.9300000000,4369.0200000000
1790045313695,4368.9200000000,4369.0100000000
1790045314500,4369.0500000000,4369.1400000000
1790045314902,4369.1000000000,4369.1900000000
1790045316111,4369.2800000000,4369.3700000000
1790045317319,4369.2900000000,4369.3800000000
1790045318124,4369.2700000000,4369.3600000000
1790045318527,4369.5900000000,4369.6800000000
1790045318929,4369.6600000000,4369.7500000000
1790045319332,4369.6700000000,4369.7600000000
1790045319734,4369.6800000000,4369.7700000000
1790045320137,4369.6300000000,4369.7200000000
1790045320540,4369.5100000000,4369.6000000000
1790045321345,4369.5000000000,4369.6000000000
1790045321748,4369.4800000000,4369.5800000000
1790045323357,4369.4800000000,4369.5700000000
1790045323760,4369.4900000000,4369.5800000000
1790045324162,4369.6000000000,4369.6900000000
1790045324967,4369.6500000000,4369.7400000000
1790045325368,4369.7500000000,4369.8400000000
1790045325771,4369.7900000000,4369.8800000000
1790045326173,4369.8100000000,4369.9000000000
1790045326576,4369.8900000000,4369.9800000000
1790045326979,4370.0100000000,4370.1000000000
1790045328186,4370.0500000000,4370.1400000000
1790045329796,4370.3400000000,4370.4300000000
1790045330199,4370.3500000000,4370.4400000000
1790045330602,4370.4200000000,4370.5100000000
1790045331005,4370.4100000000,4370.5000000000
1790045331407,4370.5900000000,4370.6800000000
1790045332214,4370.6100000000,4370.7000000000
1790045332617,4370.6500000000,4370.7400000000
1790045333019,4370.6700000000,4370.7600000000
1790045333824,4370.7000000000,4370.7900000000
1790045334629,4370.6500000000,4370.7400000000
1790045335032,4370.1100000000,4370.2000000000
1790045335434,4370.0900000000,4370.1800000000
1790045335836,4370.1100000000,4370.2000000000
1790045336239,4369.5400000000,4369.6800000000
1790045336642,4369.5200000000,4369.6600000000
1790045337044,4369.4200000000,4369.5600000000
1790045337447,4369.4100000000,4369.5500000000
1790045337850,4368.9800000000,4369.1200000000
1790045338252,4368.9100000000,4369.0500000000
1790045338655,4369.7400000000,4369.8800000000
1790045339057,4369.7200000000,4369.8600000000
1790045339459,4369.6700000000,4369.8100000000
1790045339862,4369.6900000000,4369.8300000000
1790045340264,4369.7400000000,4369.8800000000
1790045340667,4369.7500000000,4369.8900000000
1790045341069,4369.6700000000,4369.8100000000
1790045341472,4369.6500000000,4369.7900000000
1790045341875,4369.6900000000,4369.8300000000
1790045342277,4369.5300000000,4369.6600000000
1790045343887,4369.5700000000,4369.7000000000
1790045344290,4369.5700000000,4369.6900000000
1790045345095,4369.6900000000,4369.8100000000
1790045345498,4369.7100000000,4369.8300000000
1790045345900,4369.6200000000,4369.7400000000
1790045346303,4369.6300000000,4369.7400000000
1790045347611,4370.2200000000,4370.3300000000
1790045348014,4370.3100000000,4370.4200000000
1790045348416,4370.2900000000,4370.4300000000
1790045348819,4370.3200000000,4370.4600000000
1790045349222,4370.3200000000,4370.4500000000
1790045349624,4369.9400000000,4370.0700000000
1790045350027,4369.9100000000,4370.0400000000
1790045350429,4369.8000000000,4369.9400000000
1790045350831,4369.8200000000,4369.9600000000
1790045351233,4369.4500000000,4369.5800000000
1790045351636,4369.4700000000,4369.6000000000
1790045352039,4369.4000000000,4369.5300000000
1790045352440,4369.4100000000,4369.5400000000
1790045352843,4369.4700000000,4369.6000000000
1790045353245,4369.5700000000,4369.7000000000
1790045354052,4369.3700000000,4369.5000000000
1790045354454,4369.4100000000,4369.5300000000
1790045354856,4369.4200000000,4369.5400000000
1790045355259,4368.8800000000,4368.9900000000
1790045355661,4368.8700000000,4368.9800000000
1790045356064,4368.5200000000,4368.6300000000
1790045356467,4368.5100000000,4368.6500000000
1790045356870,4367.6300000000,4367.7700000000
1790045357273,4367.2500000000,4367.3900000000
1790045357675,4367.2400000000,4367.3800000000
1790045358078,4367.4200000000,4367.5600000000
1790045358481,4367.4900000000,4367.6200000000
1790045358884,4367.5100000000,4367.6400000000
1790045359286,4367.3700000000,4367.5000000000
1790045360493,4367.5400000000,4367.6600000000
1790045360896,4367.6000000000,4367.7200000000
1790045361298,4367.6600000000,4367.7800000000
1790045362506,4367.6500000000,4367.7700000000
1790045363311,4367.6600000000,4367.7700000000
1790045364520,4367.6500000000,4367.7600000000
1790045365325,4367.6500000000,4367.7500000000
1790045365728,4367.6400000000,4367.7400000000
1790045366130,4367.2200000000,4367.3200000000
1790045366532,4367.0400000000,4367.1400000000
1790045366935,4367.0000000000,4367.1000000000
1790045367338,4366.9900000000,4367.1000000000
1790045367740,4367.0800000000,4367.1900000000
1790045369352,4367.3900000000,4367.4900000000
1790045369754,4367.4100000000,4367.5100000000
1790045370157,4367.4100000000,4367.5200000000
1790045370559,4367.3900000000,4367.5000000000
1790045370962,4367.4100000000,4367.5200000000
1790045371365,4367.4100000000,4367.5100000000
1790045372170,4367.4100000000,4367.5000000000
1790045372975,4367.3900000000,4367.4800000000
1790045373779,4367.2800000000,4367.3700000000
1790045374584,4367.3200000000,4367.4100000000
1790045375792,4367.3400000000,4367.4300000000
1790045378610,4367.3800000000,4367.4700000000
1790045379415,4367.4400000000,4367.5300000000
1790045380622,4367.4300000000,4367.5200000000
1790045381427,4367.3900000000,4367.4800000000
1790045381830,4367.4000000000,4367.4900000000
1790045382233,4367.3800000000,4367.4700000000
1790045384648,4367.3700000000,4367.4600000000
1790045385855,4367.3800000000,4367.4700000000
1790045387064,4367.4000000000,4367.4900000000
1790045387466,4367.4200000000,4367.5100000000
1790045388271,4367.2600000000,4367.3500000000
1790045389076,4367.2200000000,4367.3100000000
1790045389478,4367.3000000000,4367.3900000000
1790045389880,4367.3200000000,4367.4100000000
1790045390687,4367.3900000000,4367.4800000000
1790045391494,4367.4500000000,4367.5400000000
1790045392701,4368.0500000000,4368.1400000000
1790045393104,4368.0900000000,4368.1800000000
1790045393507,4368.1300000000,4368.2200000000
1790045393910,4368.1400000000,4368.2300000000
1790045395218,4368.1700000000,4368.2600000000
1790045396023,4368.2000000000,4368.2900000000
1790045396425,4368.2100000000,4368.3000000000
1790045396727,4368.1000000000,4368.1900000000
1790045397633,4368.1300000000,4368.2200000000
1790045398438,4368.1600000000,4368.2500000000
1790045398840,4368.1800000000,4368.2700000000
1790045399243,4368.1100000000,4368.2000000000
1790045399646,4367.8800000000,4367.9700000000
1790045400049,4367.8900000000,4367.9800000000
1790045400451,4367.8800000000,4367.9700000000
1790045400854,4367.2400000000,4367.3300000000
1790045401256,4367.2100000000,4367.3400000000
1790045401658,4366.3900000000,4366.5200000000
1790045402061,4366.3700000000,4366.5000000000
1790045402463,4366.4500000000,4366.5900000000
1790045402866,4366.4300000000,4366.5700000000
1790045403269,4366.6300000000,4366.7700000000
1790045403672,4366.6800000000,4366.8200000000
1790045404076,4366.6900000000,4366.8300000000
1790045404478,4366.6500000000,4366.7900000000
1790045404880,4366.6200000000,4366.7600000000
1790045405283,4366.6200000000,4366.7500000000
1790045405686,4366.6100000000,4366.7400000000
1790045406088,4366.6400000000,4366.7700000000
1790045406490,4366.6500000000,4366.7800000000
1790045406893,4366.6600000000,4366.7900000000
1790045407295,4366.7000000000,4366.8200000000
1790045408100,4366.5400000000,4366.6600000000
1790045408503,4366.5700000000,4366.6800000000
1790045408906,4366.6500000000,4366.7600000000
1790045409309,4366.6800000000,4366.7900000000
1790045410517,4366.6900000000,4366.7900000000
1790045411322,4366.6900000000,4366.7800000000
1790045412127,4366.7200000000,4366.8100000000
1790045412530,4366.7000000000,4366.7900000000
1790045413335,4366.7200000000,4366.8100000000
1790045413737,4366.7400000000,4366.8300000000
1790045417359,4366.7200000000,4366.8100000000
1790045418164,4366.7000000000,4366.7900000000
1790045418566,4366.6500000000,4366.7400000000
1790045423800,4366.6400000000,4366.7300000000
1790045426216,4366.6300000000,4366.7200000000
1790045426619,4366.6600000000,4366.7500000000
1790045427022,4366.4500000000,4366.5400000000
1790045427424,4366.4800000000,4366.5700000000
1790045427827,4367.2300000000,4367.3200000000
1790045428229,4367.2500000000,4367.3900000000
1790045428632,4367.2800000000,4367.4200000000
1790045429035,4367.2900000000,4367.4300000000
1790045429437,4367.3100000000,4367.4500000000
1790045429840,4366.8700000000,4367.0100000000
1790045430242,4366.9400000000,4367.0800000000
1790045430645,4366.9500000000,4367.0900000000
1790045431048,4367.1100000000,4367.2500000000
1790045431450,4367.1300000000,4367.2700000000
1790045431853,4366.7100000000,4366.8500000000
1790045432255,4366.6600000000,4366.7900000000
1790045432658,4366.8500000000,4366.9800000000
1790045433060,4366.5500000000,4366.6800000000
1790045433463,4366.2700000000,4366.4000000000
1790045433865,4366.3700000000,4366.5000000000
1790045434267,4366.8900000000,4367.0200000000
1790045434670,4366.4200000000,4366.5500000000
1790045435475,4366.7000000000,4366.8300000000
1790045435877,4366.7300000000,4366.8600000000
1790045436279,4366.7500000000,4366.8800000000
1790045436682,4366.8500000000,4366.9800000000
1790045437185,4366.6900000000,4366.8100000000
1790045437487,4366.3500000000,4366.4700000000
1790045437990,4366.5300000000,4366.6500000000
1790045438393,4366.2000000000,4366.3200000000
1790045438695,4366.1000000000,4366.2200000000
1790045439501,4365.9300000000,4366.0500000000
1790045440004,4365.9100000000,4366.0300000000
1790045440406,4365.8300000000,4365.9400000000
1790045440809,4366.1300000000,4366.2400000000
1790045441211,4366.6200000000,4366.7600000000
1790045441613,4366.5400000000,4366.6800000000
1790045442016,4366.5200000000,4366.6600000000
1790045442419,4366.5300000000,4366.6600000000
1790045442821,4366.6000000000,4366.7300000000
1790045443224,4366.4600000000,4366.5800000000
1790045443626,4366.4500000000,4366.5700000000
1790045444029,4366.2700000000,4366.3900000000
1790045444835,4366.2900000000,4366.4100000000
1790045445237,4366.0800000000,4366.1900000000
1790045445639,4366.1200000000,4366.2300000000
1790045446042,4366.2200000000,4366.3300000000
1790045446445,4366.1600000000,4366.2600000000
1790045447251,4366.2200000000,4366.3100000000
1790045448056,4366.2800000000,4366.3700000000
1790045448861,4366.2500000000,4366.3400000000
1790045449263,4365.8800000000,4365.9700000000
1790045449666,4365.8500000000,4365.9400000000
1790045450069,4365.8400000000,4365.9300000000
1790045450470,4365.8300000000,4365.9200000000
1790045450873,4365.6600000000,4365.7500000000
1790045451279,4365.6100000000,4365.7000000000
1790045452084,4365.6000000000,4365.6900000000
1790045452486,4365.6200000000,4365.7100000000
1790045452889,4365.6700000000,4365.7600000000
1790045453291,4365.6400000000,4365.7300000000
1790045454902,4365.6600000000,4365.7500000000
1790045455304,4365.5900000000,4365.6800000000
1790045455707,4365.6200000000,4365.7100000000
1790045456511,4365.5900000000,4365.6800000000
1790045456914,4365.5700000000,4365.6600000000
1790045457316,4365.6400000000,4365.7300000000
1790045458122,4365.6300000000,4365.7200000000
1790045459329,4365.6200000000,4365.7100000000
1790045459732,4365.5800000000,4365.6700000000
1790045460536,4365.7300000000,4365.8200000000
1790045460939,4365.3200000000,4365.4100000000
1790045461341,4365.2700000000,4365.3600000000
1790045462549,4365.3200000000,4365.4100000000
1790045462952,4365.3300000000,4365.4200000000
1790045463354,4365.3800000000,4365.4700000000
1790045464159,4365.3700000000,4365.4600000000
1790045466171,4365.4100000000,4365.5000000000
1790045466976,4365.4700000000,4365.5600000000
1790045469793,4365.4200000000,4365.5100000000
1790045470197,4365.4000000000,4365.4900000000
1790045470600,4365.2600000000,4365.3500000000
1790045471002,4365.2400000000,4365.3300000000
1790045471808,4365.3000000000,4365.3900000000
1790045472211,4365.3200000000,4365.4100000000
1790045473016,4365.2600000000,4365.3500000000
1790045473820,4365.4800000000,4365.5700000000
1790045474222,4365.6000000000,4365.6900000000
1790045474625,4365.5100000000,4365.6000000000
1790045475027,4365.5700000000,4365.6600000000
1790045475429,4365.5800000000,4365.6700000000
1790045476234,4365.6100000000,4365.7000000000
1790045477039,4365.6000000000,4365.6900000000
1790045477442,4365.6200000000,4365.7100000000
1790045477844,4365.6900000000,4365.7800000000
1790045478651,4365.7000000000,4365.7900000000
1790045479054,4365.7100000000,4365.8000000000
1790045479859,4365.7000000000,4365.7900000000
1790045481972,4365.6900000000,4365.7800000000
1790045485191,4365.9900000000,4366.0800000000
1790045485593,4365.6200000000,4365.7100000000
1790045485996,4365.8000000000,4365.8900000000
1790045486802,4365.6800000000,4365.7700000000
1790045487204,4365.6700000000,4365.7600000000
1790045487608,4365.6600000000,4365.7500000000
1790045488011,4365.6700000000,4365.7600000000
1790045488414,4365.6900000000,4365.7800000000
1790045488817,4365.6800000000,4365.7700000000
1790045489218,4365.6700000000,4365.7600000000
1790045490426,4365.6600000000,4365.7500000000
1790045492440,4365.5000000000,4365.5900000000
1790045492843,4365.4700000000,4365.5600000000
1790045493648,4365.4600000000,4365.5500000000
1790045494050,4365.3100000000,4365.4000000000
1790045494453,4365.2700000000,4365.3600000000
1790045494855,4365.2500000000,4365.3400000000
1790045495257,4365.2600000000,4365.3500000000
1790045495660,4365.2700000000,4365.3600000000
1790045496868,4365.2500000000,4365.3400000000
1790045497270,4365.2600000000,4365.3500000000
1790045498478,4365.3000000000,4365.3900000000
1790045500491,4365.3200000000,4365.4100000000
1790045500894,4365.3000000000,4365.3900000000
1790045501296,4365.2900000000,4365.3800000000
1790045501699,4364.8600000000,4364.9500000000
1790045502103,4364.8500000000,4364.9400000000
1790045502506,4364.6200000000,4364.7200000000
1790045502909,4364.6100000000,4364.7100000000
1790045504116,4364.6500000000,4364.7500000000
1790045504921,4364.7100000000,4364.8100000000
1790045505726,4364.7300000000,4364.8300000000
1790045506128,4364.8200000000,4364.9200000000
1790045507336,4364.8200000000,4364.9100000000
1790045508141,4364.7100000000,4364.8000000000
1790045508543,4364.7000000000,4364.7900000000
1790045509348,4364.3100000000,4364.4000000000
1790045509751,4364.2900000000,4364.3800000000
1790045510154,4364.2800000000,4364.3900000000
1790045510959,4364.2700000000,4364.3800000000
1790045511364,4364.2700000000,4364.3700000000
1790045513376,4364.2700000000,4364.3600000000
1790045514183,4364.4000000000,4364.4900000000
1790045514988,4364.3600000000,4364.4500000000
1790045515391,4364.3300000000,4364.4200000000
1790045515793,4364.4000000000,4364.4900000000
1790045516195,4364.5000000000,4364.5900000000
1790045516598,4364.4300000000,4364.5200000000
1790045517403,4364.3800000000,4364.4700000000
1790045517806,4364.3900000000,4364.4800000000
1790045518208,4364.4300000000,4364.5200000000
1790045518611,4364.4400000000,4364.5300000000
1790045519014,4364.3700000000,4364.4600000000
1790045519416,4364.1500000000,4364.2400000000
1790045519818,4364.2800000000,4364.3700000000
1790045520220,4364.2600000000,4364.3500000000
1790045520623,4364.4400000000,4364.5300000000
1790045521026,4364.3600000000,4364.4500000000
1790045521428,4364.3500000000,4364.4400000000
1790045521831,4364.3300000000,4364.4200000000
1790045522233,4364.1600000000,4364.2500000000
1790045522636,4364.1500000000,4364.2400000000
1790045523442,4363.9900000000,4364.0800000000
1790045524248,4364.0500000000,4364.1400000000
1790045524650,4364.0700000000,4364.1600000000
1790045525053,4364.2800000000,4364.3700000000
1790045525455,4364.2800000000,4364.3800000000
1790045525857,4364.3300000000,4364.4300000000
1790045526260,4364.2900000000,4364.3800000000
1790045526663,4364.0700000000,4364.1600000000
1790045527066,4364.1800000000,4364.2700000000
1790045527470,4364.0700000000,4364.1700000000
1790045527872,4364.0900000000,4364.1900000000
1790045528275,4364.4200000000,4364.5100000000
1790045528678,4364.7200000000,4364.8100000000
1790045529080,4364.7300000000,4364.8200000000
1790045529482,4364.6800000000,4364.8200000000
1790045529885,4364.4300000000,4364.5700000000
1790045530288,4364.3500000000,4364.4900000000
1790045530691,4364.4500000000,4364.5900000000
1790045531496,4364.4000000000,4364.5400000000
1790045531898,4364.3800000000,4364.5200000000
1790045532703,4364.3300000000,4364.4700000000
1790045533105,4364.2600000000,4364.3900000000
1790045533508,4364.0600000000,4364.1900000000
1790045533910,4364.1300000000,4364.2600000000
1790045534313,4364.8200000000,4364.9500000000
1790045534716,4364.8500000000,4364.9800000000
1790045535118,4364.8900000000,4365.0300000000
1790045535923,4364.7600000000,4364.9000000000
1790045536325,4364.8500000000,4364.9900000000
1790045536728,4364.9400000000,4365.0800000000
1790045537533,4364.9100000000,4365.0500000000
1790045538337,4365.3300000000,4365.4700000000
1790045538740,4365.5600000000,4365.7000000000
1790045539142,4365.7200000000,4365.8600000000
1790045539544,4365.5500000000,4365.6900000000
1790045539947,4365.5900000000,4365.7300000000
1790045540349,4365.6300000000,4365.7600000000
1790045540752,4365.6500000000,4365.7800000000
1790045541155,4365.6600000000,4365.7800000000
1790045541557,4365.6900000000,4365.8100000000
1790045541960,4365.6800000000,4365.8000000000
1790045542363,4365.6500000000,4365.7700000000
1790045543168,4365.6500000000,4365.7600000000
1790045543570,4365.6800000000,4365.7900000000
1790045543973,4365.7500000000,4365.8600000000
1790045545180,4365.7300000000,4365.8300000000
1790045546388,4365.7600000000,4365.8500000000
1790045547193,4365.7500000000,4365.8400000000
1790045549609,4365.7400000000,4365.8300000000
1790045550817,4365.6800000000,4365.7700000000
1790045552025,4365.6600000000,4365.7500000000
1790045552829,4365.7700000000,4365.8600000000
1790045553634,4365.7900000000,4365.8800000000
1790045554038,4365.8100000000,4365.9000000000
1790045554440,4365.8200000000,4365.9100000000
1790045555245,4365.8100000000,4365.9000000000
1790045555648,4365.7400000000,4365.8300000000
1790045556051,4365.7100000000,4365.8000000000
1790045556453,4365.7500000000,4365.8400000000
1790045556856,4365.7800000000,4365.8700000000
1790045557259,4365.8100000000,4365.9000000000
1790045557662,4365.8700000000,4365.9600000000
1790045558165,4365.8900000000,4365.9800000000
1790045558567,4365.8700000000,4365.9600000000
1790045558970,4365.8800000000,4365.9700000000
1790045559674,4365.6800000000,4365.7700000000
1790045560077,4365.6900000000,4365.7800000000
1790045560579,4365.6700000000,4365.7600000000
1790045560982,4365.6600000000,4365.7500000000
1790045562592,4365.6700000000,4365.7600000000
1790045562994,4365.6800000000,4365.7700000000
1790045563800,4365.6900000000,4365.7800000000
1790045564605,4365.7100000000,4365.8000000000
1790045568228,4365.7500000000,4365.8400000000
1790045568630,4365.7700000000,4365.8600000000
1790045569033,4365.7500000000,4365.8400000000
1790045569436,4365.7300000000,4365.8200000000
1790045569838,4365.6400000000,4365.7300000000
1790045570241,4365.6100000000,4365.7000000000
1790045570644,4365.7100000000,4365.8000000000
1790045571449,4365.7000000000,4365.7900000000
1790045571852,4365.7100000000,4365.8000000000
1790045574267,4365.7000000000,4365.7900000000
1790045574670,4365.6700000000,4365.7600000000
1790045575073,4365.7300000000,4365.8200000000
1790045575475,4365.6600000000,4365.7500000000
1790045576683,4365.6500000000,4365.7400000000
1790045578696,4365.6600000000,4365.7500000000
1790045579099,4365.0400000000,4365.1300000000
1790045579502,4365.0500000000,4365.1400000000
1790045580306,4365.0500000000,4365.1800000000
1790045580709,4365.0200000000,4365.1500000000
1790045581514,4365.0100000000,4365.1400000000
1790045581917,4364.7900000000,4364.9200000000
1790045582319,4364.7900000000,4364.9100000000
1790045582721,4364.6900000000,4364.8100000000
1790045583124,4364.6600000000,4364.7800000000
1790045583526,4364.6200000000,4364.7400000000
1790045583929,4364.5800000000,4364.7000000000
1790045584331,4364.7200000000,4364.8400000000
1790045584734,4364.7500000000,4364.8700000000
1790045585136,4364.7600000000,4364.8700000000
1790045585538,4364.9100000000,4365.0200000000
1790045585941,4364.9600000000,4365.0700000000
1790045586344,4364.9800000000,4365.0900000000
1790045587149,4364.9800000000,4365.1000000000
1790045587954,4365.0100000000,4365.1300000000
1790045588357,4365.0900000000,4365.2000000000
1790045588759,4365.1100000000,4365.2200000000
1790045589162,4365.0000000000,4365.1000000000
1790045589564,4364.9700000000,4365.0700000000
1790045589967,4364.9100000000,4365.0100000000
1790045590370,4364.9300000000,4365.0200000000
1790045591577,4364.8900000000,4364.9800000000
1790045591980,4364.9100000000,4365.0000000000
1790045592383,4365.0200000000,4365.1100000000
1790045593591,4365.0300000000,4365.1200000000
1790045594396,4364.9200000000,4365.0100000000
1790045595603,4364.9800000000,4365.0700000000
1790045596006,4365.0200000000,4365.1100000000
1790045596408,4365.0300000000,4365.1200000000
1790045596810,4364.1900000000,4364.2800000000
1790045597616,4364.1600000000,4364.2500000000
1790045598018,4364.0800000000,4364.1700000000
1790045598421,4364.0800000000,4364.2200000000
1790045598823,4364.0700000000,4364.2100000000
1790045599228,4364.2200000000,4364.3600000000
1790045599630,4364.2400000000,4364.3800000000
1790045600033,4364.2200000000,4364.3600000000
1790045600436,4364.2800000000,4364.4200000000
1790045600839,4364.3200000000,4364.4600000000
1790045601241,4365.0600000000,4365.2000000000
1790045602046,4365.0700000000,4365.2100000000
1790045602449,4365.2900000000,4365.4300000000
1790045602851,4366.0600000000,4366.2000000000
1790045603254,4366.1000000000,4366.2400000000
1790045603656,4366.1100000000,4366.2500000000
1790045604060,4366.1200000000,4366.2600000000
1790045604463,4366.1100000000,4366.2500000000
1790045606878,4365.8000000000,4365.9400000000
1790045607281,4365.8200000000,4365.9600000000
1790045607684,4365.8000000000,4365.9400000000
1790045608088,4366.0800000000,4366.2100000000
1790045608489,4365.9900000000,4366.1200000000
1790045608892,4366.0100000000,4366.1400000000
1790045609293,4366.0600000000,4366.1900000000
1790045609696,4366.0700000000,4366.2000000000
1790045610098,4366.0800000000,4366.2000000000
1790045611305,4366.0700000000,4366.1900000000
1790045611708,4366.0400000000,4366.1600000000
1790045612111,4366.0300000000,4366.1400000000
1790045612513,4366.0500000000,4366.1600000000
1790045612916,4366.0700000000,4366.1800000000
1790045613319,4366.7300000000,4366.8400000000
1790045613721,4366.7800000000,4366.8900000000
1790045614124,4366.7300000000,4366.8400000000
1790045614526,4366.7600000000,4366.8700000000
1790045614929,4366.6100000000,4366.7200000000
1790045615331,4366.6200000000,4366.7200000000
1790045615734,4366.6300000000,4366.7300000000
1790045616539,4366.6200000000,4366.7200000000
1790045617345,4366.6000000000,4366.6900000000
1790045617748,4366.4900000000,4366.5800000000
1790045618251,4366.6500000000,4366.7400000000
1790045618553,4366.6900000000,4366.7800000000
1790045618955,4366.8400000000,4366.9300000000
1790045619358,4366.7100000000,4366.8000000000
1790045619761,4366.7000000000,4366.7900000000
1790045620566,4366.6400000000,4366.7300000000
1790045620969,4366.5600000000,4366.6500000000
1790045621874,4366.6700000000,4366.7600000000
1790045622679,4366.6800000000,4366.7700000000
1790045623483,4366.6600000000,4366.7500000000
1790045625897,4366.6800000000,4366.7700000000
1790045626299,4366.7200000000,4366.8100000000
1790045626702,4366.3600000000,4366.4500000000
1790045627104,4366.3300000000,4366.4200000000
1790045627508,4366.2300000000,4366.3200000000
1790045627909,4365.9600000000,4366.0500000000
1790045628312,4366.1400000000,4366.2300000000
1790045628715,4366.0000000000,4366.0900000000
1790045629117,4366.0100000000,4366.1000000000
1790045629922,4366.0300000000,4366.1200000000
1790045630325,4366.2200000000,4366.3100000000
1790045630728,4365.9600000000,4366.0500000000
1790045631130,4365.9100000000,4366.0000000000
1790045631534,4365.8900000000,4365.9800000000
1790045631936,4365.8700000000,4365.9600000000
1790045633146,4365.8600000000,4365.9500000000
1790045633549,4365.8000000000,4365.8900000000
1790045633953,4365.7900000000,4365.8800000000
1790045635563,4365.8400000000,4365.9300000000
1790045635965,4365.5200000000,4365.6100000000
1790045636368,4365.5300000000,4365.6200000000
1790045637575,4365.5600000000,4365.6500000000
1790045638382,4365.5400000000,4365.6300000000
1790045638785,4365.5300000000,4365.6200000000
1790045640395,4365.5300000000,4365.6200000000
1790045640798,4365.5200000000,4365.6100000000
1790045641201,4365.8200000000,4365.9100000000
1790045641604,4365.9300000000,4366.0200000000
1790045642006,4365.9900000000,4366.0800000000
1790045642408,4365.8400000000,4365.9300000000
1790045642811,4365.8300000000,4365.9200000000
1790045644019,4365.5800000000,4365.6700000000
1790045644421,4365.5600000000,4365.6500000000
1790045644823,4365.5100000000,4365.6000000000
1790045646030,4365.5200000000,4365.6100000000
1790045646433,4365.5100000000,4365.6000000000
1790045647238,4365.5300000000,4365.6200000000
1790045647641,4365.6000000000,4365.6900000000
1790045648044,4365.6300000000,4365.7200000000
1790045649251,4366.0100000000,4366.1000000000
1790045649654,4366.0600000000,4366.1500000000
1790045650862,4366.0100000000,4366.1000000000
1790045651667,4366.0200000000,4366.1100000000
1790045652472,4365.9600000000,4366.0500000000
1790045652874,4365.8900000000,4365.9800000000
1790045653680,4365.8800000000,4365.9700000000
1790045654886,4365.9700000000,4366.0600000000
1790045655691,4365.8900000000,4365.9800000000
1790045656496,4365.8700000000,4365.9600000000
1790045656898,4365.8500000000,4365.9400000000
1790045657703,4365.7100000000,4365.8000000000
1790045658105,4365.7600000000,4365.8500000000
1790045659313,4365.7400000000,4365.8300000000
1790045659715,4365.7600000000,4365.8500000000
1790045660521,4365.8900000000,4365.9800000000
1790045660923,4365.9100000000,4366.0000000000
1790045661729,4365.9700000000,4366.0600000000
1790045662534,4365.9900000000,4366.0800000000
1790045662937,4366.0800000000,4366.1700000000
1790045663339,4366.0300000000,4366.1200000000
1790045664547,4366.0200000000,4366.1100000000
1790045666660,4366.0300000000,4366.1200000000
1790045667465,4366.2800000000,4366.3700000000
1790045667868,4366.2300000000,4366.3200000000
1790045668271,4366.2600000000,4366.3500000000
1790045669479,4366.2400000000,4366.3300000000
1790045670686,4365.8100000000,4365.9000000000
1790045671088,4365.6200000000,4365.7100000000
1790045671491,4365.0200000000,4365.1100000000
1790045671893,4365.1100000000,4365.2000000000
1790045672296,4365.2600000000,4365.4000000000
1790045672698,4365.3100000000,4365.4500000000
1790045673101,4365.3900000000,4365.5300000000
1790045673905,4365.5100000000,4365.6500000000
1790045674710,4365.5600000000,4365.7000000000
1790045676320,4365.5800000000,4365.7200000000
1790045677125,4365.5100000000,4365.6500000000
1790045677527,4365.5000000000,4365.6300000000
1790045677930,4365.4600000000,4365.5900000000
1790045678332,4365.5100000000,4365.6400000000
1790045678735,4365.5600000000,4365.6900000000
1790045679540,4365.5800000000,4365.7000000000
1790045680345,4365.5000000000,4365.6200000000
1790045680748,4365.4800000000,4365.6000000000
1790045681151,4365.4800000000,4365.5900000000
1790045681552,4365.4200000000,4365.5300000000
1790045681955,4365.4400000000,4365.5500000000
1790045682357,4365.4600000000,4365.5600000000
1790045683162,4365.6400000000,4365.7400000000
1790045683564,4365.8400000000,4365.9400000000
1790045683966,4365.8800000000,4365.9800000000
1790045684369,4365.8900000000,4366.0000000000
1790045684771,4365.9300000000,4366.0400000000
1790045685173,4365.8000000000,4365.9000000000
1790045685978,4365.7700000000,4365.8700000000
1790045686381,4365.7700000000,4365.8600000000
1790045686784,4365.8500000000,4365.9400000000
1790045687187,4365.8800000000,4365.9700000000
1790045687590,4365.8900000000,4365.9800000000
1790045688797,4365.9400000000,4366.0300000000
1790045689602,4365.9500000000,4366.0400000000
1790045690409,4365.9700000000,4366.0600000000
1790045691214,4365.9500000000,4366.0400000000
1790045691617,4365.9400000000,4366.0300000000
1790045692424,4365.8100000000,4365.9000000000
1790045692826,4365.8600000000,4365.9500000000
1790045693632,4365.9500000000,4366.0400000000
1790045695242,4365.7500000000,4365.8400000000
1790045695644,4365.7300000000,4365.8200000000
1790045696449,4365.7200000000,4365.8100000000
1790045698059,4365.7300000000,4365.8200000000
1790045698461,4365.7200000000,4365.8100000000
1790045699668,4365.7000000000,4365.7900000000
1790045700474,4365.7300000000,4365.8200000000
1790045701682,4365.8100000000,4365.9000000000
1790045702084,4365.7000000000,4365.7900000000
1790045702486,4365.5800000000,4365.6700000000
1790045702889,4365.6100000000,4365.7000000000
1790045703694,4365.6400000000,4365.7300000000
1790045705306,4365.7600000000,4365.8500000000
1790045706112,4365.7800000000,4365.8700000000
1790045706515,4365.7600000000,4365.8500000000
1790045709334,4366.9700000000,4367.0600000000
1790045709737,4367.0000000000,4367.0900000000
1790045710140,4367.2700000000,4367.4100000000
1790045710945,4367.1700000000,4367.3100000000
1790045711348,4367.1500000000,4367.2900000000
1790045711750,4366.7900000000,4366.9300000000
1790045712153,4366.7400000000,4366.8800000000
1790045712556,4366.7000000000,4366.8400000000
1790045713361,4366.7200000000,4366.8600000000
1790045714569,4366.7300000000,4366.8700000000
1790045714972,4366.8000000000,4366.9400000000
1790045716179,4366.6600000000,4366.7900000000
1790045716581,4366.6500000000,4366.7800000000
1790045716984,4366.6300000000,4366.7600000000
1790045717387,4366.4900000000,4366.6200000000
1790045717789,4366.4700000000,4366.6000000000
1790045718191,4366.5100000000,4366.6300000000
1790045718595,4366.5400000000,4366.6600000000
1790045719400,4366.5900000000,4366.7100000000
1790045720305,4366.6000000000,4366.7100000000
1790045721112,4366.6200000000,4366.7300000000
1790045721515,4366.6300000000,4366.7300000000
1790045722320,4366.5700000000,4366.6600000000
1790045725139,4366.6200000000,4366.7100000000
1790045727554,4366.6500000000,4366.7400000000
1790045727957,4366.6400000000,4366.7300000000
1790045728359,4366.5800000000,4366.6700000000
1790045732384,4367.2700000000,4367.3600000000
1790045732786,4367.3700000000,4367.4600000000
1790045733188,4367.3400000000,4367.4600000000
1790045734396,4367.3800000000,4367.4900000000
1790045734798,4367.5000000000,4367.6100000000
1790045735201,4367.5300000000,4367.6300000000
1790045736006,4367.5200000000,4367.6200000000
1790045736408,4367.4600000000,4367.5500000000
1790045736811,4367.4800000000,4367.5700000000
1790045737213,4367.5300000000,4367.6200000000
1790045737616,4367.5100000000,4367.6000000000
1790045738018,4367.4700000000,4367.5600000000
1790045738421,4367.4500000000,4367.5400000000
1790045740032,4367.4600000000,4367.5500000000
1790045741239,4367.5000000000,4367.5900000000
1790045741642,4367.5200000000,4367.6100000000
1790045742849,4367.5300000000,4367.6200000000
1790045743252,4367.5200000000,4367.6100000000
1790045743655,4367.5300000000,4367.6200000000
1790045744056,4367.5600000000,4367.6500000000
1790045745667,4367.6100000000,4367.7000000000
1790045746070,4367.6000000000,4367.6900000000
1790045746473,4367.6100000000,4367.7000000000
1790045747280,4367.6000000000,4367.6900000000
1790045747682,4367.5800000000,4367.6700000000
1790045748085,4367.5500000000,4367.6400000000
1790045748488,4367.5800000000,4367.6700000000
1790045750501,4368.1200000000,4368.2100000000
1790045750903,4368.2000000000,4368.2900000000
1790045751708,4368.2200000000,4368.3100000000
1790045752112,4368.2700000000,4368.3600000000
1790045752514,4368.2800000000,4368.3700000000
1790045752917,4368.3300000000,4368.4200000000
1790045753722,4368.0600000000,4368.1500000000
1790045754126,4367.7700000000,4367.8600000000
1790045754528,4367.5500000000,4367.6400000000
1790045754931,4367.5700000000,4367.6600000000
1790045755333,4367.5800000000,4367.7000000000
1790045756138,4367.7200000000,4367.8300000000
1790045756541,4367.7000000000,4367.8100000000
1790045756943,4367.8900000000,4368.0000000000
1790045757346,4367.8900000000,4367.9900000000
1790045757749,4367.9300000000,4368.0300000000
1790045758151,4367.9700000000,4368.0600000000
1790045758957,4367.9800000000,4368.0700000000
1790045759359,4367.9700000000,4368.0600000000
1790045760165,4367.9400000000,4368.0300000000
1790045760567,4367.9600000000,4368.0500000000
1790045760970,4367.9700000000,4368.0600000000
1790045761775,4367.9900000000,4368.0800000000
1790045762983,4368.3200000000,4368.4100000000
1790045763385,4368.2800000000,4368.3700000000
1790045763788,4368.2900000000,4368.3800000000
1790045764190,4367.9700000000,4368.0600000000
1790045764593,4367.4600000000,4367.5500000000
1790045764995,4367.6200000000,4367.7100000000
1790045766204,4367.4100000000,4367.5000000000
1790045766606,4367.6100000000,4367.7000000000
1790045767813,4367.6000000000,4367.6900000000
1790045770731,4368.1900000000,4368.2800000000
1790045771133,4368.2600000000,4368.3500000000
1790045771536,4368.2800000000,4368.3700000000
1790045771938,4368.3300000000,4368.4200000000
1790045772341,4368.2900000000,4368.4300000000
1790045773146,4368.2500000000,4368.3900000000
1790045773548,4368.4900000000,4368.6200000000
1790045773951,4368.5300000000,4368.6600000000
1790045774353,4368.5400000000,4368.6700000000
1790045774756,4368.5200000000,4368.6500000000
1790045775158,4368.5200000000,4368.6400000000
1790045775560,4368.0500000000,4368.1700000000
1790045775963,4367.8900000000,4368.0100000000
1790045776365,4367.7600000000,4367.9000000000
1790045776768,4367.7500000000,4367.8900000000
1790045777172,4367.7700000000,4367.9100000000
1790045777574,4367.7900000000,4367.9300000000
1790045777977,4367.9400000000,4368.0800000000
1790045778380,4367.0000000000,4367.1300000000
1790045778783,4366.9700000000,4367.1000000000
1790045779185,4366.9700000000,4367.1100000000
1790045779587,4366.9900000000,4367.1300000000
1790045779990,4366.8900000000,4367.0300000000
1790045780392,4366.7300000000,4366.8700000000
1790045780795,4366.7200000000,4366.8600000000
1790045781197,4366.8000000000,4366.9400000000
1790045781599,4366.7500000000,4366.8900000000
1790045782002,4366.4600000000,4366.6000000000
1790045782405,4366.5500000000,4366.6900000000
1790045782808,4366.3000000000,4366.4400000000
1790045783210,4366.3100000000,4366.4400000000
1790045783613,4366.5000000000,4366.6300000000
1790045784015,4366.5100000000,4366.6400000000
1790045784418,4366.5900000000,4366.7300000000
1790045784820,4366.6000000000,4366.7400000000
1790045785223,4366.6100000000,4366.7400000000
1790045785625,4366.6200000000,4366.7500000000
1790045786028,4366.6700000000,4366.8000000000
1790045786430,4366.6700000000,4366.7900000000
1790045786832,4366.7000000000,4366.8200000000
1790045787235,4366.8900000000,4367.0000000000
1790045787638,4366.9000000000,4367.0100000000
1790045788040,4366.9200000000,4367.0300000000
1790045788846,4366.9400000000,4367.0500000000
1790045789248,4366.7000000000,4366.8000000000
1790045789651,4366.6700000000,4366.7700000000
1790045790456,4366.3600000000,4366.4600000000
1790045790859,4366.3400000000,4366.4400000000
1790045791663,4366.2500000000,4366.3500000000
1790045792468,4366.2600000000,4366.3500000000
1790045792871,4366.2800000000,4366.3700000000
1790045794884,4366.2200000000,4366.3100000000
1790045795287,4365.9900000000,4366.0800000000
1790045795689,4365.9700000000,4366.0600000000
1790045796092,4366.1200000000,4366.2100000000
1790045796495,4366.1500000000,4366.2400000000
1790045796898,4366.1800000000,4366.2700000000
1790045798105,4366.3700000000,4366.4600000000
1790045798507,4366.4000000000,4366.4900000000
1790045798910,4366.4300000000,4366.5200000000
1790045799312,4366.4700000000,4366.5600000000
1790045800922,4366.4800000000,4366.5700000000
1790045801324,4366.4700000000,4366.5600000000
1790045801727,4366.5000000000,4366.5900000000
1790045802131,4366.4900000000,4366.5800000000
1790045802533,4366.4800000000,4366.5700000000
1790045802936,4366.4500000000,4366.5400000000
1790045803740,4366.4300000000,4366.5200000000
1790045804143,4366.4400000000,4366.5300000000
1790045804948,4366.5900000000,4366.6800000000
1790045805754,4366.5600000000,4366.6500000000
1790045806962,4366.5900000000,4366.6800000000
1790045807365,4366.5600000000,4366.6500000000
1790045807767,4366.6100000000,4366.7000000000
1790045808170,4366.5900000000,4366.6800000000
1790045808573,4366.6000000000,4366.6900000000
1790045809378,4366.6600000000,4366.7500000000
1790045809780,4366.6900000000,4366.7800000000
1790045810183,4366.7100000000,4366.8000000000
1790045810585,4366.6900000000,4366.7800000000
1790045811390,4366.6800000000,4366.7700000000
1790045811792,4366.6900000000,4366.7800000000
1790045812602,4366.7000000000,4366.7900000000
1790045813005,4366.7100000000,4366.8000000000
1790045813408,4366.6900000000,4366.7800000000
1790045814616,4366.7000000000,4366.7900000000
1790045816327,4366.6800000000,4366.7700000000
1790045817535,4366.7100000000,4366.8000000000
1790045817938,4366.7400000000,4366.8300000000
1790045819547,4366.6800000000,4366.7700000000
1790045819950,4366.7000000000,4366.7900000000
1790045820755,4366.7000000000,4366.7900000000
1790045821157,4367.0000000000,4367.0900000000
1790045821560,4367.1000000000,4367.1900000000
1790045821963,4367.1100000000,4367.2000000000
1790045822365,4367.1400000000,4367.2300000000
1790045822768,4367.1300000000,4367.2200000000
1790045825183,4367.0700000000,4367.1600000000
1790045825988,4367.0900000000,4367.1800000000
1790045826391,4367.1000000000,4367.1900000000
1790045827197,4367.1400000000,4367.2300000000
1790045828405,4367.0900000000,4367.1800000000
1790045829210,4367.0700000000,4367.1600000000
1790045830015,4367.1300000000,4367.2200000000
1790045830418,4367.3100000000,4367.4000000000
1790045831222,4367.5100000000,4367.6000000000
1790045831625,4367.5300000000,4367.6200000000
1790045832028,4367.6300000000,4367.7200000000
1790045832431,4367.5700000000,4367.6600000000
1790045832834,4367.5100000000,4367.6000000000
1790045833238,4367.5700000000,4367.6600000000
1790045834044,4367.5900000000,4367.6800000000
1790045834446,4367.6300000000,4367.7200000000
1790045834849,4367.6500000000,4367.7400000000
1790045837264,4367.7000000000,4367.7900000000
1790045837667,4367.7200000000,4367.8100000000
1790045838471,4367.4800000000,4367.5700000000
1790045838874,4367.5700000000,4367.6600000000
1790045839681,4367.0900000000,4367.1800000000
1790045840083,4367.0700000000,4367.1600000000
1790045840486,4367.0500000000,4367.1600000000
1790045841291,4366.8700000000,4366.9700000000
1790045842499,4366.9200000000,4367.0100000000
1790045842902,4366.9100000000,4367.0000000000
1790045843707,4366.5100000000,4366.6000000000
1790045844110,4366.6100000000,4366.7000000000
1790045844513,4366.6600000000,4366.7500000000
1790045844916,4366.7000000000,4366.7900000000
1790045845318,4366.7200000000,4366.8100000000
1790045845721,4366.3600000000,4366.4500000000
1790045846123,4366.3800000000,4366.4700000000
1790045846928,4366.4200000000,4366.5100000000
1790045847331,4366.4800000000,4366.5700000000
1790045847734,4366.6200000000,4366.7100000000
1790045848136,4366.6700000000,4366.7800000000
1790045848539,4366.6800000000,4366.7900000000
1790045849344,4366.6900000000,4366.8000000000
1790045850149,4366.7100000000,4366.8100000000
1790045850551,4366.6300000000,4366.7300000000
1790045851356,4366.6300000000,4366.7200000000
1790045851759,4366.6100000000,4366.7000000000
1790045852565,4366.6200000000,4366.7100000000
1790045852967,4366.6300000000,4366.7200000000
1790045854176,4366.6800000000,4366.7700000000
1790045854578,4366.7300000000,4366.8200000000
1790045855384,4366.7700000000,4366.8600000000
1790045856591,4366.9000000000,4366.9900000000
1790045856994,4367.0300000000,4367.1200000000
1790045857397,4367.0400000000,4367.1300000000
1790045857799,4367.0300000000,4367.1200000000
1790045858604,4367.0400000000,4367.1300000000
1790045859410,4367.0700000000,4367.1600000000
1790045859812,4367.3900000000,4367.4800000000
1790045860214,4367.4300000000,4367.5200000000
1790045860617,4368.0700000000,4368.1600000000
1790045861044,4368.2300000000,4368.3200000000
1790045861445,4368.5500000000,4368.6900000000
1790045861848,4368.9700000000,4369.1100000000
1790045862250,4368.9100000000,4369.0500000000
1790045862653,4368.7800000000,4368.9200000000
1790045863056,4368.7600000000,4368.9000000000
1790045863458,4368.8000000000,4368.9400000000
1790045864262,4368.7700000000,4368.9100000000
1790045864665,4368.8000000000,4368.9400000000
1790045865471,4368.7500000000,4368.8800000000
1790045865873,4368.7700000000,4368.9000000000
1790045866679,4368.8800000000,4369.0100000000
1790045867081,4369.0700000000,4369.2000000000
1790045867484,4369.0500000000,4369.1700000000
1790045867887,4369.0600000000,4369.1800000000
1790045868289,4368.9300000000,4369.0500000000
1790045868692,4368.9500000000,4369.0700000000
1790045869095,4368.9600000000,4369.0800000000
1790045869497,4369.0900000000,4369.2100000000
1790045869899,4369.1400000000,4369.2600000000
1790045870301,4369.1800000000,4369.2900000000
1790045871106,4369.3200000000,4369.4200000000
1790045871509,4369.2900000000,4369.3900000000
1790045872316,4369.3000000000,4369.3900000000
1790045872718,4369.0700000000,4369.1600000000
1790045873121,4369.0800000000,4369.1900000000
1790045873926,4369.0900000000,4369.2000000000
1790045874328,4369.1000000000,4369.2000000000
1790045875134,4369.0800000000,4369.1700000000
1790045875536,4369.0900000000,4369.1800000000
1790045876341,4369.0700000000,4369.1600000000
1790045876744,4369.0400000000,4369.1300000000
1790045877147,4369.0700000000,4369.1600000000
1790045879965,4369.1500000000,4369.2400000000
1790045880368,4369.1800000000,4369.2700000000
1790045880771,4369.1900000000,4369.2800000000
1790045881174,4369.2800000000,4369.3700000000
1790045881576,4369.3700000000,4369.4600000000
1790045881979,4369.5400000000,4369.6300000000
1790045882381,4369.6200000000,4369.7100000000
1790045882784,4369.6300000000,4369.7200000000
1790045883186,4369.7000000000,4369.7900000000
1790045883590,4369.7500000000,4369.8400000000
1790045884395,4369.6800000000,4369.7700000000
1790045884798,4369.6700000000,4369.7600000000
1790045885602,4369.6500000000,4369.7400000000
1790045886407,4369.7500000000,4369.8400000000
1790045886810,4369.8500000000,4369.9400000000
1790045887212,4369.8700000000,4369.9600000000
1790045888017,4369.8200000000,4369.9100000000
1790045889628,4369.7900000000,4369.8800000000
1790045890030,4369.7800000000,4369.8700000000
1790045890835,4369.3100000000,4369.4000000000
1790045891238,4369.1800000000,4369.2900000000
1790045892043,4369.1300000000,4369.2400000000
1790045892445,4369.1200000000,4369.2200000000
1790045892848,4369.5400000000,4369.6400000000
1790045893251,4369.7200000000,4369.8400000000
1790045893654,4369.7100000000,4369.8300000000
1790045894056,4369.6500000000,4369.7700000000
1790045894458,4369.6400000000,4369.7600000000
1790045895364,4369.6800000000,4369.7900000000
1790045895766,4369.6900000000,4369.8000000000
1790045896571,4369.8500000000,4369.9500000000
1790045896974,4369.9400000000,4370.0400000000
1790045897376,4369.9500000000,4370.0600000000
1790045898181,4369.9500000000,4370.0500000000
1790045898584,4369.9400000000,4370.0400000000
1790045898986,4369.9100000000,4370.0100000000
1790045899388,4369.9100000000,4370.0000000000
1790045899791,4369.9700000000,4370.0600000000
1790045900194,4369.9400000000,4370.0300000000
1790045900999,4369.9300000000,4370.0200000000
1790045901402,4369.9200000000,4370.0100000000
1790045901804,4369.8500000000,4369.9400000000
1790045902207,4369.9200000000,4370.0100000000
1790045903013,4370.3600000000,4370.4500000000
1790045903415,4370.2800000000,4370.3900000000
1790045903818,4370.3200000000,4370.4300000000
1790045904220,4370.3300000000,4370.4200000000
1790045904623,4370.3100000000,4370.4000000000
1790045905026,4370.2100000000,4370.3000000000
1790045905428,4370.0500000000,4370.1400000000
1790045905831,4370.1800000000,4370.2700000000
1790045907039,4370.2200000000,4370.3100000000
1790045907441,4370.2100000000,4370.3000000000
1790045907844,4370.2200000000,4370.3100000000
1790045908651,4370.2400000000,4370.3300000000
1790045909457,4370.2100000000,4370.3000000000
1790045911470,4370.0900000000,4370.1800000000
1790045912275,4370.0400000000,4370.1300000000
1790045912677,4369.9000000000,4369.9900000000
1790045913080,4369.8900000000,4369.9800000000
1790045915092,4369.9600000000,4370.0500000000
1790045915897,4370.0400000000,4370.1300000000
1790045917105,4370.0500000000,4370.1400000000
1790045917507,4370.0400000000,4370.1300000000
1790045917909,4370.0200000000,4370.1100000000
1790045918312,4370.0000000000,4370.0900000000
1790045918714,4369.9400000000,4370.0300000000
1790045920325,4369.8600000000,4369.9500000000
1790045921130,4369.9500000000,4370.0400000000
1790045921532,4369.9100000000,4370.0000000000
1790045922337,4369.8900000000,4369.9800000000
1790045924752,4369.8800000000,4369.9700000000
1790045925154,4369.8700000000,4369.9600000000
1790045926764,4369.8800000000,4369.9700000000
1790045927972,4369.8600000000,4369.9500000000
1790045928374,4369.8700000000,4369.9600000000
1790045928776,4369.7800000000,4369.8700000000
1790045929179,4369.9900000000,4370.0800000000
1790045929582,4370.0200000000,4370.1100000000
1790045929984,4370.0300000000,4370.1200000000
1790045930387,4370.0600000000,4370.1500000000
1790045931192,4369.1400000000,4369.2300000000
1790045931594,4369.0400000000,4369.1300000000
1790045931997,4369.0500000000,4369.1400000000
1790045932402,4369.0400000000,4369.1800000000
1790045932804,4368.9000000000,4369.0400000000
1790045933208,4368.8800000000,4369.0200000000
1790045933610,4368.8900000000,4369.0300000000
1790045934415,4368.9700000000,4369.1100000000
1790045934817,4369.0000000000,4369.1400000000
1790045935220,4369.1600000000,4369.3000000000
1790045935622,4369.5000000000,4369.6400000000
1790045936025,4369.5300000000,4369.6700000000
1790045936831,4369.5400000000,4369.6800000000
1790045937635,4369.5700000000,4369.7100000000
1790045939245,4369.5800000000,4369.7100000000
1790045939648,4369.5900000000,4369.7200000000
1790045941258,4369.5900000000,4369.7100000000
1790045941661,4369.6800000000,4369.8000000000
1790045942063,4369.8300000000,4369.9500000000
1790045942465,4369.8600000000,4369.9800000000
1790045943271,4369.8900000000,4370.0000000000
1790045943673,4369.7400000000,4369.8500000000
1790045944076,4369.7800000000,4369.8900000000
1790045944479,4369.8700000000,4369.9700000000
1790045944882,4369.9000000000,4370.0000000000
1790045945687,4369.9200000000,4370.0200000000
1790045946090,4369.9300000000,4370.0300000000
1790045946493,4369.9200000000,4370.0100000000
1790045946895,4369.9100000000,4370.0000000000
1790045947297,4369.8200000000,4369.9100000000
1790045948103,4369.8100000000,4369.9000000000
1790045948908,4369.7100000000,4369.8000000000
1790045949713,4369.5900000000,4369.6800000000
1790045950518,4369.6300000000,4369.7200000000
1790045950921,4369.6800000000,4369.7700000000
1790045951324,4369.6200000000,4369.7100000000
1790045952129,4369.6000000000,4369.6900000000
1790045952532,4369.5800000000,4369.6700000000
1790045952934,4369.6000000000,4369.6900000000
1790045953338,4369.7500000000,4369.8400000000
1790045953740,4369.6400000000,4369.7300000000
1790045954142,4369.5600000000,4369.6500000000
1790045954545,4369.6300000000,4369.7200000000
1790045956557,4369.6800000000,4369.7700000000
1790045957362,4369.7000000000,4369.7900000000
1790045958571,4369.6800000000,4369.7700000000
1790045959376,4369.6900000000,4369.7800000000
1790045960584,4369.8100000000,4369.9000000000
1790045960986,4369.8200000000,4369.9100000000
1790045961388,4369.7600000000,4369.8500000000
1790045962597,4369.3600000000,4369.4500000000
1790045962999,4369.3500000000,4369.4400000000
1790045963402,4369.2300000000,4369.3200000000
1790045963805,4369.4000000000,4369.4900000000
1790045964209,4369.4100000000,4369.5000000000
1790045964610,4369.4200000000,4369.5100000000
1790045965013,4369.4400000000,4369.5300000000
1790045965416,4369.5200000000,4369.6100000000
1790045966321,4369.4600000000,4369.5500000000
1790045967126,4369.4000000000,4369.4900000000
1790045967529,4369.3900000000,4369.4800000000
1790045969139,4369.1800000000,4369.2700000000
1790045969542,4369.2600000000,4369.3500000000
1790045969944,4369.2900000000,4369.3800000000
1790045970347,4369.2000000000,4369.2900000000
1790045970750,4369.2600000000,4369.3500000000
1790045971153,4369.3700000000,4369.4600000000
1790045971555,4369.4200000000,4369.5100000000
1790045971958,4369.3200000000,4369.4100000000
1790045972361,4369.3100000000,4369.4000000000
1790045973166,4369.0200000000,4369.1100000000
1790045973568,4369.0400000000,4369.1300000000
1790045973972,4369.0300000000,4369.1200000000
1790045974374,4369.0400000000,4369.1300000000
1790045974777,4369.1500000000,4369.2400000000
1790045975581,4369.1000000000,4369.1900000000
1790045975984,4369.1300000000,4369.2200000000
1790045976386,4369.0300000000,4369.1200000000
1790045976788,4368.9800000000,4369.0700000000
1790045977593,4368.9700000000,4369.0600000000
1790045977996,4368.6300000000,4368.7200000000
1790045978398,4368.6800000000,4368.7800000000
1790045978801,4368.8300000000,4368.9300000000
1790045979203,4368.8100000000,4368.9300000000
1790045979605,4368.8400000000,4368.9600000000
1790045980008,4369.0700000000,4369.1900000000
1790045980411,4368.7900000000,4368.9100000000
1790045980813,4368.8400000000,4368.9600000000
1790045981215,4368.8300000000,4368.9500000000
1790045981618,4368.8200000000,4368.9400000000
1790045982021,4368.7400000000,4368.8600000000
1790045982423,4368.8200000000,4368.9300000000
1790045983228,4368.8700000000,4368.9800000000
1790045983631,4368.9500000000,4369.0600000000
1790045984436,4369.0200000000,4369.1200000000
1790045985242,4369.0600000000,4369.1600000000
1790045986047,4369.0700000000,4369.1700000000
1790045986451,4369.0800000000,4369.1700000000
1790045988463,4369.0500000000,4369.1400000000
1790045988866,4369.0300000000,4369.1200000000
1790045990477,4368.8100000000,4368.9000000000
1790045991685,4368.8000000000,4368.8900000000
1790045992088,4368.6800000000,4368.7700000000
1790045992491,4368.6300000000,4368.7200000000
1790045992894,4368.6400000000,4368.7300000000
1790045993297,4368.7000000000,4368.7900000000
1790045993699,4368.7600000000,4368.8500000000
1790045994504,4368.7500000000,4368.8400000000
1790045994907,4368.8100000000,4368.9000000000
1790045995309,4368.7800000000,4368.8700000000
1790045995712,4368.8000000000,4368.8900000000
1790045996115,4368.8100000000,4368.9000000000
1790045997323,4368.8300000000,4368.9200000000
1790045997726,4368.8800000000,4368.9700000000
1790045998531,4368.9800000000,4369.0700000000
1790045998934,4369.0000000000,4369.0900000000
1790045999336,4369.0400000000,4369.1300000000
1790045999739,4368.8700000000,4368.9600000000
1790046000142,4368.8400000000,4368.9300000000
1790046000543,4369.2400000000,4369.3300000000
1790046000946,4369.4000000000,4369.4900000000
1790046001350,4369.2700000000,4369.4100000000
1790046001751,4369.3500000000,4369.4900000000
1790046002154,4368.9400000000,4369.0800000000
1790046002557,4368.7500000000,4368.8900000000
1790046002959,4368.8400000000,4368.9800000000
1790046003361,4369.4200000000,4369.5600000000
1790046004166,4369.5300000000,4369.6700000000
1790046004568,4369.6400000000,4369.7800000000
1790046004971,4369.6700000000,4369.8100000000
1790046006180,4368.5800000000,4368.7200000000
1790046006582,4368.2400000000,4368.3800000000
1790046006984,4368.1200000000,4368.2600000000
1790046007386,4367.9300000000,4368.0700000000
1790046007789,4367.9900000000,4368.1300000000
1790046008193,4368.2100000000,4368.3500000000
1790046008594,4368.1500000000,4368.2900000000
1790046008997,4368.2300000000,4368.3700000000
1790046009399,4368.3700000000,4368.5100000000
1790046009801,4368.4200000000,4368.5600000000
1790046010204,4368.8500000000,4368.9900000000
1790046010606,4368.7400000000,4368.8800000000
1790046011009,4368.7200000000,4368.8600000000
1790046011412,4368.7500000000,4368.8900000000
1790046011815,4368.7600000000,4368.9000000000
1790046012218,4368.7900000000,4368.9300000000
1790046012621,4368.8600000000,4369.0000000000
1790046013426,4368.9200000000,4369.0500000000
1790046013828,4368.9900000000,4369.1200000000
1790046014230,4368.2400000000,4368.3800000000
1790046014634,4368.1800000000,4368.3200000000
1790046015037,4368.3100000000,4368.4500000000
1790046015439,4368.3100000000,4368.4400000000
1790046015841,4368.1900000000,4368.3200000000
1790046016244,4368.1900000000,4368.3100000000
1790046016647,4368.3000000000,4368.4200000000
1790046017049,4368.2900000000,4368.4100000000
1790046018255,4368.5200000000,4368.6400000000
1790046018658,4368.6200000000,4368.7400000000
1790046019061,4368.6300000000,4368.7500000000
1790046019463,4368.4800000000,4368.5900000000
1790046019865,4368.5000000000,4368.6100000000
1790046020267,4368.4700000000,4368.5800000000
1790046020670,4368.4400000000,4368.5500000000
1790046021073,4368.3800000000,4368.4800000000
1790046021475,4368.3900000000,4368.4900000000
1790046021978,4368.4600000000,4368.5600000000
1790046022381,4368.6800000000,4368.7700000000
1790046022783,4368.8500000000,4368.9400000000
1790046023186,4368.8400000000,4368.9400000000
1790046023588,4368.3000000000,4368.4000000000
1790046023991,4368.2600000000,4368.3600000000
1790046024393,4368.2700000000,4368.3800000000
1790046024796,4368.2800000000,4368.3900000000
1790046025198,4368.3200000000,4368.4200000000
1790046025601,4368.2800000000,4368.3800000000
1790046026004,4368.5200000000,4368.6200000000
1790046026406,4368.5100000000,4368.6100000000
1790046026809,4368.5900000000,4368.6900000000
1790046027211,4368.5000000000,4368.5900000000
1790046027613,4368.5500000000,4368.6400000000
1790046028016,4368.5800000000,4368.6700000000
1790046028419,4368.5400000000,4368.6300000000
1790046028822,4368.3100000000,4368.4000000000
1790046029627,4368.2700000000,4368.3600000000
1790046030433,4368.2900000000,4368.3800000000
1790046030835,4368.3000000000,4368.3900000000
1790046032043,4368.2900000000,4368.3800000000
1790046032446,4368.2600000000,4368.3500000000
1790046033251,4368.7100000000,4368.8000000000
1790046033654,4369.0600000000,4369.1500000000
1790046034056,4369.1300000000,4369.2200000000
1790046034459,4369.1400000000,4369.2300000000
1790046034862,4368.7000000000,4368.7900000000
1790046035265,4368.6700000000,4368.7600000000
1790046036472,4368.3300000000,4368.4400000000
1790046037277,4368.3400000000,4368.4400000000
1790046038082,4368.2700000000,4368.3700000000
1790046038889,4368.2500000000,4368.3500000000
1790046039291,4368.2600000000,4368.3500000000
1790046039694,4368.1600000000,4368.2500000000
1790046040097,4367.4400000000,4367.5300000000
1790046040499,4367.6500000000,4367.7400000000
1790046040902,4367.6300000000,4367.7200000000
1790046041304,4367.3700000000,4367.4900000000
1790046041707,4367.2000000000,4367.3200000000
1790046042109,4367.3900000000,4367.5100000000
1790046042512,4367.4200000000,4367.5400000000
1790046042914,4367.3500000000,4367.4700000000
1790046043317,4367.3100000000,4367.4200000000
1790046043719,4367.3800000000,4367.4900000000
1790046044121,4367.4200000000,4367.5300000000
1790046044523,4367.3400000000,4367.4400000000
1790046044926,4367.7600000000,4367.8600000000
1790046045328,4367.8000000000,4367.8900000000
1790046045731,4367.9600000000,4368.0500000000
1790046046133,4367.9900000000,4368.1000000000
1790046046538,4368.3300000000,4368.4400000000
1790046046940,4368.7600000000,4368.8700000000
1790046047343,4368.9800000000,4369.0900000000
1790046047746,4369.0300000000,4369.1400000000
1790046048148,4369.0200000000,4369.1600000000
1790046048551,4368.8700000000,4369.0100000000
1790046048953,4368.3200000000,4368.4600000000
1790046049355,4368.2400000000,4368.3800000000
1790046049758,4368.3000000000,4368.4400000000
1790046050160,4368.4900000000,4368.6300000000
1790046050562,4368.4800000000,4368.6200000000
1790046051367,4368.4900000000,4368.6300000000
1790046052172,4368.4900000000,4368.6200000000
1790046052574,4368.5300000000,4368.6600000000
1790046052979,4368.5000000000,4368.6300000000
1790046053382,4368.5800000000,4368.7100000000
1790046053785,4368.8100000000,4368.9400000000
1790046054188,4368.8500000000,4368.9700000000
1790046054993,4369.0500000000,4369.1700000000
1790046055798,4369.1000000000,4369.2200000000
1790046056201,4369.1000000000,4369.2100000000
1790046056603,4369.0400000000,4369.1500000000
1790046057006,4369.0800000000,4369.1900000000
1790046057408,4369.0600000000,4369.1600000000
1790046057810,4369.1200000000,4369.2200000000
1790046058213,4369.1300000000,4369.2200000000
1790046059018,4369.1200000000,4369.2100000000
1790046060225,4369.2100000000,4369.3000000000
1790046060628,4369.2200000000,4369.3100000000
1790046061031,4369.1000000000,4369.1900000000
1790046061433,4368.8100000000,4368.9000000000
1790046061837,4368.8400000000,4368.9300000000
1790046062238,4368.7700000000,4368.8600000000
1790046063446,4368.7300000000,4368.8200000000
1790046064250,4368.0000000000,4368.0900000000
1790046064653,4368.2700000000,4368.3600000000
1790046065056,4368.3200000000,4368.4100000000
1790046065458,4368.3100000000,4368.4200000000
1790046065860,4368.6500000000,4368.7600000000
1790046066263,4368.9400000000,4369.0500000000
1790046066665,4368.8800000000,4368.9900000000
1790046067068,4368.8700000000,4368.9800000000
1790046067470,4368.7100000000,4368.8300000000
1790046068275,4368.6600000000,4368.7700000000
1790046069080,4368.6700000000,4368.7800000000
1790046069885,4368.7100000000,4368.8200000000
1790046070288,4368.7700000000,4368.8700000000
1790046070690,4368.6200000000,4368.7200000000
1790046071093,4368.6000000000,4368.6900000000
1790046071496,4368.4500000000,4368.5400000000
1790046072301,4368.3900000000,4368.4800000000
1790046072703,4368.4900000000,4368.5800000000
1790046073106,4368.5400000000,4368.6300000000
1790046073508,4368.5300000000,4368.6200000000
1790046073910,4368.5200000000,4368.6100000000
1790046074313,4368.5400000000,4368.6300000000
1790046074716,4368.6600000000,4368.7500000000
1790046075118,4368.9300000000,4369.0200000000
1790046075520,4368.8800000000,4368.9700000000
1790046075923,4368.9700000000,4369.0600000000
1790046076325,4368.9400000000,4369.0300000000
1790046076728,4368.9500000000,4369.0400000000
1790046077131,4368.7900000000,4368.8800000000
1790046077936,4368.9400000000,4369.0300000000
1790046078339,4369.1400000000,4369.2300000000
1790046078742,4368.8400000000,4368.9300000000
1790046079144,4368.9100000000,4369.0000000000
1790046079547,4368.8000000000,4368.8900000000
1790046079950,4368.9700000000,4369.0600000000
1790046080352,4369.0400000000,4369.1300000000
1790046080755,4369.0100000000,4369.1000000000
1790046081158,4368.7600000000,4368.8500000000
1790046081561,4368.8000000000,4368.8900000000
1790046081963,4368.8900000000,4368.9800000000
1790046082366,4368.9300000000,4369.0200000000
1790046082768,4368.9400000000,4369.0300000000
1790046083171,4368.9600000000,4369.0500000000
1790046083573,4368.9900000000,4369.0800000000
1790046083975,4368.9100000000,4369.0000000000
1790046084378,4368.8800000000,4368.9700000000
1790046084781,4368.9200000000,4369.0100000000
1790046085183,4368.8100000000,4368.9000000000
1790046086492,4368.8900000000,4368.9800000000
1790046086894,4368.8700000000,4368.9600000000
1790046087196,4368.9600000000,4369.0500000000
1790046087598,4368.9800000000,4369.0700000000
1790046088506,4369.1000000000,4369.1900000000
1790046088908,4369.1400000000,4369.2300000000
1790046089311,4369.0500000000,4369.1400000000
1790046090016,4369.0400000000,4369.1300000000
1790046090519,4369.0000000000,4369.0900000000
1790046090921,4369.0100000000,4369.1000000000
1790046091324,4369.1300000000,4369.2200000000
1790046091726,4369.1400000000,4369.2300000000
1790046092129,4369.1500000000,4369.2400000000
1790046092530,4368.9800000000,4369.0700000000
1790046092933,4369.0300000000,4369.1200000000
1790046093337,4369.0200000000,4369.1100000000
1790046093740,4369.0300000000,4369.1200000000
1790046094142,4368.6700000000,4368.7600000000
1790046094544,4368.7200000000,4368.8100000000
1790046094947,4368.7800000000,4368.8700000000
1790046095350,4368.4600000000,4368.5500000000
1790046095753,4368.6700000000,4368.7600000000
1790046096156,4368.8600000000,4368.9500000000
1790046096961,4368.8800000000,4368.9700000000
1790046097363,4368.9300000000,4369.0200000000
1790046098168,4368.9000000000,4368.9900000000
1790046098570,4368.8700000000,4368.9600000000
1790046098973,4368.8000000000,4368.8900000000
1790046099375,4368.7800000000,4368.8700000000
1790046100180,4368.7700000000,4368.8600000000
1790046100985,4368.8700000000,4368.9600000000
1790046101388,4368.9100000000,4369.0000000000
1790046101790,4368.9200000000,4369.0100000000
1790046102596,4368.9400000000,4369.0300000000
1790046103401,4369.2500000000,4369.3400000000
1790046103804,4369.2800000000,4369.3700000000
1790046104206,4369.4000000000,4369.4900000000
1790046104609,4369.2000000000,4369.2900000000
1790046105012,4369.2100000000,4369.3000000000
1790046105414,4368.9500000000,4369.0400000000
1790046105817,4368.9700000000,4369.0600000000
1790046106219,4369.3400000000,4369.4300000000
1790046106621,4369.4900000000,4369.5800000000
1790046107829,4369.4800000000,4369.5700000000
1790046108634,4369.2200000000,4369.3100000000
1790046109037,4369.3800000000,4369.4700000000
1790046109439,4369.4200000000,4369.5200000000
1790046109841,4369.4800000000,4369.5800000000
1790046110646,4369.4900000000,4369.5900000000
1790046111049,4369.5000000000,4369.6000000000
1790046111452,4369.5000000000,4369.5900000000
1790046111854,4369.5200000000,4369.6100000000
1790046112659,4369.6600000000,4369.7500000000
1790046113063,4369.5800000000,4369.6700000000
1790046113466,4369.6500000000,4369.7400000000
1790046113868,4369.7000000000,4369.7900000000
1790046114270,4369.5100000000,4369.6000000000
1790046114673,4369.5200000000,4369.6100000000
1790046115076,4369.5700000000,4369.6600000000
1790046115478,4369.6000000000,4369.6900000000
1790046115881,4369.7100000000,4369.8000000000
1790046116283,4369.4400000000,4369.5300000000
1790046116685,4369.4600000000,4369.5500000000
1790046117088,4369.7400000000,4369.8300000000
1790046117491,4369.7600000000,4369.8500000000
1790046117894,4369.8400000000,4369.9300000000
1790046118698,4369.8200000000,4369.9100000000
1790046120308,4369.8700000000,4369.9600000000
1790046120710,4369.9200000000,4370.0100000000
1790046121516,4369.9300000000,4370.0200000000
1790046121918,4370.2800000000,4370.3700000000
1790046122320,4370.4200000000,4370.5100000000
1790046122723,4370.5600000000,4370.6500000000
1790046123125,4370.4200000000,4370.5100000000
1790046123527,4370.4300000000,4370.5200000000
1790046123930,4370.6000000000,4370.6900000000
1790046124332,4370.7600000000,4370.8500000000
1790046124734,4370.9500000000,4371.0400000000
1790046125137,4371.1700000000,4371.2600000000
1790046125539,4371.2700000000,4371.3600000000
1790046125942,4371.2600000000,4371.3500000000
1790046126345,4370.9600000000,4371.0500000000
1790046126747,4371.0400000000,4371.1300000000
1790046127149,4371.1300000000,4371.2300000000
1790046127552,4371.1500000000,4371.2500000000
1790046127954,4371.1300000000,4371.2300000000
1790046128356,4371.1500000000,4371.2400000000
1790046128759,4371.1200000000,4371.2100000000
1790046129162,4371.1400000000,4371.2300000000
1790046129967,4371.1600000000,4371.2500000000
1790046130773,4371.0700000000,4371.1600000000
1790046131176,4370.9900000000,4371.0800000000
1790046131578,4371.0000000000,4371.0900000000
1790046132786,4370.9500000000,4371.0400000000
1790046133189,4370.9300000000,4371.0200000000
1790046133591,4370.9100000000,4371.0000000000
1790046133993,4370.8800000000,4370.9700000000
1790046134396,4371.0400000000,4371.1300000000
1790046134799,4371.1100000000,4371.2000000000
1790046135201,4371.1000000000,4371.1900000000
1790046136006,4371.2500000000,4371.3400000000
1790046137213,4371.3300000000,4371.4200000000
1790046138422,4371.4800000000,4371.5700000000
1790046138824,4371.5000000000,4371.5900000000
1790046139227,4371.6800000000,4371.7700000000
1790046139629,4372.3300000000,4372.4200000000
1790046140032,4373.2900000000,4373.3800000000
1790046140435,4373.9100000000,4374.0500000000
1790046140837,4373.9500000000,4374.0900000000
1790046141240,4374.0800000000,4374.2200000000
1790046141643,4374.0200000000,4374.1600000000
1790046142045,4373.9000000000,4374.0400000000
1790046142448,4373.7100000000,4373.8500000000
1790046142851,4373.8000000000,4373.9400000000
1790046143253,4373.6400000000,4373.7800000000
1790046143656,4373.9200000000,4374.0600000000
1790046144059,4373.7300000000,4373.8700000000
1790046144462,4373.1800000000,4373.3200000000
1790046144864,4373.1700000000,4373.3100000000
1790046145266,4373.0600000000,4373.2000000000
1790046145669,4373.1200000000,4373.2600000000
1790046146072,4373.0700000000,4373.2100000000
1790046146474,4373.1300000000,4373.2700000000
1790046146877,4373.1400000000,4373.2800000000
1790046147279,4373.1100000000,4373.2400000000
1790046147682,4373.3700000000,4373.5000000000
1790046148084,4373.1400000000,4373.2700000000
1790046148487,4373.2100000000,4373.3400000000
1790046149293,4373.1200000000,4373.2400000000
1790046149695,4373.1500000000,4373.2700000000
1790046150098,4373.1600000000,4373.2800000000
1790046150500,4373.1500000000,4373.2700000000
1790046150902,4373.6400000000,4373.7600000000
1790046151304,4373.6800000000,4373.7900000000
1790046151707,4373.7200000000,4373.8300000000
1790046152110,4373.7200000000,4373.8400000000
1790046152512,4373.8000000000,4373.9200000000
1790046152915,4374.3900000000,4374.5100000000
1790046153317,4374.0800000000,4374.1900000000
1790046153720,4374.0700000000,4374.1800000000
1790046154123,4374.2100000000,4374.3100000000
1790046154526,4374.2200000000,4374.3200000000
1790046154928,4374.6100000000,4374.7100000000
1790046155331,4374.7700000000,4375.2700000000
1790046155733,4374.8800000000,4375.1200000000
1790046156136,4374.9100000000,4375.1100000000
1790046156539,4374.7000000000,4374.9600000000
1790046156941,4374.8000000000,4375.0300000000
1790046157343,4374.8400000000,4375.0500000000
1790046157746,4374.8300000000,4375.0500000000
1790046158149,4374.7900000000,4374.8800000000
1790046158551,4374.7800000000,4374.8700000000
1790046159054,4374.7900000000,4374.8800000000
1790046159357,4374.8100000000,4374.9000000000
1790046160263,4374.7500000000,4374.8400000000
1790046160666,4374.7100000000,4374.8000000000
1790046160968,4374.7700000000,4374.8600000000
1790046161471,4375.3800000000,4375.4700000000
1790046161773,4375.4700000000,4375.5600000000
1790046162175,4375.5500000000,4375.6400000000
1790046162980,4376.0500000000,4376.1400000000
1790046163383,4375.9300000000,4376.0200000000
1790046164288,4375.6700000000,4375.8200000000
1790046164691,4375.8400000000,4376.0100000000
1790046165093,4375.8400000000,4376.0000000000
1790046165496,4375.7900000000,4375.9500000000
1790046165898,4375.8300000000,4375.9900000000
1790046166301,4375.8600000000,4376.0100000000
1790046166603,4375.6800000000,4375.8300000000
1790046167106,4375.6800000000,4375.7700000000
1790046167509,4375.6700000000,4375.7600000000
1790046167911,4375.5200000000,4375.6100000000
1790046168314,4375.4600000000,4375.5500000000
1790046168716,4375.3500000000,4375.4900000000
1790046169522,4375.0200000000,4375.2800000000
1790046169924,4375.3400000000,4375.4300000000
1790046170327,4375.2800000000,4375.3700000000
1790046170730,4375.2000000000,4375.2900000000
1790046171132,4375.7700000000,4375.8600000000
1790046171535,4375.7800000000,4375.8700000000
1790046171937,4375.8100000000,4375.9000000000
1790046172340,4375.8700000000,4375.9600000000
1790046172742,4375.7800000000,4375.8700000000
1790046173149,4375.8200000000,4375.9100000000
1790046173552,4375.8400000000,4375.9300000000
1790046173954,4375.8700000000,4375.9600000000
1790046174759,4375.8200000000,4375.9100000000
1790046175162,4375.8000000000,4375.8900000000
1790046175564,4375.7400000000,4375.8300000000
1790046175967,4375.6300000000,4375.7200000000
1790046176772,4375.6400000000,4375.7300000000
1790046177175,4374.8700000000,4374.9600000000
1790046177578,4374.8200000000,4374.9100000000
1790046177980,4374.9500000000,4375.0400000000
1790046178382,4374.8800000000,4374.9900000000
1790046178785,4374.8300000000,4374.9400000000
1790046179188,4374.8200000000,4374.9200000000
1790046179590,4374.7900000000,4374.8900000000
1790046179993,4374.8200000000,4374.9200000000
1790046180396,4375.0000000000,4375.0900000000
1790046181201,4374.9900000000,4375.0800000000
1790046181604,4374.9700000000,4375.0600000000
1790046182006,4374.6300000000,4374.7200000000
1790046182410,4374.5400000000,4374.6300000000
1790046182813,4374.5000000000,4374.5900000000
1790046183215,4374.4500000000,4374.5400000000
1790046184021,4374.1600000000,4374.2500000000
1790046184423,4374.1300000000,4374.2200000000
1790046184826,4374.0800000000,4374.1700000000
1790046185228,4373.5900000000,4373.6900000000
1790046185630,4373.5700000000,4373.6700000000
1790046186033,4373.6400000000,4373.7400000000
1790046186436,4373.4700000000,4373.5700000000
1790046186839,4373.3600000000,4373.4600000000
1790046187241,4373.0400000000,4373.1400000000
1790046187644,4373.1000000000,4373.2000000000
1790046188047,4374.0600000000,4374.1500000000
1790046188449,4374.0900000000,4374.1800000000
1790046188852,4374.1800000000,4374.2700000000
1790046189255,4374.1600000000,4374.3000000000
1790046189657,4374.1000000000,4374.2400000000
1790046190060,4374.2400000000,4374.3800000000
1790046190463,4374.2200000000,4374.3600000000
1790046190865,4373.9200000000,4374.0600000000
1790046191267,4373.8900000000,4374.0200000000
1790046191670,4373.7400000000,4373.8700000000
1790046192073,4373.6000000000,4373.7300000000
1790046192476,4373.6700000000,4373.8000000000
1790046192879,4373.4300000000,4373.5600000000
1790046193281,4373.4600000000,4373.5800000000
1790046193684,4373.3300000000,4373.4500000000
1790046194086,4373.4500000000,4373.5700000000
1790046194488,4373.4200000000,4373.5300000000
1790046194891,4373.4600000000,4373.5700000000
1790046195293,4373.4600000000,4373.5600000000
1790046195696,4373.4700000000,4373.5700000000
1790046196098,4373.4000000000,4373.5000000000
1790046196501,4373.3900000000,4373.4800000000
1790046196903,4373.4000000000,4373.4900000000
1790046197305,4373.5000000000,4373.5900000000
1790046197708,4373.4800000000,4373.5700000000
1790046198916,4373.4700000000,4373.5600000000
1790046199318,4373.4600000000,4373.5500000000
1790046199722,4373.4500000000,4373.5400000000
1790046200124,4372.8900000000,4372.9800000000
1790046200527,4372.6400000000,4372.7300000000
1790046200929,4371.6100000000,4371.7000000000
1790046201332,4371.2000000000,4371.3300000000
1790046201735,4371.4500000000,4371.5700000000
1790046202137,4371.5700000000,4371.7200000000
1790046202539,4371.6000000000,4371.7400000000
1790046202942,4371.3700000000,4371.5100000000
1790046203344,4371.5400000000,4371.6800000000
1790046203747,4371.5900000000,4371.7300000000
1790046204149,4371.6500000000,4371.7900000000
1790046204552,4371.6400000000,4371.7800000000
1790046204955,4371.2300000000,4371.3700000000
1790046205357,4371.4500000000,4371.5900000000
1790046205760,4371.4600000000,4371.6000000000
1790046206162,4371.5400000000,4371.6700000000
1790046206564,4371.5900000000,4371.7200000000
1790046206967,4371.6100000000,4371.7400000000
1790046207370,4371.6400000000,4371.7600000000
1790046207773,4371.6100000000,4371.7300000000
1790046208175,4371.6300000000,4371.7500000000
1790046208578,4371.7600000000,4371.8800000000
1790046209383,4371.6400000000,4371.7500000000
1790046210188,4371.6100000000,4371.7100000000
1790046210591,4372.1800000000,4372.2800000000
1790046210993,4372.1900000000,4372.2900000000
1790046211395,4372.2400000000,4372.3500000000
1790046211798,4372.3500000000,4372.4600000000
1790046212201,4372.3700000000,4372.4700000000
1790046212603,4372.6800000000,4372.7800000000
1790046213006,4372.7000000000,4372.8000000000
1790046213408,4372.5800000000,4372.6800000000
1790046213810,4372.6000000000,4372.7000000000
1790046214213,4372.5500000000,4372.6400000000
1790046214615,4372.5600000000,4372.6500000000
1790046215018,4372.5400000000,4372.6300000000
1790046215420,4372.5600000000,4372.6500000000
1790046215822,4372.9700000000,4373.0600000000
1790046216225,4373.0300000000,4373.1200000000
1790046216627,4373.0400000000,4373.1300000000
1790046217030,4373.0200000000,4373.1100000000
1790046217432,4373.0100000000,4373.1000000000
1790046217834,4372.9500000000,4373.0400000000
1790046218237,4372.7000000000,4372.7900000000
1790046218640,4372.6900000000,4372.7800000000
1790046219445,4372.8300000000,4372.9200000000
1790046219848,4372.8500000000,4372.9400000000
1790046220249,4372.5900000000,4372.6800000000
1790046221055,4372.5700000000,4372.6600000000
1790046222262,4372.6100000000,4372.7000000000
1790046222665,4372.6300000000,4372.7200000000
1790046223067,4372.6600000000,4372.7500000000
1790046223469,4372.5800000000,4372.6700000000
1790046223872,4372.3400000000,4372.4300000000
1790046224677,4372.3500000000,4372.4400000000
1790046225080,4372.3700000000,4372.4600000000
1790046225482,4372.3500000000,4372.4400000000
1790046225884,4372.4600000000,4372.5500000000
1790046226287,4372.4800000000,4372.5700000000
1790046226690,4372.4500000000,4372.5400000000
1790046227496,4372.2700000000,4372.3600000000
1790046227898,4372.3400000000,4372.4300000000
1790046228301,4372.4100000000,4372.5000000000
1790046228704,4372.3900000000,4372.4800000000
1790046229106,4372.3000000000,4372.3900000000
1790046229911,4372.2900000000,4372.3800000000
1790046230314,4372.1800000000,4372.2700000000
1790046230716,4372.1900000000,4372.2800000000
1790046231119,4372.1500000000,4372.2400000000
1790046231522,4372.3200000000,4372.4100000000
1790046232327,4372.3700000000,4372.4600000000
1790046232729,4372.3800000000,4372.4700000000
1790046233536,4372.2800000000,4372.3700000000
1790046233939,4372.3000000000,4372.3900000000
1790046234341,4372.2700000000,4372.3600000000
1790046234744,4372.2600000000,4372.3500000000
1790046236052,4372.2700000000,4372.3600000000
1790046236455,4372.2800000000,4372.3700000000
1790046236857,4372.2000000000,4372.2900000000
1790046237159,4372.1500000000,4372.2400000000
1790046237662,4372.1600000000,4372.2500000000
1790046238065,4372.1000000000,4372.1900000000
1790046238467,4371.8300000000,4371.9200000000
1790046238870,4371.7000000000,4371.7900000000
1790046239272,4371.8000000000,4371.8900000000
1790046239675,4371.7200000000,4371.8100000000
1790046240078,4371.6800000000,4371.7700000000
1790046240479,4371.6600000000,4371.7500000000
1790046240882,4371.8100000000,4371.9000000000
1790046241285,4371.8400000000,4371.9300000000
1790046241687,4371.8600000000,4371.9500000000
1790046242493,4371.9200000000,4372.0100000000
1790046243701,4371.9800000000,4372.0700000000
1790046244506,4372.0300000000,4372.1200000000
1790046245714,4372.0400000000,4372.1300000000
1790046246116,4372.0300000000,4372.1200000000
1790046246518,4372.1500000000,4372.2400000000
1790046246921,4372.2200000000,4372.3100000000
1790046247324,4372.2400000000,4372.3300000000
1790046247727,4372.2100000000,4372.3000000000
1790046248531,4372.2400000000,4372.3300000000
1790046248934,4372.0700000000,4372.1600000000
1790046249336,4372.1700000000,4372.2600000000
1790046250543,4372.1800000000,4372.2700000000
1790046251348,4372.2000000000,4372.2900000000
1790046251751,4372.1900000000,4372.2800000000
1790046252153,4372.2000000000,4372.2900000000
1790046252556,4372.2800000000,4372.3700000000
1790046252959,4372.3000000000,4372.3900000000
1790046253361,4372.4000000000,4372.4900000000
1790046253764,4372.4400000000,4372.5300000000
1790046254166,4372.4600000000,4372.5500000000
1790046254568,4372.4700000000,4372.5600000000
1790046254971,4372.4900000000,4372.5800000000
1790046255374,4372.5200000000,4372.6100000000
1790046256179,4372.5400000000,4372.6300000000
1790046256582,4372.5600000000,4372.6500000000
1790046257386,4372.6500000000,4372.7400000000
1790046257789,4372.6600000000,4372.7500000000
1790046258191,4372.6100000000,4372.7000000000
1790046258593,4372.5300000000,4372.6200000000
1790046258996,4372.5100000000,4372.6000000000
1790046259399,4372.4800000000,4372.5700000000
1790046259802,4372.4300000000,4372.5200000000
1790046260204,4372.6300000000,4372.7200000000
1790046260606,4372.7000000000,4372.7900000000
1790046261411,4372.5800000000,4372.6700000000
1790046261814,4372.5500000000,4372.6400000000
1790046262216,4372.5800000000,4372.6700000000
1790046263022,4372.6000000000,4372.6900000000
1790046263827,4372.6100000000,4372.7000000000
1790046264229,4372.5900000000,4372.6800000000
1790046265035,4372.7000000000,4372.7900000000
1790046265439,4372.7200000000,4372.8100000000
1790046265841,4372.6800000000,4372.7700000000
1790046266243,4372.7100000000,4372.8000000000
1790046267049,4372.7200000000,4372.8100000000
1790046268660,4372.8800000000,4372.9700000000
1790046269064,4372.9000000000,4372.9900000000
1790046269465,4372.9200000000,4373.0100000000
1790046269867,4372.8500000000,4372.9400000000
1790046270270,4372.7900000000,4372.8800000000
1790046270673,4372.7800000000,4372.8700000000
1790046271076,4372.7600000000,4372.8500000000
1790046271478,4372.6800000000,4372.7700000000
1790046271881,4372.6200000000,4372.7100000000
1790046272283,4372.6400000000,4372.7300000000
1790046272686,4373.2400000000,4373.3300000000
1790046273089,4373.3100000000,4373.4000000000
1790046273492,4373.4300000000,4373.5200000000
1790046273894,4373.4200000000,4373.5100000000
1790046274296,4373.4000000000,4373.4900000000
1790046275102,4373.3900000000,4373.4800000000
1790046276711,4373.4100000000,4373.5000000000
1790046277113,4373.3900000000,4373.4800000000
1790046279931,4373.3700000000,4373.4600000000
1790046280333,4373.3500000000,4373.4400000000
1790046280736,4373.3700000000,4373.4600000000
1790046281943,4373.3600000000,4373.4500000000
1790046282347,4373.3000000000,4373.3900000000
1790046282750,4374.1300000000,4374.2200000000
1790046283152,4374.1100000000,4374.2300000000
1790046283554,4374.1600000000,4374.2800000000
1790046285165,4374.0700000000,4374.1800000000
1790046285567,4373.4000000000,4373.5100000000
1790046285970,4373.3900000000,4373.5000000000
1790046286372,4373.3800000000,4373.5200000000
1790046286775,4373.7300000000,4373.8700000000
1790046287177,4373.7500000000,4373.8900000000
1790046287580,4373.7700000000,4373.9100000000
1790046287982,4373.7800000000,4373.9200000000
1790046289290,4373.7800000000,4373.9100000000
1790046289693,4373.3700000000,4373.5000000000
1790046290096,4373.3400000000,4373.4700000000
1790046290500,4372.8400000000,4372.9700000000
1790046290902,4372.4900000000,4372.6200000000
1790046291305,4372.5100000000,4372.6500000000
1790046291708,4372.5700000000,4372.7100000000
1790046292110,4372.6200000000,4372.7600000000
1790046292512,4372.6500000000,4372.7900000000
1790046292917,4372.6700000000,4372.8100000000
1790046293723,4372.7900000000,4372.9300000000
1790046294126,4372.5300000000,4372.6700000000
1790046294528,4372.5000000000,4372.6300000000
1790046294930,4372.4900000000,4372.6200000000
1790046295333,4372.5000000000,4372.6300000000
1790046295736,4372.5200000000,4372.6500000000
1790046296139,4372.5100000000,4372.6400000000
1790046296542,4372.5200000000,4372.6400000000
1790046297347,4372.5400000000,4372.6600000000
1790046297749,4372.5600000000,4372.6800000000
1790046298152,4372.5400000000,4372.6500000000
1790046298554,4372.3900000000,4372.5000000000
1790046298957,4372.5400000000,4372.6500000000
1790046299359,4372.5500000000,4372.6500000000
1790046299762,4372.6400000000,4372.7400000000
1790046300164,4372.5800000000,4372.6800000000
1790046300566,4372.5300000000,4372.6300000000
1790046300969,4372.3400000000,4372.4400000000
1790046301373,4372.3100000000,4372.4000000000
1790046301776,4372.3000000000,4372.3900000000
1790046302180,4372.3200000000,4372.4100000000
1790046302583,4371.5500000000,4371.6400000000
1790046302885,4371.6400000000,4371.7300000000
1790046303287,4371.6800000000,4371.8000000000
1790046303691,4371.7800000000,4371.9000000000
1790046304092,4371.8100000000,4371.9300000000
1790046304495,4371.9600000000,4372.0800000000
1790046304998,4371.9100000000,4372.0300000000
1790046305400,4371.9000000000,4372.0200000000
1790046305802,4371.9300000000,4372.0500000000
1790046306205,4372.1200000000,4372.2300000000
1790046306607,4372.1700000000,4372.2800000000
1790046307010,4372.4100000000,4372.5200000000
1790046307412,4372.4200000000,4372.5300000000
1790046307815,4372.3600000000,4372.4700000000
1790046308218,4372.3000000000,4372.4100000000
1790046308620,4372.3200000000,4372.4300000000
1790046309023,4372.3300000000,4372.4400000000
1790046309426,4372.2800000000,4372.3800000000
1790046309829,4372.2900000000,4372.3900000000
1790046310231,4372.2900000000,4372.3800000000
1790046310634,4371.7400000000,4371.8300000000
1790046311036,4371.8200000000,4371.9100000000
1790046311439,4371.7000000000,4371.8100000000
1790046311841,4371.5800000000,4371.6900000000
1790046312243,4371.7100000000,4371.8100000000
1790046312646,4371.7900000000,4371.8900000000
1790046313048,4371.8300000000,4371.9300000000
1790046313451,4371.8300000000,4371.9200000000
1790046313855,4371.8600000000,4371.9500000000
1790046315063,4371.8700000000,4371.9600000000
1790046315466,4371.8500000000,4371.9400000000
1790046315869,4371.5300000000,4371.6200000000
1790046316673,4371.4700000000,4371.5600000000
1790046317076,4371.5100000000,4371.6000000000
1790046317478,4371.6200000000,4371.7100000000
1790046317880,4371.6600000000,4371.7500000000
1790046318686,4371.6700000000,4371.7600000000
1790046319089,4371.6100000000,4371.7000000000
1790046319493,4371.6900000000,4371.7800000000
1790046319895,4371.6600000000,4371.7500000000
1790046320700,4371.6800000000,4371.7700000000
1790046321908,4371.7100000000,4371.8000000000
1790046322311,4371.6800000000,4371.7700000000
1790046322713,4371.6600000000,4371.7500000000
1790046323116,4371.6500000000,4371.7400000000
1790046323519,4371.6700000000,4371.7600000000
1790046323922,4371.6800000000,4371.7700000000
1790046324324,4372.2100000000,4372.3000000000
1790046324727,4372.1200000000,4372.2100000000
1790046325129,4372.1100000000,4372.2000000000
1790046325934,4372.0900000000,4372.1800000000
1790046326336,4371.8700000000,4371.9600000000
1790046326739,4371.9700000000,4372.0600000000
1790046327141,4371.9500000000,4372.0400000000
1790046327544,4371.9400000000,4372.0300000000
1790046328752,4371.9300000000,4372.0200000000
1790046329155,4371.9700000000,4372.0600000000
1790046329558,4371.5100000000,4371.6000000000
1790046329960,4371.4600000000,4371.5500000000
1790046330363,4371.4900000000,4371.5800000000
1790046330766,4371.5400000000,4371.6300000000
1790046331168,4371.6800000000,4371.7700000000
1790046331571,4371.7100000000,4371.8000000000
1790046331974,4371.7700000000,4371.8600000000
1790046332377,4371.7800000000,4371.8700000000
1790046332779,4371.9000000000,4371.9900000000
1790046333182,4371.9700000000,4372.0600000000
1790046333585,4372.0200000000,4372.1100000000
1790046333987,4372.0500000000,4372.1400000000
1790046334390,4372.0600000000,4372.1500000000
1790046335999,4372.0900000000,4372.1800000000
1790046336401,4372.0500000000,4372.1400000000
1790046337208,4372.0300000000,4372.1200000000
1790046338013,4371.9100000000,4372.0000000000
1790046338819,4371.8800000000,4371.9700000000
1790046339221,4371.5800000000,4371.6700000000
1790046339623,4371.4200000000,4371.5100000000
1790046340026,4371.7700000000,4371.8600000000
1790046340428,4371.7900000000,4371.8800000000
1790046340830,4371.6400000000,4371.7300000000
1790046341233,4371.7400000000,4371.8300000000
1790046341636,4371.6000000000,4371.6900000000
1790046342038,4371.0700000000,4371.1600000000
1790046342441,4371.0800000000,4371.1700000000
1790046342843,4371.1100000000,4371.2000000000
1790046343246,4371.1300000000,4371.2200000000
1790046343649,4371.1700000000,4371.2600000000
1790046344051,4371.3100000000,4371.4000000000
1790046344454,4371.3700000000,4371.4600000000
1790046344857,4371.4600000000,4371.5500000000
1790046345259,4371.7100000000,4371.8000000000
1790046345662,4371.7600000000,4371.8500000000
1790046346065,4371.7700000000,4371.8600000000
1790046346467,4371.7600000000,4371.8600000000
1790046346870,4371.7500000000,4371.8500000000
1790046347272,4371.7400000000,4371.8300000000
1790046347675,4371.8300000000,4371.9200000000
1790046348077,4371.8700000000,4371.9600000000
1790046348483,4371.8800000000,4371.9700000000
1790046348886,4371.8900000000,4371.9800000000
1790046349288,4371.9000000000,4371.9900000000
1790046350496,4371.9200000000,4372.0100000000
1790046350898,4372.3000000000,4372.3900000000
1790046351300,4372.3300000000,4372.4200000000
1790046351703,4372.4300000000,4372.5200000000
1790046352105,4372.4400000000,4372.5300000000
1790046352508,4372.4600000000,4372.5500000000
1790046352911,4372.8200000000,4372.9100000000
1790046353313,4372.8700000000,4372.9600000000
1790046353718,4372.9100000000,4373.0000000000
1790046354524,4372.9300000000,4373.0200000000
1790046354926,4372.8300000000,4372.9200000000
1790046355329,4372.8400000000,4372.9300000000
1790046355731,4372.8900000000,4372.9800000000
1790046356134,4372.9200000000,4373.0100000000
1790046356536,4372.9500000000,4373.0400000000
1790046356939,4372.8200000000,4372.9100000000
1790046357341,4372.6000000000,4372.6900000000
1790046358147,4372.7100000000,4372.8000000000
1790046358549,4372.7500000000,4372.8400000000
1790046358952,4372.7200000000,4372.8100000000
1790046359354,4372.7300000000,4372.8200000000
1790046360159,4372.7700000000,4372.8600000000
1790046360964,4372.7800000000,4372.8700000000
1790046361366,4372.7700000000,4372.8600000000
1790046361769,4372.7400000000,4372.8300000000
1790046362172,4372.8000000000,4372.8900000000
1790046363380,4372.7600000000,4372.8500000000
1790046364185,4372.7500000000,4372.8400000000
1790046364587,4372.7800000000,4372.8700000000
1790046364990,4372.8000000000,4372.8900000000
1790046365795,4372.8200000000,4372.9100000000
1790046366599,4372.7700000000,4372.8600000000
1790046367404,4372.7800000000,4372.8700000000
1790046367807,4372.8400000000,4372.9300000000
1790046368612,4372.8300000000,4372.9200000000
1790046369417,4372.7500000000,4372.8400000000
1790046369820,4372.7000000000,4372.7900000000
1790046370222,4372.7700000000,4372.8600000000
1790046370624,4372.7400000000,4372.8300000000
1790046371027,4372.7600000000,4372.8500000000
1790046371429,4372.7700000000,4372.8600000000
1790046372737,4372.9800000000,4373.0700000000
1790046373140,4373.0200000000,4373.1100000000
1790046373542,4373.0100000000,4373.1000000000
1790046374349,4372.9700000000,4373.0600000000
1790046374752,4372.9300000000,4373.0200000000
1790046375155,4372.9200000000,4373.0100000000
1790046375558,4372.9500000000,4373.0400000000
1790046375960,4373.1900000000,4373.2800000000
1790046376363,4373.2300000000,4373.3200000000
1790046376765,4373.2700000000,4373.3600000000
1790046377571,4373.2200000000,4373.3100000000
1790046377973,4373.1300000000,4373.2200000000
1790046378376,4373.0500000000,4373.1400000000
1790046378779,4372.9700000000,4373.0600000000
1790046379182,4372.9800000000,4373.0700000000
1790046379987,4372.3500000000,4372.4400000000
1790046380389,4372.5300000000,4372.6200000000
1790046380792,4372.4900000000,4372.5800000000
1790046381195,4372.6700000000,4372.7600000000
1790046381597,4372.4400000000,4372.5300000000
1790046382000,4372.4000000000,4372.4900000000
1790046382403,4372.2800000000,4372.3700000000
1790046382805,4372.2500000000,4372.3400000000
1790046383207,4372.3900000000,4372.4800000000
1790046383610,4372.5300000000,4372.6200000000
1790046384817,4372.5500000000,4372.6400000000
1790046385621,4372.5800000000,4372.6700000000
1790046386024,4372.6200000000,4372.7100000000
1790046386427,4372.7300000000,4372.8200000000
1790046386829,4372.8300000000,4372.9200000000
1790046387232,4372.8000000000,4372.8900000000
1790046387634,4372.8100000000,4372.9000000000
1790046388037,4372.8300000000,4372.9200000000
1790046388441,4372.8500000000,4372.9400000000
1790046389245,4372.8400000000,4372.9300000000
1790046389648,4372.8600000000,4372.9500000000
1790046390051,4372.8700000000,4372.9600000000
1790046390453,4372.9100000000,4373.0000000000
1790046391660,4372.8700000000,4372.9600000000
1790046392063,4372.8800000000,4372.9700000000
1790046392465,4372.7100000000,4372.8000000000
1790046392868,4372.6800000000,4372.7700000000
1790046393270,4372.6900000000,4372.7800000000
1790046393673,4372.7100000000,4372.8000000000
1790046394076,4372.6900000000,4372.7800000000
1790046394478,4372.7200000000,4372.8100000000
1790046395283,4372.7300000000,4372.8200000000
1790046395685,4372.7000000000,4372.7900000000
1790046396087,4372.6900000000,4372.7800000000
1790046396490,4372.6800000000,4372.7700000000
1790046396892,4372.1600000000,4372.2500000000
1790046397295,4372.1500000000,4372.2700000000
1790046397698,4372.0800000000,4372.2000000000
1790046398101,4372.0700000000,4372.1900000000
1790046398503,4371.6100000000,4371.7200000000
1790046398906,4371.6000000000,4371.7100000000
1790046399308,4371.5600000000,4371.6800000000
1790046400113,4371.5900000000,4371.7100000000
1790046400516,4371.5300000000,4371.6500000000
1790046400918,4371.5200000000,4371.6400000000
1790046401320,4371.4500000000,4371.5600000000
1790046402126,4371.3200000000,4371.4200000000
1790046402528,4371.3700000000,4371.4700000000
1790046402931,4371.3800000000,4371.4800000000
1790046403334,4371.4000000000,4371.4900000000
1790046403736,4371.3700000000,4371.4600000000
1790046404945,4371.3900000000,4371.4800000000
1790046405749,4371.3700000000,4371.4600000000
1790046406554,4371.4200000000,4371.5100000000
1790046406956,4371.4500000000,4371.5400000000
1790046407359,4371.4800000000,4371.5700000000
1790046407762,4371.5200000000,4371.6100000000
1790046408164,4371.5600000000,4371.6500000000
1790046408567,4371.5700000000,4371.6600000000
1790046408969,4371.5800000000,4371.6700000000
1790046409372,4371.6200000000,4371.7100000000
1790046409775,4371.7600000000,4371.8500000000
1790046410177,4371.7900000000,4371.8800000000
1790046410579,4371.8400000000,4371.9300000000
1790046410982,4371.8300000000,4371.9200000000
1790046411384,4371.8700000000,4371.9600000000
1790046411787,4371.8800000000,4371.9700000000
1790046412592,4371.9100000000,4372.0000000000
1790046413398,4371.9500000000,4372.0400000000
1790046414208,4372.4500000000,4372.5400000000
1790046414610,4372.8300000000,4372.9200000000
1790046415014,4372.8700000000,4372.9600000000
1790046415416,4372.5000000000,4372.6400000000
1790046415819,4372.4800000000,4372.6200000000
1790046416221,4372.4600000000,4372.6000000000
1790046416623,4372.4400000000,4372.5800000000
1790046417529,4372.4800000000,4372.6200000000
1790046419139,4372.4600000000,4372.6000000000
1790046420346,4372.4300000000,4372.5600000000
1790046421151,4372.4300000000,4372.5500000000
1790046421554,4371.8600000000,4371.9800000000
1790046421956,4371.8500000000,4371.9700000000
1790046422359,4372.0600000000,4372.2000000000
1790046422761,4372.0800000000,4372.2200000000
1790046423164,4372.0200000000,4372.1600000000
1790046423566,4372.0100000000,4372.1500000000
1790046423969,4372.0200000000,4372.1600000000
1790046424371,4372.0000000000,4372.1400000000
1790046424774,4371.7800000000,4371.9200000000
1790046425176,4371.9000000000,4372.0400000000
1790046425578,4371.9500000000,4372.0900000000
1790046425981,4372.0600000000,4372.2000000000
1790046426384,4372.1000000000,4372.2300000000
1790046427191,4372.0300000000,4372.1600000000
1790046427593,4371.9900000000,4372.1200000000
1790046427996,4371.7800000000,4371.9100000000
1790046428398,4371.8000000000,4371.9300000000
1790046428801,4371.8800000000,4372.0100000000
1790046429203,4371.8900000000,4372.0200000000
1790046430009,4371.8700000000,4372.0000000000
1790046430413,4371.7700000000,4371.8900000000
1790046430814,4371.7300000000,4371.8500000000
1790046431216,4371.7600000000,4371.8700000000
1790046432022,4371.8600000000,4371.9700000000
1790046432424,4371.8700000000,4371.9700000000
1790046432827,4371.8500000000,4371.9500000000
1790046433229,4371.8600000000,4371.9500000000
1790046433631,4371.8400000000,4371.9300000000
1790046434436,4371.8000000000,4371.8900000000
1790046434838,4371.7800000000,4371.8700000000
1790046435241,4371.7600000000,4371.8500000000
1790046435643,4371.5300000000,4371.6200000000
1790046436449,4371.5100000000,4371.6000000000
1790046436851,4371.5000000000,4371.5900000000
1790046437656,4371.2600000000,4371.3500000000
1790046438059,4371.5400000000,4371.6300000000
1790046438461,4371.8200000000,4371.9100000000
1790046438864,4371.8300000000,4371.9200000000
1790046439266,4371.8200000000,4371.9100000000
1790046439668,4371.8400000000,4371.9300000000
1790046440071,4372.1900000000,4372.2800000000
1790046440474,4372.5100000000,4372.6000000000
1790046440876,4372.5900000000,4372.6800000000
1790046441278,4372.6100000000,4372.7200000000
1790046441681,4372.6300000000,4372.7400000000
1790046442486,4372.6300000000,4372.7200000000
1790046443291,4372.7900000000,4372.8800000000
1790046444098,4372.7700000000,4372.8600000000
1790046444501,4372.7000000000,4372.7900000000
1790046444904,4372.7100000000,4372.8000000000
1790046445306,4372.7500000000,4372.8400000000
1790046446112,4372.8200000000,4372.9100000000
1790046446515,4372.4000000000,4372.4900000000
1790046447320,4372.4800000000,4372.5800000000
1790046447722,4372.6100000000,4372.7100000000
1790046448124,4372.5900000000,4372.6900000000
1790046448527,4372.6200000000,4372.7200000000
1790046448929,4372.6100000000,4372.7100000000
1790046449331,4372.6500000000,4372.7400000000
1790046449734,4372.6200000000,4372.7100000000
1790046450539,4372.6100000000,4372.7000000000
1790046450942,4372.6000000000,4372.6900000000
1790046451345,4372.5900000000,4372.6800000000
1790046451747,4372.5600000000,4372.6500000000
1790046452150,4372.4400000000,4372.5300000000
1790046452552,4372.4100000000,4372.5000000000
1790046452955,4372.4400000000,4372.5300000000
1790046453357,4372.4800000000,4372.5700000000
1790046453759,4372.2100000000,4372.3000000000
1790046454161,4372.2200000000,4372.3100000000
1790046454564,4372.2300000000,4372.3200000000
1790046454966,4372.2200000000,4372.3100000000
1790046455368,4372.2300000000,4372.3200000000
1790046455771,4372.2400000000,4372.3300000000
1790046456174,4372.2300000000,4372.3200000000
1790046456577,4372.2500000000,4372.3400000000
1790046457381,4372.3200000000,4372.4100000000
1790046457784,4372.3700000000,4372.4600000000
1790046458186,4372.3900000000,4372.4800000000
1790046459394,4372.2100000000,4372.3000000000
1790046460199,4372.3000000000,4372.3900000000
1790046460601,4372.3100000000,4372.4000000000
1790046461028,4372.2500000000,4372.3400000000
1790046461430,4372.2300000000,4372.3200000000
1790046461832,4372.2100000000,4372.3000000000
1790046462236,4372.0300000000,4372.1200000000
1790046462639,4371.9300000000,4372.0200000000
1790046463444,4372.3100000000,4372.4000000000
1790046463848,4372.3900000000,4372.4800000000
1790046464251,4372.3700000000,4372.4800000000
1790046464654,4372.4200000000,4372.5300000000
1790046465056,4372.9000000000,4373.0100000000
1790046465459,4372.8200000000,4372.9100000000
1790046465861,4372.8300000000,4372.9200000000
1790046466263,4372.7900000000,4372.9000000000
1790046467069,4372.8100000000,4372.9200000000
1790046467472,4372.5900000000,4372.6900000000
1790046467874,4372.5800000000,4372.6800000000
1790046468277,4372.5900000000,4372.7000000000
1790046468679,4372.6000000000,4372.7100000000
1790046469082,4372.6100000000,4372.7000000000
1790046469484,4372.6400000000,4372.7300000000
1790046469886,4373.0100000000,4373.1000000000
1790046470288,4372.6300000000,4372.7300000000
1790046470691,4372.6200000000,4372.7200000000
1790046471094,4372.6000000000,4372.7300000000
1790046471496,4372.6100000000,4372.7400000000
1790046471898,4372.6000000000,4372.7300000000
1790046472301,4372.7100000000,4372.8300000000
1790046473207,4372.6800000000,4372.7800000000
1790046473609,4372.3600000000,4372.4600000000
1790046473914,4372.4000000000,4372.5000000000
1790046474317,4372.3200000000,4372.4300000000
1790046475223,4372.3300000000,4372.4200000000
1790046475625,4372.3200000000,4372.4100000000
1790046476028,4372.3600000000,4372.4500000000
1790046476430,4372.4000000000,4372.4900000000
1790046476832,4372.4200000000,4372.5100000000
1790046477235,4372.4100000000,4372.5000000000
1790046477637,4372.4000000000,4372.4900000000
1790046478845,4372.4200000000,4372.5100000000
1790046479248,4372.4600000000,4372.5500000000
1790046480053,4372.4600000000,4372.5500000000
1790046480455,4372.5500000000,4372.6400000000
1790046480858,4372.5900000000,4372.6800000000
1790046481260,4372.6000000000,4372.6900000000
1790046482065,4372.5800000000,4372.6700000000
1790046482872,4372.4700000000,4372.5600000000
1790046483274,4372.4600000000,4372.5500000000
1790046483677,4372.4700000000,4372.5600000000
1790046484079,4372.4500000000,4372.5400000000
1790046484884,4372.4400000000,4372.5300000000
1790046485286,4372.2400000000,4372.3300000000
1790046485688,4372.1600000000,4372.2500000000
1790046486090,4372.0800000000,4372.1700000000
1790046486494,4372.0700000000,4372.1600000000
1790046486896,4371.8600000000,4371.9500000000
1790046487300,4371.6400000000,4371.7400000000
1790046487702,4371.6000000000,4371.7000000000
1790046488105,4371.5800000000,4371.6800000000
1790046488507,4370.6800000000,4370.7700000000
1790046488909,4370.7800000000,4370.8700000000
1790046489312,4370.5700000000,4370.7100000000
1790046489715,4370.7700000000,4370.9100000000
1790046490117,4370.8500000000,4370.9900000000
1790046490519,4370.8800000000,4371.0100000000
1790046490922,4370.8600000000,4370.9900000000
1790046491324,4370.8800000000,4371.0100000000
1790046491727,4370.9500000000,4371.0800000000
1790046492129,4370.9400000000,4371.0700000000
1790046492531,4370.9500000000,4371.0700000000
1790046492934,4370.9700000000,4371.0900000000
1790046493336,4370.9900000000,4371.1100000000
1790046493739,4370.6000000000,4370.7200000000
1790046494141,4370.3000000000,4370.4200000000
1790046494543,4370.1500000000,4370.2700000000
1790046494946,4369.9300000000,4370.0500000000
1790046495348,4370.0400000000,4370.1800000000
1790046495751,4370.2100000000,4370.3500000000
1790046496154,4370.2000000000,4370.3400000000
1790046496556,4370.0600000000,4370.2000000000
1790046496958,4370.4800000000,4370.6200000000
1790046497361,4370.4500000000,4370.5900000000
1790046497764,4370.3800000000,4370.5200000000
1790046498167,4370.4800000000,4370.6200000000
1790046498569,4370.6600000000,4370.8000000000
1790046498972,4370.8800000000,4371.0200000000
1790046499375,4370.9800000000,4371.1200000000
1790046499778,4370.6900000000,4370.8300000000
1790046500181,4371.2300000000,4371.3700000000
1790046500583,4371.2600000000,4371.4000000000
1790046500986,4371.2500000000,4371.3900000000
1790046501389,4371.4300000000,4371.5700000000
1790046501791,4371.4700000000,4371.6100000000
1790046502597,4371.5000000000,4371.6400000000
1790046503000,4371.3700000000,4371.5100000000
1790046503402,4371.2600000000,4371.3900000000
1790046503804,4371.2400000000,4371.3700000000
1790046504207,4371.2100000000,4371.3400000000
1790046505012,4371.1800000000,4371.3100000000
1790046505415,4371.1800000000,4371.3000000000
1790046506220,4371.1800000000,4371.2900000000
1790046507025,4371.3700000000,4371.4800000000
1790046507428,4371.3800000000,4371.4800000000
1790046507830,4371.4500000000,4371.5500000000
1790046508233,4371.4400000000,4371.5300000000
1790046508635,4371.4700000000,4371.5600000000
1790046509038,4371.5000000000,4371.5900000000
1790046509843,4371.5200000000,4371.6100000000
1790046512259,4371.6000000000,4371.6900000000
1790046512661,4371.5800000000,4371.6700000000
1790046513064,4371.5600000000,4371.6500000000
1790046513466,4371.2200000000,4371.3100000000
1790046513869,4371.7800000000,4371.8700000000
1790046514271,4371.5900000000,4371.6800000000
1790046514674,4371.5800000000,4371.6700000000
1790046515077,4371.4500000000,4371.5400000000
1790046515479,4371.4600000000,4371.5500000000
1790046515882,4371.4500000000,4371.5400000000
1790046516284,4371.4000000000,4371.4900000000
1790046517090,4371.3900000000,4371.4800000000
1790046517895,4371.3700000000,4371.4600000000
1790046518700,4371.4100000000,4371.5000000000
1790046519504,4370.9900000000,4371.0800000000
1790046519907,4371.0200000000,4371.1100000000
1790046520310,4371.0700000000,4371.1600000000
1790046520712,4370.9000000000,4370.9900000000
1790046521922,4370.8800000000,4370.9700000000
1790046522727,4370.8700000000,4370.9600000000
1790046523532,4370.8500000000,4370.9400000000
1790046523935,4370.9200000000,4371.0100000000
1790046524338,4370.9100000000,4371.0000000000
1790046524741,4370.9600000000,4371.0500000000
1790046525143,4370.9300000000,4371.0200000000
1790046525546,4370.9200000000,4371.0100000000
1790046525949,4371.0400000000,4371.1300000000
1790046526351,4371.1500000000,4371.2400000000
1790046526754,4371.1900000000,4371.2800000000
1790046527158,4371.2000000000,4371.2900000000
1790046527560,4371.1000000000,4371.1900000000
1790046527963,4371.1100000000,4371.2000000000
1790046528366,4371.0200000000,4371.1100000000
1790046528769,4370.9900000000,4371.0800000000
1790046529977,4371.0300000000,4371.1200000000
1790046530380,4370.8300000000,4370.9200000000
1790046531185,4370.7800000000,4370.8700000000
1790046531587,4370.8100000000,4370.9000000000
1790046531990,4370.8400000000,4370.9300000000
1790046532392,4370.8500000000,4370.9400000000
1790046532794,4370.8600000000,4370.9500000000
1790046533599,4370.8700000000,4370.9600000000
1790046534405,4370.9000000000,4370.9900000000
1790046534807,4370.9100000000,4371.0000000000
1790046535210,4370.9000000000,4370.9900000000
1790046535612,4371.6000000000,4371.6900000000
1790046536015,4371.3600000000,4371.4500000000
1790046536519,4371.5400000000,4371.6300000000
1790046536921,4371.4000000000,4371.4900000000
1790046537324,4371.4000000000,4371.5100000000
1790046537726,4371.1800000000,4371.2900000000
1790046538128,4371.2200000000,4371.3300000000
1790046538531,4371.3000000000,4371.4100000000
1790046538934,4371.3100000000,4371.4200000000
1790046539336,4372.4400000000,4372.5500000000
1790046539739,4372.4600000000,4372.5700000000
1790046540142,4372.5400000000,4372.6500000000
1790046540545,4372.5500000000,4372.6900000000
1790046540947,4372.6200000000,4372.7600000000
1790046541349,4372.6400000000,4372.7800000000
1790046541752,4372.6700000000,4372.8100000000
1790046542155,4372.6000000000,4372.7400000000
1790046542558,4372.5200000000,4372.6600000000
1790046542960,4372.6000000000,4372.7400000000
1790046543363,4372.6800000000,4372.8200000000
1790046543765,4372.6300000000,4372.7700000000
1790046544168,4372.4600000000,4372.6000000000
1790046544570,4372.2800000000,4372.4200000000
1790046544973,4372.2700000000,4372.4100000000
1790046545375,4372.2600000000,4372.4000000000
1790046545777,4372.2200000000,4372.3600000000
1790046546180,4372.2200000000,4372.3500000000
1790046546582,4372.2100000000,4372.3400000000
1790046547387,4372.1300000000,4372.2600000000
1790046547790,4372.2600000000,4372.3900000000
1790046548192,4372.2800000000,4372.4000000000
1790046548595,4372.3500000000,4372.4700000000
1790046549401,4372.4600000000,4372.5800000000
1790046550206,4372.4700000000,4372.5800000000
1790046551011,4372.5100000000,4372.6200000000
1790046551414,4372.5200000000,4372.6200000000
1790046552219,4372.5200000000,4372.6100000000
1790046552622,4372.5300000000,4372.6200000000
1790046553024,4372.3400000000,4372.4300000000
1790046553426,4372.4700000000,4372.5600000000
1790046553828,4372.4900000000,4372.5800000000
1790046555036,4372.1000000000,4372.1900000000
1790046555438,4372.3500000000,4372.4400000000
1790046555840,4372.1700000000,4372.2600000000
1790046556242,4372.0900000000,4372.1800000000
1790046556645,4371.9900000000,4372.0800000000
1790046557047,4372.1100000000,4372.2000000000
1790046557449,4372.3700000000,4372.4600000000
1790046557852,4372.6300000000,4372.7200000000
1790046558256,4372.7400000000,4372.8300000000
1790046558659,4372.7700000000,4372.8600000000
1790046559061,4372.7800000000,4372.8700000000
1790046559464,4372.7700000000,4372.8700000000
1790046560269,4372.7400000000,4372.8300000000
1790046560672,4372.7300000000,4372.8200000000
1790046561075,4372.7200000000,4372.8100000000
1790046561477,4372.8300000000,4372.9200000000
1790046561879,4372.5200000000,4372.6100000000
1790046562282,4372.5900000000,4372.6800000000
1790046562685,4372.7500000000,4372.8400000000
1790046563087,4372.7600000000,4372.8500000000
1790046563489,4372.8000000000,4372.8900000000
1790046563892,4372.7800000000,4372.8700000000
1790046564697,4372.6200000000,4372.7100000000
1790046565905,4372.6100000000,4372.7000000000
1790046566307,4372.6000000000,4372.6900000000
1790046566710,4372.8200000000,4372.9100000000
1790046567112,4372.8900000000,4372.9800000000
1790046567515,4372.8400000000,4372.9300000000
1790046567917,4372.8200000000,4372.9100000000
1790046568320,4372.8400000000,4372.9300000000
1790046568723,4372.8200000000,4372.9100000000
1790046569125,4372.8400000000,4372.9300000000
1790046569527,4372.7900000000,4372.8800000000
1790046570332,4372.8100000000,4372.9000000000
1790046570735,4372.8300000000,4372.9200000000
1790046571137,4372.8500000000,4372.9400000000
1790046571541,4373.7300000000,4373.8200000000
1790046571944,4373.7900000000,4373.8800000000
1790046572346,4373.8100000000,4373.9000000000
1790046572749,4373.6800000000,4373.7700000000
1790046573151,4373.6500000000,4373.7600000000
1790046573553,4373.2700000000,4373.3800000000
1790046573957,4373.3000000000,4373.4100000000
1790046574361,4373.3200000000,4373.4300000000
1790046574763,4373.3300000000,4373.4400000000
1790046575166,4373.3300000000,4373.4500000000
1790046575568,4373.5100000000,4373.6300000000
1790046575971,4373.4800000000,4373.6000000000
1790046576374,4373.5000000000,4373.6100000000
1790046576776,4373.6600000000,4373.7700000000
1790046577179,4373.7800000000,4373.8800000000
1790046577984,4373.8200000000,4373.9200000000
1790046578386,4373.8500000000,4373.9400000000
1790046578789,4374.2700000000,4374.3600000000
1790046579192,4374.2100000000,4374.3000000000
1790046579594,4374.1200000000,4374.2100000000
1790046579997,4374.0700000000,4374.1600000000
1790046580399,4374.0000000000,4374.0900000000
1790046580801,4373.9500000000,4374.0400000000
1790046581204,4374.0100000000,4374.1000000000
1790046581606,4373.9700000000,4374.0600000000
1790046582009,4373.9300000000,4374.0200000000
1790046582411,4373.9500000000,4374.0400000000
1790046583217,4373.8000000000,4373.8900000000
1790046583619,4373.8200000000,4373.9100000000
1790046584021,4373.7900000000,4373.8800000000
1790046584424,4373.7100000000,4373.8000000000
1790046584827,4373.7200000000,4373.8100000000
1790046585632,4373.7000000000,4373.7900000000
1790046586034,4373.5500000000,4373.6400000000
1790046586436,4373.5200000000,4373.6100000000
1790046586839,4373.7000000000,4373.7900000000
1790046587241,4373.7100000000,4373.8000000000
1790046587644,4373.7600000000,4373.8500000000
1790046588046,4373.7800000000,4373.8700000000
1790046588449,4373.7600000000,4373.8500000000
1790046589255,4374.0700000000,4374.1600000000
1790046589658,4374.1500000000,4374.2400000000
1790046590061,4374.2500000000,4374.3400000000
1790046590463,4374.1800000000,4374.2700000000
1790046590866,4374.1900000000,4374.2800000000
1790046591267,4374.0400000000,4374.1300000000
1790046591670,4374.0100000000,4374.1000000000
1790046592073,4373.9900000000,4374.0800000000
1790046592474,4373.9500000000,4374.0400000000
1790046592877,4373.7600000000,4373.8500000000
1790046593279,4373.8000000000,4373.8900000000
1790046593682,4373.8600000000,4373.9500000000
1790046594085,4373.5800000000,4373.6700000000
1790046594490,4373.5400000000,4373.6300000000
1790046594892,4373.5200000000,4373.6100000000
1790046595294,4373.4400000000,4373.5300000000
1790046595697,4373.4200000000,4373.5100000000
1790046596099,4373.4100000000,4373.5000000000
1790046596502,4373.4000000000,4373.4900000000
1790046596904,4373.3800000000,4373.4700000000
1790046597307,4373.3900000000,4373.4800000000
1790046598615,4373.3700000000,4373.4600000000
1790046598917,4373.3500000000,4373.4400000000
1790046599319,4373.9000000000,4373.9900000000
1790046599823,4373.9900000000,4374.0800000000
1790046600125,4374.2200000000,4374.3100000000
1790046600527,4374.3600000000,4374.4500000000
1790046600929,4374.5900000000,4374.6800000000
1790046601331,4374.7700000000,4374.8800000000
1790046601734,4374.6800000000,4374.7900000000
1790046602238,4374.6500000000,4374.7700000000
1790046602641,4374.6600000000,4374.7800000000
1790046603043,4374.6800000000,4374.8000000000
1790046603446,4374.7900000000,4374.9100000000
1790046604250,4374.7100000000,4374.8200000000
1790046604653,4374.7600000000,4374.8700000000
1790046605458,4374.7400000000,4374.8400000000
1790046605860,4374.5000000000,4374.6000000000
1790046606263,4374.5000000000,4374.5900000000
1790046606666,4374.4700000000,4374.5600000000
1790046607068,4374.2900000000,4374.3800000000
1790046607472,4374.3800000000,4374.4800000000
1790046607875,4374.4300000000,4374.5300000000
1790046608278,4374.4500000000,4374.5500000000
1790046609083,4374.5900000000,4374.6900000000
1790046609485,4374.6200000000,4374.7100000000
1790046609888,4374.6700000000,4374.7600000000
1790046610693,4374.5000000000,4374.5900000000
1790046611498,4374.5900000000,4374.6800000000
1790046611900,4374.6000000000,4374.6900000000
1790046612303,4374.6500000000,4374.7400000000
1790046613912,4373.7600000000,4373.8500000000
1790046614315,4373.6800000000,4373.7700000000
1790046614718,4373.6700000000,4373.7600000000
1790046615523,4373.5800000000,4373.7200000000
1790046615926,4373.5200000000,4373.6600000000
1790046616328,4373.4700000000,4373.6100000000
1790046617133,4373.4000000000,4373.5400000000
1790046618342,4373.4400000000,4373.5800000000
1790046618745,4373.4600000000,4373.6000000000
1790046619149,4373.4000000000,4373.5300000000
1790046619551,4373.3800000000,4373.5100000000
1790046620356,4373.1000000000,4373.2200000000
1790046620759,4373.2500000000,4373.3700000000
1790046621163,4373.2900000000,4373.4100000000
1790046621565,4373.3400000000,4373.4600000000
1790046621968,4373.3300000000,4373.4500000000
1790046622370,4373.2700000000,4373.3900000000
1790046622772,4373.2600000000,4373.3800000000
1790046623175,4373.2600000000,4373.3600000000
1790046623577,4373.2100000000,4373.3100000000
1790046623980,4373.2200000000,4373.3200000000
1790046624382,4373.5300000000,4373.6200000000
1790046625187,4373.5700000000,4373.6800000000
1790046625590,4373.2000000000,4373.3100000000
1790046625993,4373.2200000000,4373.3300000000
1790046626799,4372.9800000000,4373.0900000000
1790046627201,4373.0400000000,4373.1400000000
1790046627604,4373.2300000000,4373.3300000000
1790046628006,4373.2400000000,4373.3400000000
1790046628409,4373.2700000000,4373.3600000000
1790046628811,4373.3100000000,4373.4000000000
1790046629214,4373.3800000000,4373.4700000000
1790046630019,4373.3700000000,4373.4600000000
1790046630824,4373.3300000000,4373.4200000000
1790046631226,4373.3500000000,4373.4400000000
1790046631629,4373.2300000000,4373.3200000000
1790046632032,4373.1900000000,4373.2800000000
1790046632434,4373.1200000000,4373.2100000000
1790046632837,4373.0800000000,4373.1700000000
1790046633642,4373.0900000000,4373.1800000000
1790046634044,4373.2000000000,4373.2900000000
1790046634446,4373.2300000000,4373.3200000000
1790046634848,4373.2200000000,4373.3100000000
1790046635251,4372.9800000000,4373.0700000000
1790046635654,4372.9400000000,4373.0300000000
1790046636458,4372.8200000000,4372.9100000000
1790046636861,4372.8100000000,4372.9000000000
1790046637263,4372.6800000000,4372.7700000000
1790046637666,4372.3700000000,4372.4600000000
1790046638068,4372.1600000000,4372.2500000000
1790046638470,4372.1500000000,4372.2400000000
1790046638873,4372.1400000000,4372.2300000000
1790046639276,4372.0800000000,4372.1700000000
1790046640886,4372.1000000000,4372.1900000000
1790046641288,4372.0800000000,4372.1700000000
1790046641691,4372.0700000000,4372.1600000000
1790046642093,4371.9200000000,4372.0100000000
1790046642496,4371.8100000000,4371.9000000000
1790046642899,4371.8400000000,4371.9300000000
1790046643301,4371.8300000000,4371.9200000000
1790046643704,4371.8200000000,4371.9100000000
1790046644106,4371.7700000000,4371.8600000000
1790046644508,4371.7500000000,4371.8400000000
1790046644911,4371.8400000000,4371.9300000000
1790046645314,4371.8700000000,4371.9600000000
1790046645716,4371.8900000000,4371.9800000000
1790046646924,4371.8600000000,4371.9500000000
1790046647327,4371.6400000000,4371.7300000000
1790046647729,4371.6500000000,4371.7400000000
1790046648133,4371.7200000000,4371.8100000000
1790046648534,4372.2200000000,4372.3100000000
1790046648937,4372.2900000000,4372.3800000000
1790046649339,4372.1100000000,4372.2400000000
1790046649742,4372.1800000000,4372.3100000000
1790046650144,4372.3100000000,4372.4300000000
1790046650546,4372.4000000000,4372.5200000000
1790046650949,4372.3900000000,4372.5100000000
1790046651353,4372.3300000000,4372.4400000000
1790046651755,4372.3500000000,4372.4600000000
1790046652158,4372.5600000000,4372.6500000000
1790046652561,4372.7300000000,4372.8200000000
1790046653366,4372.7100000000,4372.8200000000
1790046653768,4372.7400000000,4372.8500000000
1790046654171,4372.3200000000,4372.4100000000
1790046654575,4372.1800000000,4372.2700000000
1790046654978,4372.1900000000,4372.2800000000
1790046655381,4372.1000000000,4372.2400000000
1790046655784,4372.1900000000,4372.3300000000
1790046656186,4372.1300000000,4372.2700000000
1790046656588,4372.2400000000,4372.3800000000
1790046656991,4372.2700000000,4372.4100000000
1790046657393,4373.1800000000,4373.3100000000
1790046657897,4373.1600000000,4373.2900000000
1790046658199,4373.1800000000,4373.3200000000
1790046658601,4373.1500000000,4373.2900000000
1790046659506,4373.0900000000,4373.2300000000
1790046659909,4372.9700000000,4373.1100000000
1790046660312,4373.0700000000,4373.2100000000
1790046660714,4373.0200000000,4373.1600000000
1790046661117,4373.1000000000,4373.2400000000
1790046661519,4373.1100000000,4373.2500000000
1790046662324,4373.1800000000,4373.3200000000
1790046662726,4373.3100000000,4373.4500000000
1790046663129,4373.5100000000,4373.6500000000
1790046663531,4373.5200000000,4373.6500000000
1790046663934,4373.8800000000,4374.0100000000
1790046664336,4373.7100000000,4373.8300000000
1790046664739,4373.6400000000,4373.7600000000
1790046665141,4373.6000000000,4373.7200000000
1790046665543,4373.6000000000,4373.7100000000
1790046665946,4373.5900000000,4373.7000000000
1790046666350,4373.5100000000,4373.6100000000
1790046666753,4373.4900000000,4373.5900000000
1790046667156,4373.4800000000,4373.5800000000
1790046667559,4373.4900000000,4373.5800000000
1790046668364,4373.5000000000,4373.5900000000
1790046668766,4373.5300000000,4373.6200000000
1790046669974,4372.9900000000,4373.0800000000
1790046670377,4373.0400000000,4373.1300000000
1790046670780,4372.8400000000,4372.9300000000
1790046671182,4372.8400000000,4372.9700000000
1790046671584,4372.4700000000,4372.6000000000
1790046671987,4372.4200000000,4372.5500000000
1790046672389,4372.3800000000,4372.4900000000
1790046673195,4372.2500000000,4372.3700000000
1790046673597,4372.3400000000,4372.4600000000
1790046674000,4372.3500000000,4372.4700000000
1790046674403,4372.3500000000,4372.4600000000
1790046674806,4372.3000000000,4372.4100000000
1790046675208,4372.0900000000,4372.1900000000
1790046675610,4372.0300000000,4372.1300000000
1790046676415,4372.1100000000,4372.2100000000
1790046676818,4372.0700000000,4372.1700000000
1790046677221,4372.0800000000,4372.1700000000
1790046678026,4372.1000000000,4372.1900000000
1790046678428,4371.9000000000,4371.9900000000
1790046678830,4371.9500000000,4372.0400000000
1790046679233,4372.0000000000,4372.0900000000
1790046679635,4371.9700000000,4372.0600000000
1790046680038,4371.9600000000,4372.0500000000
1790046680843,4371.8500000000,4371.9400000000
1790046681246,4371.8100000000,4371.9000000000
1790046681649,4371.7700000000,4371.8600000000
1790046682454,4371.7800000000,4371.8700000000
1790046683259,4371.7000000000,4371.7900000000
1790046683662,4371.7200000000,4371.8100000000
1790046684466,4371.7900000000,4371.8800000000
1790046684869,4371.6300000000,4371.7200000000
1790046685272,4371.4600000000,4371.5500000000
1790046685674,4371.3200000000,4371.4100000000
1790046686077,4371.7200000000,4371.8100000000
1790046686480,4371.7400000000,4371.8300000000
1790046686883,4371.7000000000,4371.7900000000
1790046687285,4371.6600000000,4371.7700000000
1790046688493,4371.6600000000,4371.7600000000
1790046689298,4371.6700000000,4371.7600000000
1790046689701,4371.7300000000,4371.8200000000
1790046690103,4371.9100000000,4372.0000000000
1790046690506,4371.9800000000,4372.0700000000
1790046691311,4372.1000000000,4372.1900000000
1790046691714,4372.1200000000,4372.2100000000
1790046692518,4372.0800000000,4372.1700000000
1790046692921,4372.0600000000,4372.1500000000
1790046694129,4372.0800000000,4372.1700000000
1790046694531,4372.1100000000,4372.2000000000
1790046694934,4372.1300000000,4372.2200000000
1790046695336,4372.1400000000,4372.2300000000
1790046695739,4372.1300000000,4372.2200000000
1790046696947,4372.0700000000,4372.1600000000
1790046697350,4372.0400000000,4372.1300000000
1790046697753,4372.0300000000,4372.1200000000
1790046698155,4372.0200000000,4372.1100000000
1790046698557,4371.8700000000,4371.9600000000
1790046698960,4371.7400000000,4371.8300000000
1790046699362,4371.7000000000,4371.7900000000
1790046700168,4371.6800000000,4371.7700000000
1790046700570,4371.6700000000,4371.7600000000
1790046701375,4371.6800000000,4371.7700000000
1790046701777,4371.6700000000,4371.7600000000
1790046702583,4371.6800000000,4371.7700000000
1790046703490,4371.7100000000,4371.8000000000
1790046703892,4371.7200000000,4371.8100000000
1790046704294,4371.6800000000,4371.7700000000
1790046704696,4371.6700000000,4371.7600000000
1790046706307,4371.7600000000,4371.8500000000
1790046707112,4371.8300000000,4371.9200000000
1790046709527,4371.8400000000,4371.9300000000
1790046709929,4371.8600000000,4371.9500000000
1790046710735,4371.8700000000,4371.9600000000
1790046711138,4371.8400000000,4371.9300000000
1790046711540,4371.7100000000,4371.8000000000
1790046711943,4371.7000000000,4371.7900000000
1790046712345,4371.6000000000,4371.6900000000
1790046713150,4371.5700000000,4371.6600000000
1790046714763,4371.1400000000,4371.2300000000
1790046715165,4371.0900000000,4371.1800000000
1790046716373,4371.1200000000,4371.2100000000
1790046717178,4370.5200000000,4370.6100000000
1790046717580,4370.5100000000,4370.6000000000
1790046717983,4370.5600000000,4370.6500000000
1790046718386,4370.5600000000,4370.6700000000
1790046718788,4370.6400000000,4370.7500000000
1790046719191,4370.8200000000,4370.9300000000
1790046719593,4370.8000000000,4370.9100000000
1790046719996,4371.0600000000,4371.1700000000
1790046720398,4371.0700000000,4371.1900000000
1790046720801,4371.1100000000,4371.2300000000
1790046721203,4371.1300000000,4371.2600000000
1790046721606,4371.0500000000,4371.1800000000
1790046722008,4371.0300000000,4371.1600000000
1790046722411,4371.0700000000,4371.1900000000
1790046722814,4371.1100000000,4371.2300000000
1790046723218,4371.1100000000,4371.2200000000
1790046723621,4370.9100000000,4371.0200000000
1790046724425,4370.8700000000,4370.9800000000
1790046725232,4370.8800000000,4370.9800000000
1790046725635,4370.8900000000,4370.9900000000
1790046726037,4370.9700000000,4371.0700000000
1790046726440,4370.9900000000,4371.0800000000
1790046726843,4371.1000000000,4371.1900000000
1790046727648,4370.8800000000,4370.9700000000
1790046728051,4370.8000000000,4370.8900000000
1790046728454,4370.8000000000,4370.9000000000
1790046728857,4370.7400000000,4370.8400000000
1790046729259,4370.7000000000,4370.7900000000
1790046730466,4370.6700000000,4370.7600000000
1790046731674,4370.6800000000,4370.7700000000
1790046732076,4370.6600000000,4370.7500000000
1790046732479,4370.6500000000,4370.7400000000
1790046732881,4370.6600000000,4370.7500000000
1790046735297,4370.6700000000,4370.7600000000
1790046735699,4370.7900000000,4370.8800000000
1790046736102,4370.7300000000,4370.8200000000
1790046736505,4370.7200000000,4370.8100000000
1790046737309,4370.6800000000,4370.7700000000
1790046738115,4370.6400000000,4370.7300000000
1790046739323,4370.6900000000,4370.7800000000
1790046740128,4370.4400000000,4370.5300000000
1790046740531,4370.2400000000,4370.3300000000
1790046740933,4370.0900000000,4370.1800000000
1790046741335,4370.0800000000,4370.1700000000
1790046741738,4370.0900000000,4370.1800000000
1790046742140,4370.1500000000,4370.2400000000
1790046743348,4370.2000000000,4370.2900000000
1790046743751,4370.1700000000,4370.2600000000
1790046745360,4370.2400000000,4370.3300000000
1790046745763,4370.2600000000,4370.3500000000
1790046746567,4370.3100000000,4370.4000000000
1790046746970,4370.2900000000,4370.3800000000
1790046747777,4370.2600000000,4370.3500000000
1790046748179,4370.2200000000,4370.3100000000
1790046748581,4370.2400000000,4370.3300000000
1790046748984,4370.3200000000,4370.4100000000
1790046749386,4370.3300000000,4370.4200000000
1790046750191,4370.3100000000,4370.4000000000
1790046750593,4370.8400000000,4370.9300000000
1790046750996,4370.7900000000,4370.8800000000
1790046751398,4370.8700000000,4370.9800000000
1790046751801,4370.8800000000,4370.9900000000
1790046752203,4370.8900000000,4370.9800000000
1790046752606,4370.9300000000,4371.0200000000
1790046753008,4370.8400000000,4370.9300000000
1790046753410,4370.9200000000,4371.0100000000
1790046753814,4370.9100000000,4371.0000000000
1790046754217,4370.7500000000,4370.8400000000
1790046754619,4370.8700000000,4370.9600000000
1790046755021,4370.8100000000,4370.9000000000
1790046755424,4370.9100000000,4371.0000000000
1790046755826,4370.9200000000,4371.0100000000
1790046756633,4370.8900000000,4370.9800000000
1790046757036,4370.9000000000,4370.9900000000
1790046757438,4370.8700000000,4370.9600000000
1790046757841,4370.8900000000,4370.9800000000
1790046758243,4370.8800000000,4370.9700000000
1790046758645,4370.8900000000,4370.9800000000
1790046759451,4370.9000000000,4370.9900000000
1790046761866,4370.8600000000,4370.9500000000
1790046762268,4370.7700000000,4370.8600000000
1790046763476,4370.7200000000,4370.8100000000
1790046763878,4370.7300000000,4370.8200000000
1790046764281,4370.7400000000,4370.8300000000
1790046765086,4370.7500000000,4370.8400000000
1790046765893,4370.8100000000,4370.9000000000
1790046766296,4370.8300000000,4370.9200000000
1790046766699,4370.6900000000,4370.7800000000
1790046767101,4370.6800000000,4370.7700000000
1790046767503,4370.6600000000,4370.7500000000
1790046768711,4372.5500000000,4372.6400000000
1790046769113,4372.4400000000,4372.5800000000
1790046769515,4372.3700000000,4372.5100000000
1790046769918,4372.1400000000,4372.2800000000
1790046770320,4372.0600000000,4372.2000000000
1790046770723,4372.0400000000,4372.1800000000
1790046771126,4371.9600000000,4372.1000000000
1790046771528,4371.8900000000,4372.0300000000
1790046771931,4371.8500000000,4371.9900000000
1790046772333,4371.8300000000,4371.9700000000
1790046773139,4371.8200000000,4371.9600000000
1790046773541,4371.8400000000,4371.9800000000
1790046773944,4371.9300000000,4372.0700000000
1790046774346,4372.0200000000,4372.1600000000
1790046775155,4372.0300000000,4372.1600000000
1790046775557,4371.9900000000,4372.1200000000
1790046775960,4372.0100000000,4372.1400000000
1790046776362,4371.4900000000,4371.6200000000
1790046776764,4371.4400000000,4371.5700000000
1790046777569,4371.3700000000,4371.5000000000
1790046778374,4371.3700000000,4371.4900000000
1790046778878,4371.3600000000,4371.4800000000
1790046779180,4371.3400000000,4371.4600000000
1790046780085,4371.3500000000,4371.4700000000
1790046780487,4371.5700000000,4371.6800000000
1790046780890,4371.5900000000,4371.7000000000
1790046781294,4371.5800000000,4371.6900000000
1790046781697,4371.6000000000,4371.7100000000
1790046782100,4371.6200000000,4371.7300000000
1790046782502,4371.5800000000,4371.6800000000
1790046782906,4371.5900000000,4371.6900000000
1790046783307,4371.6400000000,4371.7400000000
1790046784113,4371.4700000000,4371.5700000000
1790046784515,4371.4600000000,4371.5500000000
1790046785320,4371.4400000000,4371.5300000000
1790046786125,4371.4100000000,4371.5000000000
1790046786528,4371.4400000000,4371.5300000000
1790046786930,4371.4500000000,4371.5400000000
1790046787735,4371.5000000000,4371.5900000000
1790046788139,4371.4800000000,4371.5700000000
1790046788944,4371.4500000000,4371.5400000000
1790046789347,4371.4300000000,4371.5200000000
1790046790153,4371.1200000000,4371.2100000000
1790046790555,4371.1700000000,4371.2600000000
1790046791763,4371.2200000000,4371.3100000000
1790046792569,4371.1200000000,4371.2100000000
1790046792972,4371.1100000000,4371.2000000000
1790046793376,4371.0500000000,4371.1400000000
1790046793778,4371.0600000000,4371.1500000000
1790046795791,4371.1500000000,4371.2400000000
1790046796194,4371.1100000000,4371.2000000000
1790046796596,4371.1200000000,4371.2100000000
1790046797401,4371.1000000000,4371.1900000000
1790046797804,4371.0500000000,4371.1400000000
1790046798206,4371.0100000000,4371.1000000000
1790046798609,4370.8500000000,4370.9400000000
1790046799012,4370.8700000000,4370.9600000000
1790046799414,4370.9000000000,4370.9900000000
1790046799816,4370.9200000000,4371.0100000000
1790046800219,4370.8700000000,4370.9600000000
1790046801829,4370.8800000000,4370.9700000000
1790046802231,4370.8900000000,4370.9800000000
1790046802635,4370.8700000000,4370.9600000000
1790046803038,4370.9400000000,4371.0300000000
1790046803440,4371.6700000000,4371.7600000000
1790046803842,4371.6300000000,4371.7200000000
1790046804245,4371.6400000000,4371.7400000000
1790046804648,4371.6800000000,4371.7800000000
1790046805454,4371.7600000000,4371.8500000000
1790046805857,4371.8200000000,4371.9100000000
1790046806259,4371.8300000000,4371.9200000000
1790046806662,4371.8000000000,4371.8900000000
1790046807868,4371.8100000000,4371.9000000000
1790046808271,4371.7800000000,4371.8700000000
1790046808674,4371.6200000000,4371.7100000000
1790046809076,4371.7900000000,4371.8800000000
1790046809479,4371.8400000000,4371.9300000000
1790046810284,4371.8500000000,4371.9400000000
1790046811089,4371.8400000000,4371.9300000000
1790046811491,4371.7800000000,4371.8700000000
1790046812297,4371.2600000000,4371.3500000000
1790046812699,4370.8200000000,4370.9100000000
1790046813102,4370.8300000000,4370.9200000000
1790046813506,4370.8100000000,4370.9500000000
1790046813908,4370.7600000000,4370.9000000000
1790046814311,4370.7300000000,4370.8600000000
1790046814714,4370.7500000000,4370.8800000000
1790046815116,4370.7200000000,4370.8400000000
1790046815519,4370.7400000000,4370.8600000000
1790046816323,4370.7500000000,4370.8700000000
1790046816726,4370.9600000000,4371.0800000000
1790046817129,4371.0100000000,4371.1300000000
1790046818335,4371.1100000000,4371.2200000000
1790046819141,4371.1000000000,4371.2000000000
1790046819543,4371.1300000000,4371.2300000000
1790046819946,4371.3200000000,4371.4200000000
1790046820751,4371.3500000000,4371.4500000000
1790046821153,4371.3500000000,4371.4400000000
1790046821958,4371.6400000000,4371.7300000000
1790046822362,4371.6500000000,4371.7400000000
1790046823972,4371.6800000000,4371.7700000000
1790046824777,4371.6400000000,4371.7300000000
1790046825179,4371.6100000000,4371.7000000000
1790046825582,4371.5100000000,4371.6000000000
1790046825984,4371.4900000000,4371.5800000000
1790046826789,4371.4600000000,4371.5500000000
1790046828802,4371.4200000000,4371.5100000000
1790046829205,4371.5400000000,4371.6300000000
1790046829607,4371.5500000000,4371.6400000000
1790046830815,4371.5900000000,4371.6800000000
1790046831622,4371.6300000000,4371.7200000000
1790046832427,4371.5900000000,4371.6800000000
1790046834038,4371.5300000000,4371.6200000000
1790046834440,4371.4900000000,4371.5800000000
1790046835649,4371.5000000000,4371.5900000000
1790046836856,4371.4900000000,4371.5800000000
1790046837259,4371.5100000000,4371.6000000000
1790046837661,4371.4900000000,4371.5800000000
1790046838467,4371.5900000000,4371.6800000000
1790046838869,4371.6000000000,4371.6900000000
1790046839272,4371.7100000000,4371.8000000000
1790046839675,4371.7300000000,4371.8200000000
1790046840480,4371.8200000000,4371.9100000000
1790046840882,4371.8700000000,4371.9600000000
1790046841286,4371.8300000000,4371.9200000000
1790046841688,4371.7900000000,4371.8800000000
1790046844910,4371.7500000000,4371.8400000000
1790046845715,4371.7200000000,4371.8100000000
1790046846521,4371.7400000000,4371.8300000000
1790046852964,4371.7300000000,4371.8200000000
1790046854974,4371.6600000000,4371.7500000000
1790046855376,4371.6900000000,4371.7800000000
1790046856583,4371.7400000000,4371.8300000000
1790046857086,4371.7000000000,4371.7900000000
1790046857790,4371.2800000000,4371.3700000000
1790046858193,4371.2600000000,4371.3500000000
1790046858595,4371.2700000000,4371.3600000000
1790046859098,4371.2400000000,4371.3300000000
1790046859401,4371.2200000000,4371.3100000000
1790046859803,4370.9800000000,4371.0700000000
1790046860205,4370.9700000000,4371.0600000000
1790046860709,4370.9800000000,4371.0700000000
1790046861514,4371.0000000000,4371.0900000000
1790046862722,4371.0300000000,4371.1200000000
1790046863125,4371.4500000000,4371.5400000000
1790046863529,4371.4000000000,4371.5100000000
1790046863931,4371.4200000000,4371.5300000000
1790046864333,4371.4400000000,4371.5400000000
1790046865540,4371.4100000000,4371.5100000000
1790046866345,4371.3100000000,4371.4000000000
1790046867150,4371.1100000000,4371.2000000000
1790046867553,4371.1200000000,4371.2100000000
1790046868360,4371.1700000000,4371.2600000000
1790046868763,4371.2300000000,4371.3200000000
1790046869568,4371.2200000000,4371.3100000000
1790046870373,4371.1800000000,4371.2700000000
1790046871580,4371.1700000000,4371.2600000000
1790046871983,4371.2100000000,4371.3000000000
1790046872385,4371.2800000000,4371.3700000000
1790046873593,4371.1700000000,4371.2600000000
1790046873995,4371.1600000000,4371.2500000000
1790046874397,4371.1500000000,4371.2400000000
1790046875203,4371.2100000000,4371.3000000000
1790046876410,4371.2400000000,4371.3300000000
1790046880436,4370.9700000000,4371.0600000000
1790046880839,4370.9000000000,4370.9900000000
1790046881241,4370.8500000000,4370.9400000000
1790046881644,4370.8100000000,4370.9000000000
1790046882449,4370.5100000000,4370.6000000000
1790046882852,4370.4600000000,4370.5500000000
1790046883256,4370.4800000000,4370.5800000000
1790046883659,4370.3300000000,4370.4300000000
1790046884062,4370.3100000000,4370.4100000000
1790046884464,4370.2700000000,4370.3600000000
1790046884867,4370.2300000000,4370.3200000000
1790046885672,4370.2500000000,4370.3400000000
1790046886075,4370.2700000000,4370.3600000000
1790046886880,4370.2600000000,4370.3500000000
1790046888087,4370.2900000000,4370.3800000000
1790046888490,4370.2600000000,4370.3500000000
1790046888892,4370.2900000000,4370.3800000000
1790046889698,4370.3100000000,4370.4000000000
1790046890906,4370.3400000000,4370.4300000000
1790046891710,4370.3500000000,4370.4400000000
1790046892113,4370.3900000000,4370.4800000000
1790046893320,4370.3700000000,4370.4600000000
1790046893723,4370.4700000000,4370.5600000000
1790046894526,4370.4900000000,4370.5800000000
1790046896540,4370.3100000000,4370.4000000000
1790046897345,4370.2400000000,4370.3300000000
1790046899357,4370.2100000000,4370.3000000000
1790046900163,4370.1900000000,4370.2800000000
1790046900565,4370.1600000000,4370.2500000000
1790046900968,4370.1200000000,4370.2100000000
1790046901371,4369.5200000000,4369.6100000000
1790046901774,4369.4500000000,4369.5400000000
1790046902176,4369.4100000000,4369.5500000000
1790046902579,4369.6700000000,4369.8100000000
1790046902981,4369.5600000000,4369.7000000000
1790046903384,4369.5100000000,4369.6500000000
1790046904189,4369.5200000000,4369.6600000000
1790046904591,4369.2400000000,4369.3800000000
1790046904994,4369.2300000000,4369.3700000000
1790046905799,4369.1500000000,4369.2900000000
1790046906201,4369.1200000000,4369.2500000000
1790046906604,4369.1800000000,4369.3100000000
1790046907006,4369.1900000000,4369.3200000000
1790046907409,4369.1800000000,4369.3100000000
1790046907811,4369.4200000000,4369.5500000000
1790046908215,4369.4800000000,4369.6200000000
1790046908618,4369.6100000000,4369.7500000000
1790046909020,4369.5900000000,4369.7300000000
1790046909423,4369.5200000000,4369.6500000000
1790046910228,4369.4300000000,4369.5600000000
1790046910631,4369.4000000000,4369.5300000000
1790046911034,4369.2800000000,4369.4100000000
1790046911436,4369.2000000000,4369.3300000000
1790046911838,4369.2100000000,4369.3400000000
1790046912241,4369.2100000000,4369.3300000000
1790046912643,4369.2300000000,4369.3500000000
1790046913449,4369.0500000000,4369.1700000000
1790046913853,4368.9700000000,4369.0900000000
1790046914657,4368.9300000000,4369.0500000000
1790046915060,4368.9800000000,4369.1000000000
1790046915463,4368.9400000000,4369.0500000000
1790046915866,4368.9100000000,4369.0200000000
1790046916268,4368.1200000000,4368.2600000000
1790046916671,4367.6700000000,4367.8100000000
1790046917074,4367.7000000000,4367.8400000000
1790046917476,4367.6300000000,4367.7700000000
1790046917879,4367.7400000000,4367.8800000000
1790046918281,4367.1200000000,4367.2600000000
1790046918684,4367.0400000000,4367.1800000000
1790046919087,4366.9900000000,4367.1300000000
1790046919489,4367.0500000000,4367.1900000000
1790046919892,4367.4100000000,4367.5500000000
1790046920295,4367.6700000000,4367.8100000000
1790046920697,4367.7000000000,4367.8400000000
1790046921100,4367.6900000000,4367.8300000000
1790046921502,4367.7000000000,4367.8400000000
1790046921905,4367.4300000000,4367.5700000000
1790046922307,4367.4500000000,4367.5900000000
1790046922710,4367.4100000000,4367.5500000000
1790046923112,4367.4500000000,4367.5900000000
1790046923515,4367.5000000000,4367.6400000000
1790046923917,4366.6300000000,4366.7700000000
1790046924320,4366.5100000000,4366.6500000000
1790046924723,4366.4400000000,4366.5800000000
1790046925125,4366.4500000000,4366.5800000000
1790046925528,4366.4800000000,4366.6100000000
1790046926335,4366.5000000000,4366.6300000000
1790046926738,4366.2700000000,4366.4000000000
1790046927141,4366.3500000000,4366.4700000000
1790046927542,4366.3600000000,4366.4800000000
1790046927945,4366.4700000000,4366.5900000000
1790046928347,4366.5800000000,4366.7000000000
1790046928749,4366.3800000000,4366.5000000000
1790046929152,4366.3300000000,4366.4500000000
1790046929554,4366.4200000000,4366.5400000000
1790046930359,4366.3600000000,4366.4700000000
1790046930862,4366.3300000000,4366.4400000000
1790046931265,4366.3200000000,4366.4300000000
1790046932070,4366.4400000000,4366.5500000000
1790046932475,4366.5100000000,4366.6100000000
1790046932877,4366.5400000000,4366.6400000000
1790046933280,4366.6000000000,4366.7000000000
1790046933683,4366.6700000000,4366.7700000000
1790046934487,4366.7000000000,4366.7900000000
1790046934889,4366.8400000000,4366.9300000000
1790046935192,4366.8600000000,4366.9500000000
1790046935695,4366.7900000000,4366.8800000000
1790046936097,4366.6500000000,4366.7400000000
1790046936500,4366.7400000000,4366.8300000000
1790046936902,4366.7800000000,4366.8700000000
1790046938110,4366.7600000000,4366.8500000000
1790046938512,4366.7800000000,4366.8700000000
1790046938915,4366.7600000000,4366.8500000000
1790046939317,4366.8200000000,4366.9100000000
1790046939719,4366.7900000000,4366.8800000000
1790046940122,4366.6300000000,4366.7200000000
1790046940524,4366.5900000000,4366.6800000000
1790046941329,4366.5700000000,4366.6600000000
1790046942134,4366.5400000000,4366.6300000000
1790046942537,4366.6500000000,4366.7400000000
1790046942939,4366.6800000000,4366.7700000000
1790046943342,4366.6700000000,4366.7600000000
1790046943745,4366.7100000000,4366.8000000000
1790046944148,4366.6700000000,4366.7600000000
1790046944550,4365.7600000000,4365.8500000000
1790046944953,4365.7500000000,4365.8400000000
1790046945355,4365.8800000000,4365.9700000000
1790046946160,4365.9000000000,4365.9900000000
1790046946563,4365.9800000000,4366.0700000000
1790046946966,4365.8000000000,4365.8900000000
1790046947368,4365.9400000000,4366.0300000000
1790046947771,4365.9000000000,4365.9900000000
1790046948173,4365.9300000000,4366.0200000000
1790046948577,4365.9500000000,4366.0400000000
1790046949382,4366.0200000000,4366.1100000000
1790046949785,4365.9600000000,4366.0500000000
1790046950187,4365.9500000000,4366.0400000000
1790046950992,4365.9700000000,4366.0600000000
1790046951393,4365.9900000000,4366.0800000000
1790046952199,4365.8300000000,4365.9200000000
1790046953005,4365.8800000000,4365.9700000000
1790046953406,4366.1900000000,4366.2800000000
1790046953809,4366.2700000000,4366.3600000000
1790046954212,4366.2900000000,4366.3800000000
1790046954614,4366.3000000000,4366.3900000000
1790046955017,4366.3300000000,4366.4200000000
1790046955421,4366.5500000000,4366.6400000000
1790046955823,4366.5800000000,4366.6700000000
1790046956225,4366.6000000000,4366.6900000000
1790046956628,4366.6600000000,4366.7500000000
1790046957031,4366.7000000000,4366.7900000000
1790046957435,4366.6900000000,4366.7800000000
1790046958240,4366.6200000000,4366.7100000000
1790046959045,4366.6400000000,4366.7300000000
1790046959852,4366.6300000000,4366.7200000000
1790046960255,4366.7700000000,4366.8600000000
1790046960657,4366.8000000000,4366.8900000000
1790046961060,4366.7200000000,4366.8100000000
1790046961463,4366.7100000000,4366.8000000000
1790046961866,4366.7600000000,4366.8500000000
1790046962671,4366.7200000000,4366.8100000000
1790046963074,4366.7900000000,4366.8800000000
1790046963477,4366.8300000000,4366.9200000000
1790046963879,4366.2400000000,4366.3300000000
1790046964282,4365.8400000000,4365.9600000000
1790046964685,4365.8600000000,4365.9800000000
1790046965087,4365.7500000000,4365.8700000000
1790046965490,4365.4300000000,4365.5500000000
1790046965892,4365.6700000000,4365.7900000000
1790046966294,4365.7200000000,4365.8300000000
1790046967100,4365.7900000000,4365.9000000000
1790046967502,4365.8000000000,4365.9100000000
1790046967905,4365.8600000000,4365.9700000000
1790046968308,4365.8600000000,4365.9600000000
1790046968711,4365.9000000000,4366.0000000000
1790046969114,4365.8300000000,4365.9300000000
1790046969517,4365.8600000000,4365.9600000000
1790046969919,4365.8500000000,4365.9500000000
1790046970322,4364.7700000000,4364.8600000000
1790046970725,4364.8800000000,4364.9700000000
1790046971128,4364.7200000000,4364.8100000000
1790046971531,4364.8100000000,4364.9000000000
1790046971933,4364.7700000000,4364.8600000000
1790046972335,4364.8200000000,4364.9600000000
1790046972738,4365.0800000000,4365.2200000000
1790046973140,4365.0400000000,4365.1800000000
1790046973543,4364.9700000000,4365.1100000000
1790046973945,4364.8400000000,4364.9800000000
1790046974348,4364.6900000000,4364.8300000000
1790046975153,4364.7000000000,4364.8400000000
1790046975554,4364.6900000000,4364.8300000000
1790046975957,4364.6800000000,4364.8200000000
1790046976361,4364.5500000000,4364.6800000000
1790046976764,4364.6300000000,4364.7600000000
1790046977972,4364.6800000000,4364.8100000000
1790046978376,4364.6900000000,4364.8100000000
1790046978777,4364.7200000000,4364.8400000000
1790046979281,4364.7400000000,4364.8500000000
1790046979583,4364.5300000000,4364.6400000000
1790046980086,4364.5100000000,4364.6200000000
1790046980489,4364.4800000000,4364.5800000000
1790046981294,4364.5000000000,4364.6000000000
1790046981696,4364.4700000000,4364.5700000000
1790046982099,4364.4400000000,4364.5400000000
1790046982502,4364.4500000000,4364.5400000000
1790046982905,4364.5200000000,4364.6100000000
1790046983307,4364.5400000000,4364.6300000000
1790046983710,4364.6100000000,4364.7000000000
1790046984516,4364.6200000000,4364.7100000000
1790046984918,4364.6300000000,4364.7200000000
1790046986126,4364.6700000000,4364.7600000000
1790046986931,4364.7500000000,4364.8400000000
1790046987335,4364.7300000000,4364.8200000000
1790046987737,4364.6600000000,4364.7500000000
1790046988945,4364.6000000000,4364.6900000000
1790046989347,4364.6100000000,4364.7000000000
1790046990153,4364.5500000000,4364.6400000000
1790046990557,4364.4200000000,4364.5100000000
1790046990959,4364.3900000000,4364.4800000000
1790046991764,4364.4200000000,4364.5100000000
1790046992167,4364.3800000000,4364.4700000000
1790046992570,4364.2000000000,4364.2900000000
1790046992972,4364.4200000000,4364.5100000000
1790046993375,4364.4100000000,4364.5000000000
1790046993778,4364.4800000000,4364.5700000000
1790046994180,4364.5000000000,4364.5900000000
1790046994582,4364.6600000000,4364.7500000000
1790046995388,4364.6400000000,4364.7300000000
1790046995791,4364.6100000000,4364.7000000000
1790046996194,4364.5600000000,4364.6500000000
1790046996596,4364.5200000000,4364.6100000000
1790046996999,4364.5000000000,4364.5900000000
1790046997401,4364.4200000000,4364.5100000000
1790046997804,4364.3600000000,4364.4500000000
1790046998209,4364.3500000000,4364.4400000000
1790046998611,4364.2000000000,4364.2900000000
1790046999014,4364.2500000000,4364.3400000000
1790046999416,4364.2100000000,4364.3000000000
1790046999818,4364.2000000000,4364.2900000000
1790047000221,4364.2300000000,4364.3200000000
1790047000624,4364.4500000000,4364.5400000000
1790047001026,4364.5500000000,4364.6400000000
1790047001832,4364.5900000000,4364.6800000000
1790047002234,4364.7100000000,4364.8000000000
1790047002637,4364.7800000000,4364.8700000000
1790047003441,4364.7700000000,4364.8600000000
1790047003843,4364.7500000000,4364.8400000000
1790047004246,4364.7600000000,4364.8500000000
1790047004648,4364.7400000000,4364.8300000000
1790047005051,4364.7500000000,4364.8400000000
1790047005856,4364.7600000000,4364.8500000000
1790047006259,4364.4700000000,4364.5600000000
1790047006661,4364.4400000000,4364.5300000000
1790047007064,4364.3500000000,4364.4400000000
1790047007467,4364.2700000000,4364.3600000000
1790047008676,4364.2600000000,4364.3500000000
1790047009079,4364.2400000000,4364.3300000000
1790047009481,4364.0800000000,4364.1700000000
1790047010286,4364.0200000000,4364.1100000000
1790047010689,4364.0300000000,4364.1200000000
1790047011091,4364.0400000000,4364.1300000000
1790047011493,4364.0300000000,4364.1200000000
1790047011896,4364.0000000000,4364.0900000000
1790047012298,4363.6200000000,4363.7100000000
1790047012700,4363.4700000000,4363.5600000000
1790047013103,4363.4900000000,4363.5800000000
1790047014310,4363.5200000000,4363.6100000000
1790047014713,4363.5400000000,4363.6300000000
1790047015116,4363.5000000000,4363.5900000000
1790047015519,4363.4800000000,4363.5700000000
1790047016324,4363.4600000000,4363.5500000000
1790047016727,4363.5000000000,4363.5900000000
1790047017532,4363.4500000000,4363.5400000000
1790047017934,4363.1300000000,4363.2200000000
1790047018739,4363.2500000000,4363.3400000000
1790047019142,4363.4900000000,4363.5800000000
1790047019544,4363.5200000000,4363.6100000000
1790047019947,4363.5700000000,4363.6600000000
1790047020350,4364.1500000000,4364.2700000000
1790047020753,4364.1400000000,4364.2600000000
1790047021155,4364.3000000000,4364.4400000000
1790047021959,4364.2900000000,4364.4300000000
1790047022362,4364.2800000000,4364.4200000000
1790047022764,4364.3700000000,4364.5100000000
1790047023167,4364.5600000000,4364.7000000000
1790047023570,4364.6000000000,4364.7400000000
1790047024374,4364.5100000000,4364.6400000000
1790047024776,4364.5600000000,4364.6900000000
1790047025179,4364.5300000000,4364.6500000000
1790047025581,4364.4900000000,4364.6100000000
1790047026085,4364.4500000000,4364.5700000000
1790047026487,4364.4700000000,4364.5900000000
1790047026889,4364.4300000000,4364.5500000000
1790047027292,4364.4000000000,4364.5100000000
1790047027694,4364.3300000000,4364.4400000000
1790047028499,4364.3100000000,4364.4100000000
1790047028901,4364.3500000000,4364.4500000000
1790047029304,4364.1900000000,4364.2800000000
1790047029706,4364.2800000000,4364.3700000000
1790047030109,4364.2300000000,4364.3200000000
1790047030511,4364.2100000000,4364.3000000000
1790047030913,4364.1900000000,4364.2800000000
1790047032120,4364.1800000000,4364.2700000000
1790047032523,4364.1700000000,4364.2600000000
1790047034537,4364.2000000000,4364.2900000000
1790047035745,4364.1200000000,4364.2100000000
1790047036147,4364.0700000000,4364.1600000000
1790047036551,4364.0300000000,4364.1200000000
1790047036954,4363.9700000000,4364.0600000000
1790047037358,4364.0200000000,4364.1100000000
1790047037760,4364.0100000000,4364.1000000000
1790047038163,4364.2700000000,4364.3600000000
1790047038565,4364.3100000000,4364.4000000000
1790047038968,4364.2300000000,4364.3200000000
1790047039773,4364.3300000000,4364.4200000000
1790047040176,4364.3100000000,4364.4000000000
1790047040981,4364.3300000000,4364.4200000000
1790047041383,4364.6400000000,4364.7300000000
1790047041786,4364.6600000000,4364.7500000000
1790047042190,4364.5900000000,4364.6800000000
1790047042593,4364.5600000000,4364.6500000000
1790047042995,4364.7100000000,4364.8000000000
1790047043398,4364.7600000000,4364.8500000000
1790047043800,4364.7300000000,4364.8200000000
1790047044203,4364.7700000000,4364.8600000000
1790047045008,4364.7300000000,4364.8200000000
1790047045411,4364.5800000000,4364.6700000000
1790047045814,4364.5700000000,4364.6600000000
1790047046218,4364.6200000000,4364.7100000000
1790047046620,4364.5600000000,4364.6500000000
1790047047426,4364.6300000000,4364.7200000000
1790047047828,4364.6000000000,4364.6900000000
1790047048634,4364.5600000000,4364.6500000000
1790047049037,4364.3200000000,4364.4100000000
1790047049439,4364.2200000000,4364.3100000000
1790047049842,4364.1900000000,4364.2800000000
1790047050647,4364.1100000000,4364.2000000000
1790047053062,4363.9200000000,4364.0100000000
1790047053464,4363.6400000000,4363.7300000000
1790047054269,4363.6800000000,4363.7700000000
1790047055477,4363.7900000000,4363.8800000000
1790047055879,4363.8800000000,4363.9700000000
1790047056282,4363.8600000000,4363.9500000000
1790047056685,4363.8700000000,4363.9600000000
1790047057087,4363.9800000000,4364.0700000000
1790047057892,4364.0200000000,4364.1100000000
1790047058295,4363.9300000000,4364.0200000000
1790047058698,4363.8900000000,4363.9800000000
1790047059100,4363.7400000000,4363.8300000000
1790047059502,4363.6800000000,4363.7700000000
1790047059905,4363.6400000000,4363.7300000000
1790047060307,4363.6300000000,4363.7200000000
1790047061541,4363.6100000000,4363.7000000000
1790047062749,4363.6000000000,4363.6900000000
1790047063152,4363.6400000000,4363.7300000000
1790047063956,4363.6300000000,4363.7200000000
1790047064358,4363.6100000000,4363.7000000000
1790047064761,4363.6300000000,4363.7200000000
1790047065566,4363.6400000000,4363.7300000000
1790047066371,4363.6000000000,4363.6900000000
1790047067176,4363.6200000000,4363.7100000000
1790047067578,4363.6100000000,4363.7000000000
1790047068384,4363.3400000000,4363.4300000000
1790047068786,4363.2600000000,4363.3500000000
1790047069189,4363.2400000000,4363.3300000000
1790047069591,4363.2200000000,4363.3100000000
1790047069994,4363.2400000000,4363.3300000000
1790047070396,4363.2000000000,4363.2900000000
1790047071201,4363.1900000000,4363.2800000000
1790047073215,4363.1700000000,4363.2600000000
1790047073617,4363.1400000000,4363.2300000000
1790047074423,4362.9500000000,4363.0400000000
1790047075228,4362.8400000000,4362.9300000000
1790047075634,4362.9600000000,4363.0500000000
1790047076036,4362.9300000000,4363.0200000000
1790047076438,4362.8600000000,4362.9500000000
1790047077243,4362.8400000000,4362.9300000000
1790047079658,4362.5100000000,4362.6000000000
1790047080061,4362.1900000000,4362.2800000000
1790047080463,4362.0700000000,4362.1600000000
1790047080866,4362.0900000000,4362.1800000000
1790047081269,4362.2200000000,4362.3600000000
1790047081671,4361.8800000000,4362.0200000000
1790047082074,4361.8900000000,4362.0300000000
1790047082476,4361.8000000000,4361.9300000000
1790047082879,4361.7800000000,4361.9100000000
1790047083282,4361.8300000000,4361.9600000000
1790047083685,4361.9600000000,4362.0900000000
1790047084088,4361.9400000000,4362.0700000000
1790047084491,4361.9200000000,4362.0400000000
1790047084893,4361.9000000000,4362.0200000000
1790047085297,4362.1800000000,4362.3000000000
1790047085699,4362.2000000000,4362.3200000000
1790047086101,4362.0900000000,4362.2300000000
1790047086504,4362.0700000000,4362.2100000000
1790047086907,4362.0200000000,4362.1600000000
1790047087309,4362.0600000000,4362.1900000000
1790047087712,4361.8900000000,4362.0200000000
1790047088115,4361.8800000000,4362.0000000000
1790047088517,4361.8600000000,4361.9800000000
1790047089725,4361.7200000000,4361.8400000000
1790047090128,4361.7900000000,4361.9000000000
1790047091033,4361.7500000000,4361.8600000000
1790047091437,4361.7800000000,4361.8800000000
1790047091839,4361.7000000000,4361.8000000000
1790047092141,4361.7000000000,4361.7900000000
1790047092544,4361.6400000000,4361.7300000000
1790047092947,4361.6200000000,4361.7100000000
1790047094255,4361.6300000000,4361.7200000000
1790047094658,4361.6100000000,4361.7000000000
1790047095060,4361.5700000000,4361.6600000000
1790047095462,4361.3100000000,4361.4000000000
1790047095865,4361.4100000000,4361.5000000000
1790047096267,4361.6200000000,4361.7100000000
1790047096670,4361.9300000000,4362.0200000000
1790047097073,4362.0200000000,4362.1100000000
1790047097474,4362.0000000000,4362.1300000000
1790047097877,4362.0900000000,4362.2200000000
1790047098280,4362.0500000000,4362.1900000000
1790047099085,4362.1900000000,4362.3300000000
1790047099487,4362.2000000000,4362.3400000000
1790047099890,4362.2100000000,4362.3500000000
1790047100292,4362.1000000000,4362.2300000000
1790047100695,4361.9800000000,4362.1100000000
1790047101499,4362.0000000000,4362.1300000000
1790047102306,4362.0700000000,4362.1900000000
1790047103111,4361.7200000000,4361.8400000000
1790047103514,4361.7000000000,4361.8100000000
1790047103916,4361.8700000000,4361.9800000000
1790047104318,4361.7500000000,4361.8800000000
1790047104720,4361.4400000000,4361.5700000000
1790047105123,4361.4000000000,4361.5300000000
1790047105525,4360.8300000000,4360.9600000000
1790047105928,4361.1000000000,4361.2300000000
1790047106331,4360.2900000000,4360.4300000000
1790047106734,4359.7200000000,4359.8600000000
1790047107136,4359.7600000000,4359.9000000000
1790047107539,4359.8700000000,4360.0100000000
1790047107941,4359.4800000000,4359.6200000000
1790047108345,4359.4900000000,4359.6300000000
1790047109150,4360.0200000000,4360.1600000000
1790047109552,4360.5600000000,4360.7000000000
1790047109955,4360.4000000000,4360.5400000000
1790047110761,4360.0900000000,4360.2300000000
1790047111163,4359.9600000000,4360.1000000000
1790047111565,4359.7800000000,4359.9200000000
1790047112371,4359.8800000000,4360.0200000000
1790047112773,4359.8700000000,4360.0100000000
1790047113175,4359.8500000000,4359.9900000000
1790047113579,4359.9400000000,4360.0800000000
1790047114383,4360.0200000000,4360.1600000000
1790047114786,4359.9700000000,4360.1100000000
1790047115188,4359.9600000000,4360.0900000000
1790047115591,4360.1000000000,4360.2300000000
1790047115994,4359.9300000000,4360.0600000000
1790047116396,4359.9200000000,4360.0500000000
1790047116799,4360.0000000000,4360.1300000000
1790047117202,4360.0600000000,4360.1800000000
1790047117604,4360.1400000000,4360.2600000000
1790047118007,4360.1900000000,4360.3100000000
1790047118409,4360.1700000000,4360.2900000000
1790047118811,4360.0500000000,4360.1700000000
1790047119214,4359.9200000000,4360.0300000000
1790047119617,4359.2200000000,4359.3300000000
1790047120020,4359.2300000000,4359.3400000000
1790047120422,4359.0300000000,4359.1600000000
1790047120825,4358.8400000000,4358.9700000000
1790047121229,4358.8400000000,4358.9600000000
1790047121631,4358.8500000000,4358.9700000000
1790047122437,4358.8600000000,4358.9800000000
1790047122839,4358.9200000000,4359.0400000000
1790047123241,4358.9600000000,4359.0700000000
1790047123644,4359.0900000000,4359.2000000000
1790047124046,4359.5400000000,4359.6500000000
1790047124449,4359.6100000000,4359.7200000000
1790047124852,4359.6000000000,4359.7100000000
1790047125254,4359.3900000000,4359.5100000000
1790047125657,4359.3600000000,4359.4800000000
1790047126462,4359.3500000000,4359.4600000000
1790047126864,4359.4500000000,4359.5600000000
1790047127267,4359.4400000000,4359.5500000000
1790047127670,4359.4500000000,4359.5600000000
1790047128474,4359.5700000000,4359.6700000000
1790047128877,4359.6700000000,4359.7700000000
1790047129279,4359.7200000000,4359.8100000000
1790047129682,4359.8000000000,4359.8900000000
1790047130084,4359.8500000000,4359.9400000000
1790047130487,4359.8700000000,4359.9600000000
1790047130890,4359.9300000000,4360.0200000000
1790047131291,4359.8800000000,4359.9700000000
1790047131694,4359.8700000000,4359.9600000000
1790047132097,4359.9100000000,4360.0000000000
1790047132902,4359.6400000000,4359.7300000000
1790047133304,4359.6000000000,4359.6900000000
1790047133707,4359.4600000000,4359.5500000000
1790047134513,4359.4700000000,4359.5600000000
1790047134916,4359.4600000000,4359.5500000000
1790047135320,4359.6500000000,4359.7400000000
1790047135723,4359.6600000000,4359.7500000000
1790047136127,4359.6400000000,4359.7300000000
1790047136530,4359.5100000000,4359.6000000000
1790047137335,4359.5400000000,4359.6300000000
1790047137738,4359.5700000000,4359.6600000000
1790047138140,4359.7400000000,4359.8300000000
1790047139347,4359.6800000000,4359.7700000000
1790047139750,4359.6500000000,4359.7400000000
1790047140153,4359.7600000000,4359.8500000000
1790047140555,4359.6200000000,4359.7100000000
1790047140958,4359.3500000000,4359.4400000000
1790047141360,4359.3100000000,4359.4000000000
1790047141763,4359.3400000000,4359.4300000000
1790047142165,4359.3700000000,4359.4600000000
1790047142567,4359.6300000000,4359.7200000000
1790047142969,4359.6500000000,4359.7400000000
1790047143372,4359.6700000000,4359.7600000000
1790047143774,4359.6400000000,4359.7300000000
1790047144579,4359.6600000000,4359.7500000000
1790047144981,4359.6300000000,4359.7200000000
1790047145384,4359.6600000000,4359.7500000000
1790047145787,4359.7100000000,4359.8000000000
1790047146188,4359.6400000000,4359.7300000000
1790047146994,4360.8700000000,4360.9600000000
1790047147398,4360.8300000000,4360.9200000000
1790047147800,4360.7200000000,4360.8100000000
1790047148203,4360.6900000000,4360.8200000000
1790047148606,4360.6800000000,4360.8100000000
1790047149008,4360.6300000000,4360.7600000000
1790047149411,4360.5700000000,4360.7000000000
1790047150218,4360.3200000000,4360.4400000000
1790047150620,4360.3400000000,4360.4600000000
1790047151023,4360.3600000000,4360.4800000000
1790047151425,4360.2200000000,4360.3400000000
1790047151828,4360.1300000000,4360.2500000000
1790047152231,4360.0300000000,4360.1500000000
1790047152634,4360.0200000000,4360.1400000000
1790047153036,4360.1400000000,4360.2600000000
1790047153438,4360.1400000000,4360.2500000000
1790047153841,4359.9800000000,4360.0900000000
1790047154243,4359.9500000000,4360.0600000000
1790047154646,4359.9600000000,4360.0700000000
1790047155048,4359.9900000000,4360.1000000000
1790047156255,4360.0000000000,4360.1000000000
1790047156658,4359.9900000000,4360.0900000000
1790047157060,4359.9800000000,4360.0800000000
1790047157462,4359.9800000000,4360.0700000000
1790047157864,4359.9100000000,4360.0000000000
1790047158267,4359.9800000000,4360.0700000000
1790047158670,4360.3900000000,4360.4800000000
1790047159072,4360.3600000000,4360.4500000000
1790047159475,4360.3300000000,4360.4200000000
1790047160280,4360.4000000000,4360.4900000000
1790047160683,4360.4200000000,4360.5100000000
1790047161085,4360.4300000000,4360.5200000000
1790047161488,4360.4600000000,4360.5500000000
1790047161890,4360.4500000000,4360.5400000000
1790047162293,4360.5700000000,4360.6600000000
1790047162696,4360.6500000000,4360.7400000000
1790047163502,4360.7400000000,4360.8300000000
1790047163905,4360.7500000000,4360.8400000000
1790047164710,4360.4200000000,4360.5100000000
1790047165113,4360.4100000000,4360.5000000000
1790047165515,4360.4300000000,4360.5200000000
1790047165918,4360.6600000000,4360.7500000000
1790047166723,4360.7100000000,4360.8000000000
1790047167125,4360.7300000000,4360.8200000000
1790047168334,4360.7500000000,4360.8400000000
1790047169139,4360.8300000000,4360.9200000000
1790047169944,4360.8900000000,4360.9800000000
1790047170347,4360.9000000000,4360.9900000000
1790047171152,4360.7000000000,4360.7900000000
1790047171555,4360.6700000000,4360.7600000000
1790047171957,4360.6600000000,4360.7500000000
1790047172359,4360.6300000000,4360.7200000000
1790047173265,4360.7700000000,4360.8600000000
1790047173567,4360.7100000000,4360.8000000000
1790047174372,4360.6600000000,4360.7500000000
1790047174774,4360.6700000000,4360.7600000000
1790047175177,4360.6200000000,4360.7100000000
1790047175982,4360.5500000000,4360.6400000000
1790047176888,4360.5400000000,4360.6300000000
1790047177693,4360.5600000000,4360.6500000000
1790047179303,4360.5500000000,4360.6400000000
1790047179705,4360.5200000000,4360.6100000000
1790047180108,4360.2500000000,4360.3400000000
1790047180511,4360.2200000000,4360.3100000000
1790047180913,4360.1600000000,4360.2500000000
1790047181316,4360.1400000000,4360.2300000000
1790047181718,4360.2000000000,4360.2900000000
1790047182121,4360.2300000000,4360.3200000000
1790047182523,4360.2600000000,4360.3500000000
1790047182925,4360.2700000000,4360.3600000000
1790047184132,4360.0700000000,4360.1600000000
1790047184938,4360.1400000000,4360.2300000000
1790047185340,4360.1300000000,4360.2200000000
1790047185742,4360.1200000000,4360.2100000000
1790047186145,4360.1500000000,4360.2400000000
1790047186950,4360.1100000000,4360.2000000000
1790047187353,4359.9600000000,4360.0500000000
1790047188158,4360.6000000000,4360.6900000000
1790047188559,4360.7100000000,4360.8000000000
1790047188962,4360.6800000000,4360.7700000000
1790047189364,4360.4900000000,4360.6100000000
1790047189767,4360.4200000000,4360.5400000000
1790047190169,4360.3900000000,4360.5100000000
1790047191779,4360.8300000000,4360.9500000000
1790047192182,4360.8300000000,4360.9600000000
1790047192987,4360.9700000000,4361.1000000000
1790047193390,4361.0000000000,4361.1200000000
1790047194196,4361.4000000000,4361.5300000000
1790047194597,4361.2700000000,4361.4000000000
1790047195000,4361.1700000000,4361.3000000000
1790047195403,4361.1200000000,4361.2400000000
1790047195805,4361.0000000000,4361.1200000000
1790047196209,4360.9700000000,4361.0900000000
1790047196612,4360.7800000000,4360.9000000000
1790047197015,4360.6600000000,4360.7800000000
1790047197417,4360.6800000000,4360.8000000000
1790047197820,4360.7600000000,4360.8800000000
1790047198222,4360.8000000000,4360.9100000000
1790047198625,4360.7800000000,4360.8900000000
1790047199028,4360.7700000000,4360.8800000000
1790047199430,4360.7700000000,4360.8700000000
1790047199832,4360.8200000000,4360.9200000000
1790047200235,4360.8700000000,4360.9600000000
1790047200638,4360.8900000000,4360.9800000000
1790047201040,4360.9100000000,4361.0000000000
1790047201445,4361.0500000000,4361.1400000000
1790047201847,4361.2500000000,4361.3400000000
1790047202249,4361.1900000000,4361.2800000000
1790047202652,4361.2400000000,4361.3300000000
1790047203055,4361.1600000000,4361.2500000000
1790047203457,4361.1500000000,4361.2400000000
1790047203859,4361.3300000000,4361.4200000000
1790047204262,4361.3100000000,4361.4000000000
1790047204664,4361.2800000000,4361.3700000000
1790047205067,4361.3100000000,4361.4000000000
1790047205470,4361.3200000000,4361.4100000000
1790047205872,4361.4800000000,4361.5700000000
1790047206275,4361.5100000000,4361.6000000000
1790047206679,4361.4900000000,4361.5800000000
1790047207082,4361.5300000000,4361.6200000000
1790047207484,4361.5500000000,4361.6400000000
1790047207887,4361.5000000000,4361.5900000000
1790047208291,4361.4900000000,4361.5800000000
1790047209098,4361.5100000000,4361.6000000000
1790047210307,4361.9600000000,4362.0500000000
1790047210709,4362.0200000000,4362.1100000000
1790047211112,4362.0100000000,4362.1000000000
1790047211514,4361.8400000000,4361.9300000000
1790047212319,4361.8100000000,4361.9000000000
1790047213124,4361.5800000000,4361.6700000000
1790047213526,4361.5100000000,4361.6000000000
1790047213929,4361.5300000000,4361.6200000000
1790047214332,4361.5700000000,4361.6600000000
1790047214734,4361.5500000000,4361.6400000000
1790047215539,4361.5900000000,4361.6800000000
1790047215942,4361.5000000000,4361.5900000000
1790047216344,4361.5100000000,4361.6000000000
1790047217149,4361.5200000000,4361.6100000000
1790047217551,4361.4900000000,4361.5800000000
1790047218356,4361.5000000000,4361.5900000000
1790047218759,4361.4900000000,4361.5800000000
1790047219161,4360.8200000000,4360.9100000000
1790047219564,4360.7300000000,4360.8200000000
1790047219966,4360.7200000000,4360.8100000000
1790047220369,4360.6500000000,4360.7900000000
1790047221175,4360.6500000000,4360.7800000000
1790047221577,4360.6400000000,4360.7700000000
1790047221980,4360.6500000000,4360.7800000000
1790047222785,4360.4800000000,4360.6100000000
1790047223188,4360.1400000000,4360.2600000000
1790047223590,4360.0800000000,4360.2000000000
1790047223993,4360.0600000000,4360.1800000000
1790047224396,4360.0500000000,4360.1600000000
1790047224798,4360.3900000000,4360.5000000000
1790047225201,4360.1400000000,4360.2600000000
1790047225603,4360.1300000000,4360.2500000000
1790047226006,4360.1200000000,4360.2400000000
1790047226409,4360.1600000000,4360.2700000000
1790047226811,4360.2600000000,4360.3700000000
1790047227214,4360.2800000000,4360.3900000000
1790047228019,4360.3000000000,4360.4100000000
1790047228422,4360.2700000000,4360.3700000000
1790047228824,4360.2600000000,4360.3600000000
1790047229227,4360.2700000000,4360.3600000000
1790047230031,4360.2800000000,4360.3700000000
1790047230434,4360.3600000000,4360.4500000000
1790047230836,4360.4400000000,4360.5300000000
1790047231239,4360.3900000000,4360.4800000000
1790047231642,4360.3800000000,4360.4700000000
1790047232045,4360.3700000000,4360.4600000000
1790047232447,4359.8500000000,4359.9400000000
1790047232850,4359.7900000000,4359.8800000000
1790047233254,4359.7700000000,4359.8800000000
1790047233656,4359.7200000000,4359.8300000000
1790047234059,4359.7500000000,4359.8600000000
1790047234461,4359.7600000000,4359.8500000000
1790047234864,4359.7800000000,4359.8700000000
1790047236475,4359.9000000000,4359.9900000000
1790047236877,4359.9500000000,4360.0400000000
1790047237280,4359.7700000000,4359.8600000000
1790047237683,4359.7800000000,4359.8700000000
1790047238086,4359.7700000000,4359.8600000000
1790047238487,4359.6600000000,4359.7500000000
1790047239292,4359.6800000000,4359.7700000000
1790047239695,4359.9400000000,4360.0300000000
1790047240097,4359.9500000000,4360.0400000000
1790047240500,4359.8900000000,4359.9800000000
1790047241304,4359.8500000000,4359.9400000000
1790047241707,4359.8800000000,4359.9700000000
1790047242109,4359.8500000000,4359.9400000000
1790047242513,4359.8400000000,4359.9300000000
1790047242916,4359.6800000000,4359.7700000000
1790047243318,4359.6700000000,4359.7600000000
1790047243720,4359.7300000000,4359.8200000000
1790047244123,4359.7100000000,4359.8000000000
1790047244525,4359.7200000000,4359.8100000000
1790047246638,4359.7300000000,4359.8200000000
1790047247444,4359.7800000000,4359.8700000000
1790047248248,4359.8800000000,4359.9700000000
1790047248550,4359.7800000000,4359.8700000000
1790047249858,4359.7400000000,4359.8300000000
1790047253883,4359.8600000000,4359.9500000000
1790047254286,4359.9700000000,4360.0600000000
1790047254689,4360.0000000000,4360.0900000000
1790047255493,4359.8300000000,4359.9200000000
1790047255896,4359.8500000000,4359.9400000000
1790047257509,4359.9400000000,4360.0300000000
1790047258315,4360.2200000000,4360.3100000000
1790047258717,4360.2000000000,4360.2900000000
1790047259522,4360.4300000000,4360.5200000000
1790047259925,4360.4100000000,4360.5000000000
1790047260328,4360.3100000000,4360.4000000000
1790047260730,4360.2700000000,4360.3600000000
1790047261133,4360.3300000000,4360.4200000000
1790047261536,4360.3400000000,4360.4300000000
1790047261939,4360.3800000000,4360.4700000000
1790047262341,4360.3400000000,4360.4300000000
1790047263146,4360.3300000000,4360.4200000000
1790047263952,4360.3100000000,4360.4000000000
1790047264757,4360.4100000000,4360.5000000000
1790047265965,4360.3500000000,4360.4400000000
1790047267172,4360.3200000000,4360.4100000000
1790047267978,4360.4400000000,4360.5300000000
1790047269185,4360.4500000000,4360.5400000000
1790047270796,4360.4100000000,4360.5000000000
1790047271198,4360.4000000000,4360.4900000000
1790047272406,4360.4600000000,4360.5500000000
1790047272809,4360.4900000000,4360.5800000000
1790047273211,4360.5000000000,4360.5900000000
1790047274016,4361.1700000000,4361.2600000000
1790047274420,4361.1200000000,4361.2100000000
1790047274821,4361.1500000000,4361.2400000000
1790047275223,4361.1000000000,4361.2000000000
1790047275626,4361.0700000000,4361.1700000000
1790047276029,4361.0300000000,4361.1300000000
1790047276431,4361.0600000000,4361.1500000000
1790047276834,4361.1700000000,4361.2600000000
1790047277238,4361.1300000000,4361.2200000000
1790047277641,4361.2900000000,4361.3800000000
1790047278044,4361.3100000000,4361.4000000000
1790047278849,4361.1800000000,4361.2700000000
1790047279251,4361.2100000000,4361.3000000000
1790047279654,4361.2200000000,4361.3100000000
1790047280057,4361.2300000000,4361.3200000000
1790047280862,4360.9600000000,4361.0500000000
1790047281264,4360.9500000000,4361.0600000000
1790047281667,4361.0900000000,4361.2000000000
1790047282069,4361.0400000000,4361.1500000000
1790047283276,4361.0500000000,4361.1500000000
1790047283680,4361.4600000000,4361.5600000000
1790047284083,4361.5000000000,4361.6000000000
1790047284485,4361.4900000000,4361.6100000000
1790047284888,4361.5200000000,4361.6400000000
1790047286095,4361.6100000000,4361.7300000000
1790047286497,4360.9300000000,4361.0400000000
1790047286900,4360.6700000000,4360.7800000000
1790047287302,4360.4700000000,4360.6100000000
1790047287705,4360.5200000000,4360.6600000000
1790047288108,4360.3900000000,4360.5300000000
1790047288510,4360.4000000000,4360.5400000000
1790047289718,4360.4400000000,4360.5800000000
1790047290120,4360.6200000000,4360.7600000000
1790047290522,4360.6000000000,4360.7400000000
1790047291730,4360.6100000000,4360.7500000000
1790047292132,4360.6600000000,4360.7900000000
1790047292938,4360.5900000000,4360.7200000000
1790047293341,4360.5500000000,4360.6700000000
1790047293743,4360.5100000000,4360.6300000000
1790047294147,4360.4600000000,4360.5800000000
1790047294550,4360.4800000000,4360.6000000000
1790047294953,4360.4700000000,4360.5900000000
1790047295355,4360.2500000000,4360.3600000000
1790047295757,4359.8700000000,4359.9800000000
1790047296160,4359.8400000000,4359.9700000000
1790047296966,4359.9900000000,4360.1200000000
1790047297369,4359.9500000000,4360.0800000000
1790047298174,4359.9800000000,4360.1000000000
1790047298576,4359.9700000000,4360.0900000000
1790047298979,4360.0100000000,4360.1300000000
1790047299381,4360.0200000000,4360.1400000000
1790047299784,4359.9700000000,4360.0900000000
1790047300186,4360.0100000000,4360.1200000000
1790047300589,4359.9000000000,4360.0100000000
1790047300992,4359.8600000000,4359.9700000000
1790047301394,4359.8500000000,4359.9500000000
1790047302199,4359.8600000000,4359.9500000000
1790047303005,4359.8400000000,4359.9300000000
1790047303407,4360.0200000000,4360.1100000000
1790047303810,4360.0400000000,4360.1300000000
1790047304212,4360.0500000000,4360.1400000000
1790047304615,4360.0300000000,4360.1200000000
1790047305018,4359.9600000000,4360.0500000000
1790047305420,4360.0200000000,4360.1100000000
1790047306627,4360.0000000000,4360.0900000000
1790047307432,4359.9800000000,4360.0700000000
1790047308640,4360.0400000000,4360.1300000000
1790047309042,4359.9800000000,4360.0700000000
1790047309847,4360.0000000000,4360.0900000000
1790047310652,4360.0500000000,4360.1400000000
1790047311054,4360.2200000000,4360.3100000000
1790047311457,4360.4400000000,4360.5300000000
1790047311859,4360.4100000000,4360.5000000000
1790047312262,4360.4700000000,4360.5600000000
1790047312664,4360.4600000000,4360.5500000000
1790047313069,4360.4700000000,4360.5600000000
1790047313471,4360.4600000000,4360.5500000000
1790047313873,4360.4400000000,4360.5300000000
1790047314678,4360.4000000000,4360.4900000000
1790047315080,4360.4100000000,4360.5000000000
1790047316288,4360.4300000000,4360.5200000000
1790047316693,4360.4200000000,4360.5100000000
1790047317095,4360.4300000000,4360.5200000000
1790047317497,4360.4200000000,4360.5100000000
1790047317900,4360.3900000000,4360.4800000000
1790047319108,4360.4100000000,4360.5000000000
1790047320317,4360.4000000000,4360.4900000000
1790047320719,4360.1800000000,4360.2700000000
1790047321122,4360.1400000000,4360.2300000000
1790047321524,4360.1200000000,4360.2100000000
1790047321927,4360.0900000000,4360.1800000000
1790047322330,4360.0600000000,4360.1500000000
1790047322732,4360.0900000000,4360.1800000000
1790047323237,4360.0300000000,4360.1200000000
1790047323940,4360.0100000000,4360.1000000000
1790047324343,4360.0500000000,4360.1400000000
1790047324745,4360.0400000000,4360.1300000000
1790047325148,4360.0500000000,4360.1400000000
1790047327263,4360.0600000000,4360.1500000000
1790047327665,4359.9900000000,4360.0800000000
1790047328469,4359.9600000000,4360.0500000000
1790047328872,4359.9700000000,4360.0600000000
1790047329275,4360.0100000000,4360.1000000000
1790047330079,4359.7200000000,4359.8100000000
1790047330481,4359.0800000000,4359.1700000000
1790047330884,4359.0700000000,4359.1600000000
1790047331288,4359.0500000000,4359.1900000000
1790047331691,4358.9500000000,4359.0900000000
1790047332496,4358.8800000000,4359.0200000000
1790047332899,4358.9100000000,4359.0500000000
1790047333301,4358.9500000000,4359.0900000000
1790047333703,4358.9700000000,4359.1100000000
1790047334106,4358.9500000000,4359.0900000000
1790047334509,4358.9300000000,4359.0600000000
1790047335313,4358.9800000000,4359.1100000000
1790047335716,4358.9700000000,4359.1000000000
1790047336522,4358.9800000000,4359.1000000000
1790047336925,4358.8900000000,4359.0100000000
1790047337327,4358.9000000000,4359.0100000000
1790047337730,4358.8400000000,4358.9500000000
1790047338132,4358.7900000000,4358.9000000000
1790047338535,4358.7200000000,4358.8200000000
1790047339341,4358.7200000000,4358.8100000000
1790047339744,4358.7700000000,4358.8600000000
1790047340147,4359.0700000000,4359.1600000000
1790047340549,4359.0100000000,4359.1400000000
1790047340952,4359.0300000000,4359.1600000000
1790047342159,4359.0000000000,4359.1200000000
1790047342965,4359.0500000000,4359.1700000000
1790047343368,4359.0700000000,4359.1800000000
1790047343770,4359.1600000000,4359.2700000000
1790047344173,4359.1700000000,4359.2700000000
1790047344979,4359.2700000000,4359.3700000000
1790047345381,4359.2700000000,4359.3600000000
1790047345784,4359.3000000000,4359.3900000000
1790047346186,4359.3900000000,4359.4800000000
1790047346589,4359.4000000000,4359.4900000000
1790047346991,4359.3200000000,4359.4100000000
1790047347796,4359.4200000000,4359.5100000000
1790047348198,4359.4300000000,4359.5200000000
1790047348601,4359.4400000000,4359.5300000000
1790047349003,4359.4300000000,4359.5200000000
1790047350211,4359.4700000000,4359.5600000000
1790047352627,4359.9500000000,4360.0400000000
1790047353030,4359.7500000000,4359.8400000000
1790047353432,4359.8600000000,4359.9500000000
1790047353835,4359.7400000000,4359.8300000000
1790047354238,4359.7200000000,4359.8100000000
1790047354640,4359.6900000000,4359.7800000000
1790047355445,4360.0400000000,4360.1300000000
1790047355847,4360.0500000000,4360.1400000000
1790047356654,4360.1100000000,4360.2000000000
1790047357056,4360.0700000000,4360.1600000000
1790047357459,4360.1700000000,4360.2600000000
1790047357862,4360.1800000000,4360.2700000000
1790047358266,4360.1900000000,4360.2800000000
1790047358668,4360.1800000000,4360.2700000000
1790047359071,4360.1700000000,4360.2600000000
1790047359875,4360.1600000000,4360.2500000000
1790047360278,4360.1300000000,4360.2200000000
1790047360681,4360.3200000000,4360.4100000000
1790047361083,4360.3500000000,4360.4400000000
1790047361487,4360.3800000000,4360.4700000000
1790047363500,4360.5900000000,4360.6800000000
1790047363903,4360.6500000000,4360.7400000000
1790047364306,4360.6300000000,4360.7200000000
1790047365513,4360.6200000000,4360.7100000000
1790047365916,4360.6000000000,4360.6900000000
1790047366722,4360.5900000000,4360.6800000000
1790047367125,4360.5700000000,4360.6600000000
1790047368735,4360.3700000000,4360.4600000000
1790047369138,4360.3500000000,4360.4400000000
1790047369541,4360.3400000000,4360.4300000000
1790047369943,4360.3600000000,4360.4500000000
1790047370345,4360.4200000000,4360.5100000000
1790047370748,4360.4400000000,4360.5300000000
1790047371151,4360.5900000000,4360.6800000000
1790047372359,4360.6800000000,4360.7700000000
1790047372762,4360.7000000000,4360.7900000000
1790047373971,4360.7300000000,4360.8200000000
1790047374777,4360.7000000000,4360.7900000000
1790047375180,4360.7500000000,4360.8400000000
1790047375582,4360.7700000000,4360.8600000000
1790047376387,4360.7500000000,4360.8400000000
1790047377194,4360.7300000000,4360.8200000000
1790047378401,4360.7700000000,4360.8600000000
1790047379205,4360.6300000000,4360.7200000000
1790047379608,4360.5300000000,4360.6200000000
1790047380414,4360.3900000000,4360.4800000000
1790047380817,4360.5600000000,4360.6500000000
1790047381220,4360.5300000000,4360.6200000000
1790047381622,4360.5100000000,4360.6000000000
1790047382427,4360.3400000000,4360.4300000000
1790047383233,4360.3300000000,4360.4200000000
1790047383635,4360.3400000000,4360.4300000000
1790047384441,4360.4100000000,4360.5000000000
1790047385247,4360.4400000000,4360.5300000000
1790047385649,4360.8700000000,4360.9600000000
1790047386052,4360.9700000000,4361.0600000000
1790047386454,4360.9900000000,4361.1300000000
1790047387259,4360.9600000000,4361.0900000000
1790047387662,4360.9700000000,4361.1000000000
1790047388467,4360.9500000000,4361.0800000000
1790047388870,4361.2000000000,4361.3300000000
1790047389273,4361.1200000000,4361.2400000000
1790047389676,4361.0500000000,4361.1700000000
1790047390078,4361.0400000000,4361.1600000000
1790047390480,4361.0500000000,4361.1800000000
1790047391285,4361.2100000000,4361.3300000000
1790047391688,4361.2200000000,4361.3400000000
1790047392091,4361.2800000000,4361.4000000000
1790047392493,4361.2600000000,4361.3800000000
1790047393298,4361.2800000000,4361.3900000000
1790047393701,4361.2700000000,4361.3800000000
1790047394103,4361.2900000000,4361.3900000000
1790047394506,4361.2700000000,4361.3700000000
1790047395312,4361.2700000000,4361.3600000000
1790047395715,4361.2800000000,4361.3700000000
1790047396923,4361.3000000000,4361.3900000000
1790047397325,4361.2900000000,4361.3800000000
1790047397728,4361.2500000000,4361.3400000000
1790047398130,4361.2700000000,4361.3600000000
1790047398536,4361.2800000000,4361.3700000000
1790047399743,4361.6600000000,4361.7500000000
1790047400146,4361.6400000000,4361.7300000000
1790047400548,4361.7000000000,4361.7900000000
1790047400951,4361.7600000000,4361.8500000000
1790047401353,4361.7200000000,4361.8100000000
1790047401756,4361.7800000000,4361.8700000000
1790047402160,4361.6900000000,4361.7800000000
1790047402563,4361.8500000000,4361.9400000000
1790047402965,4361.8600000000,4361.9500000000
1790047403367,4362.0400000000,4362.1300000000
1790047403769,4362.0500000000,4362.1400000000
1790047404172,4362.0200000000,4362.1100000000
1790047404574,4362.2300000000,4362.3200000000
1790047404977,4362.2600000000,4362.3500000000
1790047405378,4362.3000000000,4362.3900000000
1790047405781,4362.3200000000,4362.4100000000
1790047406183,4362.3600000000,4362.4500000000
1790047406586,4362.3400000000,4362.4300000000
1790047406989,4362.3000000000,4362.3900000000
1790047407392,4362.3600000000,4362.4500000000
1790047407794,4362.3300000000,4362.4200000000
1790047408197,4362.2300000000,4362.3200000000
1790047408600,4362.1900000000,4362.2800000000
1790047409002,4362.0700000000,4362.1600000000
1790047409405,4362.0500000000,4362.1400000000
1790047409808,4361.9600000000,4362.0500000000
1790047410210,4361.9400000000,4362.0400000000
1790047410613,4361.9600000000,4362.0600000000
1790047411016,4361.8700000000,4361.9700000000
1790047411418,4361.8600000000,4361.9500000000
1790047411820,4361.8200000000,4361.9100000000
1790047412223,4361.8500000000,4361.9400000000
1790047412625,4362.0800000000,4362.1700000000
1790047413028,4362.4200000000,4362.5100000000
1790047413430,4362.3300000000,4362.4700000000
1790047413835,4362.3000000000,4362.4400000000
1790047414237,4362.2900000000,4362.4300000000
1790047415445,4362.3200000000,4362.4600000000
1790047415847,4362.1600000000,4362.3000000000
1790047416653,4362.1900000000,4362.3300000000
1790047417055,4362.3500000000,4362.4900000000
1790047417458,4362.3200000000,4362.4600000000
1790047417860,4362.3000000000,4362.4400000000
1790047418264,4362.3200000000,4362.4500000000
1790047419071,4362.3100000000,4362.4400000000
1790047419474,4362.3000000000,4362.4200000000
1790047419876,4362.3300000000,4362.4500000000
1790047420279,4362.4000000000,4362.5000000000
1790047420682,4362.3900000000,4362.4900000000
1790047421185,4362.4100000000,4362.5000000000
1790047421890,4362.4000000000,4362.4900000000
1790047422294,4362.3800000000,4362.4700000000
1790047422797,4362.4100000000,4362.5000000000
1790047423099,4362.4200000000,4362.5100000000
1790047424007,4362.4400000000,4362.5300000000
1790047424812,4362.4700000000,4362.5600000000
1790047425215,4362.5300000000,4362.6200000000
1790047425617,4362.4900000000,4362.5800000000
1790047427228,4362.4800000000,4362.5700000000
1790047427631,4362.4400000000,4362.5300000000
1790047428034,4362.4300000000,4362.5200000000
1790047429241,4362.4600000000,4362.5500000000
1790047429644,4362.4500000000,4362.5400000000
1790047430047,4362.4800000000,4362.5700000000
1790047432060,4362.5400000000,4362.6300000000
1790047432865,4362.4800000000,4362.5700000000
1790047434073,4362.5300000000,4362.6200000000
1790047434880,4362.5700000000,4362.6600000000
1790047435284,4362.5400000000,4362.6300000000
1790047435687,4362.4900000000,4362.5800000000
1790047436089,4362.5500000000,4362.6400000000
1790047436896,4362.3200000000,4362.4100000000
1790047438103,4362.3300000000,4362.4200000000
1790047438506,4362.2500000000,4362.3400000000
1790047439714,4361.8700000000,4361.9600000000
1790047440116,4361.8600000000,4361.9500000000
1790047440519,4361.8200000000,4361.9100000000
1790047440922,4361.3600000000,4361.4500000000
1790047441324,4361.2100000000,4361.3300000000
1790047441727,4361.0500000000,4361.1700000000
1790047442130,4361.0100000000,4361.1300000000
1790047442533,4361.0300000000,4361.1700000000
1790047442935,4361.0200000000,4361.1600000000
1790047443740,4361.0000000000,4361.1400000000
1790047444144,4360.9800000000,4361.1100000000
1790047444547,4360.8700000000,4361.0000000000
1790047444949,4360.8600000000,4360.9900000000
1790047445352,4360.8300000000,4360.9600000000
1790047445754,4360.8200000000,4360.9500000000
1790047446157,4360.8300000000,4360.9400000000
1790047446559,4360.6700000000,4360.7800000000
1790047446962,4360.7000000000,4360.8100000000
1790047447767,4360.7100000000,4360.8200000000
1790047448170,4360.7200000000,4360.8100000000
1790047449377,4361.0100000000,4361.1000000000
1790047449780,4361.0200000000,4361.1100000000
1790047450182,4361.0100000000,4361.1100000000
1790047450584,4360.9700000000,4361.0700000000
1790047451389,4360.7800000000,4360.8900000000
1790047451791,4360.7500000000,4360.8600000000
1790047452194,4360.7600000000,4360.8500000000
1790047452597,4360.8400000000,4360.9300000000
1790047453804,4360.8800000000,4360.9700000000
1790047454608,4360.8700000000,4360.9600000000
1790047455413,4360.8900000000,4360.9800000000
1790047456218,4360.8700000000,4360.9600000000
1790047456621,4360.8600000000,4360.9500000000
1790047457023,4361.0300000000,4361.1200000000
1790047457426,4361.0400000000,4361.1300000000
1790047457828,4361.1000000000,4361.1900000000
1790047458231,4361.1200000000,4361.2100000000
1790047458633,4361.1100000000,4361.2000000000
1790047460243,4361.1600000000,4361.2500000000
1790047460646,4361.1900000000,4361.2800000000
1790047461048,4361.1500000000,4361.2400000000
1790047461451,4361.1200000000,4361.2100000000
1790047461853,4361.0000000000,4361.0900000000
1790047462256,4360.9900000000,4361.0800000000
1790047462658,4360.9800000000,4361.0700000000
1790047463061,4360.9700000000,4361.0600000000
1790047464269,4360.9500000000,4361.0400000000
1790047464672,4360.9400000000,4361.0300000000
1790047465476,4361.1300000000,4361.2200000000
1790047465879,4361.2200000000,4361.3100000000
1790047466281,4361.2300000000,4361.3200000000
1790047466683,4361.2000000000,4361.2900000000
1790047467086,4361.1900000000,4361.2800000000
1790047467488,4361.1800000000,4361.2700000000
1790047468696,4361.1100000000,4361.2000000000
1790047469098,4361.1600000000,4361.2500000000
1790047469903,4361.1200000000,4361.2100000000
1790047470305,4361.1500000000,4361.2400000000
1790047470708,4361.1200000000,4361.2100000000
1790047471110,4361.1600000000,4361.2500000000
1790047471513,4361.1700000000,4361.2600000000
1790047472721,4361.1900000000,4361.2800000000
1790047473526,4361.2000000000,4361.2900000000
1790047473929,4361.2300000000,4361.3200000000
1790047475136,4361.1600000000,4361.2500000000
1790047475539,4361.1500000000,4361.2400000000
1790047475942,4361.1300000000,4361.2200000000
1790047476346,4361.0900000000,4361.1800000000
1790047476748,4361.1700000000,4361.2600000000
1790047477151,4361.2800000000,4361.3700000000
1790047477553,4361.3100000000,4361.4000000000
1790047478358,4361.2900000000,4361.3800000000
1790047478760,4361.1800000000,4361.2700000000
1790047479163,4361.2000000000,4361.2900000000
1790047479969,4361.2300000000,4361.3200000000
1790047481177,4361.2600000000,4361.3500000000
1790047481581,4361.2800000000,4361.3700000000
1790047482386,4361.2500000000,4361.3400000000
1790047482789,4361.2000000000,4361.2900000000
1790047483193,4361.2100000000,4361.3000000000
1790047483595,4361.2200000000,4361.3100000000
1790047483998,4361.2000000000,4361.2900000000
1790047484803,4361.1600000000,4361.2500000000
1790047485608,4361.1900000000,4361.2800000000
1790047486413,4361.1500000000,4361.2400000000
1790047486816,4361.1300000000,4361.2200000000
1790047487219,4360.9300000000,4361.0200000000
1790047487622,4360.9400000000,4361.0300000000
1790047488024,4360.9500000000,4361.0400000000
1790047488427,4360.9600000000,4361.0500000000
1790047488829,4360.9200000000,4361.0100000000
1790047489232,4360.9100000000,4361.0000000000
1790047489635,4360.9000000000,4360.9900000000
1790047490038,4360.8800000000,4360.9700000000
1790047491244,4360.8300000000,4360.9200000000
1790047491647,4360.8200000000,4360.9100000000
1790047492452,4360.7700000000,4360.8600000000
1790047493356,4360.9300000000,4361.0200000000
1790047493658,4360.9500000000,4361.0400000000
1790047494062,4360.9800000000,4361.0700000000
1790047494464,4361.0200000000,4361.1100000000
1790047495269,4361.0400000000,4361.1300000000
1790047496075,4361.0600000000,4361.1500000000
1790047496477,4361.0500000000,4361.1400000000
1790047496881,4361.1100000000,4361.2000000000
1790047497686,4361.1300000000,4361.2200000000
1790047499699,4361.1500000000,4361.2400000000
1790047500503,4361.1700000000,4361.2600000000
1790047505737,4361.1500000000,4361.2400000000
1790047506541,4361.0800000000,4361.1700000000
1790047507346,4361.1700000000,4361.2600000000
1790047508152,4361.1300000000,4361.2200000000
1790047509360,4361.1700000000,4361.2600000000
1790047509763,4361.1800000000,4361.2700000000
1790047510165,4361.1900000000,4361.2800000000
1790047510669,4361.1500000000,4361.2400000000
1790047512681,4361.1600000000,4361.2500000000
1790047513888,4361.1300000000,4361.2200000000
1790047514693,4361.1500000000,4361.2400000000
1790047515095,4361.1300000000,4361.2200000000
1790047516704,4361.0900000000,4361.1800000000
1790047517107,4361.0700000000,4361.1600000000
1790047517912,4361.0500000000,4361.1400000000
1790047520328,4360.6100000000,4360.7000000000
1790047520731,4360.5700000000,4360.6600000000
1790047521133,4360.5000000000,4360.6400000000
1790047521536,4360.5100000000,4360.6500000000
1790047521938,4360.5200000000,4360.6600000000
1790047522343,4360.5600000000,4360.6900000000
1790047522745,4360.7700000000,4360.9000000000
1790047523148,4360.6500000000,4360.7800000000
1790047523551,4360.6600000000,4360.7900000000
1790047523954,4360.6300000000,4360.7600000000
1790047524759,4360.5800000000,4360.7100000000
1790047525162,4360.4500000000,4360.5700000000
1790047525564,4360.4400000000,4360.5600000000
1790047525967,4360.4100000000,4360.5300000000
1790047526369,4360.5000000000,4360.6200000000
1790047527576,4360.3700000000,4360.4900000000
1790047527979,4360.3600000000,4360.4800000000
1790047528381,4360.2800000000,4360.3900000000
1790047528783,4360.2600000000,4360.3700000000
1790047529186,4360.0600000000,4360.1700000000
1790047529589,4360.0700000000,4360.1800000000
1790047529992,4360.1400000000,4360.2500000000
1790047530394,4360.0800000000,4360.2000000000
1790047530797,4360.0700000000,4360.1900000000
1790047531199,4359.5000000000,4359.6200000000
1790047531603,4359.3600000000,4359.4800000000
1790047532006,4359.5500000000,4359.6700000000
1790047532409,4359.5300000000,4359.6700000000
1790047533617,4359.4700000000,4359.6100000000
1790047534019,4359.6500000000,4359.7900000000
1790047534421,4359.6200000000,4359.7600000000
1790047534824,4359.6100000000,4359.7500000000
1790047536032,4359.5400000000,4359.6800000000
1790047536433,4359.5800000000,4359.7200000000
1790047536836,4359.4800000000,4359.6200000000
1790047537240,4359.4100000000,4359.5400000000
1790047537643,4359.4300000000,4359.5600000000
1790047538046,4359.4800000000,4359.6100000000
1790047538851,4359.4500000000,4359.5800000000
1790047539254,4359.4100000000,4359.5300000000
1790047539657,4359.2900000000,4359.4100000000
1790047540059,4359.1800000000,4359.3000000000
1790047540866,4359.2600000000,4359.3800000000
1790047542073,4359.2200000000,4359.3400000000
1790047542477,4359.1700000000,4359.2900000000
1790047543282,4359.3100000000,4359.4200000000
1790047544490,4359.2600000000,4359.3700000000
1790047545295,4358.9000000000,4359.0000000000
1790047545698,4359.0200000000,4359.1200000000
1790047546100,4359.0600000000,4359.1700000000
1790047546905,4359.0500000000,4359.1600000000
1790047547307,4359.0700000000,4359.1900000000
1790047548112,4359.0300000000,4359.1400000000
1790047548515,4359.0500000000,4359.1600000000
1790047548918,4359.1100000000,4359.2200000000
1790047549320,4359.1700000000,4359.2800000000
1790047549723,4359.1900000000,4359.3000000000
1790047550125,4359.0300000000,4359.1400000000
1790047550527,4359.1200000000,4359.2300000000
1790047550930,4359.2100000000,4359.3200000000
1790047551332,4359.2100000000,4359.3100000000
1790047552137,4359.2700000000,4359.3700000000
1790047552539,4359.2200000000,4359.3200000000
1790047552942,4359.0800000000,4359.1800000000
1790047553344,4359.0600000000,4359.1500000000
1790047553746,4359.0400000000,4359.1300000000
1790047554149,4359.0300000000,4359.1300000000
1790047554551,4359.0200000000,4359.1200000000
1790047555356,4359.0200000000,4359.1100000000
1790047555759,4359.0100000000,4359.1000000000
1790047556161,4358.9900000000,4359.0800000000
1790047556967,4358.9800000000,4359.0700000000
1790047558177,4358.8400000000,4358.9300000000
1790047558983,4358.8200000000,4358.9100000000
1790047559386,4358.8100000000,4358.9000000000
1790047559788,4358.8000000000,4358.8900000000
1790047560191,4358.8000000000,4358.8900000000
1790047561398,4358.7500000000,4358.8400000000
1790047561901,4358.7800000000,4358.8700000000
1790047562203,4358.9700000000,4359.0600000000
1790047562606,4358.9300000000,4359.0200000000
1790047563109,4358.9500000000,4359.0400000000
1790047563513,4359.0500000000,4359.1400000000
1790047563916,4358.9800000000,4359.0700000000
1790047564318,4358.9600000000,4359.0500000000
1790047564721,4359.0300000000,4359.1200000000
1790047565124,4359.0400000000,4359.1300000000
1790047566331,4359.0100000000,4359.1000000000
1790047568345,4359.0900000000,4359.1800000000
1790047568748,4359.0100000000,4359.1000000000
1790047569150,4358.9600000000,4359.0500000000
1790047569552,4359.0400000000,4359.1300000000
1790047569955,4358.9700000000,4359.0600000000
1790047570759,4358.9500000000,4359.0400000000
1790047571162,4358.8400000000,4358.9300000000
1790047571564,4358.8700000000,4358.9600000000
1790047572772,4358.8500000000,4358.9400000000
1790047573174,4358.8100000000,4358.9000000000
1790047573577,4358.8300000000,4358.9200000000
1790047574381,4358.8400000000,4358.9300000000
1790047574784,4358.8300000000,4358.9200000000
1790047575590,4358.8600000000,4358.9500000000
1790047576395,4358.8500000000,4358.9400000000
1790047576797,4358.8300000000,4358.9200000000
1790047577200,4358.8600000000,4358.9500000000
1790047577603,4358.8300000000,4358.9200000000
1790047578006,4358.8000000000,4358.8900000000
1790047578408,4358.7800000000,4358.8700000000
1790047578811,4358.7700000000,4358.8600000000
1790047579213,4358.8100000000,4358.9000000000
1790047579615,4358.8400000000,4358.9300000000
1790047580018,4358.8300000000,4358.9200000000
1790047580823,4358.8700000000,4358.9600000000
1790047582433,4358.7700000000,4358.8600000000
1790047582836,4358.7500000000,4358.8400000000
1790047583238,4358.7400000000,4358.8300000000
1790047583641,4358.7600000000,4358.8500000000
1790047584044,4358.6700000000,4358.7600000000
1790047584849,4358.8400000000,4358.9300000000
1790047585251,4358.8500000000,4358.9400000000
1790047586057,4359.3900000000,4359.4800000000
1790047586459,4359.4600000000,4359.5500000000
1790047586862,4359.4400000000,4359.5300000000
1790047587265,4359.4300000000,4359.5700000000
1790047587667,4359.4000000000,4359.5400000000
1790047588473,4359.4100000000,4359.5500000000
1790047588875,4359.3900000000,4359.5300000000
1790047589278,4359.3900000000,4359.5200000000
1790047589680,4359.4000000000,4359.5300000000
1790047590083,4359.2600000000,4359.3900000000
1790047590485,4359.1400000000,4359.2700000000
1790047590888,4359.0900000000,4359.2200000000
1790047591694,4359.1600000000,4359.2900000000
1790047592096,4358.9000000000,4359.0300000000
1790047592499,4359.0300000000,4359.1600000000
1790047592901,4359.2100000000,4359.3400000000
1790047593304,4359.3200000000,4359.4400000000
1790047594109,4359.3000000000,4359.4300000000
1790047594915,4359.2900000000,4359.4200000000
1790047595318,4359.2700000000,4359.3900000000
1790047596123,4359.2500000000,4359.3700000000
1790047596525,4359.2400000000,4359.3600000000
1790047596928,4359.1800000000,4359.3000000000
1790047597330,4359.1700000000,4359.2800000000
1790047598135,4359.1800000000,4359.2800000000
1790047598537,4359.1700000000,4359.2700000000
1790047598940,4359.1900000000,4359.2900000000
1790047599343,4359.2600000000,4359.3500000000
1790047599746,4359.2900000000,4359.3800000000
1790047600148,4359.3600000000,4359.4500000000
1790047600954,4359.3500000000,4359.4400000000
1790047602967,4359.3400000000,4359.4300000000
1790047603772,4359.3600000000,4359.4500000000
1790047604174,4359.3700000000,4359.4600000000
1790047604979,4359.3800000000,4359.4700000000
1790047605381,4359.3900000000,4359.4800000000
1790047606186,4359.5700000000,4359.6600000000
1790047606589,4359.5900000000,4359.6800000000
1790047606992,4359.6100000000,4359.7000000000
1790047607394,4359.6000000000,4359.6900000000
1790047607797,4359.6100000000,4359.7000000000
1790047608200,4359.6000000000,4359.6900000000
1790047609005,4359.6100000000,4359.7000000000
1790047610614,4359.6300000000,4359.7200000000
1790047611017,4359.5900000000,4359.6800000000
1790047611420,4359.6100000000,4359.7000000000
1790047612225,4359.6400000000,4359.7300000000
1790047612628,4359.6200000000,4359.7100000000
1790047614237,4359.5900000000,4359.6800000000
1790047615043,4359.6000000000,4359.6900000000
1790047615445,4359.5600000000,4359.6500000000
1790047615848,4359.6100000000,4359.7000000000
1790047616250,4359.4800000000,4359.5700000000
1790047616653,4359.4900000000,4359.5800000000
1790047617056,4359.5000000000,4359.5900000000
1790047617460,4359.4800000000,4359.5700000000
1790047617862,4359.4700000000,4359.5600000000
1790047618365,4359.3700000000,4359.4600000000
1790047618768,4359.3600000000,4359.4500000000
1790047619170,4359.3700000000,4359.4600000000
1790047620377,4359.4200000000,4359.5100000000
1790047620780,4359.4500000000,4359.5400000000
1790047621183,4359.6600000000,4359.7500000000
1790047621585,4359.6900000000,4359.7800000000
1790047621988,4359.7200000000,4359.8100000000
1790047622390,4359.8300000000,4359.9200000000
1790047622793,4359.8000000000,4359.8900000000
1790047623196,4359.7600000000,4359.8500000000
1790047623598,4359.5400000000,4359.6300000000
1790047624000,4359.5100000000,4359.6000000000
1790047624403,4359.4600000000,4359.5800000000
1790047624805,4359.3700000000,4359.4900000000
1790047625208,4359.3600000000,4359.4700000000
1790047626013,4359.3500000000,4359.4600000000
1790047626818,4359.3000000000,4359.4100000000
1790047627221,4359.3500000000,4359.4500000000
1790047627623,4359.3600000000,4359.4600000000
1790047628026,4359.3900000000,4359.4900000000
1790047628428,4359.4000000000,4359.4900000000
1790047629636,4359.3200000000,4359.4100000000
1790047630443,4359.2800000000,4359.3700000000
1790047631247,4359.2700000000,4359.3600000000
1790047631650,4359.2600000000,4359.3500000000
1790047632455,4359.3500000000,4359.4400000000
1790047632857,4359.3700000000,4359.4600000000
1790047635273,4359.3200000000,4359.4100000000
1790047635676,4359.1500000000,4359.2400000000
1790047636480,4359.1800000000,4359.2700000000
1790047637285,4359.1100000000,4359.2000000000
1790047638897,4359.1000000000,4359.1900000000
1790047639299,4359.0500000000,4359.1400000000
1790047639702,4359.0000000000,4359.0900000000
1790047640506,4358.9900000000,4359.0800000000
1790047641312,4358.7500000000,4358.8400000000
1790047641715,4358.7400000000,4358.8300000000
1790047642117,4358.9500000000,4359.0500000000
1790047642520,4359.0400000000,4359.1400000000
1790047642923,4359.0800000000,4359.1800000000
1790047643325,4359.0700000000,4359.2100000000
1790047644130,4359.0800000000,4359.2200000000
1790047644935,4359.0700000000,4359.2100000000
1790047645337,4359.0700000000,4359.2000000000
1790047646142,4359.0600000000,4359.1800000000
1790047646544,4359.1000000000,4359.2200000000
1790047646947,4359.1100000000,4359.2300000000
1790047647349,4359.1300000000,4359.2400000000
1790047648155,4359.1100000000,4359.2100000000
1790047649363,4359.1200000000,4359.2100000000
1790047649765,4359.1400000000,4359.2300000000
1790047650570,4359.1500000000,4359.2400000000
1790047650973,4359.1200000000,4359.2100000000
1790047651778,4359.1300000000,4359.2200000000
1790047652989,4359.1200000000,4359.2100000000
1790047653391,4359.1600000000,4359.2500000000
1790047653794,4359.2600000000,4359.3500000000
1790047654599,4359.2200000000,4359.3100000000
1790047655807,4359.1900000000,4359.2800000000
1790047656209,4359.1800000000,4359.2700000000
1790047657015,4359.2000000000,4359.2900000000
1790047657419,4359.1900000000,4359.2800000000
1790047657821,4359.0600000000,4359.1500000000
1790047658225,4359.0400000000,4359.1300000000
1790047659030,4359.0200000000,4359.1100000000
1790047661066,4358.9400000000,4359.0300000000
1790047661872,4358.9300000000,4359.0200000000
1790047662275,4358.9200000000,4359.0100000000
1790047662677,4358.9800000000,4359.0700000000
1790047663080,4358.8600000000,4358.9500000000
1790047663484,4358.8200000000,4358.9100000000
1790047663886,4358.8400000000,4358.9300000000
1790047664288,4358.7400000000,4358.8300000000
1790047664691,4358.6900000000,4358.7800000000
1790047665094,4358.6500000000,4358.7400000000
1790047665497,4358.7500000000,4358.8400000000
1790047665900,4358.7400000000,4358.8300000000
1790047666303,4358.7300000000,4358.8300000000
1790047666706,4358.7400000000,4358.8400000000
1790047667109,4358.7400000000,4358.8300000000
1790047668719,4358.2900000000,4358.3800000000
1790047669121,4358.2300000000,4358.3200000000
1790047669524,4358.2200000000,4358.3100000000
1790047669927,4358.3100000000,4358.4000000000
1790047670329,4358.2800000000,4358.4200000000
1790047671135,4358.3000000000,4358.4400000000
1790047671538,4358.2700000000,4358.4100000000
1790047671941,4358.3100000000,4358.4500000000
1790047672344,4358.2800000000,4358.4100000000
1790047672746,4358.2200000000,4358.3500000000
1790047673149,4358.2200000000,4358.3400000000
1790047673552,4358.1600000000,4358.2800000000
1790047673956,4358.3700000000,4358.4900000000
1790047674358,4358.3800000000,4358.4900000000
1790047674761,4358.3400000000,4358.4500000000
1790047675164,4358.3000000000,4358.4400000000
1790047675567,4358.2200000000,4358.3600000000
1790047676372,4358.1700000000,4358.3000000000
1790047676775,4358.0900000000,4358.2200000000
1790047677177,4358.1200000000,4358.2400000000
1790047677983,4358.1700000000,4358.2900000000
1790047678386,4358.3200000000,4358.4300000000
1790047678788,4358.7600000000,4358.8700000000
1790047679191,4358.7200000000,4358.8600000000
1790047679594,4358.7300000000,4358.8700000000
1790047679997,4358.9800000000,4359.1200000000
1790047680399,4358.9900000000,4359.1300000000
1790047680802,4359.0400000000,4359.1800000000
1790047681607,4359.0700000000,4359.2100000000
1790047683217,4359.0500000000,4359.1900000000
1790047683619,4359.0400000000,4359.1800000000
1790047684022,4359.0500000000,4359.1900000000
1790047684828,4359.0000000000,4359.1400000000
1790047685231,4359.0000000000,4359.1300000000
1790047686439,4359.0600000000,4359.1800000000
1790047686842,4359.0300000000,4359.1500000000
1790047687244,4359.0200000000,4359.1400000000
1790047688049,4359.0100000000,4359.1300000000
1790047688452,4358.9200000000,4359.0300000000
1790047688855,4358.8600000000,4358.9700000000
1790047689257,4358.8700000000,4358.9700000000
1790047689659,4358.7400000000,4358.8400000000
1790047690062,4358.8300000000,4358.9300000000
1790047690464,4358.7900000000,4358.9000000000
1790047690867,4358.7500000000,4358.8600000000
1790047691370,4358.7500000000,4358.8500000000
1790047691772,4358.7300000000,4358.8300000000
1790047692175,4358.7400000000,4358.8300000000
1790047692577,4358.7600000000,4358.8500000000
1790047692980,4358.7500000000,4358.8400000000
1790047693383,4358.7300000000,4358.8200000000
1790047694188,4358.7600000000,4358.8500000000
1790047696201,4358.7400000000,4358.8300000000
1790047697005,4358.9000000000,4358.9900000000
1790047697407,4358.9500000000,4359.0400000000
1790047697810,4358.8800000000,4358.9700000000
1790047698214,4358.8900000000,4358.9800000000
1790047698616,4358.9600000000,4359.0500000000
1790047699019,4358.8900000000,4358.9800000000
1790047699421,4358.9100000000,4359.0000000000
1790047699824,4358.9200000000,4359.0100000000
1790047700629,4358.9400000000,4359.0300000000
1790047701435,4358.9500000000,4359.0400000000
1790047702645,4358.9600000000,4359.0500000000
1790047703450,4358.9100000000,4359.0000000000
1790047703852,4358.9400000000,4359.0300000000
1790047704255,4358.9000000000,4358.9900000000
1790047704658,4358.8200000000,4358.9100000000
1790047705060,4358.7800000000,4358.8700000000
1790047705464,4358.8400000000,4358.9300000000
1790047705867,4358.8600000000,4358.9500000000
1790047706269,4358.9900000000,4359.0800000000
1790047706671,4359.0500000000,4359.1400000000
1790047707476,4359.0400000000,4359.1300000000
1790047708282,4359.0000000000,4359.0900000000
1790047708684,4359.0100000000,4359.1000000000
1790047709087,4358.7500000000,4358.8400000000
1790047709891,4358.7900000000,4358.8800000000
1790047710294,4358.9000000000,4358.9900000000
1790047710697,4358.9300000000,4359.0200000000
1790047711502,4358.9200000000,4359.0100000000
1790047712307,4358.9400000000,4359.0300000000
1790047713514,4359.0400000000,4359.1300000000
1790047714320,4359.0800000000,4359.1700000000
1790047715126,4358.8000000000,4358.8900000000
1790047715528,4358.7700000000,4358.8600000000
1790047716333,4358.6500000000,4358.7800000000
1790047716736,4358.6900000000,4358.8200000000
1790047717139,4358.5900000000,4358.7200000000
1790047717541,4358.5700000000,4358.6900000000
1790047718347,4358.5800000000,4358.6900000000
1790047719152,4358.5800000000,4358.6800000000
1790047719555,4358.6200000000,4358.7200000000
1790047719957,4358.6400000000,4358.7400000000
1790047720360,4358.6200000000,4358.7200000000
1790047721165,4358.5800000000,4358.6700000000
1790047721568,4358.5700000000,4358.6600000000
1790047721970,4358.6000000000,4358.6900000000
1790047722373,4358.3900000000,4358.4800000000
1790047722775,4358.3700000000,4358.4600000000
1790047723982,4358.3300000000,4358.4200000000
1790047724788,4358.3500000000,4358.4400000000
1790047725190,4358.3700000000,4358.4600000000
1790047725592,4358.3800000000,4358.4700000000
1790047726396,4358.4000000000,4358.4900000000
1790047727201,4358.4200000000,4358.5100000000
1790047729214,4358.4400000000,4358.5300000000
1790047730019,4358.4800000000,4358.5700000000
1790047734045,4358.4600000000,4358.5500000000
1790047734447,4358.4700000000,4358.5600000000
1790047735253,4358.4800000000,4358.5700000000
1790047736461,4358.5000000000,4358.5900000000
1790047737266,4358.4600000000,4358.5500000000
1790047737671,4358.4500000000,4358.5400000000
1790047738475,4358.4600000000,4358.5500000000
1790047738878,4358.4700000000,4358.5600000000
1790047739280,4358.4600000000,4358.5500000000
1790047740489,4358.4600000000,4358.5500000000
1790047740891,4358.4700000000,4358.5600000000
1790047741697,4358.5000000000,4358.5900000000
1790047742100,4358.4700000000,4358.5600000000
1790047742501,4358.5500000000,4358.6400000000
1790047743709,4358.5400000000,4358.6300000000
1790047744112,4358.5600000000,4358.6500000000
1790047744514,4358.5500000000,4358.6400000000
1790047744917,4358.5300000000,4358.6200000000
1790047746125,4358.5700000000,4358.6600000000
1790047748239,4358.5500000000,4358.6400000000
1790047748641,4358.5700000000,4358.6600000000
1790047749447,4358.6100000000,4358.7000000000
1790047752669,4358.5000000000,4358.5900000000
1790047753071,4358.2200000000,4358.3100000000
1790047753474,4358.1300000000,4358.2700000000
1790047753875,4358.0000000000,4358.1400000000
1790047755083,4357.9800000000,4358.1200000000
1790047755485,4357.9500000000,4358.0800000000
1790047755887,4357.9400000000,4358.0700000000
1790047756291,4357.9200000000,4358.0400000000
1790047758302,4357.9300000000,4358.0400000000
1790047760314,4357.9300000000,4358.0300000000
1790047761522,4357.9400000000,4358.0300000000
1790047763133,4358.0300000000,4358.1200000000
1790047763536,4358.0100000000,4358.1000000000
1790047765146,4358.0000000000,4358.0900000000
1790047765549,4358.0500000000,4358.1400000000
1790047766756,4358.0400000000,4358.1300000000
1790047767562,4358.0600000000,4358.1500000000
1790047767964,4358.0900000000,4358.1800000000
1790047768770,4358.0500000000,4358.1400000000
1790047769172,4357.9800000000,4358.0700000000
1790047770783,4357.9700000000,4358.0600000000
1790047771185,4357.9900000000,4358.0800000000
1790047771589,4357.9700000000,4358.0600000000
1790047771992,4358.0000000000,4358.0900000000
1790047773603,4358.4500000000,4358.5400000000
1790047774005,4358.5000000000,4358.5900000000
1790047774408,4358.4300000000,4358.5700000000
1790047774811,4358.4200000000,4358.5600000000
1790047775213,4358.4300000000,4358.5600000000
1790047775615,4358.3600000000,4358.4900000000
1790047776018,4358.3400000000,4358.4700000000
1790047776420,4358.3900000000,4358.5200000000
1790047776823,4358.4000000000,4358.5300000000
1790047777225,4358.4600000000,4358.5900000000
1790047777628,4358.3900000000,4358.5200000000
1790047778030,4358.3600000000,4358.4900000000
1790047778433,4358.3700000000,4358.4900000000
1790047778836,4358.3500000000,4358.4700000000
1790047780043,4358.2900000000,4358.4100000000
1790047780445,4358.2800000000,4358.3900000000
1790047781251,4358.2800000000,4358.3800000000
1790047781653,4358.1700000000,4358.2700000000
1790047782459,4358.1900000000,4358.2900000000
1790047782861,4358.2100000000,4358.3100000000
1790047783264,4358.2300000000,4358.3300000000
1790047784068,4358.2700000000,4358.3700000000
1790047784470,4358.2000000000,4358.2900000000
1790047784873,4358.1600000000,4358.2500000000
1790047785275,4358.1500000000,4358.2400000000
1790047786482,4358.5800000000,4358.6700000000
1790047786885,4358.6700000000,4358.7600000000
1790047787289,4358.6400000000,4358.7800000000
1790047788095,4358.6300000000,4358.7700000000
1790047788498,4358.6500000000,4358.7900000000
1790047788900,4358.6400000000,4358.7800000000
1790047789302,4358.6700000000,4358.8100000000
1790047789704,4358.7200000000,4358.8600000000
1790047790107,4358.7100000000,4358.8500000000
1790047790510,4358.5900000000,4358.7300000000
1790047790912,4358.5600000000,4358.7000000000
1790047791315,4358.5400000000,4358.6800000000
1790047792120,4358.5100000000,4358.6400000000
1790047793327,4358.5200000000,4358.6400000000
1790047794133,4358.1700000000,4358.2900000000
1790047794536,4358.1800000000,4358.3000000000
1790047794938,4358.2200000000,4358.3400000000
1790047795341,4358.2500000000,4358.3800000000
1790047796146,4358.2900000000,4358.4200000000
1790047797354,4358.3400000000,4358.4600000000
1790047798160,4358.3500000000,4358.4600000000
1790047799367,4358.3500000000,4358.4500000000
1790047799770,4358.3400000000,4358.4400000000
1790047800172,4358.3300000000,4358.4200000000
1790047800575,4357.7000000000,4357.7900000000
1790047800977,4357.9000000000,4357.9900000000
1790047801380,4358.0600000000,4358.2000000000
1790047801784,4358.1400000000,4358.2800000000
1790047802185,4358.2700000000,4358.4100000000
1790047802588,4358.1900000000,4358.3300000000
1790047802991,4357.9600000000,4358.1000000000
1790047803393,4357.9400000000,4358.0800000000
1790047804198,4357.9200000000,4358.0600000000
1790047804601,4358.2000000000,4358.3400000000
1790047805004,4358.2800000000,4358.4200000000
1790047805406,4358.2500000000,4358.3900000000
1790047805809,4358.4800000000,4358.6200000000
1790047806211,4358.5100000000,4358.6500000000
1790047806614,4358.4300000000,4358.5700000000
1790047807016,4358.1300000000,4358.2700000000
1790047807419,4358.0800000000,4358.2200000000
1790047807822,4358.0500000000,4358.1900000000
1790047808226,4358.0400000000,4358.1700000000
1790047808628,4357.9400000000,4358.0700000000
1790047809433,4357.9200000000,4358.0500000000
1790047809835,4357.9000000000,4358.0300000000
1790047810238,4357.9400000000,4358.0600000000
1790047810641,4357.9500000000,4358.0700000000
1790047811043,4357.9700000000,4358.0900000000
1790047811848,4358.0400000000,4358.1600000000
1790047812251,4358.0500000000,4358.1600000000
1790047812653,4358.0200000000,4358.1300000000
1790047814265,4358.0200000000,4358.1200000000
1790047814667,4358.0100000000,4358.1100000000
1790047815472,4358.1100000000,4358.2000000000
1790047815875,4358.1400000000,4358.2300000000
1790047816278,4358.1200000000,4358.2100000000
1790047817083,4358.0700000000,4358.1600000000
1790047817485,4358.1200000000,4358.2100000000
1790047817887,4358.2000000000,4358.2900000000
1790047819497,4358.2100000000,4358.3000000000
1790047819900,4358.3400000000,4358.4300000000
1790047820303,4358.3500000000,4358.4400000000
1790047820705,4358.3600000000,4358.4500000000
1790047821108,4358.3700000000,4358.4600000000
1790047821511,4358.2000000000,4358.2900000000
1790047821914,4358.1400000000,4358.2300000000
1790047823928,4358.1300000000,4358.2200000000
1790047825136,4358.0800000000,4358.1700000000
1790047825538,4358.0900000000,4358.1800000000
1790047826343,4358.1000000000,4358.1900000000
1790047827955,4358.0600000000,4358.1500000000
1790047828356,4358.7500000000,4358.8400000000
1790047828759,4358.7100000000,4358.8000000000
1790047829162,4358.6600000000,4358.7900000000
1790047829565,4358.7200000000,4358.8500000000
1790047829967,4358.7800000000,4358.9100000000
1790047830370,4358.5500000000,4358.6700000000
1790047830773,4358.4100000000,4358.5300000000
1790047831175,4358.3800000000,4358.5200000000
1790047831578,4358.2500000000,4358.3900000000
1790047831980,4358.2000000000,4358.3400000000
1790047832383,4358.1300000000,4358.2700000000
1790047833188,4358.1400000000,4358.2700000000
1790047833691,4358.5900000000,4358.7200000000
1790047834094,4358.6800000000,4358.8100000000
1790047834496,4358.7100000000,4358.8500000000
1790047834898,4358.7000000000,4358.8400000000
1790047835300,4358.7000000000,4358.8300000000
1790047836508,4358.7700000000,4358.9000000000
1790047836911,4358.8600000000,4358.9900000000
1790047837313,4358.8800000000,4359.0000000000
1790047838521,4358.8900000000,4359.0000000000
1790047838924,4358.9000000000,4359.0100000000
1790047839326,4358.8400000000,4358.9500000000
1790047839729,4359.0400000000,4359.1500000000
1790047840132,4359.1000000000,4359.2100000000
1790047840534,4359.1400000000,4359.2400000000
1790047840936,4359.1600000000,4359.2600000000
1790047841338,4359.1800000000,4359.2700000000
1790047841741,4359.1600000000,4359.2500000000
1790047842144,4359.1900000000,4359.2800000000
1790047843754,4359.1700000000,4359.2600000000
1790047844156,4359.1400000000,4359.2300000000
1790047845364,4359.0800000000,4359.1700000000
1790047845767,4359.0900000000,4359.1800000000
1790047848180,4359.0800000000,4359.1700000000
1790047849791,4358.7800000000,4358.8700000000
1790047850193,4358.7400000000,4358.8300000000
1790047850595,4358.6400000000,4358.7300000000
1790047850998,4358.2300000000,4358.3200000000
1790047851400,4358.2100000000,4358.3400000000
1790047851802,4358.1400000000,4358.2700000000
1790047852205,4358.2200000000,4358.3400000000
1790047852607,4358.2000000000,4358.3200000000
1790047853412,4358.2000000000,4358.3100000000
1790047854218,4358.2100000000,4358.3100000000
1790047855023,4358.1000000000,4358.2000000000
1790047855426,4358.0800000000,4358.1700000000
1790047855829,4358.0200000000,4358.1100000000
1790047856231,4358.0000000000,4358.0900000000
1790047856633,4357.7300000000,4357.8200000000
1790047857036,4357.1400000000,4357.2300000000
1790047857439,4356.8700000000,4357.0100000000
1790047857842,4356.6800000000,4356.8200000000
1790047858247,4356.8100000000,4356.9500000000
1790047858649,4356.8200000000,4356.9600000000
1790047859052,4356.7100000000,4356.8500000000
1790047859456,4356.7000000000,4356.8400000000
1790047859859,4356.9100000000,4357.0500000000
1790047860262,4356.8600000000,4356.9900000000
1790047860664,4356.7700000000,4356.9000000000
1790047861067,4356.7800000000,4356.9100000000
1790047861469,4356.7300000000,4356.8600000000
1790047861872,4356.8700000000,4357.0000000000
1790047862275,4357.1200000000,4357.2400000000
1790047862677,4357.4700000000,4357.5900000000
1790047863080,4357.6900000000,4357.8100000000
1790047863484,4357.8500000000,4357.9900000000
1790047863888,4357.8900000000,4358.0300000000
1790047864291,4357.9200000000,4358.0600000000
1790047865096,4357.9300000000,4358.0700000000
1790047866304,4357.9400000000,4358.0700000000
1790047866706,4357.9800000000,4358.1100000000
1790047867109,4357.9200000000,4358.0500000000
1790047867513,4357.9300000000,4358.0500000000
1790047867915,4357.7600000000,4357.8800000000
1790047868720,4357.8500000000,4357.9700000000
1790047869123,4357.8400000000,4357.9500000000
1790047869526,4357.8200000000,4357.9300000000
1790047870331,4357.9300000000,4358.0300000000
1790047870734,4357.9100000000,4358.0100000000
1790047871136,4357.6800000000,4357.7800000000
1790047871539,4357.4500000000,4357.5500000000
1790047871941,4357.2100000000,4357.3100000000
1790047872344,4357.5100000000,4357.6200000000
1790047872746,4357.6300000000,4357.7400000000
1790047873149,4357.6300000000,4357.7500000000
1790047873553,4357.6800000000,4357.8000000000
1790047873955,4357.6400000000,4357.7600000000
1790047874357,4357.6400000000,4357.7500000000
1790047874760,4357.6500000000,4357.7600000000
1790047875163,4357.6500000000,4357.7500000000
1790047875565,4357.6400000000,4357.7400000000
1790047876370,4357.7700000000,4357.8600000000
1790047876772,4357.8000000000,4357.8900000000
1790047877174,4357.8200000000,4357.9100000000
1790047877979,4357.8400000000,4357.9300000000
1790047879187,4357.8600000000,4357.9500000000
1790047879992,4357.8400000000,4357.9300000000
1790047881201,4357.8500000000,4357.9400000000
1790047882408,4357.8100000000,4357.9000000000
1790047882811,4357.7900000000,4357.8800000000
1790047884019,4357.8400000000,4357.9300000000
1790047884422,4357.8800000000,4357.9700000000
1790047884825,4357.9000000000,4357.9900000000
1790047885227,4357.9100000000,4358.0000000000
1790047886435,4358.2200000000,4358.3100000000
1790047886838,4358.2900000000,4358.3800000000
1790047887241,4358.2800000000,4358.3700000000
1790047888045,4358.3100000000,4358.4000000000
1790047888447,4358.4000000000,4358.4900000000
1790047889253,4358.4400000000,4358.5300000000
1790047890058,4358.5700000000,4358.6600000000
1790047890461,4358.5900000000,4358.6800000000
1790047891266,4358.5100000000,4358.6000000000
1790047892072,4358.5900000000,4358.6800000000
1790047892474,4358.6200000000,4358.7100000000
1790047892877,4358.6100000000,4358.7000000000
1790047893279,4358.6200000000,4358.7100000000
1790047893681,4358.6000000000,4358.6900000000
1790047894084,4358.6300000000,4358.7200000000
1790047894487,4358.6700000000,4358.7600000000
1790047894890,4358.8200000000,4358.9100000000
1790047895292,4358.8500000000,4358.9400000000
1790047896097,4358.7700000000,4358.8600000000
1790047896903,4358.7800000000,4358.8700000000
1790047897306,4358.8100000000,4358.9000000000
1790047897708,4358.8600000000,4358.9500000000
1790047898111,4358.8800000000,4358.9700000000
1790047898916,4358.8900000000,4358.9800000000
1790047899319,4358.8600000000,4358.9500000000
1790047899721,4358.8300000000,4358.9200000000
1790047900124,4358.7900000000,4358.8800000000
1790047900527,4358.8200000000,4358.9100000000
1790047900929,4358.8500000000,4358.9400000000
1790047901734,4358.8600000000,4358.9500000000
1790047902136,4359.0400000000,4359.1300000000
1790047902538,4359.1900000000,4359.2800000000
1790047902941,4359.0600000000,4359.1500000000
1790047903343,4358.9400000000,4359.0300000000
1790047903746,4358.8900000000,4358.9800000000
1790047904651,4359.0200000000,4359.1100000000
1790047905054,4359.0300000000,4359.1200000000
1790047905859,4359.0400000000,4359.1300000000
1790047906261,4359.0700000000,4359.1600000000
1790047906664,4359.1000000000,4359.1900000000
1790047907066,4359.2000000000,4359.2900000000
1790047907469,4358.9400000000,4359.0300000000
1790047907872,4358.9000000000,4358.9900000000
1790047908276,4358.8800000000,4358.9700000000
1790047911094,4358.7100000000,4358.8000000000
1790047911497,4358.7000000000,4358.7900000000
1790047912706,4358.7300000000,4358.8200000000
1790047913109,4358.8500000000,4358.9400000000
1790047913512,4358.8400000000,4358.9300000000
1790047915525,4358.4300000000,4358.5200000000
1790047915930,4358.2400000000,4358.3300000000
1790047916332,4358.1900000000,4358.2800000000
1790047917138,4358.3300000000,4358.4200000000
1790047917540,4358.4000000000,4358.5200000000
1790047917942,4358.3800000000,4358.5000000000
