time_msc,bid,ask
1790853220103,24854.6500000000,24855.1500000000
1790853220306,24855.6500000000,24856.1500000000
1790853220510,24853.6500000000,24854.1500000000
1790853220914,24854.6500000000,24855.1500000000
1790853221115,24853.6500000000,24854.1500000000
1790853221924,24854.6500000000,24855.1500000000
1790853222128,24855.6500000000,24856.1500000000
1790853222331,24859.6500000000,24860.1500000000
1790853222534,24858.6500000000,24859.1500000000
1790853222735,24859.6500000000,24860.1500000000
1790853222936,24858.6500000000,24859.1500000000
1790853223343,24859.6500000000,24860.1500000000
1790853223545,24858.6500000000,24859.1500000000
1790853224149,24859.6500000000,24860.1500000000
1790853224351,24858.6500000000,24859.1500000000
1790853225162,24857.6500000000,24858.1500000000
1790853227185,24856.6500000000,24857.1500000000
1790853228803,24855.6500000000,24856.1500000000
1790853229410,24857.6500000000,24858.1500000000
1790853229613,24856.6500000000,24857.1500000000
1790853230016,24855.6500000000,24856.1500000000
1790853230422,24856.6500000000,24857.1500000000
1790853231229,24854.6500000000,24855.1500000000
1790853231431,24855.6500000000,24856.1500000000
1790853231635,24854.6500000000,24855.1500000000
1790853232239,24853.6500000000,24854.1500000000
1790853232443,24854.6500000000,24855.1500000000
1790853232847,24855.6500000000,24856.1500000000
1790853233657,24856.6500000000,24857.1500000000
1790853234058,24857.6500000000,24858.1500000000
1790853235271,24858.6500000000,24859.1500000000
1790853235473,24857.6500000000,24858.1500000000
1790853236081,24856.6500000000,24857.1500000000
1790853237899,24855.6500000000,24856.1500000000
1790853238102,24856.6500000000,24857.1500000000
1790853238911,24855.6500000000,24856.1500000000
1790853239722,24854.6500000000,24855.1500000000
1790853239924,24852.6500000000,24853.1500000000
1790853240128,24855.6500000000,24856.1500000000
1790853240329,24854.6500000000,24855.1500000000
1790853240740,24853.6500000000,24854.1500000000
1790853240941,24854.6500000000,24855.1500000000
1790853241348,24855.6500000000,24856.1500000000
1790853242159,24856.6500000000,24857.1500000000
1790853242361,24858.6500000000,24859.1500000000
1790853243169,24859.6500000000,24860.1500000000
1790853243575,24858.6500000000,24859.1500000000
1790853243778,24857.6500000000,24858.1500000000
1790853244384,24856.6500000000,24857.1500000000
1790853244587,24858.6500000000,24859.1500000000
1790853244790,24857.6500000000,24858.1500000000
1790853245799,24856.6500000000,24857.1500000000
1790853246611,24855.6500000000,24856.1500000000
1790853247016,24856.6500000000,24857.1500000000
1790853247218,24855.6500000000,24856.1500000000
1790853248233,24854.6500000000,24855.1500000000
1790853248435,24855.6500000000,24856.1500000000
1790853249649,24854.6500000000,24855.1500000000
1790853249851,24855.6500000000,24856.1500000000
1790853250254,24854.6500000000,24855.1500000000
1790853251267,24855.6500000000,24856.1500000000
1790853252075,24854.6500000000,24855.1500000000
1790853253289,24853.6500000000,24854.1500000000
1790853254103,24850.6500000000,24851.1500000000
1790853254303,24849.6500000000,24850.1500000000
1790853254503,24850.6500000000,24851.1500000000
1790853256122,24851.6500000000,24852.1500000000
1790853256324,24850.6500000000,24851.1500000000
1790853256730,24851.6500000000,24852.1500000000
1790853256933,24853.6500000000,24854.1500000000
1790853257133,24854.6500000000,24855.1500000000
1790853258141,24853.6500000000,24854.1500000000
1790853258749,24852.6500000000,24853.1500000000
1790853258954,24854.6500000000,24855.1500000000
1790853259557,24855.6500000000,24856.1500000000
1790853260568,24857.6500000000,24858.1500000000
1790853261174,24855.6500000000,24856.1500000000
1790853261582,24857.6500000000,24858.1500000000
1790853261984,24856.6500000000,24857.1500000000
1790853262186,24855.6500000000,24856.1500000000
1790853263600,24856.6500000000,24857.1500000000
1790853264410,24855.6500000000,24856.1500000000
1790853264813,24856.6500000000,24857.1500000000
1790853265017,24858.6500000000,24859.1500000000
1790853265218,24857.6500000000,24858.1500000000
1790853265621,24856.6500000000,24857.1500000000
1790853265822,24857.6500000000,24858.1500000000
1790853266429,24858.6500000000,24859.1500000000
1790853266631,24857.6500000000,24858.1500000000
1790853267035,24856.6500000000,24857.1500000000
1790853267237,24857.6500000000,24858.1500000000
1790853267843,24856.6500000000,24857.1500000000
1790853268045,24857.6500000000,24858.1500000000
1790853269260,24856.6500000000,24857.1500000000
1790853269664,24854.6500000000,24855.1500000000
1790853269865,24855.6500000000,24856.1500000000
1790853271280,24857.6500000000,24858.1500000000
1790853271481,24858.6500000000,24859.1500000000
1790853272494,24859.6500000000,24860.1500000000
1790853273302,24860.6500000000,24861.1500000000
1790853273506,24861.6500000000,24862.1500000000
1790853273911,24860.6500000000,24861.1500000000
1790853274113,24858.6500000000,24859.1500000000
1790853275129,24859.6500000000,24860.1500000000
1790853275330,24858.6500000000,24859.1500000000
1790853276339,24859.6500000000,24860.1500000000
1790853276745,24861.6500000000,24862.1500000000
1790853277354,24862.6500000000,24863.1500000000
1790853278165,24860.6500000000,24861.1500000000
1790853278572,24859.6500000000,24860.1500000000
1790853279180,24857.6500000000,24858.1500000000
1790853279382,24858.6500000000,24859.1500000000
1790853279584,24859.6500000000,24860.1500000000
1790853279786,24861.6500000000,24862.1500000000
1790853280794,24863.6500000000,24864.1500000000
1790853281399,24862.6500000000,24863.1500000000
1790853281602,24861.6500000000,24862.1500000000
1790853282616,24860.6500000000,24861.1500000000
1790853284640,24859.6500000000,24860.1500000000
1790853285244,24858.6500000000,24859.1500000000
1790853286054,24857.6500000000,24858.1500000000
1790853286257,24858.6500000000,24859.1500000000
1790853286860,24859.6500000000,24860.1500000000
1790853287063,24862.6500000000,24863.1500000000
1790853287669,24861.6500000000,24862.1500000000
1790853288072,24862.6500000000,24863.1500000000
1790853289693,24863.6500000000,24864.1500000000
1790853290098,24862.6500000000,24863.1500000000
1790853290909,24863.6500000000,24864.1500000000
1790853291110,24864.6500000000,24865.1500000000
1790853291716,24863.6500000000,24864.1500000000
1790853293132,24864.6500000000,24865.1500000000
1790853294142,24863.6500000000,24864.1500000000
1790853294345,24864.6500000000,24865.1500000000
1790853294546,24863.6500000000,24864.1500000000
1790853294748,24864.6500000000,24865.1500000000
1790853298187,24863.6500000000,24864.1500000000
1790853298390,24864.6500000000,24865.1500000000
1790853298791,24863.6500000000,24864.1500000000
1790853299398,24864.6500000000,24865.1500000000
1790853300005,24865.6500000000,24866.1500000000
1790853300207,24864.6500000000,24865.1500000000
1790853300411,24868.6500000000,24869.1500000000
1790853300613,24867.6500000000,24868.1500000000
1790853300821,24866.6500000000,24867.1500000000
1790853301425,24867.6500000000,24868.1500000000
1790853301829,24865.6500000000,24866.1500000000
1790853304256,24862.6500000000,24863.1500000000
1790853305066,24863.6500000000,24864.1500000000
1790853305267,24862.6500000000,24863.1500000000
1790853305671,24861.6500000000,24862.1500000000
1790853306277,24862.6500000000,24863.1500000000
1790853307085,24861.6500000000,24862.1500000000
1790853307692,24859.6500000000,24860.1500000000
1790853307896,24858.6500000000,24859.1500000000
1790853308098,24859.6500000000,24860.1500000000
1790853308299,24860.6500000000,24861.1500000000
1790853308501,24859.6500000000,24860.1500000000
1790853309918,24858.6500000000,24859.1500000000
1790853310722,24860.6500000000,24861.1500000000
1790853311329,24861.6500000000,24862.1500000000
1790853311733,24860.6500000000,24861.1500000000
1790853312337,24857.6500000000,24858.1500000000
1790853312946,24859.6500000000,24860.1500000000
1790853313148,24860.6500000000,24861.1500000000
1790853314158,24859.6500000000,24860.1500000000
1790853314360,24860.6500000000,24861.1500000000
1790853314764,24861.6500000000,24862.1500000000
1790853315372,24860.6500000000,24861.1500000000
1790853315574,24861.6500000000,24862.1500000000
1790853315777,24860.6500000000,24861.1500000000
1790853316188,24859.6500000000,24860.1500000000
1790853316386,24858.6500000000,24859.1500000000
1790853317192,24857.6500000000,24858.1500000000
1790853318812,24858.6500000000,24859.1500000000
1790853319218,24859.6500000000,24860.1500000000
1790853319621,24860.6500000000,24861.1500000000
1790853320631,24859.6500000000,24860.1500000000
1790853320835,24858.6500000000,24859.1500000000
1790853324671,24857.6500000000,24858.1500000000
1790853324877,24858.6500000000,24859.1500000000
1790853325684,24859.6500000000,24860.1500000000
1790853327096,24857.6500000000,24858.1500000000
1790853327504,24858.6500000000,24859.1500000000
1790853327701,24859.6500000000,24860.1500000000
1790853328309,24860.6500000000,24861.1500000000
1790853329118,24859.6500000000,24860.1500000000
1790853329925,24858.6500000000,24859.1500000000
1790853330938,24859.6500000000,24860.1500000000
1790853331549,24858.6500000000,24859.1500000000
1790853332351,24859.6500000000,24860.1500000000
1790853332554,24858.6500000000,24859.1500000000
1790853332961,24859.6500000000,24860.1500000000
1790853333163,24860.6500000000,24861.1500000000
1790853333974,24861.6500000000,24862.1500000000
1790853334176,24860.6500000000,24861.1500000000
1790853335589,24863.6500000000,24864.1500000000
1790853335793,24862.6500000000,24863.1500000000
1790853335995,24863.6500000000,24864.1500000000
1790853336197,24862.6500000000,24863.1500000000
1790853336399,24861.6500000000,24862.1500000000
1790853336601,24862.6500000000,24863.1500000000
1790853336805,24861.6500000000,24862.1500000000
1790853339036,24860.6500000000,24861.1500000000
1790853339637,24861.6500000000,24862.1500000000
1790853339846,24860.6500000000,24861.1500000000
1790853340654,24859.6500000000,24860.1500000000
1790853342264,24856.6500000000,24857.1500000000
1790853342667,24857.6500000000,24858.1500000000
1790853342869,24856.6500000000,24857.1500000000
1790853343676,24857.6500000000,24858.1500000000
1790853344890,24856.6500000000,24857.1500000000
1790853348533,24857.6500000000,24858.1500000000
1790853350156,24856.6500000000,24857.1500000000
1790853350963,24855.6500000000,24856.1500000000
1790853352377,24854.6500000000,24855.1500000000
1790853353187,24852.6500000000,24853.1500000000
1790853353390,24853.6500000000,24854.1500000000
1790853353593,24852.6500000000,24853.1500000000
1790853354000,24849.6500000000,24850.1500000000
1790853355215,24848.6500000000,24849.1500000000
1790853356627,24847.6500000000,24848.1500000000
1790853357034,24848.6500000000,24849.1500000000
1790853357233,24847.6500000000,24848.1500000000
1790853357436,24848.6500000000,24849.1500000000
1790853358245,24849.6500000000,24850.1500000000
1790853358446,24847.6500000000,24848.1500000000
1790853358648,24848.6500000000,24849.1500000000
1790853358850,24847.6500000000,24848.1500000000
1790853359055,24848.6500000000,24849.1500000000
1790853359258,24846.6500000000,24847.1500000000
1790853360063,24847.6500000000,24848.1500000000
1790853360267,24846.6500000000,24847.1500000000
1790853360469,24847.6500000000,24848.1500000000
1790853360671,24846.6500000000,24847.1500000000
1790853360878,24845.6500000000,24846.1500000000
1790853362294,24844.6500000000,24845.1500000000
1790853362697,24845.6500000000,24846.1500000000
1790853362900,24846.6500000000,24847.1500000000
1790853363102,24845.6500000000,24846.1500000000
1790853363910,24844.6500000000,24845.1500000000
1790853365124,24845.6500000000,24846.1500000000
1790853365529,24844.6500000000,24845.1500000000
1790853366338,24845.6500000000,24846.1500000000
1790853366538,24844.6500000000,24845.1500000000
1790853366741,24846.6500000000,24847.1500000000
1790853366943,24845.6500000000,24846.1500000000
1790853367551,24846.6500000000,24847.1500000000
1790853367753,24845.6500000000,24846.1500000000
1790853368359,24846.6500000000,24847.1500000000
1790853370180,24848.6500000000,24849.1500000000
1790853370987,24850.6500000000,24851.1500000000
1790853371594,24849.6500000000,24850.1500000000
1790853372807,24850.6500000000,24851.1500000000
1790853373009,24851.6500000000,24852.1500000000
1790853373210,24850.6500000000,24851.1500000000
1790853374624,24848.6500000000,24849.1500000000
1790853375027,24847.6500000000,24848.1500000000
1790853375432,24848.6500000000,24849.1500000000
1790853375633,24847.6500000000,24848.1500000000
1790853375836,24848.6500000000,24849.1500000000
1790853376241,24849.6500000000,24850.1500000000
1790853377251,24850.6500000000,24851.1500000000
1790853377656,24851.6500000000,24852.1500000000
1790853378263,24850.6500000000,24851.1500000000
1790853378871,24849.6500000000,24850.1500000000
1790853379073,24848.6500000000,24849.1500000000
1790853379275,24847.6500000000,24848.1500000000
1790853379478,24848.6500000000,24849.1500000000
1790853380311,24849.6500000000,24850.1500000000
1790853380513,24848.6500000000,24849.1500000000
1790853380716,24847.6500000000,24848.1500000000
1790853381323,24848.6500000000,24849.1500000000
1790853381726,24847.6500000000,24848.1500000000
1790853382127,24848.6500000000,24849.1500000000
1790853382331,24847.6500000000,24848.1500000000
1790853382532,24848.6500000000,24849.1500000000
1790853382939,24849.6500000000,24850.1500000000
1790853383141,24848.6500000000,24849.1500000000
1790853384148,24847.6500000000,24848.1500000000
1790853384756,24846.6500000000,24847.1500000000
1790853386582,24845.6500000000,24846.1500000000
1790853386981,24846.6500000000,24847.1500000000
1790853387989,24845.6500000000,24846.1500000000
1790853388192,24846.6500000000,24847.1500000000
1790853388597,24845.6500000000,24846.1500000000
1790853389204,24846.6500000000,24847.1500000000
1790853390414,24845.6500000000,24846.1500000000
1790853390820,24846.6500000000,24847.1500000000
1790853393454,24843.6500000000,24844.1500000000
1790853393661,24842.6500000000,24843.1500000000
1790853393857,24843.6500000000,24844.1500000000
1790853394465,24844.6500000000,24845.1500000000
1790853394670,24846.6500000000,24847.1500000000
1790853395073,24845.6500000000,24846.1500000000
1790853395274,24846.6500000000,24847.1500000000
1790853395477,24847.6500000000,24848.1500000000
1790853395679,24846.6500000000,24847.1500000000
1790853395880,24847.6500000000,24848.1500000000
1790853396087,24846.6500000000,24847.1500000000
1790853397296,24847.6500000000,24848.1500000000
1790853397497,24846.6500000000,24847.1500000000
1790853397701,24847.6500000000,24848.1500000000
1790853400535,24846.6500000000,24847.1500000000
1790853401338,24847.6500000000,24848.1500000000
1790853401743,24845.6500000000,24846.1500000000
1790853402348,24844.6500000000,24845.1500000000
1790853403763,24846.6500000000,24847.1500000000
1790853403968,24847.6500000000,24848.1500000000
1790853404169,24848.6500000000,24849.1500000000
1790853404980,24849.6500000000,24850.1500000000
1790853405182,24848.6500000000,24849.1500000000
1790853407000,24847.6500000000,24848.1500000000
1790853408218,24846.6500000000,24847.1500000000
1790853408420,24847.6500000000,24848.1500000000
1790853410038,24846.6500000000,24847.1500000000
1790853410242,24847.6500000000,24848.1500000000
1790853410645,24848.6500000000,24849.1500000000
1790853411050,24847.6500000000,24848.1500000000
1790853411658,24846.6500000000,24847.1500000000
1790853411859,24845.6500000000,24846.1500000000
1790853412061,24846.6500000000,24847.1500000000
1790853412264,24845.6500000000,24846.1500000000
1790853413279,24843.6500000000,24844.1500000000
1790853413886,24842.6500000000,24843.1500000000
1790853414089,24844.6500000000,24845.1500000000
1790853414290,24843.6500000000,24844.1500000000
1790853414896,24842.6500000000,24843.1500000000
1790853415302,24843.6500000000,24844.1500000000
1790853415706,24842.6500000000,24843.1500000000
1790853417929,24843.6500000000,24844.1500000000
1790853419346,24844.6500000000,24845.1500000000
1790853419549,24846.6500000000,24847.1500000000
1790853419950,24847.6500000000,24848.1500000000
1790853420153,24847.6500000000,24848.1500000000
1790853420355,24846.6500000000,24847.1500000000
1790853420966,24847.6500000000,24848.1500000000
1790853421168,24846.6500000000,24847.1500000000
1790853421371,24845.6500000000,24846.1500000000
1790853421574,24844.6500000000,24845.1500000000
1790853423999,24843.6500000000,24844.1500000000
1790853424201,24844.6500000000,24845.1500000000
1790853424811,24842.6500000000,24843.1500000000
1790853426224,24841.6500000000,24842.1500000000
1790853426627,24842.6500000000,24843.1500000000
1790853427032,24843.6500000000,24844.1500000000
1790853427839,24841.6500000000,24842.1500000000
1790853428449,24840.6500000000,24841.1500000000
1790853429054,24839.6500000000,24840.1500000000
1790853429659,24838.6500000000,24839.1500000000
1790853429861,24840.6500000000,24841.1500000000
1790853430264,24841.6500000000,24842.1500000000
1790853430872,24843.6500000000,24844.1500000000
1790853431277,24844.6500000000,24845.1500000000
1790853432895,24845.6500000000,24846.1500000000
1790853433100,24846.6500000000,24847.1500000000
1790853433706,24844.6500000000,24845.1500000000
1790853433909,24845.6500000000,24846.1500000000
1790853434517,24844.6500000000,24845.1500000000
1790853434921,24845.6500000000,24846.1500000000
1790853436939,24846.6500000000,24847.1500000000
1790853437548,24845.6500000000,24846.1500000000
1790853438154,24844.6500000000,24845.1500000000
1790853438354,24845.6500000000,24846.1500000000
1790853438556,24844.6500000000,24845.1500000000
1790853438961,24843.6500000000,24844.1500000000
1790853439366,24842.6500000000,24843.1500000000
1790853439976,24843.6500000000,24844.1500000000
1790853440585,24844.6500000000,24845.1500000000
1790853441193,24850.6500000000,24851.1500000000
1790853441594,24848.6500000000,24849.1500000000
1790853442199,24847.6500000000,24848.1500000000
1790853442602,24848.6500000000,24849.1500000000
1790853443005,24847.6500000000,24848.1500000000
1790853444623,24848.6500000000,24849.1500000000
1790853445028,24847.6500000000,24848.1500000000
1790853446644,24848.6500000000,24849.1500000000
1790853447050,24849.6500000000,24850.1500000000
1790853447253,24848.6500000000,24849.1500000000
1790853448259,24849.6500000000,24850.1500000000
1790853448663,24848.6500000000,24849.1500000000
1790853449071,24849.6500000000,24850.1500000000
1790853450483,24848.6500000000,24849.1500000000
1790853450889,24849.6500000000,24850.1500000000
1790853451495,24848.6500000000,24849.1500000000
1790853451696,24849.6500000000,24850.1500000000
1790853452101,24848.6500000000,24849.1500000000
1790853452504,24847.6500000000,24848.1500000000
1790853453114,24846.6500000000,24847.1500000000
1790853453719,24845.6500000000,24846.1500000000
1790853454124,24846.6500000000,24847.1500000000
1790853455338,24848.6500000000,24849.1500000000
1790853455942,24847.6500000000,24848.1500000000
1790853456349,24848.6500000000,24849.1500000000
1790853456752,24847.6500000000,24848.1500000000
1790853456955,24846.6500000000,24847.1500000000
1790853457358,24847.6500000000,24848.1500000000
1790853458369,24848.6500000000,24849.1500000000
1790853459177,24849.6500000000,24850.1500000000
1790853459378,24850.6500000000,24851.1500000000
1790853460592,24849.6500000000,24850.1500000000
1790853462005,24848.6500000000,24849.1500000000
1790853462612,24849.6500000000,24850.1500000000
1790853463015,24848.6500000000,24849.1500000000
1790853464837,24849.6500000000,24850.1500000000
1790853466251,24850.6500000000,24851.1500000000
1790853466656,24851.6500000000,24852.1500000000
1790853467663,24852.6500000000,24853.1500000000
1790853467865,24851.6500000000,24852.1500000000
1790853468470,24852.6500000000,24853.1500000000
1790853469281,24851.6500000000,24852.1500000000
1790853471904,24852.6500000000,24853.1500000000
1790853472310,24853.6500000000,24854.1500000000
1790853473122,24852.6500000000,24853.1500000000
1790853473528,24853.6500000000,24854.1500000000
1790853473932,24851.6500000000,24852.1500000000
1790853476764,24850.6500000000,24851.1500000000
1790853477781,24851.6500000000,24852.1500000000
1790853478584,24850.6500000000,24851.1500000000
1790853478988,24849.6500000000,24850.1500000000
1790853479399,24850.6500000000,24851.1500000000
1790853479796,24849.6500000000,24850.1500000000
1790853480201,24850.6500000000,24851.1500000000
1790853480810,24851.6500000000,24852.1500000000
1790853481015,24850.6500000000,24851.1500000000
1790853482228,24848.6500000000,24849.1500000000
1790853483037,24849.6500000000,24850.1500000000
1790853483240,24850.6500000000,24851.1500000000
1790853484854,24851.6500000000,24852.1500000000
1790853485056,24850.6500000000,24851.1500000000
1790853485663,24851.6500000000,24852.1500000000
1790853485865,24850.6500000000,24851.1500000000
1790853486269,24852.6500000000,24853.1500000000
1790853489299,24850.6500000000,24851.1500000000
1790853489500,24849.6500000000,24850.1500000000
1790853490712,24850.6500000000,24851.1500000000
1790853491523,24849.6500000000,24850.1500000000
1790853491727,24852.6500000000,24853.1500000000
1790853491930,24853.6500000000,24854.1500000000
1790853492131,24854.6500000000,24855.1500000000
1790853492943,24855.6500000000,24856.1500000000
1790853493345,24856.6500000000,24857.1500000000
1790853493549,24855.6500000000,24856.1500000000
1790853493953,24857.6500000000,24858.1500000000
1790853494157,24860.6500000000,24861.1500000000
1790853494360,24859.6500000000,24860.1500000000
1790853494763,24860.6500000000,24861.1500000000
1790853495778,24861.6500000000,24862.1500000000
1790853495978,24860.6500000000,24861.1500000000
1790853496182,24859.6500000000,24860.1500000000
1790853496383,24860.6500000000,24861.1500000000
1790853496585,24859.6500000000,24860.1500000000
1790853497395,24861.6500000000,24862.1500000000
1790853497596,24862.6500000000,24863.1500000000
1790853498405,24861.6500000000,24862.1500000000
1790853499220,24860.6500000000,24861.1500000000
1790853500427,24859.6500000000,24860.1500000000
1790853501034,24858.6500000000,24859.1500000000
1790853502244,24857.6500000000,24858.1500000000
1790853502648,24856.6500000000,24857.1500000000
1790853503253,24857.6500000000,24858.1500000000
1790853503660,24856.6500000000,24857.1500000000
1790853503864,24857.6500000000,24858.1500000000
1790853504066,24856.6500000000,24857.1500000000
1790853504468,24857.6500000000,24858.1500000000
1790853504671,24856.6500000000,24857.1500000000
1790853505076,24857.6500000000,24858.1500000000
1790853505274,24856.6500000000,24857.1500000000
1790853505677,24857.6500000000,24858.1500000000
1790853506491,24856.6500000000,24857.1500000000
1790853507096,24857.6500000000,24858.1500000000
1790853507500,24856.6500000000,24857.1500000000
1790853508106,24855.6500000000,24856.1500000000
1790853508309,24856.6500000000,24857.1500000000
1790853508510,24857.6500000000,24858.1500000000
1790853509523,24856.6500000000,24857.1500000000
1790853509726,24855.6500000000,24856.1500000000
1790853509927,24856.6500000000,24857.1500000000
1790853510129,24855.6500000000,24856.1500000000
1790853511753,24856.6500000000,24857.1500000000
1790853512155,24857.6500000000,24858.1500000000
1790853513370,24858.6500000000,24859.1500000000
1790853514179,24857.6500000000,24858.1500000000
1790853515187,24856.6500000000,24857.1500000000
1790853515390,24857.6500000000,24858.1500000000
1790853516405,24858.6500000000,24859.1500000000
1790853516811,24859.6500000000,24860.1500000000
1790853517412,24860.6500000000,24861.1500000000
1790853517613,24859.6500000000,24860.1500000000
1790853517817,24860.6500000000,24861.1500000000
1790853518021,24863.6500000000,24864.1500000000
1790853518222,24862.6500000000,24863.1500000000
1790853518423,24863.6500000000,24864.1500000000
1790853519030,24862.6500000000,24863.1500000000
1790853519436,24863.6500000000,24864.1500000000
1790853519637,24862.6500000000,24863.1500000000
1790853519840,24861.6500000000,24862.1500000000
1790853520042,24863.6500000000,24864.1500000000
1790853520651,24862.6500000000,24863.1500000000
1790853521459,24861.6500000000,24862.1500000000
1790853521864,24860.6500000000,24861.1500000000
1790853523684,24862.6500000000,24863.1500000000
1790853524088,24861.6500000000,24862.1500000000
1790853524290,24862.6500000000,24863.1500000000
1790853525105,24863.6500000000,24864.1500000000
1790853525302,24862.6500000000,24863.1500000000
1790853525707,24861.6500000000,24862.1500000000
1790853526317,24862.6500000000,24863.1500000000
1790853527127,24861.6500000000,24862.1500000000
1790853528543,24862.6500000000,24863.1500000000
1790853528747,24861.6500000000,24862.1500000000
1790853529149,24860.6500000000,24861.1500000000
1790853529350,24861.6500000000,24862.1500000000
1790853529553,24862.6500000000,24863.1500000000
1790853530966,24861.6500000000,24862.1500000000
1790853531369,24862.6500000000,24863.1500000000
1790853532383,24863.6500000000,24864.1500000000
1790853532583,24862.6500000000,24863.1500000000
1790853533390,24863.6500000000,24864.1500000000
1790853533593,24862.6500000000,24863.1500000000
1790853534200,24863.6500000000,24864.1500000000
1790853535212,24862.6500000000,24863.1500000000
1790853535616,24863.6500000000,24864.1500000000
1790853535820,24862.6500000000,24863.1500000000
1790853536427,24864.6500000000,24865.1500000000
1790853536628,24863.6500000000,24864.1500000000
1790853537236,24861.6500000000,24862.1500000000
1790853538448,24862.6500000000,24863.1500000000
1790853540064,24859.6500000000,24860.1500000000
1790853540267,24858.6500000000,24859.1500000000
1790853540469,24857.6500000000,24858.1500000000
1790853540670,24855.6500000000,24856.1500000000
1790853540874,24854.6500000000,24855.1500000000
1790853541081,24853.6500000000,24854.1500000000
1790853541284,24857.6500000000,24858.1500000000
1790853541488,24860.6500000000,24861.1500000000
1790853541689,24861.6500000000,24862.1500000000
1790853542293,24860.6500000000,24861.1500000000
1790853542497,24859.6500000000,24860.1500000000
1790853542699,24857.6500000000,24858.1500000000
1790853542899,24856.6500000000,24857.1500000000
1790853543708,24857.6500000000,24858.1500000000
1790853543911,24856.6500000000,24857.1500000000
1790853544316,24855.6500000000,24856.1500000000
1790853544719,24853.6500000000,24854.1500000000
1790853544922,24852.6500000000,24853.1500000000
1790853545530,24850.6500000000,24851.1500000000
1790853546336,24851.6500000000,24852.1500000000
1790853546747,24850.6500000000,24851.1500000000
1790853547144,24852.6500000000,24853.1500000000
1790853547342,24851.6500000000,24852.1500000000
1790853547748,24852.6500000000,24853.1500000000
1790853548152,24851.6500000000,24852.1500000000
1790853548760,24852.6500000000,24853.1500000000
1790853549368,24853.6500000000,24854.1500000000
1790853549977,24852.6500000000,24853.1500000000
1790853550179,24850.6500000000,24851.1500000000
1790853550581,24852.6500000000,24853.1500000000
1790853550785,24853.6500000000,24854.1500000000
1790853550985,24850.6500000000,24851.1500000000
1790853551188,24852.6500000000,24853.1500000000
1790853551590,24854.6500000000,24855.1500000000
1790853551793,24855.6500000000,24856.1500000000
1790853552199,24856.6500000000,24857.1500000000
1790853553009,24857.6500000000,24858.1500000000
1790853554631,24858.6500000000,24859.1500000000
1790853556051,24857.6500000000,24858.1500000000
1790853556455,24856.6500000000,24857.1500000000
1790853557060,24855.6500000000,24856.1500000000
1790853557266,24854.6500000000,24855.1500000000
1790853557469,24855.6500000000,24856.1500000000
1790853558075,24854.6500000000,24855.1500000000
1790853558886,24855.6500000000,24856.1500000000
1790853559287,24856.6500000000,24857.1500000000
1790853561306,24857.6500000000,24858.1500000000
1790853561912,24856.6500000000,24857.1500000000
1790853562319,24857.6500000000,24858.1500000000
1790853562723,24858.6500000000,24859.1500000000
1790853563535,24855.6500000000,24856.1500000000
1790853563736,24856.6500000000,24857.1500000000
1790853563935,24854.6500000000,24855.1500000000
1790853564343,24855.6500000000,24856.1500000000
1790853564745,24856.6500000000,24857.1500000000
1790853565352,24855.6500000000,24856.1500000000
1790853565553,24854.6500000000,24855.1500000000
1790853566161,24853.6500000000,24854.1500000000
1790853566365,24852.6500000000,24853.1500000000
1790853566972,24851.6500000000,24852.1500000000
1790853567173,24852.6500000000,24853.1500000000
1790853568185,24851.6500000000,24852.1500000000
1790853568791,24853.6500000000,24854.1500000000
1790853569199,24854.6500000000,24855.1500000000
1790853569401,24853.6500000000,24854.1500000000
1790853569603,24854.6500000000,24855.1500000000
1790853571426,24855.6500000000,24856.1500000000
1790853572028,24857.6500000000,24858.1500000000
1790853572232,24856.6500000000,24857.1500000000
1790853572434,24857.6500000000,24858.1500000000
1790853572637,24856.6500000000,24857.1500000000
1790853572839,24857.6500000000,24858.1500000000
1790853573042,24856.6500000000,24857.1500000000
1790853573447,24857.6500000000,24858.1500000000
1790853574256,24856.6500000000,24857.1500000000
1790853574662,24858.6500000000,24859.1500000000
1790853574864,24859.6500000000,24860.1500000000
1790853575471,24857.6500000000,24858.1500000000
1790853575873,24858.6500000000,24859.1500000000
1790853576281,24857.6500000000,24858.1500000000
1790853576684,24858.6500000000,24859.1500000000
1790853577087,24855.6500000000,24856.1500000000
1790853577288,24856.6500000000,24857.1500000000
1790853577896,24857.6500000000,24858.1500000000
1790853578099,24858.6500000000,24859.1500000000
1790853579718,24859.6500000000,24860.1500000000
1790853581130,24860.6500000000,24861.1500000000
1790853581333,24859.6500000000,24860.1500000000
1790853581738,24857.6500000000,24858.1500000000
1790853582345,24856.6500000000,24857.1500000000
1790853582547,24857.6500000000,24858.1500000000
1790853582951,24856.6500000000,24857.1500000000
1790853584973,24855.6500000000,24856.1500000000
1790853585175,24857.6500000000,24858.1500000000
1790853587204,24859.6500000000,24860.1500000000
1790853587604,24858.6500000000,24859.1500000000
1790853588819,24857.6500000000,24858.1500000000
1790853589628,24855.6500000000,24856.1500000000
1790853590637,24856.6500000000,24857.1500000000
1790853591246,24855.6500000000,24856.1500000000
1790853591649,24854.6500000000,24855.1500000000
1790853592655,24856.6500000000,24857.1500000000
1790853593060,24857.6500000000,24858.1500000000
1790853593465,24860.6500000000,24861.1500000000
1790853594073,24858.6500000000,24859.1500000000
1790853594275,24856.6500000000,24857.1500000000
1790853594479,24855.6500000000,24856.1500000000
1790853594879,24856.6500000000,24857.1500000000
1790853595079,24857.6500000000,24858.1500000000
1790853595290,24858.6500000000,24859.1500000000
1790853595485,24860.6500000000,24861.1500000000
1790853596092,24859.6500000000,24860.1500000000
1790853596496,24860.6500000000,24861.1500000000
1790853597102,24863.6500000000,24864.1500000000
1790853597305,24862.6500000000,24863.1500000000
1790853597710,24860.6500000000,24861.1500000000
1790853597913,24862.6500000000,24863.1500000000
1790853598115,24861.6500000000,24862.1500000000
1790853598724,24862.6500000000,24863.1500000000
1790853599130,24863.6500000000,24864.1500000000
1790853599333,24862.6500000000,24863.1500000000
1790853599937,24861.6500000000,24862.1500000000
1790853600142,24861.6500000000,24862.1500000000
1790853600747,24863.6500000000,24864.1500000000
1790853600947,24864.6500000000,24865.1500000000
1790853601157,24863.6500000000,24864.1500000000
1790853601558,24864.6500000000,24865.1500000000
1790853602166,24863.6500000000,24864.1500000000
1790853602769,24864.6500000000,24865.1500000000
1790853602972,24863.6500000000,24864.1500000000
1790853603175,24864.6500000000,24865.1500000000
1790853603784,24863.6500000000,24864.1500000000
1790853604188,24862.6500000000,24863.1500000000
1790853604591,24863.6500000000,24864.1500000000
1790853605199,24860.6500000000,24861.1500000000
1790853605604,24861.6500000000,24862.1500000000
1790853606410,24860.6500000000,24861.1500000000
1790853606817,24859.6500000000,24860.1500000000
1790853607222,24860.6500000000,24861.1500000000
1790853607623,24858.6500000000,24859.1500000000
1790853608231,24857.6500000000,24858.1500000000
1790853608633,24858.6500000000,24859.1500000000
1790853608837,24857.6500000000,24858.1500000000
1790853609441,24858.6500000000,24859.1500000000
1790853610452,24857.6500000000,24858.1500000000
1790853611062,24856.6500000000,24857.1500000000
1790853611868,24857.6500000000,24858.1500000000
1790853612072,24856.6500000000,24857.1500000000
1790853612477,24855.6500000000,24856.1500000000
1790853612678,24856.6500000000,24857.1500000000
1790853613082,24855.6500000000,24856.1500000000
1790853613486,24854.6500000000,24855.1500000000
1790853613688,24853.6500000000,24854.1500000000
1790853613891,24856.6500000000,24857.1500000000
1790853614095,24857.6500000000,24858.1500000000
1790853614902,24856.6500000000,24857.1500000000
1790853615712,24855.6500000000,24856.1500000000
1790853615914,24856.6500000000,24857.1500000000
1790853616320,24855.6500000000,24856.1500000000
1790853616925,24854.6500000000,24855.1500000000
1790853617534,24855.6500000000,24856.1500000000
1790853617736,24856.6500000000,24857.1500000000
1790853618346,24854.6500000000,24855.1500000000
1790853620773,24855.6500000000,24856.1500000000
1790853620976,24854.6500000000,24855.1500000000
1790853621381,24855.6500000000,24856.1500000000
1790853622192,24856.6500000000,24857.1500000000
1790853622597,24857.6500000000,24858.1500000000
1790853622800,24859.6500000000,24860.1500000000
1790853623204,24861.6500000000,24862.1500000000
1790853623407,24862.6500000000,24863.1500000000
1790853623609,24863.6500000000,24864.1500000000
1790853624418,24864.6500000000,24865.1500000000
1790853624621,24863.6500000000,24864.1500000000
1790853624824,24862.6500000000,24863.1500000000
1790853626236,24863.6500000000,24864.1500000000
1790853626637,24865.6500000000,24866.1500000000
1790853627252,24864.6500000000,24865.1500000000
1790853627850,24865.6500000000,24866.1500000000
1790853629065,24866.6500000000,24867.1500000000
1790853629470,24868.6500000000,24869.1500000000
1790853629875,24867.6500000000,24868.1500000000
1790853630885,24864.6500000000,24865.1500000000
1790853631290,24863.6500000000,24864.1500000000
1790853631494,24861.6500000000,24862.1500000000
1790853631894,24860.6500000000,24861.1500000000
1790853632099,24861.6500000000,24862.1500000000
1790853632301,24862.6500000000,24863.1500000000
1790853632503,24861.6500000000,24862.1500000000
1790853633112,24860.6500000000,24861.1500000000
1790853633315,24861.6500000000,24862.1500000000
1790853633518,24862.6500000000,24863.1500000000
1790853633920,24863.6500000000,24864.1500000000
1790853634121,24862.6500000000,24863.1500000000
1790853635132,24860.6500000000,24861.1500000000
1790853635336,24861.6500000000,24862.1500000000
1790853637158,24863.6500000000,24864.1500000000
1790853637562,24864.6500000000,24865.1500000000
1790853638171,24865.6500000000,24866.1500000000
1790853638375,24864.6500000000,24865.1500000000
1790853639383,24863.6500000000,24864.1500000000
1790853640393,24862.6500000000,24863.1500000000
1790853640596,24858.6500000000,24859.1500000000
1790853640801,24859.6500000000,24860.1500000000
1790853641811,24858.6500000000,24859.1500000000
1790853642417,24859.6500000000,24860.1500000000
1790853643833,24860.6500000000,24861.1500000000
1790853645252,24859.6500000000,24860.1500000000
1790853645657,24860.6500000000,24861.1500000000
1790853645859,24861.6500000000,24862.1500000000
1790853646466,24862.6500000000,24863.1500000000
1790853646667,24860.6500000000,24861.1500000000
1790853647479,24859.6500000000,24860.1500000000
1790853647681,24858.6500000000,24859.1500000000
1790853647882,24857.6500000000,24858.1500000000
1790853648084,24858.6500000000,24859.1500000000
1790853648489,24857.6500000000,24858.1500000000
1790853648692,24858.6500000000,24859.1500000000
1790853649096,24859.6500000000,24860.1500000000
1790853649298,24860.6500000000,24861.1500000000
1790853649500,24859.6500000000,24860.1500000000
1790853649700,24860.6500000000,24861.1500000000
1790853649903,24859.6500000000,24860.1500000000
1790853650106,24860.6500000000,24861.1500000000
1790853650510,24861.6500000000,24862.1500000000
1790853651520,24862.6500000000,24863.1500000000
1790853651927,24861.6500000000,24862.1500000000
1790853652127,24860.6500000000,24861.1500000000
1790853652737,24858.6500000000,24859.1500000000
1790853652939,24857.6500000000,24858.1500000000
1790853654356,24856.6500000000,24857.1500000000
1790853654559,24857.6500000000,24858.1500000000
1790853654760,24856.6500000000,24857.1500000000
1790853654962,24857.6500000000,24858.1500000000
1790853655163,24858.6500000000,24859.1500000000
1790853655774,24856.6500000000,24857.1500000000
1790853655976,24857.6500000000,24858.1500000000
1790853656180,24858.6500000000,24859.1500000000
1790853656380,24857.6500000000,24858.1500000000
1790853656989,24858.6500000000,24859.1500000000
1790853657393,24860.6500000000,24861.1500000000
1790853657594,24861.6500000000,24862.1500000000
1790853658610,24862.6500000000,24863.1500000000
1790853658811,24861.6500000000,24862.1500000000
1790853659013,24862.6500000000,24863.1500000000
1790853659825,24860.6500000000,24861.1500000000
1790853660029,24861.6500000000,24862.1500000000
1790853660230,24859.6500000000,24860.1500000000
1790853660434,24861.6500000000,24862.1500000000
1790853660836,24862.6500000000,24863.1500000000
1790853661038,24861.6500000000,24862.1500000000
1790853661248,24862.6500000000,24863.1500000000
1790853661471,24863.6500000000,24864.1500000000
1790853661853,24864.6500000000,24865.1500000000
1790853662259,24865.6500000000,24866.1500000000
1790853663068,24863.6500000000,24864.1500000000
1790853663673,24861.6500000000,24862.1500000000
1790853663876,24863.6500000000,24864.1500000000
1790853664077,24862.6500000000,24863.1500000000
1790853664480,24861.6500000000,24862.1500000000
1790853665289,24864.6500000000,24865.1500000000
1790853665896,24863.6500000000,24864.1500000000
1790853666099,24864.6500000000,24865.1500000000
1790853666302,24865.6500000000,24866.1500000000
1790853666503,24866.6500000000,24867.1500000000
1790853666909,24867.6500000000,24868.1500000000
1790853668326,24870.6500000000,24871.1500000000
1790853668730,24869.6500000000,24870.1500000000
1790853669339,24870.6500000000,24871.1500000000
1790853669542,24871.6500000000,24872.1500000000
1790853669948,24874.6500000000,24875.1500000000
1790853670351,24875.6500000000,24876.1500000000
1790853670957,24876.6500000000,24877.1500000000
1790853671159,24875.6500000000,24876.1500000000
1790853671361,24876.6500000000,24877.1500000000
1790853671973,24874.6500000000,24875.1500000000
1790853672173,24875.6500000000,24876.1500000000
1790853672777,24874.6500000000,24875.1500000000
1790853673787,24876.6500000000,24877.1500000000
1790853673991,24877.6500000000,24878.1500000000
1790853674799,24878.6500000000,24879.1500000000
1790853675001,24879.6500000000,24880.1500000000
1790853675405,24878.6500000000,24879.1500000000
1790853675808,24879.6500000000,24880.1500000000
1790853676013,24878.6500000000,24879.1500000000
1790853676619,24879.6500000000,24880.1500000000
1790853677025,24878.6500000000,24879.1500000000
1790853677430,24879.6500000000,24880.1500000000
1790853678846,24880.6500000000,24881.1500000000
1790853680664,24882.6500000000,24883.1500000000
1790853680866,24883.6500000000,24884.1500000000
1790853681269,24884.6500000000,24885.1500000000
1790853681471,24883.6500000000,24884.1500000000
1790853682079,24882.6500000000,24883.1500000000
1790853683289,24880.6500000000,24881.1500000000
1790853683492,24881.6500000000,24882.1500000000
1790853683894,24882.6500000000,24883.1500000000
1790853685307,24881.6500000000,24882.1500000000
1790853685712,24880.6500000000,24881.1500000000
1790853686723,24879.6500000000,24880.1500000000
1790853686924,24880.6500000000,24881.1500000000
1790853687127,24881.6500000000,24882.1500000000
1790853688339,24883.6500000000,24884.1500000000
1790853688946,24884.6500000000,24885.1500000000
1790853690360,24883.6500000000,24884.1500000000
1790853690562,24882.6500000000,24883.1500000000
1790853690764,24881.6500000000,24882.1500000000
1790853691369,24882.6500000000,24883.1500000000
1790853691776,24883.6500000000,24884.1500000000
1790853692584,24884.6500000000,24885.1500000000
1790853692787,24885.6500000000,24886.1500000000
1790853693191,24883.6500000000,24884.1500000000
1790853693597,24882.6500000000,24883.1500000000
1790853694206,24883.6500000000,24884.1500000000
1790853694404,24882.6500000000,24883.1500000000
1790853694606,24881.6500000000,24882.1500000000
1790853694808,24882.6500000000,24883.1500000000
1790853695012,24883.6500000000,24884.1500000000
1790853695216,24882.6500000000,24883.1500000000
1790853695416,24883.6500000000,24884.1500000000
1790853695620,24882.6500000000,24883.1500000000
1790853695823,24883.6500000000,24884.1500000000
1790853696225,24882.6500000000,24883.1500000000
1790853696830,24881.6500000000,24882.1500000000
1790853697033,24880.6500000000,24881.1500000000
1790853697234,24879.6500000000,24880.1500000000
1790853697640,24878.6500000000,24879.1500000000
1790853698246,24879.6500000000,24880.1500000000
1790853698448,24878.6500000000,24879.1500000000
1790853699057,24880.6500000000,24881.1500000000
1790853700068,24881.6500000000,24882.1500000000
1790853700675,24882.6500000000,24883.1500000000
1790853701082,24883.6500000000,24884.1500000000
1790853702094,24884.6500000000,24885.1500000000
1790853702499,24883.6500000000,24884.1500000000
1790853703306,24882.6500000000,24883.1500000000
1790853703910,24883.6500000000,24884.1500000000
1790853704313,24882.6500000000,24883.1500000000
1790853704515,24883.6500000000,24884.1500000000
1790853704716,24884.6500000000,24885.1500000000
1790853705125,24883.6500000000,24884.1500000000
1790853705528,24884.6500000000,24885.1500000000
1790853705931,24883.6500000000,24884.1500000000
1790853706134,24884.6500000000,24885.1500000000
1790853707952,24881.6500000000,24882.1500000000
1790853708156,24882.6500000000,24883.1500000000
1790853708356,24881.6500000000,24882.1500000000
1790853708558,24882.6500000000,24883.1500000000
1790853708761,24881.6500000000,24882.1500000000
1790853708964,24882.6500000000,24883.1500000000
1790853709369,24883.6500000000,24884.1500000000
1790853709571,24884.6500000000,24885.1500000000
1790853709975,24883.6500000000,24884.1500000000
1790853710580,24884.6500000000,24885.1500000000
1790853710780,24883.6500000000,24884.1500000000
1790853711994,24882.6500000000,24883.1500000000
1790853712399,24881.6500000000,24882.1500000000
1790853712603,24882.6500000000,24883.1500000000
1790853712804,24880.6500000000,24881.1500000000
1790853713412,24881.6500000000,24882.1500000000
1790853713818,24879.6500000000,24880.1500000000
1790853714021,24880.6500000000,24881.1500000000
1790853714224,24879.6500000000,24880.1500000000
1790853714832,24878.6500000000,24879.1500000000
1790853715640,24879.6500000000,24880.1500000000
1790853716448,24878.6500000000,24879.1500000000
1790853716853,24877.6500000000,24878.1500000000
1790853717054,24878.6500000000,24879.1500000000
1790853717259,24879.6500000000,24880.1500000000
1790853717666,24878.6500000000,24879.1500000000
1790853719480,24879.6500000000,24880.1500000000
1790853720085,24879.6500000000,24880.1500000000
1790853720691,24878.6500000000,24879.1500000000
1790853721914,24880.6500000000,24881.1500000000
1790853722520,24879.6500000000,24880.1500000000
1790853722722,24877.6500000000,24878.1500000000
1790853722923,24878.6500000000,24879.1500000000
1790853723127,24880.6500000000,24881.1500000000
1790853723332,24879.6500000000,24880.1500000000
1790853723534,24880.6500000000,24881.1500000000
1790853724141,24881.6500000000,24882.1500000000
1790853724341,24880.6500000000,24881.1500000000
1790853726565,24879.6500000000,24880.1500000000
1790853726769,24878.6500000000,24879.1500000000
1790853727174,24880.6500000000,24881.1500000000
1790853727376,24879.6500000000,24880.1500000000
1790853727576,24880.6500000000,24881.1500000000
1790853728184,24881.6500000000,24882.1500000000
1790853729396,24883.6500000000,24884.1500000000
1790853729598,24884.6500000000,24885.1500000000
1790853730610,24883.6500000000,24884.1500000000
1790853730814,24884.6500000000,24885.1500000000
1790853731016,24883.6500000000,24884.1500000000
1790853731621,24882.6500000000,24883.1500000000
1790853731824,24884.6500000000,24885.1500000000
1790853732631,24883.6500000000,24884.1500000000
1790853733444,24882.6500000000,24883.1500000000
1790853734658,24881.6500000000,24882.1500000000
1790853734862,24882.6500000000,24883.1500000000
1790853735669,24883.6500000000,24884.1500000000
1790853735871,24884.6500000000,24885.1500000000
1790853736879,24885.6500000000,24886.1500000000
1790853738702,24884.6500000000,24885.1500000000
1790853739311,24885.6500000000,24886.1500000000
1790853739514,24884.6500000000,24885.1500000000
1790853739714,24885.6500000000,24886.1500000000
1790853739917,24883.6500000000,24884.1500000000
1790853740117,24882.6500000000,24883.1500000000
1790853740723,24883.6500000000,24884.1500000000
1790853741128,24882.6500000000,24883.1500000000
1790853741332,24883.6500000000,24884.1500000000
1790853741534,24882.6500000000,24883.1500000000
1790853742139,24881.6500000000,24882.1500000000
1790853743149,24882.6500000000,24883.1500000000
1790853743350,24881.6500000000,24882.1500000000
1790853743556,24878.6500000000,24879.1500000000
1790853744161,24879.6500000000,24880.1500000000
1790853744362,24880.6500000000,24881.1500000000
1790853744565,24879.6500000000,24880.1500000000
1790853745778,24878.6500000000,24879.1500000000
1790853745984,24881.6500000000,24882.1500000000
1790853746185,24880.6500000000,24881.1500000000
1790853746386,24883.6500000000,24884.1500000000
1790853746791,24885.6500000000,24886.1500000000
1790853746993,24884.6500000000,24885.1500000000
1790853748612,24886.6500000000,24887.1500000000
1790853748813,24887.6500000000,24888.1500000000
1790853749217,24886.6500000000,24887.1500000000
1790853750026,24887.6500000000,24888.1500000000
1790853750430,24886.6500000000,24887.1500000000
1790853750632,24885.6500000000,24886.1500000000
1790853750835,24886.6500000000,24887.1500000000
1790853751038,24887.6500000000,24888.1500000000
1790853751241,24884.6500000000,24885.1500000000
1790853751645,24883.6500000000,24884.1500000000
1790853751848,24884.6500000000,24885.1500000000
1790853752254,24883.6500000000,24884.1500000000
1790853752858,24884.6500000000,24885.1500000000
1790853753060,24885.6500000000,24886.1500000000
1790853753465,24884.6500000000,24885.1500000000
1790853753668,24883.6500000000,24884.1500000000
1790853753870,24884.6500000000,24885.1500000000
1790853754274,24885.6500000000,24886.1500000000
1790853754680,24886.6500000000,24887.1500000000
1790853755895,24887.6500000000,24888.1500000000
1790853756095,24886.6500000000,24887.1500000000
1790853756298,24887.6500000000,24888.1500000000
1790853756500,24888.6500000000,24889.1500000000
1790853756703,24887.6500000000,24888.1500000000
1790853757713,24886.6500000000,24887.1500000000
1790853757916,24888.6500000000,24889.1500000000
1790853758119,24887.6500000000,24888.1500000000
1790853759131,24888.6500000000,24889.1500000000
1790853760343,24887.6500000000,24888.1500000000
1790853762772,24886.6500000000,24887.1500000000
1790853764592,24887.6500000000,24888.1500000000
1790853764797,24888.6500000000,24889.1500000000
1790853765201,24889.6500000000,24890.1500000000
1790853765402,24888.6500000000,24889.1500000000
1790853765605,24889.6500000000,24890.1500000000
1790853765806,24888.6500000000,24889.1500000000
1790853767428,24889.6500000000,24890.1500000000
1790853768035,24891.6500000000,24892.1500000000
1790853768238,24893.6500000000,24894.1500000000
1790853768440,24894.6500000000,24895.1500000000
1790853769250,24895.6500000000,24896.1500000000
1790853770057,24894.6500000000,24895.1500000000
1790853770260,24896.6500000000,24897.1500000000
1790853771675,24897.6500000000,24898.1500000000
1790853773494,24896.6500000000,24897.1500000000
1790853773698,24895.6500000000,24896.1500000000
1790853773900,24894.6500000000,24895.1500000000
1790853774506,24897.6500000000,24898.1500000000
1790853775313,24898.6500000000,24899.1500000000
1790853775918,24899.6500000000,24900.1500000000
1790853776726,24900.6500000000,24901.1500000000
1790853776929,24899.6500000000,24900.1500000000
1790853778141,24898.6500000000,24899.1500000000
1790853780365,24898.6500000000,24899.1500000000
1790853780569,24899.6500000000,24900.1500000000
1790853782801,24901.6500000000,24902.1500000000
1790853783205,24902.6500000000,24903.1500000000
1790853785030,24903.6500000000,24904.1500000000
1790853785232,24904.6500000000,24905.1500000000
1790853785638,24906.6500000000,24907.1500000000
1790853785841,24907.6500000000,24908.1500000000
1790853786042,24906.6500000000,24907.1500000000
1790853786243,24905.6500000000,24906.1500000000
1790853786646,24904.6500000000,24905.1500000000
1790853787051,24905.6500000000,24906.1500000000
1790853787254,24903.6500000000,24904.1500000000
1790853787456,24904.6500000000,24905.1500000000
1790853787859,24905.6500000000,24906.1500000000
1790853788263,24904.6500000000,24905.1500000000
1790853789273,24903.6500000000,24904.1500000000
1790853789677,24905.6500000000,24906.1500000000
1790853789879,24904.6500000000,24905.1500000000
1790853790082,24905.6500000000,24906.1500000000
1790853790889,24906.6500000000,24907.1500000000
1790853791902,24908.6500000000,24909.1500000000
1790853792104,24907.6500000000,24908.1500000000
1790853793117,24908.6500000000,24909.1500000000
1790853794533,24909.6500000000,24910.1500000000
1790853795137,24908.6500000000,24909.1500000000
1790853795544,24909.6500000000,24910.1500000000
1790853796556,24908.6500000000,24909.1500000000
1790853797971,24907.6500000000,24908.1500000000
1790853798174,24908.6500000000,24909.1500000000
1790853799185,24905.6500000000,24906.1500000000
1790853800599,24904.6500000000,24905.1500000000
1790853801002,24903.6500000000,24904.1500000000
1790853801609,24904.6500000000,24905.1500000000
1790853802014,24903.6500000000,24904.1500000000
1790853802219,24904.6500000000,24905.1500000000
1790853802420,24903.6500000000,24904.1500000000
1790853802621,24904.6500000000,24905.1500000000
1790853803026,24903.6500000000,24904.1500000000
1790853803433,24902.6500000000,24903.1500000000
1790853804237,24901.6500000000,24902.1500000000
1790853804439,24902.6500000000,24903.1500000000
1790853804640,24901.6500000000,24902.1500000000
1790853804842,24902.6500000000,24903.1500000000
1790853805044,24901.6500000000,24902.1500000000
1790853805246,24902.6500000000,24903.1500000000
1790853806663,24901.6500000000,24902.1500000000
1790853806866,24900.6500000000,24901.1500000000
1790853807471,24901.6500000000,24902.1500000000
1790853807673,24900.6500000000,24901.1500000000
1790853808076,24901.6500000000,24902.1500000000
1790853809897,24899.6500000000,24900.1500000000
1790853810099,24898.6500000000,24899.1500000000
1790853810298,24897.6500000000,24898.1500000000
1790853810501,24898.6500000000,24899.1500000000
1790853811106,24897.6500000000,24898.1500000000
1790853811512,24899.6500000000,24900.1500000000
1790853811712,24900.6500000000,24901.1500000000
1790853812116,24899.6500000000,24900.1500000000
1790853813532,24900.6500000000,24901.1500000000
1790853813937,24901.6500000000,24902.1500000000
1790853815753,24902.6500000000,24903.1500000000
1790853818585,24901.6500000000,24902.1500000000
1790853821011,24902.6500000000,24903.1500000000
1790853821418,24900.6500000000,24901.1500000000
1790853821820,24901.6500000000,24902.1500000000
1790853822428,24902.6500000000,24903.1500000000
1790853822631,24903.6500000000,24904.1500000000
1790853823439,24904.6500000000,24905.1500000000
1790853825057,24903.6500000000,24904.1500000000
1790853825664,24902.6500000000,24903.1500000000
1790853825867,24900.6500000000,24901.1500000000
1790853827280,24901.6500000000,24902.1500000000
1790853828289,24904.6500000000,24905.1500000000
1790853829502,24902.6500000000,24903.1500000000
1790853829907,24903.6500000000,24904.1500000000
1790853830311,24904.6500000000,24905.1500000000
1790853830715,24905.6500000000,24906.1500000000
1790853832332,24906.6500000000,24907.1500000000
1790853832939,24905.6500000000,24906.1500000000
1790853835569,24906.6500000000,24907.1500000000
1790853835771,24905.6500000000,24906.1500000000
1790853838200,24906.6500000000,24907.1500000000
1790853839413,24907.6500000000,24908.1500000000
1790853839816,24906.6500000000,24907.1500000000
1790853840829,24906.6500000000,24907.1500000000
1790853841031,24903.6500000000,24904.1500000000
1790853841237,24905.6500000000,24906.1500000000
1790853842253,24906.6500000000,24907.1500000000
1790853842456,24905.6500000000,24906.1500000000
1790853842659,24904.6500000000,24905.1500000000
1790853842860,24902.6500000000,24903.1500000000
1790853843065,24901.6500000000,24902.1500000000
1790853843467,24900.6500000000,24901.1500000000
1790853845490,24903.6500000000,24904.1500000000
1790853846095,24905.6500000000,24906.1500000000
1790853847711,24904.6500000000,24905.1500000000
1790853849940,24902.6500000000,24903.1500000000
1790853850142,24903.6500000000,24904.1500000000
1790853850344,24904.6500000000,24905.1500000000
1790853850750,24905.6500000000,24906.1500000000
1790853851358,24904.6500000000,24905.1500000000
1790853851762,24905.6500000000,24906.1500000000
1790853851963,24904.6500000000,24905.1500000000
1790853852576,24902.6500000000,24903.1500000000
1790853852972,24903.6500000000,24904.1500000000
1790853853174,24902.6500000000,24903.1500000000
1790853853578,24904.6500000000,24905.1500000000
1790853854185,24903.6500000000,24904.1500000000
1790853854385,24905.6500000000,24906.1500000000
1790853856814,24904.6500000000,24905.1500000000
1790853857828,24905.6500000000,24906.1500000000
1790853858030,24904.6500000000,24905.1500000000
1790853858232,24905.6500000000,24906.1500000000
1790853858434,24904.6500000000,24905.1500000000
1790853858841,24902.6500000000,24903.1500000000
1790853859244,24903.6500000000,24904.1500000000
1790853859449,24902.6500000000,24903.1500000000
1790853859651,24903.6500000000,24904.1500000000
1790853859852,24902.6500000000,24903.1500000000
1790853860054,24903.6500000000,24904.1500000000
1790853861062,24902.6500000000,24903.1500000000
1790853861266,24901.6500000000,24902.1500000000
1790853861466,24902.6500000000,24903.1500000000
1790853862072,24901.6500000000,24902.1500000000
1790853863084,24902.6500000000,24903.1500000000
1790853863287,24903.6500000000,24904.1500000000
1790853863488,24902.6500000000,24903.1500000000
1790853863689,24903.6500000000,24904.1500000000
1790853864700,24902.6500000000,24903.1500000000
1790853864903,24901.6500000000,24902.1500000000
1790853865104,24902.6500000000,24903.1500000000
1790853865912,24903.6500000000,24904.1500000000
1790853866723,24902.6500000000,24903.1500000000
1790853867127,24903.6500000000,24904.1500000000
1790853867530,24902.6500000000,24903.1500000000
1790853867735,24903.6500000000,24904.1500000000
1790853867937,24902.6500000000,24903.1500000000
1790853868139,24903.6500000000,24904.1500000000
1790853868544,24901.6500000000,24902.1500000000
1790853868949,24899.6500000000,24900.1500000000
1790853869150,24901.6500000000,24902.1500000000
1790853869755,24902.6500000000,24903.1500000000
1790853871377,24903.6500000000,24904.1500000000
1790853872181,24901.6500000000,24902.1500000000
1790853872382,24902.6500000000,24903.1500000000
1790853873192,24901.6500000000,24902.1500000000
1790853873596,24900.6500000000,24901.1500000000
1790853875014,24899.6500000000,24900.1500000000
1790853875215,24900.6500000000,24901.1500000000
1790853876022,24899.6500000000,24900.1500000000
1790853877437,24898.6500000000,24899.1500000000
1790853877639,24899.6500000000,24900.1500000000
1790853878045,24898.6500000000,24899.1500000000
1790853878248,24899.6500000000,24900.1500000000
1790853878451,24900.6500000000,24901.1500000000
1790853878651,24901.6500000000,24902.1500000000
1790853878855,24899.6500000000,24900.1500000000
1790853880069,24900.6500000000,24901.1500000000
1790853880472,24899.6500000000,24900.1500000000
1790853881078,24898.6500000000,24899.1500000000
1790853882696,24899.6500000000,24900.1500000000
1790853887546,24898.6500000000,24899.1500000000
1790853888356,24896.6500000000,24897.1500000000
1790853888559,24900.6500000000,24901.1500000000
1790853888965,24899.6500000000,24900.1500000000
1790853889571,24900.6500000000,24901.1500000000
1790853889979,24899.6500000000,24900.1500000000
1790853890177,24900.6500000000,24901.1500000000
1790853890379,24899.6500000000,24900.1500000000
1790853890784,24900.6500000000,24901.1500000000
1790853891795,24899.6500000000,24900.1500000000
1790853892810,24898.6500000000,24899.1500000000
1790853893013,24899.6500000000,24900.1500000000
1790853896449,24898.6500000000,24899.1500000000
1790853897053,24899.6500000000,24900.1500000000
1790853897658,24901.6500000000,24902.1500000000
1790853898065,24900.6500000000,24901.1500000000
1790853898467,24901.6500000000,24902.1500000000
1790853898669,24900.6500000000,24901.1500000000
1790853900289,24900.6500000000,24901.1500000000
1790853900893,24901.6500000000,24902.1500000000
1790853901097,24900.6500000000,24901.1500000000
1790853902116,24899.6500000000,24900.1500000000
1790853902518,24898.6500000000,24899.1500000000
1790853902719,24897.6500000000,24898.1500000000
1790853902922,24896.6500000000,24897.1500000000
1790853903126,24894.6500000000,24895.1500000000
1790853903328,24896.6500000000,24897.1500000000
1790853903731,24894.6500000000,24895.1500000000
1790853903931,24893.6500000000,24894.1500000000
1790853904944,24895.6500000000,24896.1500000000
1790853905149,24898.6500000000,24899.1500000000
1790853905351,24899.6500000000,24900.1500000000
1790853906562,24900.6500000000,24901.1500000000
1790853906764,24899.6500000000,24900.1500000000
1790853908785,24897.6500000000,24898.1500000000
1790853910200,24896.6500000000,24897.1500000000
1790853910401,24895.6500000000,24896.1500000000
1790853910601,24894.6500000000,24895.1500000000
1790853911006,24895.6500000000,24896.1500000000
1790853911208,24896.6500000000,24897.1500000000
1790853911613,24897.6500000000,24898.1500000000
1790853911814,24896.6500000000,24897.1500000000
1790853912017,24897.6500000000,24898.1500000000
1790853912218,24896.6500000000,24897.1500000000
1790853912826,24895.6500000000,24896.1500000000
1790853914038,24894.6500000000,24895.1500000000
1790853914239,24896.6500000000,24897.1500000000
1790853914443,24895.6500000000,24896.1500000000
1790853914645,24897.6500000000,24898.1500000000
1790853914849,24898.6500000000,24899.1500000000
1790853915251,24899.6500000000,24900.1500000000
1790853916260,24900.6500000000,24901.1500000000
1790853916464,24899.6500000000,24900.1500000000
1790853917882,24900.6500000000,24901.1500000000
1790853919294,24898.6500000000,24899.1500000000
1790853919496,24900.6500000000,24901.1500000000
1790853919900,24901.6500000000,24902.1500000000
1790853920712,24902.6500000000,24903.1500000000
1790853921518,24901.6500000000,24902.1500000000
1790853921923,24900.6500000000,24901.1500000000
1790853923339,24898.6500000000,24899.1500000000
1790853923943,24897.6500000000,24898.1500000000
1790853924754,24898.6500000000,24899.1500000000
1790853924958,24896.6500000000,24897.1500000000
1790853925563,24897.6500000000,24898.1500000000
1790853927583,24898.6500000000,24899.1500000000
1790853927987,24897.6500000000,24898.1500000000
1790853929198,24898.6500000000,24899.1500000000
1790853930612,24901.6500000000,24902.1500000000
1790853930814,24900.6500000000,24901.1500000000
1790853931218,24899.6500000000,24900.1500000000
1790853931424,24900.6500000000,24901.1500000000
1790853932025,24899.6500000000,24900.1500000000
1790853932228,24896.6500000000,24897.1500000000
1790853932431,24895.6500000000,24896.1500000000
1790853932631,24896.6500000000,24897.1500000000
1790853933236,24895.6500000000,24896.1500000000
1790853933640,24896.6500000000,24897.1500000000
1790853934452,24897.6500000000,24898.1500000000
1790853934652,24896.6500000000,24897.1500000000
1790853935059,24895.6500000000,24896.1500000000
1790853935464,24894.6500000000,24895.1500000000
1790853936076,24893.6500000000,24894.1500000000
1790853936877,24892.6500000000,24893.1500000000
1790853937081,24891.6500000000,24892.1500000000
1790853937289,24893.6500000000,24894.1500000000
1790853938093,24894.6500000000,24895.1500000000
1790853938297,24895.6500000000,24896.1500000000
1790853940115,24896.6500000000,24897.1500000000
1790853941124,24897.6500000000,24898.1500000000
1790853941326,24896.6500000000,24897.1500000000
1790853941529,24895.6500000000,24896.1500000000
1790853942137,24896.6500000000,24897.1500000000
1790853942746,24897.6500000000,24898.1500000000
1790853943755,24896.6500000000,24897.1500000000
1790853944159,24897.6500000000,24898.1500000000
1790853944360,24896.6500000000,24897.1500000000
1790853944566,24894.6500000000,24895.1500000000
1790853944766,24893.6500000000,24894.1500000000
1790853945170,24892.6500000000,24893.1500000000
1790853946181,24893.6500000000,24894.1500000000
1790853946384,24892.6500000000,24893.1500000000
1790853946584,24893.6500000000,24894.1500000000
1790853946786,24892.6500000000,24893.1500000000
1790853947192,24893.6500000000,24894.1500000000
1790853947397,24894.6500000000,24895.1500000000
1790853948001,24892.6500000000,24893.1500000000
1790853948809,24891.6500000000,24892.1500000000
1790853949618,24890.6500000000,24891.1500000000
1790853951030,24891.6500000000,24892.1500000000
1790853951231,24890.6500000000,24891.1500000000
1790853952446,24889.6500000000,24890.1500000000
1790853952650,24888.6500000000,24889.1500000000
1790853953659,24887.6500000000,24888.1500000000
1790853953862,24888.6500000000,24889.1500000000
1790853954067,24887.6500000000,24888.1500000000
1790853954269,24892.6500000000,24893.1500000000
1790853956290,24893.6500000000,24894.1500000000
1790853957099,24892.6500000000,24893.1500000000
1790853958515,24893.6500000000,24894.1500000000
1790853958917,24894.6500000000,24895.1500000000
1790853960131,24893.6500000000,24894.1500000000
1790853960942,24894.6500000000,24895.1500000000
1790853961145,24893.6500000000,24894.1500000000
1790853961557,24894.6500000000,24895.1500000000
1790853964588,24895.6500000000,24896.1500000000
1790853967222,24897.6500000000,24898.1500000000
1790853968026,24898.6500000000,24899.1500000000
1790853968229,24897.6500000000,24898.1500000000
1790853968633,24898.6500000000,24899.1500000000
1790853968836,24897.6500000000,24898.1500000000
1790853969241,24898.6500000000,24899.1500000000
1790853970254,24897.6500000000,24898.1500000000
1790853970456,24898.6500000000,24899.1500000000
1790853971668,24899.6500000000,24900.1500000000
1790853972074,24898.6500000000,24899.1500000000
1790853973085,24899.6500000000,24900.1500000000
1790853973289,24898.6500000000,24899.1500000000
1790853973897,24896.6500000000,24897.1500000000
1790853974100,24895.6500000000,24896.1500000000
1790853974505,24897.6500000000,24898.1500000000
1790853974706,24898.6500000000,24899.1500000000
1790853975106,24899.6500000000,24900.1500000000
1790853975713,24898.6500000000,24899.1500000000
1790853976520,24899.6500000000,24900.1500000000
1790853976725,24900.6500000000,24901.1500000000
1790853977741,24902.6500000000,24903.1500000000
1790853977942,24903.6500000000,24904.1500000000
1790853978346,24904.6500000000,24905.1500000000
1790853978547,24903.6500000000,24904.1500000000
1790853979786,24904.6500000000,24905.1500000000
1790853979988,24905.6500000000,24906.1500000000
1790853980191,24904.6500000000,24905.1500000000
1790853980594,24905.6500000000,24906.1500000000
1790853980998,24903.6500000000,24904.1500000000
1790853981403,24902.6500000000,24903.1500000000
1790853981607,24900.6500000000,24901.1500000000
1790853981807,24902.6500000000,24903.1500000000
1790853982008,24903.6500000000,24904.1500000000
1790853982210,24902.6500000000,24903.1500000000
1790853982615,24901.6500000000,24902.1500000000
1790853982817,24899.6500000000,24900.1500000000
1790853983022,24900.6500000000,24901.1500000000
1790853983830,24901.6500000000,24902.1500000000
1790853984234,24900.6500000000,24901.1500000000
1790853985450,24899.6500000000,24900.1500000000
1790853985653,24900.6500000000,24901.1500000000
1790853985857,24899.6500000000,24900.1500000000
1790853986057,24900.6500000000,24901.1500000000
1790853986261,24899.6500000000,24900.1500000000
1790853986867,24901.6500000000,24902.1500000000
1790853987069,24902.6500000000,24903.1500000000
1790853987274,24901.6500000000,24902.1500000000
1790853987678,24900.6500000000,24901.1500000000
1790853987878,24899.6500000000,24900.1500000000
1790853988686,24898.6500000000,24899.1500000000
1790853988887,24899.6500000000,24900.1500000000
1790853989088,24898.6500000000,24899.1500000000
1790853990099,24897.6500000000,24898.1500000000
1790853990504,24898.6500000000,24899.1500000000
1790853990705,24895.6500000000,24896.1500000000
1790853990909,24894.6500000000,24895.1500000000
1790853991111,24895.6500000000,24896.1500000000
1790853991515,24894.6500000000,24895.1500000000
1790853992120,24896.6500000000,24897.1500000000
1790853992928,24895.6500000000,24896.1500000000
1790853993132,24896.6500000000,24897.1500000000
1790853993335,24897.6500000000,24898.1500000000
1790853994346,24896.6500000000,24897.1500000000
1790853994750,24895.6500000000,24896.1500000000
1790853994952,24896.6500000000,24897.1500000000
1790853995358,24897.6500000000,24898.1500000000
1790853995761,24896.6500000000,24897.1500000000
1790853996973,24897.6500000000,24898.1500000000
1790853997378,24896.6500000000,24897.1500000000
1790853997987,24895.6500000000,24896.1500000000
1790853998393,24896.6500000000,24897.1500000000
1790853999000,24895.6500000000,24896.1500000000
1790853999203,24896.6500000000,24897.1500000000
1790853999811,24895.6500000000,24896.1500000000
1790854000015,24896.6500000000,24897.1500000000
1790854000418,24898.6500000000,24899.1500000000
1790854000621,24897.6500000000,24898.1500000000
1790854001228,24898.6500000000,24899.1500000000
1790854002039,24897.6500000000,24898.1500000000
1790854002646,24898.6500000000,24899.1500000000
1790854003049,24897.6500000000,24898.1500000000
1790854003452,24898.6500000000,24899.1500000000
1790854003856,24897.6500000000,24898.1500000000
1790854004462,24896.6500000000,24897.1500000000
1790854004663,24897.6500000000,24898.1500000000
1790854005068,24896.6500000000,24897.1500000000
1790854005270,24897.6500000000,24898.1500000000
1790854006078,24896.6500000000,24897.1500000000
1790854006281,24897.6500000000,24898.1500000000
1790854006888,24896.6500000000,24897.1500000000
1790854007701,24895.6500000000,24896.1500000000
1790854007903,24896.6500000000,24897.1500000000
1790854009722,24897.6500000000,24898.1500000000
1790854010125,24896.6500000000,24897.1500000000
1790854010328,24897.6500000000,24898.1500000000
1790854010530,24896.6500000000,24897.1500000000
1790854011337,24897.6500000000,24898.1500000000
1790854011538,24898.6500000000,24899.1500000000
1790854012349,24897.6500000000,24898.1500000000
1790854012552,24898.6500000000,24899.1500000000
1790854013765,24896.6500000000,24897.1500000000
1790854015995,24895.6500000000,24896.1500000000
1790854016197,24897.6500000000,24898.1500000000
1790854016803,24899.6500000000,24900.1500000000
1790854017206,24898.6500000000,24899.1500000000
1790854018218,24899.6500000000,24900.1500000000
1790854018825,24900.6500000000,24901.1500000000
1790854019229,24899.6500000000,24900.1500000000
1790854019635,24900.6500000000,24901.1500000000
1790854020040,24900.6500000000,24901.1500000000
1790854021662,24898.6500000000,24899.1500000000
1790854022472,24900.6500000000,24901.1500000000
1790854023887,24899.6500000000,24900.1500000000
1790854024290,24900.6500000000,24901.1500000000
1790854024493,24901.6500000000,24902.1500000000
1790854024896,24900.6500000000,24901.1500000000
1790854025503,24901.6500000000,24902.1500000000
1790854025909,24902.6500000000,24903.1500000000
1790854026114,24903.6500000000,24904.1500000000
1790854026314,24902.6500000000,24903.1500000000
1790854026920,24904.6500000000,24905.1500000000
1790854027121,24903.6500000000,24904.1500000000
1790854027931,24901.6500000000,24902.1500000000
1790854028538,24900.6500000000,24901.1500000000
1790854028740,24899.6500000000,24900.1500000000
1790854029145,24901.6500000000,24902.1500000000
1790854029347,24900.6500000000,24901.1500000000
1790854030963,24899.6500000000,24900.1500000000
1790854032582,24900.6500000000,24901.1500000000
1790854032785,24899.6500000000,24900.1500000000
1790854033189,24900.6500000000,24901.1500000000
1790854033392,24899.6500000000,24900.1500000000
1790854033592,24900.6500000000,24901.1500000000
1790854035217,24899.6500000000,24900.1500000000
1790854035621,24900.6500000000,24901.1500000000
1790854036227,24901.6500000000,24902.1500000000
1790854037445,24902.6500000000,24903.1500000000
1790854037642,24901.6500000000,24902.1500000000
1790854038247,24902.6500000000,24903.1500000000
1790854038448,24903.6500000000,24904.1500000000
1790854038650,24902.6500000000,24903.1500000000
1790854038855,24903.6500000000,24904.1500000000
1790854039261,24904.6500000000,24905.1500000000
1790854039463,24905.6500000000,24906.1500000000
1790854041085,24906.6500000000,24907.1500000000
1790854042299,24907.6500000000,24908.1500000000
1790854042500,24906.6500000000,24907.1500000000
1790854042905,24907.6500000000,24908.1500000000
1790854043712,24908.6500000000,24909.1500000000
1790854044319,24909.6500000000,24910.1500000000
1790854044723,24908.6500000000,24909.1500000000
1790854044925,24907.6500000000,24908.1500000000
1790854045127,24908.6500000000,24909.1500000000
1790854045328,24909.6500000000,24910.1500000000
1790854045531,24908.6500000000,24909.1500000000
1790854045935,24909.6500000000,24910.1500000000
1790854046745,24912.6500000000,24913.1500000000
1790854046947,24911.6500000000,24912.1500000000
1790854047350,24912.6500000000,24913.1500000000
1790854047552,24913.6500000000,24914.1500000000
1790854048968,24914.6500000000,24915.1500000000
1790854049774,24913.6500000000,24914.1500000000
1790854050178,24914.6500000000,24915.1500000000
1790854050583,24912.6500000000,24913.1500000000
1790854050996,24913.6500000000,24914.1500000000
1790854051797,24914.6500000000,24915.1500000000
1790854052200,24915.6500000000,24916.1500000000
1790854053213,24916.6500000000,24917.1500000000
1790854055845,24917.6500000000,24918.1500000000
1790854056449,24916.6500000000,24917.1500000000
1790854056651,24917.6500000000,24918.1500000000
1790854057867,24916.6500000000,24917.1500000000
1790854058270,24915.6500000000,24916.1500000000
1790854059081,24916.6500000000,24917.1500000000
1790854059688,24914.6500000000,24915.1500000000
1790854060093,24913.6500000000,24914.1500000000
1790854060503,24912.6500000000,24913.1500000000
1790854061712,24911.6500000000,24912.1500000000
1790854062521,24910.6500000000,24911.1500000000
1790854062723,24909.6500000000,24910.1500000000
1790854063127,24910.6500000000,24911.1500000000
1790854063934,24909.6500000000,24910.1500000000
1790854064138,24910.6500000000,24911.1500000000
1790854064541,24909.6500000000,24910.1500000000
1790854065147,24911.6500000000,24912.1500000000
1790854065348,24910.6500000000,24911.1500000000
1790854065750,24909.6500000000,24910.1500000000
1790854066357,24910.6500000000,24911.1500000000
1790854066760,24911.6500000000,24912.1500000000
1790854066962,24913.6500000000,24914.1500000000
1790854067571,24910.6500000000,24911.1500000000
1790854069796,24909.6500000000,24910.1500000000
1790854070195,24910.6500000000,24911.1500000000
1790854070398,24909.6500000000,24910.1500000000
1790854071207,24908.6500000000,24909.1500000000
1790854071409,24907.6500000000,24908.1500000000
1790854072828,24905.6500000000,24906.1500000000
1790854073637,24906.6500000000,24907.1500000000
1790854074048,24905.6500000000,24906.1500000000
1790854074852,24906.6500000000,24907.1500000000
1790854075058,24905.6500000000,24906.1500000000
1790854075456,24904.6500000000,24905.1500000000
1790854075657,24906.6500000000,24907.1500000000
1790854075860,24905.6500000000,24906.1500000000
1790854076062,24906.6500000000,24907.1500000000
1790854076668,24905.6500000000,24906.1500000000
1790854077079,24904.6500000000,24905.1500000000
1790854077888,24903.6500000000,24904.1500000000
1790854078495,24904.6500000000,24905.1500000000
1790854079707,24903.6500000000,24904.1500000000
1790854080110,24904.6500000000,24905.1500000000
1790854080314,24903.6500000000,24904.1500000000
1790854081129,24906.6500000000,24907.1500000000
1790854081325,24908.6500000000,24909.1500000000
1790854081525,24909.6500000000,24910.1500000000
1790854081736,24907.6500000000,24908.1500000000
1790854082140,24908.6500000000,24909.1500000000
1790854082343,24907.6500000000,24908.1500000000
1790854082950,24906.6500000000,24907.1500000000
1790854083150,24907.6500000000,24908.1500000000
1790854083353,24908.6500000000,24909.1500000000
1790854083555,24909.6500000000,24910.1500000000
1790854083958,24908.6500000000,24909.1500000000
1790854084161,24907.6500000000,24908.1500000000
1790854085174,24906.6500000000,24907.1500000000
1790854085374,24905.6500000000,24906.1500000000
1790854085578,24906.6500000000,24907.1500000000
1790854085980,24907.6500000000,24908.1500000000
1790854086183,24906.6500000000,24907.1500000000
1790854086384,24907.6500000000,24908.1500000000
1790854086588,24906.6500000000,24907.1500000000
1790854086791,24905.6500000000,24906.1500000000
1790854087196,24906.6500000000,24907.1500000000
1790854087399,24907.6500000000,24908.1500000000
1790854087602,24906.6500000000,24907.1500000000
1790854090231,24905.6500000000,24906.1500000000
1790854091038,24904.6500000000,24905.1500000000
1790854091240,24903.6500000000,24904.1500000000
1790854092047,24902.6500000000,24903.1500000000
1790854093061,24904.6500000000,24905.1500000000
1790854093466,24905.6500000000,24906.1500000000
1790854094075,24903.6500000000,24904.1500000000
1790854094886,24902.6500000000,24903.1500000000
1790854096098,24901.6500000000,24902.1500000000
1790854096503,24902.6500000000,24903.1500000000
1790854096908,24901.6500000000,24902.1500000000
1790854097715,24900.6500000000,24901.1500000000
1790854098119,24901.6500000000,24902.1500000000
1790854098526,24900.6500000000,24901.1500000000
1790854098932,24901.6500000000,24902.1500000000
1790854099541,24900.6500000000,24901.1500000000
1790854099742,24901.6500000000,24902.1500000000
1790854099944,24900.6500000000,24901.1500000000
1790854100147,24901.6500000000,24902.1500000000
1790854100550,24900.6500000000,24901.1500000000
1790854100758,24901.6500000000,24902.1500000000
1790854101564,24902.6500000000,24903.1500000000
1790854102172,24901.6500000000,24902.1500000000
1790854102374,24900.6500000000,24901.1500000000
1790854102981,24899.6500000000,24900.1500000000
1790854103387,24898.6500000000,24899.1500000000
1790854103792,24897.6500000000,24898.1500000000
1790854104399,24896.6500000000,24897.1500000000
1790854104802,24895.6500000000,24896.1500000000
1790854105206,24896.6500000000,24897.1500000000
1790854105813,24895.6500000000,24896.1500000000
1790854106216,24894.6500000000,24895.1500000000
1790854106823,24893.6500000000,24894.1500000000
1790854107431,24892.6500000000,24893.1500000000
1790854107833,24891.6500000000,24892.1500000000
1790854108034,24893.6500000000,24894.1500000000
1790854108237,24891.6500000000,24892.1500000000
1790854108641,24893.6500000000,24894.1500000000
1790854108843,24891.6500000000,24892.1500000000
1790854109244,24892.6500000000,24893.1500000000
1790854109448,24891.6500000000,24892.1500000000
1790854109648,24890.6500000000,24891.1500000000
1790854109852,24891.6500000000,24892.1500000000
1790854110661,24893.6500000000,24894.1500000000
1790854110864,24891.6500000000,24892.1500000000
1790854111269,24892.6500000000,24893.1500000000
1790854112482,24894.6500000000,24895.1500000000
1790854112683,24895.6500000000,24896.1500000000
1790854112886,24892.6500000000,24893.1500000000
1790854113493,24890.6500000000,24891.1500000000
1790854113899,24891.6500000000,24892.1500000000
1790854114100,24890.6500000000,24891.1500000000
1790854114707,24889.6500000000,24890.1500000000
1790854115314,24890.6500000000,24891.1500000000
1790854115919,24889.6500000000,24890.1500000000
1790854116121,24890.6500000000,24891.1500000000
1790854116324,24889.6500000000,24890.1500000000
1790854116726,24890.6500000000,24891.1500000000
1790854116929,24891.6500000000,24892.1500000000
1790854117334,24890.6500000000,24891.1500000000
1790854117739,24889.6500000000,24890.1500000000
1790854118142,24888.6500000000,24889.1500000000
1790854118343,24889.6500000000,24890.1500000000
1790854118950,24890.6500000000,24891.1500000000
1790854119151,24889.6500000000,24890.1500000000
1790854119354,24888.6500000000,24889.1500000000
1790854119557,24891.6500000000,24892.1500000000
1790854119759,24890.6500000000,24891.1500000000
1790854119960,24891.6500000000,24892.1500000000
1790854120163,24890.6500000000,24891.1500000000
1790854120565,24889.6500000000,24890.1500000000
1790854121172,24888.6500000000,24889.1500000000
1790854121375,24891.6500000000,24892.1500000000
1790854121576,24890.6500000000,24891.1500000000
1790854122588,24889.6500000000,24890.1500000000
1790854122793,24890.6500000000,24891.1500000000
1790854124004,24889.6500000000,24890.1500000000
1790854124208,24888.6500000000,24889.1500000000
1790854124612,24889.6500000000,24890.1500000000
1790854125418,24891.6500000000,24892.1500000000
1790854125823,24890.6500000000,24891.1500000000
1790854126228,24889.6500000000,24890.1500000000
1790854126429,24890.6500000000,24891.1500000000
1790854126833,24889.6500000000,24890.1500000000
1790854127239,24888.6500000000,24889.1500000000
1790854127441,24886.6500000000,24887.1500000000
1790854127646,24885.6500000000,24886.1500000000
1790854127847,24886.6500000000,24887.1500000000
1790854129666,24884.6500000000,24885.1500000000
1790854130072,24885.6500000000,24886.1500000000
1790854130273,24884.6500000000,24885.1500000000
1790854130474,24886.6500000000,24887.1500000000
1790854130674,24887.6500000000,24888.1500000000
1790854130877,24888.6500000000,24889.1500000000
1790854131079,24889.6500000000,24890.1500000000
1790854131483,24890.6500000000,24891.1500000000
1790854132491,24891.6500000000,24892.1500000000
1790854133098,24890.6500000000,24891.1500000000
1790854133706,24891.6500000000,24892.1500000000
1790854134110,24890.6500000000,24891.1500000000
1790854134917,24891.6500000000,24892.1500000000
1790854136532,24892.6500000000,24893.1500000000
1790854136735,24893.6500000000,24894.1500000000
1790854137143,24890.6500000000,24891.1500000000
1790854137951,24888.6500000000,24889.1500000000
1790854138152,24887.6500000000,24888.1500000000
1790854138356,24886.6500000000,24887.1500000000
1790854138961,24887.6500000000,24888.1500000000
1790854139366,24888.6500000000,24889.1500000000
1790854139569,24887.6500000000,24888.1500000000
1790854139771,24886.6500000000,24887.1500000000
1790854140182,24886.6500000000,24887.1500000000
1790854140781,24887.6500000000,24888.1500000000
1790854140983,24886.6500000000,24887.1500000000
1790854141387,24887.6500000000,24888.1500000000
1790854142204,24886.6500000000,24887.1500000000
1790854142405,24885.6500000000,24886.1500000000
1790854142608,24884.6500000000,24885.1500000000
1790854142809,24882.6500000000,24883.1500000000
1790854143013,24884.6500000000,24885.1500000000
1790854145437,24883.6500000000,24884.1500000000
1790854145640,24884.6500000000,24885.1500000000
1790854145847,24883.6500000000,24884.1500000000
1790854146248,24882.6500000000,24883.1500000000
1790854146649,24883.6500000000,24884.1500000000
1790854147662,24884.6500000000,24885.1500000000
1790854147864,24885.6500000000,24886.1500000000
1790854148270,24886.6500000000,24887.1500000000
1790854148674,24887.6500000000,24888.1500000000
1790854149683,24888.6500000000,24889.1500000000
1790854150291,24886.6500000000,24887.1500000000
1790854150493,24888.6500000000,24889.1500000000
1790854151504,24889.6500000000,24890.1500000000
1790854151908,24890.6500000000,24891.1500000000
1790854152313,24891.6500000000,24892.1500000000
1790854152923,24890.6500000000,24891.1500000000
1790854153124,24891.6500000000,24892.1500000000
1790854154136,24890.6500000000,24891.1500000000
1790854154540,24891.6500000000,24892.1500000000
1790854154741,24890.6500000000,24891.1500000000
1790854154943,24889.6500000000,24890.1500000000
1790854155148,24890.6500000000,24891.1500000000
1790854155349,24889.6500000000,24890.1500000000
1790854157570,24888.6500000000,24889.1500000000
1790854157774,24889.6500000000,24890.1500000000
1790854158582,24887.6500000000,24888.1500000000
1790854158785,24889.6500000000,24890.1500000000
1790854159188,24888.6500000000,24889.1500000000
1790854159391,24889.6500000000,24890.1500000000
1790854160606,24887.6500000000,24888.1500000000
1790854160809,24886.6500000000,24887.1500000000
1790854162425,24887.6500000000,24888.1500000000
1790854163436,24886.6500000000,24887.1500000000
1790854164447,24887.6500000000,24888.1500000000
1790854164650,24886.6500000000,24887.1500000000
1790854164853,24887.6500000000,24888.1500000000
1790854165258,24886.6500000000,24887.1500000000
1790854165869,24885.6500000000,24886.1500000000
1790854166674,24884.6500000000,24885.1500000000
1790854166876,24883.6500000000,24884.1500000000
1790854167280,24884.6500000000,24885.1500000000
1790854167482,24883.6500000000,24884.1500000000
1790854168089,24884.6500000000,24885.1500000000
1790854168696,24883.6500000000,24884.1500000000
1790854168897,24884.6500000000,24885.1500000000
1790854169099,24885.6500000000,24886.1500000000
1790854169504,24886.6500000000,24887.1500000000
1790854170110,24884.6500000000,24885.1500000000
1790854170313,24883.6500000000,24884.1500000000
1790854171322,24884.6500000000,24885.1500000000
1790854171727,24883.6500000000,24884.1500000000
1790854172943,24884.6500000000,24885.1500000000
1790854175165,24883.6500000000,24884.1500000000
1790854175368,24884.6500000000,24885.1500000000
1790854175974,24883.6500000000,24884.1500000000
1790854176984,24884.6500000000,24885.1500000000
1790854177187,24883.6500000000,24884.1500000000
1790854177390,24884.6500000000,24885.1500000000
1790854178401,24883.6500000000,24884.1500000000
1790854178606,24884.6500000000,24885.1500000000
1790854179009,24882.6500000000,24883.1500000000
1790854179213,24883.6500000000,24884.1500000000
1790854179415,24882.6500000000,24883.1500000000
1790854181033,24881.6500000000,24882.1500000000
1790854181237,24882.6500000000,24883.1500000000
1790854181844,24881.6500000000,24882.1500000000
1790854183058,24882.6500000000,24883.1500000000
1790854183260,24881.6500000000,24882.1500000000
1790854183666,24880.6500000000,24881.1500000000
1790854183868,24879.6500000000,24880.1500000000
1790854184273,24878.6500000000,24879.1500000000
1790854185689,24877.6500000000,24878.1500000000
1790854186498,24876.6500000000,24877.1500000000
1790854186700,24874.6500000000,24875.1500000000
1790854187306,24873.6500000000,24874.1500000000
1790854187911,24874.6500000000,24875.1500000000
1790854188116,24873.6500000000,24874.1500000000
1790854188317,24874.6500000000,24875.1500000000
1790854189328,24876.6500000000,24877.1500000000
1790854189530,24875.6500000000,24876.1500000000
1790854190339,24874.6500000000,24875.1500000000
1790854191961,24872.6500000000,24873.1500000000
1790854192570,24870.6500000000,24871.1500000000
1790854192776,24871.6500000000,24872.1500000000
1790854193379,24872.6500000000,24873.1500000000
1790854193583,24873.6500000000,24874.1500000000
1790854193985,24874.6500000000,24875.1500000000
1790854194391,24873.6500000000,24874.1500000000
1790854196211,24874.6500000000,24875.1500000000
1790854196415,24873.6500000000,24874.1500000000
1790854196618,24872.6500000000,24873.1500000000
1790854197433,24873.6500000000,24874.1500000000
1790854198844,24872.6500000000,24873.1500000000
1790854199654,24871.6500000000,24872.1500000000
1790854200061,24869.6500000000,24870.1500000000
1790854200870,24870.6500000000,24871.1500000000
1790854201885,24869.6500000000,24870.1500000000
1790854202496,24867.6500000000,24868.1500000000
1790854203305,24869.6500000000,24870.1500000000
1790854203505,24868.6500000000,24869.1500000000
1790854204318,24867.6500000000,24868.1500000000
1790854204923,24868.6500000000,24869.1500000000
1790854205327,24867.6500000000,24868.1500000000
1790854206134,24871.6500000000,24872.1500000000
1790854207348,24870.6500000000,24871.1500000000
1790854207955,24868.6500000000,24869.1500000000
1790854208157,24867.6500000000,24868.1500000000
1790854208359,24868.6500000000,24869.1500000000
1790854208560,24867.6500000000,24868.1500000000
1790854208964,24868.6500000000,24869.1500000000
1790854209166,24867.6500000000,24868.1500000000
1790854209569,24866.6500000000,24867.1500000000
1790854210178,24865.6500000000,24866.1500000000
1790854210379,24866.6500000000,24867.1500000000
1790854211793,24868.6500000000,24869.1500000000
1790854212804,24867.6500000000,24868.1500000000
1790854213005,24868.6500000000,24869.1500000000
1790854213207,24867.6500000000,24868.1500000000
1790854213611,24869.6500000000,24870.1500000000
1790854214221,24870.6500000000,24871.1500000000
1790854214422,24871.6500000000,24872.1500000000
1790854214626,24872.6500000000,24873.1500000000
1790854215027,24871.6500000000,24872.1500000000
1790854215230,24873.6500000000,24874.1500000000
1790854215835,24872.6500000000,24873.1500000000
1790854216238,24873.6500000000,24874.1500000000
1790854216441,24874.6500000000,24875.1500000000
1790854217854,24873.6500000000,24874.1500000000
1790854218256,24872.6500000000,24873.1500000000
1790854219063,24871.6500000000,24872.1500000000
1790854220077,24867.6500000000,24868.1500000000
1790854220277,24868.6500000000,24869.1500000000
1790854221489,24869.6500000000,24870.1500000000
1790854221690,24868.6500000000,24869.1500000000
1790854222297,24869.6500000000,24870.1500000000
1790854222501,24868.6500000000,24869.1500000000
1790854222905,24869.6500000000,24870.1500000000
1790854223313,24868.6500000000,24869.1500000000
1790854223516,24867.6500000000,24868.1500000000
1790854223723,24866.6500000000,24867.1500000000
1790854224123,24867.6500000000,24868.1500000000
1790854224326,24865.6500000000,24866.1500000000
1790854224527,24866.6500000000,24867.1500000000
1790854224729,24864.6500000000,24865.1500000000
1790854224932,24865.6500000000,24866.1500000000
1790854225336,24864.6500000000,24865.1500000000
1790854225941,24866.6500000000,24867.1500000000
1790854226147,24865.6500000000,24866.1500000000
1790854226347,24866.6500000000,24867.1500000000
1790854226751,24865.6500000000,24866.1500000000
1790854226954,24866.6500000000,24867.1500000000
1790854227157,24865.6500000000,24866.1500000000
1790854227359,24864.6500000000,24865.1500000000
1790854228166,24863.6500000000,24864.1500000000
1790854228369,24864.6500000000,24865.1500000000
1790854228774,24865.6500000000,24866.1500000000
1790854229177,24864.6500000000,24865.1500000000
1790854229380,24865.6500000000,24866.1500000000
1790854229585,24864.6500000000,24865.1500000000
1790854229787,24862.6500000000,24863.1500000000
1790854229990,24860.6500000000,24861.1500000000
1790854230195,24862.6500000000,24863.1500000000
1790854230394,24863.6500000000,24864.1500000000
1790854230799,24862.6500000000,24863.1500000000
1790854232010,24863.6500000000,24864.1500000000
1790854232215,24864.6500000000,24865.1500000000
1790854232416,24865.6500000000,24866.1500000000
1790854233630,24866.6500000000,24867.1500000000
1790854234036,24865.6500000000,24866.1500000000
1790854234240,24864.6500000000,24865.1500000000
1790854234643,24865.6500000000,24866.1500000000
1790854236262,24866.6500000000,24867.1500000000
1790854237275,24867.6500000000,24868.1500000000
1790854238489,24865.6500000000,24866.1500000000
1790854238894,24866.6500000000,24867.1500000000
1790854239503,24865.6500000000,24866.1500000000
1790854239906,24866.6500000000,24867.1500000000
1790854240311,24868.6500000000,24869.1500000000
1790854240715,24869.6500000000,24870.1500000000
1790854240916,24868.6500000000,24869.1500000000
1790854241522,24866.6500000000,24867.1500000000
1790854241725,24865.6500000000,24866.1500000000
1790854242330,24866.6500000000,24867.1500000000
1790854242533,24864.6500000000,24865.1500000000
1790854242736,24865.6500000000,24866.1500000000
1790854243140,24864.6500000000,24865.1500000000
1790854243546,24863.6500000000,24864.1500000000
1790854243749,24864.6500000000,24865.1500000000
1790854244556,24862.6500000000,24863.1500000000
1790854244960,24861.6500000000,24862.1500000000
1790854245971,24862.6500000000,24863.1500000000
1790854246980,24861.6500000000,24862.1500000000
1790854247182,24862.6500000000,24863.1500000000
1790854247385,24861.6500000000,24862.1500000000
1790854247991,24859.6500000000,24860.1500000000
1790854249003,24858.6500000000,24859.1500000000
1790854249205,24859.6500000000,24860.1500000000
1790854250014,24858.6500000000,24859.1500000000
1790854250620,24857.6500000000,24858.1500000000
1790854252039,24856.6500000000,24857.1500000000
1790854252241,24857.6500000000,24858.1500000000
1790854252847,24858.6500000000,24859.1500000000
1790854254057,24859.6500000000,24860.1500000000
1790854254258,24858.6500000000,24859.1500000000
1790854254662,24859.6500000000,24860.1500000000
1790854255270,24858.6500000000,24859.1500000000
1790854256078,24859.6500000000,24860.1500000000
1790854256281,24860.6500000000,24861.1500000000
1790854256883,24859.6500000000,24860.1500000000
1790854257085,24860.6500000000,24861.1500000000
1790854259922,24861.6500000000,24862.1500000000
1790854260126,24861.6500000000,24862.1500000000
1790854260324,24863.6500000000,24864.1500000000
1790854260526,24864.6500000000,24865.1500000000
1790854260929,24865.6500000000,24866.1500000000
1790854262149,24866.6500000000,24867.1500000000
1790854262755,24867.6500000000,24868.1500000000
1790854262957,24869.6500000000,24870.1500000000
1790854263362,24868.6500000000,24869.1500000000
1790854266597,24867.6500000000,24868.1500000000
1790854266799,24866.6500000000,24867.1500000000
1790854267001,24867.6500000000,24868.1500000000
1790854268011,24866.6500000000,24867.1500000000
1790854269222,24865.6500000000,24866.1500000000
1790854269423,24867.6500000000,24868.1500000000
1790854269627,24868.6500000000,24869.1500000000
1790854271045,24869.6500000000,24870.1500000000
1790854271248,24868.6500000000,24869.1500000000
1790854271654,24867.6500000000,24868.1500000000
1790854272057,24868.6500000000,24869.1500000000
1790854272259,24867.6500000000,24868.1500000000
1790854273677,24866.6500000000,24867.1500000000
1790854274083,24867.6500000000,24868.1500000000
1790854274292,24868.6500000000,24869.1500000000
1790854274489,24869.6500000000,24870.1500000000
1790854274894,24870.6500000000,24871.1500000000
1790854277523,24868.6500000000,24869.1500000000
1790854278537,24867.6500000000,24868.1500000000
1790854278943,24868.6500000000,24869.1500000000
1790854280158,24869.6500000000,24870.1500000000
1790854281370,24870.6500000000,24871.1500000000
1790854281776,24869.6500000000,24870.1500000000
1790854281978,24870.6500000000,24871.1500000000
1790854282180,24868.6500000000,24869.1500000000
1790854282583,24869.6500000000,24870.1500000000
1790854282786,24868.6500000000,24869.1500000000
1790854282988,24870.6500000000,24871.1500000000
1790854283193,24869.6500000000,24870.1500000000
1790854283798,24868.6500000000,24869.1500000000
1790854284208,24869.6500000000,24870.1500000000
1790854284404,24870.6500000000,24871.1500000000
1790854285215,24871.6500000000,24872.1500000000
1790854285620,24869.6500000000,24870.1500000000
1790854285820,24870.6500000000,24871.1500000000
1790854286631,24871.6500000000,24872.1500000000
1790854288451,24870.6500000000,24871.1500000000
1790854290274,24869.6500000000,24870.1500000000
1790854291083,24868.6500000000,24869.1500000000
1790854291285,24866.6500000000,24867.1500000000
1790854291485,24865.6500000000,24866.1500000000
1790854291890,24864.6500000000,24865.1500000000
1790854292093,24865.6500000000,24866.1500000000
1790854292295,24864.6500000000,24865.1500000000
1790854292902,24865.6500000000,24866.1500000000
1790854293305,24864.6500000000,24865.1500000000
1790854293509,24865.6500000000,24866.1500000000
1790854293710,24864.6500000000,24865.1500000000
1790854293913,24863.6500000000,24864.1500000000
1790854294116,24864.6500000000,24865.1500000000
1790854294522,24865.6500000000,24866.1500000000
1790854295128,24864.6500000000,24865.1500000000
1790854296341,24865.6500000000,24866.1500000000
1790854296748,24864.6500000000,24865.1500000000
1790854297760,24863.6500000000,24864.1500000000
1790854301194,24864.6500000000,24865.1500000000
1790854301596,24863.6500000000,24864.1500000000
1790854302001,24864.6500000000,24865.1500000000
1790854302404,24865.6500000000,24866.1500000000
1790854303212,24864.6500000000,24865.1500000000
1790854303620,24862.6500000000,24863.1500000000
1790854304834,24861.6500000000,24862.1500000000
1790854305239,24859.6500000000,24860.1500000000
1790854305441,24860.6500000000,24861.1500000000
1790854306656,24859.6500000000,24860.1500000000
1790854308067,24857.6500000000,24858.1500000000
1790854308273,24856.6500000000,24857.1500000000
1790854308474,24857.6500000000,24858.1500000000
1790854308677,24856.6500000000,24857.1500000000
1790854308878,24858.6500000000,24859.1500000000
1790854309487,24856.6500000000,24857.1500000000
1790854309690,24857.6500000000,24858.1500000000
1790854310094,24856.6500000000,24857.1500000000
1790854310498,24857.6500000000,24858.1500000000
1790854311509,24856.6500000000,24857.1500000000
1790854312524,24855.6500000000,24856.1500000000
1790854313131,24856.6500000000,24857.1500000000
1790854314137,24855.6500000000,24856.1500000000
1790854314948,24856.6500000000,24857.1500000000
1790854318588,24857.6500000000,24858.1500000000
1790854318791,24856.6500000000,24857.1500000000
1790854319600,24855.6500000000,24856.1500000000
1790854320003,24856.6500000000,24857.1500000000
1790854320212,24855.6500000000,24856.1500000000
1790854320408,24856.6500000000,24857.1500000000
1790854320610,24857.6500000000,24858.1500000000
1790854322232,24855.6500000000,24856.1500000000
1790854322440,24854.6500000000,24855.1500000000
1790854324661,24853.6500000000,24854.1500000000
1790854325466,24854.6500000000,24855.1500000000
1790854326276,24855.6500000000,24856.1500000000
1790854326477,24856.6500000000,24857.1500000000
1790854326678,24857.6500000000,24858.1500000000
1790854327487,24856.6500000000,24857.1500000000
1790854328094,24855.6500000000,24856.1500000000
1790854329102,24854.6500000000,24855.1500000000
1790854329305,24853.6500000000,24854.1500000000
1790854330926,24854.6500000000,24855.1500000000
1790854331129,24855.6500000000,24856.1500000000
1790854331734,24856.6500000000,24857.1500000000
1790854333556,24855.6500000000,24856.1500000000
1790854333758,24856.6500000000,24857.1500000000
1790854334971,24857.6500000000,24858.1500000000
1790854335378,24856.6500000000,24857.1500000000
1790854335783,24858.6500000000,24859.1500000000
1790854337199,24856.6500000000,24857.1500000000
1790854338009,24855.6500000000,24856.1500000000
1790854340431,24854.6500000000,24855.1500000000
1790854341647,24853.6500000000,24854.1500000000
1790854343064,24854.6500000000,24855.1500000000
1790854343266,24853.6500000000,24854.1500000000
1790854343872,24854.6500000000,24855.1500000000
1790854344075,24853.6500000000,24854.1500000000
1790854344277,24855.6500000000,24856.1500000000
1790854345691,24856.6500000000,24857.1500000000
1790854346297,24857.6500000000,24858.1500000000
1790854346699,24856.6500000000,24857.1500000000
1790854347707,24857.6500000000,24858.1500000000
1790854347909,24856.6500000000,24857.1500000000
1790854348110,24857.6500000000,24858.1500000000
1790854348920,24859.6500000000,24860.1500000000
1790854349127,24856.6500000000,24857.1500000000
1790854349527,24855.6500000000,24856.1500000000
1790854349731,24853.6500000000,24854.1500000000
1790854349933,24854.6500000000,24855.1500000000
1790854350139,24852.6500000000,24853.1500000000
1790854350339,24853.6500000000,24854.1500000000
1790854351148,24852.6500000000,24853.1500000000
1790854351350,24851.6500000000,24852.1500000000
1790854351757,24852.6500000000,24853.1500000000
1790854352160,24853.6500000000,24854.1500000000
1790854352768,24854.6500000000,24855.1500000000
1790854352971,24855.6500000000,24856.1500000000
1790854355396,24857.6500000000,24858.1500000000
1790854355797,24856.6500000000,24857.1500000000
1790854356204,24857.6500000000,24858.1500000000
1790854357012,24858.6500000000,24859.1500000000
1790854357216,24860.6500000000,24861.1500000000
1790854358228,24861.6500000000,24862.1500000000
1790854358837,24860.6500000000,24861.1500000000
1790854359642,24859.6500000000,24860.1500000000
1790854359845,24858.6500000000,24859.1500000000
1790854360047,24859.6500000000,24860.1500000000
1790854360250,24860.6500000000,24861.1500000000
1790854360453,24859.6500000000,24860.1500000000
1790854360653,24860.6500000000,24861.1500000000
1790854361462,24859.6500000000,24860.1500000000
1790854361665,24860.6500000000,24861.1500000000
1790854361868,24861.6500000000,24862.1500000000
1790854362473,24862.6500000000,24863.1500000000
1790854362674,24861.6500000000,24862.1500000000
1790854363487,24860.6500000000,24861.1500000000
1790854364698,24859.6500000000,24860.1500000000
1790854364899,24860.6500000000,24861.1500000000
1790854365100,24861.6500000000,24862.1500000000
1790854366114,24862.6500000000,24863.1500000000
1790854367937,24861.6500000000,24862.1500000000
1790854368137,24862.6500000000,24863.1500000000
1790854368341,24861.6500000000,24862.1500000000
1790854368544,24862.6500000000,24863.1500000000
1790854369148,24861.6500000000,24862.1500000000
1790854369957,24860.6500000000,24861.1500000000
1790854370560,24861.6500000000,24862.1500000000
1790854371167,24860.6500000000,24861.1500000000
1790854371371,24861.6500000000,24862.1500000000
1790854372583,24860.6500000000,24861.1500000000
1790854374000,24861.6500000000,24862.1500000000
1790854374407,24860.6500000000,24861.1500000000
1790854375012,24861.6500000000,24862.1500000000
1790854375617,24860.6500000000,24861.1500000000
1790854377639,24861.6500000000,24862.1500000000
1790854378042,24859.6500000000,24860.1500000000
1790854378246,24860.6500000000,24861.1500000000
1790854378854,24859.6500000000,24860.1500000000
1790854379865,24858.6500000000,24859.1500000000
1790854380067,24858.6500000000,24859.1500000000
1790854380270,24857.6500000000,24858.1500000000
1790854380474,24859.6500000000,24860.1500000000
1790854380675,24858.6500000000,24859.1500000000
1790854381282,24857.6500000000,24858.1500000000
1790854382299,24856.6500000000,24857.1500000000
1790854383512,24857.6500000000,24858.1500000000
1790854383916,24858.6500000000,24859.1500000000
1790854384320,24859.6500000000,24860.1500000000
1790854384522,24860.6500000000,24861.1500000000
1790854385332,24859.6500000000,24860.1500000000
1790854385533,24858.6500000000,24859.1500000000
1790854387355,24857.6500000000,24858.1500000000
1790854387962,24856.6500000000,24857.1500000000
1790854388166,24855.6500000000,24856.1500000000
1790854388974,24856.6500000000,24857.1500000000
1790854389379,24855.6500000000,24856.1500000000
1790854389783,24856.6500000000,24857.1500000000
1790854390391,24855.6500000000,24856.1500000000
1790854391403,24856.6500000000,24857.1500000000
1790854391606,24855.6500000000,24856.1500000000
1790854392413,24856.6500000000,24857.1500000000
1790854392616,24855.6500000000,24856.1500000000
1790854393019,24856.6500000000,24857.1500000000
1790854393424,24857.6500000000,24858.1500000000
1790854393827,24856.6500000000,24857.1500000000
1790854394030,24857.6500000000,24858.1500000000
1790854394434,24856.6500000000,24857.1500000000
1790854395442,24857.6500000000,24858.1500000000
1790854396455,24855.6500000000,24856.1500000000
1790854396861,24856.6500000000,24857.1500000000
1790854397068,24855.6500000000,24856.1500000000
1790854397265,24854.6500000000,24855.1500000000
1790854397467,24855.6500000000,24856.1500000000
1790854399087,24859.6500000000,24860.1500000000
1790854399287,24860.6500000000,24861.1500000000
1790854399892,24859.6500000000,24860.1500000000
1790854403139,24860.6500000000,24861.1500000000
1790854403339,24861.6500000000,24862.1500000000
1790854403740,24862.6500000000,24863.1500000000
1790854404148,24860.6500000000,24861.1500000000
1790854404957,24861.6500000000,24862.1500000000
1790854405565,24860.6500000000,24861.1500000000
1790854405766,24862.6500000000,24863.1500000000
1790854405968,24861.6500000000,24862.1500000000
1790854406171,24862.6500000000,24863.1500000000
1790854406975,24863.6500000000,24864.1500000000
1790854407178,24865.6500000000,24866.1500000000
1790854407380,24864.6500000000,24865.1500000000
1790854408187,24865.6500000000,24866.1500000000
1790854408996,24863.6500000000,24864.1500000000
1790854409197,24864.6500000000,24865.1500000000
1790854410006,24862.6500000000,24863.1500000000
1790854410207,24863.6500000000,24864.1500000000
1790854410411,24862.6500000000,24863.1500000000
1790854410612,24863.6500000000,24864.1500000000
1790854411018,24862.6500000000,24863.1500000000
1790854411828,24861.6500000000,24862.1500000000
1790854412637,24862.6500000000,24863.1500000000
1790854412840,24861.6500000000,24862.1500000000
1790854413040,24862.6500000000,24863.1500000000
1790854414052,24863.6500000000,24864.1500000000
1790854415873,24862.6500000000,24863.1500000000
1790854416278,24863.6500000000,24864.1500000000
1790854417491,24864.6500000000,24865.1500000000
1790854419316,24863.6500000000,24864.1500000000
1790854419921,24864.6500000000,24865.1500000000
1790854420122,24863.6500000000,24864.1500000000
1790854421541,24862.6500000000,24863.1500000000
1790854421743,24860.6500000000,24861.1500000000
1790854422148,24861.6500000000,24862.1500000000
1790854422351,24860.6500000000,24861.1500000000
1790854422754,24862.6500000000,24863.1500000000
1790854423159,24861.6500000000,24862.1500000000
1790854423365,24862.6500000000,24863.1500000000
1790854423769,24861.6500000000,24862.1500000000
1790854425388,24863.6500000000,24864.1500000000
1790854426601,24862.6500000000,24863.1500000000
1790854427207,24861.6500000000,24862.1500000000
1790854428013,24862.6500000000,24863.1500000000
1790854430438,24861.6500000000,24862.1500000000
1790854432866,24862.6500000000,24863.1500000000
1790854433067,24861.6500000000,24862.1500000000
1790854433269,24862.6500000000,24863.1500000000
1790854436504,24861.6500000000,24862.1500000000
1790854437516,24863.6500000000,24864.1500000000
1790854437921,24865.6500000000,24866.1500000000
1790854438125,24866.6500000000,24867.1500000000
1790854438529,24867.6500000000,24868.1500000000
1790854438731,24868.6500000000,24869.1500000000
1790854438932,24867.6500000000,24868.1500000000
1790854439135,24866.6500000000,24867.1500000000
1790854439540,24867.6500000000,24868.1500000000
1790854440146,24866.6500000000,24867.1500000000
1790854440350,24865.6500000000,24866.1500000000
1790854440551,24864.6500000000,24865.1500000000
1790854440752,24865.6500000000,24866.1500000000
1790854441562,24863.6500000000,24864.1500000000
1790854442174,24862.6500000000,24863.1500000000
1790854442376,24861.6500000000,24862.1500000000
1790854442981,24862.6500000000,24863.1500000000
1790854443184,24859.6500000000,24860.1500000000
1790854443388,24860.6500000000,24861.1500000000
1790854443792,24862.6500000000,24863.1500000000
1790854443996,24863.6500000000,24864.1500000000
1790854444804,24864.6500000000,24865.1500000000
1790854447025,24865.6500000000,24866.1500000000
1790854447836,24863.6500000000,24864.1500000000
1790854449253,24864.6500000000,24865.1500000000
1790854449857,24863.6500000000,24864.1500000000
1790854450666,24864.6500000000,24865.1500000000
1790854451275,24865.6500000000,24866.1500000000
1790854451476,24864.6500000000,24865.1500000000
1790854451679,24862.6500000000,24863.1500000000
1790854452082,24863.6500000000,24864.1500000000
1790854452489,24865.6500000000,24866.1500000000
1790854452691,24864.6500000000,24865.1500000000
1790854452896,24865.6500000000,24866.1500000000
1790854453909,24864.6500000000,24865.1500000000
1790854454922,24865.6500000000,24866.1500000000
1790854455124,24864.6500000000,24865.1500000000
1790854456943,24865.6500000000,24866.1500000000
1790854459166,24866.6500000000,24867.1500000000
1790854459367,24865.6500000000,24866.1500000000
1790854461991,24864.6500000000,24865.1500000000
1790854462398,24867.6500000000,24868.1500000000
1790854462606,24865.6500000000,24866.1500000000
1790854463206,24861.6500000000,24862.1500000000
1790854464016,24862.6500000000,24863.1500000000
1790854464220,24863.6500000000,24864.1500000000
1790854464423,24864.6500000000,24865.1500000000
1790854464626,24863.6500000000,24864.1500000000
1790854464828,24864.6500000000,24865.1500000000
1790854465037,24863.6500000000,24864.1500000000
1790854465439,24862.6500000000,24863.1500000000
1790854466046,24864.6500000000,24865.1500000000
1790854466247,24865.6500000000,24866.1500000000
1790854468269,24866.6500000000,24867.1500000000
1790854468471,24865.6500000000,24866.1500000000
1790854468674,24866.6500000000,24867.1500000000
1790854468875,24865.6500000000,24866.1500000000
1790854469281,24864.6500000000,24865.1500000000
1790854470494,24862.6500000000,24863.1500000000
1790854470699,24863.6500000000,24864.1500000000
1790854471506,24864.6500000000,24865.1500000000
1790854471710,24863.6500000000,24864.1500000000
1790854472117,24862.6500000000,24863.1500000000
1790854472317,24865.6500000000,24866.1500000000
1790854472521,24864.6500000000,24865.1500000000
1790854472721,24866.6500000000,24867.1500000000
1790854472931,24865.6500000000,24866.1500000000
1790854473130,24864.6500000000,24865.1500000000
1790854474345,24863.6500000000,24864.1500000000
1790854474950,24864.6500000000,24865.1500000000
1790854476569,24863.6500000000,24864.1500000000
1790854477176,24864.6500000000,24865.1500000000
1790854477980,24865.6500000000,24866.1500000000
1790854478183,24863.6500000000,24864.1500000000
1790854478385,24864.6500000000,24865.1500000000
1790854479398,24866.6500000000,24867.1500000000
1790854480003,24865.6500000000,24866.1500000000
1790854480813,24866.6500000000,24867.1500000000
1790854481216,24865.6500000000,24866.1500000000
1790854483239,24866.6500000000,24867.1500000000
1790854483441,24868.6500000000,24869.1500000000
1790854484656,24867.6500000000,24868.1500000000
1790854486275,24870.6500000000,24871.1500000000
1790854486479,24871.6500000000,24872.1500000000
1790854486680,24870.6500000000,24871.1500000000
1790854486881,24869.6500000000,24870.1500000000
1790854487087,24870.6500000000,24871.1500000000
1790854488093,24871.6500000000,24872.1500000000
1790854488496,24870.6500000000,24871.1500000000
1790854489913,24871.6500000000,24872.1500000000
1790854490319,24873.6500000000,24874.1500000000
1790854490522,24872.6500000000,24873.1500000000
1790854491331,24871.6500000000,24872.1500000000
1790854491535,24870.6500000000,24871.1500000000
1790854493554,24869.6500000000,24870.1500000000
1790854493755,24873.6500000000,24874.1500000000
1790854494564,24872.6500000000,24873.1500000000
1790854495576,24873.6500000000,24874.1500000000
1790854496385,24875.6500000000,24876.1500000000
1790854497598,24874.6500000000,24875.1500000000
1790854497802,24875.6500000000,24876.1500000000
1790854498204,24874.6500000000,24875.1500000000
1790854498811,24875.6500000000,24876.1500000000
1790854499215,24874.6500000000,24875.1500000000
1790854499417,24873.6500000000,24874.1500000000
1790854500228,24873.6500000000,24874.1500000000
1790854500633,24874.6500000000,24875.1500000000
1790854501643,24875.6500000000,24876.1500000000
1790854501845,24876.6500000000,24877.1500000000
1790854502458,24878.6500000000,24879.1500000000
1790854502864,24877.6500000000,24878.1500000000
1790854503265,24878.6500000000,24879.1500000000
1790854503871,24876.6500000000,24877.1500000000
1790854504278,24874.6500000000,24875.1500000000
1790854505084,24873.6500000000,24874.1500000000
1790854505287,24872.6500000000,24873.1500000000
1790854505488,24868.6500000000,24869.1500000000
1790854506502,24869.6500000000,24870.1500000000
1790854506703,24868.6500000000,24869.1500000000
1790854507111,24870.6500000000,24871.1500000000
1790854507317,24871.6500000000,24872.1500000000
1790854507514,24872.6500000000,24873.1500000000
1790854507917,24873.6500000000,24874.1500000000
1790854508126,24874.6500000000,24875.1500000000
1790854508321,24873.6500000000,24874.1500000000
1790854508725,24874.6500000000,24875.1500000000
1790854509940,24873.6500000000,24874.1500000000
1790854510143,24872.6500000000,24873.1500000000
1790854510546,24873.6500000000,24874.1500000000
1790854513590,24872.6500000000,24873.1500000000
1790854514392,24873.6500000000,24874.1500000000
1790854514796,24874.6500000000,24875.1500000000
1790854515206,24875.6500000000,24876.1500000000
1790854515806,24874.6500000000,24875.1500000000
1790854516210,24875.6500000000,24876.1500000000
1790854516815,24876.6500000000,24877.1500000000
1790854517220,24875.6500000000,24876.1500000000
1790854517422,24874.6500000000,24875.1500000000
1790854517626,24873.6500000000,24874.1500000000
1790854518029,24874.6500000000,24875.1500000000
1790854518636,24873.6500000000,24874.1500000000
1790854520455,24874.6500000000,24875.1500000000
1790854520657,24873.6500000000,24874.1500000000
1790854521061,24874.6500000000,24875.1500000000
1790854521466,24873.6500000000,24874.1500000000
1790854522072,24871.6500000000,24872.1500000000
1790854522678,24870.6500000000,24871.1500000000
1790854523491,24869.6500000000,24870.1500000000
1790854524097,24870.6500000000,24871.1500000000
1790854525309,24869.6500000000,24870.1500000000
1790854526120,24871.6500000000,24872.1500000000
1790854526323,24870.6500000000,24871.1500000000
1790854527535,24872.6500000000,24873.1500000000
1790854528747,24871.6500000000,24872.1500000000
1790854528950,24870.6500000000,24871.1500000000
1790854529355,24869.6500000000,24870.1500000000
1790854529760,24868.6500000000,24869.1500000000
1790854530165,24867.6500000000,24868.1500000000
1790854530368,24868.6500000000,24869.1500000000
1790854530571,24867.6500000000,24868.1500000000
1790854530978,24864.6500000000,24865.1500000000
1790854531180,24865.6500000000,24866.1500000000
1790854531384,24864.6500000000,24865.1500000000
1790854531989,24865.6500000000,24866.1500000000
1790854532394,24866.6500000000,24867.1500000000
1790854533808,24865.6500000000,24866.1500000000
1790854534010,24864.6500000000,24865.1500000000
1790854534212,24865.6500000000,24866.1500000000
1790854534415,24864.6500000000,24865.1500000000
1790854534618,24865.6500000000,24866.1500000000
1790854536236,24866.6500000000,24867.1500000000
1790854536438,24867.6500000000,24868.1500000000
1790854537245,24868.6500000000,24869.1500000000
1790854537650,24869.6500000000,24870.1500000000
1790854538863,24870.6500000000,24871.1500000000
1790854539472,24869.6500000000,24870.1500000000
1790854539674,24868.6500000000,24869.1500000000
1790854540279,24867.6500000000,24868.1500000000
1790854540685,24868.6500000000,24869.1500000000
1790854541698,24867.6500000000,24868.1500000000
1790854543519,24870.6500000000,24871.1500000000
1790854543718,24869.6500000000,24870.1500000000
1790854544532,24870.6500000000,24871.1500000000
1790854545343,24872.6500000000,24873.1500000000
1790854545544,24873.6500000000,24874.1500000000
1790854545952,24874.6500000000,24875.1500000000
1790854546760,24873.6500000000,24874.1500000000
1790854547166,24874.6500000000,24875.1500000000
1790854548178,24872.6500000000,24873.1500000000
1790854548381,24873.6500000000,24874.1500000000
1790854549191,24874.6500000000,24875.1500000000
1790854549392,24873.6500000000,24874.1500000000
1790854549596,24874.6500000000,24875.1500000000
1790854549999,24873.6500000000,24874.1500000000
1790854550808,24872.6500000000,24873.1500000000
1790854552829,24874.6500000000,24875.1500000000
1790854553839,24875.6500000000,24876.1500000000
1790854556061,24874.6500000000,24875.1500000000
1790854556264,24872.6500000000,24873.1500000000
1790854556670,24873.6500000000,24874.1500000000
1790854557073,24872.6500000000,24873.1500000000
1790854557880,24873.6500000000,24874.1500000000
1790854558082,24869.6500000000,24870.1500000000
1790854558285,24870.6500000000,24871.1500000000
1790854558486,24869.6500000000,24870.1500000000
1790854558889,24868.6500000000,24869.1500000000
1790854559092,24867.6500000000,24868.1500000000
1790854559296,24866.6500000000,24867.1500000000
1790854559699,24868.6500000000,24869.1500000000
1790854560106,24869.6500000000,24870.1500000000
1790854560710,24868.6500000000,24869.1500000000
1790854561115,24869.6500000000,24870.1500000000
1790854561722,24870.6500000000,24871.1500000000
1790854561924,24869.6500000000,24870.1500000000
1790854563139,24868.6500000000,24869.1500000000
1790854563343,24869.6500000000,24870.1500000000
1790854563948,24872.6500000000,24873.1500000000
1790854569411,24871.6500000000,24872.1500000000
1790854570018,24872.6500000000,24873.1500000000
1790854570421,24873.6500000000,24874.1500000000
1790854571434,24872.6500000000,24873.1500000000
1790854572249,24874.6500000000,24875.1500000000
1790854572444,24876.6500000000,24877.1500000000
1790854572645,24877.6500000000,24878.1500000000
1790854573654,24876.6500000000,24877.1500000000
1790854573857,24874.6500000000,24875.1500000000
1790854574464,24873.6500000000,24874.1500000000
1790854574668,24872.6500000000,24873.1500000000
1790854574868,24873.6500000000,24874.1500000000
1790854575274,24874.6500000000,24875.1500000000
1790854575474,24873.6500000000,24874.1500000000
1790854575677,24874.6500000000,24875.1500000000
1790854576085,24875.6500000000,24876.1500000000
1790854577297,24873.6500000000,24874.1500000000
1790854577699,24874.6500000000,24875.1500000000
1790854578307,24873.6500000000,24874.1500000000
1790854578507,24874.6500000000,24875.1500000000
1790854578709,24872.6500000000,24873.1500000000
1790854578911,24874.6500000000,24875.1500000000
1790854580549,24875.6500000000,24876.1500000000
1790854581560,24873.6500000000,24874.1500000000
1790854581761,24874.6500000000,24875.1500000000
1790854581965,24873.6500000000,24874.1500000000
1790854582167,24874.6500000000,24875.1500000000
1790854582772,24875.6500000000,24876.1500000000
1790854583381,24874.6500000000,24875.1500000000
1790854583586,24876.6500000000,24877.1500000000
1790854583990,24875.6500000000,24876.1500000000
1790854584192,24876.6500000000,24877.1500000000
1790854584801,24874.6500000000,24875.1500000000
1790854586619,24873.6500000000,24874.1500000000
1790854586821,24874.6500000000,24875.1500000000
1790854588037,24878.6500000000,24879.1500000000
1790854589048,24877.6500000000,24878.1500000000
1790854590262,24878.6500000000,24879.1500000000
1790854591071,24875.6500000000,24876.1500000000
1790854591472,24874.6500000000,24875.1500000000
1790854591875,24875.6500000000,24876.1500000000
1790854592483,24874.6500000000,24875.1500000000
1790854592687,24873.6500000000,24874.1500000000
1790854592889,24872.6500000000,24873.1500000000
1790854593091,24873.6500000000,24874.1500000000
1790854593294,24874.6500000000,24875.1500000000
1790854593900,24873.6500000000,24874.1500000000
1790854594508,24874.6500000000,24875.1500000000
1790854594712,24873.6500000000,24874.1500000000
1790854595117,24872.6500000000,24873.1500000000
1790854595319,24871.6500000000,24872.1500000000
1790854596131,24868.6500000000,24869.1500000000
1790854596735,24870.6500000000,24871.1500000000
1790854597342,24872.6500000000,24873.1500000000
1790854597544,24873.6500000000,24874.1500000000
1790854597946,24874.6500000000,24875.1500000000
1790854598756,24872.6500000000,24873.1500000000
1790854598961,24873.6500000000,24874.1500000000
1790854599366,24872.6500000000,24873.1500000000
1790854599567,24874.6500000000,24875.1500000000
1790854599768,24873.6500000000,24874.1500000000
1790854600374,24874.6500000000,24875.1500000000
1790854601387,24875.6500000000,24876.1500000000
1790854601791,24874.6500000000,24875.1500000000
1790854603008,24872.6500000000,24873.1500000000
1790854603611,24871.6500000000,24872.1500000000
1790854605637,24870.6500000000,24871.1500000000
1790854605840,24869.6500000000,24870.1500000000
1790854606648,24870.6500000000,24871.1500000000
1790854607052,24871.6500000000,24872.1500000000
1790854607254,24872.6500000000,24873.1500000000
1790854607662,24873.6500000000,24874.1500000000
1790854608266,24872.6500000000,24873.1500000000
1790854609074,24873.6500000000,24874.1500000000
1790854609883,24872.6500000000,24873.1500000000
1790854610086,24873.6500000000,24874.1500000000
1790854610490,24872.6500000000,24873.1500000000
1790854610692,24874.6500000000,24875.1500000000
1790854610894,24873.6500000000,24874.1500000000
1790854611095,24874.6500000000,24875.1500000000
1790854612109,24875.6500000000,24876.1500000000
1790854613114,24876.6500000000,24877.1500000000
1790854613521,24877.6500000000,24878.1500000000
1790854613924,24876.6500000000,24877.1500000000
1790854614331,24877.6500000000,24878.1500000000
1790854615538,24876.6500000000,24877.1500000000
1790854615741,24875.6500000000,24876.1500000000
1790854616349,24877.6500000000,24878.1500000000
1790854616756,24878.6500000000,24879.1500000000
1790854620197,24878.6500000000,24879.1500000000
1790854620805,24879.6500000000,24880.1500000000
1790854621007,24880.6500000000,24881.1500000000
1790854621209,24881.6500000000,24882.1500000000
1790854621818,24882.6500000000,24883.1500000000
1790854622020,24884.6500000000,24885.1500000000
1790854622630,24885.6500000000,24886.1500000000
1790854622832,24886.6500000000,24887.1500000000
1790854623439,24885.6500000000,24886.1500000000
1790854623642,24883.6500000000,24884.1500000000
1790854623843,24882.6500000000,24883.1500000000
1790854624046,24881.6500000000,24882.1500000000
1790854624246,24880.6500000000,24881.1500000000
1790854624451,24879.6500000000,24880.1500000000
1790854624658,24880.6500000000,24881.1500000000
1790854625262,24881.6500000000,24882.1500000000
1790854627691,24882.6500000000,24883.1500000000
1790854628094,24881.6500000000,24882.1500000000
1790854628701,24882.6500000000,24883.1500000000
1790854629713,24880.6500000000,24881.1500000000
1790854630113,24881.6500000000,24882.1500000000
1790854630716,24882.6500000000,24883.1500000000
1790854630919,24881.6500000000,24882.1500000000
1790854631929,24882.6500000000,24883.1500000000
1790854632739,24883.6500000000,24884.1500000000
1790854633144,24882.6500000000,24883.1500000000
1790854633347,24883.6500000000,24884.1500000000
1790854634761,24881.6500000000,24882.1500000000
1790854634963,24880.6500000000,24881.1500000000
1790854635370,24881.6500000000,24882.1500000000
1790854635774,24880.6500000000,24881.1500000000
1790854636379,24879.6500000000,24880.1500000000
1790854636786,24878.6500000000,24879.1500000000
1790854637190,24880.6500000000,24881.1500000000
1790854637597,24881.6500000000,24882.1500000000
1790854638806,24880.6500000000,24881.1500000000
1790854639009,24881.6500000000,24882.1500000000
1790854639210,24880.6500000000,24881.1500000000
1790854639819,24879.6500000000,24880.1500000000
1790854640022,24878.6500000000,24879.1500000000
1790854642242,24881.6500000000,24882.1500000000
1790854643454,24880.6500000000,24881.1500000000
1790854643657,24881.6500000000,24882.1500000000
1790854644672,24883.6500000000,24884.1500000000
1790854645276,24882.6500000000,24883.1500000000
1790854645681,24884.6500000000,24885.1500000000
1790854645885,24885.6500000000,24886.1500000000
1790854646490,24884.6500000000,24885.1500000000
1790854647097,24885.6500000000,24886.1500000000
1790854648516,24886.6500000000,24887.1500000000
1790854648922,24887.6500000000,24888.1500000000
1790854649124,24886.6500000000,24887.1500000000
1790854649529,24887.6500000000,24888.1500000000
1790854649733,24886.6500000000,24887.1500000000
1790854650135,24887.6500000000,24888.1500000000
1790854650337,24886.6500000000,24887.1500000000
1790854650742,24887.6500000000,24888.1500000000
1790854650944,24886.6500000000,24887.1500000000
1790854652764,24887.6500000000,24888.1500000000
1790854654181,24886.6500000000,24887.1500000000
1790854654788,24887.6500000000,24888.1500000000
1790854655191,24888.6500000000,24889.1500000000
1790854655392,24889.6500000000,24890.1500000000
1790854656004,24891.6500000000,24892.1500000000
1790854657214,24890.6500000000,24891.1500000000
1790854658021,24889.6500000000,24890.1500000000
1790854659230,24890.6500000000,24891.1500000000
1790854659434,24889.6500000000,24890.1500000000
1790854660039,24888.6500000000,24889.1500000000
1790854660443,24887.6500000000,24888.1500000000
1790854660646,24888.6500000000,24889.1500000000
1790854661253,24886.6500000000,24887.1500000000
1790854661655,24885.6500000000,24886.1500000000
1790854661860,24884.6500000000,24885.1500000000
1790854662264,24887.6500000000,24888.1500000000
1790854662871,24888.6500000000,24889.1500000000
1790854664486,24887.6500000000,24888.1500000000
1790854664895,24888.6500000000,24889.1500000000
1790854665905,24887.6500000000,24888.1500000000
1790854666307,24888.6500000000,24889.1500000000
1790854667119,24889.6500000000,24890.1500000000
1790854667320,24888.6500000000,24889.1500000000
1790854667521,24887.6500000000,24888.1500000000
1790854667924,24888.6500000000,24889.1500000000
1790854668124,24889.6500000000,24890.1500000000
1790854668930,24890.6500000000,24891.1500000000
1790854669132,24889.6500000000,24890.1500000000
1790854669334,24888.6500000000,24889.1500000000
1790854669538,24889.6500000000,24890.1500000000
1790854670750,24890.6500000000,24891.1500000000
1790854671156,24889.6500000000,24890.1500000000
1790854671359,24888.6500000000,24889.1500000000
1790854671558,24889.6500000000,24890.1500000000
1790854671759,24888.6500000000,24889.1500000000
1790854671963,24889.6500000000,24890.1500000000
1790854672369,24888.6500000000,24889.1500000000
1790854672975,24889.6500000000,24890.1500000000
1790854673379,24890.6500000000,24891.1500000000
1790854673580,24889.6500000000,24890.1500000000
1790854673781,24890.6500000000,24891.1500000000
1790854674795,24889.6500000000,24890.1500000000
1790854675405,24890.6500000000,24891.1500000000
1790854675609,24889.6500000000,24890.1500000000
1790854676615,24888.6500000000,24889.1500000000
1790854676817,24889.6500000000,24890.1500000000
1790854678439,24890.6500000000,24891.1500000000
1790854678640,24889.6500000000,24890.1500000000
1790854679858,24888.6500000000,24889.1500000000
1790854680262,24888.6500000000,24889.1500000000
1790854680666,24887.6500000000,24888.1500000000
1790854680868,24888.6500000000,24889.1500000000
1790854681272,24889.6500000000,24890.1500000000
1790854681476,24890.6500000000,24891.1500000000
1790854681677,24889.6500000000,24890.1500000000
1790854681879,24890.6500000000,24891.1500000000
1790854682283,24889.6500000000,24890.1500000000
1790854683097,24890.6500000000,24891.1500000000
1790854684112,24891.6500000000,24892.1500000000
1790854684316,24890.6500000000,24891.1500000000
1790854684720,24891.6500000000,24892.1500000000
1790854684922,24890.6500000000,24891.1500000000
1790854685731,24891.6500000000,24892.1500000000
1790854685931,24890.6500000000,24891.1500000000
1790854686339,24891.6500000000,24892.1500000000
1790854686743,24890.6500000000,24891.1500000000
1790854687551,24891.6500000000,24892.1500000000
1790854689374,24890.6500000000,24891.1500000000
1790854689577,24891.6500000000,24892.1500000000
1790854691393,24890.6500000000,24891.1500000000
1790854691801,24891.6500000000,24892.1500000000
1790854692002,24890.6500000000,24891.1500000000
1790854692206,24891.6500000000,24892.1500000000
1790854692410,24892.6500000000,24893.1500000000
1790854692613,24891.6500000000,24892.1500000000
1790854693418,24892.6500000000,24893.1500000000
1790854693624,24893.6500000000,24894.1500000000
1790854694432,24894.6500000000,24895.1500000000
1790854695240,24893.6500000000,24894.1500000000
1790854695847,24894.6500000000,24895.1500000000
1790854696452,24893.6500000000,24894.1500000000
1790854698070,24894.6500000000,24895.1500000000
1790854698475,24893.6500000000,24894.1500000000
1790854699284,24892.6500000000,24893.1500000000
1790854699687,24893.6500000000,24894.1500000000
1790854700091,24892.6500000000,24893.1500000000
1790854701104,24894.6500000000,24895.1500000000
1790854701508,24895.6500000000,24896.1500000000
1790854701713,24896.6500000000,24897.1500000000
1790854702925,24895.6500000000,24896.1500000000
1790854703129,24897.6500000000,24898.1500000000
1790854703732,24898.6500000000,24899.1500000000
1790854704136,24897.6500000000,24898.1500000000
1790854705147,24898.6500000000,24899.1500000000
1790854705955,24903.6500000000,24904.1500000000
1790854706160,24902.6500000000,24903.1500000000
1790854706361,24903.6500000000,24904.1500000000
1790854708387,24906.6500000000,24907.1500000000
1790854708792,24904.6500000000,24905.1500000000
1790854709604,24905.6500000000,24906.1500000000
1790854709807,24904.6500000000,24905.1500000000
1790854710211,24903.6500000000,24904.1500000000
1790854710619,24904.6500000000,24905.1500000000
1790854711424,24903.6500000000,24904.1500000000
1790854711830,24902.6500000000,24903.1500000000
1790854712031,24903.6500000000,24904.1500000000
1790854712439,24905.6500000000,24906.1500000000
1790854712642,24904.6500000000,24905.1500000000
1790854712843,24906.6500000000,24907.1500000000
1790854713045,24905.6500000000,24906.1500000000
1790854713448,24906.6500000000,24907.1500000000
1790854716281,24907.6500000000,24908.1500000000
1790854716686,24908.6500000000,24909.1500000000
1790854717696,24907.6500000000,24908.1500000000
1790854719716,24906.6500000000,24907.1500000000
1790854720936,24903.6500000000,24904.1500000000
1790854721535,24904.6500000000,24905.1500000000
1790854721737,24905.6500000000,24906.1500000000
1790854722549,24904.6500000000,24905.1500000000
1790854723765,24905.6500000000,24906.1500000000
1790854724170,24906.6500000000,24907.1500000000
1790854724373,24905.6500000000,24906.1500000000
1790854725586,24906.6500000000,24907.1500000000
1790854725790,24905.6500000000,24906.1500000000
1790854726194,24904.6500000000,24905.1500000000
1790854727405,24905.6500000000,24906.1500000000
1790854728417,24906.6500000000,24907.1500000000
1790854730033,24905.6500000000,24906.1500000000
1790854730234,24906.6500000000,24907.1500000000
1790854730434,24905.6500000000,24906.1500000000
1790854730839,24906.6500000000,24907.1500000000
1790854731245,24905.6500000000,24906.1500000000
1790854731651,24906.6500000000,24907.1500000000
1790854732054,24905.6500000000,24906.1500000000
1790854732660,24904.6500000000,24905.1500000000
1790854733265,24905.6500000000,24906.1500000000
1790854733672,24904.6500000000,24905.1500000000
1790854734278,24905.6500000000,24906.1500000000
1790854734480,24906.6500000000,24907.1500000000
1790854734885,24905.6500000000,24906.1500000000
1790854735490,24904.6500000000,24905.1500000000
1790854735692,24905.6500000000,24906.1500000000
1790854736499,24904.6500000000,24905.1500000000
1790854737515,24905.6500000000,24906.1500000000
1790854737717,24906.6500000000,24907.1500000000
1790854739335,24905.6500000000,24906.1500000000
1790854740146,24906.6500000000,24907.1500000000
1790854740348,24905.6500000000,24906.1500000000
1790854740551,24904.6500000000,24905.1500000000
1790854740752,24903.6500000000,24904.1500000000
1790854741763,24904.6500000000,24905.1500000000
1790854742166,24905.6500000000,24906.1500000000
1790854742572,24906.6500000000,24907.1500000000
1790854743583,24905.6500000000,24906.1500000000
1790854745205,24902.6500000000,24903.1500000000
1790854746412,24903.6500000000,24904.1500000000
1790854746615,24902.6500000000,24903.1500000000
1790854747017,24901.6500000000,24902.1500000000
1790854747219,24902.6500000000,24903.1500000000
1790854747825,24901.6500000000,24902.1500000000
1790854748230,24902.6500000000,24903.1500000000
1790854748432,24901.6500000000,24902.1500000000
1790854749041,24902.6500000000,24903.1500000000
1790854749446,24903.6500000000,24904.1500000000
1790854751265,24904.6500000000,24905.1500000000
1790854751871,24905.6500000000,24906.1500000000
1790854753085,24906.6500000000,24907.1500000000
1790854753489,24905.6500000000,24906.1500000000
1790854754097,24907.6500000000,24908.1500000000
1790854754502,24906.6500000000,24907.1500000000
1790854754704,24907.6500000000,24908.1500000000
1790854755108,24906.6500000000,24907.1500000000
1790854755514,24907.6500000000,24908.1500000000
1790854756524,24908.6500000000,24909.1500000000
1790854757331,24907.6500000000,24908.1500000000
1790854758544,24908.6500000000,24909.1500000000
1790854759151,24907.6500000000,24908.1500000000
1790854759355,24908.6500000000,24909.1500000000
1790854759759,24909.6500000000,24910.1500000000
1790854761982,24910.6500000000,24911.1500000000
1790854762792,24912.6500000000,24913.1500000000
1790854762994,24911.6500000000,24912.1500000000
1790854763803,24912.6500000000,24913.1500000000
1790854764004,24911.6500000000,24912.1500000000
1790854764812,24909.6500000000,24910.1500000000
1790854765015,24908.6500000000,24909.1500000000
1790854766427,24909.6500000000,24910.1500000000
1790854766629,24908.6500000000,24909.1500000000
1790854767033,24909.6500000000,24910.1500000000
1790854769463,24908.6500000000,24909.1500000000
1790854770072,24906.6500000000,24907.1500000000
1790854770474,24905.6500000000,24906.1500000000
1790854770675,24906.6500000000,24907.1500000000
1790854770876,24905.6500000000,24906.1500000000
1790854771079,24906.6500000000,24907.1500000000
1790854771284,24905.6500000000,24906.1500000000
1790854771487,24906.6500000000,24907.1500000000
1790854772497,24905.6500000000,24906.1500000000
1790854773510,24903.6500000000,24904.1500000000
1790854774118,24906.6500000000,24907.1500000000
1790854775127,24907.6500000000,24908.1500000000
1790854775335,24906.6500000000,24907.1500000000
1790854776339,24907.6500000000,24908.1500000000
1790854776543,24906.6500000000,24907.1500000000
1790854777761,24903.6500000000,24904.1500000000
1790854778569,24904.6500000000,24905.1500000000
1790854779986,24905.6500000000,24906.1500000000
1790854780186,24904.6500000000,24905.1500000000
1790854780590,24903.6500000000,24904.1500000000
1790854780792,24905.6500000000,24906.1500000000
1790854781198,24904.6500000000,24905.1500000000
1790854781805,24903.6500000000,24904.1500000000
1790854783020,24904.6500000000,24905.1500000000
1790854784232,24903.6500000000,24904.1500000000
1790854785444,24902.6500000000,24903.1500000000
1790854785650,24901.6500000000,24902.1500000000
1790854785851,24900.6500000000,24901.1500000000
1790854786053,24904.6500000000,24905.1500000000
1790854786257,24905.6500000000,24906.1500000000
1790854786458,24906.6500000000,24907.1500000000
1790854786661,24905.6500000000,24906.1500000000
1790854787266,24907.6500000000,24908.1500000000
1790854787669,24906.6500000000,24907.1500000000
1790854788074,24909.6500000000,24910.1500000000
1790854788279,24910.6500000000,24911.1500000000
1790854788680,24909.6500000000,24910.1500000000
1790854788882,24910.6500000000,24911.1500000000
1790854789084,24909.6500000000,24910.1500000000
1790854789287,24907.6500000000,24908.1500000000
1790854789488,24906.6500000000,24907.1500000000
1790854790296,24905.6500000000,24906.1500000000
1790854790499,24906.6500000000,24907.1500000000
1790854791104,24908.6500000000,24909.1500000000
1790854792527,24907.6500000000,24908.1500000000
1790854792729,24909.6500000000,24910.1500000000
1790854792933,24908.6500000000,24909.1500000000
1790854793338,24909.6500000000,24910.1500000000
1790854793540,24910.6500000000,24911.1500000000
1790854793944,24909.6500000000,24910.1500000000
1790854794953,24908.6500000000,24909.1500000000
1790854795155,24910.6500000000,24911.1500000000
1790854795561,24909.6500000000,24910.1500000000
1790854797585,24908.6500000000,24909.1500000000
1790854799209,24909.6500000000,24910.1500000000
1790854799411,24910.6500000000,24911.1500000000
1790854800219,24910.6500000000,24911.1500000000
1790854801634,24911.6500000000,24912.1500000000
1790854802039,24912.6500000000,24913.1500000000
1790854802443,24911.6500000000,24912.1500000000
1790854802652,24912.6500000000,24913.1500000000
1790854802855,24911.6500000000,24912.1500000000
1790854803058,24912.6500000000,24913.1500000000
1790854803259,24911.6500000000,24912.1500000000
1790854803460,24912.6500000000,24913.1500000000
1790854804676,24914.6500000000,24915.1500000000
1790854804876,24915.6500000000,24916.1500000000
1790854805078,24914.6500000000,24915.1500000000
1790854805278,24915.6500000000,24916.1500000000
1790854805482,24916.6500000000,24917.1500000000
1790854805884,24917.6500000000,24918.1500000000
1790854806087,24916.6500000000,24917.1500000000
1790854806290,24917.6500000000,24918.1500000000
1790854806694,24916.6500000000,24917.1500000000
1790854807300,24917.6500000000,24918.1500000000
1790854807503,24916.6500000000,24917.1500000000
1790854808314,24917.6500000000,24918.1500000000
1790854808922,24915.6500000000,24916.1500000000
1790854809326,24914.6500000000,24915.1500000000
1790854809527,24915.6500000000,24916.1500000000
1790854810538,24914.6500000000,24915.1500000000
1790854811347,24916.6500000000,24917.1500000000
1790854811548,24917.6500000000,24918.1500000000
1790854813172,24916.6500000000,24917.1500000000
1790854813369,24917.6500000000,24918.1500000000
1790854815592,24916.6500000000,24917.1500000000
1790854815998,24917.6500000000,24918.1500000000
1790854818227,24918.6500000000,24919.1500000000
1790854818429,24919.6500000000,24920.1500000000
1790854818635,24921.6500000000,24922.1500000000
1790854819240,24922.6500000000,24923.1500000000
1790854819644,24921.6500000000,24922.1500000000
1790854819846,24920.6500000000,24921.1500000000
1790854820253,24921.6500000000,24922.1500000000
1790854820654,24922.6500000000,24923.1500000000
1790854822069,24923.6500000000,24924.1500000000
1790854822270,24922.6500000000,24923.1500000000
1790854822875,24923.6500000000,24924.1500000000
1790854823078,24922.6500000000,24923.1500000000
1790854823685,24921.6500000000,24922.1500000000
1790854823889,24922.6500000000,24923.1500000000
1790854824698,24923.6500000000,24924.1500000000
1790854825506,24924.6500000000,24925.1500000000
1790854826518,24923.6500000000,24924.1500000000
1790854826721,24924.6500000000,24925.1500000000
1790854826923,24923.6500000000,24924.1500000000
1790854828340,24922.6500000000,24923.1500000000
1790854828541,24921.6500000000,24922.1500000000
1790854828741,24922.6500000000,24923.1500000000
1790854830562,24921.6500000000,24922.1500000000
1790854830764,24919.6500000000,24920.1500000000
1790854830968,24921.6500000000,24922.1500000000
1790854831170,24922.6500000000,24923.1500000000
1790854831772,24923.6500000000,24924.1500000000
1790854832179,24924.6500000000,24925.1500000000
1790854832583,24925.6500000000,24926.1500000000
1790854832786,24926.6500000000,24927.1500000000
1790854832989,24925.6500000000,24926.1500000000
1790854835217,24924.6500000000,24925.1500000000
1790854835419,24925.6500000000,24926.1500000000
1790854835821,24924.6500000000,24925.1500000000
1790854836839,24923.6500000000,24924.1500000000
1790854837037,24919.6500000000,24920.1500000000
1790854838653,24918.6500000000,24919.1500000000
1790854839058,24917.6500000000,24918.1500000000
1790854840470,24918.6500000000,24919.1500000000
1790854842493,24919.6500000000,24920.1500000000
1790854843708,24922.6500000000,24923.1500000000
1790854844110,24923.6500000000,24924.1500000000
1790854846740,24925.6500000000,24926.1500000000
1790854847954,24924.6500000000,24925.1500000000
1790854848563,24925.6500000000,24926.1500000000
1790854848764,24924.6500000000,24925.1500000000
1790854850385,24925.6500000000,24926.1500000000
1790854850587,24924.6500000000,24925.1500000000
1790854854224,24926.6500000000,24927.1500000000
1790854854425,24925.6500000000,24926.1500000000
1790854855437,24924.6500000000,24925.1500000000
1790854856045,24923.6500000000,24924.1500000000
1790854857057,24924.6500000000,24925.1500000000
1790854857260,24925.6500000000,24926.1500000000
1790854857461,24924.6500000000,24925.1500000000
1790854858474,24925.6500000000,24926.1500000000
1790854859486,24924.6500000000,24925.1500000000
1790854859687,24923.6500000000,24924.1500000000
1790854859891,24924.6500000000,24925.1500000000
1790854860293,24924.6500000000,24925.1500000000
1790854860900,24923.6500000000,24924.1500000000
1790854861103,24922.6500000000,24923.1500000000
1790854861506,24921.6500000000,24922.1500000000
1790854861914,24919.6500000000,24920.1500000000
1790854862318,24918.6500000000,24919.1500000000
1790854862522,24919.6500000000,24920.1500000000
1790854862730,24918.6500000000,24919.1500000000
1790854863135,24920.6500000000,24921.1500000000
1790854864143,24919.6500000000,24920.1500000000
1790854864547,24918.6500000000,24919.1500000000
1790854865354,24917.6500000000,24918.1500000000
1790854866364,24918.6500000000,24919.1500000000
1790854866766,24920.6500000000,24921.1500000000
1790854867579,24921.6500000000,24922.1500000000
1790854867775,24920.6500000000,24921.1500000000
1790854869391,24921.6500000000,24922.1500000000
1790854869594,24923.6500000000,24924.1500000000
1790854869801,24922.6500000000,24923.1500000000
1790854870403,24921.6500000000,24922.1500000000
1790854870607,24920.6500000000,24921.1500000000
1790854871821,24921.6500000000,24922.1500000000
1790854872225,24919.6500000000,24920.1500000000
1790854873033,24920.6500000000,24921.1500000000
1790854873438,24919.6500000000,24920.1500000000
1790854873640,24922.6500000000,24923.1500000000
1790854873844,24923.6500000000,24924.1500000000
1790854874249,24922.6500000000,24923.1500000000
1790854874651,24925.6500000000,24926.1500000000
1790854875258,24924.6500000000,24925.1500000000
1790854875662,24925.6500000000,24926.1500000000
1790854875865,24924.6500000000,24925.1500000000
1790854876271,24923.6500000000,24924.1500000000
1790854876673,24924.6500000000,24925.1500000000
1790854878294,24925.6500000000,24926.1500000000
1790854878696,24924.6500000000,24925.1500000000
1790854879913,24925.6500000000,24926.1500000000
1790854880114,24926.6500000000,24927.1500000000
1790854882136,24927.6500000000,24928.1500000000
1790854882543,24928.6500000000,24929.1500000000
1790854882946,24927.6500000000,24928.1500000000
1790854883146,24926.6500000000,24927.1500000000
1790854883348,24927.6500000000,24928.1500000000
1790854883551,24926.6500000000,24927.1500000000
1790854883959,24927.6500000000,24928.1500000000
1790854884360,24929.6500000000,24930.1500000000
1790854884766,24930.6500000000,24931.1500000000
1790854884968,24932.6500000000,24933.1500000000
1790854885172,24931.6500000000,24932.1500000000
1790854885374,24932.6500000000,24933.1500000000
1790854886386,24931.6500000000,24932.1500000000
1790854887194,24932.6500000000,24933.1500000000
1790854888002,24931.6500000000,24932.1500000000
1790854888204,24932.6500000000,24933.1500000000
1790854890629,24931.6500000000,24932.1500000000
1790854891032,24930.6500000000,24931.1500000000
1790854891235,24931.6500000000,24932.1500000000
1790854891438,24930.6500000000,24931.1500000000
1790854891639,24931.6500000000,24932.1500000000
1790854891838,24930.6500000000,24931.1500000000
1790854892041,24931.6500000000,24932.1500000000
1790854892242,24932.6500000000,24933.1500000000
1790854892445,24933.6500000000,24934.1500000000
1790854892851,24935.6500000000,24936.1500000000
1790854893054,24936.6500000000,24937.1500000000
1790854893258,24935.6500000000,24936.1500000000
1790854893863,24934.6500000000,24935.1500000000
1790854894267,24933.6500000000,24934.1500000000
1790854894471,24932.6500000000,24933.1500000000
1790854895682,24933.6500000000,24934.1500000000
1790854895886,24932.6500000000,24933.1500000000
1790854896693,24931.6500000000,24932.1500000000
1790854896893,24934.6500000000,24935.1500000000
1790854897299,24932.6500000000,24933.1500000000
1790854897503,24931.6500000000,24932.1500000000
1790854898108,24932.6500000000,24933.1500000000
1790854898311,24931.6500000000,24932.1500000000
1790854898920,24932.6500000000,24933.1500000000
1790854899121,24931.6500000000,24932.1500000000
1790854899527,24932.6500000000,24933.1500000000
1790854900742,24931.6500000000,24932.1500000000
1790854901349,24932.6500000000,24933.1500000000
1790854902357,24934.6500000000,24935.1500000000
1790854903168,24935.6500000000,24936.1500000000
1790854904182,24934.6500000000,24935.1500000000
1790854904790,24933.6500000000,24934.1500000000
1790854904993,24931.6500000000,24932.1500000000
1790854906406,24930.6500000000,24931.1500000000
1790854907624,24931.6500000000,24932.1500000000
1790854908231,24930.6500000000,24931.1500000000
1790854908436,24931.6500000000,24932.1500000000
1790854908636,24932.6500000000,24933.1500000000
1790854909047,24930.6500000000,24931.1500000000
1790854909651,24929.6500000000,24930.1500000000
1790854909854,24928.6500000000,24929.1500000000
1790854911873,24929.6500000000,24930.1500000000
1790854912075,24930.6500000000,24931.1500000000
1790854912277,24929.6500000000,24930.1500000000
1790854912478,24930.6500000000,24931.1500000000
1790854912881,24929.6500000000,24930.1500000000
1790854913486,24928.6500000000,24929.1500000000
1790854913690,24929.6500000000,24930.1500000000
1790854914702,24930.6500000000,24931.1500000000
1790854914904,24931.6500000000,24932.1500000000
1790854915105,24930.6500000000,24931.1500000000
1790854915310,24931.6500000000,24932.1500000000
1790854915513,24933.6500000000,24934.1500000000
1790854916119,24934.6500000000,24935.1500000000
1790854916522,24933.6500000000,24934.1500000000
1790854917331,24932.6500000000,24933.1500000000
1790854917938,24931.6500000000,24932.1500000000
1790854918344,24932.6500000000,24933.1500000000
1790854919558,24931.6500000000,24932.1500000000
1790854919762,24930.6500000000,24931.1500000000
1790854920367,24931.6500000000,24932.1500000000
1790854921579,24932.6500000000,24933.1500000000
1790854922188,24933.6500000000,24934.1500000000
1790854922390,24932.6500000000,24933.1500000000
1790854922594,24929.6500000000,24930.1500000000
1790854922799,24930.6500000000,24931.1500000000
1790854923203,24931.6500000000,24932.1500000000
1790854923607,24932.6500000000,24933.1500000000
1790854924419,24931.6500000000,24932.1500000000
1790854925835,24930.6500000000,24931.1500000000
1790854926039,24929.6500000000,24930.1500000000
1790854926841,24928.6500000000,24929.1500000000
1790854927450,24926.6500000000,24927.1500000000
1790854927652,24927.6500000000,24928.1500000000
1790854927853,24926.6500000000,24927.1500000000
1790854928460,24924.6500000000,24925.1500000000
1790854930489,24925.6500000000,24926.1500000000
1790854931696,24928.6500000000,24929.1500000000
1790854932099,24929.6500000000,24930.1500000000
1790854933516,24930.6500000000,24931.1500000000
1790854934123,24931.6500000000,24932.1500000000
1790854934324,24932.6500000000,24933.1500000000
1790854934931,24931.6500000000,24932.1500000000
1790854935133,24934.6500000000,24935.1500000000
1790854936747,24933.6500000000,24934.1500000000
1790854938768,24932.6500000000,24933.1500000000
1790854940392,24931.6500000000,24932.1500000000
1790854940587,24932.6500000000,24933.1500000000
1790854941399,24931.6500000000,24932.1500000000
1790854942003,24929.6500000000,24930.1500000000
1790854942205,24930.6500000000,24931.1500000000
1790854942408,24931.6500000000,24932.1500000000
1790854942608,24930.6500000000,24931.1500000000
1790854943823,24929.6500000000,24930.1500000000
1790854944630,24930.6500000000,24931.1500000000
1790854945239,24929.6500000000,24930.1500000000
1790854948470,24927.6500000000,24928.1500000000
1790854949077,24928.6500000000,24929.1500000000
1790854949480,24926.6500000000,24927.1500000000
1790854950085,24927.6500000000,24928.1500000000
1790854950288,24926.6500000000,24927.1500000000
1790854950490,24925.6500000000,24926.1500000000
1790854950897,24927.6500000000,24928.1500000000
1790854951502,24926.6500000000,24927.1500000000
1790854951702,24927.6500000000,24928.1500000000
1790854952511,24928.6500000000,24929.1500000000
1790854953118,24929.6500000000,24930.1500000000
1790854953321,24928.6500000000,24929.1500000000
1790854953523,24927.6500000000,24928.1500000000
1790854954737,24928.6500000000,24929.1500000000
1790854954947,24927.6500000000,24928.1500000000
1790854956156,24928.6500000000,24929.1500000000
1790854956352,24927.6500000000,24928.1500000000
1790854956554,24928.6500000000,24929.1500000000
1790854957163,24927.6500000000,24928.1500000000
1790854957570,24926.6500000000,24927.1500000000
1790854958782,24925.6500000000,24926.1500000000
1790854958986,24926.6500000000,24927.1500000000
1790854959190,24932.6500000000,24933.1500000000
1790854960000,24933.6500000000,24934.1500000000
1790854960204,24935.6500000000,24936.1500000000
1790854960402,24934.6500000000,24935.1500000000
1790854960805,24932.6500000000,24933.1500000000
1790854961412,24933.6500000000,24934.1500000000
1790854961612,24932.6500000000,24933.1500000000
1790854962017,24933.6500000000,24934.1500000000
1790854962420,24935.6500000000,24936.1500000000
1790854962824,24933.6500000000,24934.1500000000
1790854963837,24934.6500000000,24935.1500000000
1790854964446,24935.6500000000,24936.1500000000
1790854964848,24934.6500000000,24935.1500000000
1790854965252,24933.6500000000,24934.1500000000
1790854966260,24934.6500000000,24935.1500000000
1790854966869,24933.6500000000,24934.1500000000
1790854967073,24934.6500000000,24935.1500000000
1790854967479,24933.6500000000,24934.1500000000
1790854968087,24934.6500000000,24935.1500000000
1790854968490,24933.6500000000,24934.1500000000
1790854969097,24931.6500000000,24932.1500000000
1790854969300,24930.6500000000,24931.1500000000
1790854970715,24927.6500000000,24928.1500000000
1790854971321,24928.6500000000,24929.1500000000
1790854971521,24927.6500000000,24928.1500000000
1790854974555,24926.6500000000,24927.1500000000
1790854976780,24925.6500000000,24926.1500000000
1790854978602,24924.6500000000,24925.1500000000
1790854978805,24925.6500000000,24926.1500000000
1790854979009,24924.6500000000,24925.1500000000
1790854980018,24924.6500000000,24925.1500000000
1790854980222,24925.6500000000,24926.1500000000
1790854980422,24924.6500000000,24925.1500000000
1790854981230,24922.6500000000,24923.1500000000
1790854983057,24921.6500000000,24922.1500000000
1790854984268,24919.6500000000,24920.1500000000
1790854984672,24918.6500000000,24919.1500000000
1790854985077,24919.6500000000,24920.1500000000
1790854985885,24920.6500000000,24921.1500000000
1790854986090,24919.6500000000,24920.1500000000
1790854986293,24918.6500000000,24919.1500000000
1790854988113,24917.6500000000,24918.1500000000
1790854988518,24918.6500000000,24919.1500000000
1790854988720,24917.6500000000,24918.1500000000
1790854989323,24918.6500000000,24919.1500000000
1790854989928,24917.6500000000,24918.1500000000
1790854990533,24918.6500000000,24919.1500000000
1790854991745,24917.6500000000,24918.1500000000
1790854992552,24918.6500000000,24919.1500000000
1790854992756,24919.6500000000,24920.1500000000
1790854992958,24920.6500000000,24921.1500000000
1790854993364,24919.6500000000,24920.1500000000
1790854993566,24918.6500000000,24919.1500000000
1790854994173,24919.6500000000,24920.1500000000
1790854994984,24920.6500000000,24921.1500000000
1790854995187,24919.6500000000,24920.1500000000
1790854995795,24917.6500000000,24918.1500000000
1790854995998,24918.6500000000,24919.1500000000
1790854997208,24920.6500000000,24921.1500000000
1790854998021,24919.6500000000,24920.1500000000
1790854998220,24920.6500000000,24921.1500000000
1790854998624,24921.6500000000,24922.1500000000
1790855000447,24922.6500000000,24923.1500000000
1790855000850,24921.6500000000,24922.1500000000
1790855001051,24922.6500000000,24923.1500000000
1790855001455,24921.6500000000,24922.1500000000
1790855001658,24922.6500000000,24923.1500000000
1790855002061,24920.6500000000,24921.1500000000
1790855002265,24918.6500000000,24919.1500000000
1790855003070,24919.6500000000,24920.1500000000
1790855003274,24918.6500000000,24919.1500000000
1790855004086,24917.6500000000,24918.1500000000
1790855004288,24916.6500000000,24917.1500000000
1790855004490,24917.6500000000,24918.1500000000
1790855005299,24916.6500000000,24917.1500000000
1790855005901,24917.6500000000,24918.1500000000
1790855006103,24916.6500000000,24917.1500000000
1790855006713,24915.6500000000,24916.1500000000
1790855007117,24916.6500000000,24917.1500000000
1790855007321,24917.6500000000,24918.1500000000
1790855007522,24916.6500000000,24917.1500000000
1790855009153,24915.6500000000,24916.1500000000
1790855010160,24914.6500000000,24915.1500000000
1790855010565,24915.6500000000,24916.1500000000
1790855011377,24916.6500000000,24917.1500000000
1790855012589,24918.6500000000,24919.1500000000
1790855012791,24917.6500000000,24918.1500000000
1790855012992,24918.6500000000,24919.1500000000
1790855013193,24919.6500000000,24920.1500000000
1790855013605,24920.6500000000,24921.1500000000
1790855013799,24919.6500000000,24920.1500000000
1790855014405,24918.6500000000,24919.1500000000
1790855014811,24916.6500000000,24917.1500000000
1790855015216,24917.6500000000,24918.1500000000
1790855015417,24916.6500000000,24917.1500000000
1790855017036,24914.6500000000,24915.1500000000
1790855017642,24913.6500000000,24914.1500000000
1790855018654,24914.6500000000,24915.1500000000
1790855018856,24913.6500000000,24914.1500000000
1790855019259,24914.6500000000,24915.1500000000
1790855019460,24913.6500000000,24914.1500000000
1790855019663,24912.6500000000,24913.1500000000
1790855019866,24913.6500000000,24914.1500000000
1790855020067,24912.6500000000,24913.1500000000
1790855022490,24911.6500000000,24912.1500000000
1790855023299,24910.6500000000,24911.1500000000
1790855023702,24911.6500000000,24912.1500000000
1790855024512,24914.6500000000,24915.1500000000
1790855024916,24913.6500000000,24914.1500000000
1790855025118,24914.6500000000,24915.1500000000
1790855025521,24913.6500000000,24914.1500000000
1790855026127,24914.6500000000,24915.1500000000
1790855026329,24913.6500000000,24914.1500000000
1790855026734,24914.6500000000,24915.1500000000
1790855026935,24915.6500000000,24916.1500000000
1790855027139,24913.6500000000,24914.1500000000
1790855027542,24914.6500000000,24915.1500000000
1790855028351,24913.6500000000,24914.1500000000
1790855029365,24914.6500000000,24915.1500000000
1790855030170,24915.6500000000,24916.1500000000
1790855030776,24916.6500000000,24917.1500000000
1790855031786,24915.6500000000,24916.1500000000
1790855032392,24914.6500000000,24915.1500000000
1790855032801,24915.6500000000,24916.1500000000
1790855033605,24916.6500000000,24917.1500000000
1790855034009,24917.6500000000,24918.1500000000
1790855034414,24918.6500000000,24919.1500000000
1790855034615,24917.6500000000,24918.1500000000
1790855034817,24916.6500000000,24917.1500000000
1790855035222,24917.6500000000,24918.1500000000
1790855036436,24916.6500000000,24917.1500000000
1790855038861,24917.6500000000,24918.1500000000
1790855039064,24918.6500000000,24919.1500000000
1790855040076,24918.6500000000,24919.1500000000
1790855040884,24921.6500000000,24922.1500000000
1790855041087,24919.6500000000,24920.1500000000
1790855041288,24918.6500000000,24919.1500000000
1790855041893,24917.6500000000,24918.1500000000
1790855042095,24916.6500000000,24917.1500000000
1790855042297,24917.6500000000,24918.1500000000
1790855042500,24916.6500000000,24917.1500000000
1790855042911,24915.6500000000,24916.1500000000
1790855043517,24913.6500000000,24914.1500000000
1790855044329,24912.6500000000,24913.1500000000
1790855044532,24913.6500000000,24914.1500000000
1790855044735,24912.6500000000,24913.1500000000
1790855045137,24913.6500000000,24914.1500000000
1790855045544,24912.6500000000,24913.1500000000
1790855045746,24913.6500000000,24914.1500000000
1790855045947,24912.6500000000,24913.1500000000
1790855047970,24913.6500000000,24914.1500000000
1790855048981,24914.6500000000,24915.1500000000
1790855050807,24915.6500000000,24916.1500000000
1790855051005,24914.6500000000,24915.1500000000
1790855051408,24913.6500000000,24914.1500000000
1790855052016,24912.6500000000,24913.1500000000
1790855052218,24911.6500000000,24912.1500000000
1790855053229,24910.6500000000,24911.1500000000
1790855053432,24912.6500000000,24913.1500000000
1790855053634,24911.6500000000,24912.1500000000
1790855053836,24912.6500000000,24913.1500000000
1790855054040,24911.6500000000,24912.1500000000
1790855054446,24912.6500000000,24913.1500000000
1790855054647,24911.6500000000,24912.1500000000
1790855054849,24912.6500000000,24913.1500000000
1790855055456,24911.6500000000,24912.1500000000
1790855055860,24912.6500000000,24913.1500000000
1790855056062,24911.6500000000,24912.1500000000
1790855057276,24910.6500000000,24911.1500000000
1790855057480,24909.6500000000,24910.1500000000
1790855057682,24908.6500000000,24909.1500000000
1790855058090,24909.6500000000,24910.1500000000
1790855058292,24908.6500000000,24909.1500000000
1790855058493,24907.6500000000,24908.1500000000
1790855058696,24906.6500000000,24907.1500000000
1790855058898,24907.6500000000,24908.1500000000
1790855059303,24909.6500000000,24910.1500000000
1790855059506,24908.6500000000,24909.1500000000
1790855060311,24909.6500000000,24910.1500000000
1790855060713,24910.6500000000,24911.1500000000
1790855061119,24909.6500000000,24910.1500000000
1790855061319,24910.6500000000,24911.1500000000
1790855061522,24909.6500000000,24910.1500000000
1790855063345,24908.6500000000,24909.1500000000
1790855064959,24906.6500000000,24907.1500000000
1790855065361,24907.6500000000,24908.1500000000
1790855066778,24906.6500000000,24907.1500000000
1790855067184,24907.6500000000,24908.1500000000
1790855068193,24906.6500000000,24907.1500000000
1790855068598,24907.6500000000,24908.1500000000
1790855068800,24906.6500000000,24907.1500000000
1790855069000,24907.6500000000,24908.1500000000
1790855070011,24906.6500000000,24907.1500000000
1790855070214,24904.6500000000,24905.1500000000
1790855070416,24906.6500000000,24907.1500000000
1790855070819,24907.6500000000,24908.1500000000
1790855072844,24906.6500000000,24907.1500000000
1790855073451,24908.6500000000,24909.1500000000
1790855073856,24907.6500000000,24908.1500000000
1790855074056,24908.6500000000,24909.1500000000
1790855074461,24909.6500000000,24910.1500000000
1790855074663,24907.6500000000,24908.1500000000
1790855074865,24908.6500000000,24909.1500000000
1790855075470,24906.6500000000,24907.1500000000
1790855076481,24905.6500000000,24906.1500000000
1790855076683,24906.6500000000,24907.1500000000
1790855076886,24905.6500000000,24906.1500000000
1790855077290,24906.6500000000,24907.1500000000
1790855078707,24905.6500000000,24906.1500000000
1790855078912,24904.6500000000,24905.1500000000
1790855079113,24903.6500000000,24904.1500000000
1790855079722,24902.6500000000,24903.1500000000
1790855080328,24903.6500000000,24904.1500000000
1790855080731,24904.6500000000,24905.1500000000
1790855081338,24903.6500000000,24904.1500000000
1790855081742,24904.6500000000,24905.1500000000
1790855082146,24903.6500000000,24904.1500000000
1790855082355,24904.6500000000,24905.1500000000
1790855082553,24905.6500000000,24906.1500000000
1790855083156,24904.6500000000,24905.1500000000
1790855084775,24905.6500000000,24906.1500000000
1790855085181,24906.6500000000,24907.1500000000
1790855085584,24905.6500000000,24906.1500000000
1790855085989,24904.6500000000,24905.1500000000
1790855087406,24905.6500000000,24906.1500000000
1790855087812,24904.6500000000,24905.1500000000
1790855088014,24905.6500000000,24906.1500000000
1790855088214,24904.6500000000,24905.1500000000
1790855088417,24903.6500000000,24904.1500000000
1790855089832,24902.6500000000,24903.1500000000
1790855090236,24903.6500000000,24904.1500000000
1790855090437,24904.6500000000,24905.1500000000
1790855090640,24903.6500000000,24904.1500000000
1790855090842,24902.6500000000,24903.1500000000
1790855091856,24901.6500000000,24902.1500000000
1790855092058,24900.6500000000,24901.1500000000
1790855092261,24899.6500000000,24900.1500000000
1790855092664,24900.6500000000,24901.1500000000
1790855092867,24899.6500000000,24900.1500000000
1790855093881,24898.6500000000,24899.1500000000
1790855094081,24897.6500000000,24898.1500000000
1790855094284,24896.6500000000,24897.1500000000
1790855095294,24897.6500000000,24898.1500000000
1790855095701,24896.6500000000,24897.1500000000
1790855095904,24895.6500000000,24896.1500000000
1790855096105,24896.6500000000,24897.1500000000
1790855096508,24897.6500000000,24898.1500000000
1790855097519,24896.6500000000,24897.1500000000
1790855097922,24895.6500000000,24896.1500000000
1790855098734,24896.6500000000,24897.1500000000
1790855099138,24895.6500000000,24896.1500000000
1790855100151,24896.6500000000,24897.1500000000
1790855101161,24895.6500000000,24896.1500000000
1790855101363,24896.6500000000,24897.1500000000
1790855102374,24895.6500000000,24896.1500000000
1790855102987,24894.6500000000,24895.1500000000
1790855103187,24893.6500000000,24894.1500000000
1790855103592,24892.6500000000,24893.1500000000
1790855103794,24893.6500000000,24894.1500000000
1790855103996,24894.6500000000,24895.1500000000
1790855104399,24895.6500000000,24896.1500000000
1790855105209,24896.6500000000,24897.1500000000
1790855105411,24895.6500000000,24896.1500000000
1790855106625,24894.6500000000,24895.1500000000
1790855107027,24893.6500000000,24894.1500000000
1790855107431,24894.6500000000,24895.1500000000
1790855108446,24895.6500000000,24896.1500000000
1790855108648,24897.6500000000,24898.1500000000
1790855108848,24898.6500000000,24899.1500000000
1790855109050,24897.6500000000,24898.1500000000
1790855109252,24898.6500000000,24899.1500000000
1790855109455,24897.6500000000,24898.1500000000
1790855109861,24898.6500000000,24899.1500000000
1790855110265,24900.6500000000,24901.1500000000
1790855110871,24902.6500000000,24903.1500000000
1790855111885,24901.6500000000,24902.1500000000
1790855112089,24902.6500000000,24903.1500000000
1790855113304,24904.6500000000,24905.1500000000
1790855114318,24903.6500000000,24904.1500000000
1790855115528,24901.6500000000,24902.1500000000
1790855116339,24902.6500000000,24903.1500000000
1790855116539,24901.6500000000,24902.1500000000
1790855117146,24899.6500000000,24900.1500000000
1790855117347,24898.6500000000,24899.1500000000
1790855118154,24895.6500000000,24896.1500000000
1790855118356,24897.6500000000,24898.1500000000
1790855118757,24896.6500000000,24897.1500000000
1790855119366,24895.6500000000,24896.1500000000
1790855119565,24896.6500000000,24897.1500000000
1790855120172,24895.6500000000,24896.1500000000
1790855122396,24893.6500000000,24894.1500000000
1790855122599,24891.6500000000,24892.1500000000
1790855122801,24890.6500000000,24891.1500000000
1790855123205,24889.6500000000,24890.1500000000
1790855123811,24888.6500000000,24889.1500000000
1790855124620,24889.6500000000,24890.1500000000
1790855125227,24887.6500000000,24888.1500000000
1790855125633,24888.6500000000,24889.1500000000
1790855126241,24887.6500000000,24888.1500000000
1790855126440,24888.6500000000,24889.1500000000
1790855126845,24887.6500000000,24888.1500000000
1790855127652,24889.6500000000,24890.1500000000
1790855127856,24888.6500000000,24889.1500000000
1790855128061,24889.6500000000,24890.1500000000
1790855129471,24890.6500000000,24891.1500000000
1790855129676,24899.6500000000,24900.1500000000
1790855129879,24901.6500000000,24902.1500000000
1790855130281,24900.6500000000,24901.1500000000
1790855130487,24899.6500000000,24900.1500000000
1790855131293,24900.6500000000,24901.1500000000
1790855131494,24899.6500000000,24900.1500000000
1790855131897,24898.6500000000,24899.1500000000
1790855132504,24899.6500000000,24900.1500000000
1790855132706,24898.6500000000,24899.1500000000
1790855133719,24896.6500000000,24897.1500000000
1790855134324,24895.6500000000,24896.1500000000
1790855134729,24896.6500000000,24897.1500000000
1790855134938,24895.6500000000,24896.1500000000
1790855135333,24894.6500000000,24895.1500000000
1790855136142,24895.6500000000,24896.1500000000
1790855136345,24896.6500000000,24897.1500000000
1790855136547,24895.6500000000,24896.1500000000
1790855137966,24894.6500000000,24895.1500000000
1790855138369,24893.6500000000,24894.1500000000
1790855139175,24892.6500000000,24893.1500000000
1790855139380,24893.6500000000,24894.1500000000
1790855139582,24892.6500000000,24893.1500000000
1790855139784,24893.6500000000,24894.1500000000
1790855139986,24892.6500000000,24893.1500000000
1790855140189,24893.6500000000,24894.1500000000
1790855140391,24892.6500000000,24893.1500000000
1790855140792,24893.6500000000,24894.1500000000
1790855141198,24894.6500000000,24895.1500000000
1790855141803,24893.6500000000,24894.1500000000
1790855142207,24892.6500000000,24893.1500000000
1790855142816,24894.6500000000,24895.1500000000
1790855143017,24893.6500000000,24894.1500000000
1790855143220,24892.6500000000,24893.1500000000
1790855143825,24891.6500000000,24892.1500000000
1790855144028,24890.6500000000,24891.1500000000
1790855144232,24889.6500000000,24890.1500000000
1790855145245,24888.6500000000,24889.1500000000
1790855145449,24887.6500000000,24888.1500000000
1790855145852,24888.6500000000,24889.1500000000
1790855147270,24890.6500000000,24891.1500000000
1790855147676,24888.6500000000,24889.1500000000
1790855148083,24889.6500000000,24890.1500000000
1790855148287,24888.6500000000,24889.1500000000
1790855149098,24889.6500000000,24890.1500000000
1790855149704,24890.6500000000,24891.1500000000
1790855150107,24891.6500000000,24892.1500000000
1790855150512,24892.6500000000,24893.1500000000
1790855150714,24891.6500000000,24892.1500000000
1790855150916,24892.6500000000,24893.1500000000
1790855151118,24893.6500000000,24894.1500000000
1790855151320,24892.6500000000,24893.1500000000
1790855151521,24891.6500000000,24892.1500000000
1790855151925,24892.6500000000,24893.1500000000
1790855152329,24891.6500000000,24892.1500000000
1790855153342,24892.6500000000,24893.1500000000
1790855153545,24893.6500000000,24894.1500000000
1790855153952,24892.6500000000,24893.1500000000
1790855154154,24891.6500000000,24892.1500000000
1790855154962,24892.6500000000,24893.1500000000
1790855155164,24891.6500000000,24892.1500000000
1790855155569,24890.6500000000,24891.1500000000
1790855155771,24889.6500000000,24890.1500000000
1790855156379,24890.6500000000,24891.1500000000
1790855156783,24889.6500000000,24890.1500000000
1790855157594,24888.6500000000,24889.1500000000
1790855157997,24887.6500000000,24888.1500000000
1790855158199,24888.6500000000,24889.1500000000
1790855159814,24887.6500000000,24888.1500000000
1790855160015,24887.6500000000,24888.1500000000
1790855160823,24886.6500000000,24887.1500000000
1790855161227,24885.6500000000,24886.1500000000
1790855161834,24884.6500000000,24885.1500000000
1790855162239,24883.6500000000,24884.1500000000
1790855162441,24885.6500000000,24886.1500000000
1790855162642,24886.6500000000,24887.1500000000
1790855163053,24885.6500000000,24886.1500000000
1790855163255,24884.6500000000,24885.1500000000
1790855164062,24885.6500000000,24886.1500000000
1790855164670,24884.6500000000,24885.1500000000
1790855165276,24887.6500000000,24888.1500000000
1790855166290,24886.6500000000,24887.1500000000
1790855167300,24887.6500000000,24888.1500000000
1790855167703,24886.6500000000,24887.1500000000
1790855167903,24885.6500000000,24886.1500000000
1790855168508,24886.6500000000,24887.1500000000
1790855169722,24885.6500000000,24886.1500000000
1790855169926,24886.6500000000,24887.1500000000
1790855171137,24885.6500000000,24886.1500000000
1790855172349,24884.6500000000,24885.1500000000
1790855172955,24882.6500000000,24883.1500000000
1790855173764,24881.6500000000,24882.1500000000
1790855174172,24884.6500000000,24885.1500000000
1790855174572,24883.6500000000,24884.1500000000
1790855174776,24884.6500000000,24885.1500000000
1790855175382,24885.6500000000,24886.1500000000
1790855175786,24884.6500000000,24885.1500000000
1790855176392,24886.6500000000,24887.1500000000
1790855176595,24885.6500000000,24886.1500000000
1790855176796,24886.6500000000,24887.1500000000
1790855176999,24885.6500000000,24886.1500000000
1790855177203,24884.6500000000,24885.1500000000
1790855177406,24885.6500000000,24886.1500000000
1790855177608,24884.6500000000,24885.1500000000
1790855178418,24883.6500000000,24884.1500000000
1790855178824,24884.6500000000,24885.1500000000
1790855179431,24885.6500000000,24886.1500000000
1790855180060,24884.6500000000,24885.1500000000
1790855180464,24883.6500000000,24884.1500000000
1790855181074,24882.6500000000,24883.1500000000
1790855181277,24884.6500000000,24885.1500000000
1790855181479,24885.6500000000,24886.1500000000
1790855181884,24887.6500000000,24888.1500000000
1790855182088,24886.6500000000,24887.1500000000
1790855183096,24884.6500000000,24885.1500000000
1790855183501,24885.6500000000,24886.1500000000
1790855184107,24886.6500000000,24887.1500000000
1790855184714,24887.6500000000,24888.1500000000
1790855185928,24886.6500000000,24887.1500000000
1790855186737,24887.6500000000,24888.1500000000
1790855186940,24886.6500000000,24887.1500000000
1790855187346,24887.6500000000,24888.1500000000
1790855188357,24888.6500000000,24889.1500000000
1790855188560,24886.6500000000,24887.1500000000
1790855188762,24887.6500000000,24888.1500000000
1790855188963,24888.6500000000,24889.1500000000
1790855189166,24887.6500000000,24888.1500000000
1790855189972,24888.6500000000,24889.1500000000
1790855190379,24887.6500000000,24888.1500000000
1790855191792,24890.6500000000,24891.1500000000
1790855193004,24892.6500000000,24893.1500000000
1790855193207,24890.6500000000,24891.1500000000
1790855193409,24887.6500000000,24888.1500000000
1790855194623,24888.6500000000,24889.1500000000
1790855195025,24887.6500000000,24888.1500000000
1790855195227,24888.6500000000,24889.1500000000
1790855196641,24887.6500000000,24888.1500000000
1790855196845,24889.6500000000,24890.1500000000
1790855197046,24891.6500000000,24892.1500000000
1790855197251,24892.6500000000,24893.1500000000
1790855197654,24891.6500000000,24892.1500000000
1790855198464,24892.6500000000,24893.1500000000
1790855198664,24891.6500000000,24892.1500000000
1790855200886,24892.6500000000,24893.1500000000
1790855201090,24891.6500000000,24892.1500000000
1790855202503,24894.6500000000,24895.1500000000
1790855202913,24893.6500000000,24894.1500000000
1790855203110,24894.6500000000,24895.1500000000
1790855206142,24895.6500000000,24896.1500000000
1790855206747,24894.6500000000,24895.1500000000
1790855207154,24893.6500000000,24894.1500000000
1790855207559,24891.6500000000,24892.1500000000
1790855207760,24892.6500000000,24893.1500000000
1790855208165,24891.6500000000,24892.1500000000
1790855208367,24892.6500000000,24893.1500000000
1790855210188,24893.6500000000,24894.1500000000
1790855210390,24894.6500000000,24895.1500000000
1790855210794,24893.6500000000,24894.1500000000
1790855210997,24894.6500000000,24895.1500000000
1790855211200,24897.6500000000,24898.1500000000
1790855212210,24896.6500000000,24897.1500000000
1790855212411,24895.6500000000,24896.1500000000
1790855213624,24896.6500000000,24897.1500000000
1790855214233,24897.6500000000,24898.1500000000
1790855215850,24898.6500000000,24899.1500000000
1790855216052,24897.6500000000,24898.1500000000
1790855216255,24899.6500000000,24900.1500000000
1790855216456,24898.6500000000,24899.1500000000
1790855216661,24897.6500000000,24898.1500000000
1790855217471,24896.6500000000,24897.1500000000
1790855219296,24893.6500000000,24894.1500000000
1790855219498,24894.6500000000,24895.1500000000
1790855220306,24894.6500000000,24895.1500000000
1790855220913,24895.6500000000,24896.1500000000
1790855221319,24896.6500000000,24897.1500000000
1790855221521,24898.6500000000,24899.1500000000
1790855221926,24897.6500000000,24898.1500000000
1790855222533,24896.6500000000,24897.1500000000
1790855223144,24897.6500000000,24898.1500000000
1790855223549,24896.6500000000,24897.1500000000
1790855223753,24897.6500000000,24898.1500000000
1790855224157,24898.6500000000,24899.1500000000
1790855224357,24897.6500000000,24898.1500000000
1790855224558,24896.6500000000,24897.1500000000
1790855224760,24897.6500000000,24898.1500000000
1790855224962,24898.6500000000,24899.1500000000
1790855225164,24899.6500000000,24900.1500000000
1790855225366,24898.6500000000,24899.1500000000
1790855226781,24899.6500000000,24900.1500000000
1790855227186,24898.6500000000,24899.1500000000
1790855227389,24900.6500000000,24901.1500000000
1790855227591,24901.6500000000,24902.1500000000
1790855227792,24900.6500000000,24901.1500000000
1790855227995,24899.6500000000,24900.1500000000
1790855229412,24900.6500000000,24901.1500000000
1790855231636,24899.6500000000,24900.1500000000
1790855232038,24898.6500000000,24899.1500000000
1790855232241,24897.6500000000,24898.1500000000
1790855233460,24898.6500000000,24899.1500000000
1790855236292,24899.6500000000,24900.1500000000
1790855236495,24898.6500000000,24899.1500000000
1790855236903,24900.6500000000,24901.1500000000
1790855237711,24902.6500000000,24903.1500000000
1790855237916,24900.6500000000,24901.1500000000
1790855238115,24901.6500000000,24902.1500000000
1790855238522,24900.6500000000,24901.1500000000
1790855238927,24899.6500000000,24900.1500000000
1790855239129,24900.6500000000,24901.1500000000
1790855239332,24901.6500000000,24902.1500000000
1790855239738,24900.6500000000,24901.1500000000
1790855240544,24902.6500000000,24903.1500000000
1790855240744,24901.6500000000,24902.1500000000
1790855240947,24902.6500000000,24903.1500000000
1790855241959,24903.6500000000,24904.1500000000
1790855242164,24901.6500000000,24902.1500000000
1790855242567,24902.6500000000,24903.1500000000
1790855242770,24901.6500000000,24902.1500000000
1790855244590,24899.6500000000,24900.1500000000
1790855244793,24900.6500000000,24901.1500000000
1790855245395,24901.6500000000,24902.1500000000
1790855245598,24900.6500000000,24901.1500000000
1790855246609,24901.6500000000,24902.1500000000
1790855247213,24902.6500000000,24903.1500000000
1790855248021,24900.6500000000,24901.1500000000
1790855250044,24901.6500000000,24902.1500000000
1790855250653,24903.6500000000,24904.1500000000
1790855250855,24901.6500000000,24902.1500000000
1790855251056,24902.6500000000,24903.1500000000
1790855251257,24903.6500000000,24904.1500000000
1790855251460,24902.6500000000,24903.1500000000
1790855251661,24903.6500000000,24904.1500000000
1790855252266,24902.6500000000,24903.1500000000
1790855252470,24903.6500000000,24904.1500000000
1790855252673,24902.6500000000,24903.1500000000
1790855253884,24900.6500000000,24901.1500000000
1790855254693,24899.6500000000,24900.1500000000
1790855255304,24898.6500000000,24899.1500000000
1790855255701,24899.6500000000,24900.1500000000
1790855255903,24898.6500000000,24899.1500000000
1790855256509,24897.6500000000,24898.1500000000
1790855259336,24898.6500000000,24899.1500000000
1790855261766,24899.6500000000,24900.1500000000
1790855261967,24898.6500000000,24899.1500000000
1790855262572,24897.6500000000,24898.1500000000
1790855262979,24898.6500000000,24899.1500000000
1790855263383,24897.6500000000,24898.1500000000
1790855263788,24898.6500000000,24899.1500000000
1790855266220,24901.6500000000,24902.1500000000
1790855266423,24898.6500000000,24899.1500000000
1790855266622,24897.6500000000,24898.1500000000
1790855266826,24898.6500000000,24899.1500000000
1790855267233,24897.6500000000,24898.1500000000
1790855268244,24899.6500000000,24900.1500000000
1790855268850,24900.6500000000,24901.1500000000
1790855269456,24899.6500000000,24900.1500000000
1790855269861,24898.6500000000,24899.1500000000
1790855270061,24899.6500000000,24900.1500000000
1790855270869,24900.6500000000,24901.1500000000
1790855271072,24899.6500000000,24900.1500000000
1790855271275,24901.6500000000,24902.1500000000
1790855271679,24900.6500000000,24901.1500000000
1790855272284,24899.6500000000,24900.1500000000
1790855272889,24900.6500000000,24901.1500000000
1790855274515,24899.6500000000,24900.1500000000
1790855275324,24898.6500000000,24899.1500000000
1790855275524,24897.6500000000,24898.1500000000
1790855275929,24898.6500000000,24899.1500000000
1790855276534,24901.6500000000,24902.1500000000
1790855276737,24895.6500000000,24896.1500000000
1790855277545,24896.6500000000,24897.1500000000
1790855277750,24898.6500000000,24899.1500000000
1790855278358,24900.6500000000,24901.1500000000
1790855278760,24899.6500000000,24900.1500000000
1790855279568,24900.6500000000,24901.1500000000
1790855280175,24900.6500000000,24901.1500000000
1790855281388,24901.6500000000,24902.1500000000
1790855281590,24900.6500000000,24901.1500000000
1790855281995,24901.6500000000,24902.1500000000
1790855282601,24903.6500000000,24904.1500000000
1790855282803,24902.6500000000,24903.1500000000
1790855283213,24901.6500000000,24902.1500000000
1790855283414,24902.6500000000,24903.1500000000
1790855285634,24903.6500000000,24904.1500000000
1790855286238,24902.6500000000,24903.1500000000
1790855286645,24904.6500000000,24905.1500000000
1790855287251,24903.6500000000,24904.1500000000
1790855287857,24902.6500000000,24903.1500000000
1790855288061,24903.6500000000,24904.1500000000
1790855288463,24904.6500000000,24905.1500000000
1790855289272,24905.6500000000,24906.1500000000
1790855289678,24906.6500000000,24907.1500000000
1790855289880,24904.6500000000,24905.1500000000
1790855290687,24905.6500000000,24906.1500000000
1790855290892,24904.6500000000,24905.1500000000
1790855291298,24905.6500000000,24906.1500000000
1790855291500,24904.6500000000,24905.1500000000
1790855294933,24903.6500000000,24904.1500000000
1790855295944,24901.6500000000,24902.1500000000
1790855297159,24900.6500000000,24901.1500000000
1790855297360,24901.6500000000,24902.1500000000
1790855297563,24902.6500000000,24903.1500000000
1790855298777,24901.6500000000,24902.1500000000
1790855299583,24900.6500000000,24901.1500000000
1790855300594,24901.6500000000,24902.1500000000
1790855300796,24900.6500000000,24901.1500000000
1790855301000,24901.6500000000,24902.1500000000
1790855301202,24902.6500000000,24903.1500000000
1790855301808,24903.6500000000,24904.1500000000
1790855302011,24901.6500000000,24902.1500000000
1790855302617,24902.6500000000,24903.1500000000
1790855303021,24901.6500000000,24902.1500000000
1790855303426,24900.6500000000,24901.1500000000
1790855305652,24899.6500000000,24900.1500000000
1790855306061,24898.6500000000,24899.1500000000
1790855306464,24899.6500000000,24900.1500000000
1790855306868,24898.6500000000,24899.1500000000
1790855307272,24896.6500000000,24897.1500000000
1790855307475,24895.6500000000,24896.1500000000
1790855307883,24894.6500000000,24895.1500000000
1790855308080,24895.6500000000,24896.1500000000
1790855308283,24894.6500000000,24895.1500000000
1790855308486,24895.6500000000,24896.1500000000
1790855308688,24894.6500000000,24895.1500000000
1790855309295,24895.6500000000,24896.1500000000
1790855309499,24894.6500000000,24895.1500000000
1790855309903,24895.6500000000,24896.1500000000
1790855310105,24896.6500000000,24897.1500000000
1790855310712,24900.6500000000,24901.1500000000
1790855311116,24899.6500000000,24900.1500000000
1790855311317,24900.6500000000,24901.1500000000
1790855311724,24901.6500000000,24902.1500000000
1790855311925,24902.6500000000,24903.1500000000
1790855312737,24900.6500000000,24901.1500000000
1790855312937,24902.6500000000,24903.1500000000
1790855313139,24903.6500000000,24904.1500000000
1790855313748,24901.6500000000,24902.1500000000
1790855314152,24902.6500000000,24903.1500000000
1790855316784,24901.6500000000,24902.1500000000
1790855317186,24900.6500000000,24901.1500000000
1790855317387,24901.6500000000,24902.1500000000
1790855318400,24902.6500000000,24903.1500000000
1790855318806,24901.6500000000,24902.1500000000
1790855320022,24903.6500000000,24904.1500000000
1790855320628,24902.6500000000,24903.1500000000
1790855321033,24903.6500000000,24904.1500000000
1790855321638,24902.6500000000,24903.1500000000
1790855322449,24904.6500000000,24905.1500000000
1790855322648,24903.6500000000,24904.1500000000
1790855323256,24904.6500000000,24905.1500000000
1790855323660,24903.6500000000,24904.1500000000
1790855324267,24902.6500000000,24903.1500000000
1790855324471,24905.6500000000,24906.1500000000
1790855325079,24907.6500000000,24908.1500000000
1790855325888,24908.6500000000,24909.1500000000
1790855326091,24909.6500000000,24910.1500000000
1790855326291,24908.6500000000,24909.1500000000
1790855326494,24907.6500000000,24908.1500000000
1790855326694,24905.6500000000,24906.1500000000
1790855327299,24906.6500000000,24907.1500000000
1790855328107,24903.6500000000,24904.1500000000
1790855328513,24902.6500000000,24903.1500000000
1790855329121,24903.6500000000,24904.1500000000
1790855329728,24904.6500000000,24905.1500000000
1790855329928,24903.6500000000,24904.1500000000
1790855330132,24904.6500000000,24905.1500000000
1790855331749,24905.6500000000,24906.1500000000
1790855333363,24906.6500000000,24907.1500000000
1790855333968,24905.6500000000,24906.1500000000
1790855335387,24907.6500000000,24908.1500000000
1790855338421,24906.6500000000,24907.1500000000
1790855338622,24907.6500000000,24908.1500000000
1790855339224,24906.6500000000,24907.1500000000
1790855339834,24907.6500000000,24908.1500000000
1790855340036,24907.6500000000,24908.1500000000
1790855342060,24906.6500000000,24907.1500000000
1790855342669,24910.6500000000,24911.1500000000
1790855342873,24911.6500000000,24912.1500000000
1790855343073,24912.6500000000,24913.1500000000
1790855343485,24910.6500000000,24911.1500000000
1790855343686,24908.6500000000,24909.1500000000
1790855344090,24907.6500000000,24908.1500000000
1790855344292,24908.6500000000,24909.1500000000
1790855345300,24909.6500000000,24910.1500000000
1790855345507,24910.6500000000,24911.1500000000
1790855346312,24911.6500000000,24912.1500000000
1790855346916,24913.6500000000,24914.1500000000
1790855347929,24912.6500000000,24913.1500000000
1790855348131,24913.6500000000,24914.1500000000
1790855348535,24912.6500000000,24913.1500000000
1790855350151,24910.6500000000,24911.1500000000
1790855350556,24912.6500000000,24913.1500000000
1790855350758,24913.6500000000,24914.1500000000
1790855350960,24912.6500000000,24913.1500000000
1790855351161,24913.6500000000,24914.1500000000
1790855353182,24914.6500000000,24915.1500000000
1790855353586,24915.6500000000,24916.1500000000
1790855353994,24914.6500000000,24915.1500000000
1790855354195,24915.6500000000,24916.1500000000
1790855354597,24917.6500000000,24918.1500000000
1790855354800,24916.6500000000,24917.1500000000
1790855356218,24915.6500000000,24916.1500000000
1790855356423,24918.6500000000,24919.1500000000
1790855356624,24917.6500000000,24918.1500000000
1790855357432,24918.6500000000,24919.1500000000
1790855358036,24919.6500000000,24920.1500000000
1790855358239,24918.6500000000,24919.1500000000
1790855358847,24919.6500000000,24920.1500000000
1790855359050,24921.6500000000,24922.1500000000
1790855359253,24920.6500000000,24921.1500000000
1790855359860,24918.6500000000,24919.1500000000
1790855360064,24919.6500000000,24920.1500000000
1790855361477,24918.6500000000,24919.1500000000
1790855361680,24919.6500000000,24920.1500000000
1790855361883,24918.6500000000,24919.1500000000
1790855362490,24916.6500000000,24917.1500000000
1790855362693,24918.6500000000,24919.1500000000
1790855363297,24919.6500000000,24920.1500000000
1790855363701,24917.6500000000,24918.1500000000
1790855364106,24918.6500000000,24919.1500000000
1790855364309,24919.6500000000,24920.1500000000
1790855364914,24920.6500000000,24921.1500000000
1790855366128,24919.6500000000,24920.1500000000
1790855366330,24920.6500000000,24921.1500000000
1790855366531,24919.6500000000,24920.1500000000
1790855366736,24918.6500000000,24919.1500000000
1790855366936,24917.6500000000,24918.1500000000
1790855367139,24916.6500000000,24917.1500000000
1790855367343,24917.6500000000,24918.1500000000
1790855367744,24916.6500000000,24917.1500000000
1790855368354,24917.6500000000,24918.1500000000
1790855368959,24916.6500000000,24917.1500000000
1790855369974,24917.6500000000,24918.1500000000
1790855370577,24918.6500000000,24919.1500000000
1790855370777,24919.6500000000,24920.1500000000
1790855370979,24920.6500000000,24921.1500000000
1790855371182,24921.6500000000,24922.1500000000
1790855371589,24920.6500000000,24921.1500000000
1790855371790,24921.6500000000,24922.1500000000
1790855371991,24920.6500000000,24921.1500000000
1790855372193,24919.6500000000,24920.1500000000
1790855372401,24918.6500000000,24919.1500000000
1790855373204,24917.6500000000,24918.1500000000
1790855374413,24916.6500000000,24917.1500000000
1790855374615,24917.6500000000,24918.1500000000
1790855375020,24916.6500000000,24917.1500000000
1790855375222,24915.6500000000,24916.1500000000
1790855375424,24916.6500000000,24917.1500000000
1790855375626,24917.6500000000,24918.1500000000
1790855376234,24916.6500000000,24917.1500000000
1790855376638,24914.6500000000,24915.1500000000
1790855377043,24915.6500000000,24916.1500000000
1790855377242,24914.6500000000,24915.1500000000
1790855378255,24913.6500000000,24914.1500000000
1790855378458,24914.6500000000,24915.1500000000
1790855378661,24913.6500000000,24914.1500000000
1790855379067,24912.6500000000,24913.1500000000
1790855380282,24911.6500000000,24912.1500000000
1790855380686,24910.6500000000,24911.1500000000
1790855381694,24911.6500000000,24912.1500000000
1790855382100,24912.6500000000,24913.1500000000
1790855382301,24911.6500000000,24912.1500000000
1790855383112,24912.6500000000,24913.1500000000
1790855384527,24911.6500000000,24912.1500000000
1790855385339,24912.6500000000,24913.1500000000
1790855385743,24911.6500000000,24912.1500000000
1790855385944,24912.6500000000,24913.1500000000
1790855387562,24913.6500000000,24914.1500000000
1790855388573,24911.6500000000,24912.1500000000
1790855388776,24912.6500000000,24913.1500000000
1790855389181,24913.6500000000,24914.1500000000
1790855389790,24915.6500000000,24916.1500000000
1790855390192,24913.6500000000,24914.1500000000
1790855391201,24912.6500000000,24913.1500000000
1790855391403,24913.6500000000,24914.1500000000
1790855392010,24912.6500000000,24913.1500000000
1790855392414,24913.6500000000,24914.1500000000
1790855393832,24915.6500000000,24916.1500000000
1790855394640,24914.6500000000,24915.1500000000
1790855395044,24916.6500000000,24917.1500000000
1790855395244,24915.6500000000,24916.1500000000
1790855395446,24916.6500000000,24917.1500000000
1790855395853,24917.6500000000,24918.1500000000
1790855396054,24916.6500000000,24917.1500000000
1790855397065,24915.6500000000,24916.1500000000
1790855397269,24916.6500000000,24917.1500000000
1790855397470,24915.6500000000,24916.1500000000
1790855397880,24917.6500000000,24918.1500000000
1790855398485,24918.6500000000,24919.1500000000
1790855398687,24917.6500000000,24918.1500000000
1790855398889,24918.6500000000,24919.1500000000
1790855399498,24917.6500000000,24918.1500000000
1790855399902,24916.6500000000,24917.1500000000
1790855400106,24917.6500000000,24918.1500000000
1790855400309,24916.6500000000,24917.1500000000
1790855401116,24917.6500000000,24918.1500000000
1790855401520,24919.6500000000,24920.1500000000
1790855401725,24920.6500000000,24921.1500000000
1790855402327,24919.6500000000,24920.1500000000
1790855402531,24918.6500000000,24919.1500000000
1790855402734,24917.6500000000,24918.1500000000
1790855403137,24918.6500000000,24919.1500000000
1790855404153,24920.6500000000,24921.1500000000
1790855404760,24921.6500000000,24922.1500000000
1790855404963,24919.6500000000,24920.1500000000
1790855406782,24920.6500000000,24921.1500000000
1790855406982,24919.6500000000,24920.1500000000
1790855407186,24920.6500000000,24921.1500000000
1790855407388,24921.6500000000,24922.1500000000
1790855407792,24920.6500000000,24921.1500000000
1790855407994,24919.6500000000,24920.1500000000
1790855408198,24917.6500000000,24918.1500000000
1790855409006,24915.6500000000,24916.1500000000
1790855409209,24916.6500000000,24917.1500000000
1790855410217,24917.6500000000,24918.1500000000
1790855410823,24919.6500000000,24920.1500000000
1790855411227,24918.6500000000,24919.1500000000
1790855411428,24919.6500000000,24920.1500000000
1790855412237,24921.6500000000,24922.1500000000
1790855412643,24922.6500000000,24923.1500000000
1790855413857,24923.6500000000,24924.1500000000
1790855414465,24921.6500000000,24922.1500000000
1790855414667,24922.6500000000,24923.1500000000
1790855414871,24921.6500000000,24922.1500000000
1790855415276,24922.6500000000,24923.1500000000
1790855415685,24923.6500000000,24924.1500000000
1790855415883,24924.6500000000,24925.1500000000
1790855416693,24923.6500000000,24924.1500000000
1790855416895,24924.6500000000,24925.1500000000
1790855417501,24923.6500000000,24924.1500000000
1790855417706,24921.6500000000,24922.1500000000
1790855418110,24924.6500000000,24925.1500000000
1790855418315,24925.6500000000,24926.1500000000
1790855418717,24922.6500000000,24923.1500000000
1790855418919,24923.6500000000,24924.1500000000
1790855419121,24922.6500000000,24923.1500000000
1790855419323,24923.6500000000,24924.1500000000
1790855419524,24922.6500000000,24923.1500000000
1790855419728,24920.6500000000,24921.1500000000
1790855420133,24919.6500000000,24920.1500000000
1790855420335,24920.6500000000,24921.1500000000
1790855420739,24919.6500000000,24920.1500000000
1790855420941,24920.6500000000,24921.1500000000
1790855421548,24921.6500000000,24922.1500000000
1790855421751,24922.6500000000,24923.1500000000
1790855422761,24921.6500000000,24922.1500000000
1790855422966,24923.6500000000,24924.1500000000
1790855423170,24924.6500000000,24925.1500000000
1790855423572,24925.6500000000,24926.1500000000
1790855423975,24924.6500000000,24925.1500000000
1790855425191,24923.6500000000,24924.1500000000
1790855425394,24925.6500000000,24926.1500000000
1790855426404,24924.6500000000,24925.1500000000
1790855427212,24923.6500000000,24924.1500000000
1790855427614,24924.6500000000,24925.1500000000
1790855428827,24925.6500000000,24926.1500000000
1790855429233,24926.6500000000,24927.1500000000
1790855429640,24927.6500000000,24928.1500000000
1790855429841,24928.6500000000,24929.1500000000
1790855430044,24927.6500000000,24928.1500000000
1790855431454,24928.6500000000,24929.1500000000
1790855431658,24927.6500000000,24928.1500000000
1790855432064,24926.6500000000,24927.1500000000
1790855434291,24927.6500000000,24928.1500000000
1790855434492,24928.6500000000,24929.1500000000
1790855434903,24927.6500000000,24928.1500000000
1790855435098,24926.6500000000,24927.1500000000
1790855435502,24927.6500000000,24928.1500000000
1790855435907,24925.6500000000,24926.1500000000
1790855436311,24926.6500000000,24927.1500000000
1790855436715,24925.6500000000,24926.1500000000
1790855437323,24926.6500000000,24927.1500000000
1790855438742,24927.6500000000,24928.1500000000
1790855439348,24928.6500000000,24929.1500000000
1790855439548,24927.6500000000,24928.1500000000
1790855439752,24928.6500000000,24929.1500000000
1790855440560,24929.6500000000,24930.1500000000
1790855440763,24928.6500000000,24929.1500000000
1790855441167,24929.6500000000,24930.1500000000
1790855441777,24930.6500000000,24931.1500000000
1790855442179,24929.6500000000,24930.1500000000
1790855442380,24928.6500000000,24929.1500000000
1790855442987,24927.6500000000,24928.1500000000
1790855443999,24928.6500000000,24929.1500000000
1790855445210,24929.6500000000,24930.1500000000
1790855445616,24927.6500000000,24928.1500000000
1790855445819,24928.6500000000,24929.1500000000
1790855446426,24927.6500000000,24928.1500000000
1790855447233,24928.6500000000,24929.1500000000
1790855447437,24929.6500000000,24930.1500000000
1790855448042,24930.6500000000,24931.1500000000
1790855449856,24929.6500000000,24930.1500000000
1790855450059,24930.6500000000,24931.1500000000
1790855450461,24929.6500000000,24930.1500000000
1790855450664,24930.6500000000,24931.1500000000
1790855450864,24931.6500000000,24932.1500000000
1790855451471,24930.6500000000,24931.1500000000
1790855451672,24931.6500000000,24932.1500000000
1790855451873,24929.6500000000,24930.1500000000
1790855452683,24928.6500000000,24929.1500000000
1790855452887,24929.6500000000,24930.1500000000
1790855453090,24928.6500000000,24929.1500000000
1790855453495,24929.6500000000,24930.1500000000
1790855454102,24928.6500000000,24929.1500000000
1790855454305,24929.6500000000,24930.1500000000
1790855454506,24930.6500000000,24931.1500000000
1790855454708,24929.6500000000,24930.1500000000
1790855456527,24928.6500000000,24929.1500000000
1790855456730,24929.6500000000,24930.1500000000
1790855457132,24928.6500000000,24929.1500000000
1790855457539,24927.6500000000,24928.1500000000
1790855457940,24926.6500000000,24927.1500000000
1790855458547,24925.6500000000,24926.1500000000
1790855458748,24926.6500000000,24927.1500000000
1790855459159,24925.6500000000,24926.1500000000
1790855459761,24924.6500000000,24925.1500000000
1790855460166,24924.6500000000,24925.1500000000
1790855460368,24925.6500000000,24926.1500000000
1790855460570,24926.6500000000,24927.1500000000
1790855462795,24927.6500000000,24928.1500000000
1790855463809,24928.6500000000,24929.1500000000
1790855464012,24929.6500000000,24930.1500000000
1790855464216,24928.6500000000,24929.1500000000
1790855465229,24929.6500000000,24930.1500000000
1790855465432,24928.6500000000,24929.1500000000
1790855465640,24929.6500000000,24930.1500000000
1790855466038,24928.6500000000,24929.1500000000
1790855467454,24927.6500000000,24928.1500000000
1790855467656,24926.6500000000,24927.1500000000
1790855467859,24925.6500000000,24926.1500000000
1790855468265,24923.6500000000,24924.1500000000
1790855469276,24922.6500000000,24923.1500000000
1790855469683,24920.6500000000,24921.1500000000
1790855469886,24921.6500000000,24922.1500000000
1790855470086,24920.6500000000,24921.1500000000
1790855470694,24919.6500000000,24920.1500000000
1790855470897,24920.6500000000,24921.1500000000
1790855471300,24919.6500000000,24920.1500000000
1790855471502,24920.6500000000,24921.1500000000
1790855471704,24919.6500000000,24920.1500000000
1790855472311,24918.6500000000,24919.1500000000
1790855472916,24919.6500000000,24920.1500000000
1790855473118,24917.6500000000,24918.1500000000
1790855474129,24919.6500000000,24920.1500000000
1790855474331,24918.6500000000,24919.1500000000
1790855474735,24919.6500000000,24920.1500000000
1790855475544,24918.6500000000,24919.1500000000
1790855477159,24917.6500000000,24918.1500000000
1790855477361,24918.6500000000,24919.1500000000
1790855477563,24919.6500000000,24920.1500000000
1790855478572,24918.6500000000,24919.1500000000
1790855478776,24917.6500000000,24918.1500000000
1790855478976,24918.6500000000,24919.1500000000
1790855479986,24919.6500000000,24920.1500000000
1790855480186,24920.6500000000,24921.1500000000
1790855480792,24918.6500000000,24919.1500000000
1790855480997,24919.6500000000,24920.1500000000
1790855481199,24918.6500000000,24919.1500000000
1790855481403,24917.6500000000,24918.1500000000
1790855483020,24918.6500000000,24919.1500000000
1790855484236,24919.6500000000,24920.1500000000
1790855484842,24918.6500000000,24919.1500000000
1790855485044,24919.6500000000,24920.1500000000
1790855485247,24918.6500000000,24919.1500000000
1790855485448,24919.6500000000,24920.1500000000
1790855486256,24918.6500000000,24919.1500000000
1790855486460,24917.6500000000,24918.1500000000
1790855487269,24915.6500000000,24916.1500000000
1790855487473,24916.6500000000,24917.1500000000
1790855488080,24915.6500000000,24916.1500000000
1790855489697,24914.6500000000,24915.1500000000
1790855490301,24915.6500000000,24916.1500000000
1790855491108,24914.6500000000,24915.1500000000
1790855491916,24915.6500000000,24916.1500000000
1790855493128,24914.6500000000,24915.1500000000
1790855493335,24915.6500000000,24916.1500000000
1790855493532,24914.6500000000,24915.1500000000
1790855493936,24913.6500000000,24914.1500000000
1790855494138,24909.6500000000,24910.1500000000
1790855494946,24907.6500000000,24908.1500000000
1790855495149,24908.6500000000,24909.1500000000
1790855495351,24907.6500000000,24908.1500000000
1790855497573,24906.6500000000,24907.1500000000
1790855498584,24907.6500000000,24908.1500000000
1790855498787,24916.6500000000,24917.1500000000
1790855498990,24921.6500000000,24922.1500000000
1790855499195,24928.6500000000,24929.1500000000
1790855499395,24927.6500000000,24928.1500000000
1790855499597,24926.6500000000,24927.1500000000
1790855500004,24925.6500000000,24926.1500000000
1790855500203,24922.6500000000,24923.1500000000
1790855500606,24920.6500000000,24921.1500000000
1790855500807,24919.6500000000,24920.1500000000
1790855501010,24918.6500000000,24919.1500000000
1790855503035,24917.6500000000,24918.1500000000
1790855503439,24918.6500000000,24919.1500000000
1790855503642,24919.6500000000,24920.1500000000
1790855504852,24918.6500000000,24919.1500000000
1790855505060,24920.6500000000,24921.1500000000
1790855505459,24919.6500000000,24920.1500000000
1790855507275,24920.6500000000,24921.1500000000
1790855507476,24919.6500000000,24920.1500000000
1790855507679,24920.6500000000,24921.1500000000
1790855508287,24919.6500000000,24920.1500000000
1790855508487,24922.6500000000,24923.1500000000
1790855508689,24920.6500000000,24921.1500000000
1790855509498,24919.6500000000,24920.1500000000
1790855510712,24922.6500000000,24923.1500000000
1790855510913,24921.6500000000,24922.1500000000
1790855511517,24922.6500000000,24923.1500000000
1790855512935,24923.6500000000,24924.1500000000
1790855513339,24922.6500000000,24923.1500000000
1790855513947,24921.6500000000,24922.1500000000
1790855514352,24922.6500000000,24923.1500000000
1790855514553,24921.6500000000,24922.1500000000
1790855515158,24922.6500000000,24923.1500000000
1790855515361,24923.6500000000,24924.1500000000
1790855515965,24922.6500000000,24923.1500000000
1790855516171,24921.6500000000,24922.1500000000
1790855516375,24920.6500000000,24921.1500000000
1790855516575,24921.6500000000,24922.1500000000
1790855516778,24920.6500000000,24921.1500000000
1790855516982,24921.6500000000,24922.1500000000
1790855517184,24922.6500000000,24923.1500000000
1790855517993,24923.6500000000,24924.1500000000
1790855518193,24922.6500000000,24923.1500000000
1790855518605,24921.6500000000,24922.1500000000
1790855519810,24922.6500000000,24923.1500000000
1790855520215,24922.6500000000,24923.1500000000
1790855520421,24921.6500000000,24922.1500000000
1790855520620,24922.6500000000,24923.1500000000
1790855521226,24923.6500000000,24924.1500000000
1790855521429,24922.6500000000,24923.1500000000
1790855521631,24923.6500000000,24924.1500000000
1790855522243,24924.6500000000,24925.1500000000
1790855522642,24923.6500000000,24924.1500000000
1790855522844,24924.6500000000,24925.1500000000
1790855523048,24926.6500000000,24927.1500000000
1790855524265,24924.6500000000,24925.1500000000
1790855524469,24923.6500000000,24924.1500000000
1790855524872,24924.6500000000,24925.1500000000
1790855525075,24925.6500000000,24926.1500000000
1790855525480,24924.6500000000,24925.1500000000
1790855527302,24923.6500000000,24924.1500000000
1790855527707,24922.6500000000,24923.1500000000
1790855527908,24927.6500000000,24928.1500000000
1790855528313,24926.6500000000,24927.1500000000
1790855530333,24925.6500000000,24926.1500000000
1790855530535,24926.6500000000,24927.1500000000
1790855531140,24929.6500000000,24930.1500000000
1790855531343,24927.6500000000,24928.1500000000
1790855531546,24928.6500000000,24929.1500000000
1790855531745,24930.6500000000,24931.1500000000
1790855531948,24929.6500000000,24930.1500000000
1790855532556,24930.6500000000,24931.1500000000
1790855532756,24929.6500000000,24930.1500000000
1790855533161,24927.6500000000,24928.1500000000
1790855533364,24926.6500000000,24927.1500000000
1790855533972,24925.6500000000,24926.1500000000
1790855535387,24926.6500000000,24927.1500000000
1790855536402,24927.6500000000,24928.1500000000
1790855536603,24928.6500000000,24929.1500000000
1790855536807,24927.6500000000,24928.1500000000
1790855537009,24928.6500000000,24929.1500000000
1790855537211,24927.6500000000,24928.1500000000
1790855537412,24928.6500000000,24929.1500000000
1790855538021,24929.6500000000,24930.1500000000
1790855538225,24930.6500000000,24931.1500000000
1790855539033,24931.6500000000,24932.1500000000
1790855540245,24930.6500000000,24931.1500000000
1790855540649,24929.6500000000,24930.1500000000
1790855541255,24930.6500000000,24931.1500000000
1790855541455,24931.6500000000,24932.1500000000
1790855541860,24932.6500000000,24933.1500000000
1790855542267,24931.6500000000,24932.1500000000
1790855543077,24929.6500000000,24930.1500000000
1790855543277,24930.6500000000,24931.1500000000
1790855544088,24931.6500000000,24932.1500000000
1790855544494,24932.6500000000,24933.1500000000
1790855545100,24934.6500000000,24935.1500000000
1790855545507,24933.6500000000,24934.1500000000
1790855546121,24931.6500000000,24932.1500000000
1790855546315,24932.6500000000,24933.1500000000
1790855546519,24931.6500000000,24932.1500000000
1790855546923,24932.6500000000,24933.1500000000
1790855547125,24931.6500000000,24932.1500000000
1790855547734,24930.6500000000,24931.1500000000
1790855548341,24929.6500000000,24930.1500000000
1790855548543,24930.6500000000,24931.1500000000
1790855549354,24928.6500000000,24929.1500000000
1790855549756,24929.6500000000,24930.1500000000
1790855549959,24928.6500000000,24929.1500000000
1790855550566,24929.6500000000,24930.1500000000
1790855550972,24928.6500000000,24929.1500000000
1790855551578,24929.6500000000,24930.1500000000
1790855551982,24932.6500000000,24933.1500000000
1790855552795,24929.6500000000,24930.1500000000
1790855553403,24930.6500000000,24931.1500000000
1790855553809,24929.6500000000,24930.1500000000
1790855554615,24928.6500000000,24929.1500000000
1790855556028,24927.6500000000,24928.1500000000
1790855556233,24928.6500000000,24929.1500000000
1790855556635,24926.6500000000,24927.1500000000
1790855556838,24927.6500000000,24928.1500000000
1790855557246,24926.6500000000,24927.1500000000
1790855557446,24927.6500000000,24928.1500000000
1790855557853,24926.6500000000,24927.1500000000
1790855558055,24927.6500000000,24928.1500000000
1790855558256,24926.6500000000,24927.1500000000
1790855559473,24925.6500000000,24926.1500000000
1790855559879,24926.6500000000,24927.1500000000
1790855560080,24925.6500000000,24926.1500000000
1790855560483,24926.6500000000,24927.1500000000
1790855561493,24925.6500000000,24926.1500000000
1790855562706,24924.6500000000,24925.1500000000
1790855563312,24923.6500000000,24924.1500000000
1790855563515,24924.6500000000,24925.1500000000
1790855563717,24926.6500000000,24927.1500000000
1790855564122,24925.6500000000,24926.1500000000
1790855564526,24924.6500000000,24925.1500000000
1790855564728,24925.6500000000,24926.1500000000
1790855564930,24926.6500000000,24927.1500000000
1790855565739,24928.6500000000,24929.1500000000
1790855565943,24927.6500000000,24928.1500000000
1790855566346,24928.6500000000,24929.1500000000
1790855566549,24927.6500000000,24928.1500000000
1790855566951,24928.6500000000,24929.1500000000
1790855567154,24926.6500000000,24927.1500000000
1790855567964,24925.6500000000,24926.1500000000
1790855568370,24926.6500000000,24927.1500000000
1790855569582,24925.6500000000,24926.1500000000
1790855569783,24924.6500000000,24925.1500000000
1790855570189,24926.6500000000,24927.1500000000
1790855570388,24925.6500000000,24926.1500000000
1790855570590,24926.6500000000,24927.1500000000
1790855571608,24925.6500000000,24926.1500000000
1790855571811,24926.6500000000,24927.1500000000
1790855572008,24927.6500000000,24928.1500000000
1790855572211,24926.6500000000,24927.1500000000
1790855572412,24925.6500000000,24926.1500000000
1790855574029,24924.6500000000,24925.1500000000
1790855574636,24926.6500000000,24927.1500000000
1790855574840,24925.6500000000,24926.1500000000
1790855575646,24924.6500000000,24925.1500000000
1790855576456,24925.6500000000,24926.1500000000
1790855576659,24924.6500000000,24925.1500000000
1790855577267,24925.6500000000,24926.1500000000
1790855577468,24926.6500000000,24927.1500000000
1790855578278,24927.6500000000,24928.1500000000
1790855578479,24926.6500000000,24927.1500000000
1790855578681,24927.6500000000,24928.1500000000
1790855579285,24926.6500000000,24927.1500000000
1790855580093,24927.6500000000,24928.1500000000
1790855580298,24926.6500000000,24927.1500000000
1790855580702,24927.6500000000,24928.1500000000
1790855580904,24928.6500000000,24929.1500000000
1790855581106,24927.6500000000,24928.1500000000
1790855581713,24926.6500000000,24927.1500000000
1790855581916,24927.6500000000,24928.1500000000
1790855582321,24926.6500000000,24927.1500000000
1790855582521,24925.6500000000,24926.1500000000
1790855582925,24924.6500000000,24925.1500000000
1790855583536,24922.6500000000,24923.1500000000
1790855583740,24920.6500000000,24921.1500000000
1790855583942,24919.6500000000,24920.1500000000
1790855584149,24918.6500000000,24919.1500000000
1790855584346,24919.6500000000,24920.1500000000
1790855584548,24920.6500000000,24921.1500000000
1790855584752,24923.6500000000,24924.1500000000
1790855585362,24924.6500000000,24925.1500000000
1790855585765,24923.6500000000,24924.1500000000
1790855585966,24924.6500000000,24925.1500000000
1790855586168,24925.6500000000,24926.1500000000
1790855587178,24924.6500000000,24925.1500000000
1790855587380,24925.6500000000,24926.1500000000
1790855587582,24924.6500000000,24925.1500000000
1790855587986,24922.6500000000,24923.1500000000
1790855588187,24921.6500000000,24922.1500000000
1790855588793,24920.6500000000,24921.1500000000
1790855588995,24921.6500000000,24922.1500000000
1790855589197,24920.6500000000,24921.1500000000
1790855590409,24919.6500000000,24920.1500000000
1790855590611,24918.6500000000,24919.1500000000
1790855591015,24919.6500000000,24920.1500000000
1790855592028,24918.6500000000,24919.1500000000
1790855592230,24919.6500000000,24920.1500000000
1790855592433,24918.6500000000,24919.1500000000
1790855593242,24917.6500000000,24918.1500000000
1790855593446,24916.6500000000,24917.1500000000
1790855594456,24915.6500000000,24916.1500000000
1790855594861,24916.6500000000,24917.1500000000
1790855595266,24917.6500000000,24918.1500000000
1790855596276,24916.6500000000,24917.1500000000
1790855596479,24915.6500000000,24916.1500000000
1790855596682,24917.6500000000,24918.1500000000
1790855597491,24918.6500000000,24919.1500000000
1790855597894,24919.6500000000,24920.1500000000
1790855598097,24917.6500000000,24918.1500000000
1790855598705,24916.6500000000,24917.1500000000
1790855599107,24917.6500000000,24918.1500000000
1790855600122,24919.6500000000,24920.1500000000
1790855601131,24920.6500000000,24921.1500000000
1790855601335,24918.6500000000,24919.1500000000
1790855602144,24919.6500000000,24920.1500000000
1790855602550,24916.6500000000,24917.1500000000
1790855603558,24915.6500000000,24916.1500000000
1790855604365,24916.6500000000,24917.1500000000
1790855605781,24917.6500000000,24918.1500000000
1790855606793,24918.6500000000,24919.1500000000
1790855606998,24917.6500000000,24918.1500000000
1790855607200,24920.6500000000,24921.1500000000
1790855607403,24919.6500000000,24920.1500000000
1790855608210,24920.6500000000,24921.1500000000
1790855608614,24918.6500000000,24919.1500000000
1790855609422,24919.6500000000,24920.1500000000
1790855609626,24917.6500000000,24918.1500000000
1790855609827,24918.6500000000,24919.1500000000
1790855610230,24919.6500000000,24920.1500000000
1790855610638,24918.6500000000,24919.1500000000
1790855611648,24915.6500000000,24916.1500000000
1790855611851,24914.6500000000,24915.1500000000
1790855612257,24916.6500000000,24917.1500000000
1790855612459,24918.6500000000,24919.1500000000
1790855614884,24916.6500000000,24917.1500000000
1790855617716,24918.6500000000,24919.1500000000
1790855617912,24916.6500000000,24917.1500000000
1790855618720,24918.6500000000,24919.1500000000
1790855618926,24919.6500000000,24920.1500000000
1790855619126,24918.6500000000,24919.1500000000
1790855619328,24919.6500000000,24920.1500000000
1790855619531,24918.6500000000,24919.1500000000
1790855620137,24917.6500000000,24918.1500000000
1790855620338,24918.6500000000,24919.1500000000
1790855621553,24916.6500000000,24917.1500000000
1790855621958,24915.6500000000,24916.1500000000
1790855622562,24914.6500000000,24915.1500000000
1790855622765,24915.6500000000,24916.1500000000
1790855623167,24916.6500000000,24917.1500000000
1790855623370,24915.6500000000,24916.1500000000
1790855623777,24916.6500000000,24917.1500000000
1790855623978,24915.6500000000,24916.1500000000
1790855624180,24916.6500000000,24917.1500000000
1790855624384,24915.6500000000,24916.1500000000
1790855624586,24913.6500000000,24914.1500000000
1790855624789,24914.6500000000,24915.1500000000
1790855625596,24913.6500000000,24914.1500000000
1790855626000,24914.6500000000,24915.1500000000
1790855626204,24915.6500000000,24916.1500000000
1790855626607,24917.6500000000,24918.1500000000
1790855627012,24916.6500000000,24917.1500000000
1790855627417,24917.6500000000,24918.1500000000
1790855627621,24915.6500000000,24916.1500000000
1790855628025,24916.6500000000,24917.1500000000
1790855628227,24918.6500000000,24919.1500000000
1790855628427,24917.6500000000,24918.1500000000
1790855628833,24916.6500000000,24917.1500000000
1790855629037,24917.6500000000,24918.1500000000
1790855629238,24918.6500000000,24919.1500000000
1790855629441,24919.6500000000,24920.1500000000
1790855630046,24918.6500000000,24919.1500000000
1790855630250,24919.6500000000,24920.1500000000
1790855630853,24920.6500000000,24921.1500000000
1790855631057,24919.6500000000,24920.1500000000
1790855631665,24917.6500000000,24918.1500000000
1790855634090,24916.6500000000,24917.1500000000
1790855634497,24917.6500000000,24918.1500000000
1790855634901,24915.6500000000,24916.1500000000
1790855635106,24916.6500000000,24917.1500000000
1790855635308,24915.6500000000,24916.1500000000
1790855636517,24916.6500000000,24917.1500000000
1790855638337,24917.6500000000,24918.1500000000
1790855640162,24916.6500000000,24917.1500000000
1790855641163,24915.6500000000,24916.1500000000
1790855641568,24914.6500000000,24915.1500000000
1790855641773,24915.6500000000,24916.1500000000
1790855642177,24913.6500000000,24914.1500000000
1790855642382,24915.6500000000,24916.1500000000
1790855642583,24916.6500000000,24917.1500000000
1790855642988,24918.6500000000,24919.1500000000
1790855643189,24919.6500000000,24920.1500000000
1790855643597,24920.6500000000,24921.1500000000
1790855643798,24921.6500000000,24922.1500000000
1790855644000,24922.6500000000,24923.1500000000
1790855645213,24923.6500000000,24924.1500000000
1790855645417,24922.6500000000,24923.1500000000
1790855646631,24921.6500000000,24922.1500000000
1790855646834,24920.6500000000,24921.1500000000
1790855647036,24921.6500000000,24922.1500000000
1790855647237,24919.6500000000,24920.1500000000
1790855648044,24920.6500000000,24921.1500000000
1790855648448,24919.6500000000,24920.1500000000
1790855649462,24920.6500000000,24921.1500000000
1790855649667,24919.6500000000,24920.1500000000
1790855649868,24920.6500000000,24921.1500000000
1790855650271,24919.6500000000,24920.1500000000
1790855650476,24920.6500000000,24921.1500000000
1790855651287,24919.6500000000,24920.1500000000
1790855651488,24920.6500000000,24921.1500000000
1790855652296,24919.6500000000,24920.1500000000
1790855652702,24920.6500000000,24921.1500000000
1790855653510,24919.6500000000,24920.1500000000
1790855653915,24918.6500000000,24919.1500000000
1790855654525,24917.6500000000,24918.1500000000
1790855654725,24918.6500000000,24919.1500000000
1790855654927,24920.6500000000,24921.1500000000
1790855655130,24919.6500000000,24920.1500000000
1790855655333,24921.6500000000,24922.1500000000
1790855655534,24920.6500000000,24921.1500000000
1790855655939,24919.6500000000,24920.1500000000
1790855657356,24918.6500000000,24919.1500000000
1790855657558,24919.6500000000,24920.1500000000
1790855657761,24918.6500000000,24919.1500000000
1790855658166,24919.6500000000,24920.1500000000
1790855659178,24918.6500000000,24919.1500000000
1790855659377,24919.6500000000,24920.1500000000
1790855659580,24921.6500000000,24922.1500000000
1790855662814,24919.6500000000,24920.1500000000
1790855663619,24920.6500000000,24921.1500000000
1790855664223,24919.6500000000,24920.1500000000
1790855665031,24918.6500000000,24919.1500000000
1790855665233,24919.6500000000,24920.1500000000
1790855666041,24918.6500000000,24919.1500000000
1790855667053,24917.6500000000,24918.1500000000
1790855668064,24919.6500000000,24920.1500000000
1790855668265,24918.6500000000,24919.1500000000
1790855668873,24920.6500000000,24921.1500000000
1790855669076,24921.6500000000,24922.1500000000
1790855669279,24920.6500000000,24921.1500000000
1790855669481,24921.6500000000,24922.1500000000
1790855669885,24920.6500000000,24921.1500000000
1790855670086,24921.6500000000,24922.1500000000
1790855670286,24920.6500000000,24921.1500000000
1790855671097,24919.6500000000,24920.1500000000
1790855672313,24918.6500000000,24919.1500000000
1790855672922,24919.6500000000,24920.1500000000
1790855674545,24918.6500000000,24919.1500000000
1790855675356,24919.6500000000,24920.1500000000
1790855675966,24918.6500000000,24919.1500000000
1790855676169,24917.6500000000,24918.1500000000
1790855676370,24918.6500000000,24919.1500000000
1790855676976,24917.6500000000,24918.1500000000
1790855677179,24915.6500000000,24916.1500000000
1790855677582,24916.6500000000,24917.1500000000
1790855677784,24915.6500000000,24916.1500000000
1790855678391,24914.6500000000,24915.1500000000
1790855678793,24915.6500000000,24916.1500000000
1790855678994,24914.6500000000,24915.1500000000
1790855679399,24915.6500000000,24916.1500000000
1790855680006,24914.6500000000,24915.1500000000
1790855682227,24913.6500000000,24914.1500000000
1790855682429,24914.6500000000,24915.1500000000
1790855682632,24913.6500000000,24914.1500000000
1790855682837,24911.6500000000,24912.1500000000
1790855683645,24910.6500000000,24911.1500000000
1790855683849,24911.6500000000,24912.1500000000
1790855684457,24910.6500000000,24911.1500000000
1790855685267,24911.6500000000,24912.1500000000
1790855685872,24910.6500000000,24911.1500000000
1790855686075,24909.6500000000,24910.1500000000
1790855686279,24910.6500000000,24911.1500000000
1790855686681,24909.6500000000,24910.1500000000
1790855687085,24908.6500000000,24909.1500000000
1790855687288,24907.6500000000,24908.1500000000
1790855687489,24908.6500000000,24909.1500000000
1790855688098,24909.6500000000,24910.1500000000
1790855688301,24910.6500000000,24911.1500000000
1790855688706,24909.6500000000,24910.1500000000
1790855690121,24910.6500000000,24911.1500000000
1790855691134,24912.6500000000,24913.1500000000
1790855692549,24913.6500000000,24914.1500000000
1790855692753,24911.6500000000,24912.1500000000
1790855693158,24912.6500000000,24913.1500000000
1790855693368,24911.6500000000,24912.1500000000
1790855694780,24910.6500000000,24911.1500000000
1790855695183,24909.6500000000,24910.1500000000
1790855695385,24910.6500000000,24911.1500000000
1790855695988,24911.6500000000,24912.1500000000
1790855696191,24912.6500000000,24913.1500000000
1790855696595,24914.6500000000,24915.1500000000
1790855697201,24915.6500000000,24916.1500000000
1790855697403,24914.6500000000,24915.1500000000
1790855697807,24915.6500000000,24916.1500000000
1790855698821,24917.6500000000,24918.1500000000
1790855699430,24918.6500000000,24919.1500000000
1790855700038,24919.6500000000,24920.1500000000
1790855700241,24918.6500000000,24919.1500000000
1790855700646,24920.6500000000,24921.1500000000
1790855701052,24921.6500000000,24922.1500000000
1790855702062,24920.6500000000,24921.1500000000
1790855702877,24922.6500000000,24923.1500000000
1790855703280,24923.6500000000,24924.1500000000
1790855703481,24924.6500000000,24925.1500000000
1790855703687,24923.6500000000,24924.1500000000
1790855704699,24924.6500000000,24925.1500000000
1790855706519,24923.6500000000,24924.1500000000
1790855707328,24924.6500000000,24925.1500000000
1790855707530,24926.6500000000,24927.1500000000
1790855707733,24925.6500000000,24926.1500000000
1790855709551,24927.6500000000,24928.1500000000
1790855709753,24928.6500000000,24929.1500000000
1790855710156,24929.6500000000,24930.1500000000
1790855710360,24928.6500000000,24929.1500000000
1790855710970,24929.6500000000,24930.1500000000
1790855711373,24928.6500000000,24929.1500000000
1790855711980,24927.6500000000,24928.1500000000
1790855713192,24928.6500000000,24929.1500000000
1790855713598,24927.6500000000,24928.1500000000
1790855714203,24926.6500000000,24927.1500000000
1790855715214,24927.6500000000,24928.1500000000
1790855715415,24926.6500000000,24927.1500000000
1790855716630,24927.6500000000,24928.1500000000
1790855716833,24926.6500000000,24927.1500000000
1790855717237,24927.6500000000,24928.1500000000
1790855717639,24928.6500000000,24929.1500000000
1790855718449,24927.6500000000,24928.1500000000
1790855719870,24928.6500000000,24929.1500000000
1790855720678,24930.6500000000,24931.1500000000
1790855721891,24931.6500000000,24932.1500000000
1790855722093,24930.6500000000,24931.1500000000
1790855722500,24928.6500000000,24929.1500000000
1790855723109,24927.6500000000,24928.1500000000
1790855723514,24928.6500000000,24929.1500000000
1790855724732,24929.6500000000,24930.1500000000
1790855724935,24928.6500000000,24929.1500000000
1790855725742,24927.6500000000,24928.1500000000
1790855725944,24929.6500000000,24930.1500000000
1790855727157,24930.6500000000,24931.1500000000
1790855727768,24931.6500000000,24932.1500000000
1790855728578,24934.6500000000,24935.1500000000
1790855728780,24932.6500000000,24933.1500000000
1790855729996,24934.6500000000,24935.1500000000
1790855730804,24933.6500000000,24934.1500000000
1790855731210,24932.6500000000,24933.1500000000
1790855732015,24933.6500000000,24934.1500000000
1790855732216,24932.6500000000,24933.1500000000
1790855733230,24933.6500000000,24934.1500000000
1790855733433,24934.6500000000,24935.1500000000
1790855733837,24935.6500000000,24936.1500000000
1790855735052,24936.6500000000,24937.1500000000
1790855739506,24937.6500000000,24938.1500000000
1790855739707,24938.6500000000,24939.1500000000
1790855739909,24939.6500000000,24940.1500000000
1790855741327,24938.6500000000,24939.1500000000
1790855741934,24939.6500000000,24940.1500000000
1790855742338,24938.6500000000,24939.1500000000
1790855743149,24937.6500000000,24938.1500000000
1790855743351,24938.6500000000,24939.1500000000
1790855744563,24937.6500000000,24938.1500000000
1790855744765,24938.6500000000,24939.1500000000
1790855745372,24939.6500000000,24940.1500000000
1790855745572,24938.6500000000,24939.1500000000
1790855746379,24939.6500000000,24940.1500000000
1790855747387,24938.6500000000,24939.1500000000
1790855747589,24939.6500000000,24940.1500000000
1790855748195,24936.6500000000,24937.1500000000
1790855750421,24935.6500000000,24936.1500000000
1790855750624,24936.6500000000,24937.1500000000
1790855751229,24935.6500000000,24936.1500000000
1790855751634,24936.6500000000,24937.1500000000
1790855752243,24939.6500000000,24940.1500000000
1790855752444,24938.6500000000,24939.1500000000
1790855753252,24941.6500000000,24942.1500000000
1790855753454,24942.6500000000,24943.1500000000
1790855753656,24943.6500000000,24944.1500000000
1790855754263,24942.6500000000,24943.1500000000
1790855754668,24943.6500000000,24944.1500000000
1790855756282,24942.6500000000,24943.1500000000
1790855757092,24941.6500000000,24942.1500000000
1790855757295,24940.6500000000,24941.1500000000
1790855758103,24941.6500000000,24942.1500000000
1790855758504,24942.6500000000,24943.1500000000
1790855760116,24942.6500000000,24943.1500000000
1790855760522,24944.6500000000,24945.1500000000
1790855760926,24945.6500000000,24946.1500000000
1790855761127,24946.6500000000,24947.1500000000
1790855761330,24945.6500000000,24946.1500000000
1790855761733,24947.6500000000,24948.1500000000
1790855762139,24949.6500000000,24950.1500000000
1790855762945,24950.6500000000,24951.1500000000
1790855764369,24951.6500000000,24952.1500000000
1790855764571,24950.6500000000,24951.1500000000
1790855766190,24949.6500000000,24950.1500000000
1790855766393,24948.6500000000,24949.1500000000
1790855767607,24947.6500000000,24948.1500000000
1790855769834,24948.6500000000,24949.1500000000
1790855770035,24947.6500000000,24948.1500000000
1790855770440,24948.6500000000,24949.1500000000
1790855771247,24950.6500000000,24951.1500000000
1790855771448,24951.6500000000,24952.1500000000
1790855772260,24950.6500000000,24951.1500000000
1790855773067,24951.6500000000,24952.1500000000
1790855773471,24950.6500000000,24951.1500000000
1790855773674,24951.6500000000,24952.1500000000
1790855775498,24950.6500000000,24951.1500000000
1790855776310,24949.6500000000,24950.1500000000
1790855777118,24950.6500000000,24951.1500000000
1790855777321,24949.6500000000,24950.1500000000
1790855778331,24951.6500000000,24952.1500000000
1790855778734,24952.6500000000,24953.1500000000
1790855779340,24951.6500000000,24952.1500000000
1790855779972,24950.6500000000,24951.1500000000
1790855780579,24949.6500000000,24950.1500000000
1790855781791,24948.6500000000,24949.1500000000
1790855782197,24946.6500000000,24947.1500000000
1790855783005,24945.6500000000,24946.1500000000
1790855785229,24944.6500000000,24945.1500000000
1790855786036,24943.6500000000,24944.1500000000
1790855786240,24945.6500000000,24946.1500000000
1790855786440,24946.6500000000,24947.1500000000
1790855786842,24948.6500000000,24949.1500000000
1790855787654,24949.6500000000,24950.1500000000
1790855787857,24948.6500000000,24949.1500000000
1790855788060,24949.6500000000,24950.1500000000
1790855788667,24948.6500000000,24949.1500000000
1790855788869,24947.6500000000,24948.1500000000
1790855789272,24948.6500000000,24949.1500000000
1790855789473,24947.6500000000,24948.1500000000
1790855790887,24948.6500000000,24949.1500000000
1790855791089,24947.6500000000,24948.1500000000
1790855791290,24948.6500000000,24949.1500000000
1790855792918,24947.6500000000,24948.1500000000
1790855794534,24948.6500000000,24949.1500000000
1790855794937,24949.6500000000,24950.1500000000
1790855795342,24948.6500000000,24949.1500000000
1790855795542,24949.6500000000,24950.1500000000
1790855796150,24950.6500000000,24951.1500000000
1790855796553,24949.6500000000,24950.1500000000
1790855796960,24950.6500000000,24951.1500000000
1790855798172,24948.6500000000,24949.1500000000
1790855798373,24949.6500000000,24950.1500000000
1790855798980,24950.6500000000,24951.1500000000
1790855799585,24949.6500000000,24950.1500000000
1790855799788,24952.6500000000,24953.1500000000
1790855799989,24951.6500000000,24952.1500000000
1790855800189,24950.6500000000,24951.1500000000
1790855800796,24951.6500000000,24952.1500000000
1790855802414,24950.6500000000,24951.1500000000
1790855802617,24952.6500000000,24953.1500000000
1790855802818,24950.6500000000,24951.1500000000
1790855803627,24951.6500000000,24952.1500000000
1790855803829,24950.6500000000,24951.1500000000
1790855804032,24949.6500000000,24950.1500000000
1790855804235,24948.6500000000,24949.1500000000
1790855805248,24947.6500000000,24948.1500000000
1790855807670,24948.6500000000,24949.1500000000
1790855808478,24947.6500000000,24948.1500000000
1790855808681,24949.6500000000,24950.1500000000
1790855809087,24950.6500000000,24951.1500000000
1790855811309,24951.6500000000,24952.1500000000
1790855811915,24950.6500000000,24951.1500000000
1790855812120,24949.6500000000,24950.1500000000
1790855812324,24948.6500000000,24949.1500000000
1790855812729,24949.6500000000,24950.1500000000
1790855812930,24948.6500000000,24949.1500000000
1790855813334,24947.6500000000,24948.1500000000
1790855815155,24945.6500000000,24946.1500000000
1790855815360,24944.6500000000,24945.1500000000
1790855816165,24942.6500000000,24943.1500000000
1790855816369,24943.6500000000,24944.1500000000
1790855816773,24944.6500000000,24945.1500000000
1790855816975,24943.6500000000,24944.1500000000
1790855817377,24944.6500000000,24945.1500000000
1790855817783,24943.6500000000,24944.1500000000
1790855817988,24944.6500000000,24945.1500000000
1790855818185,24943.6500000000,24944.1500000000
1790855819200,24942.6500000000,24943.1500000000
1790855819606,24944.6500000000,24945.1500000000
1790855819808,24942.6500000000,24943.1500000000
1790855820013,24944.6500000000,24945.1500000000
1790855820214,24943.6500000000,24944.1500000000
1790855820617,24942.6500000000,24943.1500000000
1790855821022,24941.6500000000,24942.1500000000
1790855821628,24942.6500000000,24943.1500000000
1790855822238,24941.6500000000,24942.1500000000
1790855822643,24942.6500000000,24943.1500000000
1790855823249,24941.6500000000,24942.1500000000
1790855823864,24943.6500000000,24944.1500000000
1790855824066,24944.6500000000,24945.1500000000
1790855824472,24946.6500000000,24947.1500000000
1790855824673,24944.6500000000,24945.1500000000
1790855825076,24942.6500000000,24943.1500000000
1790855825280,24944.6500000000,24945.1500000000
1790855825484,24943.6500000000,24944.1500000000
1790855826901,24942.6500000000,24943.1500000000
1790855827307,24947.6500000000,24948.1500000000
1790855827510,24945.6500000000,24946.1500000000
1790855828116,24946.6500000000,24947.1500000000
1790855828522,24947.6500000000,24948.1500000000
1790855829529,24949.6500000000,24950.1500000000
1790855830545,24950.6500000000,24951.1500000000
1790855830948,24952.6500000000,24953.1500000000
1790855831354,24953.6500000000,24954.1500000000
1790855832567,24954.6500000000,24955.1500000000
1790855832769,24953.6500000000,24954.1500000000
1790855835001,24951.6500000000,24952.1500000000
1790855835201,24950.6500000000,24951.1500000000
1790855835606,24951.6500000000,24952.1500000000
1790855836009,24953.6500000000,24954.1500000000
1790855836211,24955.6500000000,24956.1500000000
1790855836414,24954.6500000000,24955.1500000000
1790855837021,24955.6500000000,24956.1500000000
1790855837427,24956.6500000000,24957.1500000000
1790855837630,24955.6500000000,24956.1500000000
1790855837830,24956.6500000000,24957.1500000000
1790855838235,24954.6500000000,24955.1500000000
1790855838641,24955.6500000000,24956.1500000000
1790855839044,24956.6500000000,24957.1500000000
1790855839247,24958.6500000000,24959.1500000000
1790855839451,24957.6500000000,24958.1500000000
1790855839653,24958.6500000000,24959.1500000000
1790855840260,24957.6500000000,24958.1500000000
1790855840867,24958.6500000000,24959.1500000000
1790855841880,24955.6500000000,24956.1500000000
1790855842082,24956.6500000000,24957.1500000000
1790855842284,24954.6500000000,24955.1500000000
1790855843095,24956.6500000000,24957.1500000000
1790855843498,24955.6500000000,24956.1500000000
1790855843699,24956.6500000000,24957.1500000000
1790855844709,24955.6500000000,24956.1500000000
1790855844911,24954.6500000000,24955.1500000000
1790855845114,24956.6500000000,24957.1500000000
1790855845926,24955.6500000000,24956.1500000000
1790855846130,24956.6500000000,24957.1500000000
1790855846531,24955.6500000000,24956.1500000000
1790855847142,24956.6500000000,24957.1500000000
1790855847342,24957.6500000000,24958.1500000000
1790855847544,24956.6500000000,24957.1500000000
1790855847947,24957.6500000000,24958.1500000000
1790855848150,24958.6500000000,24959.1500000000
1790855848352,24957.6500000000,24958.1500000000
1790855848552,24958.6500000000,24959.1500000000
1790855848754,24959.6500000000,24960.1500000000
1790855848958,24958.6500000000,24959.1500000000
1790855849360,24960.6500000000,24961.1500000000
1790855849968,24959.6500000000,24960.1500000000
1790855850171,24958.6500000000,24959.1500000000
1790855851382,24959.6500000000,24960.1500000000
1790855851587,24958.6500000000,24959.1500000000
1790855852198,24959.6500000000,24960.1500000000
1790855852396,24958.6500000000,24959.1500000000
1790855853413,24959.6500000000,24960.1500000000
1790855853611,24960.6500000000,24961.1500000000
1790855853814,24958.6500000000,24959.1500000000
1790855854218,24959.6500000000,24960.1500000000
1790855854421,24958.6500000000,24959.1500000000
1790855855232,24957.6500000000,24958.1500000000
1790855856647,24958.6500000000,24959.1500000000
1790855857255,24959.6500000000,24960.1500000000
1790855857460,24958.6500000000,24959.1500000000
1790855858267,24956.6500000000,24957.1500000000
1790855860690,24955.6500000000,24956.1500000000
1790855861701,24954.6500000000,24955.1500000000
1790855862712,24955.6500000000,24956.1500000000
1790855864130,24954.6500000000,24955.1500000000
1790855865950,24953.6500000000,24954.1500000000
1790855866959,24955.6500000000,24956.1500000000
1790855867564,24954.6500000000,24955.1500000000
1790855868778,24953.6500000000,24954.1500000000
1790855869586,24952.6500000000,24953.1500000000
1790855870599,24951.6500000000,24952.1500000000
1790855870803,24952.6500000000,24953.1500000000
1790855871005,24951.6500000000,24952.1500000000
1790855871207,24952.6500000000,24953.1500000000
1790855871409,24951.6500000000,24952.1500000000
1790855872420,24950.6500000000,24951.1500000000
1790855873637,24952.6500000000,24953.1500000000
1790855875252,24951.6500000000,24952.1500000000
1790855876672,24950.6500000000,24951.1500000000
1790855876873,24951.6500000000,24952.1500000000
1790855877276,24949.6500000000,24950.1500000000
1790855877680,24948.6500000000,24949.1500000000
1790855879098,24949.6500000000,24950.1500000000
1790855879300,24948.6500000000,24949.1500000000
1790855879506,24947.6500000000,24948.1500000000
1790855879705,24948.6500000000,24949.1500000000
1790855880107,24948.6500000000,24949.1500000000
1790855880918,24951.6500000000,24952.1500000000
1790855881322,24952.6500000000,24953.1500000000
1790855881725,24950.6500000000,24951.1500000000
1790855882129,24951.6500000000,24952.1500000000
1790855882533,24950.6500000000,24951.1500000000
1790855883141,24951.6500000000,24952.1500000000
1790855884155,24950.6500000000,24951.1500000000
1790855884356,24951.6500000000,24952.1500000000
1790855885770,24950.6500000000,24951.1500000000
1790855886376,24948.6500000000,24949.1500000000
1790855887185,24950.6500000000,24951.1500000000
1790855889416,24949.6500000000,24950.1500000000
1790855890214,24948.6500000000,24949.1500000000
1790855890417,24949.6500000000,24950.1500000000
1790855890618,24950.6500000000,24951.1500000000
1790855892036,24949.6500000000,24950.1500000000
1790855892642,24948.6500000000,24949.1500000000
