time_msc,bid,ask
1790675291986,0.6994200000,0.6994400000
1790675299232,0.6994200000,0.6994600000
1790675299634,0.6994500000,0.6994700000
1790675300540,0.6994500000,0.6994800000
1790675300942,0.6994700000,0.6994900000
1790675302149,0.6994800000,0.6995000000
1790675302552,0.6994700000,0.6994900000
1790675305470,0.6994700000,0.6995000000
1790675305872,0.6994800000,0.6995000000
1790675310200,0.6995400000,0.6995600000
1790675312112,0.6995300000,0.6995600000
1790675312514,0.6995300000,0.6995500000
1790675312917,0.6995300000,0.6995400000
1790675314124,0.6995200000,0.6995400000
1790675316942,0.6994900000,0.6995100000
1790675317344,0.6994700000,0.6994900000
1790675319961,0.6994800000,0.6994900000
1790675320364,0.6994700000,0.6994900000
1790675320767,0.6994700000,0.6994800000
1790675321974,0.6994700000,0.6994900000
1790675322881,0.6994800000,0.6994900000
1790675323887,0.6994700000,0.6994900000
1790675324491,0.6994800000,0.6994900000
1790675324893,0.6994800000,0.6995000000
1790675326003,0.6995200000,0.6995400000
1790675329730,0.6995100000,0.6995400000
1790675330132,0.6995600000,0.6995700000
1790675330535,0.6995500000,0.6995700000
1790675331844,0.6995600000,0.6995700000
1790675332448,0.6995700000,0.6995800000
1790675332850,0.6995900000,0.6996100000
1790675335366,0.6995800000,0.6996100000
1790675336272,0.6996000000,0.6996100000
1790675336674,0.6995800000,0.6996000000
1790675337077,0.6995700000,0.6995900000
1790675337882,0.6995700000,0.6995800000
1790675338284,0.6995700000,0.6995900000
1790675339290,0.6995300000,0.6995600000
1790675339694,0.6995400000,0.6995600000
1790675340699,0.6995400000,0.6995600000
1790675342108,0.6995500000,0.6995700000
1790675343316,0.6995600000,0.6995800000
1790675344626,0.6995800000,0.6996100000
1790675345029,0.6995700000,0.6996100000
1790675348147,0.6995700000,0.6996000000
1790675351972,0.6995800000,0.6996000000
1790675352375,0.6995700000,0.6996000000
1790675352778,0.6995900000,0.6996100000
1790675359118,0.6995800000,0.6996000000
1790675359521,0.6995900000,0.6996000000
1790675359923,0.6995900000,0.6996100000
1790675360326,0.6995900000,0.6996000000
1790675360729,0.6995900000,0.6996100000
1790675367974,0.6995800000,0.6996100000
1790675370189,0.6995900000,0.6996000000
1790675372101,0.6995900000,0.6996100000
1790675372604,0.6995900000,0.6996000000
1790675373006,0.6995900000,0.6996100000
1790675375421,0.6995800000,0.6996000000
1790675375824,0.6996400000,0.6996600000
1790675376226,0.6996700000,0.6996800000
1790675376629,0.6996600000,0.6996900000
1790675377032,0.6996600000,0.6996800000
1790675377434,0.6996500000,0.6996700000
1790675378241,0.6996900000,0.6997100000
1790675378643,0.6996900000,0.6997200000
1790675379448,0.6997000000,0.6997200000
1790675380656,0.6997100000,0.6997300000
1790675381763,0.6997100000,0.6997400000
1790675383071,0.6997100000,0.6997200000
1790675383474,0.6997000000,0.6997200000
1790675383877,0.6997000000,0.6997300000
1790675384279,0.6997000000,0.6997200000
1790675385286,0.6997100000,0.6997300000
1790675385688,0.6997100000,0.6997400000
1790675388409,0.6997100000,0.6997300000
1790675388811,0.6997000000,0.6997300000
1790675390119,0.6997000000,0.6997200000
1790675390522,0.6996800000,0.6997000000
1790675392433,0.6996700000,0.6996800000
1790675398171,0.6996600000,0.6996800000
1790675399479,0.6996600000,0.6996900000
1790675399881,0.6996700000,0.6996900000
1790675400787,0.6996600000,0.6996900000
1790675401794,0.6996600000,0.6996800000
1790675403706,0.6996700000,0.6996900000
1790675404511,0.6996600000,0.6996900000
1790675405115,0.6996600000,0.6996800000
1790675408136,0.6996700000,0.6996800000
1790675412161,0.6996700000,0.6996900000
1790675412563,0.6996700000,0.6997000000
1790675412966,0.6996600000,0.6996900000
1790675413973,0.6996600000,0.6996800000
1790675424741,0.6996500000,0.6996800000
1790675425143,0.6996200000,0.6996400000
1790675425647,0.6996000000,0.6996400000
1790675426048,0.6996000000,0.6996300000
1790675427859,0.6996100000,0.6996400000
1790675428664,0.6996000000,0.6996400000
1790675429570,0.6996100000,0.6996400000
1790675430375,0.6995500000,0.6995800000
1790675430778,0.6995600000,0.6995900000
1790675431180,0.6995700000,0.6995900000
1790675431583,0.6995800000,0.6996000000
1790675434603,0.6995800000,0.6996100000
1790675435006,0.6995900000,0.6996100000
1790675435409,0.6995700000,0.6996000000
1790675440442,0.6994800000,0.6995100000
1790675440846,0.6994500000,0.6994800000
1790675441650,0.6994700000,0.6995000000
1790675442052,0.6994500000,0.6994800000
1790675442455,0.6994800000,0.6995000000
1790675443262,0.6994700000,0.6994900000
1790675443663,0.6994600000,0.6994900000
1790675444066,0.6994300000,0.6994500000
1790675445575,0.6994200000,0.6994500000
1790675447894,0.6994100000,0.6994400000
1790675448297,0.6994100000,0.6994300000
1790675448698,0.6994000000,0.6994300000
1790675451315,0.6994200000,0.6994400000
1790675452623,0.6993900000,0.6994300000
1790675453932,0.6994000000,0.6994300000
1790675454435,0.6993900000,0.6994300000
1790675456649,0.6994000000,0.6994300000
1790675458561,0.6994100000,0.6994300000
1790675458963,0.6993900000,0.6994300000
1790675459365,0.6994000000,0.6994300000
1790675459768,0.6994100000,0.6994300000
1790675460574,0.6994100000,0.6994400000
1790675460976,0.6994200000,0.6994400000
1790675461378,0.6994500000,0.6994700000
1790675461781,0.6994400000,0.6994700000
1790675462686,0.6994300000,0.6994600000
1790675463995,0.6994400000,0.6994600000
1790675464397,0.6994700000,0.6994900000
1790675464800,0.6994600000,0.6994900000
1790675465202,0.6994600000,0.6994800000
1790675467718,0.6994600000,0.6994900000
1790675468121,0.6994600000,0.6994800000
1790675470235,0.6994600000,0.6994900000
1790675470637,0.6994600000,0.6994800000
1790675471040,0.6994200000,0.6994400000
1790675471442,0.6994200000,0.6994500000
1790675475165,0.6994300000,0.6994500000
1790675475567,0.6994200000,0.6994500000
1790675476071,0.6994100000,0.6994400000
1790675476875,0.6994200000,0.6994400000
1790675477580,0.6994100000,0.6994400000
1790675477983,0.6993800000,0.6994200000
1790675478384,0.6993900000,0.6994200000
1790675480801,0.6993800000,0.6994200000
1790675482713,0.6993900000,0.6994200000
1790675484525,0.6994000000,0.6994200000
1790675484927,0.6993900000,0.6994200000
1790675487343,0.6993800000,0.6994200000
1790675487746,0.6993400000,0.6993700000
1790675488148,0.6993000000,0.6993300000
1790675488550,0.6992900000,0.6993200000
1790675489959,0.6993000000,0.6993300000
1790675490362,0.6993100000,0.6993300000
1790675491972,0.6993100000,0.6993400000
1790675492374,0.6993300000,0.6993500000
1790675498012,0.6993400000,0.6993500000
1790675498415,0.6993400000,0.6993600000
1790675499623,0.6993300000,0.6993600000
1790675507675,0.6993200000,0.6993600000
1790675508077,0.6993300000,0.6993500000
1790675508480,0.6993200000,0.6993500000
1790675510594,0.6993100000,0.6993400000
1790675510997,0.6993200000,0.6993400000
1790675511399,0.6993200000,0.6993500000
1790675513009,0.6993500000,0.6993800000
1790675513412,0.6993800000,0.6994000000
1790675514418,0.6993700000,0.6994000000
1790675515525,0.6993800000,0.6994200000
1790675516732,0.6993900000,0.6994200000
1790675518543,0.6994000000,0.6994200000
1790675519650,0.6994000000,0.6994300000
1790675520053,0.6994000000,0.6994300000
1790675521562,0.6994100000,0.6994300000
1790675521964,0.6994000000,0.6994200000
1790675523676,0.6993900000,0.6994200000
1790675524079,0.6994000000,0.6994200000
1790675528507,0.6993900000,0.6994100000
1790675530218,0.6993800000,0.6994100000
1790675530622,0.6993800000,0.6994000000
1790675534143,0.6993800000,0.6994100000
1790675534545,0.6993900000,0.6994100000
1790675535552,0.6994000000,0.6994300000
1790675537868,0.6994100000,0.6994300000
1790675538270,0.6994000000,0.6994300000
1790675538672,0.6994000000,0.6994200000
1790675539074,0.6994000000,0.6994300000
1790675543502,0.6994100000,0.6994300000
1790675544408,0.6994100000,0.6994400000
1790675544811,0.6994100000,0.6994300000
1790675545615,0.6994100000,0.6994400000
1790675546421,0.6994200000,0.6994500000
1790675547628,0.6994100000,0.6994400000
1790675548433,0.6994200000,0.6994400000
1790675548937,0.6994100000,0.6994400000
1790675549340,0.6994200000,0.6994500000
1790675550144,0.6994100000,0.6994400000
1790675550848,0.6994100000,0.6994300000
1790675554169,0.6994100000,0.6994400000
1790675554572,0.6994200000,0.6994400000
1790675557392,0.6994300000,0.6994400000
1790675559505,0.6994300000,0.6994500000
1790675559908,0.6994800000,0.6995000000
1790675560713,0.6994700000,0.6995000000
1790675566147,0.6994800000,0.6995000000
1790675566550,0.6994700000,0.6995000000
1790675570377,0.6994600000,0.6995000000
1790675570780,0.6993500000,0.6993800000
1790675571183,0.6993400000,0.6993800000
1790675571987,0.6993500000,0.6993800000
1790675572793,0.6993600000,0.6993900000
1790675573296,0.6993500000,0.6993900000
1790675574101,0.6993600000,0.6993900000
1790675580139,0.6993600000,0.6993900000
1790675581044,0.6993700000,0.6994000000
1790675581347,0.6993600000,0.6993900000
1790675588392,0.6994200000,0.6994500000
1790675589600,0.6993800000,0.6994100000
1790675592721,0.6993700000,0.6994100000
1790675593929,0.6993800000,0.6994100000
1790675594835,0.6993700000,0.6994100000
1790675596445,0.6993800000,0.6994100000
1790675600472,0.6993700000,0.6994100000
1790675600875,0.6993800000,0.6994100000
1790675603693,0.6993800000,0.6994200000
1790675604498,0.6994000000,0.6994300000
1790675604900,0.6994100000,0.6994300000
1790675605302,0.6993800000,0.6994100000
1790675606511,0.6993700000,0.6994100000
1790675606915,0.6993800000,0.6994100000
1790675609935,0.6993900000,0.6994300000
1790675610337,0.6994100000,0.6994300000
1790675611244,0.6994000000,0.6994300000
1790675611646,0.6993600000,0.6993900000
1790675615471,0.6993700000,0.6993900000
1790675617183,0.6993700000,0.6994000000
1790675618894,0.6993800000,0.6994000000
1790675621511,0.6993800000,0.6994100000
1790675623021,0.6993900000,0.6994100000
1790675623725,0.6993800000,0.6994100000
1790675624128,0.6993700000,0.6993900000
1790675624833,0.6993600000,0.6993900000
1790675630468,0.6993700000,0.6993900000
1790675630971,0.6993600000,0.6993900000
1790675631373,0.6993500000,0.6993900000
1790675631776,0.6993500000,0.6993800000
1790675633789,0.6993600000,0.6993800000
1790675634192,0.6993500000,0.6993800000
1790675634796,0.6993600000,0.6993800000
1790675635199,0.6993600000,0.6993900000
1790675635602,0.6993700000,0.6993900000
1790675639729,0.6993600000,0.6993900000
1790675640132,0.6993600000,0.6993900000
1790675642045,0.6993700000,0.6993900000
1790675643151,0.6993600000,0.6993900000
1790675647279,0.6993700000,0.6993900000
1790675649191,0.6993700000,0.6994000000
1790675650701,0.6993800000,0.6994000000
1790675653821,0.6993700000,0.6994000000
1790675654226,0.6994100000,0.6994300000
1790675654627,0.6994200000,0.6994400000
1790675662477,0.6994300000,0.6994500000
1790675666100,0.6994200000,0.6994400000
1790675668214,0.6994500000,0.6994700000
1790675673850,0.6994400000,0.6994700000
1790675676064,0.6994500000,0.6994700000
1790675676467,0.6994400000,0.6994700000
1790675677271,0.6994500000,0.6994800000
1790675678478,0.6994400000,0.6994800000
1790675678881,0.6994500000,0.6994800000
1790675680694,0.6994400000,0.6994700000
1790675681096,0.6994300000,0.6994600000
1790675681499,0.6994500000,0.6994800000
1790675687442,0.6994600000,0.6994800000
1790675688248,0.6994500000,0.6994800000
1790675688650,0.6994400000,0.6994800000
1790675689858,0.6994400000,0.6994700000
1790675690261,0.6994500000,0.6994700000
1790675690664,0.6994400000,0.6994700000
1790675691066,0.6994500000,0.6994700000
1790675691469,0.6994400000,0.6994700000
1790675695394,0.6994400000,0.6994800000
1790675695797,0.6994400000,0.6994700000
1790675696199,0.6994300000,0.6994600000
1790675696602,0.6994200000,0.6994500000
1790675697004,0.6994100000,0.6994500000
1790675700026,0.6994100000,0.6994500000
1790675700428,0.6994200000,0.6994500000
1790675700831,0.6994100000,0.6994400000
1790675701635,0.6994500000,0.6994700000
1790675702038,0.6994400000,0.6994700000
1790675702441,0.6994600000,0.6994800000
1790675702844,0.6994200000,0.6994500000
1790675705863,0.6994300000,0.6994500000
1790675710593,0.6994100000,0.6994400000
1790675713208,0.6994500000,0.6994700000
1790675714416,0.6994600000,0.6994800000
1790675715220,0.6994600000,0.6994700000
1790675717233,0.6994500000,0.6994700000
1790675718843,0.6994400000,0.6994600000
1790675724178,0.6994500000,0.6994700000
1790675725488,0.6994200000,0.6994400000
1790675726293,0.6994200000,0.6994500000
1790675726695,0.6994200000,0.6994400000
1790675727097,0.6994100000,0.6994300000
1790675734143,0.6994200000,0.6994300000
1790675734546,0.6994200000,0.6994400000
1790675736864,0.6994300000,0.6994500000
1790675737266,0.6994200000,0.6994400000
1790675737668,0.6994100000,0.6994400000
1790675740286,0.6994000000,0.6994300000
1790675740688,0.6994100000,0.6994300000
1790675743909,0.6994100000,0.6994400000
1790675747031,0.6993600000,0.6993800000
1790675749649,0.6993500000,0.6993800000
1790675751159,0.6993300000,0.6993400000
1790675752971,0.6993300000,0.6993600000
1790675753374,0.6993500000,0.6993700000
1790675754582,0.6993500000,0.6993800000
1790675754985,0.6993400000,0.6993700000
1790675755388,0.6993300000,0.6993500000
1790675761126,0.6993300000,0.6993500000
1790675761529,0.6993400000,0.6993600000
1790675762434,0.6993900000,0.6994000000
1790675762836,0.6994100000,0.6994300000
1790675769379,0.6994300000,0.6994400000
1790675770788,0.6994200000,0.6994400000
1790675771594,0.6994300000,0.6994500000
1790675775946,0.6994400000,0.6994500000
1790675776550,0.6994300000,0.6994500000
1790675782991,0.6994400000,0.6994500000
1790675783394,0.6994300000,0.6994500000
1790675786516,0.6994400000,0.6994500000
1790675787422,0.6994300000,0.6994500000
1790675787825,0.6994500000,0.6994700000
1790675788229,0.6994400000,0.6994700000
1790675788632,0.6994400000,0.6994600000
1790675792052,0.6994400000,0.6994700000
1790675792455,0.6994500000,0.6994700000
1790675795676,0.6994300000,0.6994600000
1790675796379,0.6994400000,0.6994600000
1790675798191,0.6994500000,0.6994700000
1790675803022,0.6994400000,0.6994700000
1790675803424,0.6994300000,0.6994600000
1790675803828,0.6994400000,0.6994600000
1790675804229,0.6994400000,0.6994700000
1790675808057,0.6994300000,0.6994700000
1790675808460,0.6994200000,0.6994400000
1790675809265,0.6994100000,0.6994400000
1790675810069,0.6994100000,0.6994300000
1790675812585,0.6994000000,0.6994300000
1790675813391,0.6994100000,0.6994300000
1790675814600,0.6994100000,0.6994400000
1790675815002,0.6994100000,0.6994300000
1790675815807,0.6994000000,0.6994200000
1790675816209,0.6993700000,0.6993900000
1790675816612,0.6993600000,0.6993900000
1790675817014,0.6993600000,0.6993800000
1790675817919,0.6993500000,0.6993800000
1790675818322,0.6993100000,0.6993300000
1790675818724,0.6992900000,0.6993200000
1790675819126,0.6993000000,0.6993200000
1790675819529,0.6992900000,0.6993200000
1790675819932,0.6993100000,0.6993300000
1790675820334,0.6993200000,0.6993400000
1790675821140,0.6993400000,0.6993600000
1790675821542,0.6993500000,0.6993700000
1790675821945,0.6993700000,0.6993900000
1790675822750,0.6993800000,0.6994000000
1790675823152,0.6993700000,0.6993900000
1790675823554,0.6993800000,0.6994000000
1790675826371,0.6994300000,0.6994500000
1790675826774,0.6994400000,0.6994600000
1790675832309,0.6994500000,0.6994700000
1790675839254,0.6994800000,0.6995000000
1790675842881,0.6994700000,0.6995000000
1790675844894,0.6994700000,0.6994900000
1790675846001,0.6994600000,0.6994900000
1790675846805,0.6994600000,0.6994800000
1790675850026,0.6994500000,0.6994800000
1790675850430,0.6994500000,0.6994700000
1790675853952,0.6994700000,0.6994800000
1790675854354,0.6994600000,0.6994800000
1790675864522,0.6994800000,0.6995000000
1790675864924,0.6994700000,0.6994900000
1790675866534,0.6994600000,0.6994800000
1790675867641,0.6994700000,0.6994900000
1790675880528,0.6994700000,0.6994900000
1790675883749,0.6994700000,0.6994800000
1790675884151,0.6994600000,0.6994800000
1790675891597,0.6994300000,0.6994500000
1790675891999,0.6994200000,0.6994400000
1790675897132,0.6994100000,0.6994300000
1790675897535,0.6994000000,0.6994200000
1790675897937,0.6993700000,0.6993900000
1790675898441,0.6993600000,0.6993800000
1790675899750,0.6993700000,0.6993900000
1790675900556,0.6993900000,0.6994100000
1790675900958,0.6993800000,0.6994100000
1790675904682,0.6993600000,0.6993900000
1790675905184,0.6993200000,0.6993500000
1790675905990,0.6993300000,0.6993500000
1790675906593,0.6993200000,0.6993500000
1790675908806,0.6993300000,0.6993500000
1790675910215,0.6993400000,0.6993600000
1790675910618,0.6993500000,0.6993800000
1790675911020,0.6993500000,0.6993700000
1790675911825,0.6993500000,0.6993600000
1790675912832,0.6993400000,0.6993600000
1790675914543,0.6993400000,0.6993700000
1790675914947,0.6993400000,0.6993600000
1790675915348,0.6993300000,0.6993500000
1790675916354,0.6993300000,0.6993600000
1790675916757,0.6993300000,0.6993500000
1790675917159,0.6993100000,0.6993400000
1790675921083,0.6993000000,0.6993300000
1790675921586,0.6992900000,0.6993300000
1790675924103,0.6993000000,0.6993300000
1790675925714,0.6992900000,0.6993300000
1790675926620,0.6992700000,0.6993000000
1790675927022,0.6992900000,0.6993100000
1790675927424,0.6992800000,0.6993100000
1790675928130,0.6992900000,0.6993100000
1790675930142,0.6992900000,0.6993200000
1790675930545,0.6993000000,0.6993200000
1790675930947,0.6993000000,0.6993300000
1790675931451,0.6993100000,0.6993300000
1790675931854,0.6992800000,0.6993000000
1790675932256,0.6992700000,0.6992900000
1790675932659,0.6992800000,0.6993000000
1790675933464,0.6992900000,0.6993100000
1790675936080,0.6992800000,0.6993000000
1790675936483,0.6992700000,0.6992900000
1790675936885,0.6992600000,0.6992800000
1790675940306,0.6992700000,0.6992900000
1790675941916,0.6992800000,0.6992900000
1790675942320,0.6993200000,0.6993400000
1790675944433,0.6993200000,0.6993300000
1790675944837,0.6993100000,0.6993300000
1790675945943,0.6992800000,0.6993000000
1790675946749,0.6992900000,0.6993200000
1790675948561,0.6992900000,0.6993100000
1790675948964,0.6992800000,0.6993000000
1790675951077,0.6992900000,0.6993100000
1790675953191,0.6993200000,0.6993400000
1790675954801,0.6993200000,0.6993300000
1790675955808,0.6993200000,0.6993400000
1790675957820,0.6993200000,0.6993300000
1790675958322,0.6993200000,0.6993400000
1790675961241,0.6993600000,0.6993700000
1790675961644,0.6993600000,0.6993800000
1790675972213,0.6993700000,0.6993800000
1790675972616,0.6993600000,0.6993800000
1790675986001,0.6993500000,0.6993700000
1790675990532,0.6993400000,0.6993600000
1790675990936,0.6993500000,0.6993700000
1790675991336,0.6993500000,0.6993800000
1790675993449,0.6993300000,0.6993500000
1790675994254,0.6993200000,0.6993400000
1790675998784,0.6993100000,0.6993300000
1790675999186,0.6993000000,0.6993200000
1790675999588,0.6992900000,0.6993100000
1790675999991,0.6993000000,0.6993200000
1790676000394,0.6993000000,0.6993300000
1790676001399,0.6993100000,0.6993300000
1790676001802,0.6993300000,0.6993500000
1790676002204,0.6993200000,0.6993300000
1790676002606,0.6993200000,0.6993400000
1790676003009,0.6993200000,0.6993300000
1790676003412,0.6992900000,0.6993100000
1790676003814,0.6992600000,0.6992800000
1790676004619,0.6992600000,0.6992700000
1790676005424,0.6992600000,0.6992800000
1790676007034,0.6992700000,0.6992900000
1790676007537,0.6992800000,0.6992900000
1790676007939,0.6993300000,0.6993500000
1790676008341,0.6993600000,0.6993700000
1790676009247,0.6993600000,0.6993800000
1790676010253,0.6993500000,0.6993800000
1790676010656,0.6993600000,0.6993800000
1790676011058,0.6993700000,0.6993900000
1790676013071,0.6993500000,0.6993700000
1790676013473,0.6993600000,0.6993800000
1790676013876,0.6993700000,0.6993900000
1790676015990,0.6993600000,0.6993800000
1790676022130,0.6993700000,0.6993900000
1790676023337,0.6994000000,0.6994300000
1790676024142,0.6994100000,0.6994300000
1790676025550,0.6993600000,0.6993800000
1790676026355,0.6993400000,0.6993600000
1790676028971,0.6993200000,0.6993500000
1790676029776,0.6993300000,0.6993500000
1790676033097,0.6993200000,0.6993500000
1790676033499,0.6992800000,0.6993000000
1790676035410,0.6992700000,0.6993000000
1790676035814,0.6992600000,0.6992900000
1790676036618,0.6992600000,0.6992800000
1790676037020,0.6992700000,0.6992900000
1790676037423,0.6992900000,0.6993100000
1790676038530,0.6992900000,0.6993000000
1790676038933,0.6992700000,0.6992900000
1790676040242,0.6992800000,0.6993000000
1790676041047,0.6992700000,0.6992900000
1790676043162,0.6992900000,0.6993100000
1790676049304,0.6992800000,0.6993000000
1790676050511,0.6992200000,0.6992500000
1790676052121,0.6992200000,0.6992400000
1790676054537,0.6992200000,0.6992500000
1790676054940,0.6993100000,0.6993300000
1790676056247,0.6993000000,0.6993300000
1790676057454,0.6993000000,0.6993200000
1790676059466,0.6993100000,0.6993200000
1790676059869,0.6993100000,0.6993300000
1790676060271,0.6992900000,0.6993100000
1790676061075,0.6993000000,0.6993200000
1790676062589,0.6992900000,0.6993200000
1790676062992,0.6992600000,0.6992800000
1790676063395,0.6992500000,0.6992700000
1790676064201,0.6992400000,0.6992600000
1790676064604,0.6992400000,0.6992700000
1790676065006,0.6992500000,0.6992800000
1790676065409,0.6992600000,0.6992800000
1790676066214,0.6992600000,0.6992700000
1790676066616,0.6992500000,0.6992700000
1790676067018,0.6992500000,0.6992600000
1790676067421,0.6992400000,0.6992600000
1790676069838,0.6993600000,0.6993900000
1790676070241,0.6993600000,0.6993800000
1790676071147,0.6993600000,0.6993900000
1790676071952,0.6993500000,0.6993800000
1790676073059,0.6993600000,0.6993900000
1790676073461,0.6993000000,0.6993300000
1790676074267,0.6992700000,0.6993000000
1790676075577,0.6992600000,0.6992800000
1790676075979,0.6992400000,0.6992700000
1790676076381,0.6992400000,0.6992600000
1790676076783,0.6992300000,0.6992600000
1790676077992,0.6992400000,0.6992700000
1790676079099,0.6992300000,0.6992700000
1790676079502,0.6992300000,0.6992600000
1790676080811,0.6992300000,0.6992500000
1790676081314,0.6992200000,0.6992500000
1790676083226,0.6992100000,0.6992300000
1790676085240,0.6992200000,0.6992400000
1790676086447,0.6991800000,0.6992000000
1790676089669,0.6991800000,0.6991900000
1790676090072,0.6991600000,0.6991800000
1790676090575,0.6991400000,0.6991600000
1790676090977,0.6991300000,0.6991500000
1790676091279,0.6991200000,0.6991400000
1790676092184,0.6991300000,0.6991500000
1790676092587,0.6991400000,0.6991700000
1790676099533,0.6991500000,0.6991700000
1790676099934,0.6991400000,0.6991700000
1790676100337,0.6991300000,0.6991500000
1790676100739,0.6991300000,0.6991600000
1790676101142,0.6991100000,0.6991300000
1790676103356,0.6991100000,0.6991200000
1790676103758,0.6991000000,0.6991200000
1790676106375,0.6990900000,0.6991100000
1790676106778,0.6990600000,0.6990800000
1790676107180,0.6990500000,0.6990800000
1790676107583,0.6990500000,0.6990700000
1790676107985,0.6990200000,0.6990400000
1790676108792,0.6990200000,0.6990300000
1790676109194,0.6990200000,0.6990400000
1790676110804,0.6990100000,0.6990400000
1790676111207,0.6990200000,0.6990400000
1790676112817,0.6990100000,0.6990400000
1790676113219,0.6990100000,0.6990300000
1790676119563,0.6990000000,0.6990300000
1790676120368,0.6990200000,0.6990400000
1790676121173,0.6990400000,0.6990600000
1790676121576,0.6990500000,0.6990800000
1790676122783,0.6990600000,0.6990900000
1790676123187,0.6990500000,0.6990900000
1790676124798,0.6990600000,0.6990900000
1790676125604,0.6990800000,0.6991000000
1790676126006,0.6991100000,0.6991400000
1790676127215,0.6991000000,0.6991200000
1790676131441,0.6991100000,0.6991300000
1790676135064,0.6991100000,0.6991200000
1790676135467,0.6991100000,0.6991300000
1790676136274,0.6991000000,0.6991300000
1790676139997,0.6991000000,0.6991200000
1790676140803,0.6990600000,0.6990800000
1790676141607,0.6990500000,0.6990700000
1790676142815,0.6990400000,0.6990700000
1790676143217,0.6990400000,0.6990600000
1790676143619,0.6990300000,0.6990600000
1790676144425,0.6990200000,0.6990600000
1790676147748,0.6990100000,0.6990500000
1790676148150,0.6990100000,0.6990400000
1790676148553,0.6990000000,0.6990300000
1790676149560,0.6990100000,0.6990400000
1790676152176,0.6990800000,0.6991000000
1790676158013,0.6990700000,0.6990900000
1790676158415,0.6990500000,0.6990800000
1790676158818,0.6990500000,0.6990700000
1790676160025,0.6990300000,0.6990600000
1790676162141,0.6990400000,0.6990600000
1790676162544,0.6990400000,0.6990700000
1790676162945,0.6990300000,0.6990600000
1790676164253,0.6990400000,0.6990600000
1790676164958,0.6990300000,0.6990600000
1790676165763,0.6990400000,0.6990600000
1790676166165,0.6990400000,0.6990700000
1790676166568,0.6990600000,0.6990800000
1790676171504,0.6990700000,0.6990900000
1790676171906,0.6990800000,0.6991000000
1790676173920,0.6990900000,0.6991100000
1790676177040,0.6990800000,0.6991000000
1790676177945,0.6990900000,0.6991100000
1790676178852,0.6990800000,0.6991100000
1790676179255,0.6990800000,0.6991000000
1790676180060,0.6990800000,0.6991100000
1790676180463,0.6990800000,0.6991000000
1790676181267,0.6990900000,0.6991100000
1790676181670,0.6990800000,0.6991000000
1790676184489,0.6990700000,0.6991000000
1790676184891,0.6990700000,0.6990900000
1790676186705,0.6990600000,0.6990800000
1790676187509,0.6990500000,0.6990800000
1790676187912,0.6990600000,0.6990800000
1790676188314,0.6990700000,0.6990900000
1790676188717,0.6990700000,0.6991100000
1790676189119,0.6990700000,0.6991000000
1790676189522,0.6990600000,0.6991000000
1790676190327,0.6990400000,0.6990800000
1790676191537,0.6990600000,0.6990900000
1790676191939,0.6990700000,0.6991000000
1790676192341,0.6990800000,0.6991100000
1790676192744,0.6990900000,0.6991300000
1790676193146,0.6991000000,0.6991300000
1790676193951,0.6990800000,0.6991100000
1790676194354,0.6990900000,0.6991200000
1790676194757,0.6991000000,0.6991300000
1790676199184,0.6991100000,0.6991400000
1790676200895,0.6991100000,0.6991300000
1790676205526,0.6991100000,0.6991400000
1790676205928,0.6991400000,0.6991700000
1790676206331,0.6991700000,0.6991900000
1790676206734,0.6991500000,0.6991800000
1790676207941,0.6991600000,0.6991900000
1790676211968,0.6991600000,0.6991800000
1790676212371,0.6991600000,0.6991900000
1790676212774,0.6991600000,0.6991800000
1790676214183,0.6991600000,0.6991700000
1790676214585,0.6991600000,0.6991800000
1790676215189,0.6991500000,0.6991800000
1790676215994,0.6991500000,0.6991700000
1790676216497,0.6991500000,0.6991800000
1790676218611,0.6991500000,0.6991700000
1790676219013,0.6990800000,0.6991200000
1790676219416,0.6990500000,0.6990900000
1790676219819,0.6990600000,0.6991000000
1790676220925,0.6990700000,0.6991000000
1790676221731,0.6990600000,0.6991000000
1790676222134,0.6990700000,0.6991000000
1790676223945,0.6990800000,0.6991100000
1790676225355,0.6991000000,0.6991200000
1790676226763,0.6990800000,0.6991200000
1790676227165,0.6990800000,0.6991100000
1790676227568,0.6990700000,0.6991000000
1790676229381,0.6990800000,0.6991100000
1790676232199,0.6991000000,0.6991300000
1790676233406,0.6991100000,0.6991300000
1790676233809,0.6991200000,0.6991400000
1790676234211,0.6991200000,0.6991500000
1790676235721,0.6991200000,0.6991400000
1790676236124,0.6991100000,0.6991400000
1790676236527,0.6991200000,0.6991500000
1790676236929,0.6991100000,0.6991400000
1790676237331,0.6991200000,0.6991400000
1790676239043,0.6991300000,0.6991500000
1790676239948,0.6991500000,0.6991700000
1790676240754,0.6991400000,0.6991600000
1790676241155,0.6991300000,0.6991600000
1790676241560,0.6991300000,0.6991500000
1790676242766,0.6991100000,0.6991400000
1790676244780,0.6991200000,0.6991400000
1790676245484,0.6991100000,0.6991400000
1790676246290,0.6991100000,0.6991300000
1790676246692,0.6990700000,0.6991000000
1790676251928,0.6990800000,0.6991100000
1790676252331,0.6990900000,0.6991200000
1790676252733,0.6991000000,0.6991300000
1790676255752,0.6991300000,0.6991400000
1790676256155,0.6991000000,0.6991300000
1790676257664,0.6990900000,0.6991300000
1790676258671,0.6991000000,0.6991300000
1790676259073,0.6991100000,0.6991300000
1790676259476,0.6991100000,0.6991400000
1790676259878,0.6991000000,0.6991400000
1790676260280,0.6991000000,0.6991300000
1790676261085,0.6990900000,0.6991200000
1790676262293,0.6991000000,0.6991300000
1790676266117,0.6991000000,0.6991200000
1790676266519,0.6990700000,0.6991000000
1790676266922,0.6990600000,0.6990900000
1790676267325,0.6990700000,0.6991000000
1790676270242,0.6990800000,0.6991000000
1790676270645,0.6990800000,0.6991100000
1790676272155,0.6990700000,0.6991100000
1790676272558,0.6990700000,0.6991000000
1790676275276,0.6991000000,0.6991300000
1790676275678,0.6990900000,0.6991200000
1790676276081,0.6991000000,0.6991200000
1790676277187,0.6990900000,0.6991200000
1790676278495,0.6990800000,0.6991100000
1790676280709,0.6991000000,0.6991200000
1790676285337,0.6991000000,0.6991300000
1790676285740,0.6991100000,0.6991400000
1790676287048,0.6991000000,0.6991300000
1790676289968,0.6991100000,0.6991400000
1790676290773,0.6991200000,0.6991400000
1790676291679,0.6991300000,0.6991500000
1790676292183,0.6991300000,0.6991600000
1790676292586,0.6991300000,0.6991500000
1790676294197,0.6991600000,0.6991900000
1790676295001,0.6991500000,0.6991900000
1790676295405,0.6991600000,0.6991900000
1790676295808,0.6991500000,0.6991800000
1790676296612,0.6991600000,0.6991900000
1790676297015,0.6991500000,0.6991900000
1790676298222,0.6991600000,0.6991900000
1790676300335,0.6991600000,0.6991900000
1790676300738,0.6991800000,0.6992100000
1790676301142,0.6992100000,0.6992400000
1790676301545,0.6992300000,0.6992500000
1790676301947,0.6992100000,0.6992300000
1790676302351,0.6992100000,0.6992400000
1790676302753,0.6992200000,0.6992500000
1790676304062,0.6992300000,0.6992500000
1790676304465,0.6992300000,0.6992600000
1790676306880,0.6992200000,0.6992400000
1790676307685,0.6992100000,0.6992300000
1790676308087,0.6992000000,0.6992300000
1790676311006,0.6992000000,0.6992200000
1790676311408,0.6991800000,0.6992000000
1790676312415,0.6991700000,0.6991900000
1790676313220,0.6991800000,0.6992000000
1790676314025,0.6991700000,0.6991800000
1790676314428,0.6991700000,0.6991900000
1790676314931,0.6991700000,0.6991800000
1790676315736,0.6991600000,0.6991800000
1790676320365,0.6991600000,0.6991900000
1790676320768,0.6991700000,0.6991900000
1790676324694,0.6991800000,0.6992000000
1790676325901,0.6991700000,0.6991800000
1790676326303,0.6991500000,0.6991700000
1790676327108,0.6991900000,0.6992100000
1790676327511,0.6992000000,0.6992200000
1790676327913,0.6991900000,0.6992100000
1790676331334,0.6991900000,0.6992200000
1790676331737,0.6991900000,0.6992100000
1790676332139,0.6992000000,0.6992100000
1790676332542,0.6991800000,0.6992100000
1790676332944,0.6991800000,0.6992000000
1790676333347,0.6991500000,0.6991700000
1790676339084,0.6991500000,0.6991800000
1790676339487,0.6991600000,0.6991800000
1790676340292,0.6991700000,0.6992000000
1790676343614,0.6991800000,0.6992100000
1790676346029,0.6992000000,0.6992300000
1790676348448,0.6992100000,0.6992300000
1790676352173,0.6992100000,0.6992200000
1790676352577,0.6991700000,0.6991800000
1790676353080,0.6991700000,0.6991900000
1790676354389,0.6991700000,0.6991800000
1790676354892,0.6991700000,0.6991900000
1790676355698,0.6991700000,0.6991800000
1790676356504,0.6991700000,0.6991900000
1790676358114,0.6991700000,0.6991800000
1790676358516,0.6991700000,0.6991900000
1790676358919,0.6991700000,0.6991800000
1790676360730,0.6991700000,0.6991800000
1790676361132,0.6991800000,0.6992000000
1790676361534,0.6991900000,0.6992100000
1790676363245,0.6992000000,0.6992200000
1790676365861,0.6991900000,0.6992100000
1790676367067,0.6992000000,0.6992200000
1790676368780,0.6991800000,0.6992200000
1790676369182,0.6991700000,0.6991900000
1790676369584,0.6991800000,0.6992000000
1790676372830,0.6991900000,0.6992200000
1790676373233,0.6991900000,0.6992100000
1790676373636,0.6991700000,0.6991900000
1790676375950,0.6991500000,0.6991700000
1790676377260,0.6991600000,0.6991800000
1790676377964,0.6991400000,0.6991700000
1790676378367,0.6991500000,0.6991700000
1790676378769,0.6991400000,0.6991600000
1790676380581,0.6991500000,0.6991700000
1790676382593,0.6991400000,0.6991700000
1790676382996,0.6991300000,0.6991500000
1790676383400,0.6991100000,0.6991300000
1790676395278,0.6991100000,0.6991400000
1790676396083,0.6991700000,0.6991900000
1790676396889,0.6992000000,0.6992300000
1790676397693,0.6991900000,0.6992200000
1790676398699,0.6992000000,0.6992200000
1790676399101,0.6992000000,0.6992300000
1790676403027,0.6992300000,0.6992400000
1790676403429,0.6992800000,0.6993000000
1790676405544,0.6992800000,0.6992900000
1790676405947,0.6992700000,0.6992900000
1790676407658,0.6992600000,0.6992900000
1790676408061,0.6992600000,0.6992800000
1790676409673,0.6992600000,0.6992900000
1790676411182,0.6992800000,0.6993000000
1790676411584,0.6993000000,0.6993200000
1790676412389,0.6993100000,0.6993300000
1790676412792,0.6992900000,0.6993200000
1790676413194,0.6993000000,0.6993200000
1790676413899,0.6992900000,0.6993000000
1790676414301,0.6992900000,0.6993100000
1790676414704,0.6992900000,0.6993200000
1790676417120,0.6992900000,0.6993100000
1790676417723,0.6992900000,0.6993200000
1790676420541,0.6992900000,0.6993100000
1790676420945,0.6992700000,0.6993000000
1790676421347,0.6992800000,0.6993000000
1790676423059,0.6993000000,0.6993400000
1790676423460,0.6993100000,0.6993400000
1790676423863,0.6993000000,0.6993400000
1790676424669,0.6993000000,0.6993300000
1790676426077,0.6993200000,0.6993400000
1790676429499,0.6993100000,0.6993400000
1790676430707,0.6993100000,0.6993300000
1790676431511,0.6993000000,0.6993100000
1790676431914,0.6993100000,0.6993400000
1790676432316,0.6993000000,0.6993300000
1790676437351,0.6993100000,0.6993300000
1790676437753,0.6993200000,0.6993400000
1790676438155,0.6993200000,0.6993500000
1790676438559,0.6993200000,0.6993400000
1790676440470,0.6993200000,0.6993500000
1790676441275,0.6993600000,0.6993900000
1790676443891,0.6993700000,0.6993900000
1790676444696,0.6993700000,0.6994000000
1790676445099,0.6993700000,0.6994100000
1790676445502,0.6993700000,0.6994000000
1790676446408,0.6994100000,0.6994300000
1790676446812,0.6994100000,0.6994400000
1790676447214,0.6994100000,0.6994300000
1790676450435,0.6993600000,0.6993900000
1790676450837,0.6993600000,0.6994000000
1790676453556,0.6993700000,0.6994000000
1790676453959,0.6993700000,0.6994100000
1790676454361,0.6993600000,0.6993900000
1790676458086,0.6993700000,0.6994000000
1790676459696,0.6993700000,0.6994100000
1790676460099,0.6993700000,0.6994000000
1790676460702,0.6993700000,0.6994100000
1790676461105,0.6993900000,0.6994200000
1790676461508,0.6994200000,0.6994400000
1790676461910,0.6994300000,0.6994600000
1790676462313,0.6994500000,0.6994800000
1790676463318,0.6994400000,0.6994700000
1790676464325,0.6994500000,0.6994700000
1790676464728,0.6994500000,0.6994800000
1790676465130,0.6994500000,0.6994700000
1790676465935,0.6994500000,0.6994800000
1790676466740,0.6994600000,0.6994900000
1790676469256,0.6995200000,0.6995400000
1790676469661,0.6995000000,0.6995200000
1790676470064,0.6994700000,0.6994900000
1790676471271,0.6994800000,0.6995000000
1790676471673,0.6994700000,0.6994900000
1790676472479,0.6994600000,0.6994800000
1790676473283,0.6994600000,0.6994900000
1790676473787,0.6994600000,0.6994800000
1790676474189,0.6994700000,0.6994900000
1790676474592,0.6994600000,0.6994900000
1790676476604,0.6994600000,0.6994800000
1790676479322,0.6994600000,0.6994900000
1790676479725,0.6994700000,0.6995000000
1790676480129,0.6995100000,0.6995200000
1790676480530,0.6995000000,0.6995200000
1790676480933,0.6995000000,0.6995300000
1790676482341,0.6994800000,0.6995000000
1790676483551,0.6994900000,0.6995100000
1790676483953,0.6994700000,0.6994900000
1790676484356,0.6994500000,0.6994700000
1790676484759,0.6994600000,0.6994700000
1790676485565,0.6994600000,0.6994800000
1790676490195,0.6994600000,0.6994700000
1790676492209,0.6994500000,0.6994700000
1790676493014,0.6994800000,0.6995000000
1790676495027,0.6995000000,0.6995200000
1790676495429,0.6995100000,0.6995300000
1790676496637,0.6995200000,0.6995400000
1790676499054,0.6995100000,0.6995300000
1790676504891,0.6995300000,0.6995500000
1790676505294,0.6995800000,0.6996100000
1790676505697,0.6995700000,0.6996100000
1790676506099,0.6995700000,0.6995900000
1790676506502,0.6995800000,0.6995900000
1790676506903,0.6995500000,0.6995700000
1790676507306,0.6995100000,0.6995400000
1790676507709,0.6995100000,0.6995300000
1790676508112,0.6995200000,0.6995500000
1790676508917,0.6995100000,0.6995400000
1790676509722,0.6994900000,0.6995100000
1790676510125,0.6994800000,0.6995000000
1790676512138,0.6995000000,0.6995300000
1790676512541,0.6995100000,0.6995300000
1790676512943,0.6995000000,0.6995300000
1790676514654,0.6995100000,0.6995300000
1790676515058,0.6995000000,0.6995300000
1790676515459,0.6995000000,0.6995200000
1790676515862,0.6994900000,0.6995000000
1790676516265,0.6994500000,0.6994900000
1790676517472,0.6994600000,0.6994900000
1790676519081,0.6994500000,0.6994900000
1790676519484,0.6994500000,0.6994800000
1790676521294,0.6994700000,0.6994900000
1790676522099,0.6994800000,0.6994900000
1790676522502,0.6994700000,0.6994800000
1790676522905,0.6994500000,0.6994800000
1790676525219,0.6994600000,0.6994800000
1790676526427,0.6994700000,0.6994900000
1790676527634,0.6994600000,0.6994900000
1790676528037,0.6994500000,0.6994800000
1790676530454,0.6994600000,0.6994800000
1790676530857,0.6994500000,0.6994800000
1790676538808,0.6994600000,0.6994800000
1790676539210,0.6994500000,0.6994800000
1790676540015,0.6994600000,0.6994800000
1790676541226,0.6994600000,0.6994900000
1790676541629,0.6994500000,0.6994800000
1790676542032,0.6994600000,0.6994800000
1790676543642,0.6994500000,0.6994800000
1790676544044,0.6994600000,0.6994800000
1790676544447,0.6994500000,0.6994800000
1790676546660,0.6994600000,0.6994800000
1790676547868,0.6994500000,0.6994800000
1790676549477,0.6994500000,0.6994700000
1790676549980,0.6994400000,0.6994700000
1790676550382,0.6994000000,0.6994200000
1790676552193,0.6994000000,0.6994300000
1790676553401,0.6994100000,0.6994300000
1790676554105,0.6994000000,0.6994300000
1790676557528,0.6994100000,0.6994300000
1790676558736,0.6994200000,0.6994400000
1790676559541,0.6994100000,0.6994400000
1790676560346,0.6994100000,0.6994300000
1790676561051,0.6994100000,0.6994400000
1790676562359,0.6994100000,0.6994300000
1790676565679,0.6994200000,0.6994300000
1790676566082,0.6994200000,0.6994500000
1790676566484,0.6994500000,0.6994700000
1790676566887,0.6994600000,0.6994800000
1790676567289,0.6994600000,0.6994900000
1790676567692,0.6994500000,0.6994800000
1790676569705,0.6994600000,0.6994800000
1790676573530,0.6995000000,0.6995100000
1790676573934,0.6995100000,0.6995300000
1790676574335,0.6995200000,0.6995400000
1790676576953,0.6995100000,0.6995300000
1790676577356,0.6995200000,0.6995400000
1790676585910,0.6995100000,0.6995300000
1790676587119,0.6994900000,0.6995200000
1790676587522,0.6994600000,0.6994800000
1790676589032,0.6994700000,0.6994900000
1790676589435,0.6994900000,0.6995100000
1790676591352,0.6994800000,0.6995100000
1790676591755,0.6994800000,0.6995000000
1790676592157,0.6994700000,0.6994900000
1790676594170,0.6994700000,0.6995000000
1790676594573,0.6994800000,0.6995100000
1790676594975,0.6995000000,0.6995200000
1790676599200,0.6994800000,0.6995000000
1790676600005,0.6994800000,0.6995000000
1790676600408,0.6994900000,0.6995100000
1790676600811,0.6995000000,0.6995200000
1790676605139,0.6995100000,0.6995300000
1790676605542,0.6996000000,0.6996200000
1790676605944,0.6995600000,0.6995800000
1790676606348,0.6995400000,0.6995600000
1790676608764,0.6995300000,0.6995600000
1790676609167,0.6995200000,0.6995500000
1790676609569,0.6995500000,0.6995700000
1790676609972,0.6995100000,0.6995300000
1790676610375,0.6995000000,0.6995300000
1790676610777,0.6994600000,0.6994800000
1790676613796,0.6994500000,0.6994700000
1790676614198,0.6994300000,0.6994500000
1790676614601,0.6994300000,0.6994400000
1790676615004,0.6994300000,0.6994500000
1790676617219,0.6994400000,0.6994500000
1790676617621,0.6994300000,0.6994500000
1790676618527,0.6994400000,0.6994600000
1790676618829,0.6995100000,0.6995300000
1790676619232,0.6995300000,0.6995400000
1790676619735,0.6995200000,0.6995400000
1790676620137,0.6995300000,0.6995400000
1790676620540,0.6995200000,0.6995400000
1790676621344,0.6995100000,0.6995400000
1790676621747,0.6995100000,0.6995300000
1790676622954,0.6995100000,0.6995400000
1790676623359,0.6995300000,0.6995500000
1790676623860,0.6995200000,0.6995500000
1790676625069,0.6995300000,0.6995500000
1790676625471,0.6995200000,0.6995500000
1790676625873,0.6995200000,0.6995400000
1790676626276,0.6995100000,0.6995200000
1790676626679,0.6995000000,0.6995200000
1790676627485,0.6994900000,0.6995100000
1790676631814,0.6994800000,0.6995000000
1790676632215,0.6994600000,0.6994800000
1790676633422,0.6994600000,0.6994700000
1790676633825,0.6994200000,0.6994400000
1790676634229,0.6993800000,0.6994000000
1790676635033,0.6993700000,0.6993900000
1790676635838,0.6993800000,0.6993900000
1790676636241,0.6993400000,0.6993600000
1790676636644,0.6993300000,0.6993600000
1790676637449,0.6993300000,0.6993500000
1790676637852,0.6993400000,0.6993600000
1790676638656,0.6993600000,0.6993800000
1790676639461,0.6993600000,0.6993700000
1790676639863,0.6993300000,0.6993500000
1790676642380,0.6993400000,0.6993600000
1790676642783,0.6993500000,0.6993700000
1790676643186,0.6993600000,0.6993900000
1790676643588,0.6993500000,0.6993700000
1790676645906,0.6993500000,0.6993600000
1790676646309,0.6993500000,0.6993700000
1790676651147,0.6993600000,0.6993700000
1790676651549,0.6993500000,0.6993700000
1790676653864,0.6993600000,0.6993700000
1790676654367,0.6993500000,0.6993700000
1790676655978,0.6993300000,0.6993500000
1790676657588,0.6993400000,0.6993700000
1790676657991,0.6993400000,0.6993600000
1790676658393,0.6993500000,0.6993700000
1790676659198,0.6994000000,0.6994100000
1790676659600,0.6993900000,0.6994100000
1790676660003,0.6994000000,0.6994200000
1790676661814,0.6993900000,0.6994100000
1790676662217,0.6993800000,0.6994000000
1790676665035,0.6994100000,0.6994300000
1790676666345,0.6994000000,0.6994100000
1790676667152,0.6993800000,0.6994000000
1790676667957,0.6993700000,0.6993900000
1790676668360,0.6993500000,0.6993700000
1790676669267,0.6993300000,0.6993600000
1790676669670,0.6993300000,0.6993500000
1790676670174,0.6993200000,0.6993500000
1790676670575,0.6992700000,0.6992900000
1790676672185,0.6992600000,0.6992800000
1790676672991,0.6992700000,0.6992900000
1790676673394,0.6992600000,0.6992800000
1790676674702,0.6992600000,0.6992900000
1790676675910,0.6992600000,0.6992800000
1790676676313,0.6992600000,0.6992900000
1790676676716,0.6992600000,0.6992800000
1790676677118,0.6992600000,0.6992900000
1790676677520,0.6992600000,0.6992800000
1790676679332,0.6992600000,0.6992700000
1790676679734,0.6992200000,0.6992400000
1790676680138,0.6992100000,0.6992200000
1790676680541,0.6992100000,0.6992300000
1790676682051,0.6992100000,0.6992200000
1790676684668,0.6992000000,0.6992200000
1790676686277,0.6992100000,0.6992300000
1790676686680,0.6992100000,0.6992200000
1790676687988,0.6992100000,0.6992300000
1790676688693,0.6992100000,0.6992200000
1790676689196,0.6992100000,0.6992300000
1790676690604,0.6992100000,0.6992200000
1790676691108,0.6991900000,0.6992100000
1790676691512,0.6991800000,0.6992000000
1790676693123,0.6991800000,0.6992100000
1790676693525,0.6991700000,0.6992000000
1790676694733,0.6992000000,0.6992200000
1790676696949,0.6991900000,0.6992100000
1790676697351,0.6991800000,0.6992000000
1790676698559,0.6991800000,0.6992100000
1790676698962,0.6992000000,0.6992200000
1790676700471,0.6992100000,0.6992400000
1790676700874,0.6992200000,0.6992400000
1790676701277,0.6992100000,0.6992300000
1790676701679,0.6992100000,0.6992400000
1790676702585,0.6992100000,0.6992300000
1790676703491,0.6992400000,0.6992700000
1790676703894,0.6992300000,0.6992600000
1790676706811,0.6992300000,0.6992500000
1790676707214,0.6992200000,0.6992500000
1790676707617,0.6992300000,0.6992500000
1790676710738,0.6992300000,0.6992600000
1790676711141,0.6992300000,0.6992500000
1790676711543,0.6992300000,0.6992600000
1790676711946,0.6992600000,0.6992900000
1790676712349,0.6992600000,0.6992800000
1790676713456,0.6992500000,0.6992800000
1790676713860,0.6992200000,0.6992400000
1790676714664,0.6992200000,0.6992300000
1790676715067,0.6992200000,0.6992400000
1790676715872,0.6992200000,0.6992500000
1790676717281,0.6992300000,0.6992600000
1790676718288,0.6992200000,0.6992500000
1790676718690,0.6992100000,0.6992400000
1790676720200,0.6992200000,0.6992400000
1790676720603,0.6992000000,0.6992200000
1790676721006,0.6992100000,0.6992400000
1790676721407,0.6992100000,0.6992300000
1790676721810,0.6992100000,0.6992400000
1790676722213,0.6991900000,0.6992100000
1790676723018,0.6992000000,0.6992200000
1790676725835,0.6991700000,0.6991900000
1790676726239,0.6991600000,0.6991900000
1790676726640,0.6991600000,0.6991800000
1790676727043,0.6991700000,0.6992000000
1790676727445,0.6991700000,0.6991900000
1790676727848,0.6991800000,0.6992100000
1790676728652,0.6991800000,0.6992000000
1790676730766,0.6991800000,0.6992100000
1790676731169,0.6991800000,0.6992000000
1790676733282,0.6991500000,0.6991700000
1790676733685,0.6991500000,0.6991800000
1790676734088,0.6991300000,0.6991600000
1790676738415,0.6991500000,0.6991600000
1790676738818,0.6991300000,0.6991600000
1790676743146,0.6991400000,0.6991600000
1790676743549,0.6991500000,0.6991800000
1790676743951,0.6991600000,0.6991800000
1790676744354,0.6991700000,0.6991900000
1790676745964,0.6991800000,0.6992000000
1790676751199,0.6991700000,0.6991900000
1790676754219,0.6991600000,0.6991800000
1790676755528,0.6991200000,0.6991400000
1790676755930,0.6991100000,0.6991300000
1790676756333,0.6990900000,0.6991200000
1790676758044,0.6991000000,0.6991200000
1790676759755,0.6990800000,0.6991000000
1790676760963,0.6990800000,0.6991100000
1790676761366,0.6990700000,0.6990900000
1790676761769,0.6990800000,0.6990900000
1790676762172,0.6991000000,0.6991300000
1790676762977,0.6991200000,0.6991400000
1790676765798,0.6991200000,0.6991300000
1790676766200,0.6991100000,0.6991300000
1790676768717,0.6991200000,0.6991400000
1790676769925,0.6991300000,0.6991500000
1790676770331,0.6991400000,0.6991600000
1790676772647,0.6991300000,0.6991600000
1790676773050,0.6991400000,0.6991600000
1790676776776,0.6991300000,0.6991600000
1790676777178,0.6991300000,0.6991500000
1790676778989,0.6991200000,0.6991400000
1790676779492,0.6990800000,0.6991000000
1790676780297,0.6990800000,0.6991000000
1790676781102,0.6990800000,0.6991100000
1790676782612,0.6990900000,0.6991100000
1790676783015,0.6991100000,0.6991400000
1790676783820,0.6991100000,0.6991300000
1790676791066,0.6991100000,0.6991400000
1790676792274,0.6991000000,0.6991300000
1790676793483,0.6991100000,0.6991300000
1790676795697,0.6991000000,0.6991300000
1790676796099,0.6991000000,0.6991200000
1790676798212,0.6990700000,0.6990900000
1790676800928,0.6991000000,0.6991300000
1790676802135,0.6991100000,0.6991400000
1790676803443,0.6991000000,0.6991200000
1790676804551,0.6991300000,0.6991600000
1790676806966,0.6991300000,0.6991500000
1790676807368,0.6991300000,0.6991600000
1790676817231,0.6991100000,0.6991300000
1790676818239,0.6991000000,0.6991200000
1790676818641,0.6990800000,0.6991100000
1790676820756,0.6990700000,0.6990900000
1790676821158,0.6990600000,0.6990900000
1790676821561,0.6990700000,0.6991100000
1790676821964,0.6990800000,0.6991100000
1790676822366,0.6990700000,0.6991100000
1790676823171,0.6990700000,0.6991000000
1790676824782,0.6990800000,0.6991000000
1790676825184,0.6990800000,0.6991100000
1790676829312,0.6990800000,0.6991000000
1790676831024,0.6990900000,0.6991000000
1790676831628,0.6990800000,0.6991000000
1790676833339,0.6990700000,0.6990900000
1790676833742,0.6990800000,0.6990900000
1790676834346,0.6990700000,0.6990900000
1790676834749,0.6990600000,0.6990800000
1790676836159,0.6990700000,0.6990900000
1790676836963,0.6990600000,0.6990900000
1790676837366,0.6990700000,0.6990900000
1790676838071,0.6990600000,0.6990900000
1790676838876,0.6990400000,0.6990600000
1790676840285,0.6990400000,0.6990600000
1790676843205,0.6990200000,0.6990500000
1790676844413,0.6990300000,0.6990500000
1790676844816,0.6990200000,0.6990500000
1790676846830,0.6990300000,0.6990500000
1790676848744,0.6990600000,0.6990900000
1790676852166,0.6990600000,0.6990800000
1790676855086,0.6990500000,0.6990800000
1790676855489,0.6990000000,0.6990200000
1790676856697,0.6989900000,0.6990200000
1790676858005,0.6989800000,0.6990100000
1790676861228,0.6989800000,0.6990000000
1790676862738,0.6989700000,0.6989900000
1790676865455,0.6989700000,0.6989800000
1790676865858,0.6989700000,0.6989900000
1790676867267,0.6989500000,0.6989800000
1790676867669,0.6989800000,0.6990100000
1790676868073,0.6989800000,0.6990000000
1790676869483,0.6990000000,0.6990200000
1790676869886,0.6989800000,0.6990100000
1790676870287,0.6989800000,0.6990000000
1790676871898,0.6989800000,0.6990100000
1790676872300,0.6989900000,0.6990100000
1790676875621,0.6989900000,0.6990200000
1790676876024,0.6990000000,0.6990300000
1790676876425,0.6990100000,0.6990300000
1790676879848,0.6990200000,0.6990400000
1790676881358,0.6990100000,0.6990300000
1790676881760,0.6990300000,0.6990500000
1790676882163,0.6990400000,0.6990600000
1790676890317,0.6990300000,0.6990600000
1790676890720,0.6990300000,0.6990500000
1790676891224,0.6990300000,0.6990400000
1790676891626,0.6990000000,0.6990300000
1790676893437,0.6990100000,0.6990300000
1790676893840,0.6990200000,0.6990300000
1790676894444,0.6990200000,0.6990400000
1790676894847,0.6990100000,0.6990400000
1790676895249,0.6990200000,0.6990400000
1790676896859,0.6990300000,0.6990400000
1790676897261,0.6990100000,0.6990300000
1790676897765,0.6990000000,0.6990200000
1790676900180,0.6990000000,0.6990300000
1790676900583,0.6990000000,0.6990200000
1790676900985,0.6990500000,0.6990700000
1790676901387,0.6990400000,0.6990600000
1790676901790,0.6990400000,0.6990700000
1790676902193,0.6990400000,0.6990600000
1790676902595,0.6990200000,0.6990400000
1790676902998,0.6990000000,0.6990100000
1790676903400,0.6990000000,0.6990200000
1790676904205,0.6990100000,0.6990400000
1790676904607,0.6990100000,0.6990300000
1790676905614,0.6990100000,0.6990400000
1790676906420,0.6990100000,0.6990300000
1790676907627,0.6990000000,0.6990200000
1790676909341,0.6990000000,0.6990300000
1790676909744,0.6990000000,0.6990200000
1790676910146,0.6989800000,0.6990000000
1790676918499,0.6989900000,0.6990000000
1790676918901,0.6989700000,0.6990000000
1790676919303,0.6989800000,0.6990000000
1790676919706,0.6989800000,0.6990100000
1790676921015,0.6989700000,0.6990000000
1790676924939,0.6989900000,0.6990100000
1790676925343,0.6989800000,0.6990100000
1790676925746,0.6990200000,0.6990300000
1790676926148,0.6990300000,0.6990400000
1790676927457,0.6990200000,0.6990400000
1790676927860,0.6990300000,0.6990400000
1790676928464,0.6990200000,0.6990400000
1790676930577,0.6990300000,0.6990500000
1790676931684,0.6990000000,0.6990300000
1790676933998,0.6990200000,0.6990400000
1790676934401,0.6990300000,0.6990500000
1790676934804,0.6990200000,0.6990400000
1790676937119,0.6990200000,0.6990500000
1790676937522,0.6990400000,0.6990600000
1790676939131,0.6990500000,0.6990700000
1790676940439,0.6990500000,0.6990600000
1790676940942,0.6990500000,0.6990700000
1790676943660,0.6990300000,0.6990500000
1790676947083,0.6990200000,0.6990400000
1790676948795,0.6990200000,0.6990500000
1790676949198,0.6990300000,0.6990500000
1790676949601,0.6990200000,0.6990400000
1790676950407,0.6990000000,0.6990200000
1790676953029,0.6990000000,0.6990100000
1790676953433,0.6989800000,0.6990000000
1790676953836,0.6989800000,0.6989900000
1790676954238,0.6989600000,0.6989900000
1790676956754,0.6989700000,0.6989900000
1790676957157,0.6989600000,0.6989900000
1790676958665,0.6989700000,0.6989900000
1790676959067,0.6989800000,0.6990000000
1790676960176,0.6989900000,0.6990100000
1790676962187,0.6990000000,0.6990300000
1790676962589,0.6989900000,0.6990100000
1790676962992,0.6989800000,0.6990100000
1790676967320,0.6989800000,0.6990000000
1790676969835,0.6989700000,0.6989800000
1790676970239,0.6989500000,0.6989700000
1790676972880,0.6989400000,0.6989600000
1790676973685,0.6989500000,0.6989600000
1790676974189,0.6989500000,0.6989800000
1790676974490,0.6989500000,0.6989700000
1790676980024,0.6989500000,0.6989600000
1790676982036,0.6989500000,0.6989700000
1790676986465,0.6989500000,0.6989600000
1790676986867,0.6989200000,0.6989400000
1790676987673,0.6989100000,0.6989400000
1790676988477,0.6989200000,0.6989400000
1790676989483,0.6989100000,0.6989400000
1790676990790,0.6989200000,0.6989400000
1790676993207,0.6989100000,0.6989300000
1790676994314,0.6989000000,0.6989300000
1790677000856,0.6988900000,0.6989300000
1790677002667,0.6989000000,0.6989300000
1790677003070,0.6988900000,0.6989300000
1790677004280,0.6989000000,0.6989300000
1790677004684,0.6988900000,0.6989300000
1790677005086,0.6989000000,0.6989300000
1790677005488,0.6988900000,0.6989300000
1790677007905,0.6988600000,0.6988900000
1790677009917,0.6988800000,0.6989100000
1790677011531,0.6988700000,0.6989100000
1790677012335,0.6988600000,0.6988900000
1790677012738,0.6988700000,0.6988900000
1790677013946,0.6988600000,0.6988900000
1790677014350,0.6988700000,0.6988900000
1790677014753,0.6988600000,0.6988900000
1790677015156,0.6988700000,0.6988900000
1790677018175,0.6988800000,0.6988900000
1790677018578,0.6988900000,0.6989300000
1790677020188,0.6988900000,0.6989100000
1790677020590,0.6988700000,0.6989000000
1790677020993,0.6989000000,0.6989100000
1790677021395,0.6988900000,0.6989300000
1790677022602,0.6988400000,0.6988800000
1790677023005,0.6988500000,0.6988800000
1790677028038,0.6988600000,0.6988800000
1790677030050,0.6988600000,0.6988900000
1790677032666,0.6988700000,0.6988900000
1790677033372,0.6988600000,0.6988900000
1790677036894,0.6988800000,0.6988900000
1790677037296,0.6988700000,0.6988900000
1790677047561,0.6988600000,0.6988800000
1790677051789,0.6988500000,0.6988800000
1790677057222,0.6988300000,0.6988500000
1790677060243,0.6988400000,0.6988500000
1790677061350,0.6988300000,0.6988500000
1790677062457,0.6988400000,0.6988500000
1790677062861,0.6988600000,0.6988800000
1790677064067,0.6988600000,0.6988900000
1790677066884,0.6988700000,0.6988900000
1790677067287,0.6988600000,0.6988900000
1790677072321,0.6988700000,0.6988900000
1790677074535,0.6988700000,0.6988800000
1790677074938,0.6988700000,0.6988900000
1790677075441,0.6988700000,0.6988800000
1790677075844,0.6988700000,0.6988900000
1790677079872,0.6988600000,0.6988800000
1790677080375,0.6988600000,0.6988800000
1790677081985,0.6988300000,0.6988500000
1790677083192,0.6988400000,0.6988600000
1790677087821,0.6988500000,0.6988700000
1790677093560,0.6988700000,0.6988900000
1790677094364,0.6989100000,0.6989300000
1790677098790,0.6989000000,0.6989200000
1790677100601,0.6988900000,0.6989100000
1790677101808,0.6988800000,0.6989100000
1790677107950,0.6989600000,0.6989900000
1790677108351,0.6989600000,0.6989800000
1790677108753,0.6989600000,0.6989900000
1790677109155,0.6989600000,0.6989800000
1790677109558,0.6989600000,0.6989900000
1790677112377,0.6989700000,0.6989900000
1790677117006,0.6989600000,0.6989900000
1790677117813,0.6989600000,0.6989800000
1790677118216,0.6989600000,0.6989900000
1790677118619,0.6989500000,0.6989700000
1790677119021,0.6989400000,0.6989600000
1790677119827,0.6989300000,0.6989500000
1790677120633,0.6988800000,0.6989000000
1790677121035,0.6988900000,0.6989100000
1790677133721,0.6988800000,0.6989000000
1790677134123,0.6988600000,0.6988800000
1790677135331,0.6988700000,0.6988800000
1790677136941,0.6988700000,0.6989000000
1790677137344,0.6988800000,0.6989000000
1790677140464,0.6988800000,0.6989000000
1790677140866,0.6989100000,0.6989300000
1790677141972,0.6989100000,0.6989200000
1790677142679,0.6989000000,0.6989200000
1790677143486,0.6989100000,0.6989300000
1790677146405,0.6989100000,0.6989400000
1790677146807,0.6989200000,0.6989400000
1790677149524,0.6989100000,0.6989400000
1790677149928,0.6989100000,0.6989300000
1790677151436,0.6989200000,0.6989400000
1790677152644,0.6989000000,0.6989200000
1790677153046,0.6988900000,0.6989100000
1790677155160,0.6988900000,0.6989200000
1790677155562,0.6989200000,0.6989400000
1790677157573,0.6989100000,0.6989300000
1790677157976,0.6989000000,0.6989200000
1790677160795,0.6989100000,0.6989300000
1790677161198,0.6989200000,0.6989400000
1790677164720,0.6989400000,0.6989600000
1790677165123,0.6989400000,0.6989700000
1790677169048,0.6989500000,0.6989800000
1790677169451,0.6989600000,0.6990000000
1790677171766,0.6989700000,0.6990100000
1790677172169,0.6989600000,0.6990000000
1790677177202,0.6989600000,0.6990100000
1790677178510,0.6990200000,0.6990500000
1790677178913,0.6990300000,0.6990600000
1790677179719,0.6990400000,0.6990700000
1790677180423,0.6990500000,0.6990800000
1790677181833,0.6990600000,0.6990800000
1790677182236,0.6990300000,0.6990600000
1790677182639,0.6990300000,0.6990500000
1790677183041,0.6990200000,0.6990400000
1790677184550,0.6990200000,0.6990500000
1790677184953,0.6990300000,0.6990500000
1790677185859,0.6990400000,0.6990600000
1790677186967,0.6990500000,0.6990700000
1790677189482,0.6990400000,0.6990700000
1790677189885,0.6990400000,0.6990600000
1790677190287,0.6990700000,0.6991000000
1790677193411,0.6990600000,0.6990800000
1790677198746,0.6990800000,0.6991000000
1790677200256,0.6990800000,0.6991000000
1790677200659,0.6990700000,0.6990900000
1790677202570,0.6990700000,0.6991000000
1790677202973,0.6991100000,0.6991300000
1790677204583,0.6991000000,0.6991200000
1790677205086,0.6990900000,0.6991100000
1790677212734,0.6990500000,0.6990700000
1790677213136,0.6990700000,0.6991000000
1790677213538,0.6990800000,0.6991000000
1790677213941,0.6990700000,0.6990900000
1790677214344,0.6990800000,0.6991000000
1790677217363,0.6990700000,0.6990900000
1790677217765,0.6990800000,0.6991000000
1790677218168,0.6990700000,0.6990900000
1790677219979,0.6990900000,0.6991100000
1790677229945,0.6991200000,0.6991400000
1790677230752,0.6991400000,0.6991600000
1790677231155,0.6991500000,0.6991700000
1790677237194,0.6991400000,0.6991600000
1790677244140,0.6991400000,0.6991700000
1790677244543,0.6991500000,0.6991700000
1790677247765,0.6991500000,0.6991600000
1790677248168,0.6991100000,0.6991300000
1790677251695,0.6991000000,0.6991200000
1790677253004,0.6991100000,0.6991200000
1790677253407,0.6991100000,0.6991300000
1790677253809,0.6991000000,0.6991200000
1790677254214,0.6990700000,0.6990900000
1790677257835,0.6990700000,0.6991000000
1790677258238,0.6991200000,0.6991400000
1790677258641,0.6991300000,0.6991500000
1790677259245,0.6991300000,0.6991600000
1790677259648,0.6991600000,0.6991800000
1790677260352,0.6991600000,0.6991800000
1790677260754,0.6991500000,0.6991700000
1790677261761,0.6991400000,0.6991700000
1790677262164,0.6991400000,0.6991600000
1790677263372,0.6991300000,0.6991600000
1790677263775,0.6991300000,0.6991500000
1790677265184,0.6991200000,0.6991400000
1790677265586,0.6991100000,0.6991300000
1790677269915,0.6991000000,0.6991300000
1790677270317,0.6990900000,0.6991100000
1790677270719,0.6990800000,0.6991100000
1790677272331,0.6990800000,0.6991000000
1790677272733,0.6990700000,0.6990900000
1790677274446,0.6990800000,0.6991000000
1790677275654,0.6991000000,0.6991300000
1790677276459,0.6991200000,0.6991500000
1790677280083,0.6991100000,0.6991400000
1790677280485,0.6991100000,0.6991300000
1790677280888,0.6990400000,0.6990800000
1790677282095,0.6990500000,0.6990900000
1790677283807,0.6990500000,0.6990800000
1790677285417,0.6990800000,0.6991100000
1790677285819,0.6990900000,0.6991300000
1790677286725,0.6990900000,0.6991200000
1790677290350,0.6990600000,0.6990900000
1790677291558,0.6990500000,0.6990700000
1790677291960,0.6990500000,0.6990800000
1790677292765,0.6990600000,0.6990900000
1790677293570,0.6990600000,0.6990800000
1790677293973,0.6990600000,0.6990900000
1790677294376,0.6990400000,0.6990700000
1790677295181,0.6990500000,0.6990800000
1790677295584,0.6990400000,0.6990700000
1790677295987,0.6990500000,0.6990900000
1790677296389,0.6990500000,0.6990800000
1790677297194,0.6990400000,0.6990700000
1790677300314,0.6990500000,0.6990800000
1790677301522,0.6990500000,0.6990700000
1790677301925,0.6990500000,0.6990900000
1790677303434,0.6990400000,0.6990800000
1790677305248,0.6990500000,0.6990800000
1790677305651,0.6990500000,0.6990900000
1790677306858,0.6990600000,0.6990900000
1790677307261,0.6990500000,0.6990800000
1790677308972,0.6990700000,0.6991000000
1790677309377,0.6990700000,0.6990900000
1790677310785,0.6990800000,0.6990900000
1790677311187,0.6990800000,0.6991200000
1790677311591,0.6990800000,0.6991100000
1790677311995,0.6990800000,0.6991000000
1790677312800,0.6990800000,0.6991100000
1790677313203,0.6990900000,0.6991200000
1790677318133,0.6990900000,0.6991100000
1790677318535,0.6990800000,0.6991100000
1790677318938,0.6990600000,0.6990800000
1790677320247,0.6990500000,0.6990800000
1790677322563,0.6990500000,0.6990700000
1790677322966,0.6990500000,0.6990800000
1790677326289,0.6990100000,0.6990300000
1790677331824,0.6990100000,0.6990400000
1790677332227,0.6990300000,0.6990600000
1790677336252,0.6990500000,0.6990800000
1790677337459,0.6990500000,0.6990900000
1790677337862,0.6990500000,0.6990800000
1790677338265,0.6990400000,0.6990700000
1790677341388,0.6990300000,0.6990600000
1790677341790,0.6990300000,0.6990500000
1790677342193,0.6990300000,0.6990600000
1790677344407,0.6990500000,0.6990900000
1790677345212,0.6990500000,0.6990800000
1790677345615,0.6990500000,0.6990900000
1790677347628,0.6990500000,0.6990800000
1790677348031,0.6990400000,0.6990800000
1790677348835,0.6990500000,0.6990800000
1790677350042,0.6990500000,0.6990900000
1790677350446,0.6990800000,0.6991100000
1790677351554,0.6990800000,0.6991200000
1790677351956,0.6990900000,0.6991200000
1790677352760,0.6990900000,0.6991300000
1790677353565,0.6990900000,0.6991200000
1790677354772,0.6990800000,0.6991100000
1790677356383,0.6990900000,0.6991300000
1790677356787,0.6990900000,0.6991100000
1790677357189,0.6990900000,0.6991200000
1790677357591,0.6990900000,0.6991100000
1790677359705,0.6990800000,0.6991100000
1790677365141,0.6990800000,0.6991200000
1790677365946,0.6990800000,0.6991100000
1790677366348,0.6990800000,0.6991200000
1790677366751,0.6990800000,0.6991100000
1790677367153,0.6990800000,0.6991000000
1790677367556,0.6990800000,0.6991100000
1790677368763,0.6990700000,0.6991000000
1790677369166,0.6990700000,0.6990900000
1790677369569,0.6990700000,0.6991000000
1790677371079,0.6990700000,0.6991100000
1790677371480,0.6990900000,0.6991200000
1790677372290,0.6990800000,0.6990900000
1790677372692,0.6990900000,0.6991100000
1790677373095,0.6991100000,0.6991500000
1790677375612,0.6991200000,0.6991500000
1790677376417,0.6991100000,0.6991400000
1790677376919,0.6991100000,0.6991500000
1790677378127,0.6991300000,0.6991600000
1790677379335,0.6991300000,0.6991400000
1790677380241,0.6991100000,0.6991400000
1790677381045,0.6991100000,0.6991500000
1790677381448,0.6991100000,0.6991400000
1790677382756,0.6991100000,0.6991300000
1790677383259,0.6991100000,0.6991400000
1790677383662,0.6991000000,0.6991300000
1790677384870,0.6991000000,0.6991200000
1790677386080,0.6991000000,0.6991300000
1790677387891,0.6991200000,0.6991500000
1790677388294,0.6991200000,0.6991400000
1790677388696,0.6991100000,0.6991400000
1790677389501,0.6991100000,0.6991500000
1790677393527,0.6991100000,0.6991400000
1790677396446,0.6991200000,0.6991500000
1790677396849,0.6991200000,0.6991600000
1790677397251,0.6991300000,0.6991600000
1790677398157,0.6991600000,0.6991800000
1790677398560,0.6991600000,0.6991900000
1790677398962,0.6991600000,0.6991800000
1790677402183,0.6991600000,0.6991900000
1790677403894,0.6991600000,0.6991800000
1790677405102,0.6991300000,0.6991700000
1790677407517,0.6991300000,0.6991600000
1790677407920,0.6991300000,0.6991700000
1790677417380,0.6991300000,0.6991600000
1790677417783,0.6991300000,0.6991700000
1790677423421,0.6991500000,0.6991800000
1790677425132,0.6991500000,0.6991900000
1790677425534,0.6991500000,0.6991800000
1790677426842,0.6991500000,0.6991900000
1790677427244,0.6991700000,0.6991900000
1790677428050,0.6991600000,0.6991800000
1790677429660,0.6991600000,0.6991900000
1790677430063,0.6991700000,0.6992000000
1790677433989,0.6991600000,0.6992000000
1790677434391,0.6992000000,0.6992300000
1790677436001,0.6992200000,0.6992500000
1790677436405,0.6992300000,0.6992600000
1790677438418,0.6992200000,0.6992400000
1790677438821,0.6992200000,0.6992300000
1790677439223,0.6992000000,0.6992300000
1790677439626,0.6992100000,0.6992300000
1790677440029,0.6992000000,0.6992300000
1790677440531,0.6991800000,0.6992100000
1790677441335,0.6991700000,0.6991900000
1790677442543,0.6991800000,0.6992100000
1790677443348,0.6991900000,0.6992100000
1790677443752,0.6991900000,0.6992200000
1790677444153,0.6991900000,0.6992100000
1790677445866,0.6991900000,0.6992000000
1790677446269,0.6991800000,0.6992000000
1790677446672,0.6991900000,0.6992000000
1790677447074,0.6991800000,0.6992000000
1790677447980,0.6991900000,0.6992000000
1790677448784,0.6992000000,0.6992100000
1790677449187,0.6991800000,0.6992000000
1790677449993,0.6991700000,0.6991900000
1790677450797,0.6991600000,0.6991800000
1790677451200,0.6991500000,0.6991800000
1790677451603,0.6991300000,0.6991500000
1790677455127,0.6991100000,0.6991300000
1790677455529,0.6991300000,0.6991500000
1790677460160,0.6991400000,0.6991600000
1790677462475,0.6990900000,0.6991100000
1790677463280,0.6990800000,0.6991000000
1790677468413,0.6990900000,0.6991100000
1790677469320,0.6990800000,0.6991000000
1790677470427,0.6990600000,0.6990800000
1790677470829,0.6990500000,0.6990700000
1790677472440,0.6991100000,0.6991300000
1790677475963,0.6991300000,0.6991500000
1790677476868,0.6991200000,0.6991400000
1790677479484,0.6991200000,0.6991300000
1790677479887,0.6991100000,0.6991300000
1790677481497,0.6991200000,0.6991400000
1790677484215,0.6991100000,0.6991300000
1790677484618,0.6990900000,0.6991100000
1790677485021,0.6991100000,0.6991300000
1790677487940,0.6990800000,0.6991000000
1790677490657,0.6990900000,0.6991000000
1790677491059,0.6990800000,0.6991000000
1790677492671,0.6990700000,0.6991000000
1790677493073,0.6990700000,0.6990900000
1790677494784,0.6990800000,0.6991000000
1790677498808,0.6991100000,0.6991300000
1790677500217,0.6991100000,0.6991300000
1790677500620,0.6991200000,0.6991400000
1790677501022,0.6991100000,0.6991300000
1790677502229,0.6991200000,0.6991300000
1790677502531,0.6991300000,0.6991400000
1790677502934,0.6991200000,0.6991400000
1790677512395,0.6991300000,0.6991400000
1790677512797,0.6991200000,0.6991400000
1790677520246,0.6991300000,0.6991400000
1790677520647,0.6991200000,0.6991400000
1790677525378,0.6991300000,0.6991400000
1790677525780,0.6992000000,0.6992200000
1790677526585,0.6991900000,0.6992100000
1790677528699,0.6992100000,0.6992300000
1790677529101,0.6992200000,0.6992400000
1790677529505,0.6992300000,0.6992400000
1790677530311,0.6992200000,0.6992400000
1790677531518,0.6992100000,0.6992300000
1790677531920,0.6992000000,0.6992200000
1790677533329,0.6992200000,0.6992400000
1790677533732,0.6992100000,0.6992300000
1790677534537,0.6992200000,0.6992400000
1790677535342,0.6992300000,0.6992400000
1790677536349,0.6992200000,0.6992400000
1790677537154,0.6992100000,0.6992300000
1790677538362,0.6992100000,0.6992400000
1790677538765,0.6992200000,0.6992400000
1790677540275,0.6992300000,0.6992400000
1790677540677,0.6992200000,0.6992400000
1790677541080,0.6992300000,0.6992400000
1790677541885,0.6992400000,0.6992600000
1790677542589,0.6992400000,0.6992700000
1790677542992,0.6992600000,0.6992800000
1790677543394,0.6992800000,0.6992900000
1790677544200,0.6992700000,0.6992900000
1790677544602,0.6992900000,0.6993000000
1790677547220,0.6992800000,0.6993000000
1790677548428,0.6992900000,0.6993000000
1790677548831,0.6992800000,0.6993000000
1790677550039,0.6992900000,0.6993100000
1790677550442,0.6993100000,0.6993300000
1790677550844,0.6993000000,0.6993100000
1790677551247,0.6992800000,0.6993100000
1790677551649,0.6992900000,0.6993100000
1790677552052,0.6992800000,0.6993000000
1790677552459,0.6992700000,0.6993000000
1790677553666,0.6992600000,0.6992900000
1790677554069,0.6993000000,0.6993100000
1790677554471,0.6993000000,0.6993200000
1790677556584,0.6993300000,0.6993400000
1790677557087,0.6993200000,0.6993400000
1790677557489,0.6993300000,0.6993500000
1790677558294,0.6993400000,0.6993500000
1790677558697,0.6993300000,0.6993500000
1790677560007,0.6993400000,0.6993500000
1790677560410,0.6993300000,0.6993500000
1790677562221,0.6993100000,0.6993300000
1790677563730,0.6993200000,0.6993400000
1790677581563,0.6993300000,0.6993500000
1790677583073,0.6993400000,0.6993500000
1790677583375,0.6993600000,0.6993900000
1790677585891,0.6993300000,0.6993500000
1790677590318,0.6993100000,0.6993400000
1790677590720,0.6992400000,0.6992600000
1790677592130,0.6992200000,0.6992500000
1790677593941,0.6992600000,0.6992800000
1790677597865,0.6992500000,0.6992700000
1790677608433,0.6992300000,0.6992700000
1790677608836,0.6992300000,0.6992600000
1790677609943,0.6992400000,0.6992600000
1790677610347,0.6992300000,0.6992600000
1790677612765,0.6992500000,0.6992700000
1790677613974,0.6992600000,0.6992800000
1790677614780,0.6992700000,0.6992900000
1790677618703,0.6992600000,0.6992900000
1790677619105,0.6992500000,0.6992700000
1790677620412,0.6992500000,0.6992700000
1790677627960,0.6992200000,0.6992400000
1790677630475,0.6991800000,0.6992000000
1790677632387,0.6991700000,0.6992000000
1790677632789,0.6991800000,0.6992000000
1790677634098,0.6991700000,0.6992000000
1790677634500,0.6991800000,0.6992000000
1790677634902,0.6991700000,0.6992000000
1790677635305,0.6991700000,0.6991900000
1790677636714,0.6991800000,0.6991900000
1790677637117,0.6991800000,0.6992000000
1790677637519,0.6991700000,0.6992000000
1790677639332,0.6991800000,0.6992000000
1790677640439,0.6991700000,0.6992000000
1790677641245,0.6991700000,0.6991900000
1790677642654,0.6991600000,0.6991800000
1790677643963,0.6991700000,0.6991900000
1790677648190,0.6991600000,0.6991900000
1790677651413,0.6991600000,0.6991800000
1790677653928,0.6991600000,0.6991900000
1790677654330,0.6991700000,0.6991900000
1790677655638,0.6991800000,0.6991900000
1790677656040,0.6991800000,0.6992000000
1790677657953,0.6991700000,0.6992000000
1790677662280,0.6991800000,0.6992000000
1790677665501,0.6991700000,0.6992000000
1790677665904,0.6991800000,0.6992000000
1790677667413,0.6992300000,0.6992500000
1790677668218,0.6992400000,0.6992500000
1790677668621,0.6992500000,0.6992700000
1790677670734,0.6992400000,0.6992600000
1790677671539,0.6992500000,0.6992800000
1790677672343,0.6992600000,0.6992900000
1790677672749,0.6992700000,0.6993000000
1790677673152,0.6992800000,0.6993000000
1790677673756,0.6992700000,0.6993000000
1790677674561,0.6992700000,0.6992900000
1790677675265,0.6992700000,0.6993000000
1790677676473,0.6992700000,0.6992900000
1790677676876,0.6992500000,0.6992700000
1790677677278,0.6992600000,0.6992800000
1790677680500,0.6992600000,0.6992900000
1790677680902,0.6992800000,0.6993000000
1790677681707,0.6992600000,0.6992900000
1790677683520,0.6992500000,0.6992800000
1790677683922,0.6992500000,0.6992900000
1790677684324,0.6992600000,0.6992900000
1790677684827,0.6992600000,0.6992800000
1790677685230,0.6992600000,0.6992900000
1790677686035,0.6992600000,0.6992800000
1790677686940,0.6992600000,0.6992900000
1790677688450,0.6992600000,0.6992800000
1790677689255,0.6992500000,0.6992800000
1790677689657,0.6992300000,0.6992500000
1790677690060,0.6992300000,0.6992600000
1790677690462,0.6992200000,0.6992400000
1790677691267,0.6992200000,0.6992500000
1790677693280,0.6992300000,0.6992600000
1790677693683,0.6992200000,0.6992600000
1790677694488,0.6992300000,0.6992600000
1790677695393,0.6992300000,0.6992700000
1790677696198,0.6992400000,0.6992700000
1790677697305,0.6992300000,0.6992700000
1790677697707,0.6992400000,0.6992700000
1790677701230,0.6992400000,0.6992600000
1790677701633,0.6992300000,0.6992600000
1790677702438,0.6992100000,0.6992500000
1790677704450,0.6992000000,0.6992300000
1790677704853,0.6992000000,0.6992200000
1790677710389,0.6991800000,0.6992100000
1790677711599,0.6991800000,0.6992000000
1790677712001,0.6991800000,0.6992100000
1790677712403,0.6991700000,0.6992000000
1790677713308,0.6991700000,0.6992100000
1790677713812,0.6991800000,0.6992100000
1790677720956,0.6991800000,0.6992000000
1790677723374,0.6991700000,0.6992000000
1790677723776,0.6991700000,0.6991900000
1790677724583,0.6991700000,0.6992000000
1790677725588,0.6991700000,0.6992100000
1790677727197,0.6991800000,0.6992100000
1790677728807,0.6991900000,0.6992200000
1790677733741,0.6991900000,0.6992300000
1790677734547,0.6991900000,0.6992200000
1790677735554,0.6992000000,0.6992400000
1790677735956,0.6992000000,0.6992300000
1790677737065,0.6992100000,0.6992400000
1790677737467,0.6992200000,0.6992500000
1790677737870,0.6992100000,0.6992500000
1790677738273,0.6992100000,0.6992400000
1790677739178,0.6992100000,0.6992500000
1790677740285,0.6992400000,0.6992500000
1790677740687,0.6992100000,0.6992300000
1790677741090,0.6992100000,0.6992400000
1790677741493,0.6992100000,0.6992300000
1790677743104,0.6991800000,0.6992100000
1790677743506,0.6991700000,0.6992000000
1790677746324,0.6991700000,0.6991900000
1790677746827,0.6991700000,0.6992000000
1790677747230,0.6991700000,0.6992100000
1790677748238,0.6991700000,0.6991900000
1790677749046,0.6991700000,0.6992000000
1790677749449,0.6991700000,0.6991900000
1790677749851,0.6991700000,0.6992100000
1790677751159,0.6991800000,0.6992200000
1790677751964,0.6991800000,0.6992100000
1790677754983,0.6991800000,0.6992200000
1790677758204,0.6991800000,0.6992000000
1790677758607,0.6991600000,0.6991900000
1790677760721,0.6991600000,0.6992000000
1790677761123,0.6991700000,0.6992100000
1790677761526,0.6991700000,0.6992000000
1790677763135,0.6991700000,0.6992100000
1790677765248,0.6991700000,0.6992200000
1790677767563,0.6991800000,0.6992200000
1790677767965,0.6991900000,0.6992200000
1790677769880,0.6991800000,0.6992200000
1790677770684,0.6991900000,0.6992200000
1790677773102,0.6991800000,0.6992200000
1790677774310,0.6992000000,0.6992400000
1790677776322,0.6992100000,0.6992500000
1790677776724,0.6992100000,0.6992400000
1790677777934,0.6992100000,0.6992500000
1790677778336,0.6992200000,0.6992500000
1790677778739,0.6992200000,0.6992400000
1790677780047,0.6992200000,0.6992500000
1790677782866,0.6992200000,0.6992400000
1790677783267,0.6992100000,0.6992400000
1790677784073,0.6992200000,0.6992500000
1790677784475,0.6992000000,0.6992400000
1790677785683,0.6992000000,0.6992300000
1790677786085,0.6992000000,0.6992400000
1790677786488,0.6992100000,0.6992400000
1790677787696,0.6992100000,0.6992500000
1790677788099,0.6992100000,0.6992400000
1790677789508,0.6992000000,0.6992400000
1790677790413,0.6992000000,0.6992300000
1790677790816,0.6992000000,0.6992400000
1790677791219,0.6992000000,0.6992300000
1790677791622,0.6992000000,0.6992400000
1790677792024,0.6992100000,0.6992400000
1790677792427,0.6992000000,0.6992400000
1790677793235,0.6992000000,0.6992300000
1790677793637,0.6992000000,0.6992400000
1790677795750,0.6992100000,0.6992400000
1790677796152,0.6992000000,0.6992400000
1790677796555,0.6992000000,0.6992300000
1790677796957,0.6992000000,0.6992400000
1790677797361,0.6992000000,0.6992300000
1790677797762,0.6992000000,0.6992400000
1790677798972,0.6991900000,0.6992200000
1790677799374,0.6992000000,0.6992400000
1790677799776,0.6992000000,0.6992300000
1790677800179,0.6992300000,0.6992500000
1790677800582,0.6992500000,0.6992800000
1790677801994,0.6992500000,0.6992900000
1790677802799,0.6992200000,0.6992500000
1790677803202,0.6992100000,0.6992400000
1790677805214,0.6992200000,0.6992500000
1790677806421,0.6991800000,0.6992100000
1790677807628,0.6991800000,0.6992000000
1790677808031,0.6991800000,0.6992100000
1790677810851,0.6991800000,0.6992000000
1790677811254,0.6991800000,0.6992100000
1790677811656,0.6991700000,0.6991900000
1790677812763,0.6991600000,0.6991900000
1790677813166,0.6991300000,0.6991700000
1790677814373,0.6991700000,0.6992100000
1790677814776,0.6991800000,0.6992100000
1790677815179,0.6991800000,0.6992200000
1790677815582,0.6991700000,0.6992100000
1790677816790,0.6991700000,0.6992000000
1790677818399,0.6991500000,0.6991900000
1790677818802,0.6991600000,0.6991900000
1790677819205,0.6991600000,0.6992000000
1790677819607,0.6991700000,0.6992000000
1790677820010,0.6991600000,0.6991900000
1790677821218,0.6991300000,0.6991600000
1790677824439,0.6991300000,0.6991500000
1790677824842,0.6990600000,0.6990900000
1790677825246,0.6990300000,0.6990600000
1790677825647,0.6990300000,0.6990700000
1790677826050,0.6990300000,0.6990600000
1790677826855,0.6990200000,0.6990400000
1790677827257,0.6989800000,0.6990100000
1790677830779,0.6989700000,0.6990000000
1790677831687,0.6989700000,0.6990100000
1790677832492,0.6989800000,0.6990200000
1790677833297,0.6990100000,0.6990300000
1790677833700,0.6990200000,0.6990600000
1790677834807,0.6990300000,0.6990500000
1790677836014,0.6990300000,0.6990600000
1790677837926,0.6990300000,0.6990700000
1790677839134,0.6990300000,0.6990600000
1790677839939,0.6990300000,0.6990500000
1790677840743,0.6990100000,0.6990400000
1790677841146,0.6989800000,0.6990200000
1790677841549,0.6989800000,0.6990100000
1790677841952,0.6989700000,0.6990100000
1790677842757,0.6989700000,0.6990000000
1790677843161,0.6989100000,0.6989400000
1790677843563,0.6988900000,0.6989200000
1790677843966,0.6988900000,0.6989300000
1790677845174,0.6989100000,0.6989500000
1790677845577,0.6989200000,0.6989600000
1790677845979,0.6989300000,0.6989700000
1790677846382,0.6989200000,0.6989500000
1790677846785,0.6989300000,0.6989700000
1790677847591,0.6989300000,0.6989500000
1790677847994,0.6989200000,0.6989600000
1790677848396,0.6989200000,0.6989500000
1790677849301,0.6989200000,0.6989600000
1790677850409,0.6989400000,0.6989700000
1790677852422,0.6989300000,0.6989700000
1790677852825,0.6989200000,0.6989600000
1790677853232,0.6989300000,0.6989600000
1790677853635,0.6989300000,0.6989700000
1790677854037,0.6989200000,0.6989500000
1790677855246,0.6989200000,0.6989600000
1790677855649,0.6989300000,0.6989700000
1790677856455,0.6989100000,0.6989300000
1790677856858,0.6989000000,0.6989300000
1790677857663,0.6989000000,0.6989400000
1790677858065,0.6989000000,0.6989300000
1790677858871,0.6989000000,0.6989400000
1790677859274,0.6989000000,0.6989300000
1790677859676,0.6988900000,0.6989300000
1790677860481,0.6988700000,0.6989000000
1790677860885,0.6988600000,0.6988900000
1790677861286,0.6988700000,0.6988900000
1790677862494,0.6988600000,0.6988800000
1790677864507,0.6988500000,0.6988800000
1790677864910,0.6988500000,0.6988700000
1790677865312,0.6988300000,0.6988500000
1790677865715,0.6988100000,0.6988300000
1790677867023,0.6988000000,0.6988200000
1790677867425,0.6987900000,0.6988000000
1790677867828,0.6987800000,0.6988000000
1790677871147,0.6988100000,0.6988300000
1790677871550,0.6987900000,0.6988100000
1790677872355,0.6987600000,0.6987800000
1790677872759,0.6987400000,0.6987600000
1790677873162,0.6987500000,0.6987700000
1790677873967,0.6987700000,0.6987900000
1790677874776,0.6987800000,0.6988000000
1790677877091,0.6988000000,0.6988200000
1790677877494,0.6988100000,0.6988300000
1790677878098,0.6988000000,0.6988300000
1790677878501,0.6988000000,0.6988200000
1790677879206,0.6987900000,0.6988200000
1790677879608,0.6987700000,0.6987900000
1790677880011,0.6987600000,0.6987800000
1790677881219,0.6987400000,0.6987600000
1790677881622,0.6987800000,0.6987900000
1790677882024,0.6987800000,0.6988000000
1790677883030,0.6987700000,0.6988000000
1790677883432,0.6987700000,0.6987900000
1790677883834,0.6987500000,0.6987900000
1790677884237,0.6987300000,0.6987600000
1790677884640,0.6987400000,0.6987700000
1790677885042,0.6987400000,0.6987600000
1790677885847,0.6987500000,0.6987600000
1790677886249,0.6987600000,0.6987800000
1790677886652,0.6987600000,0.6987900000
1790677887054,0.6987600000,0.6987800000
1790677887860,0.6987500000,0.6987700000
1790677888866,0.6987400000,0.6987600000
1790677889269,0.6987300000,0.6987500000
1790677891987,0.6987300000,0.6987400000
1790677892792,0.6987200000,0.6987400000
1790677897724,0.6987100000,0.6987300000
1790677898026,0.6987200000,0.6987400000
1790677898935,0.6987300000,0.6987400000
1790677899839,0.6987300000,0.6987500000
1790677900644,0.6987400000,0.6987500000
1790677901651,0.6987200000,0.6987500000
1790677902054,0.6987300000,0.6987500000
1790677903261,0.6987300000,0.6987600000
1790677903664,0.6987300000,0.6987500000
1790677904066,0.6987200000,0.6987500000
1790677905274,0.6987300000,0.6987600000
1790677909702,0.6987600000,0.6987800000
1790677910104,0.6987500000,0.6987700000
1790677911513,0.6987400000,0.6987700000
1790677911916,0.6987400000,0.6987600000
1790677912821,0.6987300000,0.6987600000
1790677914032,0.6987400000,0.6987600000
1790677914837,0.6987300000,0.6987600000
1790677915641,0.6987500000,0.6987800000
1790677916044,0.6987800000,0.6988000000
1790677918159,0.6988000000,0.6988100000
1790677918662,0.6987900000,0.6988100000
1790677919367,0.6988000000,0.6988200000
1790677919871,0.6987900000,0.6988100000
1790677920274,0.6988000000,0.6988200000
1790677921985,0.6987800000,0.6988100000
1790677922387,0.6987900000,0.6988100000
1790677923192,0.6988200000,0.6988400000
1790677923594,0.6988300000,0.6988500000
1790677923997,0.6988400000,0.6988500000
1790677925003,0.6988300000,0.6988500000
1790677925406,0.6988200000,0.6988500000
1790677925909,0.6988300000,0.6988500000
1790677926614,0.6988200000,0.6988500000
1790677927017,0.6988400000,0.6988600000
1790677927419,0.6988600000,0.6988800000
1790677928526,0.6988400000,0.6988600000
1790677928929,0.6988500000,0.6988800000
1790677929734,0.6988100000,0.6988400000
1790677931042,0.6987900000,0.6988200000
1790677931444,0.6988000000,0.6988300000
1790677933156,0.6987700000,0.6987900000
1790677933961,0.6987900000,0.6988100000
1790677934363,0.6988500000,0.6988700000
1790677934766,0.6988500000,0.6988800000
1790677937283,0.6988500000,0.6988900000
1790677937686,0.6988700000,0.6988900000
1790677938089,0.6988600000,0.6988800000
1790677938491,0.6988400000,0.6988700000
1790677938894,0.6988500000,0.6988700000
1790677939297,0.6988500000,0.6988800000
1790677939699,0.6988600000,0.6988900000
1790677940505,0.6988700000,0.6988900000
1790677940907,0.6988600000,0.6988900000
1790677942014,0.6988600000,0.6988800000
1790677944330,0.6988400000,0.6988600000
1790677944732,0.6988300000,0.6988500000
1790677946844,0.6988300000,0.6988600000
1790677947247,0.6988600000,0.6988800000
1790677948555,0.6988300000,0.6988600000
1790677949461,0.6988400000,0.6988600000
1790677949865,0.6988400000,0.6988700000
1790677950266,0.6988400000,0.6988600000
1790677950669,0.6988400000,0.6988700000
1790677951071,0.6988400000,0.6988600000
1790677951977,0.6988300000,0.6988600000
1790677952379,0.6988000000,0.6988300000
1790677953185,0.6988000000,0.6988200000
1790677953790,0.6988000000,0.6988300000
1790677954193,0.6988200000,0.6988400000
1790677956910,0.6988200000,0.6988300000
1790677957313,0.6987500000,0.6987700000
1790677958117,0.6987400000,0.6987700000
1790677959325,0.6987900000,0.6988100000
1790677960733,0.6987900000,0.6988200000
1790677961136,0.6988000000,0.6988200000
1790677961539,0.6987900000,0.6988100000
1790677961942,0.6988000000,0.6988200000
1790677962848,0.6987900000,0.6988200000
1790677963150,0.6987900000,0.6988100000
1790677965164,0.6988000000,0.6988200000
1790677966370,0.6987900000,0.6988100000
1790677966773,0.6987800000,0.6988000000
1790677968685,0.6987700000,0.6988000000
1790677969088,0.6987800000,0.6988100000
1790677969490,0.6987600000,0.6987900000
1790677969893,0.6987600000,0.6987800000
1790677970999,0.6988200000,0.6988400000
1790677971401,0.6988000000,0.6988100000
1790677971804,0.6988100000,0.6988300000
1790677973112,0.6988200000,0.6988400000
1790677975732,0.6988200000,0.6988500000
1790677976134,0.6988400000,0.6988700000
1790677979255,0.6988600000,0.6988800000
1790677980060,0.6989000000,0.6989300000
1790677980865,0.6988900000,0.6989200000
1790677982073,0.6989300000,0.6989500000
1790677982475,0.6989100000,0.6989400000
1790677984085,0.6988700000,0.6988900000
1790677984488,0.6988600000,0.6988800000
1790677988010,0.6988300000,0.6988500000
1790677988412,0.6988200000,0.6988400000
1790677988815,0.6988100000,0.6988300000
1790677992136,0.6988000000,0.6988300000
1790677993746,0.6988100000,0.6988300000
1790677994148,0.6988000000,0.6988300000
1790677997468,0.6987900000,0.6988200000
1790677997871,0.6987700000,0.6987900000
1790677998675,0.6987600000,0.6987800000
1790677999078,0.6987500000,0.6987700000
1790677999783,0.6987500000,0.6987800000
1790678000185,0.6987600000,0.6987900000
1790678000588,0.6987700000,0.6987900000
1790678000991,0.6987800000,0.6988000000
1790678012261,0.6987700000,0.6988000000
1790678012663,0.6987800000,0.6988000000
1790678013973,0.6987700000,0.6988000000
1790678014879,0.6987800000,0.6988000000
1790678015281,0.6988100000,0.6988400000
1790678015684,0.6988000000,0.6988400000
1790678016086,0.6988200000,0.6988500000
1790678017696,0.6988100000,0.6988500000
1790678018099,0.6988200000,0.6988500000
1790678018502,0.6988100000,0.6988500000
1790678019307,0.6988000000,0.6988400000
1790678020918,0.6988100000,0.6988400000
1790678021320,0.6988200000,0.6988400000
1790678021723,0.6988000000,0.6988300000
1790678022125,0.6987900000,0.6988200000
1790678025847,0.6987700000,0.6988000000
1790678026251,0.6987800000,0.6988100000
1790678027862,0.6987900000,0.6988200000
1790678028668,0.6987800000,0.6988100000
1790678029976,0.6987900000,0.6988200000
1790678035414,0.6987800000,0.6988100000
1790678035816,0.6987900000,0.6988100000
1790678036219,0.6987800000,0.6988100000
1790678040348,0.6987900000,0.6988200000
1790678041052,0.6987700000,0.6988000000
1790678043166,0.6987800000,0.6988000000
1790678043569,0.6987700000,0.6987900000
1790678043972,0.6987200000,0.6987400000
1790678046589,0.6987300000,0.6987500000
1790678047796,0.6987400000,0.6987600000
1790678049003,0.6987500000,0.6987700000
1790678050110,0.6987400000,0.6987700000
1790678050512,0.6987300000,0.6987500000
1790678051317,0.6987800000,0.6988000000
1790678053531,0.6987700000,0.6988000000
1790678054235,0.6987800000,0.6988000000
1790678054638,0.6987800000,0.6988100000
1790678055845,0.6987900000,0.6988100000
1790678056248,0.6987900000,0.6988200000
1790678058059,0.6987900000,0.6988100000
1790678059368,0.6987900000,0.6988200000
1790678060576,0.6987900000,0.6988100000
1790678060979,0.6987800000,0.6988000000
1790678061381,0.6987700000,0.6987900000
1790678063293,0.6987800000,0.6988100000
1790678064501,0.6987700000,0.6987800000
1790678064904,0.6987700000,0.6987900000
1790678065306,0.6987700000,0.6987800000
1790678065708,0.6987700000,0.6987900000
1790678069936,0.6987600000,0.6987800000
1790678072554,0.6987300000,0.6987600000
1790678072956,0.6987300000,0.6987500000
1790678073358,0.6987200000,0.6987500000
1790678076479,0.6987300000,0.6987500000
1790678076881,0.6987300000,0.6987600000
1790678078089,0.6987300000,0.6987500000
1790678078492,0.6987600000,0.6987700000
1790678078895,0.6987600000,0.6987900000
1790678079298,0.6987700000,0.6988000000
1790678079699,0.6987600000,0.6987900000
1790678080102,0.6987700000,0.6988000000
1790678085339,0.6988000000,0.6988400000
1790678087351,0.6987900000,0.6988100000
1790678088156,0.6987800000,0.6988000000
1790678091981,0.6987700000,0.6987900000
1790678095004,0.6987600000,0.6987900000
1790678098526,0.6987700000,0.6987900000
1790678100136,0.6987700000,0.6988000000
1790678100942,0.6987700000,0.6987900000
1790678102654,0.6987600000,0.6987800000
1790678103057,0.6987700000,0.6987900000
1790678106381,0.6987800000,0.6987900000
1790678108394,0.6987700000,0.6987900000
1790678108796,0.6988100000,0.6988300000
1790678109199,0.6988100000,0.6988400000
1790678109602,0.6988100000,0.6988300000
1790678110406,0.6988100000,0.6988400000
1790678112520,0.6988100000,0.6988300000
1790678112923,0.6988100000,0.6988400000
1790678114030,0.6988400000,0.6988600000
1790678117251,0.6988200000,0.6988500000
1790678118761,0.6988300000,0.6988500000
1790678119165,0.6988400000,0.6988500000
1790678124499,0.6988300000,0.6988500000
1790678124902,0.6988200000,0.6988500000
1790678126109,0.6988300000,0.6988500000
1790678127217,0.6988200000,0.6988500000
1790678127619,0.6988300000,0.6988500000
1790678128022,0.6988200000,0.6988500000
1790678128424,0.6988300000,0.6988500000
1790678130336,0.6988200000,0.6988500000
1790678130738,0.6988300000,0.6988400000
1790678131141,0.6988300000,0.6988500000
1790678131946,0.6988800000,0.6989000000
1790678133757,0.6988700000,0.6989000000
1790678134160,0.6988700000,0.6988900000
1790678137883,0.6988800000,0.6989000000
1790678138185,0.6989000000,0.6989200000
1790678139291,0.6988900000,0.6989100000
1790678141103,0.6988800000,0.6989100000
1790678141505,0.6988500000,0.6988700000
1790678143624,0.6988600000,0.6988800000
1790678145134,0.6988700000,0.6988900000
1790678146645,0.6988600000,0.6988800000
1790678148457,0.6988700000,0.6988900000
1790678151377,0.6988300000,0.6988500000
1790678152383,0.6988200000,0.6988400000
1790678154500,0.6988300000,0.6988500000
1790678154903,0.6988500000,0.6988700000
1790678155306,0.6988600000,0.6988800000
1790678155909,0.6988600000,0.6988900000
1790678156311,0.6988700000,0.6988900000
1790678156714,0.6988600000,0.6988800000
1790678157720,0.6988700000,0.6988900000
1790678160337,0.6988700000,0.6988900000
1790678160740,0.6988400000,0.6988600000
1790678161545,0.6988300000,0.6988500000
1790678166377,0.6988300000,0.6988600000
1790678166780,0.6989000000,0.6989200000
1790678167182,0.6989100000,0.6989300000
1790678171310,0.6989200000,0.6989400000
1790678171713,0.6989100000,0.6989300000
1790678176065,0.6988800000,0.6989000000
1790678176468,0.6989100000,0.6989300000
1790678177675,0.6988800000,0.6989000000
1790678180493,0.6988900000,0.6989000000
1790678180896,0.6988800000,0.6989000000
1790678182205,0.6988700000,0.6988900000
1790678184217,0.6988600000,0.6988800000
1790678184619,0.6988700000,0.6988800000
1790678185022,0.6988700000,0.6988900000
1790678186130,0.6988600000,0.6988900000
1790678186533,0.6988500000,0.6988700000
1790678190560,0.6988400000,0.6988600000
1790678190962,0.6988300000,0.6988500000
1790678191768,0.6988200000,0.6988400000
1790678192975,0.6988300000,0.6988500000
1790678194183,0.6988200000,0.6988400000
1790678195390,0.6988100000,0.6988300000
1790678198612,0.6988200000,0.6988300000
1790678199014,0.6988200000,0.6988400000
1790678199417,0.6988300000,0.6988400000
1790678199820,0.6988200000,0.6988400000
1790678200222,0.6988100000,0.6988400000
1790678203441,0.6988200000,0.6988400000
1790678203844,0.6988100000,0.6988400000
1790678204247,0.6988200000,0.6988400000
1790678204649,0.6988100000,0.6988300000
1790678205052,0.6988100000,0.6988400000
1790678206463,0.6988200000,0.6988400000
1790678207267,0.6988100000,0.6988400000
1790678207871,0.6988200000,0.6988400000
1790678210391,0.6988100000,0.6988400000
1790678211598,0.6988200000,0.6988400000
1790678212001,0.6988100000,0.6988400000
1790678212403,0.6988300000,0.6988500000
1790678214621,0.6988200000,0.6988500000
1790678214923,0.6988300000,0.6988500000
1790678215832,0.6987800000,0.6988000000
1790678216840,0.6987700000,0.6988000000
1790678217242,0.6987800000,0.6988000000
1790678218551,0.6987900000,0.6988100000
1790678218954,0.6987800000,0.6988000000
1790678220765,0.6987800000,0.6988000000
1790678221169,0.6987700000,0.6987900000
1790678233046,0.6987600000,0.6987900000
1790678233448,0.6987000000,0.6987200000
1790678233850,0.6986900000,0.6987100000
1790678234756,0.6987000000,0.6987200000
1790678235159,0.6986800000,0.6987000000
1790678235962,0.6986100000,0.6986300000
1790678236366,0.6985800000,0.6986000000
1790678237170,0.6985900000,0.6986100000
1790678237573,0.6985900000,0.6986300000
1790678237975,0.6986600000,0.6986800000
1790678238378,0.6986700000,0.6987100000
1790678239585,0.6986800000,0.6987200000
1790678239988,0.6986800000,0.6987100000
1790678240390,0.6986800000,0.6987200000
1790678240793,0.6987000000,0.6987400000
1790678241296,0.6987100000,0.6987500000
1790678241598,0.6987100000,0.6987400000
1790678242000,0.6987100000,0.6987500000
1790678243208,0.6987300000,0.6987600000
1790678243610,0.6987400000,0.6987800000
1790678245726,0.6987500000,0.6987800000
1790678247740,0.6987700000,0.6988100000
1790678248142,0.6987700000,0.6988000000
1790678248545,0.6987600000,0.6987900000
1790678248947,0.6987200000,0.6987600000
1790678249350,0.6987300000,0.6987700000
1790678252066,0.6987200000,0.6987600000
1790678252469,0.6987300000,0.6987600000
1790678252872,0.6987300000,0.6987700000
1790678255288,0.6987100000,0.6987400000
1790678256496,0.6987100000,0.6987500000
1790678256898,0.6987300000,0.6987600000
1790678257300,0.6987200000,0.6987600000
1790678258709,0.6987400000,0.6987600000
1790678259112,0.6987500000,0.6987800000
1790678259917,0.6987200000,0.6987600000
1790678260722,0.6987400000,0.6987800000
1790678261125,0.6987400000,0.6987700000
1790678261930,0.6987400000,0.6987600000
1790678262534,0.6987300000,0.6987600000
1790678264245,0.6987400000,0.6987800000
1790678264648,0.6987400000,0.6987700000
1790678265050,0.6987200000,0.6987600000
1790678268575,0.6986900000,0.6987200000
1790678268978,0.6986500000,0.6986800000
1790678269783,0.6986700000,0.6987000000
1790678270186,0.6986400000,0.6986700000
1790678271799,0.6986400000,0.6986800000
1790678272604,0.6986400000,0.6986700000
1790678273813,0.6986200000,0.6986500000
1790678274218,0.6986200000,0.6986600000
1790678275827,0.6986200000,0.6986500000
1790678276230,0.6986200000,0.6986600000
1790678277841,0.6986200000,0.6986500000
1790678278243,0.6986000000,0.6986300000
1790678278646,0.6986100000,0.6986300000
1790678279452,0.6986100000,0.6986400000
1790678279854,0.6986300000,0.6986700000
1790678280257,0.6986200000,0.6986600000
1790678281062,0.6986300000,0.6986600000
1790678281465,0.6986300000,0.6986700000
1790678281867,0.6987300000,0.6987700000
1790678282675,0.6987300000,0.6987600000
1790678283178,0.6987200000,0.6987600000
1790678283985,0.6987100000,0.6987500000
1790678284388,0.6987100000,0.6987400000
1790678285595,0.6987100000,0.6987500000
1790678285998,0.6987100000,0.6987300000
1790678286804,0.6987000000,0.6987300000
1790678287206,0.6986800000,0.6987100000
1790678287608,0.6986800000,0.6987200000
1790678288011,0.6986900000,0.6987200000
1790678288815,0.6986900000,0.6987300000
1790678289218,0.6987000000,0.6987400000
1790678290023,0.6986700000,0.6987000000
1790678293243,0.6986800000,0.6987200000
1790678293645,0.6986800000,0.6987100000
1790678294048,0.6986900000,0.6987200000
1790678294854,0.6986800000,0.6987200000
1790678295257,0.6986900000,0.6987200000
1790678295659,0.6987200000,0.6987600000
1790678296063,0.6987300000,0.6987600000
1790678296464,0.6987100000,0.6987400000
1790678296866,0.6987100000,0.6987300000
1790678297270,0.6987000000,0.6987300000
1790678298878,0.6986900000,0.6987200000
1790678299281,0.6986900000,0.6987100000
1790678302401,0.6987200000,0.6987500000
1790678302804,0.6987200000,0.6987600000
1790678303206,0.6987200000,0.6987500000
1790678308943,0.6987300000,0.6987600000
1790678312365,0.6987400000,0.6987600000
1790678312768,0.6987700000,0.6988100000
1790678313574,0.6987800000,0.6988100000
1790678313977,0.6987800000,0.6988200000
1790678314379,0.6987700000,0.6988100000
1790678315184,0.6987700000,0.6987900000
1790678316693,0.6987700000,0.6988000000
1790678317095,0.6987700000,0.6988100000
1790678317900,0.6987800000,0.6988100000
1790678318302,0.6988000000,0.6988300000
1790678320417,0.6988000000,0.6988400000
1790678320820,0.6988000000,0.6988300000
1790678322430,0.6988200000,0.6988400000
1790678326358,0.6988400000,0.6988700000
1790678326761,0.6988700000,0.6989000000
1790678327163,0.6988700000,0.6989100000
1790678328472,0.6988700000,0.6989000000
1790678329176,0.6988700000,0.6989100000
1790678329578,0.6988700000,0.6989000000
1790678331289,0.6988700000,0.6989100000
1790678331692,0.6988700000,0.6989000000
1790678332095,0.6988700000,0.6989100000
1790678333705,0.6989400000,0.6989700000
1790678334107,0.6989400000,0.6989600000
1790678335416,0.6989400000,0.6989800000
1790678336223,0.6989400000,0.6989700000
1790678336625,0.6989500000,0.6989800000
1790678340752,0.6989500000,0.6989800000
1790678341154,0.6989500000,0.6989700000
1790678341558,0.6989600000,0.6989800000
1790678342766,0.6989400000,0.6989800000
1790678345483,0.6989600000,0.6989800000
1790678346087,0.6989600000,0.6989900000
1790678346489,0.6989700000,0.6990100000
1790678349309,0.6990100000,0.6990500000
1790678351724,0.6990100000,0.6990400000
1790678352126,0.6990100000,0.6990500000
1790678352931,0.6990400000,0.6990600000
1790678358067,0.6990200000,0.6990500000
1790678358471,0.6990200000,0.6990600000
1790678359981,0.6990100000,0.6990300000
1790678360384,0.6989900000,0.6990100000
1790678360786,0.6989800000,0.6990100000
1790678362396,0.6990100000,0.6990400000
1790678362799,0.6990100000,0.6990300000
1790678363906,0.6989900000,0.6990200000
1790678364310,0.6989300000,0.6989700000
1790678364712,0.6989300000,0.6989600000
1790678366123,0.6989300000,0.6989500000
1790678366526,0.6989200000,0.6989600000
1790678366929,0.6989300000,0.6989600000
1790678367331,0.6990500000,0.6990800000
1790678367734,0.6991500000,0.6991800000
1790678368136,0.6991200000,0.6991600000
1790678368538,0.6991000000,0.6991300000
1790678368941,0.6991300000,0.6991700000
1790678369343,0.6991200000,0.6991600000
1790678370150,0.6991000000,0.6991400000
1790678370553,0.6991600000,0.6991900000
1790678370955,0.6991400000,0.6991700000
1790678371358,0.6990900000,0.6991200000
1790678371760,0.6990900000,0.6991300000
1790678372164,0.6991600000,0.6991900000
1790678372567,0.6991500000,0.6991800000
1790678372969,0.6991400000,0.6991700000
1790678373372,0.6991000000,0.6991200000
1790678373774,0.6991400000,0.6991600000
1790678374177,0.6991100000,0.6991400000
1790678374580,0.6991000000,0.6991400000
1790678375384,0.6991100000,0.6991300000
1790678375787,0.6991000000,0.6991200000
1790678376190,0.6991100000,0.6991300000
1790678378205,0.6990800000,0.6991100000
1790678378608,0.6990400000,0.6990700000
1790678379010,0.6991100000,0.6991300000
1790678380219,0.6990900000,0.6991200000
1790678380623,0.6990800000,0.6991200000
1790678381025,0.6990700000,0.6991000000
1790678381429,0.6990700000,0.6991100000
1790678381830,0.6990700000,0.6991000000
1790678382233,0.6990700000,0.6990900000
1790678382635,0.6990600000,0.6990900000
1790678383038,0.6990500000,0.6990900000
1790678383844,0.6990400000,0.6990600000
1790678384247,0.6990300000,0.6990500000
1790678384649,0.6990700000,0.6991000000
1790678385052,0.6990800000,0.6991100000
1790678385454,0.6990700000,0.6991000000
1790678386963,0.6990500000,0.6990800000
1790678387768,0.6990600000,0.6990800000
1790678388575,0.6990500000,0.6990800000
1790678388977,0.6990500000,0.6990700000
1790678389380,0.6990700000,0.6991100000
1790678389783,0.6990700000,0.6990900000
1790678390387,0.6990700000,0.6991000000
1790678390789,0.6990600000,0.6990800000
1790678391192,0.6990500000,0.6990800000
1790678391594,0.6990400000,0.6990600000
1790678391997,0.6990500000,0.6990900000
1790678392400,0.6990300000,0.6990600000
1790678392803,0.6990400000,0.6990700000
1790678393205,0.6990300000,0.6990600000
1790678395724,0.6990300000,0.6990700000
1790678396227,0.6990300000,0.6990600000
1790678396630,0.6990000000,0.6990400000
1790678397034,0.6990100000,0.6990400000
1790678397839,0.6990100000,0.6990500000
1790678398241,0.6990100000,0.6990400000
1790678398643,0.6989900000,0.6990100000
1790678399449,0.6989800000,0.6990000000
1790678399851,0.6989900000,0.6990100000
1790678400254,0.6989600000,0.6989900000
1790678400858,0.6989700000,0.6989900000
1790678401260,0.6989600000,0.6989900000
1790678402065,0.6989600000,0.6989800000
1790678402468,0.6988900000,0.6989200000
1790678402871,0.6988600000,0.6988900000
1790678403274,0.6988600000,0.6989000000
1790678403677,0.6988600000,0.6988800000
1790678404079,0.6988500000,0.6988800000
1790678404482,0.6988500000,0.6988700000
1790678404885,0.6988400000,0.6988600000
1790678405287,0.6988300000,0.6988400000
1790678406092,0.6988200000,0.6988400000
1790678406497,0.6988100000,0.6988300000
1790678407301,0.6987900000,0.6988300000
1790678407704,0.6988000000,0.6988300000
1790678408509,0.6987800000,0.6988100000
1790678408912,0.6987900000,0.6988100000
1790678410019,0.6987800000,0.6988100000
1790678410622,0.6987800000,0.6988000000
1790678411730,0.6987700000,0.6988000000
1790678412537,0.6987800000,0.6988100000
1790678415960,0.6987700000,0.6988000000
1790678418375,0.6987800000,0.6988200000
1790678418777,0.6987800000,0.6988100000
1790678419180,0.6987900000,0.6988100000
1790678419582,0.6987800000,0.6988100000
1790678421898,0.6987700000,0.6988000000
1790678422300,0.6987700000,0.6988100000
1790678423106,0.6987700000,0.6988000000
1790678423508,0.6987700000,0.6988100000
1790678423911,0.6987700000,0.6988000000
1790678424314,0.6987700000,0.6988100000
1790678425219,0.6987700000,0.6988000000
1790678426829,0.6987700000,0.6988100000
1790678427231,0.6987700000,0.6988000000
1790678427634,0.6987900000,0.6988200000
1790678429245,0.6988100000,0.6988500000
1790678430857,0.6988100000,0.6988400000
1790678432266,0.6988100000,0.6988300000
1790678433071,0.6988300000,0.6988700000
1790678433473,0.6988400000,0.6988700000
1790678434681,0.6988500000,0.6988700000
1790678435083,0.6988400000,0.6988700000
1790678435487,0.6988400000,0.6988600000
1790678435990,0.6988400000,0.6988700000
1790678436896,0.6988300000,0.6988700000
1790678437298,0.6988400000,0.6988700000
1790678438708,0.6988600000,0.6988900000
1790678439110,0.6988500000,0.6988800000
1790678439513,0.6988500000,0.6988700000
1790678439917,0.6988600000,0.6988800000
1790678440318,0.6988400000,0.6988700000
1790678440721,0.6988400000,0.6988800000
1790678441124,0.6988500000,0.6988900000
1790678441526,0.6988500000,0.6988800000
1790678441929,0.6988300000,0.6988700000
1790678442432,0.6988400000,0.6988700000
1790678444445,0.6988700000,0.6989100000
1790678444847,0.6988700000,0.6988900000
1790678445652,0.6988800000,0.6989200000
1790678447263,0.6988500000,0.6988800000
1790678448069,0.6988500000,0.6988900000
1790678448875,0.6988700000,0.6989000000
1790678449277,0.6988600000,0.6988900000
1790678450485,0.6988500000,0.6988800000
1790678451291,0.6988500000,0.6988900000
1790678452096,0.6988600000,0.6989000000
1790678452500,0.6988900000,0.6989200000
1790678452901,0.6988800000,0.6989000000
1790678453304,0.6988900000,0.6989200000
1790678455922,0.6989100000,0.6989400000
1790678456324,0.6989100000,0.6989300000
1790678456727,0.6989100000,0.6989200000
1790678458136,0.6989000000,0.6989200000
1790678460350,0.6989000000,0.6989200000
1790678460753,0.6988900000,0.6989100000
1790678461156,0.6988800000,0.6989000000
1790678461558,0.6988600000,0.6988700000
1790678461961,0.6988400000,0.6988500000
1790678462767,0.6988300000,0.6988500000
1790678464378,0.6988200000,0.6988400000
1790678464780,0.6987900000,0.6988100000
1790678465182,0.6987800000,0.6988000000
1790678466993,0.6987900000,0.6988000000
1790678467395,0.6987800000,0.6988000000
1790678471823,0.6987800000,0.6987900000
1790678472226,0.6987700000,0.6988000000
1790678475244,0.6987800000,0.6988000000
1790678478365,0.6987900000,0.6988000000
1790678479672,0.6987800000,0.6988000000
1790678480075,0.6987700000,0.6987900000
1790678482891,0.6987800000,0.6987900000
1790678483596,0.6987700000,0.6987900000
1790678484401,0.6987800000,0.6987900000
1790678485609,0.6987700000,0.6987900000
1790678486918,0.6987800000,0.6987900000
1790678488528,0.6987700000,0.6987900000
1790678488931,0.6988300000,0.6988500000
1790678491347,0.6988100000,0.6988300000
1790678492152,0.6988000000,0.6988200000
1790678492555,0.6988100000,0.6988200000
1790678492957,0.6988000000,0.6988200000
1790678496278,0.6988000000,0.6988300000
1790678497084,0.6988000000,0.6988200000
1790678497487,0.6988000000,0.6988300000
1790678498292,0.6988000000,0.6988400000
1790678498695,0.6988000000,0.6988300000
1790678499098,0.6988000000,0.6988200000
1790678499501,0.6987800000,0.6988100000
1790678499902,0.6987700000,0.6987900000
1790678500305,0.6987600000,0.6987900000
1790678500708,0.6987600000,0.6987800000
1790678502219,0.6987500000,0.6987800000
1790678502621,0.6987300000,0.6987600000
1790678505840,0.6987300000,0.6987500000
1790678506242,0.6987500000,0.6987700000
1790678506645,0.6987700000,0.6987900000
1790678507047,0.6987900000,0.6988100000
1790678507450,0.6988000000,0.6988100000
1790678508658,0.6988100000,0.6988300000
1790678515501,0.6988100000,0.6988200000
1790678515904,0.6988100000,0.6988300000
1790678516306,0.6987900000,0.6988100000
1790678517111,0.6987700000,0.6988000000
1790678517513,0.6987500000,0.6987700000
1790678518824,0.6987600000,0.6987800000
1790678520333,0.6987600000,0.6987800000
1790678520734,0.6987700000,0.6987800000
1790678521439,0.6987600000,0.6987800000
1790678522347,0.6987700000,0.6987900000
1790678523955,0.6987600000,0.6987900000
1790678524359,0.6987600000,0.6987800000
1790678527982,0.6987700000,0.6987900000
1790678529491,0.6987700000,0.6987800000
1790678529893,0.6987800000,0.6988000000
1790678531604,0.6987900000,0.6988000000
1790678532007,0.6987900000,0.6988100000
1790678533316,0.6987700000,0.6987900000
1790678535329,0.6987800000,0.6988000000
1790678535831,0.6987800000,0.6988100000
1790678536234,0.6988100000,0.6988300000
1790678538146,0.6988100000,0.6988400000
1790678538550,0.6988200000,0.6988400000
1790678539356,0.6988300000,0.6988500000
1790678545295,0.6988200000,0.6988400000
1790678546100,0.6988300000,0.6988400000
1790678549324,0.6988200000,0.6988400000
1790678551940,0.6988100000,0.6988400000
1790678552342,0.6988100000,0.6988300000
1790678553147,0.6988300000,0.6988500000
1790678554054,0.6988400000,0.6988500000
1790678554456,0.6988600000,0.6988800000
1790678554859,0.6988800000,0.6989000000
1790678556470,0.6988700000,0.6989000000
1790678556872,0.6988700000,0.6988900000
1790678558683,0.6988600000,0.6988900000
1790678559087,0.6988800000,0.6989000000
1790678561907,0.6988700000,0.6988900000
1790678562308,0.6988700000,0.6988800000
1790678563113,0.6988500000,0.6988800000
1790678563516,0.6988300000,0.6988500000
1790678563919,0.6988200000,0.6988400000
1790678566637,0.6988100000,0.6988300000
1790678572371,0.6987800000,0.6988000000
1790678577708,0.6987900000,0.6988000000
1790678578111,0.6987800000,0.6988000000
1790678580124,0.6987800000,0.6988000000
1790678580627,0.6987800000,0.6988100000
1790678581030,0.6988100000,0.6988300000
1790678581433,0.6988300000,0.6988400000
1790678585660,0.6988200000,0.6988400000
1790678589788,0.6988600000,0.6988900000
1790678591500,0.6988800000,0.6989000000
1790678594017,0.6988700000,0.6988900000
1790678597839,0.6988600000,0.6988800000
1790678599450,0.6988700000,0.6988900000
1790678600258,0.6988800000,0.6989000000
1790678601064,0.6988700000,0.6988900000
1790678604385,0.6988600000,0.6988800000
1790678607404,0.6988600000,0.6988900000
1790678610824,0.6988600000,0.6988800000
1790678612335,0.6988800000,0.6989000000
1790678613039,0.6988900000,0.6989000000
1790678613442,0.6988800000,0.6989000000
1790678617770,0.6988600000,0.6988800000
1790678623106,0.6988500000,0.6988700000
1790678628034,0.6988500000,0.6988800000
1790678628436,0.6988600000,0.6988800000
1790678629141,0.6988500000,0.6988800000
1790678629644,0.6988400000,0.6988600000
1790678633066,0.6988300000,0.6988600000
1790678633469,0.6988100000,0.6988300000
1790678635181,0.6988200000,0.6988300000
1790678636894,0.6988100000,0.6988300000
1790678639411,0.6987700000,0.6987900000
1790678640215,0.6987700000,0.6987900000
1790678641422,0.6988000000,0.6988100000
1790678641825,0.6988100000,0.6988300000
1790678643840,0.6988100000,0.6988200000
1790678645248,0.6988000000,0.6988200000
1790678645651,0.6988000000,0.6988100000
1790678646054,0.6987900000,0.6988100000
1790678646458,0.6987900000,0.6988200000
1790678646860,0.6987800000,0.6988000000
1790678647263,0.6987900000,0.6988200000
1790678649176,0.6987800000,0.6988000000
1790678649982,0.6987700000,0.6988000000
1790678650383,0.6987400000,0.6987700000
1790678650786,0.6987400000,0.6987600000
1790678651189,0.6987500000,0.6987700000
1790678651592,0.6987500000,0.6987600000
1790678651994,0.6987300000,0.6987500000
1790678652399,0.6987500000,0.6987700000
1790678653205,0.6987500000,0.6987600000
1790678654110,0.6987400000,0.6987600000
1790678654512,0.6987500000,0.6987700000
1790678656525,0.6987500000,0.6987600000
1790678656928,0.6987500000,0.6987700000
1790678658336,0.6987500000,0.6987600000
1790678658739,0.6987200000,0.6987300000
1790678659142,0.6987200000,0.6987400000
1790678659544,0.6987200000,0.6987300000
1790678661256,0.6987100000,0.6987300000
1790678662465,0.6987100000,0.6987200000
1790678662866,0.6986900000,0.6987100000
1790678664377,0.6986700000,0.6986900000
1790678667500,0.6986600000,0.6986900000
1790678668002,0.6986600000,0.6986800000
1790678668405,0.6986600000,0.6986900000
1790678670419,0.6986800000,0.6987000000
1790678673439,0.6986700000,0.6987000000
1790678674446,0.6986800000,0.6987000000
1790678674849,0.6986700000,0.6987000000
1790678675654,0.6986700000,0.6986900000
1790678676057,0.6986600000,0.6986900000
1790678676459,0.6986600000,0.6986800000
1790678677666,0.6986700000,0.6986900000
1790678679077,0.6986800000,0.6987000000
1790678681693,0.6987000000,0.6987200000
1790678682096,0.6987100000,0.6987200000
1790678682498,0.6987000000,0.6987200000
1790678683001,0.6987000000,0.6987300000
1790678683403,0.6987100000,0.6987300000
1790678690045,0.6987300000,0.6987500000
1790678690850,0.6987300000,0.6987400000
1790678691253,0.6987200000,0.6987400000
1790678692058,0.6987200000,0.6987300000
1790678694069,0.6987000000,0.6987200000
1790678696787,0.6987100000,0.6987200000
1790678697190,0.6987200000,0.6987400000
1790678700209,0.6987200000,0.6987500000
1790678700613,0.6987700000,0.6987900000
1790678701015,0.6987600000,0.6987900000
1790678703228,0.6987700000,0.6987900000
1790678703631,0.6987600000,0.6987900000
1790678705141,0.6987700000,0.6987900000
1790678706248,0.6987800000,0.6987900000
1790678707053,0.6987700000,0.6987900000
1790678709469,0.6987600000,0.6987800000
1790678709872,0.6987700000,0.6987800000
1790678711381,0.6987700000,0.6987900000
1790678711784,0.6987800000,0.6987900000
1790678712187,0.6987700000,0.6987900000
1790678713294,0.6987800000,0.6987900000
1790678713697,0.6987700000,0.6987900000
1790678717119,0.6987800000,0.6988000000
1790678723258,0.6987700000,0.6987900000
1790678730504,0.6987800000,0.6988000000
1790678731410,0.6988300000,0.6988500000
1790678731812,0.6988500000,0.6988700000
1790678732718,0.6988600000,0.6988800000
1790678733121,0.6988700000,0.6988800000
1790678733523,0.6988600000,0.6988800000
1790678738054,0.6988500000,0.6988700000
1790678741779,0.6988300000,0.6988500000
1790678744296,0.6988700000,0.6989000000
1790678744699,0.6988800000,0.6989000000
1790678745605,0.6988900000,0.6989200000
1790678747214,0.6988800000,0.6989000000
1790678751944,0.6989000000,0.6989100000
1790678752648,0.6988900000,0.6989100000
1790678753051,0.6989000000,0.6989200000
1790678753555,0.6989100000,0.6989200000
1790678753958,0.6989000000,0.6989100000
1790678754360,0.6988900000,0.6989100000
1790678754763,0.6989000000,0.6989100000
1790678755166,0.6988800000,0.6989000000
1790678755571,0.6988700000,0.6988900000
1790678756580,0.6988800000,0.6989000000
1790678757183,0.6988900000,0.6989000000
1790678757585,0.6989200000,0.6989400000
1790678760001,0.6989200000,0.6989400000
1790678760403,0.6989100000,0.6989300000
1790678762418,0.6989000000,0.6989200000
1790678762820,0.6988900000,0.6989100000
1790678764832,0.6989000000,0.6989100000
1790678765235,0.6988900000,0.6989100000
1790678766847,0.6989000000,0.6989100000
1790678767249,0.6988900000,0.6989100000
1790678768055,0.6989000000,0.6989200000
1790678771679,0.6988900000,0.6989100000
1790678772485,0.6989000000,0.6989100000
1790678773013,0.6989000000,0.6989200000
1790678773817,0.6989100000,0.6989200000
1790678774220,0.6989000000,0.6989200000
1790678775328,0.6989200000,0.6989400000
1790678780763,0.6989000000,0.6989200000
1790678782775,0.6988900000,0.6989100000
1790678783680,0.6988800000,0.6989000000
1790678786094,0.6988900000,0.6989000000
1790678786497,0.6988800000,0.6989000000
1790678786900,0.6989000000,0.6989100000
1790678787302,0.6988800000,0.6989000000
1790678788510,0.6988900000,0.6989000000
1790678789315,0.6988800000,0.6989000000
1790678792234,0.6988700000,0.6988900000
1790678794046,0.6988800000,0.6988900000
1790678794448,0.6988700000,0.6988900000
1790678794952,0.6988800000,0.6988900000
1790678795555,0.6988700000,0.6988900000
1790678796362,0.6988800000,0.6988900000
1790678796764,0.6988600000,0.6988800000
1790678797168,0.6987800000,0.6988000000
1790678797972,0.6987900000,0.6988000000
1790678798375,0.6987800000,0.6988000000
1790678799180,0.6987900000,0.6988000000
1790678799583,0.6987800000,0.6988000000
1790678805722,0.6987500000,0.6987700000
1790678806124,0.6987300000,0.6987500000
1790678810655,0.6987200000,0.6987500000
1790678811057,0.6987200000,0.6987400000
1790678811461,0.6987300000,0.6987400000
1790678815993,0.6987700000,0.6987800000
1790678816396,0.6987700000,0.6987900000
1790678819215,0.6987800000,0.6987900000
1790678820020,0.6987700000,0.6987900000
1790678821328,0.6987600000,0.6987800000
1790678822133,0.6987500000,0.6987800000
1790678822537,0.6987600000,0.6987800000
1790678823442,0.6987700000,0.6987800000
1790678823844,0.6987700000,0.6987900000
1790678826262,0.6987600000,0.6987800000
1790678827369,0.6987500000,0.6987600000
1790678827772,0.6987400000,0.6987600000
1790678828679,0.6987300000,0.6987500000
1790678834719,0.6987400000,0.6987500000
1790678837135,0.6987400000,0.6987600000
1790678837537,0.6987700000,0.6987800000
1790678837939,0.6987700000,0.6987900000
1790678838745,0.6987800000,0.6987900000
1790678839952,0.6987700000,0.6987900000
1790678840356,0.6987800000,0.6987900000
1790678841061,0.6987900000,0.6988000000
1790678846598,0.6987800000,0.6988000000
1790678847302,0.6987900000,0.6988000000
1790678847705,0.6987800000,0.6988000000
1790678848509,0.6987900000,0.6988000000
1790678848912,0.6987800000,0.6988000000
1790678850622,0.6988100000,0.6988200000
1790678851025,0.6988000000,0.6988200000
1790678851426,0.6988000000,0.6988300000
1790678852231,0.6988000000,0.6988200000
1790678853843,0.6987900000,0.6988200000
1790678854245,0.6988100000,0.6988300000
1790678855453,0.6988000000,0.6988200000
1790678856862,0.6988100000,0.6988300000
1790678857264,0.6988400000,0.6988500000
1790678857767,0.6988300000,0.6988500000
1790678858171,0.6988400000,0.6988500000
1790678858574,0.6988500000,0.6988600000
1790678858977,0.6988300000,0.6988500000
1790678859379,0.6988400000,0.6988500000
1790678859781,0.6988300000,0.6988500000
1790678861291,0.6988200000,0.6988500000
1790678861694,0.6988200000,0.6988400000
1790678864411,0.6988000000,0.6988200000
1790678866322,0.6988100000,0.6988300000
1790678871152,0.6988000000,0.6988300000
1790678871554,0.6988000000,0.6988200000
1790678874373,0.6987900000,0.6988200000
1790678874775,0.6988000000,0.6988200000
1790678875682,0.6988200000,0.6988400000
1790678876085,0.6988300000,0.6988400000
1790678876487,0.6988200000,0.6988400000
1790678878097,0.6988300000,0.6988400000
1790678878500,0.6988200000,0.6988400000
1790678880211,0.6988200000,0.6988400000
1790678880613,0.6988000000,0.6988200000
1790678883430,0.6988000000,0.6988300000
1790678885846,0.6988000000,0.6988200000
1790678886249,0.6987700000,0.6988000000
1790678887456,0.6987700000,0.6987900000
1790678888563,0.6987800000,0.6987900000
1790678888966,0.6987700000,0.6987900000
1790678890173,0.6987800000,0.6987900000
1790678891180,0.6987700000,0.6987900000
1790678891582,0.6987800000,0.6987900000
1790678892791,0.6987800000,0.6988000000
1790678893797,0.6987900000,0.6988000000
1790678894199,0.6987800000,0.6988000000
1790678895812,0.6987900000,0.6988000000
1790678896213,0.6987800000,0.6988000000
1790678897420,0.6987700000,0.6988000000
1790678903559,0.6987700000,0.6987900000
1790678904365,0.6987700000,0.6988000000
1790678905170,0.6987800000,0.6988000000
1790678905572,0.6987700000,0.6988000000
1790678909094,0.6987800000,0.6988000000
1790678909497,0.6987700000,0.6988000000
1790678911010,0.6987800000,0.6988000000
1790678911411,0.6987900000,0.6988000000
1790678911815,0.6988100000,0.6988400000
1790678912216,0.6988300000,0.6988500000
1790678913023,0.6988200000,0.6988400000
1790678914230,0.6988100000,0.6988400000
1790678914633,0.6988000000,0.6988300000
1790678915035,0.6987900000,0.6988100000
1790678915438,0.6987800000,0.6988100000
1790678915840,0.6987800000,0.6988000000
1790678916243,0.6987900000,0.6988000000
1790678917149,0.6987800000,0.6988000000
1790678917551,0.6988000000,0.6988100000
1790678917953,0.6988200000,0.6988400000
1790678918758,0.6988300000,0.6988600000
1790678920872,0.6988700000,0.6989100000
1790678921274,0.6988700000,0.6989000000
1790678921678,0.6988600000,0.6988800000
1790678923892,0.6988600000,0.6988900000
1790678924798,0.6988600000,0.6989100000
1790678925201,0.6988600000,0.6989000000
1790678926006,0.6988700000,0.6989100000
1790678926811,0.6988500000,0.6988900000
1790678927214,0.6988500000,0.6988800000
1790678928019,0.6988500000,0.6988900000
1790678928421,0.6988400000,0.6988700000
1790678930738,0.6988300000,0.6988600000
1790678931342,0.6988400000,0.6988600000
1790678931744,0.6988500000,0.6988800000
1790678932549,0.6988400000,0.6988700000
1790678933355,0.6988300000,0.6988600000
1790678933757,0.6988400000,0.6988600000
1790678934159,0.6988300000,0.6988600000
1790678936276,0.6988400000,0.6988600000
1790678936679,0.6988400000,0.6988800000
1790678937081,0.6988500000,0.6988800000
1790678939698,0.6988400000,0.6988800000
1790678940100,0.6988500000,0.6988800000
1790678940503,0.6988500000,0.6988700000
1790678940906,0.6988400000,0.6988800000
1790678942516,0.6988400000,0.6988700000
1790678942919,0.6988500000,0.6988800000
1790678943825,0.6988400000,0.6988800000
1790678945435,0.6988500000,0.6988800000
1790678945838,0.6988400000,0.6988800000
1790678946240,0.6988500000,0.6988800000
1790678946644,0.6988400000,0.6988800000
1790678947147,0.6988600000,0.6989000000
1790678947550,0.6988500000,0.6988800000
1790678948355,0.6988600000,0.6988900000
1790678950771,0.6988400000,0.6988700000
1790678951173,0.6988300000,0.6988700000
1790678952381,0.6988400000,0.6988600000
1790678953086,0.6988300000,0.6988600000
1790678956307,0.6988100000,0.6988400000
1790678957918,0.6988000000,0.6988300000
1790678958320,0.6988100000,0.6988400000
1790678964362,0.6988100000,0.6988300000
1790678964764,0.6987900000,0.6988200000
1790678965167,0.6987800000,0.6988000000
1790678966374,0.6987700000,0.6988000000
1790678966979,0.6987800000,0.6988000000
1790678973624,0.6987700000,0.6988000000
1790678974027,0.6987700000,0.6988100000
1790678974429,0.6987800000,0.6988100000
1790678975235,0.6987700000,0.6988100000
1790678977550,0.6987800000,0.6988100000
1790678979865,0.6987900000,0.6988100000
1790678980268,0.6987800000,0.6988200000
1790678981073,0.6987900000,0.6988200000
1790678981475,0.6987800000,0.6988200000
1790678984999,0.6987500000,0.6987800000
1790678987716,0.6987600000,0.6987800000
1790678988119,0.6987600000,0.6987900000
1790678988520,0.6987500000,0.6987800000
1790678988923,0.6987400000,0.6987700000
1790678989325,0.6987500000,0.6987700000
1790678989728,0.6987400000,0.6987700000
1790678990130,0.6987500000,0.6987700000
1790678990533,0.6987500000,0.6987800000
1790678993050,0.6987700000,0.6988100000
1790678995771,0.6987800000,0.6988100000
1790678996174,0.6987700000,0.6988100000
1790678996779,0.6987800000,0.6988100000
1790678997181,0.6987700000,0.6988100000
1790678998994,0.6987600000,0.6987900000
1790678999396,0.6987600000,0.6988000000
1790678999798,0.6987600000,0.6987900000
1790679000201,0.6987600000,0.6988000000
1790679000604,0.6987700000,0.6988000000
1790679001410,0.6987600000,0.6987900000
1790679001812,0.6987600000,0.6988000000
1790679003222,0.6987600000,0.6987900000
1790679005939,0.6987500000,0.6987800000
1790679006342,0.6987500000,0.6987700000
1790679006745,0.6987500000,0.6987800000
1790679007549,0.6987600000,0.6987900000
1790679007952,0.6987600000,0.6988000000
1790679008353,0.6987600000,0.6987900000
1790679009964,0.6987600000,0.6988000000
1790679010367,0.6987600000,0.6987900000
1790679011676,0.6987500000,0.6987900000
1790679012078,0.6987300000,0.6987600000
1790679013889,0.6987200000,0.6987600000
1790679014292,0.6987200000,0.6987500000
1790679014695,0.6987100000,0.6987500000
1790679015600,0.6986700000,0.6987100000
1790679016908,0.6986800000,0.6987100000
1790679018418,0.6986900000,0.6987100000
1790679018821,0.6986900000,0.6987200000
1790679019224,0.6986800000,0.6987200000
1790679020029,0.6986800000,0.6987100000
1790679021236,0.6986900000,0.6987100000
1790679022745,0.6986900000,0.6987200000
1790679023853,0.6987200000,0.6987500000
1790679024255,0.6987400000,0.6987600000
1790679024658,0.6987700000,0.6988000000
1790679025161,0.6987800000,0.6988000000
1790679027980,0.6987800000,0.6988100000
1790679028383,0.6987900000,0.6988100000
1790679029892,0.6988100000,0.6988200000
1790679030296,0.6987900000,0.6988100000
1790679031704,0.6987900000,0.6988200000
1790679032912,0.6987800000,0.6988100000
1790679038045,0.6987800000,0.6988200000
1790679038447,0.6987900000,0.6988200000
1790679038849,0.6988200000,0.6988500000
1790679039856,0.6988300000,0.6988600000
1790679040460,0.6988200000,0.6988600000
1790679042172,0.6988300000,0.6988600000
1790679042574,0.6988700000,0.6989000000
1790679043279,0.6988800000,0.6989000000
1790679044486,0.6988700000,0.6989000000
1790679044889,0.6988500000,0.6988900000
1790679048715,0.6988600000,0.6988900000
1790679049117,0.6988500000,0.6988900000
1790679049923,0.6988800000,0.6989000000
1790679052035,0.6988900000,0.6989100000
1790679053343,0.6988800000,0.6989100000
1790679054148,0.6988800000,0.6989000000
1790679055456,0.6988900000,0.6989100000
1790679057069,0.6988800000,0.6989100000
1790679057470,0.6988900000,0.6989100000
1790679057873,0.6988800000,0.6989100000
1790679058378,0.6988900000,0.6989100000
1790679058781,0.6988800000,0.6989100000
1790679060291,0.6988900000,0.6989100000
1790679060695,0.6988800000,0.6989100000
1790679061098,0.6988900000,0.6989100000
1790679061500,0.6988800000,0.6989100000
1790679069852,0.6988900000,0.6989100000
1790679070254,0.6988800000,0.6989100000
1790679075387,0.6988700000,0.6989100000
1790679076192,0.6988800000,0.6989100000
1790679078808,0.6988700000,0.6989100000
1790679081223,0.6988800000,0.6989100000
1790679082330,0.6988900000,0.6989100000
1790679082733,0.6988800000,0.6989100000
1790679083135,0.6988900000,0.6989100000
1790679083940,0.6988800000,0.6989100000
1790679085551,0.6988900000,0.6989100000
1790679086356,0.6988800000,0.6989100000
1790679088268,0.6988900000,0.6989100000
1790679089475,0.6989400000,0.6989600000
1790679089879,0.6989500000,0.6989800000
1790679093702,0.6989600000,0.6989800000
1790679094105,0.6989600000,0.6989900000
1790679095312,0.6989500000,0.6989800000
1790679096722,0.6989400000,0.6989800000
1790679097729,0.6989500000,0.6989800000
1790679098132,0.6989600000,0.6989900000
1790679101353,0.6989700000,0.6990000000
1790679103768,0.6989700000,0.6989900000
1790679104171,0.6989500000,0.6989700000
1790679104573,0.6989400000,0.6989700000
1790679105379,0.6989500000,0.6989700000
1790679105681,0.6989500000,0.6989800000
1790679108600,0.6989400000,0.6989600000
1790679110012,0.6989600000,0.6989800000
1790679110818,0.6989500000,0.6989800000
1790679111624,0.6989500000,0.6989900000
1790679112027,0.6989800000,0.6990000000
1790679113938,0.6989900000,0.6990000000
1790679114341,0.6989800000,0.6990000000
1790679115247,0.6989700000,0.6990000000
1790679116053,0.6989800000,0.6990000000
1790679120284,0.6989700000,0.6990000000
1790679121490,0.6989700000,0.6989900000
1790679124411,0.6990000000,0.6990300000
1790679125216,0.6989900000,0.6990200000
1790679126524,0.6989800000,0.6990100000
1790679129545,0.6989900000,0.6990100000
1790679134880,0.6990100000,0.6990300000
1790679135282,0.6990000000,0.6990300000
1790679135686,0.6990100000,0.6990400000
1790679136087,0.6990300000,0.6990500000
1790679136490,0.6990200000,0.6990500000
1790679137396,0.6990300000,0.6990500000
1790679139711,0.6990400000,0.6990500000
1790679140515,0.6990300000,0.6990500000
1790679141622,0.6990200000,0.6990500000
1790679142328,0.6990300000,0.6990500000
1790679142731,0.6990200000,0.6990500000
1790679148670,0.6990300000,0.6990500000
1790679150179,0.6990400000,0.6990500000
1790679150581,0.6990300000,0.6990500000
1790679150983,0.6990200000,0.6990500000
1790679151788,0.6990300000,0.6990500000
1790679152997,0.6990200000,0.6990500000
1790679153398,0.6990300000,0.6990400000
1790679154707,0.6990300000,0.6990500000
1790679156217,0.6990200000,0.6990500000
1790679156621,0.6990300000,0.6990400000
1790679157324,0.6990200000,0.6990400000
1790679157727,0.6989700000,0.6990000000
1790679161049,0.6989700000,0.6989900000
1790679164371,0.6989700000,0.6990000000
1790679172119,0.6989800000,0.6990000000
1790679172523,0.6989800000,0.6990100000
1790679174234,0.6989800000,0.6990000000
1790679174636,0.6989900000,0.6990100000
1790679176146,0.6989800000,0.6990000000
1790679177661,0.6989900000,0.6990100000
1790679180380,0.6989900000,0.6990200000
1790679180782,0.6989900000,0.6990100000
1790679182393,0.6990100000,0.6990300000
1790679183198,0.6990200000,0.6990400000
1790679186218,0.6990300000,0.6990400000
1790679186621,0.6990500000,0.6990600000
1790679187026,0.6990300000,0.6990500000
1790679187429,0.6990200000,0.6990500000
1790679187830,0.6990300000,0.6990500000
1790679188637,0.6990200000,0.6990500000
1790679189040,0.6990100000,0.6990200000
1790679189443,0.6989800000,0.6990000000
1790679189946,0.6989900000,0.6990000000
1790679190751,0.6989800000,0.6990000000
1790679191657,0.6989900000,0.6990000000
1790679192060,0.6990100000,0.6990400000
1790679195581,0.6990000000,0.6990300000
1790679199003,0.6990100000,0.6990300000
1790679199406,0.6990100000,0.6990400000
1790679201318,0.6990300000,0.6990500000
1790679209976,0.6990200000,0.6990500000
1790679210379,0.6990200000,0.6990400000
1790679212592,0.6989900000,0.6990100000
1790679216517,0.6989700000,0.6990100000
1790679216919,0.6989700000,0.6990000000
1790679217322,0.6989700000,0.6989800000
1790679217725,0.6989500000,0.6989700000
1790679218832,0.6990100000,0.6990300000
1790679225374,0.6990100000,0.6990400000
1790679225777,0.6990200000,0.6990400000
1790679228597,0.6990300000,0.6990400000
1790679228999,0.6990400000,0.6990500000
1790679229403,0.6990300000,0.6990400000
1790679229805,0.6990400000,0.6990500000
1790679230610,0.6990600000,0.6990800000
1790679233732,0.6990300000,0.6990600000
1790679234738,0.6990400000,0.6990600000
1790679235141,0.6990500000,0.6990700000
1790679235945,0.6990400000,0.6990600000
1790679237257,0.6990400000,0.6990700000
1790679237660,0.6990400000,0.6990600000
1790679240982,0.6990400000,0.6990600000
1790679241487,0.6990300000,0.6990500000
1790679243097,0.6990400000,0.6990500000
1790679243501,0.6990400000,0.6990600000
1790679245515,0.6990300000,0.6990500000
1790679254070,0.6990100000,0.6990400000
1790679255882,0.6989800000,0.6990000000
1790679258498,0.6989700000,0.6990000000
1790679258900,0.6989700000,0.6989900000
1790679262724,0.6989800000,0.6989900000
1790679263127,0.6989800000,0.6990000000
1790679269670,0.6989300000,0.6989500000
1790679270776,0.6989100000,0.6989500000
1790679271179,0.6989100000,0.6989400000
1790679273192,0.6989300000,0.6989500000
1790679276011,0.6989200000,0.6989400000
1790679278227,0.6989600000,0.6989800000
1790679278629,0.6989700000,0.6989900000
1790679281047,0.6989800000,0.6989900000
1790679281449,0.6989500000,0.6989700000
1790679282254,0.6989400000,0.6989600000
1790679282657,0.6989300000,0.6989500000
1790679288797,0.6989100000,0.6989400000
1790679289603,0.6989000000,0.6989200000
1790679290006,0.6989100000,0.6989300000
1790679290408,0.6989000000,0.6989200000
1790679292521,0.6988800000,0.6989000000
1790679294433,0.6988700000,0.6989000000
1790679294835,0.6988600000,0.6988800000
1790679295238,0.6988500000,0.6988700000
1790679298865,0.6988400000,0.6988600000
1790679300073,0.6988400000,0.6988500000
1790679300376,0.6988300000,0.6988400000
1790679300779,0.6988200000,0.6988400000
1790679302087,0.6988300000,0.6988400000
1790679302490,0.6988200000,0.6988400000
1790679302892,0.6988100000,0.6988300000
1790679303294,0.6988200000,0.6988300000
1790679304199,0.6988100000,0.6988300000
1790679304602,0.6988200000,0.6988300000
1790679305910,0.6988200000,0.6988400000
1790679307117,0.6988100000,0.6988300000
1790679311142,0.6987700000,0.6987900000
1790679311948,0.6987500000,0.6987800000
1790679312349,0.6987500000,0.6987700000
1790679312852,0.6987600000,0.6987700000
1790679313255,0.6987500000,0.6987700000
1790679315871,0.6987600000,0.6987800000
1790679316274,0.6987900000,0.6988100000
1790679317180,0.6987900000,0.6988000000
1790679319394,0.6988000000,0.6988100000
1790679319796,0.6987900000,0.6988000000
1790679321810,0.6988200000,0.6988400000
1790679325734,0.6988400000,0.6988500000
1790679326137,0.6988500000,0.6988600000
1790679326539,0.6988200000,0.6988400000
1790679326942,0.6988300000,0.6988400000
1790679328150,0.6988100000,0.6988400000
1790679328553,0.6988200000,0.6988400000
1790679330367,0.6988100000,0.6988400000
1790679330769,0.6988100000,0.6988300000
1790679331777,0.6988200000,0.6988300000
1790679333689,0.6988100000,0.6988300000
1790679334193,0.6988200000,0.6988300000
1790679334596,0.6988100000,0.6988300000
1790679338520,0.6988000000,0.6988300000
1790679338922,0.6988000000,0.6988200000
1790679339728,0.6987800000,0.6988000000
1790679341035,0.6987600000,0.6987900000
1790679341438,0.6987300000,0.6987400000
1790679344155,0.6987300000,0.6987600000
1790679344557,0.6987600000,0.6987800000
1790679344960,0.6987900000,0.6988000000
1790679345362,0.6987900000,0.6988100000
1790679345766,0.6987900000,0.6988200000
1790679346569,0.6988100000,0.6988300000
1790679349590,0.6988000000,0.6988300000
1790679350597,0.6987800000,0.6988000000
1790679350999,0.6987800000,0.6988100000
1790679352209,0.6987800000,0.6988000000
1790679355631,0.6987900000,0.6988000000
1790679356034,0.6987800000,0.6988000000
1790679356740,0.6987800000,0.6988200000
1790679357344,0.6987900000,0.6988200000
1790679357747,0.6988000000,0.6988200000
1790679358150,0.6987900000,0.6988200000
1790679359860,0.6988000000,0.6988200000
1790679360766,0.6988000000,0.6988300000
1790679361168,0.6988000000,0.6988400000
1790679362475,0.6988000000,0.6988300000
1790679362879,0.6988100000,0.6988400000
1790679363281,0.6988000000,0.6988400000
1790679364589,0.6988300000,0.6988600000
1790679365395,0.6988400000,0.6988700000
1790679367608,0.6988400000,0.6988600000
1790679368816,0.6988200000,0.6988600000
1790679369218,0.6988200000,0.6988500000
1790679370023,0.6988100000,0.6988500000
1790679371532,0.6988200000,0.6988500000
1790679372036,0.6988100000,0.6988500000
1790679376589,0.6988200000,0.6988500000
1790679377496,0.6988100000,0.6988500000
1790679377899,0.6988200000,0.6988500000
1790679381119,0.6988100000,0.6988500000
1790679382528,0.6988000000,0.6988300000
1790679382931,0.6987900000,0.6988100000
1790679383635,0.6988000000,0.6988100000
1790679384038,0.6987900000,0.6988100000
1790679384843,0.6988000000,0.6988200000
1790679385246,0.6988200000,0.6988300000
1790679386253,0.6988100000,0.6988300000
1790679386656,0.6988000000,0.6988300000
1790679387059,0.6988100000,0.6988300000
1790679388065,0.6988000000,0.6988300000
1790679389374,0.6988100000,0.6988300000
1790679389978,0.6988000000,0.6988300000
1790679391186,0.6988100000,0.6988300000
1790679391588,0.6988000000,0.6988200000
1790679392897,0.6988100000,0.6988200000
1790679393702,0.6988100000,0.6988300000
1790679394508,0.6988000000,0.6988200000
1790679396219,0.6988100000,0.6988200000
1790679396621,0.6988000000,0.6988200000
1790679397426,0.6988100000,0.6988200000
1790679397829,0.6988000000,0.6988200000
1790679398432,0.6988100000,0.6988200000
1790679398835,0.6988000000,0.6988200000
1790679400144,0.6988100000,0.6988200000
1790679400547,0.6988000000,0.6988200000
1790679404471,0.6987900000,0.6988100000
1790679404874,0.6987900000,0.6988000000
1790679405276,0.6987700000,0.6988000000
1790679405678,0.6987800000,0.6988000000
1790679406081,0.6987900000,0.6988100000
1790679407187,0.6987900000,0.6988000000
1790679407992,0.6988000000,0.6988100000
1790679410206,0.6988000000,0.6988200000
1790679413529,0.6988100000,0.6988200000
1790679414837,0.6988000000,0.6988200000
1790679415239,0.6988100000,0.6988200000
1790679416044,0.6988100000,0.6988300000
1790679417757,0.6987800000,0.6988000000
1790679420374,0.6987800000,0.6988000000
1790679426313,0.6987900000,0.6988000000
1790679427418,0.6987800000,0.6988000000
1790679428022,0.6987900000,0.6988000000
1790679428425,0.6987800000,0.6988000000
1790679428827,0.6987900000,0.6988200000
1790679430035,0.6987800000,0.6988100000
1790679430438,0.6987800000,0.6988200000
1790679433558,0.6987800000,0.6988100000
1790679435470,0.6987700000,0.6988100000
1790679436274,0.6987700000,0.6988000000
1790679437380,0.6987700000,0.6988100000
1790679438588,0.6987800000,0.6988100000
1790679439495,0.6987900000,0.6988100000
1790679439898,0.6988000000,0.6988200000
1790679440300,0.6988000000,0.6988300000
1790679441105,0.6988100000,0.6988400000
1790679441910,0.6988200000,0.6988400000
1790679442717,0.6988200000,0.6988500000
1790679443119,0.6988200000,0.6988400000
1790679445234,0.6988200000,0.6988500000
1790679445636,0.6988200000,0.6988400000
1790679446039,0.6988000000,0.6988300000
1790679446441,0.6988200000,0.6988400000
1790679447346,0.6988200000,0.6988500000
1790679448857,0.6988200000,0.6988600000
1790679449259,0.6988200000,0.6988500000
1790679449661,0.6988200000,0.6988600000
1790679450064,0.6988200000,0.6988500000
1790679450869,0.6988200000,0.6988600000
1790679451272,0.6988200000,0.6988400000
1790679451674,0.6988200000,0.6988600000
1790679452680,0.6988400000,0.6988700000
1790679453083,0.6988400000,0.6988600000
1790679454994,0.6988300000,0.6988600000
1790679455800,0.6988300000,0.6988500000
1790679456204,0.6988100000,0.6988500000
1790679457615,0.6988200000,0.6988500000
1790679458420,0.6988300000,0.6988500000
1790679459626,0.6988300000,0.6988600000
1790679460431,0.6988400000,0.6988600000
1790679460834,0.6988300000,0.6988600000
1790679461236,0.6988400000,0.6988600000
1790679461840,0.6988300000,0.6988600000
1790679462243,0.6988400000,0.6988700000
1790679463853,0.6988400000,0.6988600000
1790679466872,0.6988400000,0.6988700000
1790679478049,0.6988400000,0.6988600000
1790679478451,0.6988700000,0.6989000000
1790679478854,0.6988800000,0.6989100000
1790679479658,0.6988900000,0.6989100000
1790679480062,0.6988900000,0.6989200000
1790679480464,0.6989200000,0.6989500000
1790679480866,0.6989300000,0.6989600000
1790679491237,0.6989500000,0.6989700000
1790679491640,0.6989400000,0.6989600000
1790679495164,0.6989300000,0.6989600000
1790679495565,0.6989300000,0.6989500000
1790679496775,0.6989400000,0.6989600000
1790679498385,0.6989500000,0.6989700000
1790679498786,0.6989700000,0.6989800000
1790679499189,0.6989900000,0.6990100000
1790679500095,0.6989800000,0.6990100000
1790679502409,0.6989900000,0.6990300000
1790679503617,0.6989900000,0.6990200000
1790679504020,0.6989900000,0.6990300000
1790679511165,0.6989900000,0.6990200000
1790679511971,0.6990000000,0.6990300000
1790679514487,0.6989900000,0.6990200000
1790679515695,0.6990000000,0.6990300000
1790679516500,0.6989800000,0.6990200000
1790679518110,0.6989600000,0.6989900000
1790679518512,0.6989500000,0.6989900000
1790679518914,0.6989500000,0.6989800000
1790679519317,0.6989500000,0.6989900000
1790679519719,0.6989500000,0.6989800000
1790679522841,0.6989400000,0.6989600000
1790679524049,0.6989500000,0.6989600000
1790679524451,0.6989400000,0.6989600000
1790679524853,0.6989500000,0.6989600000
1790679525256,0.6989400000,0.6989600000
1790679527270,0.6989500000,0.6989600000
1790679529887,0.6989400000,0.6989600000
1790679530692,0.6989500000,0.6989600000
1790679531900,0.6989400000,0.6989600000
1790679534114,0.6989600000,0.6989700000
1790679534516,0.6989600000,0.6989800000
1790679536630,0.6989500000,0.6989600000
1790679537033,0.6989500000,0.6989700000
1790679537839,0.6989500000,0.6989800000
1790679538644,0.6989500000,0.6989700000
1790679539449,0.6989600000,0.6989700000
1790679539852,0.6989600000,0.6989800000
1790679540255,0.6989500000,0.6989800000
1790679541663,0.6989500000,0.6989700000
1790679544683,0.6989300000,0.6989500000
1790679547702,0.6989200000,0.6989400000
1790679548507,0.6989400000,0.6989600000
1790679550723,0.6989400000,0.6989500000
1790679551932,0.6989300000,0.6989500000
1790679552737,0.6989400000,0.6989500000
1790679554448,0.6989400000,0.6989600000
1790679555657,0.6989700000,0.6989800000
1790679556059,0.6989600000,0.6989800000
1790679556863,0.6989800000,0.6990000000
1790679557870,0.6989700000,0.6990000000
1790679558273,0.6989400000,0.6989700000
1790679558675,0.6989400000,0.6989600000
1790679559480,0.6989300000,0.6989500000
1790679559883,0.6989400000,0.6989600000
1790679564411,0.6989200000,0.6989400000
1790679573268,0.6989100000,0.6989300000
1790679576287,0.6988700000,0.6988900000
1790679579606,0.6988600000,0.6988800000
1790679581920,0.6988700000,0.6988900000
1790679583128,0.6988600000,0.6988900000
1790679584435,0.6988600000,0.6988800000
1790679585946,0.6988700000,0.6988900000
1790679586349,0.6988900000,0.6989100000
1790679588563,0.6988700000,0.6988900000
1790679588965,0.6988600000,0.6988800000
1790679590577,0.6988800000,0.6988900000
1790679593397,0.6988800000,0.6989000000
1790679594605,0.6988900000,0.6989000000
1790679597320,0.6988900000,0.6989100000
1790679600142,0.6988900000,0.6989100000
1790679600544,0.6989100000,0.6989300000
1790679601751,0.6989000000,0.6989300000
1790679602556,0.6989200000,0.6989400000
1790679602959,0.6989300000,0.6989500000
1790679603462,0.6989200000,0.6989500000
1790679603864,0.6989200000,0.6989400000
1790679608595,0.6989400000,0.6989600000
1790679614231,0.6989600000,0.6989800000
1790679615842,0.6989300000,0.6989500000
1790679616244,0.6989200000,0.6989400000
1790679616647,0.6989000000,0.6989200000
1790679617051,0.6989100000,0.6989300000
1790679619164,0.6989100000,0.6989400000
1790679619567,0.6989100000,0.6989300000
1790679624097,0.6989400000,0.6989500000
1790679624501,0.6989300000,0.6989500000
1790679625910,0.6989300000,0.6989600000
1790679626313,0.6989400000,0.6989500000
1790679627623,0.6989400000,0.6989600000
1790679629234,0.6989500000,0.6989700000
1790679631653,0.6989400000,0.6989500000
1790679632358,0.6989300000,0.6989500000
1790679632760,0.6989500000,0.6989700000
1790679633968,0.6989900000,0.6990100000
1790679634371,0.6989800000,0.6990000000
1790679637893,0.6989700000,0.6989900000
1790679638295,0.6989800000,0.6989900000
1790679638698,0.6989800000,0.6990000000
1790679652693,0.6989900000,0.6990000000
1790679653095,0.6989900000,0.6990100000
1790679653498,0.6989700000,0.6989900000
1790679654304,0.6990000000,0.6990200000
1790679656517,0.6990400000,0.6990600000
1790679660344,0.6990400000,0.6990600000
1790679674537,0.6990100000,0.6990300000
1790679675745,0.6990200000,0.6990400000
1790679678261,0.6990300000,0.6990400000
1790679679369,0.6990300000,0.6990500000
1790679681585,0.6990400000,0.6990500000
1790679685209,0.6990300000,0.6990500000
1790679686013,0.6990200000,0.6990400000
1790679686820,0.6990200000,0.6990500000
1790679687626,0.6990000000,0.6990300000
1790679688028,0.6990100000,0.6990400000
1790679688833,0.6990200000,0.6990600000
1790679689638,0.6990200000,0.6990400000
1790679690746,0.6990200000,0.6990300000
1790679691150,0.6990100000,0.6990500000
1790679695376,0.6990200000,0.6990500000
1790679696181,0.6990100000,0.6990300000
1790679697691,0.6989900000,0.6990100000
1790679699202,0.6990000000,0.6990200000
1790679699504,0.6990100000,0.6990300000
1790679700814,0.6990000000,0.6990300000
1790679701216,0.6989300000,0.6989500000
1790679706352,0.6989600000,0.6989800000
1790679706754,0.6989700000,0.6989900000
1790679709274,0.6989900000,0.6990100000
1790679711790,0.6989800000,0.6990000000
1790679715415,0.6989900000,0.6990000000
1790679716622,0.6989900000,0.6990100000
1790679717025,0.6990300000,0.6990400000
1790679717427,0.6990300000,0.6990500000
1790679717831,0.6990200000,0.6990400000
1790679719844,0.6990300000,0.6990400000
1790679720247,0.6990200000,0.6990400000
1790679720650,0.6990300000,0.6990400000
1790679721052,0.6990300000,0.6990500000
1790679726186,0.6990200000,0.6990400000
1790679728802,0.6989900000,0.6990100000
1790679729204,0.6989600000,0.6989800000
1790679730009,0.6989500000,0.6989700000
1790679734840,0.6989600000,0.6989700000
1790679736752,0.6989500000,0.6989700000
1790679742994,0.6989800000,0.6990000000
1790679745409,0.6989700000,0.6989900000
1790679750443,0.6989800000,0.6990000000
1790679753663,0.6989600000,0.6989800000
1790679755375,0.6989600000,0.6989900000
1790679756281,0.6989700000,0.6990000000
1790679756684,0.6989700000,0.6990100000
1790679758193,0.6989800000,0.6990100000
1790679760205,0.6989700000,0.6990100000
1790679760608,0.6989800000,0.6990100000
1790679761010,0.6989700000,0.6990100000
1790679761817,0.6989800000,0.6990100000
1790679763024,0.6989700000,0.6990000000
1790679763428,0.6989800000,0.6990100000
1790679765140,0.6989900000,0.6990200000
1790679765542,0.6990100000,0.6990500000
1790679765945,0.6990100000,0.6990400000
1790679767052,0.6990100000,0.6990500000
1790679768160,0.6990300000,0.6990600000
1790679768965,0.6990300000,0.6990400000
1790679769670,0.6990300000,0.6990500000
1790679770072,0.6990300000,0.6990400000
1790679770678,0.6990300000,0.6990500000
1790679771080,0.6990300000,0.6990600000
1790679773899,0.6990100000,0.6990400000
1790679774704,0.6990200000,0.6990500000
1790679775107,0.6990100000,0.6990500000
1790679775510,0.6990100000,0.6990400000
1790679777422,0.6990100000,0.6990500000
1790679778230,0.6990300000,0.6990600000
1790679779337,0.6990400000,0.6990700000
1790679780142,0.6990300000,0.6990500000
1790679781652,0.6990200000,0.6990500000
1790679782457,0.6990200000,0.6990400000
1790679783667,0.6990200000,0.6990500000
1790679785378,0.6990200000,0.6990400000
1790679786889,0.6990200000,0.6990500000
1790679792628,0.6990200000,0.6990400000
1790679793030,0.6990200000,0.6990500000
1790679794740,0.6990200000,0.6990400000
1790679795143,0.6990200000,0.6990500000
1790679796352,0.6990300000,0.6990600000
1790679798666,0.6990400000,0.6990600000
1790679799068,0.6990300000,0.6990600000
1790679799471,0.6990400000,0.6990600000
1790679799875,0.6990700000,0.6990900000
1790679801887,0.6990600000,0.6990800000
1790679802592,0.6990600000,0.6990900000
1790679802995,0.6990500000,0.6990600000
1790679803397,0.6990300000,0.6990500000
1790679806114,0.6990400000,0.6990500000
1790679806517,0.6990500000,0.6990700000
1790679807826,0.6990500000,0.6990600000
1790679808228,0.6990500000,0.6990700000
1790679809939,0.6990500000,0.6990600000
1790679810342,0.6990600000,0.6990700000
1790679810744,0.6990600000,0.6990800000
1790679816984,0.6990700000,0.6990900000
1790679823830,0.6990900000,0.6991000000
1790679829365,0.6990800000,0.6991000000
1790679830975,0.6990700000,0.6990900000
1790679833089,0.6990700000,0.6990800000
1790679833492,0.6990300000,0.6990500000
1790679834397,0.6990400000,0.6990500000
1790679838526,0.6990300000,0.6990500000
1790679839332,0.6990600000,0.6990800000
1790679840137,0.6990200000,0.6990400000
1790679845269,0.6990300000,0.6990500000
1790679845672,0.6990400000,0.6990500000
1790679847182,0.6990400000,0.6990700000
1790679847585,0.6990500000,0.6990700000
1790679848088,0.6990500000,0.6990800000
1790679848490,0.6990700000,0.6990900000
1790679849598,0.6990700000,0.6990800000
1790679850001,0.6990600000,0.6990800000
1790679851211,0.6990400000,0.6990600000
1790679852418,0.6990400000,0.6990500000
1790679852820,0.6990300000,0.6990400000
1790679856041,0.6990100000,0.6990300000
1790679856443,0.6989900000,0.6990100000
1790679863086,0.6990000000,0.6990200000
1790679864395,0.6990200000,0.6990300000
1790679864797,0.6989600000,0.6989800000
1790679865200,0.6989500000,0.6989700000
1790679867013,0.6989400000,0.6989600000
1790679867415,0.6989400000,0.6989500000
1790679867818,0.6989400000,0.6989600000
1790679868321,0.6989400000,0.6989500000
1790679868724,0.6989400000,0.6989600000
1790679869126,0.6989500000,0.6989700000
1790679869530,0.6989500000,0.6989600000
1790679870636,0.6989200000,0.6989400000
1790679871039,0.6989500000,0.6989700000
1790679871442,0.6989300000,0.6989500000
1790679871846,0.6989500000,0.6989700000
1790679872650,0.6989300000,0.6989500000
1790679873052,0.6989200000,0.6989400000
1790679875466,0.6989300000,0.6989500000
1790679876272,0.6989500000,0.6989600000
1790679876674,0.6989300000,0.6989500000
1790679878990,0.6989200000,0.6989400000
1790679882210,0.6989100000,0.6989200000
1790679882714,0.6989100000,0.6989300000
1790679884424,0.6989100000,0.6989200000
1790679884827,0.6989000000,0.6989200000
1790679885230,0.6988900000,0.6989100000
1790679888352,0.6988700000,0.6989100000
1790679888756,0.6988700000,0.6988900000
1790679889159,0.6988600000,0.6988800000
1790679891976,0.6988700000,0.6988900000
1790679894392,0.6989100000,0.6989300000
1790679900634,0.6989100000,0.6989400000
1790679901037,0.6989300000,0.6989500000
1790679903152,0.6989200000,0.6989300000
1790679903757,0.6989200000,0.6989400000
1790679905066,0.6989200000,0.6989300000
1790679905468,0.6989000000,0.6989200000
1790679910402,0.6988900000,0.6989100000
1790679910805,0.6989100000,0.6989300000
1790679912716,0.6989300000,0.6989500000
1790679913119,0.6989400000,0.6989600000
1790679924289,0.6989200000,0.6989400000
1790679924692,0.6989000000,0.6989200000
1790679925496,0.6989200000,0.6989400000
1790679925899,0.6989300000,0.6989500000
1790679934554,0.6989400000,0.6989600000
1790679940089,0.6989300000,0.6989500000
1790679948243,0.6989200000,0.6989400000
1790679950258,0.6988900000,0.6989000000
1790679950661,0.6988800000,0.6989000000
1790679951063,0.6988900000,0.6989000000
1790679951466,0.6989600000,0.6989800000
1790679951869,0.6989300000,0.6989500000
1790679952171,0.6989200000,0.6989300000
1790679952573,0.6989200000,0.6989400000
1790679954285,0.6989100000,0.6989400000
1790679954688,0.6989100000,0.6989300000
1790679955896,0.6988900000,0.6989100000
1790679957505,0.6988700000,0.6988900000
1790679958816,0.6988600000,0.6988800000
1790679961837,0.6988600000,0.6988800000
1790679962240,0.6988500000,0.6988700000
1790679964152,0.6988600000,0.6988800000
1790679966669,0.6988800000,0.6988900000
1790679967173,0.6988800000,0.6989100000
1790679967576,0.6988900000,0.6989100000
1790679969387,0.6988700000,0.6988900000
1790679970393,0.6988600000,0.6988800000
1790679973939,0.6988600000,0.6988900000
1790679974341,0.6988700000,0.6988900000
1790679974845,0.6988600000,0.6988900000
1790679975247,0.6988600000,0.6988800000
1790679976454,0.6988600000,0.6988900000
1790679976858,0.6988700000,0.6988900000
1790679977261,0.6988900000,0.6989100000
1790679978066,0.6989000000,0.6989100000
1790679979375,0.6988900000,0.6989100000
1790679980180,0.6988800000,0.6989000000
1790679983400,0.6988300000,0.6988500000
1790679984609,0.6988200000,0.6988400000
1790679988735,0.6988000000,0.6988200000
1790679992059,0.6988200000,0.6988400000
1790679992461,0.6988100000,0.6988300000
1790679995380,0.6988000000,0.6988200000
1790679995783,0.6987900000,0.6988100000
1790680007760,0.6988300000,0.6988500000
1790680011081,0.6988400000,0.6988600000
1790680015411,0.6988300000,0.6988500000
1790680016620,0.6988000000,0.6988200000
1790680017021,0.6987600000,0.6987900000
1790680017424,0.6987500000,0.6987700000
1790680017826,0.6987400000,0.6987700000
1790680019239,0.6987300000,0.6987500000
1790680020044,0.6987300000,0.6987500000
1790680020851,0.6987200000,0.6987400000
1790680021656,0.6987100000,0.6987300000
1790680023266,0.6987200000,0.6987400000
1790680023669,0.6986900000,0.6987100000
1790680024071,0.6986900000,0.6987000000
1790680024473,0.6986700000,0.6987000000
1790680029000,0.6986600000,0.6986900000
1790680033128,0.6986300000,0.6986500000
1790680033530,0.6986500000,0.6986600000
1790680033932,0.6986500000,0.6986700000
1790680034838,0.6986500000,0.6986800000
1790680035240,0.6986800000,0.6987000000
1790680035643,0.6987000000,0.6987300000
1790680036046,0.6986900000,0.6987200000
1790680036448,0.6986900000,0.6987100000
1790680039871,0.6986800000,0.6987000000
1790680040678,0.6986800000,0.6987100000
1790680041080,0.6986300000,0.6986600000
1790680043294,0.6986200000,0.6986500000
1790680046213,0.6986200000,0.6986400000
1790680051244,0.6986200000,0.6986500000
1790680053559,0.6986200000,0.6986400000
1790680056478,0.6986200000,0.6986300000
1790680056982,0.6985900000,0.6986300000
1790680058693,0.6986200000,0.6986300000
1790680059096,0.6985900000,0.6986300000
1790680059499,0.6985900000,0.6986200000
1790680060304,0.6985800000,0.6986100000
1790680060707,0.6985800000,0.6986200000
1790680061512,0.6985900000,0.6986200000
1790680064532,0.6986200000,0.6986500000
1790680064935,0.6986100000,0.6986300000
1790680066546,0.6985800000,0.6986100000
1790680067352,0.6986000000,0.6986300000
1790680067754,0.6986200000,0.6986300000
1790680068157,0.6986200000,0.6986500000
1790680068561,0.6986200000,0.6986400000
1790680070271,0.6986200000,0.6986500000
1790680070674,0.6986200000,0.6986400000
1790680072588,0.6985900000,0.6986200000
1790680073694,0.6985900000,0.6986100000
1790680075104,0.6985900000,0.6986000000
1790680075505,0.6985800000,0.6986000000
1790680076310,0.6985700000,0.6986000000
1790680077116,0.6986200000,0.6986400000
1790680077519,0.6986200000,0.6986500000
1790680078425,0.6986200000,0.6986400000
1790680079634,0.6986200000,0.6986500000
1790680080037,0.6986300000,0.6986600000
1790680080440,0.6986200000,0.6986500000
1790680081749,0.6986500000,0.6986600000
1790680082152,0.6986400000,0.6986700000
1790680082554,0.6986300000,0.6986600000
1790680083762,0.6986400000,0.6986600000
1790680084164,0.6986500000,0.6986700000
1790680085070,0.6986500000,0.6986800000
1790680085473,0.6986500000,0.6986700000
1790680086077,0.6986500000,0.6986800000
1790680086480,0.6986600000,0.6986800000
1790680087084,0.6986500000,0.6986800000
1790680087487,0.6986500000,0.6986700000
1790680088293,0.6986600000,0.6986800000
1790680088696,0.6986600000,0.6986900000
1790680089098,0.6986600000,0.6986800000
1790680090104,0.6986600000,0.6986900000
1790680090909,0.6986400000,0.6986700000
1790680091311,0.6986400000,0.6986600000
1790680092822,0.6986500000,0.6986600000
1790680093225,0.6986400000,0.6986700000
1790680093728,0.6986500000,0.6986700000
1790680094533,0.6986700000,0.6987000000
1790680104900,0.6986700000,0.6986900000
1790680105305,0.6986700000,0.6987000000
1790680107921,0.6986500000,0.6986700000
1790680111040,0.6986400000,0.6986700000
1790680112147,0.6986400000,0.6986600000
1790680113053,0.6986500000,0.6986600000
1790680113456,0.6986400000,0.6986700000
1790680113859,0.6986500000,0.6986700000
1790680114663,0.6986500000,0.6986800000
1790680115066,0.6986700000,0.6987000000
1790680118990,0.6986600000,0.6986800000
1790680121910,0.6986400000,0.6986700000
1790680122313,0.6986300000,0.6986600000
1790680123219,0.6986400000,0.6986600000
1790680125435,0.6986500000,0.6986600000
1790680125837,0.6986500000,0.6986700000
1790680126442,0.6986500000,0.6986600000
1790680128253,0.6986400000,0.6986600000
1790680129058,0.6986400000,0.6986700000
1790680129461,0.6986600000,0.6986900000
1790680130669,0.6986500000,0.6986800000
1790680131071,0.6986600000,0.6986900000
1790680135600,0.6986700000,0.6986900000
1790680136003,0.6986400000,0.6986700000
1790680136406,0.6986300000,0.6986500000
1790680138118,0.6986200000,0.6986400000
1790680138926,0.6986100000,0.6986300000
1790680140133,0.6986100000,0.6986300000
1790680147983,0.6986000000,0.6986200000
1790680148386,0.6985800000,0.6986100000
1790680149191,0.6985900000,0.6986100000
1790680149594,0.6986000000,0.6986200000
1790680150399,0.6985800000,0.6986100000
1790680152009,0.6985700000,0.6986000000
1790680152412,0.6985900000,0.6986100000
1790680153016,0.6986000000,0.6986100000
1790680153924,0.6986000000,0.6986200000
1790680154328,0.6985900000,0.6986100000
1790680157748,0.6985800000,0.6986100000
1790680158151,0.6985900000,0.6986000000
1790680159056,0.6985900000,0.6986100000
1790680160063,0.6986000000,0.6986100000
1790680160466,0.6985900000,0.6986100000
1790680160869,0.6986500000,0.6986700000
1790680162277,0.6986400000,0.6986700000
1790680164491,0.6986700000,0.6986900000
1790680169223,0.6986700000,0.6987000000
1790680169626,0.6986800000,0.6987000000
1790680170934,0.6986600000,0.6986800000
1790680171336,0.6986700000,0.6986900000
1790680172947,0.6986800000,0.6987000000
1790680173349,0.6986900000,0.6987100000
1790680173752,0.6986800000,0.6987000000
1790680174154,0.6986500000,0.6986700000
1790680175261,0.6986500000,0.6986800000
1790680175664,0.6986400000,0.6986600000
1790680178984,0.6986600000,0.6986700000
1790680179386,0.6986600000,0.6986800000
1790680181802,0.6986700000,0.6986900000
1790680182607,0.6986600000,0.6986900000
1790680183413,0.6986700000,0.6986900000
1790680184420,0.6986500000,0.6986700000
1790680186231,0.6986400000,0.6986600000
1790680187641,0.6986500000,0.6986600000
1790680188043,0.6986500000,0.6986700000
1790680188445,0.6986400000,0.6986700000
1790680188848,0.6986500000,0.6986700000
1790680189553,0.6986400000,0.6986700000
1790680189956,0.6986500000,0.6986700000
1790680190358,0.6986200000,0.6986400000
1790680191565,0.6985900000,0.6986100000
1790680191968,0.6985700000,0.6985900000
1790680192874,0.6985700000,0.6986000000
1790680193681,0.6985700000,0.6985900000
1790680194083,0.6985600000,0.6985900000
1790680194486,0.6985600000,0.6986000000
1790680194889,0.6985700000,0.6986000000
1790680196499,0.6985800000,0.6986000000
1790680197102,0.6985800000,0.6986100000
1790680197505,0.6985900000,0.6986200000
1790680198611,0.6986000000,0.6986200000
1790680200225,0.6986100000,0.6986300000
1790680200627,0.6986200000,0.6986400000
1790680201835,0.6986400000,0.6986700000
1790680202237,0.6986400000,0.6986600000
1790680203445,0.6986400000,0.6986700000
1790680204653,0.6986300000,0.6986500000
1790680205358,0.6986400000,0.6986500000
1790680206363,0.6986300000,0.6986500000
1790680206766,0.6986600000,0.6986900000
1790680213307,0.6986700000,0.6987000000
1790680215319,0.6986800000,0.6987000000
1790680218943,0.6986700000,0.6987000000
1790680220252,0.6986900000,0.6987000000
1790680220654,0.6986700000,0.6987000000
1790680222669,0.6986700000,0.6986900000
1790680223072,0.6986500000,0.6986800000
1790680223474,0.6986500000,0.6986700000
1790680223876,0.6986600000,0.6986900000
1790680224280,0.6986700000,0.6986900000
1790680224683,0.6986600000,0.6986900000
1790680226696,0.6986600000,0.6986800000
1790680227502,0.6986700000,0.6986800000
1790680227905,0.6986600000,0.6986800000
1790680228408,0.6986700000,0.6986800000
1790680229213,0.6986600000,0.6986800000
1790680230220,0.6986700000,0.6986800000
1790680230622,0.6986700000,0.6986900000
1790680231831,0.6986600000,0.6986900000
1790680232636,0.6986600000,0.6986800000
1790680233039,0.6986400000,0.6986700000
1790680233442,0.6986500000,0.6986700000
1790680234649,0.6986400000,0.6986600000
1790680235455,0.6986300000,0.6986600000
1790680236964,0.6985800000,0.6986000000
1790680237366,0.6985700000,0.6985900000
1790680238675,0.6985600000,0.6985900000
1790680239682,0.6985700000,0.6985900000
1790680240487,0.6985800000,0.6985900000
1790680240890,0.6985900000,0.6986000000
1790680241292,0.6985800000,0.6986000000
1790680242298,0.6985700000,0.6986000000
1790680243203,0.6985600000,0.6985900000
1790680243606,0.6985700000,0.6985900000
1790680244209,0.6985800000,0.6985900000
1790680245417,0.6985700000,0.6985900000
1790680246223,0.6985900000,0.6986000000
1790680246627,0.6985800000,0.6985900000
1790680247031,0.6985700000,0.6985900000
1790680248642,0.6985600000,0.6985900000
1790680251259,0.6985700000,0.6985900000
1790680252165,0.6985700000,0.6985800000
1790680252567,0.6985600000,0.6985800000
1790680253775,0.6985700000,0.6985900000
1790680254982,0.6985800000,0.6985900000
1790680255385,0.6985900000,0.6986000000
1790680255788,0.6985700000,0.6985900000
1790680258003,0.6985600000,0.6985900000
1790680258306,0.6985700000,0.6985900000
1790680261026,0.6985700000,0.6985900000
1790680261428,0.6986300000,0.6986400000
1790680261831,0.6986400000,0.6986500000
1790680262233,0.6986300000,0.6986500000
1790680263241,0.6986200000,0.6986500000
1790680263644,0.6986200000,0.6986400000
1790680264751,0.6986000000,0.6986400000
1790680268274,0.6986100000,0.6986400000
1790680268677,0.6986000000,0.6986400000
1790680269984,0.6986100000,0.6986400000
1790680270890,0.6985800000,0.6986100000
1790680271695,0.6985800000,0.6985900000
1790680272098,0.6985700000,0.6985900000
1790680272500,0.6985600000,0.6985900000
1790680272903,0.6985800000,0.6985900000
1790680274916,0.6985900000,0.6986000000
1790680275318,0.6985800000,0.6985900000
1790680276527,0.6985900000,0.6986000000
1790680277735,0.6986000000,0.6986100000
1790680278138,0.6985900000,0.6986100000
1790680278539,0.6985800000,0.6986000000
1790680280653,0.6985900000,0.6986000000
1790680281458,0.6985800000,0.6986000000
1790680282666,0.6985900000,0.6986000000
1790680283472,0.6986000000,0.6986100000
1790680283873,0.6985900000,0.6986000000
1790680284779,0.6985800000,0.6986000000
1790680285181,0.6985900000,0.6986000000
1790680285885,0.6985900000,0.6986100000
1790680289507,0.6985800000,0.6986000000
1790680294945,0.6985600000,0.6985800000
1790680295649,0.6985700000,0.6985800000
1790680296052,0.6985600000,0.6985800000
1790680297963,0.6985700000,0.6985800000
1790680298366,0.6985600000,0.6985800000
1790680299272,0.6985700000,0.6985800000
1790680299674,0.6985600000,0.6985800000
1790680301083,0.6985700000,0.6985800000
1790680301486,0.6985600000,0.6985800000
1790680301990,0.6985700000,0.6986000000
1790680302393,0.6986100000,0.6986300000
1790680306116,0.6986200000,0.6986300000
1790680306519,0.6986100000,0.6986300000
1790680310747,0.6986300000,0.6986400000
1790680311150,0.6986200000,0.6986400000
1790680311552,0.6986300000,0.6986400000
1790680312357,0.6986200000,0.6986400000
1790680312759,0.6986300000,0.6986400000
1790680313162,0.6986300000,0.6986500000
1790680317589,0.6986700000,0.6986800000
1790680318898,0.6986700000,0.6986900000
1790680319302,0.6986800000,0.6986900000
1790680320108,0.6986800000,0.6987000000
1790680320913,0.6986900000,0.6987000000
1790680322625,0.6986800000,0.6987000000
1790680323028,0.6986700000,0.6986900000
1790680323832,0.6986800000,0.6986900000
1790680324638,0.6986800000,0.6987000000
1790680330274,0.6986700000,0.6986900000
1790680331079,0.6986800000,0.6987000000
1790680331884,0.6986700000,0.6986900000
1790680335609,0.6986900000,0.6987100000
1790680339434,0.6986700000,0.6986900000
1790680341348,0.6986900000,0.6987100000
1790680341749,0.6987200000,0.6987400000
1790680346982,0.6987300000,0.6987500000
1790680347787,0.6987200000,0.6987300000
1790680349599,0.6987200000,0.6987400000
1790680352014,0.6987600000,0.6987800000
1790680352819,0.6987700000,0.6987900000
1790680354631,0.6987600000,0.6987800000
1790680355838,0.6987700000,0.6987800000
1790680357550,0.6987700000,0.6988000000
1790680357952,0.6987900000,0.6988100000
1790680359161,0.6987800000,0.6988000000
1790680363287,0.6987700000,0.6987900000
1790680364193,0.6987700000,0.6987800000
1790680364595,0.6987500000,0.6987700000
1790680366004,0.6987600000,0.6987800000
1790680368015,0.6987700000,0.6987900000
1790680369929,0.6987500000,0.6987700000
1790680370733,0.6987600000,0.6987800000
1790680373652,0.6987500000,0.6987800000
1790680374055,0.6987400000,0.6987600000
1790680374457,0.6987300000,0.6987500000
1790680378081,0.6987400000,0.6987600000
1790680378482,0.6987600000,0.6987800000
1790680380196,0.6987600000,0.6987800000
1790680382915,0.6987500000,0.6987800000
1790680383318,0.6987300000,0.6987500000
1790680383821,0.6987400000,0.6987500000
1790680384223,0.6987400000,0.6987600000
1790680386437,0.6987400000,0.6987500000
1790680386840,0.6987600000,0.6987700000
1790680387242,0.6987600000,0.6987800000
1790680392475,0.6987500000,0.6987700000
1790680393985,0.6987500000,0.6987800000
1790680394387,0.6987600000,0.6987800000
1790680400930,0.6987600000,0.6987900000
1790680401333,0.6987700000,0.6987900000
1790680401736,0.6987600000,0.6987800000
1790680402138,0.6987400000,0.6987600000
1790680402944,0.6987300000,0.6987600000
1790680403346,0.6987200000,0.6987400000
1790680405761,0.6987100000,0.6987300000
1790680409083,0.6987200000,0.6987400000
1790680409887,0.6987300000,0.6987400000
1790680411900,0.6987200000,0.6987400000
1790680414316,0.6987300000,0.6987400000
1790680414719,0.6987200000,0.6987400000
1790680415122,0.6987300000,0.6987400000
1790680415826,0.6987200000,0.6987400000
1790680416731,0.6987300000,0.6987400000
1790680417537,0.6987200000,0.6987400000
1790680417940,0.6987300000,0.6987400000
1790680418443,0.6987200000,0.6987400000
1790680421362,0.6987400000,0.6987500000
1790680421765,0.6987300000,0.6987400000
1790680422167,0.6987400000,0.6987500000
1790680423979,0.6987300000,0.6987400000
1790680426193,0.6987400000,0.6987600000
1790680426596,0.6987600000,0.6987800000
1790680430924,0.6987300000,0.6987500000
1790680431630,0.6987400000,0.6987500000
1790680432033,0.6987400000,0.6987600000
1790680439179,0.6987300000,0.6987500000
1790680439581,0.6987400000,0.6987500000
1790680439986,0.6987300000,0.6987500000
1790680441697,0.6987300000,0.6987500000
1790680450153,0.6987100000,0.6987300000
1790680454782,0.6986900000,0.6987100000
1790680455185,0.6987000000,0.6987200000
1790680458505,0.6987100000,0.6987200000
1790680459712,0.6987100000,0.6987300000
1790680461020,0.6986900000,0.6987100000
1790680461423,0.6987100000,0.6987300000
1790680477928,0.6987200000,0.6987300000
1790680478330,0.6987300000,0.6987500000
1790680482658,0.6987200000,0.6987400000
1790680485376,0.6987000000,0.6987200000
1790680488598,0.6987000000,0.6987300000
1790680491517,0.6987200000,0.6987500000
1790680493530,0.6987200000,0.6987600000
1790680494737,0.6987300000,0.6987600000
1790680500375,0.6987300000,0.6987600000
1790680501180,0.6987300000,0.6987500000
1790680501582,0.6987300000,0.6987600000
1790680502791,0.6987400000,0.6987800000
1790680503193,0.6987600000,0.6988000000
1790680503595,0.6987700000,0.6988000000
1790680504803,0.6987800000,0.6988100000
1790680505306,0.6987700000,0.6988100000
1790680506716,0.6987800000,0.6988100000
1790680507118,0.6987900000,0.6988200000
1790680507521,0.6987800000,0.6988200000
1790680507923,0.6987900000,0.6988200000
1790680508428,0.6987900000,0.6988100000
1790680508830,0.6987900000,0.6988200000
1790680509233,0.6987900000,0.6988100000
1790680511447,0.6987800000,0.6988100000
1790680513159,0.6987700000,0.6988100000
1790680513763,0.6987800000,0.6988100000
1790680519197,0.6987900000,0.6988100000
1790680523121,0.6987800000,0.6988100000
1790680523926,0.6987600000,0.6987900000
1790680529259,0.6987600000,0.6988000000
1790680529662,0.6987800000,0.6988000000
1790680530668,0.6987700000,0.6988000000
1790680532379,0.6987800000,0.6988100000
1790680534090,0.6988200000,0.6988400000
1790680534492,0.6988200000,0.6988500000
1790680535700,0.6988300000,0.6988500000
1790680536103,0.6988200000,0.6988400000
1790680536505,0.6988300000,0.6988500000
1790680537110,0.6988200000,0.6988500000
1790680537512,0.6988300000,0.6988600000
1790680543953,0.6988300000,0.6988500000
1790680545060,0.6988200000,0.6988500000
1790680546670,0.6988300000,0.6988500000
1790680547877,0.6988200000,0.6988500000
1790680549288,0.6988100000,0.6988400000
1790680549690,0.6988000000,0.6988300000
1790680551503,0.6988000000,0.6988200000
1790680552309,0.6987800000,0.6988100000
1790680552711,0.6987800000,0.6988000000
1790680553517,0.6987600000,0.6988000000
1790680557440,0.6987800000,0.6988100000
1790680557843,0.6987700000,0.6988100000
1790680559453,0.6987800000,0.6988100000
1790680559856,0.6987900000,0.6988200000
1790680560662,0.6987900000,0.6988200000
1790680561064,0.6987900000,0.6988100000
1790680561466,0.6987900000,0.6988200000
1790680562675,0.6987900000,0.6988100000
1790680564084,0.6987800000,0.6988100000
1790680564486,0.6987800000,0.6988000000
1790680570830,0.6987600000,0.6987800000
1790680574579,0.6987900000,0.6988100000
1790680574982,0.6987800000,0.6988000000
1790680578003,0.6987500000,0.6987700000
1790680581727,0.6987700000,0.6987900000
1790680587363,0.6987500000,0.6987700000
1790680591691,0.6987600000,0.6987700000
1790680594209,0.6987600000,0.6987800000
1790680599644,0.6987500000,0.6987700000
1790680602159,0.6987600000,0.6987700000
1790680602561,0.6987700000,0.6987900000
1790680605983,0.6987700000,0.6988000000
1790680606787,0.6988100000,0.6988400000
1790680607190,0.6988300000,0.6988500000
1790680607592,0.6988200000,0.6988500000
1790680611619,0.6988300000,0.6988500000
1790680613128,0.6988300000,0.6988600000
1790680613531,0.6988500000,0.6988700000
1790680615443,0.6988400000,0.6988700000
1790680617859,0.6988400000,0.6988600000
1790680618364,0.6988300000,0.6988600000
1790680619168,0.6988600000,0.6988900000
1790680619570,0.6988800000,0.6989000000
1790680619973,0.6989100000,0.6989400000
1790680620379,0.6989100000,0.6989500000
1790680620780,0.6989200000,0.6989500000
1790680621183,0.6989300000,0.6989500000
1790680622493,0.6989600000,0.6989800000
1790680624910,0.6989700000,0.6989900000
1790680625313,0.6989800000,0.6989900000
1790680625716,0.6990000000,0.6990200000
1790680626118,0.6989800000,0.6990000000
1790680629741,0.6989800000,0.6989900000
1790680630948,0.6989900000,0.6990000000
1790680631351,0.6989800000,0.6990000000
1790680631854,0.6989700000,0.6989900000
1790680634876,0.6989800000,0.6989900000
1790680635279,0.6989700000,0.6989900000
1790680636586,0.6989800000,0.6989900000
1790680636990,0.6989900000,0.6990000000
1790680637393,0.6989800000,0.6989900000
1790680639003,0.6989700000,0.6989900000
1790680639405,0.6989800000,0.6989900000
1790680640210,0.6989700000,0.6989900000
1790680640613,0.6989800000,0.6989900000
1790680642325,0.6989600000,0.6989800000
1790680643130,0.6989500000,0.6989700000
1790680645243,0.6989800000,0.6990000000
1790680646554,0.6989900000,0.6990000000
1790680646958,0.6989900000,0.6990100000
1790680651183,0.6990200000,0.6990400000
1790680653297,0.6990300000,0.6990400000
1790680653699,0.6990500000,0.6990600000
1790680654102,0.6990400000,0.6990600000
1790680657223,0.6990300000,0.6990500000
1790680658533,0.6990100000,0.6990300000
1790680659338,0.6989800000,0.6990100000
1790680661653,0.6989600000,0.6989800000
1790680662056,0.6989500000,0.6989700000
1790680662358,0.6989400000,0.6989600000
1790680666989,0.6989600000,0.6989700000
1790680667392,0.6989500000,0.6989700000
1790680670111,0.6989400000,0.6989600000
1790680671018,0.6989500000,0.6989600000
1790680671924,0.6989500000,0.6989700000
1790680678468,0.6989400000,0.6989600000
1790680680183,0.6989300000,0.6989600000
1790680680586,0.6989300000,0.6989500000
1790680680989,0.6989400000,0.6989500000
1790680681391,0.6989500000,0.6989600000
1790680681794,0.6989400000,0.6989600000
1790680682197,0.6989500000,0.6989600000
1790680682599,0.6989700000,0.6989900000
1790680683002,0.6989600000,0.6989800000
1790680685618,0.6989700000,0.6989800000
1790680686022,0.6989600000,0.6989800000
1790680707460,0.6990000000,0.6990200000
1790680707862,0.6990200000,0.6990300000
1790680708667,0.6990100000,0.6990300000
1790680712494,0.6990200000,0.6990300000
1790680712896,0.6990400000,0.6990600000
1790680713299,0.6990500000,0.6990600000
1790680719540,0.6990500000,0.6990700000
1790680721854,0.6990300000,0.6990500000
1790680729503,0.6990400000,0.6990500000
1790680729905,0.6990700000,0.6990900000
1790680730308,0.6990800000,0.6990900000
1790680732221,0.6991000000,0.6991100000
1790680732624,0.6990700000,0.6990900000
1790680734737,0.6990800000,0.6990900000
1790680736449,0.6990900000,0.6991000000
1790680736852,0.6990800000,0.6991000000
1790680741888,0.6990800000,0.6991000000
1790680753162,0.6990600000,0.6990900000
1790680753565,0.6990500000,0.6990700000
1790680753967,0.6990400000,0.6990600000
1790680757993,0.6990500000,0.6990600000
1790680758395,0.6990700000,0.6990900000
1790680759200,0.6990800000,0.6991000000
1790680761112,0.6990700000,0.6991000000
1790680761515,0.6990600000,0.6990800000
1790680761918,0.6990700000,0.6990800000
1790680762824,0.6990700000,0.6991000000
1790680763226,0.6990800000,0.6991000000
1790680763729,0.6990900000,0.6991000000
1790680764132,0.6991200000,0.6991300000
1790680764534,0.6991300000,0.6991400000
1790680764937,0.6991300000,0.6991500000
1790680766752,0.6991400000,0.6991700000
1790680767556,0.6991500000,0.6991700000
1790680769066,0.6991400000,0.6991700000
1790680769468,0.6991400000,0.6991600000
1790680770274,0.6991300000,0.6991500000
1790680773293,0.6991400000,0.6991500000
1790680774803,0.6991400000,0.6991600000
1790680775608,0.6991500000,0.6991600000
1790680776010,0.6991600000,0.6991800000
1790680777420,0.6991700000,0.6991900000
1790680778829,0.6991600000,0.6991800000
1790680779835,0.6991400000,0.6991600000
1790680780743,0.6991300000,0.6991500000
1790680782754,0.6991400000,0.6991500000
1790680783157,0.6991300000,0.6991500000
1790680783560,0.6991400000,0.6991500000
1790680789900,0.6991300000,0.6991500000
1790680790303,0.6991200000,0.6991500000
1790680793725,0.6991300000,0.6991500000
1790680794329,0.6991200000,0.6991500000
1790680799663,0.6991300000,0.6991500000
1790680800267,0.6991300000,0.6991500000
1790680802385,0.6991200000,0.6991500000
1790680803190,0.6991300000,0.6991500000
1790680804699,0.6991200000,0.6991500000
1790680805203,0.6991300000,0.6991500000
1790680807115,0.6991300000,0.6991400000
1790680807718,0.6991100000,0.6991400000
1790680808121,0.6990900000,0.6991100000
1790680808725,0.6991000000,0.6991100000
1790680809127,0.6991100000,0.6991300000
1790680809932,0.6991200000,0.6991300000
1790680810334,0.6991200000,0.6991400000
1790680810737,0.6991300000,0.6991400000
1790680811844,0.6991200000,0.6991400000
1790680812649,0.6991100000,0.6991300000
1790680814259,0.6991300000,0.6991500000
1790680814662,0.6991400000,0.6991500000
1790680815970,0.6991200000,0.6991500000
1790680816774,0.6991300000,0.6991500000
1790680817984,0.6991100000,0.6991500000
1790680818387,0.6990900000,0.6991100000
1790680820602,0.6991000000,0.6991200000
1790680821005,0.6990900000,0.6991000000
1790680821407,0.6991000000,0.6991200000
1790680826236,0.6991200000,0.6991400000
1790680827544,0.6991000000,0.6991200000
1790680828551,0.6991200000,0.6991400000
1790680829759,0.6990900000,0.6991100000
1790680841836,0.6991100000,0.6991300000
1790680844653,0.6991100000,0.6991500000
1790680845056,0.6991200000,0.6991500000
1790680845459,0.6991100000,0.6991500000
1790680845862,0.6991100000,0.6991300000
1790680847170,0.6991100000,0.6991500000
1790680847975,0.6991200000,0.6991500000
1790680848780,0.6991200000,0.6991400000
1790680849887,0.6991200000,0.6991500000
1790680854519,0.6991300000,0.6991500000
1790680858545,0.6991600000,0.6991800000
1790680858948,0.6991700000,0.6991900000
1790680859350,0.6991800000,0.6992000000
1790680860155,0.6991800000,0.6992000000
1790680863882,0.6992200000,0.6992400000
1790680864284,0.6992100000,0.6992300000
1790680865894,0.6992000000,0.6992200000
1790680868810,0.6992000000,0.6992100000
1790680869314,0.6991900000,0.6992100000
1790680870924,0.6992000000,0.6992200000
1790680871326,0.6991900000,0.6992100000
1790680872132,0.6991800000,0.6992000000
1790680874347,0.6992000000,0.6992200000
1790680877467,0.6992300000,0.6992500000
1790680879681,0.6992100000,0.6992300000
1790680880488,0.6992200000,0.6992300000
1790680880890,0.6992100000,0.6992300000
1790680883306,0.6992200000,0.6992300000
1790680883709,0.6992300000,0.6992500000
1790680884111,0.6992400000,0.6992600000
1790680885722,0.6992100000,0.6992300000
1790680888337,0.6992200000,0.6992400000
1790680896893,0.6992300000,0.6992400000
1790680897295,0.6992300000,0.6992500000
1790680899711,0.6992200000,0.6992500000
1790680900113,0.6992200000,0.6992400000
1790680902430,0.6992200000,0.6992300000
1790680903034,0.6992100000,0.6992300000
1790680904544,0.6992300000,0.6992500000
1790680904947,0.6992200000,0.6992500000
1790680906962,0.6992100000,0.6992300000
1790680908069,0.6992300000,0.6992400000
1790680910183,0.6992200000,0.6992400000
1790680910988,0.6992100000,0.6992400000
1790680912398,0.6992300000,0.6992400000
1790680912900,0.6992200000,0.6992400000
1790680913302,0.6992300000,0.6992400000
1790680913907,0.6992200000,0.6992400000
1790680915114,0.6992300000,0.6992400000
1790680916020,0.6992400000,0.6992600000
1790680917731,0.6992600000,0.6992800000
1790680920651,0.6992600000,0.6992800000
1790680921862,0.6992700000,0.6992800000
1790680922264,0.6992600000,0.6992800000
1790680922667,0.6992700000,0.6992800000
1790680923070,0.6992600000,0.6992800000
1790680923373,0.6992700000,0.6992900000
1790680924179,0.6992800000,0.6992900000
1790680926596,0.6992700000,0.6992900000
1790680927704,0.6992800000,0.6993000000
1790680930622,0.6992600000,0.6992800000
1790680931025,0.6992600000,0.6992900000
1790680932435,0.6992600000,0.6992800000
1790680933039,0.6992600000,0.6992900000
1790680933442,0.6992700000,0.6992900000
1790680936463,0.6992800000,0.6993000000
1790680936966,0.6992700000,0.6993000000
1790680938575,0.6992900000,0.6993100000
1790680938978,0.6993000000,0.6993300000
1790680940891,0.6993000000,0.6993400000
1790680941294,0.6993000000,0.6993300000
1790680942199,0.6993000000,0.6993400000
1790680943005,0.6993100000,0.6993400000
1790680944916,0.6993000000,0.6993300000
1790680945319,0.6993000000,0.6993400000
1790680946124,0.6993100000,0.6993400000
1790680947836,0.6992900000,0.6993200000
1790680948240,0.6992800000,0.6993000000
1790680948642,0.6992800000,0.6992900000
1790680949449,0.6992700000,0.6992900000
1790680949852,0.6992700000,0.6992800000
1790680950254,0.6992700000,0.6993000000
1790680951866,0.6992700000,0.6993100000
1790680952269,0.6992700000,0.6993000000
1790680954282,0.6992700000,0.6993100000
1790680954685,0.6992700000,0.6993000000
1790680958209,0.6992700000,0.6992900000
1790680958611,0.6992200000,0.6992500000
1790680959819,0.6992300000,0.6992600000
1790680961430,0.6992300000,0.6992500000
1790680962838,0.6992300000,0.6992600000
1790680964853,0.6992200000,0.6992600000
1790680966668,0.6992300000,0.6992600000
1790680967473,0.6992300000,0.6992700000
1790680969587,0.6992300000,0.6992600000
1790680970392,0.6992300000,0.6992700000
1790680970795,0.6992300000,0.6992600000
1790680972002,0.6992300000,0.6992700000
1790680972808,0.6992300000,0.6992600000
1790680974822,0.6992300000,0.6992700000
1790680975225,0.6992300000,0.6992600000
1790680976633,0.6992500000,0.6992800000
1790680977438,0.6992500000,0.6992900000
1790680978244,0.6992600000,0.6992900000
1790680979250,0.6992800000,0.6993100000
1790680979653,0.6992900000,0.6993200000
1790680980056,0.6992900000,0.6993200000
1790680980458,0.6992700000,0.6992900000
1790680980860,0.6992700000,0.6993100000
1790680981869,0.6992700000,0.6992900000
1790680982271,0.6992700000,0.6992800000
1790680982674,0.6992700000,0.6993000000
1790680986397,0.6992600000,0.6992900000
1790680987907,0.6992700000,0.6993000000
1790680988309,0.6992700000,0.6993100000
1790680988712,0.6992800000,0.6993100000
1790680989114,0.6992700000,0.6993000000
1790680995557,0.6992700000,0.6993100000
1790680995960,0.6992700000,0.6993000000
1790680996362,0.6992800000,0.6993100000
1790680997166,0.6992700000,0.6993000000
1790680998374,0.6992600000,0.6992900000
1790680998776,0.6992700000,0.6993000000
1790681000187,0.6992700000,0.6993100000
1790681000589,0.6992800000,0.6993100000
1790681000992,0.6993200000,0.6993500000
1790681001797,0.6993100000,0.6993400000
1790681002602,0.6992800000,0.6993100000
1790681004414,0.6992700000,0.6993000000
1790681005522,0.6992700000,0.6993100000
1790681005924,0.6992800000,0.6993100000
1790681007131,0.6992800000,0.6993200000
1790681007535,0.6992800000,0.6993100000
1790681007937,0.6992700000,0.6993000000
1790681010352,0.6992800000,0.6993000000
1790681011157,0.6992800000,0.6993100000
1790681012566,0.6992800000,0.6993000000
1790681012969,0.6992700000,0.6993000000
1790681013372,0.6992800000,0.6993000000
1790681014277,0.6992700000,0.6993000000
1790681015083,0.6992800000,0.6993000000
1790681018204,0.6992700000,0.6993000000
1790681018606,0.6992300000,0.6992600000
1790681025551,0.6992200000,0.6992600000
1790681026860,0.6992300000,0.6992600000
1790681030891,0.6992300000,0.6992700000
1790681031293,0.6992300000,0.6992600000
1790681031696,0.6992400000,0.6992700000
1790681032098,0.6992300000,0.6992600000
1790681034211,0.6992300000,0.6992700000
1790681034614,0.6992300000,0.6992600000
1790681035720,0.6992200000,0.6992600000
1790681036628,0.6992300000,0.6992600000
1790681040150,0.6992300000,0.6992600000
1790681041460,0.6992200000,0.6992600000
1790681042064,0.6992200000,0.6992500000
1790681042869,0.6992300000,0.6992500000
1790681043272,0.6992200000,0.6992500000
1790681044882,0.6992100000,0.6992300000
1790681045285,0.6992100000,0.6992400000
1790681045688,0.6992000000,0.6992200000
1790681046895,0.6991900000,0.6992200000
1790681049008,0.6992000000,0.6992300000
1790681054644,0.6991700000,0.6992000000
1790681055449,0.6991600000,0.6992000000
1790681055851,0.6991600000,0.6991900000
1790681058871,0.6991500000,0.6991700000
1790681059273,0.6991500000,0.6991800000
1790681060582,0.6991600000,0.6991900000
1790681063299,0.6991600000,0.6992000000
1790681063702,0.6991500000,0.6991700000
1790681064104,0.6991600000,0.6991700000
1790681064507,0.6991700000,0.6992000000
1790681065613,0.6991600000,0.6992000000
1790681068230,0.6991700000,0.6992000000
1790681069136,0.6991900000,0.6992300000
1790681069941,0.6992100000,0.6992500000
1790681070344,0.6992200000,0.6992500000
1790681070747,0.6992100000,0.6992400000
1790681072357,0.6992000000,0.6992300000
1790681072759,0.6991900000,0.6992100000
1790681073564,0.6992000000,0.6992300000
1790681074872,0.6992000000,0.6992200000
1790681076383,0.6992100000,0.6992200000
1790681077792,0.6992100000,0.6992300000
1790681079502,0.6992000000,0.6992300000
1790681079906,0.6991900000,0.6992200000
1790681080710,0.6991900000,0.6992300000
1790681081113,0.6992100000,0.6992400000
1790681081918,0.6992100000,0.6992300000
1790681082723,0.6992100000,0.6992500000
1790681083527,0.6992100000,0.6992400000
1790681084736,0.6991700000,0.6992100000
1790681086046,0.6991700000,0.6992000000
1790681087252,0.6991800000,0.6992000000
1790681087655,0.6991700000,0.6992100000
1790681088461,0.6991800000,0.6992100000
1790681088863,0.6991800000,0.6992200000
1790681089266,0.6991800000,0.6992100000
1790681091079,0.6991700000,0.6992100000
1790681092185,0.6991700000,0.6992000000
1790681092587,0.6991800000,0.6992000000
1790681093191,0.6991800000,0.6992100000
1790681094398,0.6991800000,0.6992000000
1790681094800,0.6991800000,0.6992100000
1790681098224,0.6991700000,0.6992000000
1790681100338,0.6991800000,0.6992000000
1790681100741,0.6991700000,0.6992000000
1790681101143,0.6991800000,0.6992100000
1790681105476,0.6991800000,0.6992000000
1790681106282,0.6991700000,0.6992000000
1790681111817,0.6991800000,0.6992100000
1790681112219,0.6992300000,0.6992500000
1790681113025,0.6992200000,0.6992500000
1790681113427,0.6992300000,0.6992500000
1790681114031,0.6992200000,0.6992500000
1790681114434,0.6992300000,0.6992500000
1790681114837,0.6992200000,0.6992500000
1790681116246,0.6992100000,0.6992300000
1790681116650,0.6992000000,0.6992400000
1790681117459,0.6992100000,0.6992500000
1790681117861,0.6992200000,0.6992500000
1790681118264,0.6992200000,0.6992600000
1790681118666,0.6992200000,0.6992500000
1790681119069,0.6992200000,0.6992600000
1790681119472,0.6992200000,0.6992500000
1790681119874,0.6992200000,0.6992600000
1790681120277,0.6992300000,0.6992600000
1790681121384,0.6992200000,0.6992600000
1790681124001,0.6992200000,0.6992400000
1790681128533,0.6992100000,0.6992300000
1790681129138,0.6992100000,0.6992500000
1790681129540,0.6992400000,0.6992600000
1790681130345,0.6992600000,0.6992700000
1790681130748,0.6992600000,0.6992800000
1790681131150,0.6992700000,0.6992800000
1790681131552,0.6992600000,0.6992800000
1790681136789,0.6992700000,0.6992900000
1790681137190,0.6992600000,0.6992800000
1790681139709,0.6992500000,0.6992700000
1790681140111,0.6991900000,0.6992000000
1790681140514,0.6991800000,0.6991900000
1790681141319,0.6991600000,0.6991900000
1790681141721,0.6991800000,0.6991900000
1790681142225,0.6991700000,0.6991900000
1790681142626,0.6991600000,0.6991800000
1790681143432,0.6991700000,0.6991900000
1790681144338,0.6991600000,0.6991800000
1790681146150,0.6991100000,0.6991300000
1790681149975,0.6991000000,0.6991200000
1790681150378,0.6990800000,0.6991000000
1790681150781,0.6990800000,0.6990900000
1790681152592,0.6990800000,0.6991000000
1790681152995,0.6991000000,0.6991200000
1790681154002,0.6991200000,0.6991400000
1790681154405,0.6991000000,0.6991200000
1790681155612,0.6991100000,0.6991300000
1790681156015,0.6991200000,0.6991300000
1790681156821,0.6991100000,0.6991300000
1790681157726,0.6991200000,0.6991400000
1790681158129,0.6991300000,0.6991500000
1790681160043,0.6991300000,0.6991500000
1790681163870,0.6991300000,0.6991400000
1790681164273,0.6991100000,0.6991300000
1790681166083,0.6991200000,0.6991400000
1790681166485,0.6991300000,0.6991400000
1790681166888,0.6991200000,0.6991400000
1790681167290,0.6991100000,0.6991300000
1790681169103,0.6991200000,0.6991300000
1790681169908,0.6991300000,0.6991400000
1790681170311,0.6991200000,0.6991400000
1790681170713,0.6991100000,0.6991300000
1790681171116,0.6991000000,0.6991200000
1790681176374,0.6991100000,0.6991300000
1790681177280,0.6991000000,0.6991300000
1790681177684,0.6991000000,0.6991200000
1790681178792,0.6991100000,0.6991200000
1790681179194,0.6991100000,0.6991300000
1790681183421,0.6991200000,0.6991400000
1790681184629,0.6991100000,0.6991400000
1790681189863,0.6991200000,0.6991400000
1790681190367,0.6991100000,0.6991400000
1790681192079,0.6991200000,0.6991400000
1790681192481,0.6991100000,0.6991300000
1790681193387,0.6991300000,0.6991400000
1790681194092,0.6991200000,0.6991400000
1790681197717,0.6991100000,0.6991400000
1790681198120,0.6991200000,0.6991400000
1790681200134,0.6991300000,0.6991400000
1790681201140,0.6991200000,0.6991400000
1790681201945,0.6991100000,0.6991400000
1790681202347,0.6991200000,0.6991400000
1790681208788,0.6991300000,0.6991400000
1790681209191,0.6991200000,0.6991400000
1790681211707,0.6991100000,0.6991200000
1790681212612,0.6991200000,0.6991300000
1790681213015,0.6991300000,0.6991400000
1790681213417,0.6991100000,0.6991300000
1790681216034,0.6991200000,0.6991300000
1790681216436,0.6991100000,0.6991400000
1790681216839,0.6991000000,0.6991200000
1790681220462,0.6991000000,0.6991200000
1790681220764,0.6991000000,0.6991100000
1790681221572,0.6991000000,0.6991200000
1790681221975,0.6991100000,0.6991300000
1790681231838,0.6991200000,0.6991300000
1790681232241,0.6991100000,0.6991300000
1790681232643,0.6991300000,0.6991400000
1790681233347,0.6991200000,0.6991300000
1790681234152,0.6991100000,0.6991300000
1790681235863,0.6991100000,0.6991500000
1790681236266,0.6991200000,0.6991500000
1790681241297,0.6991200000,0.6991400000
1790681250859,0.6991700000,0.6991800000
1790681252368,0.6991800000,0.6992000000
1790681256495,0.6991700000,0.6992000000
1790681256897,0.6991800000,0.6992000000
1790681257802,0.6991800000,0.6992100000
1790681261527,0.6991200000,0.6991500000
1790681263137,0.6991100000,0.6991400000
1790681265351,0.6991200000,0.6991400000
1790681265754,0.6991300000,0.6991400000
1790681266659,0.6991400000,0.6991700000
1790681269376,0.6991300000,0.6991600000
1790681271489,0.6991400000,0.6991600000
1790681273602,0.6991600000,0.6991800000
1790681277427,0.6991500000,0.6991800000
1790681277829,0.6991500000,0.6991700000
1790681280246,0.6991500000,0.6991700000
1790681280649,0.6991700000,0.6991800000
1790681283270,0.6991700000,0.6991900000
1790681283672,0.6991800000,0.6991900000
1790681284074,0.6991700000,0.6991900000
1790681290916,0.6991800000,0.6992000000
1790681292325,0.6991900000,0.6992100000
1790681293534,0.6992100000,0.6992300000
1790681294741,0.6992000000,0.6992200000
1790681299372,0.6991900000,0.6992100000
1790681299775,0.6991600000,0.6991800000
1790681302392,0.6991700000,0.6991800000
1790681302795,0.6991600000,0.6991800000
1790681303197,0.6991700000,0.6991800000
1790681303599,0.6991800000,0.6992000000
1790681311751,0.6991800000,0.6991900000
1790681312457,0.6991600000,0.6991900000
1790681312860,0.6991600000,0.6991800000
1790681313262,0.6991300000,0.6991500000
1790681314470,0.6991400000,0.6991600000
1790681318496,0.6991200000,0.6991400000
1790681319404,0.6991100000,0.6991300000
1790681321920,0.6991200000,0.6991400000
1790681324438,0.6991100000,0.6991300000
1790681325244,0.6990800000,0.6991000000
1790681330981,0.6990600000,0.6990800000
1790681333298,0.6990500000,0.6990800000
1790681333699,0.6990500000,0.6990700000
1790681338130,0.6990500000,0.6990800000
1790681338533,0.6990600000,0.6990800000
1790681340344,0.6990600000,0.6990800000
1790681341552,0.6990800000,0.6990900000
1790681341957,0.6990700000,0.6990900000
1790681353131,0.6990800000,0.6990900000
1790681353533,0.6990700000,0.6990900000
1790681353936,0.6990800000,0.6990900000
1790681354339,0.6991100000,0.6991300000
1790681356050,0.6991100000,0.6991400000
1790681356452,0.6991200000,0.6991400000
1790681356857,0.6991100000,0.6991300000
1790681357258,0.6991100000,0.6991400000
1790681357661,0.6991200000,0.6991400000
1790681358467,0.6991400000,0.6991500000
1790681359573,0.6991500000,0.6991600000
1790681359976,0.6991500000,0.6991700000
1790681360781,0.6991800000,0.6991900000
1790681361183,0.6991700000,0.6991800000
1790681361586,0.6991600000,0.6991800000
1790681361989,0.6991700000,0.6991800000
1790681362392,0.6991600000,0.6991800000
1790681362795,0.6991800000,0.6992000000
1790681363197,0.6991700000,0.6991900000
1790681368935,0.6991700000,0.6991800000
1790681369338,0.6991600000,0.6991800000
1790681370546,0.6991500000,0.6991700000
1790681370948,0.6991300000,0.6991400000
1790681371954,0.6991200000,0.6991400000
1790681372357,0.6991200000,0.6991300000
1790681375377,0.6991200000,0.6991400000
1790681380510,0.6991200000,0.6991300000
1790681381013,0.6991100000,0.6991300000
1790681381416,0.6990800000,0.6991000000
1790681386247,0.6990700000,0.6990900000
1790681387657,0.6990600000,0.6990800000
1790681389266,0.6990700000,0.6990800000
1790681389669,0.6990700000,0.6990900000
1790681390775,0.6990500000,0.6990700000
1790681391178,0.6990400000,0.6990600000
1790681392990,0.6990700000,0.6990900000
1790681397919,0.6990500000,0.6990700000
1790681400134,0.6990500000,0.6990700000
1790681400536,0.6990600000,0.6990800000
1790681404059,0.6990600000,0.6990900000
1790681404461,0.6990700000,0.6990900000
1790681405670,0.6991000000,0.6991200000
1790681406475,0.6991100000,0.6991300000
1790681407682,0.6991200000,0.6991400000
1790681408487,0.6991100000,0.6991400000
1790681409899,0.6990900000,0.6991100000
1790681411105,0.6990800000,0.6991000000
1790681414125,0.6990700000,0.6991000000
1790681416842,0.6990600000,0.6990800000
1790681418049,0.6990400000,0.6990600000
1790681418451,0.6990300000,0.6990500000
1790681420868,0.6990300000,0.6990600000
1790681421270,0.6990400000,0.6990600000
1790681424291,0.6990300000,0.6990500000
1790681428318,0.6990200000,0.6990400000
1790681432243,0.6990000000,0.6990200000
1790681436267,0.6989800000,0.6989900000
1790681440089,0.6989600000,0.6989800000
1790681444516,0.6989300000,0.6989600000
1790681445019,0.6989300000,0.6989500000
1790681445321,0.6989200000,0.6989400000
1790681452367,0.6988900000,0.6989100000
1790681454479,0.6988900000,0.6989200000
1790681454882,0.6989100000,0.6989300000
1790681459411,0.6988900000,0.6989100000
1790681460216,0.6988900000,0.6989100000
1790681461727,0.6989000000,0.6989200000
1790681465151,0.6989100000,0.6989300000
1790681468974,0.6989100000,0.6989200000
1790681469376,0.6989100000,0.6989300000
1790681470483,0.6988900000,0.6989300000
1790681470885,0.6988900000,0.6989200000
1790681471288,0.6988900000,0.6989300000
1790681471691,0.6989000000,0.6989300000
1790681473603,0.6989100000,0.6989300000
1790681474610,0.6989000000,0.6989300000
1790681475012,0.6988800000,0.6989100000
1790681475415,0.6988900000,0.6989200000
1790681476220,0.6989000000,0.6989300000
1790681476622,0.6989300000,0.6989600000
1790681477628,0.6989600000,0.6989800000
1790681479742,0.6989600000,0.6989900000
1790681480145,0.6989600000,0.6989800000
1790681481252,0.6989400000,0.6989700000
1790681481654,0.6989300000,0.6989500000
1790681482057,0.6989400000,0.6989600000
1790681486888,0.6989400000,0.6989700000
1790681487290,0.6989500000,0.6989700000
1790681491516,0.6989500000,0.6989800000
1790681491919,0.6989600000,0.6989800000
1790681500273,0.6989300000,0.6989500000
1790681503293,0.6989400000,0.6989600000
1790681503696,0.6989500000,0.6989700000
1790681504098,0.6989400000,0.6989700000
1790681504500,0.6989300000,0.6989500000
1790681505305,0.6989200000,0.6989400000
1790681512654,0.6989100000,0.6989300000
1790681519904,0.6988900000,0.6989100000
1790681520609,0.6988900000,0.6989100000
1790681522017,0.6988600000,0.6988800000
1790681523228,0.6988700000,0.6988800000
1790681523630,0.6988600000,0.6988800000
1790681525340,0.6988800000,0.6989000000
1790681525744,0.6988900000,0.6989100000
1790681526849,0.6988800000,0.6988900000
1790681527252,0.6988700000,0.6988900000
1790681531381,0.6988600000,0.6988800000
1790681532991,0.6988800000,0.6989000000
1790681534301,0.6988800000,0.6989100000
1790681534703,0.6988900000,0.6989100000
1790681537822,0.6988800000,0.6989000000
1790681538225,0.6988900000,0.6989000000
1790681538628,0.6988900000,0.6989100000
1790681541447,0.6989000000,0.6989200000
1790681543058,0.6988900000,0.6989100000
1790681548996,0.6988800000,0.6989100000
1790681549400,0.6988700000,0.6988800000
1790681549802,0.6988700000,0.6988900000
1790681557752,0.6988900000,0.6989100000
1790681558155,0.6989100000,0.6989400000
1790681559563,0.6989000000,0.6989400000
1790681560268,0.6989100000,0.6989400000
1790681560670,0.6989000000,0.6989300000
1790681561878,0.6988900000,0.6989100000
1790681562281,0.6988900000,0.6989300000
1790681562683,0.6989000000,0.6989300000
1790681564294,0.6988900000,0.6989300000
1790681564697,0.6988900000,0.6989100000
1790681566608,0.6988900000,0.6989200000
1790681567312,0.6989000000,0.6989200000
1790681567715,0.6989000000,0.6989300000
1790681568519,0.6989100000,0.6989300000
1790681568922,0.6989100000,0.6989400000
1790681569326,0.6989200000,0.6989400000
1790681570131,0.6989100000,0.6989400000
1790681572245,0.6989200000,0.6989400000
1790681572647,0.6989200000,0.6989500000
1790681574863,0.6989300000,0.6989500000
1790681577881,0.6989300000,0.6989400000
1790681578283,0.6989200000,0.6989400000
1790681580800,0.6989200000,0.6989400000
1790681581605,0.6989100000,0.6989300000
1790681583419,0.6989200000,0.6989400000
1790681587847,0.6989100000,0.6989400000
1790681588250,0.6989100000,0.6989300000
1790681589258,0.6989100000,0.6989200000
1790681589661,0.6988900000,0.6989100000
1790681589963,0.6988800000,0.6989000000
1790681590367,0.6988800000,0.6988900000
1790681590770,0.6988900000,0.6989100000
1790681591575,0.6989000000,0.6989200000
1790681595501,0.6989100000,0.6989300000
1790681609394,0.6989200000,0.6989400000
1790681609798,0.6989100000,0.6989400000
1790681610199,0.6989200000,0.6989400000
1790681611004,0.6989100000,0.6989300000
1790681612414,0.6988900000,0.6989100000
1790681613924,0.6988800000,0.6989000000
1790681617045,0.6988800000,0.6989100000
1790681617447,0.6988900000,0.6989100000
1790681619460,0.6989100000,0.6989300000
1790681626203,0.6989300000,0.6989400000
1790681626605,0.6989200000,0.6989400000
1790681628517,0.6989300000,0.6989400000
1790681630430,0.6989200000,0.6989400000
1790681630832,0.6989300000,0.6989400000
1790681631235,0.6989200000,0.6989400000
1790681632544,0.6989300000,0.6989400000
1790681637675,0.6989200000,0.6989400000
1790681640394,0.6989200000,0.6989400000
1790681640797,0.6989000000,0.6989200000
1790681641199,0.6989100000,0.6989300000
1790681650161,0.6989000000,0.6989200000
1790681651369,0.6988900000,0.6989200000
1790681651773,0.6988900000,0.6989100000
1790681653583,0.6988800000,0.6989000000
1790681654894,0.6988800000,0.6989100000
1790681655298,0.6988900000,0.6989100000
1790681659425,0.6988800000,0.6989000000
1790681660230,0.6988600000,0.6988800000
1790681662143,0.6988700000,0.6988900000
1790681662948,0.6988500000,0.6988700000
1790681663351,0.6988500000,0.6988600000
1790681663854,0.6988300000,0.6988600000
1790681664256,0.6988300000,0.6988500000
1790681665966,0.6988400000,0.6988500000
1790681666369,0.6988600000,0.6988800000
1790681671905,0.6988600000,0.6988700000
1790681672912,0.6988600000,0.6988800000
1790681676939,0.6988800000,0.6989000000
1790681677746,0.6988600000,0.6988900000
1790681680564,0.6988400000,0.6988600000
1790681680967,0.6988300000,0.6988500000
1790681681371,0.6988200000,0.6988500000
1790681682980,0.6988300000,0.6988600000
1790681683382,0.6988300000,0.6988500000
1790681683785,0.6988200000,0.6988500000
1790681684590,0.6988300000,0.6988500000
1790681689018,0.6988200000,0.6988400000
1790681690226,0.6988000000,0.6988300000
1790681692845,0.6987900000,0.6988200000
1790681693249,0.6987800000,0.6988100000
1790681694052,0.6987900000,0.6988100000
1790681694455,0.6987800000,0.6988100000
1790681694857,0.6987800000,0.6988000000
1790681695664,0.6987700000,0.6988000000
1790681696972,0.6987800000,0.6988000000
1790681697374,0.6988000000,0.6988200000
1790681699487,0.6987900000,0.6988200000
1790681699890,0.6987900000,0.6988100000
1790681700292,0.6987900000,0.6988200000
1790681701601,0.6988000000,0.6988200000
1790681702205,0.6987900000,0.6988200000
1790681706735,0.6987800000,0.6988100000
1790681708345,0.6987900000,0.6988100000
1790681709754,0.6987800000,0.6988100000
1790681713783,0.6987800000,0.6988000000
1790681714186,0.6987800000,0.6988100000
1790681715797,0.6987700000,0.6988000000
1790681716199,0.6987600000,0.6987800000
1790681717811,0.6987600000,0.6987700000
1790681718213,0.6987600000,0.6987800000
1790681720628,0.6987700000,0.6987900000
1790681721132,0.6987400000,0.6987700000
1790681722642,0.6987400000,0.6987600000
1790681724555,0.6987400000,0.6987700000
1790681725864,0.6987400000,0.6987600000
1790681728481,0.6987500000,0.6987700000
1790681730495,0.6987400000,0.6987700000
1790681730898,0.6987500000,0.6987800000
1790681734523,0.6987500000,0.6987700000
1790681734925,0.6987500000,0.6987800000
1790681740662,0.6987600000,0.6987800000
1790681741165,0.6987500000,0.6987800000
1790681741567,0.6987600000,0.6987800000
1790681742473,0.6987700000,0.6987900000
1790681745997,0.6987800000,0.6988000000
1790681751330,0.6987900000,0.6988100000
1790681755959,0.6988000000,0.6988200000
1790681756361,0.6988100000,0.6988300000
1790681760082,0.6988100000,0.6988200000
1790681760484,0.6988100000,0.6988300000
1790681761491,0.6988100000,0.6988200000
1790681761895,0.6988100000,0.6988300000
1790681769445,0.6988100000,0.6988400000
1790681770250,0.6988200000,0.6988400000
1790681772666,0.6988200000,0.6988300000
1790681773494,0.6988200000,0.6988400000
1790681775003,0.6988300000,0.6988400000
1790681776512,0.6988200000,0.6988400000
1790681776915,0.6988200000,0.6988300000
1790681782348,0.6988100000,0.6988300000
1790681797846,0.6988100000,0.6988400000
1790681798650,0.6988100000,0.6988300000
1790681801467,0.6988100000,0.6988400000
1790681801870,0.6988700000,0.6989000000
1790681802676,0.6988700000,0.6988900000
1790681804286,0.6988700000,0.6989000000
1790681807605,0.6988700000,0.6988900000
1790681816062,0.6988800000,0.6988900000
1790681816463,0.6988700000,0.6988900000
1790681820190,0.6988800000,0.6988900000
1790681820591,0.6988400000,0.6988600000
1790681822002,0.6988300000,0.6988500000
1790681824016,0.6987900000,0.6988100000
1790681825025,0.6987900000,0.6988200000
1790681825428,0.6988000000,0.6988200000
1790681826636,0.6988200000,0.6988300000
1790681827039,0.6988100000,0.6988300000
1790681830058,0.6988000000,0.6988200000
1790681833579,0.6988100000,0.6988300000
1790681835593,0.6988100000,0.6988200000
1790681836300,0.6988100000,0.6988300000
1790681839117,0.6988000000,0.6988200000
1790681840325,0.6987900000,0.6988100000
1790681844051,0.6987900000,0.6988200000
1790681844453,0.6988000000,0.6988200000
1790681846366,0.6988000000,0.6988300000
1790681846768,0.6988200000,0.6988400000
1790681855225,0.6988300000,0.6988500000
1790681858243,0.6988300000,0.6988600000
1790681858647,0.6988400000,0.6988600000
1790681859956,0.6988300000,0.6988500000
1790681865997,0.6988300000,0.6988400000
1790681869418,0.6988300000,0.6988500000
1790681877371,0.6988600000,0.6988800000
1790681877774,0.6988700000,0.6988900000
1790681880995,0.6988700000,0.6988900000
1790681893174,0.6988800000,0.6988900000
1790681893577,0.6988700000,0.6988900000
1790681898103,0.6989200000,0.6989400000
1790681901324,0.6989100000,0.6989300000
1790681901726,0.6989200000,0.6989400000
1790681902632,0.6989300000,0.6989400000
1790681903538,0.6989200000,0.6989400000
1790681904546,0.6989100000,0.6989400000
1790681904949,0.6988800000,0.6989100000
1790681905754,0.6988800000,0.6989000000
1790681906561,0.6988900000,0.6989100000
1790681907869,0.6988800000,0.6989000000
1790681909580,0.6988700000,0.6989000000
1790681909982,0.6988600000,0.6988900000
1790681911090,0.6988600000,0.6988800000
1790681911594,0.6988600000,0.6988900000
1790681915015,0.6988600000,0.6988800000
1790681915418,0.6988600000,0.6988900000
1790681918236,0.6988700000,0.6988900000
1790681918640,0.6988800000,0.6989000000
1790681919546,0.6988800000,0.6989100000
1790681919949,0.6988800000,0.6989000000
1790681920453,0.6988800000,0.6989100000
1790681921057,0.6988800000,0.6989000000
1790681921460,0.6988700000,0.6989000000
1790681925286,0.6988800000,0.6989000000
1790681928809,0.6988700000,0.6989000000
1790681930219,0.6988800000,0.6989000000
1790681930621,0.6989000000,0.6989200000
1790681931527,0.6989100000,0.6989300000
1790681932735,0.6989200000,0.6989400000
1790681933138,0.6989200000,0.6989300000
1790681936660,0.6989200000,0.6989400000
1790681938170,0.6989200000,0.6989300000
1790681940789,0.6989200000,0.6989400000
1790681942198,0.6989200000,0.6989300000
1790681943003,0.6989200000,0.6989400000
1790681943409,0.6989200000,0.6989300000
1790681944013,0.6989200000,0.6989400000
1790681949852,0.6989200000,0.6989300000
1790681950757,0.6989200000,0.6989400000
1790681952165,0.6989300000,0.6989500000
1790681952568,0.6989200000,0.6989400000
1790681964242,0.6989200000,0.6989500000
1790681964645,0.6989300000,0.6989500000
1790681972499,0.6989700000,0.6989900000
1790681972902,0.6989800000,0.6990000000
1790681973303,0.6989700000,0.6989900000
1790681973707,0.6989600000,0.6989800000
1790681975014,0.6989800000,0.6989900000
1790681975820,0.6989900000,0.6990100000
1790681976223,0.6990000000,0.6990200000
1790681977030,0.6989900000,0.6990100000
1790681978842,0.6990000000,0.6990200000
1790681979648,0.6989900000,0.6990100000
1790681984279,0.6989800000,0.6990100000
1790681984682,0.6989800000,0.6990000000
1790681988911,0.6989900000,0.6990100000
1790681990925,0.6989800000,0.6990000000
1790681991831,0.6989900000,0.6990100000
1790681994146,0.6989800000,0.6990100000
1790681994549,0.6989700000,0.6989900000
1790681995355,0.6989600000,0.6989900000
1790681995757,0.6989300000,0.6989600000
1790681996661,0.6989500000,0.6989700000
1790681999177,0.6989600000,0.6989800000
1790682001597,0.6989600000,0.6989800000
1790682001999,0.6989500000,0.6989700000
1790682002804,0.6989400000,0.6989600000
1790682004720,0.6989400000,0.6989700000
1790682005123,0.6989500000,0.6989700000
1790682007640,0.6989500000,0.6989800000
1790682008042,0.6989500000,0.6989700000
1790682010257,0.6989500000,0.6989600000
1790682010660,0.6989500000,0.6989700000
1790682011464,0.6989500000,0.6989600000
1790682011867,0.6989500000,0.6989700000
1790682012674,0.6989400000,0.6989600000
1790682017001,0.6989400000,0.6989700000
1790682017403,0.6989500000,0.6989700000
1790682017805,0.6989500000,0.6989600000
1790682018208,0.6989400000,0.6989600000
1790682018611,0.6989500000,0.6989700000
1790682020223,0.6989400000,0.6989600000
1790682020627,0.6989700000,0.6989900000
1790682021835,0.6989600000,0.6989900000
1790682022237,0.6989600000,0.6989800000
1790682022639,0.6989600000,0.6989900000
1790682024150,0.6989600000,0.6989800000
1790682024552,0.6989600000,0.6989900000
1790682024955,0.6989600000,0.6989800000
1790682025357,0.6989600000,0.6989900000
1790682025760,0.6989600000,0.6989800000
1790682026969,0.6989600000,0.6989900000
1790682027674,0.6989800000,0.6990000000
1790682028076,0.6989600000,0.6990000000
1790682028580,0.6989600000,0.6989900000
1790682028983,0.6989500000,0.6989800000
1790682029385,0.6989000000,0.6989300000
1790682029787,0.6989000000,0.6989200000
1790682030593,0.6988800000,0.6989100000
1790682031398,0.6988800000,0.6989000000
1790682032504,0.6988900000,0.6989100000
1790682033309,0.6988900000,0.6989000000
1790682033812,0.6988800000,0.6989000000
1790682035422,0.6988600000,0.6988900000
1790682036228,0.6988600000,0.6988800000
1790682036631,0.6988500000,0.6988800000
1790682040959,0.6988300000,0.6988600000
1790682042468,0.6988400000,0.6988600000
1790682042871,0.6988300000,0.6988600000
1790682044079,0.6988400000,0.6988600000
1790682044481,0.6988500000,0.6988700000
1790682045286,0.6988600000,0.6988700000
1790682045689,0.6988500000,0.6988700000
1790682047601,0.6988400000,0.6988700000
1790682049212,0.6988300000,0.6988600000
1790682051325,0.6988200000,0.6988500000
1790682052434,0.6988300000,0.6988500000
1790682052836,0.6988200000,0.6988500000
1790682053239,0.6988300000,0.6988500000
1790682054044,0.6988400000,0.6988600000
1790682054446,0.6988500000,0.6988700000
1790682054849,0.6988600000,0.6988700000
1790682055251,0.6988500000,0.6988700000
1790682056962,0.6988600000,0.6988700000
1790682057768,0.6988800000,0.6989100000
1790682058171,0.6988900000,0.6989100000
1790682060183,0.6988900000,0.6989100000
1790682062297,0.6988900000,0.6989000000
1790682063706,0.6988900000,0.6989100000
1790682064511,0.6989000000,0.6989200000
1790682065015,0.6989000000,0.6989300000
1790682065418,0.6989100000,0.6989300000
1790682070550,0.6989200000,0.6989400000
1790682072360,0.6988800000,0.6989000000
1790682073166,0.6988700000,0.6988900000
1790682080412,0.6988600000,0.6988900000
1790682081219,0.6988700000,0.6988900000
1790682083232,0.6988600000,0.6988800000
1790682084539,0.6988500000,0.6988700000
1790682086351,0.6988300000,0.6988500000
1790682086754,0.6988500000,0.6988700000
1790682090678,0.6988300000,0.6988600000
1790682091886,0.6988100000,0.6988400000
1790682092389,0.6988000000,0.6988300000
1790682093596,0.6988000000,0.6988200000
1790682093999,0.6987900000,0.6988200000
1790682095207,0.6988000000,0.6988200000
1790682095610,0.6987900000,0.6988200000
1790682096012,0.6988000000,0.6988300000
1790682097824,0.6988000000,0.6988200000
1790682098630,0.6987900000,0.6988300000
1790682099032,0.6987900000,0.6988200000
1790682100442,0.6988000000,0.6988200000
1790682100844,0.6987900000,0.6988200000
1790682102253,0.6988000000,0.6988200000
1790682104872,0.6988000000,0.6988300000
1790682105274,0.6988200000,0.6988400000
1790682105878,0.6988300000,0.6988400000
1790682106281,0.6988300000,0.6988500000
1790682107084,0.6988200000,0.6988400000
1790682107991,0.6988100000,0.6988400000
1790682111110,0.6988300000,0.6988500000
1790682118558,0.6988300000,0.6988600000
1790682119363,0.6988300000,0.6988500000
1790682121074,0.6988300000,0.6988500000
1790682121879,0.6988200000,0.6988400000
1790682139799,0.6988100000,0.6988400000
1790682140201,0.6988100000,0.6988300000
1790682142113,0.6988100000,0.6988400000
1790682143522,0.6988200000,0.6988400000
1790682148052,0.6988200000,0.6988300000
1790682148455,0.6988100000,0.6988300000
1790682149864,0.6988100000,0.6988400000
1790682150668,0.6988100000,0.6988300000
1790682152582,0.6987900000,0.6988100000
1790682152984,0.6988000000,0.6988300000
1790682153387,0.6988100000,0.6988300000
1790682153789,0.6988200000,0.6988400000
1790682154192,0.6988300000,0.6988400000
1790682154594,0.6988200000,0.6988400000
1790682154997,0.6988300000,0.6988400000
1790682155399,0.6988200000,0.6988400000
1790682155902,0.6988200000,0.6988500000
1790682156307,0.6988300000,0.6988500000
1790682157916,0.6988400000,0.6988500000
1790682158319,0.6988400000,0.6988600000
1790682160836,0.6988300000,0.6988600000
1790682161642,0.6988300000,0.6988500000
1790682171202,0.6988300000,0.6988400000
1790682171604,0.6988300000,0.6988500000
1790682172007,0.6988400000,0.6988600000
1790682172409,0.6988300000,0.6988600000
1790682174925,0.6988400000,0.6988600000
1790682177641,0.6988400000,0.6988700000
1790682180459,0.6988500000,0.6988700000
1790682180862,0.6988600000,0.6988900000
1790682181668,0.6988500000,0.6988700000
1790682183278,0.6988400000,0.6988700000
1790682183680,0.6988400000,0.6988600000
1790682184992,0.6988400000,0.6988700000
1790682185394,0.6988500000,0.6988700000
1790682186601,0.6988600000,0.6988800000
1790682189720,0.6988700000,0.6988800000
1790682190123,0.6988600000,0.6988800000
1790682191633,0.6988600000,0.6989000000
1790682192035,0.6988700000,0.6989000000
1790682194149,0.6988700000,0.6989100000
1790682195557,0.6988700000,0.6989000000
1790682196463,0.6989100000,0.6989300000
1790682197269,0.6989100000,0.6989500000
1790682199384,0.6989100000,0.6989400000
1790682201397,0.6989100000,0.6989300000
1790682202908,0.6989100000,0.6989500000
1790682203310,0.6989100000,0.6989400000
1790682203713,0.6989200000,0.6989400000
1790682204115,0.6989200000,0.6989300000
1790682209551,0.6989200000,0.6989500000
1790682210758,0.6989200000,0.6989400000
1790682211663,0.6989200000,0.6989500000
1790682212971,0.6989200000,0.6989400000
1790682214179,0.6989200000,0.6989600000
1790682214983,0.6989200000,0.6989500000
1790682219713,0.6989200000,0.6989600000
1790682221423,0.6989300000,0.6989600000
1790682223437,0.6989600000,0.6990000000
1790682223839,0.6989600000,0.6990100000
1790682227563,0.6989800000,0.6990100000
1790682227966,0.6989600000,0.6989900000
1790682231691,0.6989600000,0.6990000000
1790682232899,0.6989600000,0.6989900000
1790682233705,0.6989600000,0.6990000000
1790682234107,0.6989600000,0.6989900000
1790682234510,0.6989600000,0.6990000000
1790682234912,0.6989600000,0.6989900000
1790682236625,0.6989600000,0.6990000000
1790682237028,0.6989600000,0.6989900000
1790682239745,0.6989600000,0.6990000000
1790682240551,0.6989600000,0.6989900000
1790682240953,0.6989600000,0.6990000000
1790682241355,0.6989600000,0.6989900000
1790682244278,0.6989800000,0.6990100000
1790682247802,0.6989600000,0.6989900000
1790682248204,0.6989600000,0.6990000000
1790682250217,0.6989600000,0.6989900000
1790682254245,0.6989600000,0.6989800000
1790682254648,0.6989500000,0.6989800000
1790682255855,0.6989600000,0.6989800000
1790682256964,0.6989500000,0.6989800000
1790682262501,0.6989500000,0.6989900000
1790682262904,0.6989700000,0.6990000000
1790682263307,0.6989800000,0.6990100000
1790682266225,0.6989800000,0.6990000000
1790682266628,0.6989800000,0.6990100000
1790682270354,0.6989900000,0.6990100000
1790682270757,0.6990200000,0.6990500000
1790682271261,0.6990200000,0.6990400000
1790682271563,0.6990200000,0.6990500000
1790682273174,0.6990200000,0.6990400000
1790682273676,0.6990100000,0.6990400000
1790682274481,0.6990100000,0.6990300000
1790682274884,0.6990000000,0.6990300000
1790682275689,0.6990000000,0.6990400000
1790682276091,0.6990100000,0.6990500000
1790682276494,0.6990100000,0.6990400000
1790682278708,0.6990100000,0.6990500000
1790682279815,0.6990100000,0.6990400000
1790682282635,0.6990000000,0.6990400000
1790682283440,0.6990100000,0.6990500000
1790682283843,0.6990100000,0.6990400000
1790682287465,0.6990300000,0.6990600000
1790682290787,0.6990300000,0.6990500000
1790682296121,0.6990300000,0.6990600000
1790682300146,0.6990300000,0.6990600000
1790682300850,0.6990300000,0.6990500000
1790682301254,0.6990100000,0.6990300000
1790682301655,0.6990100000,0.6990400000
1790682302059,0.6990200000,0.6990500000
1790682302864,0.6990100000,0.6990400000
1790682304476,0.6990000000,0.6990300000
1790682309910,0.6990000000,0.6990400000
1790682310314,0.6990000000,0.6990300000
1790682313736,0.6990100000,0.6990300000
1790682314643,0.6989900000,0.6990200000
1790682315447,0.6989800000,0.6990100000
1790682315850,0.6989700000,0.6989900000
1790682317158,0.6989700000,0.6990000000
1790682332256,0.6989600000,0.6989900000
1790682333061,0.6989700000,0.6990000000
1790682335680,0.6989800000,0.6990000000
1790682336484,0.6989700000,0.6990000000
1790682337288,0.6989600000,0.6990000000
1790682338093,0.6989700000,0.6990000000
1790682340610,0.6989800000,0.6990000000
1790682342926,0.6989700000,0.6989900000
1790682345039,0.6989700000,0.6990000000
1790682349169,0.6989800000,0.6990000000
1790682351785,0.6990000000,0.6990200000
1790682352188,0.6989900000,0.6990100000
1790682357626,0.6989900000,0.6990200000
1790682358029,0.6990100000,0.6990300000
1790682359035,0.6990200000,0.6990300000
1790682359739,0.6990100000,0.6990300000
1790682360544,0.6990300000,0.6990400000
1790682360946,0.6990200000,0.6990400000
1790682362154,0.6990300000,0.6990400000
1790682365677,0.6990200000,0.6990400000
1790682366080,0.6990100000,0.6990400000
1790682366886,0.6990100000,0.6990300000
1790682367791,0.6990200000,0.6990300000
1790682370205,0.6990100000,0.6990300000
1790682371010,0.6990300000,0.6990400000
1790682373047,0.6990200000,0.6990400000
1790682375464,0.6990300000,0.6990400000
1790682378080,0.6990300000,0.6990500000
1790682378482,0.6990400000,0.6990500000
1790682378884,0.6990300000,0.6990500000
1790682394791,0.6990400000,0.6990500000
1790682395193,0.6990500000,0.6990700000
1790682396299,0.6990400000,0.6990600000
1790682397205,0.6990400000,0.6990700000
1790682397607,0.6990500000,0.6990700000
1790682404652,0.6990400000,0.6990700000
1790682406263,0.6990600000,0.6990800000
1790682407474,0.6989900000,0.6990000000
1790682407877,0.6990000000,0.6990200000
1790682411098,0.6989900000,0.6990000000
1790682411501,0.6990000000,0.6990200000
1790682411904,0.6990100000,0.6990300000
1790682412306,0.6990200000,0.6990400000
1790682417037,0.6990100000,0.6990300000
1790682420156,0.6990100000,0.6990400000
1790682420558,0.6990200000,0.6990400000
1790682427606,0.6990300000,0.6990500000
1790682431531,0.6990200000,0.6990500000
1790682431934,0.6990200000,0.6990400000
1790682433244,0.6990100000,0.6990400000
1790682440089,0.6990100000,0.6990300000
1790682443512,0.6990200000,0.6990400000
1790682446129,0.6990100000,0.6990300000
1790682446935,0.6990000000,0.6990200000
1790682448043,0.6990100000,0.6990300000
1790682456698,0.6990300000,0.6990400000
1790682457502,0.6990200000,0.6990400000
1790682460923,0.6990300000,0.6990400000
1790682464646,0.6990300000,0.6990500000
1790682479647,0.6990400000,0.6990500000
1790682480049,0.6990500000,0.6990700000
1790682484987,0.6990400000,0.6990700000
1790682485390,0.6990400000,0.6990600000
1790682486396,0.6990300000,0.6990500000
1790682488208,0.6990100000,0.6990300000
1790682488610,0.6989900000,0.6990100000
1790682489818,0.6989900000,0.6990200000
1790682490221,0.6990000000,0.6990200000
1790682491932,0.6989900000,0.6990100000
1790682493041,0.6989800000,0.6990000000
1790682493442,0.6989800000,0.6990100000
1790682494450,0.6989800000,0.6990000000
1790682496159,0.6989700000,0.6990000000
1790682496562,0.6989700000,0.6989900000
1790682500386,0.6989600000,0.6989800000
1790682502198,0.6989700000,0.6989900000
1790682503708,0.6989800000,0.6990000000
1790682505318,0.6989700000,0.6990000000
1790682508639,0.6989800000,0.6990000000
1790682510853,0.6989700000,0.6990000000
1790682511255,0.6989700000,0.6989900000
1790682511760,0.6989600000,0.6989800000
1790682518704,0.6989700000,0.6989900000
1790682524645,0.6989800000,0.6990000000
1790682529277,0.6989800000,0.6989900000
1790682536018,0.6990200000,0.6990300000
1790682536420,0.6990300000,0.6990400000
1790682536924,0.6990200000,0.6990400000
1790682540046,0.6990200000,0.6990400000
1790682540953,0.6990200000,0.6990300000
1790682543568,0.6990200000,0.6990400000
1790682543971,0.6990200000,0.6990300000
1790682552831,0.6990200000,0.6990400000
1790682567328,0.6990200000,0.6990500000
1790682567731,0.6990700000,0.6990900000
1790682569743,0.6991100000,0.6991300000
1790682570146,0.6991000000,0.6991200000
1790682571957,0.6991000000,0.6991100000
1790682572865,0.6990800000,0.6991100000
1790682573267,0.6990600000,0.6990800000
1790682573669,0.6990700000,0.6990800000
1790682574072,0.6990600000,0.6990800000
1790682576890,0.6990700000,0.6990900000
1790682580314,0.6990600000,0.6990800000
1790682581823,0.6990600000,0.6990700000
1790682582225,0.6990500000,0.6990700000
1790682587559,0.6990500000,0.6990800000
1790682587962,0.6990600000,0.6990800000
1790682589473,0.6990700000,0.6990900000
1790682593199,0.6990600000,0.6990800000
1790682594408,0.6991100000,0.6991200000
1790682596120,0.6991100000,0.6991300000
1790682600450,0.6991100000,0.6991300000
1790682603068,0.6991000000,0.6991200000
1790682603873,0.6991100000,0.6991300000
1790682604678,0.6991100000,0.6991400000
1790682605888,0.6991200000,0.6991400000
1790682611526,0.6991200000,0.6991300000
1790682611929,0.6991200000,0.6991400000
1790682612332,0.6991100000,0.6991400000
1790682612936,0.6991200000,0.6991400000
1790682614545,0.6991100000,0.6991400000
1790682616761,0.6991000000,0.6991400000
1790682617767,0.6991000000,0.6991300000
1790682618170,0.6991000000,0.6991200000
1790682620889,0.6990800000,0.6991100000
1790682621291,0.6990700000,0.6991000000
1790682624510,0.6990600000,0.6991000000
1790682628841,0.6990600000,0.6990800000
1790682629243,0.6990200000,0.6990500000
1790682630854,0.6990400000,0.6990600000
1790682631256,0.6990500000,0.6990800000
1790682633573,0.6990600000,0.6990900000
1790682633976,0.6990400000,0.6990600000
1790682636896,0.6990400000,0.6990700000
1790682637299,0.6990600000,0.6990900000
1790682638104,0.6990600000,0.6990800000
1790682638808,0.6990500000,0.6990800000
1790682639210,0.6990500000,0.6990700000
1790682641930,0.6990400000,0.6990700000
1790682642333,0.6990400000,0.6990600000
1790682643140,0.6990500000,0.6990700000
1790682647064,0.6990500000,0.6990800000
1790682647467,0.6990700000,0.6990800000
1790682647869,0.6990600000,0.6990900000
1790682650184,0.6990600000,0.6990800000
1790682650587,0.6990600000,0.6990900000
1790682651694,0.6990600000,0.6990800000
1790682652096,0.6990600000,0.6990900000
1790682652499,0.6990600000,0.6990800000
1790682653808,0.6990700000,0.6990900000
1790682654714,0.6990600000,0.6990900000
1790682657431,0.6990600000,0.6990800000
1790682660349,0.6990600000,0.6990800000
1790682663068,0.6990700000,0.6990800000
1790682663472,0.6990700000,0.6990900000
1790682671426,0.6990600000,0.6990900000
1790682671828,0.6990700000,0.6990900000
1790682672231,0.6990600000,0.6990700000
1790682672633,0.6990700000,0.6990900000
1790682678875,0.6990800000,0.6990900000
1790682679278,0.6991000000,0.6991200000
1790682680083,0.6990900000,0.6991100000
1790682686625,0.6990900000,0.6991000000
1790682687028,0.6990800000,0.6991000000
1790682689140,0.6990600000,0.6990800000
1790682690348,0.6990600000,0.6990700000
1790682690851,0.6990400000,0.6990600000
1790682693569,0.6990600000,0.6990800000
1790682693971,0.6990700000,0.6990900000
1790682694374,0.6990800000,0.6990900000
1790682695280,0.6990700000,0.6990900000
1790682700209,0.6990600000,0.6990900000
1790682700612,0.6990600000,0.6990800000
1790682707254,0.6990600000,0.6990900000
1790682707658,0.6990700000,0.6990900000
1790682717528,0.6990400000,0.6990600000
1790682717930,0.6990500000,0.6990700000
1790682719843,0.6990400000,0.6990700000
1790682720245,0.6990400000,0.6990600000
1790682727190,0.6990300000,0.6990500000
1790682729303,0.6990300000,0.6990400000
1790682729906,0.6990300000,0.6990500000
1790682732824,0.6990600000,0.6990800000
1790682741882,0.6990700000,0.6990900000
1790682742687,0.6990800000,0.6991000000
1790682746715,0.6990700000,0.6991000000
1790682747117,0.6990700000,0.6990900000
1790682756075,0.6990800000,0.6991000000
1790682758994,0.6991200000,0.6991300000
1790682759397,0.6991200000,0.6991400000
1790682761309,0.6991300000,0.6991500000
1790682766040,0.6991200000,0.6991400000
1790682769060,0.6991100000,0.6991400000
1790682769462,0.6991300000,0.6991400000
1790682769864,0.6991200000,0.6991500000
1790682770267,0.6991300000,0.6991500000
1790682770670,0.6991200000,0.6991500000
1790682771072,0.6991300000,0.6991500000
1790682778622,0.6991400000,0.6991600000
1790682780031,0.6991400000,0.6991700000
1790682780433,0.6991400000,0.6991600000
1790682782346,0.6991600000,0.6991700000
1790682783152,0.6991700000,0.6991800000
1790682783555,0.6991700000,0.6991900000
1790682783958,0.6991600000,0.6991900000
1790682785972,0.6991700000,0.6991900000
1790682786374,0.6991600000,0.6991900000
1790682786777,0.6991600000,0.6991800000
1790682789896,0.6991500000,0.6991700000
1790682790299,0.6991600000,0.6991800000
1790682790701,0.6991500000,0.6991700000
1790682794928,0.6991600000,0.6991800000
1790682796437,0.6991600000,0.6991900000
1790682796840,0.6991700000,0.6991900000
1790682798350,0.6991600000,0.6991800000
1790682803081,0.6991500000,0.6991800000
1790682803484,0.6991600000,0.6991800000
1790682811538,0.6991400000,0.6991600000
1790682820901,0.6991100000,0.6991300000
1790682821303,0.6991200000,0.6991300000
1790682821706,0.6991300000,0.6991500000
1790682826637,0.6991500000,0.6991700000
1790682827947,0.6991400000,0.6991600000
1790682828350,0.6991300000,0.6991500000
1790682836000,0.6991400000,0.6991600000
1790682838617,0.6991400000,0.6991500000
1790682839020,0.6991300000,0.6991500000
1790682840530,0.6991300000,0.6991500000
1790682842043,0.6991100000,0.6991300000
1790682851204,0.6991100000,0.6991200000
1790682852514,0.6991100000,0.6991300000
1790682854828,0.6991200000,0.6991300000
1790682855332,0.6991100000,0.6991300000
1790682855735,0.6991300000,0.6991500000
1790682863487,0.6991400000,0.6991600000
1790682866809,0.6991300000,0.6991500000
1790682885634,0.6991300000,0.6991400000
1790682887244,0.6991200000,0.6991400000
1790682888049,0.6991200000,0.6991300000
1790682888853,0.6991000000,0.6991200000
1790682895594,0.6990700000,0.6990900000
1790682896400,0.6990800000,0.6991000000
1790682896802,0.6990900000,0.6991100000
1790682897204,0.6991000000,0.6991100000
1790682897608,0.6990900000,0.6991100000
1790682898815,0.6990800000,0.6991000000
1790682899721,0.6990800000,0.6991100000
1790682900124,0.6990900000,0.6991100000
1790682905460,0.6990900000,0.6991200000
1790682905865,0.6991000000,0.6991200000
1790682906368,0.6990900000,0.6991200000
1790682906771,0.6990800000,0.6991000000
1790682907174,0.6990700000,0.6990800000
1790682907576,0.6990600000,0.6990800000
1790682907979,0.6990900000,0.6991100000
1790682910494,0.6990900000,0.6991200000
1790682910897,0.6991000000,0.6991200000
1790682912306,0.6990900000,0.6991100000
1790682915428,0.6991000000,0.6991200000
1790682916233,0.6990900000,0.6991100000
1790682917241,0.6990900000,0.6991000000
1790682917645,0.6990800000,0.6991000000
1790682920261,0.6990900000,0.6991100000
1790682921670,0.6991200000,0.6991300000
1790682922072,0.6991300000,0.6991500000
1790682922877,0.6991200000,0.6991400000
1790682936067,0.6991100000,0.6991300000
1790682942304,0.6990700000,0.6990900000
1790682943110,0.6990900000,0.6991100000
1790682947741,0.6991100000,0.6991300000
1790682949553,0.6991000000,0.6991100000
1790682949955,0.6991000000,0.6991200000
1790682952270,0.6991400000,0.6991600000
1790682953477,0.6991400000,0.6991500000
1790682953880,0.6991500000,0.6991700000
1790682956296,0.6991100000,0.6991300000
1790682959113,0.6991200000,0.6991400000
1790682960019,0.6991200000,0.6991400000
1790682960421,0.6991100000,0.6991400000
1790682961630,0.6991000000,0.6991400000
1790682962033,0.6991000000,0.6991300000
1790682962437,0.6991200000,0.6991300000
1790682963242,0.6991100000,0.6991300000
1790682965356,0.6991000000,0.6991300000
1790682965761,0.6991200000,0.6991300000
1790682966566,0.6991100000,0.6991300000
1790682966968,0.6991000000,0.6991300000
1790682967371,0.6991100000,0.6991300000
1790682968177,0.6991300000,0.6991400000
1790682968781,0.6991200000,0.6991400000
1790682969586,0.6991300000,0.6991400000
1790682970190,0.6991200000,0.6991400000
1790682970595,0.6991300000,0.6991400000
1790682971400,0.6991200000,0.6991400000
1790682972407,0.6991300000,0.6991400000
1790682972834,0.6991200000,0.6991400000
1790682973740,0.6991300000,0.6991400000
1790682974142,0.6991600000,0.6991700000
1790682974545,0.6991600000,0.6991800000
1790682974947,0.6991700000,0.6991800000
1790682975953,0.6991700000,0.6991900000
1790682978471,0.6991600000,0.6991800000
1790682979679,0.6991700000,0.6991800000
1790682983606,0.6991600000,0.6991800000
1790682984009,0.6991700000,0.6991800000
1790682984411,0.6991700000,0.6992000000
1790682985518,0.6991800000,0.6992000000
1790682988738,0.6991900000,0.6992100000
1790682989141,0.6991800000,0.6992000000
1790682990952,0.6991700000,0.6992000000
1790682993973,0.6991800000,0.6992000000
1790682994779,0.6991700000,0.6992000000
1790682995585,0.6991800000,0.6992000000
1790682995987,0.6991700000,0.6992000000
1790682996893,0.6991500000,0.6991800000
1790682997296,0.6991500000,0.6991700000
1790682997699,0.6991500000,0.6991800000
1790682998101,0.6991600000,0.6991800000
1790682999309,0.6991500000,0.6991800000
1790683000114,0.6991400000,0.6991700000
1790683001623,0.6991400000,0.6991800000
1790683002026,0.6991500000,0.6991800000
1790683004039,0.6991400000,0.6991800000
1790683007864,0.6991400000,0.6991700000
1790683010078,0.6991500000,0.6991700000
1790683010986,0.6991500000,0.6991800000
1790683011388,0.6991600000,0.6991800000
1790683012194,0.6991500000,0.6991800000
1790683015014,0.6991600000,0.6991800000
1790683015416,0.6991500000,0.6991800000
1790683016222,0.6991600000,0.6991800000
1790683017027,0.6991500000,0.6991800000
1790683018234,0.6991400000,0.6991700000
1790683018636,0.6991500000,0.6991800000
1790683020047,0.6991400000,0.6991800000
1790683020551,0.6991500000,0.6991800000
1790683022463,0.6991400000,0.6991800000
1790683022865,0.6991400000,0.6991700000
1790683023268,0.6991300000,0.6991700000
1790683023672,0.6991400000,0.6991700000
1790683027597,0.6991300000,0.6991700000
1790683029308,0.6991300000,0.6991600000
1790683029812,0.6991300000,0.6991700000
1790683030214,0.6991400000,0.6991700000
1790683032430,0.6991300000,0.6991700000
1790683032934,0.6991400000,0.6991700000
1790683036962,0.6991300000,0.6991700000
1790683037365,0.6991000000,0.6991300000
1790683037767,0.6991100000,0.6991400000
1790683038773,0.6991200000,0.6991400000
1790683040282,0.6991100000,0.6991400000
1790683043002,0.6991000000,0.6991400000
1790683043405,0.6990900000,0.6991100000
1790683044210,0.6990900000,0.6991200000
1790683050348,0.6990500000,0.6990900000
1790683050751,0.6990300000,0.6990600000
1790683051154,0.6990400000,0.6990600000
1790683051557,0.6990300000,0.6990600000
1790683052363,0.6990200000,0.6990500000
1790683053473,0.6990100000,0.6990500000
1790683053876,0.6990000000,0.6990400000
1790683054277,0.6990100000,0.6990400000
1790683055083,0.6990000000,0.6990400000
1790683055887,0.6990100000,0.6990400000
1790683056290,0.6989900000,0.6990300000
1790683056693,0.6990000000,0.6990300000
1790683058505,0.6990100000,0.6990400000
1790683058907,0.6989900000,0.6990200000
1790683059310,0.6989700000,0.6990000000
1790683059712,0.6989600000,0.6989900000
1790683061020,0.6989500000,0.6989800000
1790683061825,0.6989400000,0.6989800000
1790683062630,0.6989500000,0.6989800000
1790683063033,0.6989700000,0.6989900000
1790683063435,0.6989900000,0.6990300000
1790683063838,0.6990000000,0.6990300000
1790683064240,0.6989900000,0.6990300000
1790683064744,0.6990000000,0.6990300000
1790683065951,0.6990300000,0.6990400000
1790683066353,0.6990200000,0.6990400000
1790683066756,0.6990300000,0.6990400000
1790683067159,0.6990200000,0.6990400000
1790683067965,0.6990100000,0.6990400000
1790683068367,0.6990200000,0.6990400000
1790683069273,0.6990100000,0.6990400000
1790683070480,0.6990000000,0.6990300000
1790683073601,0.6990100000,0.6990300000
1790683074005,0.6990300000,0.6990400000
1790683074810,0.6990200000,0.6990400000
1790683077827,0.6990000000,0.6990300000
1790683079840,0.6989900000,0.6990300000
1790683080242,0.6989900000,0.6990200000
1790683081352,0.6990000000,0.6990200000
1790683081755,0.6989900000,0.6990200000
1790683082158,0.6990000000,0.6990200000
1790683082562,0.6990000000,0.6990300000
1790683082964,0.6990100000,0.6990300000
1790683083972,0.6990100000,0.6990400000
1790683085481,0.6990000000,0.6990400000
1790683085884,0.6990100000,0.6990400000
1790683089711,0.6990200000,0.6990400000
1790683090516,0.6990300000,0.6990400000
1790683092127,0.6990200000,0.6990400000
1790683093034,0.6990300000,0.6990500000
1790683093538,0.6990200000,0.6990500000
1790683093941,0.6990200000,0.6990400000
1790683096659,0.6990100000,0.6990400000
1790683097464,0.6990000000,0.6990300000
1790683100081,0.6989900000,0.6990200000
1790683100485,0.6990100000,0.6990200000
1790683100887,0.6990000000,0.6990200000
1790683102598,0.6990000000,0.6990300000
1790683106021,0.6990100000,0.6990300000
1790683106826,0.6990300000,0.6990400000
1790683107329,0.6990200000,0.6990400000
1790683109545,0.6990100000,0.6990400000
1790683110350,0.6990200000,0.6990400000
1790683111558,0.6990100000,0.6990400000
1790683114478,0.6990000000,0.6990300000
1790683115786,0.6990100000,0.6990400000
1790683116188,0.6990200000,0.6990400000
1790683117999,0.6990300000,0.6990500000
1790683120414,0.6990200000,0.6990500000
1790683123332,0.6990300000,0.6990500000
1790683125144,0.6990300000,0.6990600000
1790683125547,0.6990200000,0.6990500000
1790683128363,0.6990300000,0.6990500000
1790683128866,0.6990200000,0.6990500000
1790683129370,0.6990300000,0.6990500000
1790683129873,0.6990200000,0.6990500000
1790683130276,0.6990300000,0.6990500000
1790683131685,0.6990200000,0.6990500000
1790683132490,0.6990100000,0.6990400000
1790683133899,0.6990200000,0.6990400000
1790683138226,0.6990300000,0.6990400000
1790683139132,0.6990300000,0.6990500000
1790683139534,0.6990200000,0.6990500000
1790683140641,0.6990200000,0.6990500000
1790683146078,0.6990300000,0.6990500000
1790683148294,0.6990200000,0.6990500000
1790683149804,0.6990300000,0.6990500000
1790683151212,0.6990400000,0.6990500000
1790683151615,0.6990500000,0.6990900000
1790683152018,0.6990600000,0.6990900000
1790683153627,0.6991000000,0.6991300000
1790683156042,0.6991200000,0.6991400000
1790683159061,0.6991200000,0.6991500000
1790683159464,0.6991300000,0.6991500000
1790683159866,0.6991200000,0.6991500000
1790683163489,0.6991400000,0.6991700000
1790683164697,0.6991300000,0.6991600000
1790683165502,0.6991400000,0.6991700000
1790683168520,0.6991300000,0.6991700000
1790683168922,0.6991400000,0.6991700000
1790683170533,0.6991300000,0.6991700000
1790683171038,0.6991400000,0.6991700000
1790683171440,0.6991300000,0.6991600000
1790683175667,0.6991200000,0.6991500000
1790683176069,0.6991100000,0.6991500000
1790683176974,0.6991100000,0.6991400000
1790683177780,0.6991000000,0.6991400000
1790683178283,0.6991100000,0.6991400000
1790683178685,0.6991000000,0.6991400000
1790683179088,0.6991100000,0.6991400000
1790683181504,0.6991200000,0.6991400000
1790683182208,0.6991300000,0.6991400000
1790683182611,0.6991400000,0.6991600000
1790683183013,0.6991400000,0.6991700000
1790683185832,0.6991300000,0.6991700000
1790683186236,0.6991400000,0.6991700000
1790683186637,0.6991300000,0.6991700000
1790683187040,0.6991400000,0.6991700000
1790683188348,0.6991300000,0.6991700000
1790683190863,0.6991000000,0.6991400000
1790683191266,0.6991200000,0.6991400000
1790683191669,0.6991100000,0.6991400000
1790683194791,0.6991200000,0.6991400000
1790683195998,0.6991300000,0.6991500000
1790683197808,0.6991200000,0.6991500000
1790683198211,0.6991100000,0.6991500000
1790683199016,0.6991100000,0.6991400000
1790683199820,0.6990900000,0.6991300000
1790683200223,0.6991000000,0.6991300000
1790683205558,0.6990900000,0.6991300000
1790683205960,0.6991000000,0.6991300000
1790683212707,0.6991100000,0.6991300000
1790683213110,0.6991100000,0.6991400000
1790683215826,0.6990900000,0.6991200000
1790683216229,0.6990800000,0.6991100000
1790683217035,0.6991000000,0.6991300000
1790683217437,0.6991000000,0.6991400000
1790683217841,0.6991100000,0.6991400000
1790683218746,0.6991000000,0.6991400000
1790683220256,0.6991000000,0.6991300000
1790683222972,0.6991000000,0.6991400000
1790683225488,0.6991100000,0.6991400000
1790683225890,0.6991200000,0.6991500000
1790683230319,0.6991300000,0.6991500000
1790683236358,0.6991400000,0.6991600000
1790683238874,0.6991400000,0.6991500000
1790683239780,0.6991400000,0.6991600000
1790683240183,0.6991600000,0.6991800000
1790683240585,0.6991300000,0.6991600000
1790683241390,0.6991400000,0.6991600000
1790683241793,0.6991300000,0.6991500000
1790683244409,0.6991200000,0.6991500000
1790683244812,0.6991200000,0.6991400000
1790683245214,0.6991500000,0.6991700000
1790683245618,0.6991600000,0.6991900000
1790683246021,0.6991800000,0.6992000000
1790683246426,0.6991700000,0.6992000000
1790683246829,0.6991800000,0.6992000000
1790683247232,0.6992000000,0.6992200000
1790683248539,0.6991900000,0.6992100000
1790683249948,0.6991900000,0.6992200000
1790683250352,0.6992100000,0.6992300000
1790683257296,0.6991800000,0.6992100000
1790683264341,0.6991800000,0.6992100000
1790683269374,0.6991600000,0.6991800000
1790683272394,0.6991500000,0.6991700000
1790683273200,0.6991300000,0.6991500000
1790683280647,0.6991200000,0.6991400000
1790683286987,0.6991200000,0.6991300000
1790683287390,0.6991000000,0.6991200000
1790683291314,0.6991100000,0.6991200000
1790683292019,0.6991100000,0.6991300000
1790683304196,0.6991200000,0.6991300000
1790683304599,0.6991500000,0.6991700000
1790683306611,0.6991500000,0.6991800000
1790683307416,0.6991600000,0.6991800000
1790683307819,0.6991500000,0.6991800000
1790683309430,0.6991500000,0.6991700000
1790683310335,0.6991400000,0.6991700000
1790683313857,0.6991500000,0.6991700000
1790683314260,0.6991600000,0.6991800000
1790683314663,0.6991500000,0.6991800000
1790683315770,0.6991400000,0.6991800000
1790683316172,0.6991300000,0.6991600000
1790683316675,0.6991300000,0.6991500000
1790683317077,0.6991200000,0.6991400000
1790683317479,0.6991000000,0.6991400000
1790683319291,0.6991000000,0.6991200000
1790683320198,0.6990800000,0.6991000000
1790683320599,0.6990900000,0.6991100000
1790683321001,0.6990700000,0.6991000000
1790683322611,0.6990800000,0.6991100000
1790683324525,0.6991000000,0.6991300000
1790683324928,0.6990800000,0.6991100000
1790683325633,0.6990900000,0.6991200000
1790683326137,0.6991000000,0.6991200000
1790683326542,0.6991100000,0.6991300000
1790683329057,0.6991000000,0.6991300000
1790683329962,0.6991100000,0.6991300000
1790683332981,0.6991100000,0.6991500000
1790683333384,0.6991300000,0.6991600000
1790683333787,0.6991200000,0.6991500000
1790683334190,0.6991200000,0.6991400000
1790683335700,0.6991200000,0.6991500000
1790683339726,0.6991300000,0.6991500000
1790683340129,0.6991400000,0.6991600000
1790683341034,0.6991500000,0.6991700000
1790683344457,0.6991400000,0.6991600000
1790683344859,0.6991300000,0.6991500000
1790683346067,0.6991200000,0.6991400000
1790683348280,0.6991100000,0.6991300000
1790683348683,0.6991200000,0.6991400000
1790683349992,0.6991200000,0.6991500000
1790683350395,0.6991300000,0.6991500000
1790683352510,0.6991200000,0.6991400000
1790683354924,0.6991100000,0.6991300000
1790683356132,0.6991000000,0.6991200000
1790683357138,0.6990900000,0.6991200000
1790683357942,0.6990700000,0.6990900000
1790683358344,0.6990900000,0.6991100000
1790683358747,0.6990700000,0.6990900000
1790683359552,0.6990900000,0.6991000000
1790683359954,0.6990800000,0.6991000000
1790683360357,0.6990700000,0.6991100000
1790683360759,0.6990800000,0.6991000000
1790683361967,0.6990700000,0.6990900000
1790683363275,0.6990800000,0.6990900000
1790683363679,0.6990700000,0.6990900000
1790683367205,0.6990300000,0.6990500000
1790683369620,0.6990200000,0.6990500000
1790683370023,0.6990300000,0.6990500000
1790683370427,0.6990400000,0.6990600000
1790683372337,0.6990500000,0.6990700000
1790683372841,0.6990400000,0.6990700000
1790683375559,0.6990500000,0.6990700000
1790683379886,0.6990300000,0.6990600000
1790683380289,0.6990300000,0.6990500000
1790683384114,0.6990100000,0.6990400000
1790683384517,0.6990000000,0.6990300000
1790683385724,0.6990100000,0.6990400000
1790683387437,0.6990100000,0.6990300000
1790683387940,0.6990100000,0.6990400000
1790683389349,0.6990400000,0.6990600000
1790683389751,0.6990300000,0.6990500000
1790683390455,0.6990300000,0.6990600000
1790683396093,0.6990300000,0.6990500000
1790683411187,0.6990100000,0.6990300000
1790683414407,0.6990100000,0.6990400000
1790683414810,0.6990200000,0.6990400000
1790683415212,0.6990100000,0.6990300000
1790683421454,0.6990200000,0.6990300000
1790683422158,0.6990100000,0.6990300000
1790683423768,0.6990200000,0.6990400000
1790683424171,0.6990300000,0.6990400000
1790683425379,0.6990200000,0.6990400000
1790683432628,0.6990100000,0.6990300000
1790683434440,0.6990200000,0.6990400000
1790683438970,0.6990300000,0.6990500000
1790683439372,0.6990700000,0.6990900000
1790683440278,0.6990700000,0.6990900000
1790683440680,0.6990700000,0.6990800000
1790683441084,0.6990300000,0.6990500000
1790683441485,0.6990300000,0.6990400000
1790683441887,0.6990200000,0.6990400000
1790683445107,0.6990300000,0.6990600000
1790683446720,0.6990700000,0.6990900000
1790683447929,0.6990800000,0.6991000000
1790683451654,0.6990700000,0.6990900000
1790683455278,0.6990700000,0.6991000000
1790683458600,0.6990700000,0.6990900000
1790683463330,0.6990600000,0.6990900000
1790683464135,0.6990700000,0.6990900000
1790683470678,0.6990700000,0.6991000000
1790683471483,0.6990800000,0.6991000000
1790683471886,0.6991000000,0.6991300000
1790683472288,0.6991100000,0.6991300000
1790683473598,0.6991200000,0.6991300000
1790683474302,0.6991200000,0.6991400000
1790683475108,0.6991200000,0.6991300000
1790683475511,0.6991200000,0.6991400000
1790683481349,0.6991300000,0.6991500000
1790683482556,0.6991200000,0.6991500000
1790683487990,0.6991300000,0.6991500000
1790683497754,0.6991600000,0.6991800000
1790683500370,0.6991600000,0.6991800000
1790683500773,0.6991500000,0.6991700000
1790683501578,0.6991400000,0.6991600000
1790683502081,0.6991300000,0.6991600000
1790683502484,0.6991300000,0.6991500000
1790683505906,0.6991200000,0.6991400000
1790683507719,0.6991100000,0.6991400000
1790683508121,0.6991100000,0.6991300000
1790683508524,0.6991100000,0.6991400000
1790683509027,0.6991100000,0.6991300000
1790683509429,0.6991000000,0.6991200000
1790683510637,0.6991100000,0.6991200000
1790683511040,0.6991100000,0.6991400000
1790683512649,0.6991200000,0.6991400000
1790683514662,0.6991200000,0.6991500000
1790683515065,0.6991200000,0.6991400000
1790683515467,0.6991100000,0.6991300000
1790683516272,0.6991200000,0.6991300000
1790683516976,0.6991200000,0.6991400000
1790683517781,0.6991100000,0.6991300000
1790683518184,0.6991200000,0.6991400000
1790683518587,0.6991000000,0.6991200000
1790683519796,0.6990900000,0.6991200000
1790683520198,0.6990800000,0.6991100000
1790683520601,0.6990900000,0.6991200000
1790683521607,0.6991000000,0.6991200000
1790683522412,0.6991100000,0.6991300000
1790683524425,0.6991000000,0.6991200000
1790683528149,0.6990900000,0.6991000000
1790683528552,0.6991000000,0.6991200000
1790683529357,0.6990900000,0.6991100000
1790683530163,0.6990700000,0.6990900000
1790683530967,0.6990800000,0.6990900000
1790683531370,0.6990900000,0.6991100000
1790683532376,0.6991000000,0.6991200000
1790683534390,0.6990800000,0.6991000000
1790683534793,0.6990700000,0.6990900000
1790683537714,0.6990800000,0.6990900000
1790683540030,0.6990700000,0.6990900000
1790683548182,0.6990800000,0.6990900000
1790683553012,0.6990700000,0.6990900000
1790683553415,0.6990600000,0.6990800000
1790683560257,0.6990600000,0.6990800000
1790683562069,0.6990700000,0.6990800000
1790683562472,0.6990800000,0.6991000000
1790683568312,0.6990800000,0.6990900000
1790683568715,0.6990800000,0.6991000000
1790683569722,0.6990700000,0.6990900000
1790683574879,0.6990600000,0.6990900000
1790683576389,0.6990500000,0.6990700000
1790683577496,0.6990600000,0.6990700000
1790683577898,0.6990700000,0.6990900000
1790683582530,0.6990700000,0.6990800000
1790683582831,0.6990200000,0.6990400000
1790683585752,0.6990200000,0.6990500000
1790683586155,0.6990400000,0.6990600000
1790683586961,0.6990500000,0.6990700000
1790683587363,0.6990400000,0.6990600000
1790683590283,0.6990300000,0.6990500000
1790683598133,0.6990100000,0.6990300000
1790683599643,0.6990200000,0.6990400000
1790683605176,0.6990100000,0.6990300000
1790683611620,0.6990000000,0.6990300000
1790683612022,0.6989700000,0.6989900000
1790683614536,0.6989600000,0.6989800000
1790683618965,0.6989500000,0.6989800000
1790683619368,0.6989200000,0.6989400000
1790683619770,0.6989100000,0.6989300000
1790683620173,0.6989100000,0.6989300000
1790683620576,0.6989200000,0.6989300000
1790683621381,0.6989100000,0.6989300000
1790683624502,0.6989300000,0.6989500000
1790683627828,0.6989300000,0.6989600000
1790683628232,0.6989200000,0.6989400000
1790683628635,0.6989100000,0.6989300000
1790683630948,0.6989100000,0.6989400000
1790683631351,0.6989100000,0.6989300000
1790683633564,0.6989100000,0.6989400000
1790683635677,0.6989100000,0.6989300000
1790683636079,0.6988900000,0.6989200000
1790683638293,0.6989100000,0.6989300000
1790683638696,0.6989100000,0.6989200000
1790683639098,0.6989100000,0.6989300000
1790683639501,0.6988900000,0.6989100000
1790683641514,0.6988800000,0.6989100000
1790683641917,0.6988700000,0.6988900000
1790683646952,0.6988300000,0.6988500000
1790683647356,0.6988300000,0.6988600000
1790683650578,0.6988500000,0.6988700000
1790683653396,0.6988400000,0.6988700000
1790683653799,0.6988400000,0.6988600000
1790683654201,0.6988300000,0.6988500000
1790683654606,0.6988400000,0.6988700000
1790683655007,0.6988300000,0.6988600000
1790683656116,0.6988400000,0.6988600000
1790683657123,0.6988500000,0.6988600000
1790683657527,0.6988600000,0.6988800000
1790683657929,0.6988500000,0.6988800000
1790683658735,0.6988400000,0.6988700000
1790683659238,0.6988500000,0.6988700000
1790683659641,0.6988400000,0.6988700000
1790683661855,0.6988200000,0.6988400000
1790683670810,0.6988200000,0.6988500000
1790683671213,0.6988300000,0.6988500000
1790683675842,0.6988300000,0.6988600000
1790683676244,0.6988600000,0.6988900000
1790683677856,0.6988600000,0.6988800000
1790683680273,0.6988600000,0.6988800000
1790683680674,0.6988500000,0.6988800000
1790683683493,0.6988800000,0.6988900000
1790683683895,0.6988500000,0.6988800000
1790683685304,0.6988500000,0.6988700000
1790683685707,0.6988300000,0.6988500000
1790683689029,0.6988200000,0.6988400000
1790683696175,0.6988200000,0.6988500000
1790683696578,0.6988700000,0.6988900000
1790683700405,0.6988700000,0.6988800000
1790683703824,0.6988700000,0.6988900000
1790683705837,0.6988800000,0.6989000000
1790683706642,0.6988800000,0.6988900000
1790683707045,0.6988700000,0.6988900000
1790683708453,0.6988700000,0.6988800000
1790683708855,0.6988700000,0.6988900000
1790683709258,0.6988700000,0.6988800000
1790683712176,0.6988700000,0.6988900000
1790683715396,0.6988800000,0.6989000000
1790683717612,0.6988800000,0.6988900000
1790683718115,0.6988700000,0.6988900000
1790683720228,0.6988700000,0.6988800000
1790683721737,0.6988600000,0.6988800000
1790683722341,0.6988600000,0.6988900000
1790683723549,0.6988700000,0.6988900000
1790683740355,0.6988700000,0.6988900000
1790683745185,0.6988600000,0.6988900000
1790683746394,0.6988700000,0.6988900000
1790683746796,0.6988600000,0.6988900000
1790683753038,0.6988700000,0.6988900000
1790683753843,0.6988600000,0.6988800000
1790683754245,0.6988500000,0.6988700000
1790683755754,0.6988500000,0.6988800000
1790683756157,0.6988600000,0.6988800000
1790683759177,0.6988500000,0.6988800000
1790683759579,0.6988500000,0.6988700000
1790683761090,0.6988300000,0.6988600000
1790683763306,0.6988100000,0.6988300000
1790683775989,0.6988200000,0.6988400000
1790683786256,0.6988100000,0.6988400000
1790683786659,0.6988100000,0.6988300000
1790683788067,0.6988200000,0.6988300000
1790683788570,0.6988100000,0.6988300000
1790683800050,0.6988100000,0.6988300000
1790683802365,0.6988000000,0.6988300000
1790683802767,0.6987900000,0.6988200000
1790683803975,0.6988400000,0.6988500000
1790683804277,0.6988400000,0.6988600000
1790683804779,0.6988500000,0.6988700000
1790683806489,0.6988400000,0.6988600000
1790683811421,0.6988700000,0.6988900000
1790683811823,0.6988400000,0.6988800000
1790683812226,0.6988500000,0.6988800000
1790683813534,0.6988400000,0.6988800000
1790683813937,0.6988300000,0.6988600000
1790683814339,0.6988200000,0.6988600000
1790683814743,0.6988200000,0.6988500000
1790683815145,0.6988400000,0.6988600000
1790683816756,0.6988400000,0.6988700000
1790683817160,0.6988500000,0.6988800000
1790683817964,0.6988600000,0.6988800000
1790683818366,0.6988700000,0.6988900000
1790683821688,0.6988900000,0.6989100000
1790683822090,0.6988800000,0.6989100000
1790683826217,0.6988900000,0.6989100000
1790683828433,0.6988900000,0.6989200000
1790683828837,0.6989000000,0.6989200000
1790683829238,0.6988900000,0.6989200000
1790683831050,0.6988800000,0.6989100000
1790683831453,0.6988900000,0.6989100000
1790683832258,0.6988800000,0.6989100000
1790683833364,0.6988900000,0.6989100000
1790683833666,0.6988900000,0.6989200000
1790683834169,0.6988900000,0.6989100000
1790683837087,0.6988800000,0.6989000000
1790683837490,0.6988700000,0.6989000000
1790683837893,0.6988800000,0.6989000000
1790683838295,0.6988700000,0.6989000000
1790683838698,0.6988600000,0.6988900000
1790683839100,0.6988700000,0.6989000000
1790683839906,0.6988500000,0.6989000000
1790683840409,0.6988500000,0.6988900000
1790683840811,0.6988600000,0.6989000000
1790683841214,0.6988700000,0.6989000000
1790683842020,0.6988800000,0.6989000000
1790683843328,0.6988700000,0.6989000000
1790683843731,0.6988800000,0.6989000000
1790683847656,0.6988800000,0.6989100000
1790683850575,0.6988700000,0.6989100000
1790683851984,0.6988800000,0.6989100000
1790683852386,0.6988700000,0.6989100000
1790683853997,0.6988800000,0.6989100000
1790683854400,0.6988700000,0.6989100000
1790683855205,0.6988700000,0.6989000000
1790683858224,0.6988600000,0.6989000000
1790683858626,0.6988700000,0.6989000000
1790683860340,0.6988700000,0.6989000000
1790683860741,0.6988500000,0.6988800000
1790683862453,0.6988600000,0.6988800000
1790683863258,0.6988500000,0.6988800000
1790683863660,0.6988200000,0.6988500000
1790683865673,0.6988400000,0.6988600000
1790683869297,0.6988300000,0.6988600000
1790683870605,0.6988200000,0.6988600000
1790683871008,0.6988300000,0.6988600000
1790683872719,0.6988400000,0.6988600000
1790683873122,0.6988400000,0.6988700000
1790683873524,0.6988500000,0.6988700000
1790683873927,0.6988400000,0.6988700000
1790683875437,0.6988500000,0.6988700000
1790683875839,0.6988400000,0.6988700000
1790683876242,0.6988200000,0.6988500000
1790683876644,0.6988300000,0.6988500000
1790683877147,0.6988200000,0.6988500000
1790683881072,0.6988200000,0.6988400000
1790683881474,0.6988100000,0.6988400000
1790683881877,0.6988200000,0.6988400000
1790683883085,0.6988100000,0.6988400000
1790683883487,0.6988200000,0.6988400000
1790683884292,0.6988100000,0.6988400000
1790683884695,0.6988200000,0.6988300000
1790683885097,0.6988200000,0.6988400000
1790683885500,0.6988100000,0.6988400000
1790683887916,0.6988100000,0.6988300000
1790683888318,0.6988000000,0.6988300000
1790683889324,0.6988000000,0.6988200000
1790683893149,0.6988000000,0.6988300000
1790683893551,0.6988300000,0.6988500000
1790683896270,0.6988200000,0.6988500000
1790683898987,0.6987800000,0.6988100000
1790683899390,0.6987900000,0.6988100000
1790683899792,0.6987900000,0.6988300000
1790683903215,0.6987800000,0.6988100000
1790683904623,0.6987900000,0.6988100000
1790683907339,0.6988000000,0.6988200000
1790683908848,0.6988100000,0.6988400000
1790683911263,0.6988000000,0.6988300000
1790683912269,0.6988100000,0.6988300000
1790683912673,0.6988100000,0.6988400000
1790683913478,0.6988000000,0.6988400000
1790683913881,0.6988000000,0.6988300000
1790683915491,0.6988000000,0.6988400000
1790683916699,0.6988000000,0.6988300000
1790683917102,0.6987900000,0.6988200000
1790683917505,0.6987900000,0.6988100000
1790683918713,0.6987700000,0.6988000000
1790683920424,0.6987700000,0.6988000000
1790683921229,0.6987700000,0.6987900000
1790683921632,0.6987600000,0.6987900000
1790683922235,0.6987500000,0.6987900000
1790683922639,0.6987500000,0.6987800000
1790683926564,0.6987600000,0.6987800000
1790683926968,0.6987700000,0.6987900000
1790683928279,0.6987600000,0.6987900000
1790683928681,0.6987700000,0.6987900000
1790683929184,0.6987600000,0.6987900000
1790683929888,0.6987700000,0.6987900000
1790683930693,0.6987600000,0.6987900000
1790683931499,0.6987700000,0.6987900000
1790683932001,0.6987500000,0.6987900000
1790683932403,0.6987500000,0.6987800000
1790683932806,0.6987500000,0.6987900000
1790683933611,0.6987600000,0.6987900000
1790683934014,0.6987500000,0.6987800000
1790683935121,0.6987400000,0.6987800000
1790683935524,0.6987200000,0.6987500000
1790683935929,0.6987100000,0.6987300000
1790683936330,0.6987100000,0.6987500000
1790683939955,0.6987200000,0.6987500000
1790683942169,0.6987300000,0.6987500000
1790683942571,0.6987200000,0.6987500000
1790683943377,0.6987100000,0.6987500000
1790683945391,0.6987200000,0.6987500000
1790683948311,0.6987300000,0.6987500000
1790683948712,0.6987200000,0.6987500000
1790683949819,0.6987500000,0.6987700000
1790683950323,0.6987400000,0.6987700000
1790683950725,0.6987500000,0.6987700000
1790683952234,0.6987500000,0.6987800000
1790683953844,0.6987500000,0.6987700000
1790683954247,0.6987300000,0.6987600000
1790683954651,0.6987000000,0.6987300000
1790683955052,0.6987000000,0.6987100000
1790683955455,0.6986700000,0.6987000000
1790683955858,0.6986700000,0.6986900000
1790683956260,0.6986600000,0.6986900000
1790683956663,0.6986500000,0.6986800000
1790683958678,0.6986700000,0.6986900000
1790683959080,0.6986600000,0.6986900000
1790683959886,0.6986500000,0.6986900000
1790683960289,0.6986600000,0.6986800000
1790683960691,0.6986500000,0.6986800000
1790683961094,0.6986600000,0.6986900000
1790683961899,0.6987100000,0.6987400000
1790683962704,0.6987200000,0.6987400000
1790683963511,0.6987500000,0.6987700000
1790683964718,0.6987500000,0.6987800000
1790683966530,0.6987600000,0.6987800000
1790683966932,0.6987600000,0.6987900000
1790683969146,0.6987700000,0.6987900000
1790683969548,0.6987600000,0.6987900000
1790683971361,0.6987500000,0.6987900000
1790683972871,0.6987600000,0.6987900000
1790683973676,0.6987500000,0.6987800000
1790683974985,0.6987600000,0.6987800000
1790683975387,0.6987500000,0.6987800000
1790683976294,0.6987700000,0.6987900000
1790683978105,0.6987600000,0.6987900000
1790683978508,0.6987500000,0.6987900000
1790683980119,0.6987600000,0.6987900000
1790683980522,0.6987500000,0.6987900000
1790683981729,0.6987500000,0.6987800000
1790683983541,0.6987200000,0.6987500000
1790683983943,0.6987300000,0.6987500000
1790683984346,0.6987200000,0.6987500000
1790683984749,0.6987100000,0.6987400000
1790683985151,0.6987400000,0.6987600000
1790683985554,0.6987400000,0.6987700000
1790683985957,0.6987300000,0.6987700000
1790683986761,0.6987400000,0.6987700000
1790683987970,0.6987300000,0.6987700000
1790683988372,0.6987300000,0.6987600000
1790683991796,0.6987300000,0.6987700000
1790683992198,0.6987400000,0.6987700000
1790683993003,0.6987700000,0.6987900000
1790683993405,0.6987500000,0.6987700000
1790683994514,0.6987200000,0.6987500000
1790683994917,0.6987300000,0.6987600000
1790683995320,0.6987400000,0.6987700000
1790683995722,0.6987500000,0.6987700000
1790683996124,0.6987400000,0.6987700000
1790683997532,0.6987300000,0.6987600000
1790683997935,0.6987400000,0.6987700000
1790683998338,0.6987300000,0.6987700000
1790683998741,0.6987400000,0.6987700000
1790683999143,0.6987300000,0.6987700000
1790684000049,0.6987400000,0.6987700000
1790684001660,0.6987000000,0.6987100000
1790684002063,0.6986400000,0.6986700000
1790684003773,0.6986300000,0.6986700000
1790684004176,0.6986000000,0.6986300000
1790684004579,0.6985900000,0.6986200000
1790684004881,0.6985800000,0.6986200000
1790684005284,0.6986000000,0.6986300000
1790684005686,0.6986100000,0.6986300000
1790684006492,0.6986300000,0.6986500000
1790684010518,0.6986200000,0.6986500000
1790684010920,0.6986500000,0.6986700000
1790684011725,0.6986600000,0.6986900000
1790684012127,0.6986800000,0.6987100000
1790684012529,0.6986600000,0.6987000000
1790684013737,0.6986500000,0.6986900000
1790684014140,0.6986600000,0.6986900000
1790684015350,0.6986300000,0.6986700000
1790684015753,0.6986400000,0.6986800000
1790684016156,0.6986500000,0.6986800000
1790684016961,0.6986400000,0.6986700000
1790684017363,0.6986300000,0.6986700000
1790684017765,0.6986400000,0.6986700000
1790684018571,0.6986300000,0.6986700000
1790684018973,0.6986400000,0.6986700000
1790684019375,0.6986600000,0.6986800000
1790684019778,0.6986600000,0.6986900000
1790684021691,0.6986500000,0.6986700000
1790684022093,0.6986400000,0.6986700000
1790684024107,0.6986500000,0.6986700000
1790684024510,0.6986400000,0.6986700000
1790684028435,0.6986200000,0.6986600000
1790684028838,0.6986300000,0.6986600000
1790684029240,0.6986100000,0.6986400000
1790684029643,0.6986200000,0.6986500000
1790684030448,0.6986300000,0.6986600000
1790684030851,0.6986400000,0.6986700000
1790684032058,0.6986300000,0.6986600000
1790684033266,0.6986400000,0.6986700000
1790684033670,0.6986500000,0.6986700000
1790684034073,0.6986500000,0.6986800000
1790684036086,0.6986400000,0.6986700000
1790684036488,0.6986200000,0.6986500000
1790684036891,0.6986300000,0.6986500000
1790684037294,0.6986300000,0.6986600000
1790684037696,0.6986200000,0.6986600000
1790684038503,0.6986100000,0.6986500000
1790684038905,0.6986100000,0.6986400000
1790684039307,0.6986100000,0.6986300000
1790684039709,0.6986000000,0.6986200000
1790684040112,0.6986000000,0.6986200000
1790684040715,0.6986000000,0.6986300000
1790684041118,0.6986300000,0.6986600000
1790684043135,0.6986300000,0.6986500000
1790684043537,0.6986200000,0.6986500000
1790684043939,0.6986300000,0.6986500000
1790684044744,0.6986200000,0.6986400000
1790684045549,0.6986300000,0.6986400000
1790684046857,0.6986300000,0.6986500000
1790684048467,0.6986500000,0.6986700000
1790684048871,0.6986300000,0.6986600000
1790684049274,0.6986200000,0.6986400000
1790684050079,0.6986000000,0.6986400000
1790684050482,0.6986100000,0.6986400000
1790684050885,0.6986200000,0.6986400000
1790684051287,0.6986300000,0.6986500000
1790684052092,0.6986200000,0.6986500000
1790684053702,0.6986400000,0.6986600000
1790684056017,0.6986500000,0.6986600000
1790684056419,0.6986500000,0.6986700000
1790684057628,0.6985900000,0.6986300000
1790684058635,0.6986000000,0.6986300000
1790684059440,0.6986100000,0.6986300000
1790684059843,0.6986100000,0.6986400000
1790684060346,0.6986000000,0.6986400000
1790684061754,0.6986100000,0.6986400000
1790684062158,0.6985500000,0.6985800000
1790684062561,0.6985700000,0.6985800000
1790684064271,0.6985500000,0.6985800000
1790684066486,0.6985600000,0.6985800000
1790684066889,0.6985800000,0.6986000000
1790684067694,0.6985700000,0.6986000000
1790684068096,0.6985800000,0.6986000000
1790684068501,0.6985700000,0.6986000000
1790684069305,0.6985700000,0.6985900000
1790684069707,0.6985300000,0.6985600000
1790684070512,0.6985200000,0.6985500000
1790684072224,0.6985400000,0.6985700000
1790684072627,0.6985300000,0.6985600000
1790684073029,0.6985100000,0.6985400000
1790684073432,0.6985200000,0.6985400000
1790684073835,0.6985200000,0.6985500000
1790684074237,0.6985300000,0.6985500000
1790684074640,0.6985200000,0.6985400000
1790684077258,0.6985100000,0.6985400000
1790684077660,0.6985000000,0.6985300000
1790684078063,0.6985100000,0.6985300000
1790684078465,0.6985000000,0.6985300000
1790684080276,0.6985100000,0.6985300000
1790684080679,0.6985200000,0.6985400000
1790684081082,0.6985100000,0.6985400000
1790684081887,0.6985100000,0.6985300000
1790684082693,0.6985200000,0.6985300000
1790684083096,0.6985000000,0.6985300000
1790684083499,0.6985200000,0.6985300000
1790684083901,0.6985200000,0.6985400000
1790684085310,0.6985300000,0.6985400000
1790684085712,0.6985100000,0.6985400000
1790684086316,0.6985000000,0.6985400000
1790684087625,0.6985100000,0.6985400000
1790684088229,0.6985200000,0.6985400000
1790684088632,0.6985100000,0.6985400000
1790684089034,0.6985200000,0.6985400000
1790684089437,0.6985000000,0.6985400000
1790684089840,0.6984900000,0.6985300000
1790684093262,0.6985000000,0.6985200000
1790684094167,0.6985000000,0.6985300000
1790684096381,0.6985300000,0.6985600000
1790684097488,0.6985400000,0.6985600000
1790684098494,0.6985500000,0.6985700000
1790684099300,0.6985600000,0.6985800000
1790684100205,0.6985600000,0.6985800000
1790684100607,0.6985700000,0.6985900000
1790684101010,0.6985600000,0.6985900000
1790684102419,0.6985800000,0.6985900000
1790684103123,0.6985700000,0.6985900000
1790684103526,0.6985600000,0.6985900000
1790684104733,0.6985500000,0.6985900000
1790684105136,0.6985500000,0.6985800000
1790684106445,0.6985300000,0.6985600000
1790684106848,0.6985300000,0.6985500000
1790684107250,0.6985200000,0.6985400000
1790684107653,0.6985300000,0.6985400000
1790684108759,0.6985200000,0.6985400000
1790684110070,0.6985300000,0.6985500000
1790684110977,0.6985400000,0.6985500000
1790684111379,0.6985400000,0.6985600000
1790684111782,0.6985300000,0.6985600000
1790684112688,0.6985000000,0.6985400000
1790684112990,0.6984900000,0.6985300000
1790684113393,0.6985000000,0.6985400000
1790684114199,0.6985100000,0.6985400000
1790684115506,0.6985000000,0.6985400000
1790684116512,0.6985200000,0.6985500000
1790684119532,0.6985100000,0.6985400000
1790684119934,0.6985000000,0.6985400000
1790684120337,0.6985100000,0.6985400000
1790684120740,0.6985300000,0.6985500000
1790684122854,0.6985300000,0.6985600000
1790684124063,0.6985400000,0.6985600000
1790684124868,0.6985400000,0.6985700000
1790684125271,0.6985500000,0.6985700000
1790684125673,0.6985400000,0.6985700000
1790684126075,0.6985300000,0.6985600000
1790684130000,0.6985200000,0.6985400000
1790684132214,0.6985300000,0.6985400000
1790684132616,0.6985300000,0.6985500000
1790684133723,0.6985300000,0.6985600000
1790684139261,0.6985400000,0.6985600000
1790684139665,0.6985100000,0.6985500000
1790684141175,0.6985000000,0.6985200000
1790684147515,0.6985100000,0.6985200000
1790684147918,0.6985200000,0.6985400000
1790684148320,0.6985200000,0.6985500000
1790684149126,0.6985100000,0.6985500000
1790684149528,0.6985400000,0.6985600000
1790684149931,0.6985300000,0.6985600000
1790684151240,0.6985500000,0.6985800000
1790684151644,0.6985600000,0.6985800000
1790684152047,0.6985500000,0.6985800000
1790684152550,0.6985600000,0.6985800000
1790684152954,0.6985500000,0.6985800000
1790684154864,0.6985400000,0.6985800000
1790684155267,0.6985500000,0.6985800000
1790684155670,0.6985200000,0.6985400000
1790684156073,0.6985000000,0.6985200000
1790684156475,0.6984900000,0.6985100000
1790684157684,0.6984900000,0.6985200000
1790684158087,0.6985100000,0.6985300000
1790684159194,0.6985000000,0.6985300000
1790684160201,0.6985100000,0.6985300000
1790684161006,0.6985200000,0.6985400000
1790684161408,0.6985000000,0.6985300000
1790684162214,0.6985100000,0.6985300000
1790684163320,0.6985000000,0.6985300000
1790684165132,0.6985100000,0.6985300000
1790684165939,0.6985100000,0.6985400000
1790684168253,0.6985100000,0.6985300000
1790684169865,0.6985100000,0.6985200000
1790684170469,0.6985100000,0.6985300000
1790684170773,0.6985100000,0.6985400000
1790684171276,0.6985200000,0.6985400000
1790684171679,0.6985100000,0.6985400000
1790684173917,0.6985200000,0.6985400000
1790684174320,0.6985100000,0.6985400000
1790684175528,0.6985200000,0.6985400000
1790684175930,0.6985100000,0.6985400000
1790684176332,0.6985000000,0.6985400000
1790684177139,0.6985100000,0.6985400000
1790684178750,0.6985000000,0.6985400000
1790684179152,0.6985200000,0.6985400000
1790684179556,0.6985200000,0.6985500000
1790684179958,0.6985400000,0.6985500000
1790684180361,0.6985300000,0.6985500000
1790684181166,0.6985300000,0.6985600000
1790684181568,0.6985200000,0.6985500000
1790684182574,0.6985000000,0.6985300000
1790684182977,0.6985100000,0.6985300000
1790684183379,0.6985200000,0.6985400000
1790684183782,0.6985200000,0.6985500000
1790684186700,0.6984900000,0.6985300000
1790684187104,0.6984900000,0.6985100000
1790684188312,0.6984800000,0.6985100000
1790684188714,0.6984900000,0.6985100000
1790684189923,0.6984800000,0.6985100000
1790684190326,0.6985000000,0.6985300000
1790684190729,0.6985300000,0.6985500000
1790684191131,0.6985200000,0.6985500000
1790684192339,0.6985100000,0.6985500000
1790684192743,0.6985200000,0.6985500000
1790684193548,0.6985400000,0.6985700000
1790684193951,0.6985500000,0.6985800000
1790684194354,0.6985700000,0.6985900000
1790684195662,0.6985600000,0.6985900000
1790684196064,0.6985700000,0.6985900000
1790684204621,0.6985500000,0.6985800000
1790684210155,0.6985400000,0.6985800000
1790684210558,0.6985400000,0.6985700000
1790684210961,0.6985500000,0.6985700000
1790684211364,0.6985400000,0.6985700000
1790684211767,0.6985500000,0.6985700000
1790684212169,0.6985400000,0.6985700000
1790684212974,0.6985500000,0.6985700000
1790684213779,0.6985400000,0.6985700000
1790684214182,0.6985500000,0.6985700000
1790684214584,0.6985400000,0.6985700000
1790684215389,0.6985500000,0.6985700000
1790684215792,0.6985500000,0.6985800000
1790684216597,0.6985600000,0.6985800000
1790684218008,0.6985500000,0.6985800000
1790684219317,0.6985700000,0.6986000000
1790684220223,0.6985800000,0.6986000000
1790684220626,0.6986000000,0.6986200000
1790684221028,0.6986000000,0.6986300000
1790684221432,0.6985900000,0.6986300000
1790684222138,0.6986000000,0.6986300000
1790684226567,0.6986200000,0.6986400000
1790684227071,0.6986100000,0.6986400000
1790684227473,0.6986000000,0.6986400000
1790684228882,0.6986100000,0.6986300000
1790684229589,0.6986000000,0.6986300000
1790684232205,0.6985800000,0.6986100000
1790684233513,0.6985900000,0.6986100000
1790684233915,0.6985800000,0.6986100000
1790684234519,0.6985900000,0.6986100000
1790684235525,0.6985800000,0.6986100000
1790684236833,0.6985700000,0.6986100000
1790684237236,0.6985900000,0.6986100000
1790684237739,0.6985800000,0.6986100000
1790684239048,0.6986000000,0.6986300000
1790684239452,0.6986100000,0.6986300000
1790684240054,0.6986000000,0.6986300000
1790684244183,0.6986000000,0.6986200000
1790684245088,0.6985900000,0.6986000000
1790684245492,0.6986000000,0.6986200000
1790684245895,0.6985900000,0.6986200000
1790684246297,0.6986000000,0.6986200000
1790684246700,0.6986100000,0.6986300000
1790684250122,0.6986000000,0.6986300000
1790684251430,0.6986000000,0.6986200000
1790684252436,0.6986000000,0.6986300000
1790684256765,0.6986100000,0.6986300000
1790684257167,0.6986200000,0.6986300000
1790684257570,0.6986200000,0.6986400000
1790684258275,0.6986300000,0.6986400000
1790684258778,0.6986300000,0.6986600000
1790684259180,0.6986200000,0.6986600000
1790684259583,0.6986300000,0.6986600000
1790684260288,0.6986200000,0.6986600000
1790684260690,0.6986200000,0.6986400000
1790684263407,0.6986100000,0.6986400000
1790684263809,0.6986200000,0.6986400000
1790684265420,0.6986100000,0.6986400000
1790684265823,0.6986200000,0.6986400000
1790684266225,0.6986100000,0.6986400000
1790684266628,0.6986000000,0.6986400000
1790684269347,0.6986100000,0.6986400000
1790684269749,0.6986100000,0.6986300000
1790684270958,0.6986000000,0.6986300000
1790684271361,0.6986100000,0.6986300000
1790684273374,0.6986000000,0.6986300000
1790684279313,0.6986100000,0.6986300000
1790684280118,0.6986100000,0.6986300000
1790684281930,0.6986100000,0.6986400000
1790684282333,0.6986200000,0.6986400000
1790684285452,0.6986100000,0.6986300000
1790684285855,0.6986200000,0.6986400000
1790684290788,0.6986300000,0.6986400000
1790684291191,0.6986200000,0.6986600000
1790684291593,0.6986000000,0.6986300000
1790684292498,0.6986100000,0.6986300000
1790684293303,0.6986200000,0.6986300000
1790684293706,0.6986300000,0.6986600000
1790684296322,0.6986200000,0.6986600000
1790684296724,0.6986300000,0.6986600000
1790684298940,0.6986400000,0.6986700000
1790684299946,0.6986400000,0.6986600000
1790684300348,0.6986400000,0.6986700000
1790684301154,0.6986300000,0.6986600000
1790684301959,0.6986400000,0.6986700000
1790684302362,0.6986400000,0.6986600000
1790684302764,0.6986400000,0.6986700000
1790684303167,0.6986400000,0.6986600000
1790684303570,0.6986400000,0.6986700000
1790684303972,0.6986500000,0.6986700000
1790684304878,0.6986400000,0.6986700000
1790684306087,0.6986500000,0.6986700000
1790684306892,0.6986500000,0.6986600000
1790684307295,0.6986600000,0.6986800000
1790684307697,0.6986700000,0.6986900000
1790684308099,0.6986600000,0.6986900000
1790684308502,0.6986700000,0.6986900000
1790684308905,0.6986400000,0.6986700000
1790684311320,0.6986400000,0.6986600000
1790684311725,0.6986600000,0.6986900000
1790684312531,0.6986700000,0.6986900000
1790684315551,0.6987100000,0.6987300000
1790684315953,0.6986900000,0.6987100000
1790684316456,0.6986900000,0.6987200000
1790684316858,0.6986900000,0.6987100000
1790684318468,0.6986900000,0.6987300000
1790684319474,0.6986900000,0.6987100000
1790684319877,0.6986900000,0.6987200000
1790684321588,0.6986900000,0.6987300000
1790684326320,0.6986900000,0.6987200000
1790684326622,0.6987100000,0.6987400000
1790684327427,0.6987000000,0.6987400000
1790684329039,0.6987100000,0.6987400000
1790684329441,0.6987200000,0.6987400000
1790684330246,0.6987100000,0.6987400000
1790684330548,0.6987000000,0.6987400000
1790684331052,0.6987000000,0.6987200000
1790684331353,0.6987000000,0.6987300000
1790684331756,0.6986900000,0.6987300000
1790684332158,0.6987000000,0.6987300000
1790684333164,0.6987000000,0.6987200000
1790684333567,0.6987000000,0.6987300000
1790684334070,0.6986900000,0.6987300000
1790684334472,0.6986900000,0.6987100000
1790684334876,0.6986900000,0.6987200000
1790684335278,0.6986800000,0.6987200000
1790684335681,0.6986900000,0.6987200000
1790684336486,0.6986900000,0.6987100000
1790684336889,0.6987000000,0.6987300000
1790684337492,0.6987100000,0.6987300000
1790684339606,0.6987100000,0.6987400000
1790684340009,0.6987100000,0.6987400000
1790684340916,0.6987000000,0.6987400000
1790684341318,0.6986900000,0.6987300000
1790684342023,0.6986900000,0.6987200000
1790684342426,0.6987000000,0.6987300000
1790684343834,0.6987000000,0.6987200000
1790684344237,0.6987100000,0.6987300000
1790684344640,0.6987000000,0.6987300000
1790684346754,0.6986900000,0.6987300000
1790684347156,0.6986900000,0.6987200000
1790684347559,0.6987000000,0.6987300000
1790684349270,0.6987100000,0.6987300000
1790684349675,0.6987200000,0.6987400000
1790684351587,0.6987300000,0.6987600000
1790684356417,0.6987700000,0.6987900000
1790684360244,0.6987600000,0.6987900000
1790684361250,0.6987200000,0.6987500000
1790684361653,0.6987100000,0.6987400000
1790684363164,0.6987300000,0.6987400000
1790684363567,0.6987300000,0.6987500000
1790684363969,0.6987400000,0.6987600000
1790684366184,0.6987400000,0.6987800000
1790684370411,0.6987400000,0.6987700000
1790684373028,0.6987300000,0.6987600000
1790684373531,0.6987400000,0.6987600000
1790684373933,0.6987400000,0.6987800000
1790684374336,0.6987500000,0.6987800000
1790684379269,0.6987400000,0.6987700000
1790684379671,0.6987500000,0.6987800000
1790684380477,0.6987400000,0.6987800000
1790684380879,0.6987500000,0.6987800000
1790684382086,0.6987500000,0.6987700000
1790684382791,0.6987400000,0.6987700000
1790684383193,0.6987500000,0.6987700000
1790684385609,0.6987400000,0.6987700000
1790684386011,0.6987400000,0.6987800000
1790684389032,0.6987600000,0.6987900000
1790684391446,0.6987600000,0.6987800000
1790684391848,0.6987600000,0.6987900000
1790684394063,0.6988000000,0.6988200000
1790684396882,0.6987900000,0.6988200000
1790684397989,0.6987900000,0.6988100000
1790684398391,0.6987800000,0.6988100000
1790684400204,0.6987800000,0.6988100000
1790684400606,0.6987900000,0.6988100000
1790684401008,0.6987500000,0.6987900000
1790684401411,0.6987600000,0.6987900000
1790684401814,0.6987700000,0.6987900000
1790684403022,0.6987600000,0.6987900000
1790684404229,0.6987600000,0.6987800000
1790684404632,0.6987500000,0.6987800000
1790684405034,0.6987600000,0.6987900000
1790684406242,0.6987800000,0.6988000000
1790684406543,0.6987800000,0.6988100000
1790684406946,0.6987700000,0.6988000000
1790684407753,0.6987600000,0.6987900000
1790684408155,0.6987500000,0.6987800000
1790684408658,0.6987500000,0.6987700000
1790684409061,0.6987600000,0.6987900000
1790684415101,0.6987600000,0.6987800000
1790684418020,0.6987800000,0.6988000000
1790684418423,0.6987700000,0.6988000000
1790684418725,0.6987600000,0.6988000000
1790684420536,0.6987500000,0.6987800000
1790684422247,0.6987600000,0.6987800000
1790684423355,0.6987700000,0.6987900000
1790684423757,0.6987800000,0.6988100000
1790684427079,0.6988000000,0.6988300000
1790684427380,0.6987900000,0.6988200000
1790684427783,0.6987900000,0.6988300000
1790684428689,0.6987900000,0.6988200000
1790684429594,0.6987900000,0.6988300000
1790684433016,0.6987900000,0.6988200000
1790684433418,0.6987900000,0.6988300000
1790684433821,0.6988000000,0.6988300000
1790684434425,0.6988000000,0.6988200000
1790684434827,0.6988000000,0.6988300000
1790684435331,0.6988000000,0.6988200000
1790684436136,0.6987900000,0.6988200000
1790684442278,0.6987900000,0.6988300000
1790684442782,0.6987900000,0.6988200000
1790684444593,0.6987800000,0.6988100000
1790684444995,0.6987700000,0.6988000000
1790684447814,0.6987800000,0.6988000000
1790684449627,0.6987700000,0.6988000000
1790684455666,0.6987700000,0.6987900000
1790684456069,0.6987700000,0.6988000000
1790684458283,0.6987600000,0.6988000000
1790684458685,0.6987600000,0.6987800000
1790684460597,0.6987600000,0.6987800000
1790684461000,0.6987700000,0.6987800000
1790684461705,0.6987600000,0.6987800000
1790684464725,0.6987500000,0.6987800000
1790684466034,0.6987600000,0.6987800000
1790684468349,0.6987700000,0.6988000000
1790684469255,0.6987800000,0.6988000000
1790684474592,0.6987800000,0.6988100000
1790684475498,0.6987700000,0.6988100000
1790684476807,0.6987700000,0.6988000000
1790684483146,0.6987800000,0.6988000000
1790684486469,0.6987700000,0.6988000000
1790684487274,0.6987800000,0.6988000000
1790684489890,0.6987700000,0.6988000000
1790684492508,0.6987600000,0.6988000000
1790684493917,0.6987700000,0.6988000000
1790684499149,0.6987800000,0.6988000000
1790684500255,0.6987700000,0.6988000000
1790684501060,0.6987800000,0.6988000000
1790684506395,0.6987700000,0.6988000000
1790684507603,0.6987800000,0.6988000000
1790684508005,0.6987500000,0.6987800000
1790684508307,0.6987500000,0.6987900000
1790684509011,0.6987500000,0.6987800000
1790684509413,0.6987500000,0.6987900000
1790684510219,0.6987600000,0.6987900000
1790684510622,0.6987600000,0.6987800000
1790684511226,0.6987600000,0.6987900000
1790684517565,0.6987700000,0.6987900000
1790684519377,0.6987700000,0.6988000000
1790684519780,0.6987900000,0.6988100000
1790684523705,0.6987800000,0.6988100000
1790684524108,0.6987800000,0.6988000000
1790684525718,0.6987800000,0.6988100000
1790684526624,0.6988200000,0.6988400000
1790684527027,0.6988300000,0.6988400000
1790684527733,0.6988200000,0.6988400000
1790684528135,0.6988400000,0.6988600000
1790684528540,0.6988500000,0.6988700000
1790684533070,0.6988400000,0.6988700000
1790684533473,0.6988300000,0.6988500000
1790684534278,0.6988300000,0.6988600000
1790684536894,0.6988200000,0.6988600000
1790684538002,0.6988200000,0.6988400000
1790684538606,0.6988200000,0.6988500000
1790684539412,0.6988200000,0.6988400000
1790684539915,0.6988100000,0.6988400000
1790684540318,0.6988000000,0.6988400000
1790684540721,0.6988200000,0.6988400000
1790684541928,0.6988100000,0.6988400000
1790684542331,0.6988200000,0.6988400000
1790684543539,0.6988300000,0.6988500000
1790684555815,0.6988200000,0.6988400000
1790684559338,0.6988300000,0.6988400000
1790684561955,0.6988300000,0.6988500000
1790684562358,0.6988200000,0.6988400000
1790684567693,0.6988100000,0.6988400000
1790684568096,0.6988100000,0.6988300000
1790684569103,0.6987800000,0.6987900000
1790684569505,0.6988000000,0.6988200000
1790684580681,0.6988000000,0.6988200000
1790684582694,0.6987900000,0.6988100000
1790684583096,0.6988000000,0.6988200000
1790684585311,0.6987900000,0.6988100000
1790684585713,0.6987700000,0.6987900000
1790684594470,0.6987300000,0.6987500000
1790684595276,0.6987300000,0.6987400000
1790684596081,0.6987300000,0.6987500000
1790684598800,0.6987200000,0.6987400000
1790684602524,0.6987200000,0.6987300000
1790684602925,0.6986800000,0.6987000000
1790684603328,0.6986700000,0.6986900000
1790684605442,0.6986800000,0.6987000000
1790684608160,0.6986800000,0.6987100000
1790684608563,0.6987100000,0.6987300000
1790684608965,0.6987000000,0.6987200000
1790684612187,0.6986900000,0.6987200000
1790684612592,0.6986800000,0.6987000000
1790684612995,0.6986700000,0.6986900000
1790684613799,0.6986800000,0.6986900000
1790684615410,0.6986700000,0.6986900000
1790684616617,0.6986800000,0.6987000000
1790684621251,0.6986700000,0.6986900000
1790684622760,0.6986600000,0.6986900000
1790684623163,0.6986600000,0.6986800000
1790684624975,0.6986400000,0.6986600000
1790684625781,0.6986500000,0.6986700000
1790684627391,0.6986200000,0.6986400000
1790684627793,0.6986300000,0.6986400000
1790684628197,0.6986200000,0.6986400000
1790684628599,0.6986100000,0.6986300000
1790684632523,0.6986000000,0.6986200000
1790684633429,0.6986000000,0.6986300000
1790684639168,0.6986000000,0.6986200000
1790684641889,0.6986000000,0.6986200000
1790684644003,0.6986100000,0.6986300000
1790684644406,0.6986000000,0.6986200000
1790684656587,0.6985800000,0.6986000000
1790684657593,0.6985900000,0.6986100000
1790684657996,0.6985800000,0.6986000000
1790684661216,0.6985900000,0.6986000000
1790684661619,0.6985800000,0.6986000000
1790684662626,0.6985800000,0.6986100000
1790684664742,0.6986000000,0.6986100000
1790684665143,0.6986000000,0.6986200000
1790684665545,0.6986000000,0.6986300000
1790684666351,0.6986100000,0.6986300000
1790684668464,0.6986100000,0.6986400000
1790684668866,0.6986200000,0.6986400000
1790684669872,0.6986100000,0.6986400000
1790684670878,0.6986100000,0.6986300000
1790684671281,0.6986100000,0.6986400000
1790684672892,0.6986200000,0.6986400000
1790684673696,0.6986400000,0.6986600000
1790684674501,0.6986200000,0.6986400000
1790684676112,0.6986300000,0.6986400000
1790684676514,0.6986400000,0.6986500000
1790684678125,0.6986400000,0.6986700000
1790684679334,0.6986400000,0.6986600000
1790684679938,0.6986400000,0.6986700000
1790684683863,0.6986300000,0.6986500000
1790684684266,0.6986400000,0.6986500000
1790684684669,0.6986300000,0.6986500000
1790684686782,0.6986200000,0.6986300000
1790684687184,0.6986100000,0.6986300000
1790684688694,0.6986100000,0.6986200000
1790684689096,0.6986100000,0.6986300000
1790684692317,0.6986300000,0.6986400000
1790684692719,0.6986200000,0.6986400000
1790684700067,0.6986100000,0.6986300000
1790684705908,0.6985800000,0.6986000000
1790684706311,0.6985900000,0.6986200000
1790684706713,0.6986100000,0.6986300000
1790684707518,0.6986100000,0.6986200000
1790684707921,0.6986100000,0.6986300000
1790684711848,0.6986100000,0.6986200000
1790684712251,0.6986000000,0.6986200000
1790684714868,0.6986100000,0.6986300000
1790684715271,0.6985800000,0.6985900000
1790684715673,0.6985800000,0.6986000000
1790684716981,0.6985800000,0.6985900000
1790684717585,0.6985600000,0.6985900000
1790684717988,0.6985600000,0.6985800000
1790684718995,0.6985700000,0.6985800000
1790684720001,0.6985600000,0.6985800000
1790684720805,0.6985500000,0.6985700000
1790684735199,0.6985600000,0.6985700000
1790684736105,0.6985600000,0.6985800000
1790684736508,0.6985800000,0.6986000000
1790684739728,0.6985900000,0.6986000000
1790684740130,0.6985800000,0.6986000000
1790684746067,0.6985900000,0.6986000000
1790684746470,0.6985900000,0.6986100000
1790684748992,0.6985800000,0.6986000000
1790684759359,0.6985900000,0.6986000000
1790684760868,0.6985800000,0.6986000000
1790684762578,0.6985900000,0.6986100000
1790684763383,0.6985800000,0.6986000000
1790684763785,0.6985800000,0.6985900000
1790684766301,0.6985900000,0.6986000000
1790684766703,0.6985800000,0.6986000000
1790684768415,0.6985700000,0.6986000000
1790684768817,0.6985700000,0.6985900000
1790684775989,0.6985800000,0.6985900000
1790684776393,0.6985700000,0.6985900000
1790684778707,0.6985800000,0.6985900000
1790684779109,0.6985700000,0.6985900000
1790684779915,0.6985800000,0.6985900000
1790684780820,0.6985800000,0.6986000000
1790684782934,0.6985700000,0.6986000000
1790684783337,0.6985500000,0.6985700000
1790684789274,0.6985400000,0.6985600000
1790684789678,0.6985600000,0.6985800000
1790684798029,0.6985700000,0.6985900000
1790684799639,0.6985700000,0.6985800000
1790684800041,0.6985500000,0.6985700000
1790684802660,0.6985600000,0.6985800000
1790684806481,0.6985700000,0.6985800000
1790684807689,0.6985600000,0.6985800000
1790684808092,0.6985800000,0.6986000000
1790684808494,0.6985600000,0.6985800000
1790684818156,0.6985500000,0.6985800000
1790684818559,0.6985100000,0.6985300000
1790684820169,0.6985000000,0.6985300000
1790684820975,0.6984800000,0.6985000000
1790684822685,0.6984700000,0.6984900000
1790684826207,0.6984600000,0.6984800000
1790684829026,0.6984500000,0.6984700000
1790684829430,0.6984600000,0.6984800000
1790684830638,0.6984700000,0.6984900000
1790684831848,0.6984800000,0.6985000000
1790684832250,0.6984600000,0.6984800000
1790684833057,0.6984500000,0.6984700000
1790684833459,0.6984600000,0.6984800000
1790684834064,0.6984500000,0.6984800000
1790684834467,0.6984500000,0.6984700000
1790684835070,0.6984500000,0.6984800000
1790684835876,0.6984500000,0.6984700000
1790684836280,0.6984500000,0.6984800000
1790684841111,0.6984500000,0.6984700000
1790684844431,0.6984400000,0.6984600000
1790684844833,0.6984300000,0.6984500000
1790684846644,0.6984500000,0.6984700000
1790684848355,0.6984400000,0.6984700000
1790684848757,0.6984400000,0.6984600000
1790684850568,0.6984300000,0.6984400000
1790684850972,0.6984300000,0.6984500000
1790684851777,0.6984200000,0.6984400000
1790684852179,0.6984000000,0.6984200000
1790684853386,0.6984100000,0.6984300000
1790684853788,0.6983900000,0.6984100000
1790684854794,0.6983900000,0.6984200000
1790684855197,0.6984000000,0.6984200000
1790684858015,0.6983800000,0.6984000000
1790684858921,0.6983800000,0.6984100000
1790684860833,0.6983900000,0.6984200000
1790684862243,0.6984000000,0.6984300000
1790684862646,0.6983800000,0.6984200000
1790684863048,0.6983900000,0.6984100000
1790684863451,0.6983900000,0.6984200000
1790684864759,0.6983800000,0.6984200000
1790684865565,0.6983800000,0.6984100000
1790684870296,0.6983800000,0.6984200000
1790684870699,0.6983900000,0.6984300000
1790684871100,0.6984000000,0.6984300000
1790684871906,0.6984200000,0.6984400000
1790684873214,0.6984300000,0.6984400000
1790684873616,0.6984300000,0.6984500000
1790684874421,0.6984400000,0.6984600000
1790684875629,0.6984300000,0.6984600000
1790684878145,0.6984400000,0.6984600000
1790684878547,0.6984400000,0.6984700000
1790684879352,0.6984300000,0.6984600000
1790684879755,0.6984400000,0.6984700000
1790684880157,0.6984400000,0.6984700000
1790684880560,0.6984400000,0.6984600000
1790684881466,0.6984500000,0.6984700000
1790684882271,0.6984700000,0.6984800000
1790684882675,0.6984400000,0.6984800000
1790684883479,0.6984400000,0.6984700000
1790684884284,0.6984500000,0.6984800000
1790684885089,0.6984400000,0.6984700000
1790684885894,0.6984500000,0.6984800000
1790684886296,0.6984700000,0.6984800000
1790684886900,0.6984700000,0.6984900000
1790684887302,0.6984500000,0.6984800000
1790684892136,0.6984500000,0.6984700000
1790684892538,0.6984400000,0.6984700000
1790684892941,0.6984500000,0.6984700000
1790684894250,0.6984400000,0.6984700000
1790684894653,0.6984300000,0.6984700000
1790684895055,0.6984200000,0.6984600000
1790684895860,0.6984200000,0.6984500000
1790684896966,0.6984300000,0.6984500000
1790684897369,0.6984300000,0.6984600000
1790684899986,0.6984400000,0.6984700000
1790684900388,0.6984300000,0.6984700000
1790684900790,0.6984400000,0.6984700000
1790684901394,0.6984400000,0.6984600000
1790684901797,0.6984300000,0.6984600000
1790684902199,0.6984400000,0.6984700000
1790684904716,0.6984500000,0.6984800000
1790684905721,0.6984600000,0.6984800000
1790684906124,0.6984500000,0.6984800000
1790684907935,0.6984400000,0.6984800000
1790684909948,0.6984500000,0.6984800000
1790684910351,0.6984600000,0.6984800000
1790684910753,0.6984700000,0.6984900000
1790684915081,0.6984800000,0.6984900000
1790684915483,0.6984700000,0.6984900000
1790684915886,0.6984800000,0.6985000000
1790684916288,0.6985000000,0.6985200000
1790684916691,0.6984900000,0.6985200000
1790684918000,0.6984900000,0.6985000000
1790684918302,0.6984900000,0.6985100000
1790684919208,0.6984800000,0.6985100000
1790684919611,0.6984900000,0.6985100000
1790684920416,0.6984800000,0.6985100000
1790684921725,0.6984700000,0.6985000000
1790684922127,0.6984800000,0.6985000000
1790684922530,0.6984700000,0.6985000000
1790684926253,0.6984800000,0.6985000000
1790684927763,0.6984700000,0.6985000000
1790684929172,0.6984800000,0.6985000000
1790684929574,0.6985100000,0.6985400000
1790684929976,0.6985100000,0.6985300000
1790684930379,0.6985100000,0.6985400000
1790684931689,0.6985100000,0.6985300000
1790684933198,0.6985100000,0.6985400000
1790684934104,0.6985100000,0.6985300000
1790684935211,0.6985100000,0.6985400000
1790684935614,0.6985100000,0.6985300000
1790684938029,0.6985000000,0.6985300000
1790684938835,0.6985000000,0.6985200000
1790684940950,0.6985000000,0.6985300000
1790684941353,0.6985000000,0.6985200000
1790684941755,0.6984900000,0.6985100000
1790684942157,0.6984900000,0.6985200000
1790684943063,0.6985000000,0.6985200000
1790684944473,0.6984900000,0.6985100000
1790684946385,0.6984900000,0.6985200000
1790684948598,0.6984900000,0.6985100000
1790684949000,0.6984900000,0.6985200000
1790684949403,0.6984900000,0.6985100000
1790684952627,0.6985100000,0.6985300000
1790684954538,0.6985100000,0.6985200000
1790684954941,0.6985100000,0.6985300000
1790684955343,0.6985100000,0.6985400000
1790684957055,0.6985200000,0.6985400000
1790684961886,0.6985200000,0.6985300000
1790684962993,0.6985200000,0.6985400000
1790684963999,0.6985200000,0.6985300000
1790684964402,0.6985200000,0.6985400000
1790684964905,0.6985200000,0.6985500000
1790684966113,0.6985200000,0.6985400000
1790684984228,0.6985200000,0.6985500000
1790684985940,0.6985300000,0.6985500000
1790684994093,0.6985100000,0.6985400000
1790684995099,0.6985100000,0.6985300000
1790684995501,0.6985000000,0.6985200000
1790684996609,0.6984900000,0.6985200000
1790684997011,0.6984800000,0.6985000000
1790684997415,0.6984700000,0.6984900000
1790684997817,0.6984500000,0.6984700000
1790684999024,0.6984600000,0.6984800000
1790684999427,0.6984500000,0.6984800000
1790685000232,0.6984500000,0.6984800000
1790685000636,0.6984600000,0.6984800000
1790685003855,0.6984500000,0.6984700000
1790685006875,0.6984600000,0.6984700000
1790685008485,0.6984400000,0.6984700000
1790685008889,0.6984200000,0.6984500000
1790685010096,0.6984200000,0.6984400000
1790685010903,0.6983900000,0.6984100000
1790685012112,0.6984000000,0.6984200000
1790685018956,0.6984100000,0.6984200000
1790685019459,0.6984000000,0.6984200000
1790685022881,0.6983900000,0.6984100000
1790685023282,0.6984100000,0.6984200000
1790685023685,0.6984000000,0.6984200000
1790685025295,0.6984100000,0.6984200000
1790685027811,0.6984000000,0.6984200000
1790685029018,0.6984100000,0.6984200000
1790685029622,0.6984000000,0.6984200000
1790685030025,0.6983800000,0.6984000000
1790685030427,0.6983900000,0.6984200000
1790685031635,0.6983800000,0.6984000000
1790685033646,0.6984000000,0.6984100000
1790685034049,0.6984200000,0.6984400000
1790685036969,0.6984300000,0.6984500000
1790685037978,0.6984600000,0.6984800000
1790685039589,0.6984400000,0.6984600000
1790685040596,0.6984600000,0.6984800000
1790685042609,0.6984600000,0.6984700000
1790685043616,0.6984400000,0.6984700000
1790685044019,0.6984300000,0.6984500000
1790685045227,0.6984400000,0.6984600000
1790685049960,0.6984300000,0.6984500000
1790685055096,0.6984500000,0.6984700000
1790685055901,0.6984400000,0.6984600000
1790685058416,0.6984500000,0.6984700000
1790685060228,0.6984500000,0.6984700000
1790685062141,0.6984500000,0.6984800000
1790685063047,0.6984700000,0.6984900000
1790685063449,0.6984600000,0.6984900000
1790685065162,0.6984800000,0.6985000000
1790685066973,0.6984700000,0.6984900000
1790685067375,0.6984700000,0.6984800000
1790685067879,0.6984600000,0.6984800000
1790685071503,0.6984600000,0.6984700000
1790685071908,0.6984600000,0.6984800000
1790685075027,0.6984600000,0.6984700000
1790685075932,0.6984600000,0.6984800000
1790685076335,0.6984600000,0.6984700000
1790685076737,0.6984600000,0.6984800000
1790685078249,0.6984600000,0.6984700000
1790685078651,0.6984400000,0.6984600000
1790685079457,0.6984300000,0.6984500000
1790685079859,0.6984200000,0.6984400000
1790685082577,0.6984400000,0.6984600000
1790685087714,0.6984300000,0.6984500000
1790685092243,0.6984600000,0.6984800000
1790685093048,0.6984700000,0.6984900000
1790685097979,0.6984800000,0.6984900000
1790685098381,0.6984700000,0.6984900000
1790685100091,0.6984800000,0.6985000000
1790685104219,0.6984700000,0.6984900000
1790685108246,0.6984600000,0.6984800000
1790685110662,0.6984600000,0.6984700000
1790685111066,0.6984500000,0.6984700000
1790685112877,0.6984600000,0.6984800000
1790685114185,0.6984500000,0.6984700000
1790685114588,0.6984400000,0.6984600000
1790685115394,0.6984300000,0.6984500000
1790685115796,0.6984500000,0.6984600000
1790685116199,0.6984500000,0.6984700000
1790685117911,0.6984500000,0.6984800000
1790685118314,0.6984700000,0.6984900000
1790685120327,0.6984700000,0.6984900000
1790685122139,0.6985000000,0.6985200000
1790685123146,0.6985000000,0.6985300000
1790685123548,0.6985100000,0.6985300000
1790685123950,0.6985200000,0.6985400000
1790685126063,0.6985200000,0.6985300000
1790685126668,0.6985200000,0.6985400000
1790685127070,0.6985300000,0.6985500000
1790685128278,0.6985400000,0.6985600000
1790685128681,0.6985500000,0.6985700000
1790685131498,0.6985600000,0.6985800000
1790685133109,0.6985500000,0.6985700000
1790685133512,0.6985600000,0.6985700000
1790685133914,0.6985600000,0.6985800000
1790685135826,0.6985500000,0.6985800000
1790685136229,0.6985300000,0.6985500000
1790685136633,0.6985300000,0.6985400000
1790685137339,0.6985300000,0.6985500000
1790685145793,0.6985200000,0.6985400000
1790685149316,0.6985100000,0.6985400000
1790685150726,0.6985000000,0.6985400000
1790685151230,0.6984800000,0.6985100000
1790685153041,0.6984900000,0.6985100000
1790685153745,0.6984800000,0.6985100000
1790685154550,0.6984900000,0.6985100000
1790685154953,0.6985000000,0.6985200000
1790685155357,0.6985000000,0.6985300000
1790685156164,0.6985100000,0.6985300000
1790685156970,0.6985000000,0.6985300000
1790685157876,0.6985000000,0.6985200000
1790685158278,0.6985000000,0.6985300000
1790685159083,0.6985000000,0.6985200000
1790685159788,0.6985000000,0.6985300000
1790685163008,0.6984900000,0.6985200000
1790685163411,0.6984800000,0.6985100000
1790685163813,0.6984700000,0.6985100000
1790685164216,0.6984800000,0.6985100000
1790685173277,0.6984700000,0.6985100000
1790685173680,0.6984700000,0.6985000000
1790685175894,0.6984800000,0.6985000000
1790685176298,0.6984800000,0.6985100000
1790685176701,0.6984900000,0.6985200000
1790685178514,0.6984800000,0.6985200000
1790685178917,0.6984800000,0.6985100000
1790685180024,0.6984900000,0.6985100000
1790685180427,0.6984800000,0.6985100000
1790685180830,0.6984900000,0.6985200000
1790685185962,0.6985000000,0.6985200000
1790685186365,0.6984900000,0.6985200000
1790685186767,0.6985000000,0.6985200000
1790685187270,0.6985000000,0.6985300000
1790685189284,0.6985100000,0.6985300000
1790685189686,0.6985100000,0.6985400000
1790685190089,0.6985100000,0.6985300000
1790685191096,0.6985000000,0.6985300000
1790685191906,0.6985100000,0.6985400000
1790685192309,0.6985000000,0.6985400000
1790685192710,0.6985100000,0.6985400000
1790685195627,0.6985200000,0.6985400000
1790685196432,0.6985200000,0.6985500000
1790685196834,0.6985300000,0.6985500000
1790685197236,0.6985200000,0.6985500000
1790685202469,0.6985000000,0.6985300000
1790685203677,0.6985100000,0.6985400000
1790685206193,0.6985000000,0.6985400000
1790685207603,0.6985100000,0.6985400000
1790685209214,0.6985000000,0.6985400000
1790685211128,0.6985000000,0.6985200000
1790685211933,0.6984900000,0.6985200000
1790685212336,0.6985000000,0.6985200000
1790685216262,0.6985200000,0.6985500000
1790685220689,0.6985300000,0.6985500000
1790685221092,0.6985200000,0.6985600000
1790685221897,0.6985300000,0.6985600000
1790685222803,0.6985200000,0.6985600000
1790685226627,0.6985100000,0.6985400000
1790685227030,0.6985100000,0.6985500000
1790685227433,0.6985300000,0.6985500000
1790685227835,0.6985400000,0.6985500000
1790685228238,0.6985500000,0.6985700000
1790685228641,0.6985500000,0.6985800000
1790685229043,0.6985400000,0.6985800000
1790685229446,0.6985400000,0.6985700000
1790685230654,0.6985300000,0.6985700000
1790685231057,0.6985400000,0.6985700000
1790685233472,0.6985500000,0.6985800000
1790685233875,0.6985700000,0.6986000000
1790685234279,0.6985800000,0.6986000000
1790685234680,0.6985700000,0.6986000000
1790685235083,0.6985800000,0.6986100000
1790685235485,0.6985700000,0.6986000000
1790685237295,0.6985500000,0.6985900000
1790685238201,0.6985600000,0.6985800000
1790685239811,0.6985500000,0.6985800000
1790685240214,0.6985500000,0.6985800000
1790685241019,0.6985600000,0.6985800000
1790685241421,0.6985700000,0.6985900000
1790685241925,0.6985500000,0.6985900000
1790685242328,0.6985600000,0.6985900000
1790685242730,0.6985700000,0.6985900000
1790685243133,0.6985600000,0.6985900000
1790685243939,0.6985600000,0.6985800000
1790685244340,0.6985500000,0.6985800000
1790685246354,0.6985400000,0.6985800000
1790685246756,0.6985600000,0.6985800000
1790685247561,0.6985600000,0.6985900000
1790685249274,0.6985500000,0.6985900000
1790685249777,0.6985600000,0.6985900000
1790685254511,0.6985800000,0.6985900000
1790685254914,0.6985600000,0.6985900000
1790685256926,0.6985500000,0.6985800000
1790685258134,0.6985600000,0.6985800000
1790685258536,0.6985700000,0.6985800000
1790685259241,0.6985600000,0.6985800000
1790685260548,0.6985700000,0.6985800000
1790685260951,0.6985600000,0.6985800000
1790685261354,0.6985500000,0.6985800000
1790685262561,0.6985700000,0.6985800000
1790685263065,0.6985700000,0.6985900000
1790685263467,0.6985600000,0.6985900000
1790685264273,0.6985700000,0.6985900000
1790685264977,0.6985600000,0.6985900000
1790685266185,0.6985700000,0.6985900000
1790685266689,0.6985600000,0.6985900000
1790685267090,0.6985700000,0.6985900000
1790685267995,0.6985800000,0.6986000000
1790685268398,0.6985700000,0.6986000000
1790685270009,0.6985800000,0.6986000000
1790685271317,0.6985800000,0.6985900000
1790685271721,0.6985700000,0.6985900000
1790685272124,0.6985600000,0.6985900000
1790685272526,0.6985700000,0.6985900000
1790685272929,0.6985600000,0.6985900000
1790685274742,0.6985500000,0.6985700000
1790685278067,0.6985600000,0.6985700000
1790685278872,0.6985700000,0.6985900000
1790685283402,0.6985500000,0.6985800000
1790685285017,0.6985400000,0.6985800000
1790685285420,0.6985200000,0.6985500000
1790685286223,0.6985000000,0.6985400000
1790685286625,0.6984800000,0.6985100000
1790685287430,0.6984700000,0.6985000000
1790685287833,0.6984800000,0.6985000000
1790685289042,0.6984700000,0.6985000000
1790685289847,0.6984400000,0.6984700000
1790685290250,0.6984300000,0.6984600000
1790685290652,0.6984500000,0.6984700000
1790685291055,0.6984500000,0.6984800000
1790685291557,0.6984300000,0.6984600000
1790685294780,0.6984700000,0.6984900000
1790685296086,0.6984600000,0.6984900000
1790685296490,0.6984700000,0.6984900000
1790685299006,0.6984600000,0.6984900000
1790685299912,0.6984700000,0.6984900000
1790685300415,0.6984700000,0.6984900000
1790685302528,0.6984800000,0.6985000000
1790685305246,0.6984900000,0.6985000000
1790685305649,0.6984800000,0.6985000000
1790685309575,0.6984800000,0.6985200000
1790685309978,0.6984900000,0.6985200000
1790685310481,0.6984800000,0.6985200000
1790685310884,0.6984800000,0.6985000000
1790685312999,0.6984700000,0.6984900000
1790685313401,0.6984600000,0.6984900000
1790685314609,0.6984700000,0.6984900000
1790685316320,0.6984800000,0.6984900000
1790685317326,0.6984800000,0.6985100000
1790685323164,0.6984800000,0.6984900000
1790685327289,0.6984800000,0.6985100000
1790685327994,0.6984800000,0.6985000000
1790685331921,0.6984800000,0.6985100000
1790685334537,0.6984800000,0.6985000000
1790685334939,0.6984700000,0.6985000000
1790685335844,0.6984800000,0.6985000000
1790685341378,0.6984800000,0.6985100000
1790685344297,0.6984700000,0.6985000000
1790685346109,0.6984800000,0.6985000000
1790685347620,0.6984800000,0.6985100000
1790685348829,0.6984900000,0.6985100000
1790685349232,0.6984900000,0.6985200000
1790685349634,0.6985000000,0.6985300000
1790685350037,0.6984900000,0.6985300000
1790685350842,0.6985000000,0.6985300000
1790685352151,0.6984900000,0.6985300000
1790685353863,0.6984600000,0.6984900000
1790685354265,0.6984500000,0.6984700000
1790685355472,0.6984600000,0.6984800000
1790685357887,0.6984700000,0.6984800000
1790685358390,0.6984600000,0.6984800000
1790685358793,0.6984200000,0.6984500000
1790685359599,0.6984100000,0.6984500000
1790685360002,0.6984100000,0.6984400000
1790685360705,0.6984000000,0.6984400000
1790685361108,0.6984000000,0.6984300000
1790685361511,0.6984200000,0.6984400000
1790685363222,0.6984200000,0.6984500000
1790685364431,0.6984300000,0.6984600000
1790685364833,0.6984700000,0.6985000000
1790685368759,0.6984600000,0.6985000000
1790685369967,0.6984700000,0.6985000000
1790685377945,0.6984400000,0.6984800000
1790685378348,0.6984500000,0.6984800000
1790685378850,0.6984400000,0.6984800000
1790685379656,0.6984200000,0.6984500000
1790685381065,0.6983600000,0.6984000000
1790685381468,0.6983500000,0.6983800000
1790685381870,0.6983400000,0.6983800000
1790685382172,0.6983500000,0.6983800000
1790685382574,0.6983600000,0.6983900000
1790685383380,0.6983800000,0.6984000000
1790685383783,0.6983700000,0.6984000000
1790685384588,0.6983500000,0.6983900000
1790685384991,0.6983500000,0.6983800000
1790685387108,0.6983500000,0.6983900000
1790685387510,0.6983500000,0.6983800000
1790685390227,0.6983500000,0.6983900000
1790685390629,0.6983600000,0.6983900000
1790685391032,0.6983800000,0.6984000000
1790685391434,0.6983400000,0.6983700000
1790685391837,0.6983300000,0.6983600000
1790685392240,0.6983100000,0.6983500000
1790685392643,0.6983000000,0.6983400000
1790685393449,0.6983000000,0.6983300000
1790685394657,0.6983100000,0.6983400000
1790685398584,0.6983000000,0.6983400000
1790685398987,0.6983100000,0.6983400000
1790685402209,0.6983100000,0.6983500000
1790685404825,0.6983300000,0.6983600000
1790685406435,0.6983000000,0.6983300000
1790685408045,0.6982900000,0.6983300000
1790685408448,0.6982800000,0.6983100000
1790685408850,0.6982600000,0.6983000000
1790685409254,0.6982700000,0.6983000000
1790685410664,0.6982600000,0.6982900000
1790685411469,0.6982600000,0.6983000000
1790685415194,0.6981700000,0.6982200000
1790685415598,0.6982000000,0.6982300000
1790685416001,0.6981800000,0.6982200000
1790685416404,0.6981900000,0.6982200000
1790685417310,0.6981600000,0.6982000000
1790685418215,0.6981600000,0.6981900000
1790685419020,0.6981600000,0.6982000000
1790685420127,0.6981700000,0.6982000000
1790685420530,0.6981700000,0.6982100000
1790685420934,0.6982000000,0.6982300000
1790685421537,0.6981900000,0.6982300000
1790685422947,0.6982000000,0.6982300000
1790685425060,0.6981900000,0.6982300000
1790685427978,0.6982000000,0.6982300000
1790685428381,0.6981900000,0.6982300000
1790685428784,0.6981800000,0.6982100000
1790685429187,0.6981700000,0.6982100000
1790685429589,0.6981700000,0.6982000000
1790685429993,0.6981600000,0.6982000000
1790685430395,0.6981900000,0.6982100000
1790685430798,0.6981900000,0.6982200000
1790685431200,0.6981700000,0.6982100000
1790685431604,0.6981800000,0.6982100000
1790685433015,0.6981900000,0.6982100000
1790685433417,0.6981700000,0.6982000000
1790685434222,0.6981800000,0.6982100000
1790685435129,0.6981900000,0.6982100000
1790685435531,0.6981800000,0.6982100000
1790685437143,0.6981900000,0.6982100000
1790685437545,0.6981900000,0.6982200000
1790685440566,0.6982000000,0.6982300000
1790685440969,0.6981600000,0.6981900000
1790685441372,0.6981500000,0.6981900000
1790685442176,0.6981600000,0.6981900000
1790685442579,0.6981500000,0.6981900000
1790685443384,0.6981600000,0.6981900000
1790685455765,0.6981500000,0.6981800000
1790685456670,0.6981600000,0.6981800000
1790685457475,0.6981700000,0.6981800000
1790685457878,0.6981600000,0.6981800000
1790685458280,0.6981700000,0.6981800000
1790685458684,0.6981700000,0.6981900000
1790685459387,0.6981600000,0.6981900000
1790685459790,0.6981800000,0.6982100000
1790685460193,0.6981600000,0.6981900000
1790685461001,0.6981700000,0.6981900000
1790685461403,0.6981600000,0.6981900000
1790685462309,0.6981700000,0.6981900000
1790685462711,0.6981600000,0.6981900000
1790685463114,0.6981700000,0.6981900000
1790685463515,0.6981800000,0.6982000000
1790685463918,0.6981700000,0.6982000000
1790685467744,0.6981400000,0.6981700000
1790685468145,0.6981500000,0.6981700000
1790685469957,0.6981200000,0.6981500000
1790685475092,0.6981300000,0.6981600000
1790685475494,0.6981200000,0.6981600000
1790685476299,0.6981200000,0.6981500000
1790685478314,0.6981200000,0.6981600000
1790685479521,0.6981300000,0.6981600000
1790685479924,0.6981200000,0.6981400000
1790685480528,0.6981100000,0.6981400000
1790685480931,0.6981000000,0.6981200000
1790685481737,0.6981000000,0.6981300000
1790685483350,0.6980600000,0.6980900000
1790685484156,0.6980700000,0.6981100000
1790685484961,0.6980600000,0.6980900000
1790685485363,0.6980600000,0.6981000000
1790685486371,0.6980600000,0.6980800000
1790685486774,0.6980600000,0.6980900000
1790685487580,0.6980400000,0.6980700000
1790685487983,0.6980500000,0.6980700000
1790685488989,0.6980600000,0.6980900000
1790685489795,0.6980600000,0.6980700000
1790685490197,0.6980700000,0.6980900000
1790685491203,0.6980700000,0.6981100000
1790685494426,0.6980800000,0.6981100000
1790685495231,0.6980900000,0.6981100000
1790685495834,0.6980800000,0.6981100000
1790685496639,0.6981000000,0.6981300000
1790685497042,0.6981500000,0.6981700000
1790685499860,0.6981600000,0.6981700000
1790685500263,0.6981600000,0.6981800000
1790685501068,0.6981500000,0.6981800000
1790685502580,0.6981000000,0.6981300000
1790685506104,0.6981100000,0.6981300000
1790685506909,0.6981100000,0.6981500000
1790685507311,0.6981100000,0.6981400000
1790685508619,0.6981000000,0.6981400000
1790685510735,0.6981100000,0.6981500000
1790685511540,0.6981200000,0.6981500000
1790685512245,0.6981100000,0.6981500000
1790685515566,0.6981000000,0.6981400000
1790685516371,0.6980800000,0.6981000000
1790685516773,0.6980700000,0.6981000000
1790685525127,0.6980800000,0.6981100000
1790685525833,0.6980700000,0.6981100000
1790685528650,0.6980800000,0.6981100000
1790685532373,0.6981000000,0.6981300000
1790685534387,0.6981100000,0.6981300000
1790685536299,0.6981000000,0.6981300000
1790685537807,0.6981000000,0.6981500000
1790685538210,0.6981000000,0.6981400000
1790685538914,0.6980900000,0.6981300000
1790685539821,0.6981000000,0.6981300000
1790685540223,0.6981100000,0.6981400000
1790685541028,0.6981000000,0.6981400000
1790685541934,0.6981000000,0.6981300000
1790685542337,0.6980900000,0.6981300000
1790685544049,0.6981000000,0.6981300000
1790685544854,0.6980900000,0.6981300000
1790685545257,0.6980800000,0.6981200000
1790685546062,0.6980900000,0.6981200000
1790685547371,0.6980800000,0.6981200000
1790685548884,0.6980900000,0.6981200000
1790685550595,0.6981100000,0.6981300000
1790685550998,0.6981000000,0.6981300000
1790685554520,0.6980900000,0.6981300000
1790685556837,0.6981000000,0.6981300000
1790685557842,0.6980900000,0.6981200000
1790685558245,0.6981000000,0.6981200000
1790685558648,0.6981000000,0.6981300000
1790685560057,0.6981200000,0.6981400000
1790685563178,0.6981100000,0.6981400000
1790685563582,0.6981000000,0.6981400000
1790685564085,0.6981000000,0.6981300000
1790685564488,0.6980900000,0.6981100000
1790685565393,0.6980900000,0.6981300000
1790685566298,0.6981000000,0.6981300000
1790685567002,0.6981000000,0.6981200000
1790685567405,0.6980800000,0.6981100000
1790685568511,0.6980900000,0.6981100000
1790685568914,0.6980900000,0.6981200000
1790685570123,0.6981000000,0.6981200000
1790685570626,0.6980900000,0.6981200000
1790685572338,0.6981000000,0.6981200000
1790685573747,0.6981100000,0.6981200000
1790685574149,0.6981100000,0.6981400000
1790685578176,0.6981200000,0.6981400000
1790685578578,0.6981100000,0.6981400000
1790685581596,0.6980900000,0.6981300000
1790685581999,0.6981000000,0.6981300000
1790685583609,0.6980900000,0.6981200000
1790685587333,0.6981000000,0.6981400000
1790685587736,0.6981000000,0.6981300000
1790685589951,0.6981000000,0.6981400000
1790685591159,0.6981000000,0.6981300000
1790685591965,0.6980800000,0.6981100000
1790685598104,0.6980900000,0.6981000000
1790685598507,0.6980600000,0.6980900000
1790685600321,0.6980500000,0.6980900000
1790685603641,0.6980600000,0.6980900000
1790685604043,0.6980600000,0.6980800000
1790685604446,0.6980500000,0.6980800000
1790685607064,0.6980600000,0.6980800000
1790685607469,0.6980700000,0.6981000000
1790685607870,0.6980600000,0.6980900000
1790685608273,0.6980800000,0.6981000000
1790685610187,0.6981000000,0.6981200000
1790685611092,0.6980900000,0.6981100000
1790685611494,0.6980600000,0.6980900000
1790685613409,0.6980600000,0.6980800000
1790685614315,0.6980500000,0.6980800000
1790685614717,0.6980600000,0.6980800000
1790685615119,0.6980500000,0.6980800000
1790685619146,0.6980600000,0.6980800000
1790685619750,0.6980500000,0.6980800000
1790685625689,0.6980400000,0.6980800000
1790685626494,0.6980500000,0.6980800000
1790685629110,0.6980400000,0.6980800000
1790685629915,0.6980500000,0.6980800000
1790685636057,0.6980400000,0.6980700000
1790685636460,0.6980500000,0.6980700000
1790685638273,0.6980400000,0.6980700000
1790685639078,0.6980500000,0.6980700000
1790685640790,0.6980500000,0.6980800000
1790685641294,0.6980500000,0.6980700000
1790685643507,0.6980100000,0.6980500000
1790685644413,0.6980200000,0.6980500000
1790685648541,0.6980100000,0.6980400000
1790685648944,0.6980100000,0.6980300000
1790685649447,0.6980100000,0.6980400000
1790685654681,0.6980200000,0.6980500000
1790685655790,0.6980400000,0.6980700000
1790685656998,0.6980500000,0.6980800000
1790685658206,0.6980600000,0.6980900000
1790685660421,0.6980600000,0.6980900000
1790685660823,0.6980500000,0.6980900000
1790685661226,0.6980600000,0.6980900000
1790685662635,0.6980700000,0.6980900000
1790685666058,0.6980600000,0.6980900000
1790685669382,0.6980200000,0.6980600000
1790685670589,0.6980300000,0.6980600000
1790685670992,0.6980200000,0.6980600000
1790685671395,0.6980300000,0.6980600000
1790685671798,0.6980200000,0.6980600000
1790685673006,0.6980400000,0.6980700000
1790685673412,0.6980500000,0.6980800000
1790685675830,0.6980600000,0.6980800000
1790685677745,0.6980500000,0.6980800000
1790685679557,0.6980600000,0.6980800000
1790685680462,0.6980500000,0.6980800000
1790685680865,0.6980400000,0.6980800000
1790685681267,0.6980300000,0.6980700000
1790685682074,0.6980300000,0.6980600000
1790685682476,0.6980200000,0.6980600000
1790685683685,0.6980200000,0.6980500000
1790685688716,0.6980300000,0.6980500000
1790685689118,0.6980200000,0.6980500000
1790685689924,0.6980300000,0.6980600000
1790685690831,0.6980200000,0.6980600000
1790685694051,0.6980300000,0.6980600000
1790685699588,0.6980200000,0.6980600000
1790685699991,0.6980300000,0.6980600000
1790685701601,0.6980200000,0.6980600000
1790685708949,0.6980100000,0.6980500000
1790685709351,0.6980300000,0.6980600000
1790685710861,0.6980200000,0.6980600000
1790685711263,0.6980100000,0.6980500000
1790685711666,0.6980200000,0.6980500000
1790685714483,0.6980300000,0.6980500000
1790685715087,0.6980300000,0.6980600000
1790685717401,0.6980200000,0.6980600000
1790685720522,0.6980300000,0.6980600000
1790685720925,0.6980200000,0.6980600000
1790685721732,0.6980000000,0.6980400000
1790685722739,0.6980100000,0.6980400000
1790685723141,0.6980100000,0.6980500000
1790685724549,0.6980200000,0.6980600000
1790685726562,0.6980300000,0.6980600000
1790685726965,0.6980200000,0.6980600000
1790685733714,0.6980300000,0.6980600000
1790685736332,0.6980200000,0.6980600000
1790685737238,0.6980100000,0.6980400000
1790685737642,0.6980000000,0.6980400000
1790685738045,0.6980100000,0.6980400000
1790685739555,0.6980200000,0.6980400000
1790685739958,0.6980000000,0.6980400000
1790685740361,0.6980100000,0.6980400000
1790685741267,0.6980000000,0.6980400000
1790685742373,0.6980100000,0.6980400000
1790685743178,0.6980000000,0.6980400000
1790685744184,0.6980100000,0.6980400000
1790685744586,0.6980000000,0.6980400000
1790685746899,0.6980100000,0.6980400000
1790685747302,0.6980000000,0.6980400000
1790685747705,0.6980100000,0.6980400000
1790685749015,0.6980000000,0.6980400000
1790685752438,0.6980100000,0.6980400000
1790685753446,0.6980000000,0.6980400000
1790685754654,0.6980000000,0.6980300000
1790685755761,0.6980100000,0.6980400000
1790685757271,0.6980000000,0.6980400000
1790685762203,0.6979900000,0.6980300000
1790685762606,0.6980000000,0.6980400000
1790685765826,0.6979900000,0.6980300000
1790685766429,0.6980000000,0.6980400000
1790685770558,0.6980000000,0.6980300000
1790685771765,0.6980000000,0.6980400000
1790685772168,0.6980500000,0.6980800000
1790685772570,0.6980400000,0.6980800000
1790685774584,0.6980600000,0.6980900000
1790685775792,0.6980700000,0.6980900000
1790685778006,0.6980700000,0.6981000000
1790685778408,0.6980600000,0.6981000000
1790685779415,0.6980700000,0.6981000000
1790685779817,0.6980900000,0.6981200000
1790685780220,0.6980900000,0.6981200000
1790685782838,0.6981100000,0.6981400000
1790685783241,0.6981400000,0.6981800000
1790685783643,0.6981500000,0.6981800000
1790685786261,0.6982100000,0.6982300000
1790685786663,0.6982000000,0.6982300000
1790685787066,0.6982100000,0.6982400000
1790685787468,0.6982000000,0.6982400000
1790685788273,0.6981900000,0.6982300000
1790685788676,0.6982000000,0.6982400000
1790685789078,0.6982100000,0.6982400000
1790685789481,0.6982000000,0.6982400000
1790685789883,0.6982200000,0.6982500000
1790685790688,0.6982100000,0.6982500000
1790685791091,0.6982000000,0.6982400000
1790685791896,0.6981900000,0.6982300000
1790685795018,0.6982000000,0.6982400000
1790685795420,0.6982100000,0.6982400000
1790685796225,0.6982000000,0.6982400000
1790685798541,0.6982100000,0.6982400000
1790685799246,0.6982200000,0.6982500000
1790685800655,0.6982000000,0.6982400000
1790685801460,0.6982100000,0.6982400000
1790685802165,0.6982000000,0.6982400000
1790685803273,0.6982100000,0.6982400000
1790685804481,0.6982000000,0.6982400000
1790685804984,0.6982100000,0.6982400000
1790685805386,0.6982000000,0.6982400000
1790685806493,0.6982100000,0.6982400000
1790685807299,0.6982000000,0.6982400000
1790685808003,0.6982100000,0.6982400000
1790685808406,0.6982000000,0.6982400000
1790685809212,0.6982100000,0.6982400000
1790685809615,0.6982000000,0.6982400000
1790685810017,0.6982100000,0.6982400000
1790685810421,0.6982000000,0.6982400000
1790685813038,0.6982200000,0.6982500000
1790685815051,0.6982300000,0.6982500000
1790685815453,0.6982200000,0.6982500000
1790685817266,0.6982300000,0.6982500000
1790685818073,0.6982100000,0.6982500000
1790685818475,0.6982200000,0.6982500000
1790685821897,0.6982300000,0.6982500000
1790685825220,0.6982300000,0.6982600000
1790685827636,0.6982200000,0.6982500000
1790685828039,0.6982300000,0.6982500000
1790685828441,0.6982300000,0.6982700000
1790685830052,0.6982200000,0.6982600000
1790685830454,0.6982200000,0.6982500000
1790685832468,0.6982300000,0.6982500000
1790685832870,0.6982400000,0.6982800000
1790685833273,0.6982600000,0.6982900000
1790685833675,0.6982700000,0.6983000000
1790685834078,0.6982700000,0.6983100000
1790685834480,0.6982800000,0.6983100000
1790685834883,0.6982900000,0.6983200000
1790685836896,0.6983000000,0.6983200000
1790685837299,0.6983000000,0.6983300000
1790685840117,0.6983000000,0.6983300000
1790685841325,0.6983200000,0.6983500000
1790685841728,0.6983000000,0.6983400000
1790685842935,0.6983000000,0.6983300000
1790685843338,0.6982900000,0.6983300000
1790685843741,0.6982900000,0.6983200000
1790685844143,0.6982900000,0.6983300000
1790685844950,0.6983000000,0.6983300000
1790685847871,0.6982900000,0.6983300000
1790685849079,0.6982900000,0.6983200000
1790685849481,0.6982700000,0.6983000000
1790685851294,0.6982800000,0.6983200000
1790685854213,0.6982900000,0.6983200000
1790685854615,0.6982800000,0.6983000000
1790685855018,0.6982700000,0.6983000000
1790685856226,0.6983000000,0.6983100000
1790685856628,0.6982800000,0.6983000000
1790685857031,0.6982700000,0.6983000000
1790685858441,0.6982500000,0.6982900000
1790685858843,0.6982500000,0.6982800000
1790685861763,0.6982600000,0.6982900000
1790685863476,0.6982800000,0.6983200000
1790685863878,0.6982800000,0.6983100000
1790685866694,0.6982700000,0.6983100000
1790685867096,0.6982800000,0.6983100000
1790685867498,0.6982700000,0.6983100000
1790685867900,0.6982800000,0.6983100000
1790685868303,0.6982800000,0.6983200000
1790685868706,0.6982600000,0.6982900000
1790685869108,0.6982700000,0.6983100000
1790685869913,0.6982700000,0.6983000000
1790685870316,0.6982700000,0.6983100000
1790685870718,0.6982500000,0.6982800000
1790685871523,0.6982600000,0.6982800000
1790685872730,0.6982500000,0.6982800000
1790685873535,0.6982300000,0.6982500000
1790685874340,0.6982200000,0.6982500000
1790685877662,0.6982100000,0.6982500000
1790685880781,0.6982300000,0.6982500000
1790685881184,0.6982200000,0.6982500000
1790685882795,0.6982300000,0.6982600000
1790685883199,0.6982400000,0.6982700000
1790685884003,0.6982300000,0.6982600000
1790685884909,0.6982400000,0.6982600000
1790685885312,0.6982400000,0.6982700000
1790685887728,0.6982300000,0.6982700000
1790685888130,0.6982200000,0.6982600000
1790685888533,0.6982300000,0.6982600000
1790685890144,0.6982200000,0.6982600000
1790685890545,0.6982200000,0.6982500000
1790685894873,0.6982300000,0.6982600000
1790685896583,0.6982400000,0.6982600000
1790685896986,0.6982400000,0.6982700000
1790685897791,0.6982300000,0.6982700000
1790685899200,0.6982400000,0.6982700000
1790685900105,0.6982400000,0.6982700000
1790685900508,0.6982300000,0.6982700000
1790685900911,0.6982400000,0.6982700000
1790685905541,0.6982500000,0.6982700000
1790685905943,0.6982500000,0.6982800000
1790685908359,0.6982400000,0.6982800000
1790685909164,0.6982400000,0.6982700000
1790685910776,0.6982500000,0.6982800000
1790685911581,0.6982400000,0.6982700000
1790685912286,0.6982400000,0.6982800000
1790685912688,0.6982600000,0.6982800000
1790685913496,0.6982500000,0.6982800000
1790685914401,0.6982600000,0.6982800000
1790685914804,0.6982500000,0.6982800000
1790685916417,0.6982600000,0.6982800000
1790685916818,0.6982700000,0.6983100000
1790685917220,0.6982600000,0.6983000000
1790685917623,0.6982600000,0.6982900000
1790685918427,0.6982300000,0.6982600000
1790685920138,0.6982200000,0.6982600000
1790685922151,0.6982200000,0.6982500000
1790685925371,0.6982100000,0.6982400000
1790685925774,0.6982200000,0.6982400000
1790685926579,0.6982100000,0.6982400000
1790685927787,0.6982000000,0.6982300000
1790685928190,0.6982000000,0.6982400000
1790685928995,0.6982000000,0.6982300000
1790685929598,0.6981900000,0.6982300000
1790685930001,0.6982000000,0.6982400000
1790685932114,0.6982200000,0.6982500000
1790685932517,0.6982200000,0.6982600000
1790685932920,0.6982200000,0.6982500000
1790685934127,0.6982200000,0.6982400000
1790685934530,0.6982200000,0.6982500000
1790685934932,0.6982200000,0.6982400000
1790685935837,0.6982100000,0.6982400000
1790685936945,0.6982100000,0.6982300000
1790685937347,0.6982200000,0.6982500000
1790685938152,0.6982500000,0.6982700000
1790685939360,0.6982600000,0.6982900000
1790685940165,0.6982500000,0.6982800000
1790685940567,0.6982500000,0.6982700000
1790685943285,0.6982500000,0.6982800000
1790685943687,0.6982800000,0.6983100000
1790685944995,0.6982800000,0.6983000000
1790685945397,0.6982800000,0.6983100000
1790685947409,0.6982900000,0.6983200000
1790685948113,0.6982900000,0.6983100000
1790685948515,0.6982900000,0.6983200000
1790685951233,0.6982800000,0.6983000000
1790685952542,0.6982700000,0.6983000000
1790685954554,0.6982700000,0.6983100000
1790685955762,0.6982800000,0.6983100000
1790685956566,0.6982800000,0.6983200000
1790685957270,0.6982800000,0.6983100000
1790685958075,0.6982800000,0.6983200000
1790685958478,0.6982800000,0.6983100000
1790685958879,0.6982800000,0.6983200000
1790685959787,0.6982800000,0.6983100000
1790685960188,0.6982800000,0.6983100000
1790685962000,0.6982800000,0.6983000000
1790685962403,0.6982800000,0.6983100000
1790685964315,0.6982800000,0.6983200000
1790685964718,0.6982800000,0.6983100000
1790685965523,0.6982800000,0.6983200000
1790685969649,0.6982800000,0.6983100000
1790685970052,0.6982800000,0.6983200000
1790685972467,0.6982800000,0.6983100000
1790685972869,0.6982800000,0.6983200000
1790685973296,0.6982900000,0.6983200000
1790685973700,0.6983100000,0.6983300000
1790685976416,0.6983100000,0.6983200000
1790685976820,0.6983100000,0.6983300000
1790685977525,0.6983100000,0.6983200000
1790685977927,0.6983200000,0.6983500000
1790685978732,0.6983200000,0.6983400000
1790685979135,0.6983200000,0.6983500000
1790685980746,0.6983300000,0.6983600000
1790685983061,0.6983300000,0.6983500000
1790685983464,0.6983200000,0.6983400000
1790685987590,0.6983200000,0.6983300000
1790685987993,0.6983000000,0.6983400000
1790685988799,0.6983100000,0.6983400000
1790685989705,0.6983000000,0.6983400000
1790685991818,0.6983100000,0.6983400000
1790685992220,0.6983100000,0.6983500000
1790685993126,0.6983200000,0.6983500000
1790685994637,0.6982700000,0.6983000000
1790685995039,0.6983000000,0.6983300000
1790685995441,0.6983000000,0.6983400000
1790685995843,0.6983100000,0.6983400000
1790685996246,0.6983200000,0.6983500000
1790685996648,0.6983300000,0.6983500000
1790685998159,0.6983300000,0.6983600000
1790685998559,0.6983400000,0.6983700000
1790685998962,0.6983400000,0.6983600000
1790685999767,0.6983300000,0.6983600000
1790686000573,0.6983300000,0.6983500000
1790686001479,0.6983200000,0.6983400000
1790686001882,0.6983200000,0.6983500000
1790686002284,0.6983300000,0.6983700000
1790686003090,0.6983300000,0.6983600000
1790686003492,0.6983300000,0.6983500000
1790686004498,0.6983300000,0.6983700000
1790686005403,0.6983400000,0.6983700000
1790686005907,0.6983300000,0.6983700000
1790686008022,0.6983300000,0.6983600000
1790686011647,0.6983300000,0.6983500000
1790686012451,0.6983300000,0.6983700000
1790686012854,0.6983300000,0.6983600000
1790686013257,0.6983300000,0.6983700000
1790686013659,0.6983300000,0.6983600000
1790686016678,0.6983300000,0.6983500000
1790686020504,0.6983300000,0.6983500000
1790686021008,0.6983200000,0.6983400000
1790686021409,0.6983100000,0.6983400000
1790686021813,0.6983100000,0.6983300000
1790686022216,0.6983000000,0.6983200000
1790686022618,0.6983100000,0.6983300000
1790686024228,0.6983100000,0.6983400000
1790686027855,0.6983100000,0.6983300000
1790686030974,0.6983000000,0.6983300000
1790686031377,0.6982800000,0.6983000000
1790686031779,0.6982800000,0.6982900000
1790686032182,0.6982800000,0.6983000000
1790686033794,0.6982800000,0.6982900000
1790686035002,0.6982800000,0.6983000000
1790686035405,0.6982800000,0.6982900000
1790686035807,0.6982600000,0.6982800000
1790686042649,0.6982700000,0.6983000000
1790686045366,0.6982700000,0.6982900000
1790686046574,0.6982600000,0.6982900000
1790686046976,0.6982600000,0.6982800000
1790686047379,0.6982500000,0.6982700000
1790686048688,0.6982600000,0.6982900000
1790686051204,0.6982400000,0.6982600000
1790686053318,0.6982400000,0.6982700000
1790686053720,0.6982500000,0.6982700000
1790686055432,0.6982400000,0.6982700000
1790686055834,0.6982000000,0.6982200000
1790686060866,0.6982000000,0.6982300000
1790686061269,0.6982100000,0.6982300000
1790686061672,0.6982200000,0.6982500000
1790686062880,0.6982200000,0.6982600000
1790686063282,0.6982300000,0.6982600000
1790686063684,0.6982300000,0.6982500000
1790686064087,0.6982200000,0.6982500000
1790686065094,0.6982300000,0.6982600000
1790686068617,0.6982500000,0.6982700000
1790686071636,0.6982500000,0.6982800000
1790686072038,0.6982900000,0.6983200000
1790686072442,0.6983400000,0.6983600000
1790686072843,0.6984800000,0.6985200000
1790686073245,0.6984300000,0.6984700000
1790686073647,0.6984300000,0.6984600000
1790686074051,0.6984300000,0.6984500000
1790686074452,0.6984200000,0.6984400000
1790686074855,0.6983800000,0.6984100000
1790686075257,0.6983700000,0.6983900000
1790686076062,0.6983700000,0.6984000000
1790686076464,0.6983500000,0.6983800000
1790686076867,0.6983400000,0.6983600000
1790686077270,0.6983600000,0.6983800000
1790686078075,0.6983600000,0.6983700000
1790686078478,0.6983500000,0.6983700000
1790686079283,0.6983300000,0.6983500000
1790686079685,0.6983400000,0.6983600000
1790686080087,0.6983200000,0.6983400000
1790686080894,0.6983400000,0.6983600000
1790686081698,0.6983300000,0.6983600000
1790686082101,0.6983300000,0.6983500000
1790686083309,0.6983300000,0.6983400000
1790686083711,0.6983200000,0.6983400000
1790686084516,0.6983400000,0.6983600000
1790686086630,0.6983100000,0.6983300000
1790686087032,0.6983000000,0.6983200000
1790686088240,0.6983100000,0.6983300000
1790686090555,0.6983400000,0.6983600000
1790686091762,0.6983200000,0.6983400000
1790686092569,0.6983400000,0.6983600000
1790686092971,0.6983500000,0.6983700000
1790686095188,0.6983400000,0.6983700000
1790686095591,0.6983300000,0.6983400000
1790686095993,0.6983200000,0.6983400000
1790686096798,0.6983400000,0.6983600000
1790686097602,0.6983500000,0.6983700000
1790686098407,0.6983400000,0.6983600000
1790686099614,0.6983300000,0.6983500000
1790686100922,0.6983300000,0.6983400000
1790686103640,0.6983200000,0.6983400000
1790686109177,0.6983200000,0.6983300000
1790686109579,0.6983100000,0.6983300000
1790686110384,0.6983200000,0.6983400000
1790686110786,0.6983200000,0.6983300000
1790686111390,0.6983200000,0.6983400000
1790686111793,0.6983200000,0.6983300000
1790686112599,0.6982800000,0.6983000000
1790686113001,0.6982900000,0.6983100000
1790686115417,0.6982800000,0.6983100000
1790686115819,0.6982900000,0.6983100000
1790686117429,0.6982900000,0.6983200000
1790686117831,0.6983100000,0.6983200000
1790686118837,0.6983100000,0.6983300000
1790686119241,0.6983200000,0.6983400000
1790686121858,0.6983300000,0.6983500000
1790686122261,0.6983200000,0.6983400000
1790686131322,0.6983200000,0.6983300000
1790686136152,0.6983200000,0.6983400000
1790686136554,0.6983200000,0.6983300000
1790686136957,0.6983200000,0.6983400000
1790686137359,0.6983200000,0.6983300000
1790686143500,0.6983100000,0.6983200000
1790686143902,0.6983200000,0.6983400000
1790686144507,0.6983200000,0.6983300000
1790686146923,0.6983100000,0.6983300000
1790686147326,0.6983100000,0.6983400000
1790686148433,0.6983100000,0.6983300000
1790686148836,0.6983000000,0.6983300000
1790686151854,0.6982600000,0.6982800000
1790686153062,0.6982700000,0.6983000000
1790686154273,0.6982900000,0.6983100000
1790686154776,0.6982600000,0.6982900000
1790686155178,0.6982600000,0.6982800000
1790686156386,0.6982600000,0.6982900000
1790686160108,0.6982600000,0.6982800000
1790686160510,0.6982500000,0.6982900000
1790686160913,0.6982500000,0.6982800000
1790686161315,0.6982500000,0.6982700000
1790686161717,0.6982500000,0.6982800000
1790686162524,0.6982500000,0.6982700000
1790686164638,0.6982400000,0.6982700000
1790686165041,0.6982200000,0.6982500000
1790686165443,0.6982100000,0.6982400000
1790686166650,0.6982100000,0.6982300000
1790686167053,0.6981800000,0.6982100000
1790686168260,0.6981700000,0.6982000000
1790686169367,0.6981800000,0.6982000000
1790686169870,0.6981700000,0.6982000000
1790686172287,0.6981600000,0.6981900000
1790686174302,0.6981800000,0.6982000000
1790686175005,0.6981700000,0.6982000000
1790686177522,0.6981800000,0.6982000000
1790686179031,0.6981900000,0.6982200000
1790686179836,0.6981800000,0.6982100000
1790686186584,0.6981900000,0.6982100000
1790686186985,0.6982000000,0.6982300000
1790686187387,0.6982000000,0.6982400000
1790686187790,0.6982000000,0.6982300000
1790686188193,0.6982000000,0.6982400000
1790686188596,0.6981900000,0.6982200000
1790686190105,0.6981900000,0.6982300000
1790686199669,0.6981900000,0.6982200000
1790686200070,0.6981800000,0.6982000000
1790686200473,0.6981900000,0.6982100000
1790686200876,0.6982000000,0.6982200000
1790686206310,0.6982100000,0.6982300000
1790686206713,0.6982300000,0.6982600000
1790686207115,0.6982400000,0.6982600000
1790686207518,0.6982500000,0.6982700000
1790686212751,0.6982600000,0.6982800000
1790686213556,0.6982600000,0.6982700000
1790686215369,0.6982200000,0.6982400000
1790686222518,0.6982300000,0.6982500000
1790686222920,0.6982400000,0.6982700000
1790686223726,0.6982300000,0.6982700000
1790686224129,0.6982300000,0.6982500000
1790686224531,0.6982200000,0.6982400000
1790686234393,0.6982600000,0.6982800000
1790686235499,0.6982600000,0.6982900000
1790686235902,0.6982800000,0.6982900000
1790686236707,0.6982600000,0.6982900000
1790686237112,0.6982300000,0.6982500000
1790686237513,0.6982100000,0.6982300000
1790686237916,0.6982100000,0.6982200000
1790686239325,0.6982100000,0.6982300000
1790686241741,0.6982200000,0.6982300000
1790686242143,0.6982300000,0.6982500000
1790686245866,0.6982300000,0.6982400000
1790686246269,0.6982300000,0.6982500000
1790686248886,0.6982400000,0.6982600000
1790686249289,0.6982300000,0.6982400000
1790686249690,0.6982200000,0.6982400000
1790686252911,0.6982300000,0.6982500000
1790686253313,0.6982400000,0.6982600000
1790686258345,0.6982300000,0.6982500000
1790686259654,0.6982500000,0.6982800000
1790686260056,0.6982500000,0.6982800000
1790686262472,0.6982600000,0.6982800000
1790686262875,0.6982700000,0.6982900000
1790686263278,0.6982800000,0.6983000000
1790686264687,0.6982700000,0.6983000000
1790686265090,0.6982700000,0.6982900000
1790686267808,0.6982800000,0.6983000000
1790686271834,0.6982800000,0.6983100000
1790686272337,0.6982900000,0.6983100000
1790686273544,0.6982600000,0.6982800000
1790686273947,0.6982700000,0.6982900000
1790686274349,0.6982700000,0.6982800000
1790686274754,0.6982700000,0.6982900000
1790686276164,0.6982800000,0.6983000000
1790686276567,0.6982800000,0.6982900000
1790686276970,0.6982800000,0.6983000000
1790686278379,0.6982900000,0.6983000000
1790686278782,0.6982800000,0.6983000000
1790686279990,0.6982900000,0.6983100000
1790686280595,0.6982800000,0.6983100000
1790686281400,0.6982900000,0.6983200000
1790686283615,0.6983000000,0.6983300000
1790686287339,0.6982900000,0.6983100000
1790686288044,0.6982900000,0.6983200000
1790686288446,0.6982900000,0.6983100000
1790686290763,0.6982900000,0.6983200000
1790686294588,0.6983000000,0.6983200000
1790686294990,0.6982900000,0.6983100000
1790686297003,0.6982800000,0.6983100000
1790686297405,0.6982800000,0.6983000000
1790686298612,0.6982800000,0.6982900000
1790686299014,0.6982800000,0.6983000000
1790686300927,0.6982600000,0.6983000000
1790686301330,0.6982600000,0.6982900000
1790686301732,0.6982700000,0.6982900000
1790686302135,0.6982600000,0.6982900000
1790686304047,0.6982600000,0.6982800000
1790686304853,0.6982600000,0.6983000000
1790686305255,0.6982700000,0.6983000000
1790686305658,0.6982600000,0.6982900000
1790686306060,0.6982600000,0.6982800000
1790686306463,0.6982600000,0.6982900000
1790686306966,0.6982700000,0.6982900000
1790686308576,0.6982700000,0.6983000000
1790686308979,0.6982800000,0.6983000000
1790686309481,0.6982800000,0.6983100000
1790686310287,0.6982700000,0.6983000000
1790686311495,0.6982700000,0.6983100000
1790686311898,0.6982700000,0.6983000000
1790686312706,0.6982700000,0.6983100000
1790686313108,0.6982700000,0.6983000000
1790686313511,0.6982800000,0.6983100000
1790686315222,0.6982800000,0.6983200000
1790686315626,0.6982800000,0.6983100000
1790686317036,0.6982800000,0.6983000000
1790686317438,0.6982700000,0.6983000000
1790686317840,0.6982700000,0.6982900000
1790686319954,0.6982700000,0.6982800000
1790686321160,0.6982600000,0.6982800000
1790686322874,0.6982500000,0.6982700000
1790686323278,0.6982600000,0.6982700000
1790686324383,0.6982300000,0.6982600000
1790686324785,0.6982400000,0.6982600000
1790686325188,0.6982600000,0.6982800000
1790686325993,0.6982600000,0.6982900000
1790686327703,0.6982600000,0.6982800000
1790686329414,0.6982600000,0.6982900000
1790686331729,0.6982600000,0.6983000000
1790686332132,0.6982700000,0.6982900000
1790686332534,0.6982700000,0.6983100000
1790686335152,0.6982600000,0.6982900000
1790686336060,0.6982600000,0.6982800000
1790686336462,0.6982600000,0.6982900000
1790686338677,0.6983000000,0.6983200000
1790686339682,0.6982900000,0.6983200000
1790686340084,0.6982800000,0.6983200000
1790686340487,0.6982800000,0.6983000000
1790686343304,0.6982700000,0.6983000000
1790686343710,0.6982600000,0.6982900000
1790686344112,0.6982600000,0.6982800000
1790686344515,0.6982700000,0.6983000000
1790686345623,0.6982700000,0.6983100000
1790686346025,0.6982700000,0.6983000000
1790686346428,0.6982700000,0.6982900000
1790686346830,0.6982700000,0.6983000000
1790686348038,0.6982800000,0.6983000000
1790686349850,0.6982700000,0.6983000000
1790686350254,0.6982700000,0.6982900000
1790686350656,0.6982600000,0.6982800000
1790686351763,0.6982800000,0.6982900000
1790686352166,0.6982700000,0.6982900000
1790686360723,0.6982600000,0.6982800000
1790686364446,0.6982600000,0.6982700000
1790686364849,0.6982400000,0.6982600000
1790686367766,0.6982300000,0.6982500000
1790686368170,0.6982400000,0.6982600000
1790686369074,0.6982400000,0.6982700000
1790686369578,0.6982500000,0.6982700000
1790686370787,0.6982400000,0.6982600000
1790686371190,0.6982500000,0.6982700000
1790686373003,0.6982500000,0.6982600000
1790686373406,0.6982200000,0.6982500000
1790686373808,0.6982300000,0.6982500000
1790686374211,0.6982500000,0.6982700000
1790686375319,0.6982000000,0.6982200000
1790686375721,0.6981900000,0.6982200000
1790686376123,0.6982000000,0.6982300000
1790686379041,0.6982300000,0.6982400000
1790686379846,0.6982200000,0.6982400000
1790686380249,0.6982200000,0.6982400000
1790686386693,0.6982200000,0.6982500000
1790686387095,0.6982000000,0.6982200000
1790686387899,0.6982100000,0.6982200000
1790686388302,0.6982000000,0.6982200000
1790686389610,0.6982000000,0.6982300000
1790686390013,0.6982100000,0.6982300000
1790686391421,0.6982200000,0.6982300000
1790686392629,0.6982100000,0.6982300000
1790686401286,0.6982100000,0.6982200000
1790686401790,0.6982100000,0.6982300000
1790686405914,0.6982200000,0.6982400000
1790686416178,0.6982200000,0.6982300000
1790686417084,0.6982100000,0.6982200000
1790686417487,0.6982200000,0.6982300000
1790686417888,0.6982200000,0.6982400000
1790686418694,0.6982300000,0.6982500000
1790686426745,0.6982600000,0.6982700000
1790686429262,0.6982600000,0.6982800000
1790686429665,0.6982700000,0.6982900000
1790686432081,0.6982600000,0.6982800000
1790686432483,0.6982600000,0.6983000000
1790686432886,0.6982800000,0.6983000000
1790686433893,0.6982800000,0.6982900000
1790686434296,0.6982800000,0.6983000000
1790686434699,0.6982900000,0.6983100000
1790686437418,0.6983100000,0.6983300000
1790686438223,0.6983300000,0.6983500000
1790686439129,0.6983400000,0.6983600000
1790686439532,0.6983500000,0.6983700000
1790686439935,0.6983600000,0.6983800000
1790686440337,0.6983600000,0.6983800000
1790686440742,0.6984000000,0.6984200000
1790686441144,0.6984000000,0.6984100000
1790686441548,0.6983800000,0.6984000000
1790686441953,0.6984000000,0.6984100000
1790686442657,0.6984000000,0.6984200000
1790686443059,0.6984400000,0.6984600000
1790686443462,0.6984600000,0.6984800000
1790686444267,0.6984800000,0.6985000000
1790686444669,0.6984700000,0.6984900000
1790686445071,0.6984800000,0.6985000000
1790686445474,0.6984900000,0.6985100000
1790686445877,0.6985600000,0.6985800000
1790686446279,0.6985900000,0.6986100000
1790686447084,0.6986200000,0.6986400000
1790686447487,0.6985700000,0.6985900000
1790686448293,0.6986200000,0.6986400000
1790686449099,0.6986300000,0.6986500000
1790686449501,0.6986500000,0.6986800000
1790686449903,0.6986300000,0.6986500000
1790686450306,0.6986200000,0.6986500000
1790686451110,0.6986500000,0.6986700000
1790686451513,0.6986300000,0.6986500000
1790686451916,0.6986000000,0.6986200000
1790686452319,0.6985900000,0.6986200000
1790686453023,0.6985800000,0.6986100000
1790686454733,0.6985800000,0.6985900000
1790686455140,0.6985900000,0.6986100000
1790686456145,0.6985800000,0.6986200000
1790686456547,0.6985700000,0.6986000000
1790686456950,0.6985900000,0.6986200000
1790686457353,0.6985800000,0.6986000000
1790686458562,0.6985800000,0.6985900000
1790686458965,0.6985400000,0.6985600000
1790686459469,0.6985500000,0.6985600000
1790686459871,0.6985400000,0.6985600000
1790686461985,0.6985200000,0.6985500000
1790686463594,0.6985200000,0.6985400000
1790686463997,0.6985200000,0.6985500000
1790686464802,0.6985200000,0.6985400000
1790686465205,0.6985200000,0.6985500000
1790686465607,0.6985300000,0.6985500000
1790686466312,0.6985300000,0.6985400000
1790686466714,0.6985200000,0.6985500000
1790686467117,0.6985600000,0.6985800000
1790686467720,0.6985600000,0.6985900000
1790686469935,0.6985400000,0.6985600000
1790686470740,0.6985400000,0.6985700000
1790686471142,0.6985400000,0.6985600000
1790686472451,0.6985500000,0.6985700000
1790686472853,0.6985300000,0.6985600000
1790686473659,0.6985200000,0.6985500000
1790686474967,0.6985300000,0.6985600000
1790686475470,0.6985400000,0.6985600000
1790686475973,0.6985300000,0.6985600000
1790686476375,0.6985300000,0.6985500000
1790686476778,0.6985200000,0.6985500000
1790686477180,0.6985100000,0.6985400000
1790686479094,0.6985100000,0.6985300000
1790686479497,0.6984900000,0.6985200000
1790686480705,0.6985000000,0.6985300000
1790686481511,0.6984800000,0.6985100000
1790686482719,0.6984700000,0.6984900000
1790686483121,0.6984800000,0.6985100000
1790686484329,0.6984800000,0.6985000000
1790686484731,0.6984700000,0.6984900000
1790686486544,0.6984700000,0.6985000000
1790686486946,0.6984700000,0.6984900000
1790686487349,0.6984400000,0.6984700000
1790686488556,0.6984500000,0.6984700000
1790686488959,0.6984700000,0.6984900000
1790686489764,0.6984700000,0.6985000000
1790686490972,0.6984700000,0.6984900000
1790686491374,0.6984700000,0.6985000000
1790686491777,0.6984700000,0.6984900000
1790686492584,0.6984600000,0.6984800000
1790686493792,0.6984600000,0.6984900000
1790686494195,0.6984700000,0.6984900000
1790686496911,0.6984700000,0.6985000000
1790686500232,0.6984700000,0.6985000000
1790686501540,0.6984600000,0.6984900000
1790686502346,0.6984600000,0.6984800000
1790686502748,0.6984700000,0.6984900000
1790686505065,0.6984400000,0.6984700000
1790686505467,0.6984500000,0.6984800000
1790686505869,0.6984700000,0.6985000000
1790686510095,0.6984600000,0.6984900000
1790686510498,0.6984600000,0.6984800000
1790686510900,0.6984600000,0.6984900000
1790686513920,0.6984800000,0.6985100000
1790686515129,0.6984700000,0.6985000000
1790686515532,0.6984700000,0.6984900000
1790686517845,0.6984700000,0.6985000000
1790686519757,0.6984600000,0.6985000000
1790686520159,0.6984600000,0.6984900000
1790686520562,0.6984600000,0.6984800000
1790686520964,0.6984500000,0.6984700000
1790686521569,0.6984400000,0.6984700000
1790686522172,0.6984400000,0.6984600000
1790686522575,0.6984800000,0.6985000000
1790686525090,0.6984600000,0.6984900000
1790686525493,0.6984600000,0.6984700000
1790686525895,0.6984600000,0.6984800000
1790686526298,0.6984600000,0.6984700000
1790686527104,0.6984600000,0.6984800000
1790686527909,0.6984800000,0.6985100000
1790686528716,0.6984900000,0.6985200000
1790686529118,0.6984900000,0.6985300000
1790686529520,0.6984800000,0.6985000000
1790686529923,0.6984800000,0.6985200000
1790686530326,0.6984800000,0.6985100000
1790686531030,0.6984800000,0.6985000000
1790686531433,0.6984400000,0.6984600000
1790686531836,0.6984300000,0.6984500000
1790686532238,0.6984500000,0.6984700000
1790686533042,0.6984300000,0.6984500000
1790686533847,0.6984400000,0.6984500000
1790686534250,0.6984500000,0.6984700000
1790686536665,0.6984400000,0.6984600000
1790686537068,0.6984400000,0.6984500000
1790686537973,0.6984600000,0.6984800000
1790686538679,0.6985300000,0.6985500000
1790686539081,0.6985200000,0.6985400000
1790686539483,0.6985300000,0.6985500000
1790686539885,0.6985800000,0.6986000000
1790686540288,0.6985400000,0.6985600000
1790686540690,0.6985300000,0.6985500000
1790686542000,0.6985200000,0.6985400000
1790686542806,0.6985400000,0.6985600000
1790686543610,0.6985600000,0.6985900000
1790686544013,0.6985700000,0.6986000000
1790686544416,0.6985900000,0.6986100000
1790686544818,0.6986100000,0.6986200000
1790686545221,0.6986300000,0.6986500000
1790686545623,0.6985900000,0.6986100000
1790686546026,0.6985800000,0.6985900000
1790686546428,0.6985600000,0.6985800000
1790686546831,0.6985400000,0.6985600000
1790686547636,0.6985300000,0.6985500000
1790686548039,0.6985200000,0.6985400000
1790686548844,0.6984700000,0.6984900000
1790686549548,0.6984800000,0.6985000000
1790686550052,0.6984900000,0.6985100000
1790686550454,0.6984900000,0.6985000000
1790686550856,0.6984600000,0.6984700000
1790686551260,0.6984600000,0.6984800000
1790686551662,0.6984500000,0.6984600000
1790686552064,0.6984600000,0.6984800000
1790686552467,0.6984700000,0.6984900000
1790686553272,0.6984500000,0.6984700000
1790686553675,0.6984500000,0.6984600000
1790686554078,0.6984400000,0.6984600000
1790686554883,0.6984300000,0.6984500000
1790686556192,0.6984300000,0.6984600000
1790686556595,0.6984400000,0.6984600000
1790686557704,0.6984300000,0.6984500000
1790686559314,0.6984400000,0.6984600000
1790686559717,0.6984500000,0.6984700000
1790686560119,0.6984500000,0.6984700000
1790686560523,0.6984400000,0.6984600000
1790686561832,0.6984400000,0.6984500000
1790686562235,0.6984200000,0.6984400000
1790686563443,0.6984700000,0.6984900000
1790686563846,0.6984900000,0.6985100000
1790686564249,0.6985000000,0.6985200000
1790686564652,0.6984900000,0.6985100000
1790686565558,0.6985000000,0.6985200000
1790686565961,0.6985100000,0.6985300000
1790686567774,0.6984900000,0.6985100000
1790686571802,0.6984500000,0.6984700000
1790686574040,0.6984400000,0.6984600000
1790686575148,0.6984500000,0.6984700000
1790686575955,0.6984400000,0.6984600000
1790686578069,0.6984300000,0.6984500000
1790686579076,0.6983900000,0.6984100000
1790686579478,0.6983800000,0.6984000000
1790686579880,0.6983900000,0.6984100000
1790686580283,0.6984000000,0.6984200000
1790686581088,0.6983900000,0.6984100000
1790686583101,0.6984000000,0.6984200000
1790686583906,0.6983900000,0.6984100000
1790686589643,0.6983800000,0.6984000000
1790686590046,0.6983900000,0.6984100000
1790686590449,0.6983800000,0.6984000000
1790686590850,0.6983900000,0.6984100000
1790686594173,0.6984000000,0.6984200000
1790686594978,0.6983900000,0.6984100000
1790686596487,0.6983800000,0.6984000000
1790686597392,0.6983300000,0.6983600000
1790686603733,0.6983200000,0.6983400000
1790686605444,0.6983100000,0.6983400000
1790686605847,0.6983100000,0.6983300000
1790686610274,0.6982800000,0.6983100000
1790686611582,0.6983000000,0.6983100000
1790686611984,0.6983000000,0.6983200000
1790686612387,0.6982800000,0.6983100000
1790686612789,0.6982900000,0.6983100000
1790686613192,0.6982900000,0.6983200000
1790686613595,0.6982900000,0.6983100000
1790686613998,0.6983000000,0.6983200000
1790686614400,0.6983000000,0.6983100000
1790686614803,0.6983000000,0.6983200000
1790686616313,0.6983000000,0.6983100000
1790686616715,0.6982900000,0.6983100000
1790686617519,0.6983100000,0.6983200000
1790686617922,0.6983200000,0.6983300000
1790686618928,0.6983200000,0.6983400000
1790686620840,0.6983300000,0.6983400000
1790686621243,0.6983200000,0.6983400000
1790686623156,0.6983200000,0.6983300000
1790686623961,0.6983100000,0.6983300000
1790686624364,0.6983100000,0.6983200000
1790686624766,0.6983100000,0.6983300000
1790686628790,0.6983100000,0.6983200000
1790686629193,0.6983100000,0.6983300000
1790686629696,0.6982900000,0.6983300000
1790686630098,0.6982600000,0.6982800000
1790686634628,0.6982700000,0.6982800000
1790686635030,0.6982700000,0.6982900000
1790686635737,0.6982800000,0.6982900000
1790686636138,0.6983100000,0.6983300000
1790686645195,0.6983200000,0.6983400000
1790686645598,0.6983300000,0.6983500000
1790686646000,0.6983400000,0.6983600000
1790686646806,0.6983300000,0.6983600000
1790686647209,0.6983300000,0.6983500000
1790686647611,0.6983500000,0.6983700000
1790686648014,0.6983400000,0.6983600000
1790686649623,0.6983300000,0.6983500000
1790686650026,0.6983200000,0.6983400000
1790686650428,0.6982700000,0.6982900000
1790686652039,0.6983000000,0.6983100000
1790686652442,0.6983000000,0.6983200000
1790686652844,0.6983400000,0.6983500000
1790686653246,0.6983500000,0.6983600000
1790686654153,0.6983400000,0.6983600000
1790686654555,0.6983500000,0.6983600000
1790686655766,0.6983400000,0.6983500000
1790686656068,0.6983300000,0.6983500000
1790686656572,0.6983200000,0.6983400000
1790686656873,0.6983300000,0.6983400000
1790686657277,0.6983300000,0.6983500000
1790686657778,0.6983400000,0.6983500000
1790686658181,0.6983300000,0.6983500000
1790686658583,0.6983200000,0.6983400000
1790686662812,0.6983300000,0.6983400000
1790686663214,0.6983200000,0.6983400000
1790686666638,0.6983200000,0.6983300000
1790686667040,0.6983100000,0.6983200000
1790686668248,0.6982700000,0.6982900000
1790686672979,0.6982700000,0.6982800000
1790686673382,0.6982700000,0.6982900000
1790686675093,0.6982700000,0.6982800000
1790686675496,0.6981900000,0.6982100000
1790686675898,0.6982000000,0.6982100000
1790686676301,0.6982000000,0.6982200000
1790686676703,0.6981900000,0.6982100000
1790686677912,0.6982200000,0.6982400000
1790686678315,0.6982300000,0.6982500000
1790686679121,0.6982200000,0.6982400000
1790686680328,0.6982200000,0.6982400000
1790686680731,0.6982000000,0.6982100000
1790686681133,0.6981600000,0.6981800000
1790686683549,0.6981800000,0.6982000000
1790686684354,0.6981700000,0.6981900000
1790686685160,0.6981800000,0.6982000000
1790686685964,0.6981700000,0.6981900000
1790686688882,0.6981800000,0.6982000000
1790686689285,0.6981900000,0.6982100000
1790686692907,0.6981900000,0.6982200000
1790686693310,0.6982000000,0.6982200000
1790686694922,0.6981900000,0.6982100000
1790686695325,0.6982000000,0.6982200000
1790686695730,0.6982200000,0.6982300000
1790686697542,0.6982100000,0.6982300000
1790686697944,0.6982200000,0.6982300000
1790686698347,0.6982100000,0.6982300000
1790686699353,0.6982200000,0.6982300000
1790686703281,0.6982100000,0.6982300000
1790686704085,0.6982200000,0.6982300000
1790686704789,0.6982100000,0.6982300000
1790686707205,0.6981900000,0.6982200000
1790686708009,0.6982200000,0.6982300000
1790686708412,0.6982300000,0.6982400000
1790686708814,0.6982300000,0.6982500000
1790686710929,0.6982400000,0.6982600000
1790686711231,0.6982500000,0.6982600000
1790686711633,0.6982400000,0.6982600000
1790686712539,0.6982300000,0.6982600000
1790686712941,0.6982300000,0.6982500000
1790686714552,0.6982100000,0.6982400000
1790686715057,0.6982100000,0.6982500000
1790686715460,0.6982300000,0.6982500000
1790686717774,0.6982300000,0.6982600000
1790686718579,0.6982400000,0.6982600000
1790686725020,0.6982500000,0.6982700000
1790686731361,0.6982400000,0.6982700000
1790686731764,0.6982300000,0.6982500000
1790686732569,0.6982500000,0.6982700000
1790686732970,0.6982400000,0.6982600000
1790686736090,0.6982500000,0.6982600000
1790686736493,0.6982400000,0.6982600000
1790686737901,0.6982500000,0.6982700000
1790686739915,0.6982400000,0.6982600000
1790686740720,0.6982500000,0.6982800000
1790686743138,0.6982700000,0.6982900000
1790686747465,0.6982600000,0.6982800000
1790686747867,0.6982400000,0.6982600000
1790686748269,0.6982500000,0.6982700000
1790686748672,0.6982500000,0.6982800000
1790686749476,0.6982700000,0.6982800000
1790686749879,0.6982400000,0.6982600000
1790686751489,0.6982500000,0.6982700000
1790686754006,0.6982400000,0.6982600000
1790686755616,0.6982200000,0.6982400000
1790686756425,0.6982300000,0.6982400000
1790686756825,0.6982200000,0.6982400000
1790686759240,0.6982100000,0.6982300000
1790686760449,0.6982200000,0.6982300000
1790686762864,0.6982300000,0.6982400000
1790686765280,0.6982200000,0.6982400000
1790686769711,0.6982100000,0.6982400000
1790686770114,0.6982100000,0.6982300000
1790686770918,0.6982200000,0.6982400000
1790686771724,0.6982300000,0.6982500000
1790686772126,0.6982100000,0.6982300000
1790686772529,0.6982200000,0.6982300000
1790686773938,0.6982300000,0.6982500000
1790686776053,0.6982200000,0.6982400000
1790686781690,0.6982100000,0.6982300000
1790686782797,0.6982000000,0.6982200000
1790686783199,0.6981900000,0.6982100000
1790686786220,0.6981800000,0.6982000000
1790686787428,0.6981900000,0.6982100000
1790686793063,0.6981700000,0.6982000000
1790686794271,0.6981800000,0.6982000000
1790686795177,0.6981700000,0.6982000000
1790686795579,0.6981700000,0.6981900000
1790686795982,0.6981700000,0.6982000000
1790686796385,0.6981800000,0.6982000000
1790686799104,0.6981900000,0.6982100000
1790686799908,0.6981800000,0.6982100000
1790686800311,0.6981700000,0.6982000000
1790686802827,0.6981700000,0.6981900000
1790686803229,0.6981600000,0.6981900000
1790686803632,0.6981700000,0.6982000000
1790686808565,0.6981600000,0.6981800000
1790686809772,0.6981700000,0.6981800000
1790686810175,0.6981700000,0.6982000000
1790686811382,0.6982100000,0.6982300000
1790686814300,0.6982200000,0.6982400000
1790686815911,0.6982300000,0.6982500000
1790686817121,0.6982400000,0.6982600000
1790686819035,0.6982300000,0.6982600000
1790686819438,0.6982200000,0.6982400000
1790686820645,0.6982200000,0.6982500000
1790686821047,0.6982600000,0.6982900000
1790686821450,0.6982600000,0.6983000000
1790686821852,0.6982600000,0.6982900000
1790686822658,0.6982600000,0.6982800000
1790686823061,0.6982600000,0.6982900000
1790686823866,0.6982600000,0.6982800000
1790686824269,0.6982600000,0.6982900000
1790686825981,0.6982700000,0.6983000000
1790686826385,0.6982600000,0.6983000000
1790686827692,0.6982700000,0.6983000000
1790686828497,0.6982700000,0.6983100000
1790686829606,0.6982700000,0.6983000000
1790686830411,0.6982700000,0.6983100000
1790686830814,0.6982700000,0.6983000000
1790686831216,0.6982700000,0.6983100000
1790686831619,0.6982800000,0.6983100000
1790686832022,0.6982700000,0.6983100000
1790686833431,0.6983100000,0.6983400000
1790686833833,0.6983200000,0.6983400000
1790686834839,0.6983200000,0.6983500000
1790686838765,0.6983200000,0.6983400000
1790686839168,0.6983200000,0.6983300000
1790686839570,0.6983200000,0.6983400000
1790686840879,0.6983300000,0.6983700000
1790686841282,0.6983400000,0.6983700000
1790686841684,0.6983300000,0.6983600000
1790686842087,0.6983500000,0.6983700000
1790686842490,0.6983500000,0.6983800000
1790686842892,0.6983500000,0.6983700000
1790686844100,0.6983500000,0.6983900000
1790686844503,0.6983500000,0.6983700000
1790686845108,0.6983400000,0.6983700000
1790686846716,0.6983500000,0.6983900000
1790686847120,0.6983600000,0.6983800000
1790686847523,0.6983600000,0.6983900000
1790686847925,0.6983500000,0.6983800000
1790686848932,0.6983600000,0.6983800000
1790686849334,0.6983500000,0.6983800000
1790686849737,0.6983500000,0.6983700000
1790686850141,0.6983500000,0.6983800000
1790686851751,0.6983600000,0.6983800000
1790686852155,0.6983500000,0.6983800000
1790686853562,0.6983600000,0.6983800000
1790686854367,0.6983500000,0.6983800000
1790686855574,0.6983600000,0.6983800000
1790686855976,0.6983600000,0.6983900000
1790686857487,0.6983600000,0.6983800000
1790686857890,0.6983500000,0.6983700000
1790686860305,0.6983500000,0.6983700000
1790686862418,0.6983600000,0.6983800000
1790686870068,0.6983700000,0.6983800000
1790686870471,0.6983600000,0.6983800000
1790686872081,0.6983700000,0.6983800000
1790686874094,0.6983600000,0.6983800000
1790686876309,0.6983500000,0.6983700000
1790686876713,0.6983400000,0.6983600000
1790686877519,0.6983600000,0.6983800000
1790686889699,0.6983200000,0.6983400000
1790686891509,0.6983100000,0.6983300000
1790686898353,0.6983100000,0.6983400000
1790686898755,0.6983200000,0.6983400000
1790686900768,0.6983100000,0.6983300000
1790686903487,0.6983300000,0.6983400000
1790686903889,0.6983100000,0.6983300000
1790686904292,0.6983300000,0.6983500000
1790686905600,0.6983200000,0.6983400000
1790686907210,0.6983300000,0.6983500000
1790686909524,0.6983400000,0.6983600000
1790686910631,0.6983600000,0.6983800000
1790686912644,0.6984000000,0.6984200000
1790686913047,0.6984100000,0.6984300000
1790686913852,0.6984200000,0.6984400000
1790686915060,0.6984600000,0.6984700000
1790686915462,0.6984600000,0.6984800000
1790686915865,0.6984700000,0.6984900000
1790686916267,0.6984700000,0.6985000000
1790686916670,0.6984800000,0.6985000000
1790686917474,0.6984700000,0.6984800000
1790686917876,0.6984800000,0.6985000000
1790686918279,0.6984800000,0.6984900000
1790686920192,0.6984800000,0.6984900000
1790686921098,0.6984700000,0.6984900000
1790686921500,0.6984600000,0.6984800000
1790686923818,0.6984500000,0.6984800000
1790686924220,0.6984100000,0.6984300000
1790686924624,0.6984200000,0.6984400000
1790686926034,0.6984300000,0.6984500000
1790686926840,0.6984400000,0.6984600000
1790686927242,0.6984300000,0.6984500000
1790686928551,0.6984400000,0.6984600000
1790686928953,0.6984200000,0.6984500000
1790686929356,0.6984300000,0.6984500000
1790686930161,0.6984300000,0.6984600000
1790686930966,0.6984300000,0.6984500000
1790686931469,0.6984300000,0.6984600000
1790686931872,0.6984400000,0.6984600000
1790686932274,0.6984200000,0.6984500000
1790686933080,0.6984300000,0.6984500000
1790686934288,0.6984300000,0.6984600000
1790686934690,0.6984300000,0.6984500000
1790686935193,0.6984300000,0.6984600000
1790686936606,0.6984000000,0.6984200000
1790686939626,0.6984000000,0.6984300000
1790686941639,0.6984000000,0.6984200000
1790686942042,0.6984200000,0.6984400000
1790686942445,0.6984200000,0.6984300000
1790686942849,0.6984000000,0.6984300000
1790686944057,0.6984000000,0.6984200000
1790686944459,0.6984000000,0.6984300000
1790686947177,0.6984000000,0.6984200000
1790686947579,0.6984000000,0.6984300000
1790686948082,0.6983900000,0.6984100000
1790686951000,0.6983700000,0.6983900000
1790686951402,0.6983400000,0.6983700000
1790686951805,0.6983500000,0.6983700000
1790686953013,0.6983400000,0.6983700000
1790686953416,0.6983200000,0.6983400000
1790686953817,0.6983300000,0.6983600000
1790686954220,0.6983400000,0.6983600000
1790686955025,0.6983300000,0.6983600000
1790686955832,0.6983200000,0.6983300000
1790686959755,0.6983100000,0.6983200000
1790686960157,0.6983200000,0.6983300000
1790686961063,0.6983100000,0.6983300000
1790686963278,0.6983200000,0.6983300000
1790686965392,0.6983100000,0.6983300000
1790686967707,0.6983200000,0.6983400000
1790686969719,0.6983100000,0.6983400000
1790686970122,0.6983200000,0.6983400000
1790686975862,0.6983100000,0.6983400000
1790686977674,0.6983100000,0.6983300000
1790686979284,0.6983100000,0.6983200000
1790686979687,0.6983100000,0.6983300000
1790686980895,0.6983100000,0.6983300000
1790686981297,0.6982900000,0.6983200000
1790686981801,0.6982700000,0.6982900000
1790686983110,0.6982700000,0.6982800000
1790686983513,0.6982900000,0.6983100000
1790686986329,0.6982900000,0.6983200000
1790686986731,0.6983100000,0.6983300000
1790686987134,0.6983300000,0.6983500000
1790686988341,0.6983000000,0.6983200000
1790686992368,0.6982800000,0.6983100000
1790686994783,0.6983100000,0.6983300000
1790686995186,0.6983000000,0.6983200000
1790686995588,0.6982900000,0.6983100000
1790686995991,0.6983000000,0.6983200000
1790687000122,0.6983000000,0.6983300000
1790687000524,0.6983100000,0.6983300000
1790687000927,0.6983000000,0.6983200000
1790687003745,0.6983100000,0.6983300000
1790687008576,0.6983100000,0.6983200000
1790687008978,0.6983100000,0.6983300000
1790687015120,0.6983200000,0.6983400000
1790687020453,0.6983000000,0.6983100000
1790687020956,0.6982600000,0.6982800000
1790687022970,0.6982900000,0.6983100000
1790687033639,0.6982700000,0.6982900000
1790687034848,0.6982800000,0.6982900000
1790687035452,0.6982800000,0.6983100000
1790687035853,0.6982900000,0.6983100000
1790687037363,0.6982800000,0.6983000000
1790687040182,0.6982800000,0.6983000000
1790687040988,0.6982900000,0.6983000000
1790687041391,0.6982800000,0.6983000000
1790687042600,0.6982900000,0.6983100000
1790687045320,0.6982800000,0.6983100000
1790687045722,0.6982700000,0.6982900000
1790687046124,0.6982600000,0.6982800000
1790687048038,0.6982700000,0.6982900000
1790687048441,0.6982800000,0.6983000000
1790687050957,0.6982700000,0.6982900000
1790687051460,0.6982600000,0.6982800000
1790687052670,0.6982400000,0.6982600000
1790687053476,0.6982500000,0.6982700000
1790687055390,0.6982400000,0.6982600000
1790687055892,0.6982400000,0.6982700000
1790687056295,0.6982600000,0.6982800000
1790687057506,0.6982700000,0.6982900000
1790687064448,0.6982700000,0.6983000000
1790687064851,0.6982700000,0.6982900000
1790687065253,0.6982700000,0.6983000000
1790687065657,0.6982900000,0.6983200000
1790687066059,0.6982900000,0.6983100000
1790687067369,0.6982900000,0.6983200000
1790687067872,0.6983000000,0.6983200000
1790687068274,0.6983100000,0.6983300000
1790687069483,0.6983100000,0.6983400000
1790687070287,0.6983100000,0.6983300000
1790687071193,0.6983100000,0.6983200000
1790687071595,0.6983100000,0.6983300000
1790687071998,0.6983100000,0.6983200000
1790687072401,0.6983100000,0.6983300000
1790687073507,0.6983100000,0.6983400000
1790687073909,0.6983100000,0.6983500000
1790687075519,0.6983200000,0.6983500000
1790687077332,0.6983200000,0.6983400000
1790687080453,0.6983200000,0.6983500000
1790687085991,0.6983100000,0.6983300000
1790687086795,0.6983100000,0.6983400000
1790687089412,0.6983100000,0.6983300000
1790687090721,0.6983100000,0.6983400000
1790687091124,0.6983200000,0.6983500000
1790687092333,0.6983100000,0.6983300000
1790687092735,0.6983100000,0.6983500000
1790687093138,0.6983200000,0.6983500000
1790687093540,0.6983200000,0.6983600000
1790687093943,0.6983400000,0.6983700000
1790687099779,0.6983500000,0.6983800000
1790687100181,0.6983600000,0.6983900000
1790687100583,0.6983700000,0.6983900000
1790687102999,0.6983700000,0.6984000000
1790687103402,0.6983700000,0.6983900000
1790687107125,0.6983700000,0.6984000000
1790687108031,0.6983700000,0.6983900000
1790687111854,0.6983700000,0.6984000000
1790687112257,0.6983700000,0.6983900000
1790687114975,0.6983700000,0.6984000000
1790687115379,0.6983700000,0.6983900000
1790687115781,0.6983700000,0.6984000000
1790687116284,0.6983700000,0.6983900000
1790687119406,0.6983700000,0.6984000000
1790687119809,0.6983700000,0.6983900000
1790687122426,0.6983700000,0.6984000000
1790687122828,0.6983700000,0.6983900000
1790687123231,0.6983700000,0.6984000000
1790687123633,0.6983700000,0.6983900000
1790687126753,0.6983700000,0.6984000000
1790687127156,0.6983700000,0.6983900000
1790687127558,0.6983700000,0.6984000000
1790687128365,0.6983700000,0.6983900000
1790687128767,0.6983600000,0.6983800000
1790687129170,0.6983600000,0.6983900000
1790687129975,0.6983600000,0.6983800000
1790687130579,0.6983600000,0.6983900000
1790687131285,0.6983600000,0.6983800000
1790687131688,0.6983600000,0.6984000000
1790687132091,0.6984100000,0.6984400000
1790687132897,0.6984100000,0.6984300000
1790687133300,0.6984100000,0.6984400000
1790687133702,0.6984200000,0.6984500000
1790687134912,0.6984200000,0.6984400000
1790687135314,0.6984200000,0.6984500000
1790687135716,0.6984100000,0.6984300000
1790687137326,0.6984100000,0.6984400000
1790687137729,0.6984500000,0.6984800000
1790687138132,0.6984700000,0.6985100000
1790687138536,0.6984800000,0.6985100000
1790687139340,0.6984800000,0.6985200000
1790687139743,0.6984800000,0.6985100000
1790687141054,0.6984800000,0.6985200000
1790687141456,0.6984900000,0.6985200000
1790687141858,0.6984900000,0.6985100000
1790687145381,0.6984900000,0.6985200000
1790687149609,0.6984800000,0.6985000000
1790687151825,0.6984600000,0.6984900000
1790687152630,0.6984700000,0.6984900000
1790687153032,0.6984800000,0.6985200000
1790687153435,0.6984900000,0.6985200000
1790687153839,0.6984800000,0.6985100000
1790687154242,0.6984800000,0.6985000000
1790687154644,0.6984800000,0.6985100000
1790687156255,0.6984800000,0.6985200000
1790687157362,0.6984800000,0.6985100000
1790687158166,0.6984900000,0.6985100000
1790687158569,0.6984900000,0.6985200000
1790687160481,0.6984900000,0.6985200000
1790687161286,0.6984800000,0.6985200000
1790687162193,0.6984800000,0.6985100000
1790687163502,0.6984900000,0.6985100000
1790687163905,0.6985000000,0.6985200000
1790687164709,0.6985000000,0.6985100000
1790687165112,0.6984900000,0.6985200000
1790687165514,0.6984900000,0.6985100000
1790687165916,0.6984900000,0.6985200000
1790687169843,0.6984900000,0.6985100000
1790687172258,0.6984900000,0.6985200000
1790687173691,0.6984900000,0.6985100000
1790687174094,0.6984900000,0.6985200000
1790687177116,0.6984900000,0.6985100000
1790687177519,0.6984800000,0.6985100000
1790687179531,0.6984900000,0.6985200000
1790687184664,0.6985000000,0.6985300000
1790687185470,0.6985000000,0.6985200000
1790687187684,0.6984900000,0.6985300000
1790687188087,0.6984900000,0.6985100000
1790687188490,0.6984900000,0.6985200000
1790687188892,0.6984900000,0.6985300000
1790687189295,0.6984900000,0.6985200000
1790687192719,0.6984900000,0.6985100000
1790687193524,0.6985000000,0.6985300000
1790687194732,0.6985000000,0.6985200000
1790687195134,0.6985000000,0.6985300000
1790687195537,0.6985000000,0.6985200000
1790687197955,0.6985000000,0.6985300000
1790687199666,0.6985100000,0.6985400000
1790687200069,0.6985100000,0.6985300000
1790687200471,0.6984900000,0.6985200000
1790687200874,0.6984900000,0.6985300000
1790687201277,0.6984900000,0.6985200000
1790687204800,0.6984900000,0.6985300000
1790687205907,0.6984900000,0.6985200000
1790687206309,0.6985000000,0.6985300000
1790687207721,0.6985100000,0.6985400000
1790687209533,0.6985100000,0.6985500000
1790687209936,0.6985200000,0.6985500000
1790687211144,0.6985200000,0.6985600000
1790687213561,0.6985300000,0.6985600000
1790687213964,0.6985600000,0.6985900000
1790687214367,0.6985500000,0.6985800000
1790687215173,0.6985700000,0.6986000000
1790687215575,0.6985600000,0.6986000000
1790687219097,0.6985600000,0.6985900000
1790687219500,0.6985600000,0.6986000000
1790687220506,0.6985600000,0.6986000000
1790687221915,0.6985600000,0.6985900000
1790687222720,0.6985600000,0.6986000000
1790687223524,0.6985600000,0.6985900000
1790687224732,0.6985600000,0.6986000000
1790687225537,0.6985700000,0.6986000000
1790687227147,0.6985600000,0.6985900000
1790687232281,0.6985600000,0.6985800000
1790687232683,0.6985600000,0.6985900000
1790687233891,0.6985600000,0.6985800000
1790687237218,0.6985100000,0.6985500000
1790687237620,0.6985100000,0.6985400000
1790687238023,0.6985100000,0.6985500000
1790687239029,0.6985100000,0.6985400000
1790687240236,0.6985100000,0.6985500000
1790687241041,0.6985500000,0.6985700000
1790687241444,0.6985500000,0.6985800000
1790687243960,0.6985500000,0.6985700000
1790687244564,0.6985500000,0.6985800000
1790687247582,0.6985600000,0.6985800000
1790687249294,0.6985600000,0.6985900000
1790687252113,0.6985600000,0.6985800000
1790687257549,0.6985700000,0.6985900000
1790687257951,0.6986100000,0.6986400000
1790687259561,0.6986000000,0.6986300000
1790687261173,0.6986100000,0.6986400000
1790687270837,0.6986200000,0.6986500000
1790687272447,0.6986500000,0.6986800000
1790687274460,0.6986600000,0.6986800000
1790687275165,0.6986500000,0.6986800000
1790687275567,0.6986600000,0.6986800000
1790687277178,0.6986500000,0.6986800000
1790687279191,0.6986600000,0.6986800000
1790687279593,0.6986500000,0.6986800000
1790687280701,0.6986500000,0.6986800000
1790687281103,0.6986600000,0.6986900000
1790687282009,0.6986500000,0.6986900000
1790687284224,0.6986600000,0.6986900000
1790687285030,0.6986700000,0.6986900000
1790687286538,0.6986300000,0.6986500000
1790687288552,0.6986200000,0.6986400000
1790687289358,0.6986300000,0.6986500000
1790687289760,0.6986400000,0.6986600000
1790687290163,0.6986500000,0.6986700000
1790687290565,0.6986700000,0.6986900000
1790687291372,0.6986600000,0.6986800000
1790687300131,0.6986700000,0.6987000000
1790687302747,0.6986800000,0.6987000000
1790687303150,0.6986700000,0.6987000000
1790687305968,0.6986900000,0.6987100000
1790687306371,0.6986800000,0.6987100000
1790687306773,0.6987100000,0.6987300000
1790687307981,0.6987000000,0.6987200000
1790687308384,0.6986700000,0.6986900000
1790687309189,0.6986700000,0.6987000000
1790687312915,0.6986800000,0.6987000000
1790687313821,0.6987000000,0.6987200000
1790687315028,0.6987100000,0.6987300000
1790687316137,0.6987100000,0.6987200000
1790687316741,0.6987000000,0.6987200000
1790687319055,0.6987000000,0.6987100000
1790687320866,0.6987000000,0.6987200000
1790687322175,0.6987100000,0.6987300000
1790687325497,0.6987100000,0.6987500000
1790687325898,0.6987100000,0.6987400000
1790687326301,0.6987100000,0.6987300000
1790687327106,0.6987100000,0.6987400000
1790687327510,0.6987200000,0.6987500000
1790687328416,0.6987200000,0.6987400000
1790687328818,0.6987100000,0.6987400000
1790687329625,0.6986700000,0.6987000000
1790687330028,0.6986800000,0.6987100000
1790687332644,0.6986700000,0.6986900000
1790687333449,0.6986700000,0.6987000000
1790687333851,0.6986700000,0.6986900000
1790687336768,0.6986600000,0.6986800000
1790687337171,0.6986600000,0.6986900000
1790687340190,0.6986600000,0.6986900000
1790687340593,0.6986600000,0.6986800000
1790687340995,0.6986700000,0.6987000000
1790687341398,0.6986700000,0.6986900000
1790687343010,0.6986700000,0.6987000000
1790687343413,0.6986800000,0.6987000000
1790687344820,0.6986900000,0.6987100000
1790687347839,0.6987100000,0.6987300000
1790687350456,0.6987300000,0.6987500000
1790687350860,0.6987400000,0.6987600000
1790687352168,0.6987300000,0.6987500000
1790687354484,0.6987500000,0.6987700000
1790687355691,0.6987400000,0.6987600000
1790687358914,0.6987300000,0.6987500000
1790687359720,0.6987200000,0.6987400000
1790687362035,0.6987100000,0.6987300000
1790687364954,0.6987100000,0.6987200000
1790687365356,0.6986900000,0.6987100000
1790687366966,0.6986800000,0.6987000000
1790687367771,0.6986700000,0.6986900000
1790687373004,0.6986500000,0.6986700000
1790687376325,0.6986400000,0.6986600000
1790687381257,0.6986400000,0.6986700000
1790687381660,0.6986300000,0.6986500000
1790687382062,0.6986100000,0.6986400000
1790687383270,0.6986100000,0.6986500000
1790687383571,0.6986400000,0.6986700000
1790687384578,0.6986400000,0.6986600000
1790687386290,0.6986400000,0.6986700000
1790687388302,0.6986400000,0.6986600000
1790687388705,0.6986400000,0.6986700000
1790687390818,0.6986400000,0.6986600000
1790687392227,0.6986400000,0.6986700000
1790687392629,0.6986500000,0.6986700000
1790687393032,0.6986400000,0.6986700000
1790687393435,0.6986600000,0.6986800000
1790687393838,0.6986700000,0.6987100000
1790687394240,0.6986700000,0.6987000000
1790687394644,0.6986800000,0.6987100000
1790687395850,0.6986700000,0.6987100000
1790687396354,0.6986800000,0.6987100000
1790687399172,0.6986700000,0.6987100000
1790687399977,0.6986800000,0.6987100000
1790687400380,0.6986700000,0.6986900000
1790687400783,0.6986600000,0.6986900000
1790687401588,0.6986600000,0.6987000000
1790687402796,0.6986700000,0.6987000000
1790687403198,0.6986800000,0.6987000000
1790687403601,0.6986900000,0.6987100000
1790687404808,0.6986700000,0.6987100000
1790687405211,0.6986700000,0.6987000000
1790687407022,0.6986800000,0.6987100000
1790687407826,0.6986700000,0.6987100000
1790687408330,0.6986800000,0.6987100000
1790687409134,0.6986700000,0.6987100000
1790687409537,0.6986800000,0.6987100000
1790687410342,0.6987200000,0.6987500000
1790687410746,0.6987200000,0.6987400000
1790687411149,0.6987200000,0.6987500000
1790687411752,0.6987200000,0.6987400000
1790687412356,0.6987200000,0.6987500000
1790687413262,0.6987100000,0.6987500000
1790687414068,0.6987000000,0.6987300000
1790687414471,0.6987000000,0.6987400000
1790687418196,0.6987000000,0.6987300000
1790687419002,0.6987000000,0.6987400000
1790687420913,0.6987000000,0.6987300000
1790687423530,0.6987000000,0.6987400000
1790687425040,0.6987100000,0.6987400000
1790687425947,0.6987200000,0.6987500000
1790687426651,0.6987100000,0.6987500000
1790687427254,0.6987200000,0.6987500000
1790687428160,0.6987100000,0.6987500000
1790687428563,0.6987200000,0.6987500000
1790687430576,0.6987300000,0.6987500000
1790687430979,0.6987200000,0.6987500000
1790687432689,0.6987100000,0.6987400000
1790687437017,0.6987000000,0.6987200000
1790687437420,0.6986900000,0.6987100000
1790687437822,0.6986700000,0.6987000000
1790687438627,0.6986800000,0.6987000000
1790687440237,0.6986700000,0.6987000000
1790687441045,0.6986600000,0.6986900000
1790687442857,0.6986600000,0.6986800000
1790687443663,0.6986600000,0.6986900000
1790687450505,0.6986600000,0.6986800000
1790687450909,0.6986600000,0.6986900000
1790687452118,0.6986600000,0.6986800000
1790687452521,0.6986600000,0.6986900000
1790687456345,0.6986700000,0.6986900000
1790687457552,0.6986600000,0.6986900000
1790687460071,0.6986600000,0.6986900000
1790687460875,0.6986600000,0.6986800000
1790687461783,0.6986600000,0.6986900000
1790687462688,0.6986600000,0.6986800000
1790687464701,0.6986500000,0.6986700000
1790687465103,0.6986500000,0.6986800000
1790687465507,0.6986600000,0.6986800000
1790687466614,0.6986500000,0.6986800000
1790687474265,0.6986600000,0.6986900000
1790687481011,0.6986600000,0.6986800000
1790687481716,0.6986500000,0.6986800000
1790687482523,0.6986500000,0.6986700000
1790687482925,0.6986500000,0.6986800000
1790687485139,0.6986600000,0.6986700000
1790687485542,0.6986700000,0.6986900000
1790687491481,0.6986700000,0.6986800000
1790687492387,0.6986700000,0.6986900000
1790687492790,0.6986700000,0.6986800000
1790687494703,0.6986600000,0.6986800000
1790687497318,0.6986500000,0.6986800000
1790687499733,0.6986500000,0.6986700000
1790687500135,0.6986400000,0.6986600000
1790687502250,0.6986300000,0.6986600000
1790687502652,0.6986100000,0.6986300000
1790687508186,0.6986500000,0.6986800000
1790687508589,0.6986600000,0.6986800000
1790687512012,0.6986500000,0.6986800000
1790687514226,0.6986700000,0.6986900000
1790687516239,0.6986800000,0.6987000000
1790687520366,0.6986800000,0.6987000000
1790687520770,0.6987000000,0.6987300000
1790687523992,0.6986900000,0.6987300000
1790687524795,0.6987000000,0.6987300000
1790687530329,0.6986900000,0.6987300000
1790687530832,0.6987000000,0.6987300000
1790687531235,0.6986900000,0.6987300000
1790687533247,0.6987000000,0.6987300000
1790687536267,0.6986900000,0.6987300000
1790687536870,0.6987000000,0.6987300000
1790687537272,0.6987000000,0.6987400000
1790687537674,0.6987000000,0.6987300000
1790687538481,0.6986900000,0.6987300000
1790687539791,0.6987000000,0.6987300000
1790687541904,0.6986900000,0.6987300000
1790687543414,0.6986900000,0.6987000000
1790687543816,0.6986900000,0.6987200000
1790687544219,0.6986900000,0.6987300000
1790687544722,0.6986900000,0.6987200000
1790687545125,0.6986400000,0.6986700000
1790687545929,0.6986300000,0.6986700000
1790687546332,0.6986400000,0.6986700000
1790687546735,0.6986300000,0.6986700000
1790687547137,0.6986400000,0.6986700000
1790687549554,0.6986300000,0.6986700000
1790687549956,0.6986400000,0.6986700000
1790687557101,0.6986500000,0.6986700000
1790687561530,0.6986400000,0.6986700000
1790687561933,0.6986200000,0.6986500000
1790687562336,0.6986000000,0.6986400000
1790687563140,0.6986100000,0.6986400000
1790687563542,0.6986300000,0.6986500000
1790687565254,0.6986200000,0.6986500000
1790687565656,0.6986000000,0.6986400000
1790687566461,0.6986100000,0.6986400000
1790687566863,0.6986000000,0.6986400000
1790687571593,0.6986000000,0.6986300000
1790687571996,0.6985700000,0.6986100000
1790687572399,0.6986000000,0.6986300000
1790687572802,0.6985900000,0.6986200000
1790687573205,0.6986000000,0.6986200000
1790687575217,0.6986000000,0.6986300000
1790687576828,0.6986300000,0.6986500000
1790687577432,0.6986200000,0.6986500000
1790687577834,0.6986300000,0.6986500000
1790687579747,0.6986400000,0.6986500000
1790687580150,0.6986400000,0.6986600000
1790687581156,0.6986300000,0.6986600000
1790687581962,0.6986200000,0.6986400000
1790687582364,0.6986100000,0.6986400000
1790687582867,0.6986000000,0.6986400000
1790687583673,0.6985800000,0.6986200000
1790687584075,0.6985900000,0.6986200000
1790687585585,0.6985900000,0.6986300000
1790687587899,0.6985900000,0.6986100000
1790687588302,0.6986000000,0.6986400000
1790687588705,0.6986200000,0.6986500000
1790687590215,0.6986100000,0.6986400000
1790687590617,0.6986100000,0.6986300000
1790687591019,0.6986200000,0.6986400000
1790687592327,0.6986100000,0.6986400000
1790687596556,0.6986300000,0.6986500000
1790687601190,0.6986200000,0.6986500000
1790687601592,0.6986300000,0.6986600000
1790687604413,0.6986100000,0.6986400000
1790687604814,0.6986000000,0.6986200000
1790687608438,0.6986000000,0.6986300000
1790687609748,0.6986000000,0.6986200000
1790687611759,0.6986000000,0.6986300000
1790687618505,0.6986100000,0.6986400000
1790687633099,0.6986200000,0.6986500000
1790687633502,0.6986100000,0.6986400000
1790687639540,0.6986100000,0.6986300000
1790687640647,0.6986100000,0.6986300000
1790687641050,0.6986100000,0.6986400000
1790687647089,0.6986000000,0.6986300000
1790687647692,0.6986000000,0.6986200000
1790687650510,0.6986000000,0.6986300000
1790687650913,0.6985900000,0.6986200000
1790687653429,0.6986000000,0.6986300000
1790687654636,0.6986100000,0.6986400000
1790687656247,0.6986100000,0.6986300000
1790687656649,0.6986000000,0.6986300000
1790687658764,0.6986400000,0.6986700000
1790687659167,0.6986400000,0.6986800000
1790687659569,0.6986500000,0.6986800000
1790687661281,0.6986400000,0.6986800000
1790687661684,0.6986500000,0.6986800000
1790687662087,0.6986600000,0.6986900000
1790687667623,0.6986500000,0.6986900000
1790687668026,0.6986400000,0.6986700000
1790687669032,0.6986400000,0.6986600000
1790687670240,0.6986500000,0.6986700000
1790687670744,0.6986400000,0.6986700000
1790687678192,0.6986400000,0.6986600000
1790687678595,0.6986100000,0.6986400000
1790687678998,0.6986200000,0.6986500000
1790687679401,0.6986300000,0.6986600000
1790687681413,0.6986500000,0.6986700000
1790687681815,0.6986500000,0.6986800000
1790687682218,0.6986500000,0.6986700000
1790687682621,0.6986400000,0.6986700000
1790687683024,0.6986400000,0.6986600000
1790687685340,0.6986300000,0.6986500000
1790687685744,0.6986300000,0.6986600000
1790687697618,0.6986200000,0.6986500000
1790687698021,0.6986100000,0.6986300000
1790687699027,0.6986000000,0.6986300000
1790687699430,0.6986300000,0.6986600000
1790687700336,0.6986300000,0.6986600000
1790687700739,0.6986000000,0.6986200000
1790687701544,0.6985900000,0.6986100000
1790687702349,0.6985800000,0.6986100000
1790687705067,0.6985800000,0.6986000000
1790687707380,0.6985900000,0.6986000000
1790687707784,0.6985600000,0.6985900000
1790687710099,0.6985500000,0.6985800000
1790687713521,0.6985400000,0.6985800000
1790687713924,0.6985400000,0.6985700000
1790687714729,0.6985200000,0.6985600000
1790687716037,0.6985100000,0.6985400000
1790687716439,0.6985200000,0.6985400000
1790687717650,0.6985000000,0.6985400000
1790687718053,0.6985100000,0.6985400000
1790687719764,0.6985200000,0.6985400000
1790687720167,0.6985100000,0.6985400000
1790687722280,0.6985200000,0.6985400000
1790687722682,0.6985300000,0.6985600000
1790687723387,0.6985300000,0.6985500000
1790687723790,0.6985400000,0.6985600000
1790687725300,0.6985300000,0.6985600000
1790687725703,0.6985300000,0.6985500000
1790687726508,0.6985200000,0.6985500000
1790687728118,0.6985200000,0.6985400000
1790687729527,0.6985300000,0.6985500000
1790687730936,0.6985300000,0.6985600000
1790687733052,0.6985400000,0.6985600000
1790687733455,0.6985400000,0.6985700000
1790687736874,0.6985400000,0.6985600000
1790687737277,0.6985400000,0.6985700000
1790687737782,0.6985500000,0.6985700000
1790687738184,0.6985500000,0.6985800000
1790687739495,0.6985500000,0.6985700000
1790687740300,0.6985500000,0.6985800000
1790687742415,0.6985600000,0.6985800000
1790687748553,0.6985900000,0.6986100000
1790687748956,0.6986000000,0.6986100000
1790687753790,0.6985800000,0.6986100000
1790687759626,0.6986000000,0.6986200000
1790687760029,0.6986000000,0.6986200000
1790687760432,0.6985900000,0.6986100000
1790687760834,0.6986000000,0.6986200000
1790687761237,0.6986000000,0.6986300000
1790687762846,0.6986100000,0.6986300000
1790687763249,0.6986000000,0.6986300000
1790687763853,0.6986100000,0.6986300000
1790687765061,0.6986100000,0.6986400000
1790687765866,0.6986000000,0.6986400000
1790687768987,0.6986000000,0.6986300000
1790687769792,0.6986100000,0.6986300000
1790687770496,0.6986000000,0.6986300000
1790687770899,0.6986100000,0.6986300000
1790687774447,0.6986200000,0.6986400000
1790687780487,0.6986100000,0.6986400000
1790687780890,0.6986100000,0.6986200000
1790687781393,0.6986100000,0.6986300000
1790687791861,0.6986100000,0.6986200000
1790687792264,0.6986000000,0.6986200000
1790687796087,0.6986000000,0.6986300000
1790687797496,0.6986100000,0.6986300000
1790687799207,0.6986100000,0.6986400000
1790687801822,0.6986100000,0.6986300000
1790687804440,0.6985900000,0.6986100000
1790687806354,0.6985900000,0.6986300000
1790687806755,0.6986000000,0.6986300000
1790687807560,0.6985900000,0.6986200000
1790687807963,0.6985800000,0.6986000000
1790687808365,0.6985900000,0.6986100000
1790687812995,0.6985800000,0.6986000000
1790687815009,0.6985700000,0.6985900000
1790687816923,0.6985700000,0.6986000000
1790687817326,0.6985800000,0.6986000000
1790687820748,0.6985800000,0.6986000000
1790687821654,0.6985800000,0.6986100000
1790687822057,0.6985900000,0.6986100000
1790687823465,0.6985800000,0.6986000000
1790687826687,0.6985700000,0.6985900000
1790687827492,0.6985800000,0.6986000000
1790687828299,0.6985900000,0.6986200000
1790687828702,0.6986000000,0.6986200000
1790687829909,0.6985900000,0.6986200000
1790687838668,0.6985700000,0.6985900000
1790687839172,0.6985600000,0.6985900000
1790687839574,0.6985600000,0.6985800000
1790687842696,0.6985800000,0.6986000000
1790687845516,0.6986100000,0.6986300000
1790687849343,0.6986000000,0.6986200000
1790687850550,0.6986400000,0.6986600000
1790687850954,0.6986500000,0.6986700000
1790687851355,0.6986400000,0.6986600000
1790687854676,0.6986400000,0.6986700000
1790687855079,0.6986400000,0.6986600000
1790687856286,0.6986300000,0.6986600000
1790687856688,0.6986200000,0.6986400000
1790687858501,0.6986200000,0.6986500000
1790687858905,0.6986300000,0.6986500000
1790687860113,0.6986400000,0.6986600000
1790687863433,0.6986400000,0.6986700000
1790687863836,0.6986500000,0.6986700000
1790687864239,0.6986600000,0.6986800000
1790687866049,0.6986500000,0.6986700000
1790687881650,0.6986500000,0.6986700000
1790687885273,0.6986400000,0.6986700000
1790687885676,0.6986200000,0.6986400000
1790687886079,0.6986000000,0.6986200000
1790687887691,0.6986100000,0.6986200000
1790687888094,0.6986000000,0.6986200000
1790687892221,0.6985900000,0.6986200000
1790687892623,0.6985800000,0.6986000000
1790687894937,0.6985900000,0.6986100000
1790687895339,0.6985800000,0.6986000000
1790687896145,0.6985900000,0.6986100000
1790687896549,0.6986000000,0.6986200000
1790687896953,0.6985900000,0.6986100000
1790687897455,0.6985900000,0.6986200000
1790687897857,0.6986000000,0.6986200000
1790687899772,0.6986100000,0.6986200000
1790687900680,0.6986000000,0.6986200000
1790687901183,0.6985800000,0.6986000000
1790687907725,0.6985800000,0.6986100000
1790687908128,0.6986100000,0.6986300000
1790687908530,0.6986400000,0.6986600000
1790687908933,0.6986500000,0.6986700000
1790687911952,0.6986400000,0.6986700000
1790687912354,0.6986400000,0.6986600000
1790687913663,0.6986200000,0.6986400000
1790687918196,0.6986100000,0.6986300000
1790687919806,0.6986100000,0.6986400000
1790687920209,0.6986100000,0.6986300000
1790687921114,0.6986100000,0.6986400000
1790687921517,0.6986100000,0.6986300000
1790687922121,0.6986100000,0.6986400000
1790687922523,0.6986100000,0.6986300000
1790687923026,0.6986100000,0.6986400000
1790687925241,0.6986100000,0.6986300000
1790687926550,0.6986100000,0.6986400000
1790687927458,0.6986300000,0.6986600000
1790687927860,0.6986400000,0.6986700000
1790687928263,0.6986500000,0.6986800000
1790687933397,0.6986600000,0.6986800000
1790687934302,0.6986600000,0.6986900000
1790687937624,0.6986600000,0.6986800000
1790687940140,0.6986600000,0.6986800000
1790687953225,0.6986700000,0.6986900000
1790687953627,0.6987000000,0.6987200000
1790687954029,0.6987100000,0.6987300000
1790687960678,0.6987300000,0.6987500000
1790687963696,0.6987300000,0.6987600000
1790687964199,0.6987400000,0.6987600000
1790687964601,0.6987300000,0.6987600000
1790687965004,0.6987300000,0.6987500000
1790687965407,0.6987200000,0.6987400000
1790687966312,0.6987200000,0.6987500000
1790687966715,0.6987300000,0.6987500000
1790687967117,0.6987200000,0.6987400000
1790687977485,0.6987200000,0.6987300000
1790687977890,0.6987100000,0.6987300000
1790687979097,0.6987200000,0.6987400000
1790687986144,0.6987100000,0.6987300000
1790687986547,0.6987000000,0.6987200000
1790687990571,0.6987000000,0.6987100000
1790687990974,0.6986700000,0.6987000000
1790687994798,0.6986700000,0.6986900000
1790687997817,0.6986900000,0.6987100000
1790687998824,0.6986700000,0.6987100000
1790687999327,0.6986700000,0.6986900000
1790688000132,0.6986700000,0.6987000000
1790688000936,0.6986800000,0.6987000000
1790688001745,0.6986800000,0.6987100000
1790688003355,0.6986800000,0.6987000000
1790688003757,0.6986700000,0.6986900000
1790688005065,0.6986700000,0.6987000000
1790688005468,0.6986800000,0.6987000000
1790688007481,0.6986800000,0.6987100000
1790688007884,0.6986900000,0.6987100000
1790688009193,0.6986800000,0.6987100000
1790688014123,0.6987000000,0.6987100000
1790688016941,0.6987000000,0.6987200000
1790688017344,0.6987000000,0.6987300000
1790688018955,0.6987000000,0.6987200000
1790688026209,0.6987000000,0.6987300000
1790688026611,0.6987100000,0.6987300000
1790688028119,0.6987100000,0.6987400000
1790688028521,0.6987600000,0.6987800000
1790688030636,0.6987400000,0.6987600000
1790688041306,0.6987400000,0.6987700000
1790688041507,0.6987400000,0.6987600000
1790688050669,0.6987400000,0.6987700000
1790688051575,0.6987400000,0.6987600000
1790688053889,0.6987300000,0.6987600000
1790688054292,0.6987100000,0.6987400000
1790688057112,0.6987200000,0.6987500000
1790688062348,0.6987200000,0.6987600000
1790688062750,0.6987600000,0.6987800000
1790688065367,0.6987600000,0.6987900000
1790688065870,0.6987700000,0.6987900000
1790688067480,0.6987300000,0.6987500000
1790688067884,0.6987200000,0.6987400000
1790688070903,0.6987100000,0.6987400000
1790688071306,0.6987100000,0.6987300000
1790688077145,0.6987100000,0.6987400000
1790688077547,0.6987200000,0.6987400000
1790688080367,0.6987100000,0.6987300000
1790688085504,0.6986900000,0.6987100000
1790688086106,0.6986900000,0.6987200000
1790688086509,0.6987000000,0.6987200000
1790688088121,0.6987100000,0.6987300000
1790688090235,0.6986900000,0.6987100000
1790688093457,0.6987000000,0.6987200000
1790688094162,0.6987000000,0.6987100000
1790688094866,0.6987000000,0.6987200000
1790688095268,0.6986900000,0.6987100000
1790688095671,0.6987000000,0.6987200000
1790688096073,0.6987100000,0.6987300000
1790688101005,0.6987100000,0.6987400000
1790688101407,0.6987300000,0.6987500000
1790688104126,0.6987100000,0.6987500000
1790688104528,0.6987100000,0.6987300000
1790688105333,0.6987300000,0.6987500000
1790688109361,0.6987100000,0.6987300000
1790688109764,0.6987300000,0.6987500000
1790688117717,0.6987300000,0.6987400000
1790688118120,0.6987200000,0.6987400000
1790688119227,0.6987200000,0.6987500000
1790688119630,0.6987300000,0.6987500000
1790688120032,0.6987200000,0.6987400000
1790688125467,0.6987200000,0.6987500000
1790688125869,0.6987300000,0.6987500000
1790688126976,0.6987300000,0.6987400000
1790688127481,0.6987300000,0.6987500000
1790688129796,0.6987400000,0.6987600000
1790688130402,0.6987300000,0.6987600000
1790688130805,0.6987300000,0.6987500000
1790688137448,0.6987500000,0.6987800000
1790688137851,0.6987400000,0.6987600000
1790688139263,0.6987400000,0.6987700000
1790688139666,0.6987400000,0.6987600000
1790688140068,0.6987400000,0.6987700000
1790688140571,0.6987400000,0.6987600000
1790688141577,0.6987400000,0.6987700000
1790688141980,0.6987400000,0.6987600000
1790688142383,0.6987300000,0.6987500000
1790688143190,0.6987400000,0.6987600000
1790688143794,0.6987300000,0.6987600000
1790688144197,0.6987300000,0.6987500000
1790688149936,0.6987300000,0.6987600000
1790688150338,0.6987400000,0.6987600000
1790688160403,0.6987300000,0.6987600000
1790688160908,0.6987300000,0.6987500000
1790688167449,0.6987400000,0.6987600000
1790688168858,0.6987300000,0.6987600000
1790688169260,0.6987300000,0.6987500000
1790688170266,0.6987300000,0.6987600000
1790688170671,0.6987400000,0.6987600000
1790688172985,0.6987400000,0.6987700000
1790688173388,0.6987500000,0.6987700000
1790688174394,0.6987600000,0.6987700000
1790688174797,0.6987600000,0.6987800000
1790688177920,0.6987500000,0.6987700000
1790688181544,0.6987500000,0.6987700000
1790688184664,0.6987400000,0.6987700000
1790688185569,0.6987100000,0.6987300000
1790688185972,0.6987000000,0.6987300000
1790688188186,0.6987100000,0.6987300000
1790688190300,0.6987000000,0.6987300000
1790688190701,0.6987100000,0.6987400000
1790688192010,0.6987200000,0.6987400000
1790688193721,0.6987200000,0.6987500000
1790688195231,0.6987100000,0.6987400000
1790688206103,0.6987100000,0.6987300000
1790688208618,0.6987200000,0.6987400000
1790688211738,0.6987200000,0.6987500000
1790688212140,0.6987300000,0.6987500000
1790688217174,0.6987400000,0.6987600000
1790688219087,0.6987400000,0.6987700000
1790688219893,0.6987400000,0.6987600000
1790688220296,0.6987400000,0.6987700000
1790688221503,0.6987600000,0.6987800000
1790688230366,0.6987500000,0.6987800000
1790688232781,0.6987600000,0.6987900000
1790688233184,0.6987700000,0.6987900000
1790688233990,0.6987600000,0.6987900000
1790688234392,0.6987500000,0.6987900000
1790688238619,0.6987400000,0.6987800000
1790688239023,0.6987500000,0.6987800000
1790688239426,0.6987400000,0.6987800000
1790688239828,0.6987300000,0.6987600000
1790688240233,0.6987300000,0.6987600000
1790688242345,0.6987400000,0.6987600000
1790688243452,0.6987400000,0.6987800000
1790688243855,0.6987500000,0.6987800000
1790688248787,0.6987500000,0.6987900000
1790688249190,0.6987600000,0.6987900000
1790688249594,0.6987700000,0.6987900000
1790688252917,0.6987600000,0.6987900000
1790688254931,0.6987700000,0.6987900000
1790688255334,0.6987700000,0.6988000000
1790688255735,0.6987800000,0.6988000000
1790688256138,0.6987700000,0.6988000000
1790688257346,0.6987800000,0.6988000000
1790688257750,0.6987800000,0.6988200000
1790688258152,0.6987900000,0.6988200000
1790688260370,0.6988000000,0.6988300000
1790688263389,0.6987900000,0.6988300000
1790688264597,0.6988000000,0.6988300000
1790688266711,0.6988000000,0.6988400000
1790688267113,0.6988100000,0.6988400000
1790688268320,0.6988100000,0.6988500000
1790688268723,0.6988200000,0.6988500000
1790688271037,0.6988300000,0.6988600000
1790688272747,0.6988400000,0.6988700000
1790688274056,0.6988500000,0.6988700000
1790688274459,0.6988400000,0.6988700000
1790688275264,0.6988400000,0.6988600000
1790688275767,0.6988300000,0.6988600000
1790688284321,0.6988300000,0.6988500000
1790688284724,0.6988200000,0.6988500000
1790688288851,0.6988100000,0.6988300000
1790688293683,0.6988000000,0.6988200000
1790688294287,0.6988000000,0.6988100000
1790688298113,0.6988000000,0.6988200000
1790688298515,0.6988100000,0.6988300000
1790688301836,0.6988100000,0.6988400000
1790688302643,0.6988200000,0.6988400000
1790688303045,0.6988100000,0.6988400000
1790688303447,0.6988200000,0.6988400000
1790688304252,0.6988300000,0.6988500000
1790688307574,0.6988300000,0.6988600000
1790688308379,0.6988500000,0.6988700000
1790688309687,0.6988500000,0.6988800000
1790688310996,0.6988500000,0.6988700000
1790688314621,0.6988600000,0.6988700000
1790688315024,0.6988500000,0.6988700000
1790688317641,0.6988600000,0.6988800000
1790688327706,0.6988600000,0.6988900000
1790688328109,0.6988900000,0.6989100000
1790688328512,0.6988800000,0.6989000000
1790688329216,0.6988800000,0.6989100000
1790688329618,0.6988900000,0.6989200000
1790688330021,0.6989000000,0.6989200000
1790688330424,0.6989000000,0.6989300000
1790688333041,0.6989000000,0.6989200000
1790688333545,0.6988800000,0.6989000000
1790688337169,0.6988800000,0.6989100000
1790688337572,0.6988900000,0.6989200000
1790688337973,0.6989000000,0.6989300000
1790688343209,0.6989100000,0.6989300000
1790688348340,0.6989100000,0.6989400000
1790688348744,0.6989400000,0.6989700000
1790688349146,0.6989300000,0.6989500000
1790688351663,0.6989400000,0.6989500000
1790688355488,0.6989300000,0.6989500000
1790688356394,0.6989400000,0.6989500000
1790688359514,0.6989400000,0.6989600000
1790688359917,0.6989400000,0.6989500000
1790688361427,0.6989200000,0.6989500000
1790688361829,0.6989100000,0.6989300000
1790688362231,0.6989200000,0.6989300000
1790688362936,0.6989100000,0.6989300000
1790688363338,0.6989000000,0.6989300000
1790688365048,0.6989000000,0.6989200000
1790688365854,0.6989000000,0.6989300000
1790688375941,0.6989000000,0.6989200000
1790688376344,0.6989000000,0.6989300000
1790688377149,0.6989000000,0.6989200000
1790688377955,0.6988700000,0.6988900000
1790688379667,0.6989000000,0.6989200000
1790688383390,0.6989100000,0.6989200000
1790688384396,0.6989000000,0.6989200000
1790688384900,0.6989100000,0.6989300000
1790688387216,0.6989000000,0.6989200000
1790688387620,0.6988900000,0.6989100000
1790688388023,0.6989100000,0.6989300000
1790688388929,0.6989300000,0.6989500000
1790688396176,0.6989400000,0.6989600000
1790688397083,0.6989500000,0.6989700000
1790688399096,0.6989300000,0.6989500000
1790688401511,0.6989400000,0.6989600000
1790688419928,0.6989200000,0.6989400000
1790688420331,0.6989200000,0.6989400000
1790688423452,0.6989300000,0.6989400000
1790688423855,0.6989200000,0.6989400000
1790688425264,0.6989200000,0.6989500000
1790688425667,0.6989300000,0.6989500000
1790688427683,0.6989400000,0.6989600000
1790688440772,0.6989500000,0.6989700000
1790688441275,0.6989600000,0.6989800000
1790688448019,0.6989700000,0.6989900000
1790688450637,0.6989800000,0.6990000000
1790688454159,0.6989800000,0.6990100000
1790688454563,0.6989900000,0.6990100000
1790688457380,0.6989800000,0.6990000000
1790688457984,0.6989700000,0.6990000000
1790688458387,0.6989700000,0.6989800000
1790688458789,0.6989700000,0.6989900000
1790688463418,0.6989700000,0.6990000000
1790688464224,0.6989700000,0.6989900000
1790688464627,0.6989700000,0.6990000000
1790688466240,0.6989700000,0.6989900000
1790688466643,0.6989700000,0.6990000000
1790688468454,0.6989800000,0.6990000000
1790688469259,0.6989800000,0.6990100000
1790688469662,0.6989900000,0.6990100000
1790688471272,0.6989900000,0.6990200000
1790688471774,0.6989900000,0.6990100000
1790688472579,0.6989900000,0.6990200000
1790688472982,0.6989900000,0.6990100000
1790688473384,0.6989900000,0.6990200000
1790688473787,0.6989900000,0.6990100000
1790688474189,0.6989900000,0.6990200000
1790688474895,0.6989900000,0.6990100000
1790688475297,0.6989900000,0.6990200000
1790688475799,0.6989900000,0.6990100000
1790688476302,0.6989900000,0.6990200000
1790688478922,0.6989900000,0.6990100000
1790688479728,0.6989700000,0.6990100000
1790688480130,0.6989700000,0.6990100000
1790688480533,0.6989700000,0.6990000000
1790688481338,0.6989600000,0.6990000000
1790688481942,0.6989600000,0.6989900000
1790688482749,0.6989600000,0.6990000000
1790688483150,0.6989600000,0.6989800000
1790688483553,0.6989600000,0.6990000000
1790688483956,0.6989600000,0.6989900000
1790688484861,0.6989600000,0.6990000000
1790688487579,0.6989600000,0.6989900000
1790688487981,0.6989600000,0.6990000000
1790688488384,0.6989400000,0.6989600000
1790688488786,0.6989500000,0.6989800000
1790688489189,0.6989500000,0.6989900000
1790688489591,0.6989600000,0.6989900000
1790688489994,0.6989600000,0.6989800000
1790688490396,0.6989600000,0.6989900000
1790688490799,0.6989600000,0.6989800000
1790688491202,0.6989600000,0.6989900000
1790688491805,0.6989600000,0.6989800000
1790688492208,0.6989600000,0.6989900000
1790688493318,0.6989600000,0.6989800000
1790688493720,0.6989600000,0.6989900000
1790688496841,0.6989600000,0.6990000000
1790688509625,0.6989700000,0.6990000000
1790688516569,0.6989800000,0.6990200000
1790688517376,0.6989800000,0.6990100000
1790688518684,0.6989800000,0.6990000000
1790688519087,0.6989800000,0.6990100000
1790688521402,0.6989800000,0.6990200000
1790688521805,0.6989900000,0.6990300000
1790688522207,0.6990100000,0.6990300000
1790688523013,0.6990100000,0.6990400000
1790688523818,0.6990100000,0.6990300000
1790688524925,0.6990100000,0.6990400000
1790688525327,0.6990300000,0.6990600000
1790688526032,0.6990300000,0.6990500000
1790688526434,0.6990300000,0.6990600000
1790688527240,0.6990300000,0.6990500000
1790688527642,0.6990300000,0.6990600000
1790688528448,0.6990300000,0.6990700000
1790688528850,0.6990300000,0.6990600000
1790688529252,0.6990300000,0.6990700000
1790688531063,0.6990300000,0.6990600000
1790688531466,0.6990100000,0.6990300000
1790688531869,0.6990100000,0.6990400000
1790688532271,0.6990100000,0.6990300000
1790688533580,0.6990100000,0.6990200000
1790688534083,0.6990100000,0.6990400000
1790688534485,0.6990100000,0.6990500000
1790688534991,0.6990200000,0.6990500000
1790688540228,0.6990200000,0.6990500000
1790688542543,0.6990400000,0.6990600000
1790688542945,0.6990300000,0.6990600000
1790688544556,0.6990400000,0.6990600000
1790688547777,0.6990500000,0.6990700000
1790688548180,0.6990500000,0.6990800000
1790688555729,0.6990600000,0.6990800000
1790688556836,0.6990600000,0.6990900000
1790688557239,0.6990700000,0.6990900000
1790688558850,0.6990800000,0.6991000000
1790688564388,0.6990900000,0.6991100000
1790688564790,0.6991000000,0.6991200000
1790688565193,0.6991000000,0.6991300000
1790688566400,0.6991000000,0.6991200000
1790688566803,0.6991000000,0.6991300000
1790688567205,0.6991100000,0.6991300000
1790688568111,0.6991100000,0.6991400000
1790688568917,0.6991100000,0.6991300000
1790688570124,0.6991000000,0.6991300000
1790688571533,0.6991000000,0.6991200000
1790688571936,0.6990900000,0.6991100000
1790688575357,0.6990900000,0.6991200000
1790688575860,0.6991000000,0.6991200000
1790688577067,0.6991100000,0.6991300000
1790688579784,0.6991300000,0.6991500000
1790688581695,0.6991200000,0.6991500000
1790688582098,0.6991200000,0.6991400000
1790688586023,0.6991200000,0.6991500000
1790688586425,0.6991400000,0.6991600000
1790688586827,0.6991500000,0.6991700000
1790688587230,0.6991600000,0.6991800000
1790688587934,0.6991600000,0.6991700000
1790688588740,0.6991600000,0.6991800000
1790688592566,0.6991700000,0.6991900000
1790688599812,0.6991800000,0.6992000000
1790688600215,0.6991800000,0.6992000000
1790688600617,0.6991900000,0.6992100000
1790688601020,0.6992000000,0.6992200000
1790688601422,0.6991800000,0.6992000000
1790688603837,0.6991800000,0.6992100000
1790688604240,0.6991900000,0.6992100000
1790688605750,0.6991800000,0.6992100000
1790688606254,0.6991800000,0.6992000000
1790688607159,0.6991700000,0.6992000000
1790688607562,0.6991700000,0.6991900000
1790688609473,0.6991600000,0.6991800000
1790688618635,0.6991600000,0.6991700000
1790688619037,0.6991700000,0.6991900000
1790688626390,0.6991700000,0.6992000000
1790688626793,0.6992100000,0.6992300000
1790688628805,0.6992200000,0.6992400000
1790688632832,0.6992100000,0.6992300000
1790688633335,0.6992100000,0.6992200000
1790688634140,0.6992100000,0.6992300000
1790688637763,0.6992200000,0.6992300000
1790688638468,0.6992200000,0.6992400000
1790688643197,0.6992200000,0.6992500000
1790688643600,0.6992300000,0.6992500000
1790688648027,0.6992300000,0.6992400000
1790688648430,0.6992300000,0.6992500000
1790688649838,0.6992200000,0.6992400000
1790688650241,0.6992100000,0.6992300000
1790688651045,0.6992000000,0.6992200000
1790688651448,0.6992000000,0.6992100000
1790688651850,0.6992000000,0.6992200000
1790688652353,0.6992000000,0.6992100000
1790688653561,0.6992000000,0.6992200000
1790688653966,0.6992000000,0.6992100000
1790688654366,0.6992000000,0.6992200000
1790688655574,0.6992000000,0.6992100000
1790688656379,0.6992000000,0.6992200000
1790688657285,0.6992000000,0.6992100000
1790688659398,0.6992000000,0.6992200000
1790688660405,0.6992000000,0.6992200000
1790688663225,0.6992100000,0.6992200000
1790688665136,0.6992000000,0.6992200000
1790688666746,0.6992000000,0.6992300000
1790688667149,0.6992100000,0.6992300000
1790688668963,0.6992100000,0.6992400000
1790688669365,0.6992200000,0.6992400000
1790688669767,0.6992200000,0.6992500000
1790688675503,0.6992200000,0.6992400000
1790688676911,0.6992100000,0.6992400000
1790688677314,0.6992100000,0.6992200000
1790688677715,0.6992100000,0.6992300000
1790688678420,0.6992100000,0.6992400000
1790688679225,0.6992100000,0.6992300000
1790688679627,0.6992100000,0.6992400000
1790688680030,0.6992200000,0.6992600000
1790688681443,0.6992200000,0.6992500000
1790688684463,0.6992200000,0.6992400000
1790688684866,0.6992200000,0.6992300000
1790688685671,0.6992100000,0.6992200000
1790688686074,0.6991900000,0.6992100000
1790688688692,0.6991800000,0.6992100000
1790688689095,0.6991800000,0.6992000000
1790688689497,0.6991700000,0.6991900000
1790688696744,0.6991700000,0.6991800000
1790688697147,0.6991600000,0.6991800000
1790688697549,0.6991400000,0.6991700000
1790688698555,0.6991300000,0.6991600000
1790688701575,0.6991300000,0.6991500000
1790688702381,0.6991600000,0.6991800000
1790688702783,0.6991700000,0.6991900000
1790688703488,0.6991800000,0.6991900000
1790688703890,0.6991700000,0.6991900000
1790688704394,0.6991800000,0.6991900000
1790688704797,0.6991900000,0.6992100000
1790688705802,0.6991800000,0.6992000000
1790688710330,0.6991700000,0.6991900000
1790688720095,0.6991700000,0.6991900000
1790688720900,0.6991500000,0.6991700000
1790688721303,0.6991400000,0.6991700000
1790688721707,0.6991400000,0.6991600000
1790688724323,0.6991400000,0.6991700000
1790688724726,0.6991700000,0.6991900000
1790688725129,0.6991800000,0.6992000000
1790688725532,0.6991900000,0.6992100000
1790688729255,0.6991800000,0.6992000000
1790688730968,0.6991700000,0.6991900000
1790688731774,0.6991600000,0.6991800000
1790688732580,0.6991900000,0.6992000000
1790688732982,0.6991900000,0.6992100000
1790688736203,0.6991800000,0.6992000000
1790688736606,0.6991700000,0.6991800000
1790688737007,0.6991600000,0.6991800000
1790688737410,0.6991500000,0.6991700000
1790688738315,0.6991400000,0.6991700000
1790688738718,0.6991200000,0.6991500000
1790688740126,0.6991300000,0.6991500000
1790688740935,0.6991200000,0.6991500000
1790688744356,0.6991100000,0.6991300000
1790688746972,0.6991000000,0.6991200000
1790688747979,0.6990800000,0.6991000000
1790688748381,0.6990700000,0.6990900000
1790688754519,0.6991800000,0.6992000000
1790688754922,0.6992400000,0.6992500000
1790688755325,0.6992100000,0.6992300000
1790688755727,0.6992100000,0.6992400000
1790688756129,0.6992300000,0.6992400000
1790688756532,0.6992100000,0.6992400000
1790688756933,0.6992500000,0.6992600000
1790688757336,0.6992100000,0.6992300000
1790688757738,0.6992000000,0.6992200000
1790688758443,0.6992000000,0.6992100000
1790688758845,0.6992000000,0.6992200000
1790688759751,0.6992100000,0.6992300000
1790688762167,0.6992100000,0.6992200000
1790688762974,0.6992000000,0.6992200000
1790688763678,0.6992000000,0.6992100000
1790688764483,0.6991600000,0.6991800000
1790688765692,0.6991600000,0.6991700000
1790688766495,0.6991500000,0.6991700000
1790688766900,0.6991400000,0.6991600000
1790688767805,0.6991100000,0.6991400000
1790688768208,0.6991000000,0.6991300000
1790688769919,0.6991000000,0.6991200000
1790688770724,0.6991000000,0.6991300000
1790688771126,0.6990900000,0.6991100000
1790688772435,0.6991100000,0.6991400000
1790688777971,0.6991200000,0.6991400000
1790688780588,0.6991100000,0.6991300000
1790688781393,0.6991100000,0.6991400000
1790688783606,0.6991100000,0.6991300000
1790688784009,0.6991100000,0.6991400000
1790688784512,0.6991100000,0.6991300000
1790688785016,0.6991100000,0.6991200000
1790688785419,0.6991100000,0.6991300000
1790688787935,0.6991100000,0.6991400000
1790688788741,0.6991200000,0.6991400000
1790688789144,0.6991100000,0.6991200000
1790688789546,0.6991000000,0.6991200000
1790688791661,0.6991100000,0.6991300000
1790688797302,0.6991100000,0.6991200000
1790688797705,0.6990700000,0.6990900000
1790688798208,0.6990600000,0.6990900000
1790688800830,0.6990600000,0.6990800000
1790688801233,0.6990500000,0.6990800000
1790688804051,0.6990300000,0.6990700000
1790688804454,0.6990200000,0.6990400000
1790688806567,0.6990300000,0.6990400000
1790688806969,0.6990400000,0.6990500000
1790688807372,0.6990500000,0.6990800000
1790688808578,0.6990200000,0.6990400000
1790688809989,0.6989900000,0.6990200000
1790688810392,0.6990000000,0.6990200000
1790688811196,0.6990000000,0.6990300000
1790688811600,0.6990100000,0.6990300000
1790688812002,0.6990200000,0.6990400000
1790688814718,0.6990300000,0.6990400000
1790688815121,0.6990200000,0.6990400000
1790688815624,0.6990300000,0.6990400000
1790688816027,0.6990200000,0.6990400000
1790688816630,0.6990300000,0.6990400000
1790688817335,0.6990200000,0.6990400000
1790688817737,0.6990100000,0.6990300000
1790688819448,0.6990200000,0.6990300000
1790688819850,0.6990100000,0.6990300000
1790688820253,0.6990200000,0.6990400000
1790688822265,0.6990300000,0.6990400000
1790688822668,0.6990600000,0.6990800000
1790688824780,0.6990600000,0.6990900000
1790688829111,0.6990600000,0.6990800000
1790688836659,0.6990400000,0.6990700000
1790688837063,0.6990200000,0.6990400000
1790688838070,0.6990100000,0.6990400000
1790688838473,0.6990100000,0.6990300000
1790688840486,0.6990200000,0.6990300000
1790688840888,0.6990200000,0.6990400000
1790688850249,0.6990100000,0.6990400000
1790688850652,0.6990200000,0.6990400000
1790688866354,0.6990200000,0.6990300000
1790688866758,0.6989700000,0.6989900000
1790688868470,0.6989600000,0.6989900000
1790688868873,0.6989600000,0.6989800000
1790688874308,0.6989400000,0.6989600000
1790688874709,0.6989400000,0.6989700000
1790688875112,0.6989500000,0.6989700000
1790688879542,0.6989600000,0.6989800000
1790688880144,0.6989500000,0.6989800000
1790688880547,0.6989500000,0.6989700000
1790688880949,0.6989500000,0.6989600000
1790688885075,0.6989500000,0.6989700000
1790688885478,0.6989500000,0.6989600000
1790688885880,0.6989500000,0.6989700000
1790688886283,0.6989500000,0.6989800000
1790688886685,0.6989500000,0.6989700000
1790688887490,0.6989300000,0.6989500000
1790688893835,0.6989300000,0.6989600000
1790688895244,0.6989300000,0.6989500000
1790688897961,0.6989100000,0.6989300000
1790688900378,0.6989100000,0.6989300000
1790688900780,0.6989200000,0.6989400000
1790688901786,0.6989100000,0.6989400000
1790688905006,0.6989200000,0.6989400000
1790688905409,0.6989300000,0.6989500000
1790688905811,0.6989400000,0.6989600000
1790688907824,0.6989400000,0.6989500000
1790688908428,0.6989400000,0.6989700000
1790688914267,0.6989500000,0.6989700000
1790688914669,0.6989500000,0.6989800000
1790688920909,0.6989600000,0.6989800000
1790688921314,0.6989700000,0.6989900000
1790688924735,0.6989700000,0.6990000000
1790688925138,0.6989800000,0.6990100000
1790688925541,0.6989900000,0.6990100000
1790688927657,0.6989900000,0.6990200000
1790688928965,0.6989800000,0.6990100000
1790688931884,0.6989900000,0.6990100000
1790688932287,0.6989900000,0.6990200000
1790688934903,0.6989800000,0.6990200000
1790688935306,0.6989900000,0.6990100000
1790688939130,0.6990000000,0.6990300000
1790688941246,0.6990300000,0.6990500000
1790688950707,0.6990200000,0.6990400000
1790688951411,0.6990200000,0.6990500000
1790688951814,0.6990300000,0.6990500000
1790688954833,0.6990200000,0.6990400000
1790688955236,0.6990300000,0.6990500000
1790688956142,0.6990200000,0.6990500000
1790688956543,0.6990100000,0.6990300000
1790688957649,0.6990000000,0.6990200000
1790688958656,0.6990100000,0.6990300000
1790688960568,0.6990100000,0.6990300000
1790688961775,0.6989900000,0.6990100000
1790688972649,0.6989700000,0.6989900000
1790688973075,0.6989800000,0.6990000000
1790688978509,0.6989700000,0.6990000000
1790688978911,0.6989700000,0.6989900000
1790688979717,0.6989900000,0.6990100000
1790688986764,0.6989800000,0.6990000000
1790688987772,0.6989800000,0.6990100000
1790688988173,0.6990000000,0.6990200000
1790688988576,0.6990100000,0.6990200000
1790688988979,0.6990100000,0.6990300000
1790689002869,0.6990000000,0.6990200000
1790689005786,0.6990100000,0.6990200000
1790689006390,0.6990100000,0.6990400000
1790689006794,0.6990300000,0.6990500000
1790689007599,0.6990400000,0.6990600000
1790689008002,0.6990500000,0.6990700000
1790689008505,0.6990400000,0.6990700000
1790689008908,0.6990200000,0.6990400000
1790689009310,0.6990100000,0.6990300000
1790689009712,0.6990200000,0.6990400000
1790689011524,0.6990200000,0.6990500000
1790689011927,0.6990300000,0.6990500000
1790689015148,0.6990200000,0.6990400000
1790689015551,0.6990300000,0.6990500000
1790689015953,0.6990400000,0.6990600000
1790689018069,0.6990500000,0.6990700000
1790689021190,0.6990500000,0.6990700000
1790689021593,0.6990200000,0.6990400000
1790689022499,0.6990200000,0.6990500000
1790689023002,0.6990300000,0.6990500000
1790689024411,0.6990400000,0.6990600000
1790689025217,0.6990700000,0.6990900000
1790689027531,0.6990700000,0.6990800000
1790689028839,0.6990700000,0.6990900000
1790689030451,0.6990700000,0.6990800000
1790689030852,0.6990500000,0.6990700000
1790689034172,0.6990400000,0.6990700000
1790689034575,0.6990400000,0.6990600000
1790689036286,0.6990500000,0.6990700000
1790689041316,0.6990800000,0.6991000000
1790689042525,0.6990800000,0.6990900000
1790689042929,0.6990800000,0.6991000000
1790689043331,0.6990600000,0.6990800000
1790689050177,0.6990700000,0.6990900000
1790689056820,0.6990700000,0.6990800000
1790689057826,0.6990700000,0.6990900000
1790689060141,0.6990600000,0.6990900000
1790689060543,0.6990400000,0.6990600000
1790689063662,0.6990300000,0.6990600000
1790689064064,0.6990200000,0.6990400000
1790689068290,0.6990100000,0.6990400000
1790689068693,0.6990100000,0.6990300000
1790689070807,0.6990200000,0.6990400000
1790689077350,0.6990200000,0.6990500000
1790689077753,0.6990500000,0.6990700000
1790689079061,0.6990600000,0.6990700000
1790689079867,0.6990600000,0.6990800000
1790689080271,0.6990700000,0.6990800000
1790689082282,0.6990800000,0.6991000000
1790689082685,0.6991100000,0.6991300000
1790689086811,0.6991200000,0.6991400000
1790689088420,0.6991100000,0.6991300000
1790689093853,0.6991000000,0.6991300000
1790689094256,0.6991000000,0.6991200000
1790689110459,0.6991000000,0.6991300000
1790689110862,0.6991100000,0.6991300000
1790689111265,0.6991000000,0.6991200000
1790689114890,0.6990600000,0.6990800000
1790689115292,0.6990800000,0.6991000000
1790689115695,0.6991000000,0.6991200000
1790689136631,0.6990700000,0.6990900000
1790689137033,0.6990600000,0.6990800000
1790689141563,0.6990600000,0.6990800000
1790689144786,0.6990700000,0.6990800000
1790689148914,0.6990700000,0.6990900000
1790689153041,0.6990600000,0.6990900000
1790689153443,0.6990700000,0.6991000000
1790689153846,0.6990600000,0.6990900000
1790689154651,0.6990600000,0.6990800000
1790689155053,0.6990600000,0.6990900000
1790689155557,0.6990600000,0.6990800000
1790689155959,0.6990600000,0.6990900000
1790689160085,0.6990600000,0.6990800000
1790689160488,0.6990600000,0.6990900000
1790689160890,0.6990600000,0.6990800000
1790689161293,0.6990500000,0.6990600000
1790689161696,0.6990400000,0.6990600000
1790689162100,0.6990100000,0.6990300000
1790689162503,0.6990000000,0.6990200000
1790689164315,0.6990000000,0.6990400000
1790689164718,0.6990400000,0.6990600000
1790689165120,0.6990500000,0.6990700000
1790689165523,0.6990600000,0.6990800000
1790689167035,0.6990600000,0.6990700000
1790689167840,0.6990600000,0.6990800000
1790689174583,0.6990500000,0.6990800000
1790689174986,0.6990500000,0.6990700000
1790689175791,0.6990400000,0.6990700000
1790689182534,0.6990200000,0.6990400000
1790689192803,0.6990300000,0.6990500000
1790689193205,0.6990500000,0.6990800000
1790689197636,0.6990600000,0.6990900000
1790689200152,0.6990600000,0.6990900000
1790689200957,0.6990500000,0.6990700000
1790689202366,0.6990400000,0.6990600000
1790689214445,0.6990400000,0.6990700000
1790689214848,0.6990500000,0.6990700000
1790689217065,0.6990600000,0.6990800000
1790689218674,0.6990500000,0.6990700000
1790689221492,0.6990600000,0.6990800000
1790689222702,0.6990900000,0.6991200000
1790689223204,0.6990900000,0.6991300000
1790689223606,0.6991100000,0.6991400000
1790689224512,0.6991400000,0.6991700000
1790689225418,0.6991500000,0.6991800000
1790689228439,0.6991500000,0.6991900000
1790689228841,0.6991600000,0.6991900000
1790689229244,0.6991500000,0.6991800000
1790689229647,0.6991500000,0.6991900000
1790689233873,0.6991500000,0.6991700000
1790689234276,0.6991400000,0.6991700000
1790689238702,0.6991400000,0.6991600000
1790689239205,0.6991300000,0.6991500000
1790689240413,0.6991500000,0.6991800000
1790689250880,0.6991600000,0.6991900000
1790689252892,0.6991800000,0.6992100000
1790689253696,0.6991900000,0.6992200000
1790689254099,0.6991800000,0.6992100000
1790689254502,0.6991800000,0.6992200000
1790689255206,0.6992000000,0.6992200000
1790689255608,0.6992000000,0.6992300000
1790689256313,0.6992100000,0.6992300000
1790689257118,0.6992100000,0.6992400000
1790689257521,0.6992100000,0.6992300000
1790689259332,0.6992000000,0.6992200000
1790689260540,0.6991900000,0.6992200000
1790689260943,0.6991900000,0.6992100000
1790689261346,0.6991900000,0.6992200000
1790689262151,0.6992000000,0.6992200000
1790689262554,0.6992000000,0.6992300000
1790689263157,0.6992000000,0.6992400000
1790689263560,0.6992100000,0.6992500000
1790689265270,0.6992100000,0.6992300000
1790689265773,0.6992100000,0.6992400000
1790689266175,0.6992000000,0.6992200000
1790689266980,0.6991900000,0.6992200000
1790689267383,0.6991800000,0.6992100000
1790689268893,0.6991900000,0.6992100000
1790689269296,0.6991800000,0.6992100000
1790689272417,0.6992000000,0.6992200000
1790689278054,0.6991900000,0.6992200000
1790689278659,0.6991900000,0.6992100000
1790689279061,0.6991800000,0.6992200000
1790689279464,0.6991700000,0.6992000000
1790689279867,0.6991600000,0.6992000000
1790689281175,0.6991600000,0.6991900000
1790689282489,0.6991500000,0.6991800000
1790689284803,0.6991300000,0.6991600000
1790689285206,0.6991300000,0.6991500000
1790689286112,0.6991300000,0.6991600000
1790689287320,0.6991300000,0.6991700000
1790689287823,0.6991400000,0.6991700000
1790689288327,0.6991400000,0.6991600000
1790689288730,0.6991300000,0.6991600000
1790689289132,0.6991300000,0.6991500000
1790689290441,0.6991300000,0.6991600000
1790689290844,0.6991300000,0.6991500000
1790689293060,0.6991200000,0.6991400000
1790689293463,0.6991200000,0.6991500000
1790689310170,0.6991300000,0.6991600000
1790689311176,0.6991400000,0.6991600000
1790689311679,0.6991200000,0.6991600000
1790689312584,0.6991200000,0.6991500000
1790689313892,0.6991200000,0.6991600000
1790689316307,0.6991300000,0.6991600000
1790689316710,0.6991400000,0.6991700000
1790689317112,0.6991400000,0.6991600000
1790689317515,0.6991100000,0.6991400000
1790689317919,0.6991100000,0.6991300000
1790689318322,0.6991100000,0.6991400000
1790689320435,0.6991100000,0.6991400000
1790689320838,0.6991100000,0.6991500000
1790689326474,0.6991300000,0.6991600000
1790689326876,0.6991400000,0.6991700000
1790689327278,0.6991400000,0.6991600000
1790689327781,0.6991400000,0.6991700000
1790689329492,0.6991400000,0.6991600000
1790689329895,0.6991400000,0.6991700000
1790689330700,0.6991400000,0.6991600000
1790689331103,0.6991400000,0.6991700000
1790689331505,0.6991400000,0.6991800000
1790689331907,0.6991400000,0.6991700000
1790689332310,0.6991500000,0.6991900000
1790689332714,0.6991500000,0.6991800000
1790689334726,0.6991500000,0.6991700000
1790689342174,0.6991500000,0.6991800000
1790689344793,0.6991500000,0.6991900000
1790689345196,0.6991700000,0.6992000000
1790689354456,0.6991700000,0.6991900000
1790689356771,0.6991700000,0.6992000000
1790689357172,0.6991700000,0.6991900000
1790689360191,0.6991700000,0.6992000000
1790689363108,0.6991700000,0.6991900000
1790689364920,0.6991700000,0.6992000000
1790689366126,0.6991800000,0.6992100000
1790689366931,0.6991800000,0.6992200000
1790689375285,0.6991800000,0.6992100000
1790689376191,0.6991700000,0.6992100000
1790689376997,0.6991800000,0.6992100000
1790689377399,0.6991800000,0.6992000000
1790689377801,0.6991600000,0.6991900000
1790689378204,0.6991600000,0.6992000000
1790689378608,0.6991600000,0.6991900000
1790689379010,0.6991500000,0.6991800000
1790689379412,0.6991400000,0.6991800000
1790689379815,0.6991400000,0.6991600000
1790689383340,0.6991400000,0.6991700000
1790689386360,0.6991300000,0.6991600000
1790689387167,0.6991100000,0.6991500000
1790689393003,0.6991200000,0.6991500000
1790689394613,0.6991100000,0.6991500000
1790689395820,0.6991300000,0.6991600000
1790689397431,0.6991500000,0.6991800000
1790689398236,0.6991500000,0.6991700000
1790689398639,0.6991500000,0.6991800000
1790689409312,0.6991500000,0.6991900000
1790689409715,0.6991600000,0.6991900000
1790689411729,0.6991600000,0.6991800000
1790689412132,0.6991600000,0.6991900000
1790689413138,0.6991600000,0.6991800000
1790689413541,0.6991600000,0.6991900000
1790689415353,0.6991600000,0.6991800000
1790689416863,0.6991500000,0.6991800000
1790689417265,0.6991500000,0.6991700000
1790689417668,0.6991500000,0.6991800000
1790689420789,0.6991500000,0.6991900000
1790689421192,0.6991500000,0.6991800000
1790689422199,0.6991500000,0.6991900000
1790689422601,0.6991600000,0.6991900000
1790689423004,0.6991600000,0.6992100000
1790689423406,0.6991600000,0.6992000000
1790689423910,0.6991600000,0.6991900000
1790689424715,0.6991600000,0.6992000000
1790689425118,0.6991600000,0.6991900000
1790689426326,0.6991600000,0.6991800000
1790689427634,0.6991600000,0.6991900000
1790689428440,0.6991500000,0.6991700000
1790689428843,0.6991500000,0.6991800000
1790689430453,0.6991500000,0.6991900000
1790689434076,0.6991500000,0.6991800000
1790689434479,0.6991500000,0.6991900000
1790689435385,0.6991500000,0.6991800000
1790689436593,0.6991500000,0.6991900000
1790689440319,0.6991500000,0.6991800000
1790689441124,0.6991600000,0.6991900000
1790689446157,0.6991700000,0.6992200000
1790689446558,0.6992000000,0.6992200000
1790689454208,0.6991900000,0.6992200000
1790689460348,0.6992000000,0.6992200000
1790689460751,0.6992000000,0.6992300000
1790689461859,0.6992400000,0.6992800000
1790689463270,0.6992500000,0.6992800000
1790689464078,0.6992500000,0.6992900000
1790689467197,0.6992500000,0.6992800000
1790689471021,0.6992400000,0.6992800000
1790689471825,0.6992500000,0.6992800000
1790689474442,0.6992500000,0.6992900000
1790689477363,0.6992700000,0.6993100000
1790689479174,0.6993000000,0.6993200000
1790689480079,0.6993000000,0.6993300000
1790689482795,0.6993000000,0.6993200000
1790689483198,0.6992700000,0.6993000000
1790689491655,0.6992700000,0.6993100000
1790689492057,0.6992700000,0.6993000000
1790689493466,0.6992700000,0.6993100000
1790689493869,0.6992800000,0.6993100000
1790689495076,0.6992900000,0.6993300000
1790689496182,0.6992900000,0.6993200000
1790689496585,0.6992900000,0.6993300000
1790689497490,0.6992800000,0.6993100000
1790689497892,0.6992700000,0.6993100000
1790689498698,0.6992800000,0.6993000000
1790689499201,0.6992700000,0.6993000000
1790689499603,0.6992800000,0.6993000000
1790689500005,0.6992700000,0.6993000000
1790689500408,0.6992800000,0.6993200000
1790689501216,0.6992900000,0.6993200000
1790689501618,0.6992800000,0.6993200000
1790689503329,0.6992800000,0.6993100000
1790689505344,0.6992700000,0.6992900000
1790689506149,0.6992800000,0.6993000000
1790689514002,0.6992700000,0.6993000000
1790689518834,0.6992700000,0.6992800000
1790689520143,0.6992600000,0.6992800000
1790689522561,0.6992700000,0.6992900000
1790689523369,0.6992600000,0.6992800000
1790689523773,0.6992700000,0.6992900000
