time_msc,bid,ask
1789751880113,25370.7500000000,25371.2500000000
1789751881737,25371.7500000000,25372.2500000000
1789751882542,25372.7500000000,25373.2500000000
1789751883961,25373.7500000000,25374.2500000000
1789751886180,25375.7500000000,25376.2500000000
1789751886989,25376.7500000000,25377.2500000000
1789751888404,25375.7500000000,25376.2500000000
1789751888608,25376.7500000000,25377.2500000000
1789751889418,25375.7500000000,25376.2500000000
1789751889823,25376.7500000000,25377.2500000000
1789751890435,25375.7500000000,25376.2500000000
1789751890632,25373.7500000000,25374.2500000000
1789751893870,25374.7500000000,25375.2500000000
1789751894070,25373.7500000000,25374.2500000000
1789751894476,25372.7500000000,25373.2500000000
1789751895084,25371.7500000000,25372.2500000000
1789751895689,25370.7500000000,25371.2500000000
1789751896291,25371.7500000000,25372.2500000000
1789751896495,25370.7500000000,25371.2500000000
1789751898318,25371.7500000000,25372.2500000000
1789751900139,25370.7500000000,25371.2500000000
1789751900347,25371.7500000000,25372.2500000000
1789751900748,25370.7500000000,25371.2500000000
1789751902566,25369.7500000000,25370.2500000000
1789751902770,25371.7500000000,25372.2500000000
1789751903378,25372.7500000000,25373.2500000000
1789751906608,25371.7500000000,25372.2500000000
1789751906811,25372.7500000000,25373.2500000000
1789751907628,25373.7500000000,25374.2500000000
1789751909648,25372.7500000000,25373.2500000000
1789751910254,25373.7500000000,25374.2500000000
1789751912280,25372.7500000000,25373.2500000000
1789751913897,25373.7500000000,25374.2500000000
1789751914098,25372.7500000000,25373.2500000000
1789751914517,25373.7500000000,25374.2500000000
1789751915926,25374.7500000000,25375.2500000000
1789751916527,25375.7500000000,25376.2500000000
1789751916733,25376.7500000000,25377.2500000000
1789751916935,25377.7500000000,25378.2500000000
1789751917139,25376.7500000000,25377.2500000000
1789751918753,25377.7500000000,25378.2500000000
1789751920773,25378.7500000000,25379.2500000000
1789751922599,25379.7500000000,25380.2500000000
1789751924623,25380.7500000000,25381.2500000000
1789751925829,25379.7500000000,25380.2500000000
1789751927652,25380.7500000000,25381.2500000000
1789751927855,25379.7500000000,25380.2500000000
1789751928058,25380.7500000000,25381.2500000000
1789751929476,25379.7500000000,25380.2500000000
1789751929677,25380.7500000000,25381.2500000000
1789751930076,25379.7500000000,25380.2500000000
1789751930886,25377.7500000000,25378.2500000000
1789751931086,25376.7500000000,25377.2500000000
1789751931692,25377.7500000000,25378.2500000000
1789751935541,25380.7500000000,25381.2500000000
1789751936349,25381.7500000000,25382.2500000000
1789751936554,25380.7500000000,25381.2500000000
1789751936954,25381.7500000000,25382.2500000000
1789751937360,25380.7500000000,25381.2500000000
1789751937767,25381.7500000000,25382.2500000000
1789751939184,25382.7500000000,25383.2500000000
1789751939587,25383.7500000000,25384.2500000000
1789751940197,25383.7500000000,25384.2500000000
1789751943231,25384.7500000000,25385.2500000000
1789751944038,25385.7500000000,25386.2500000000
1789751944850,25386.7500000000,25387.2500000000
1789751945057,25385.7500000000,25386.2500000000
1789751946471,25386.7500000000,25387.2500000000
1789751953346,25385.7500000000,25386.2500000000
1789751954762,25384.7500000000,25385.2500000000
1789751955770,25383.7500000000,25384.2500000000
1789751959409,25382.7500000000,25383.2500000000
1789751959610,25383.7500000000,25384.2500000000
1789751961025,25384.7500000000,25385.2500000000
1789751961229,25383.7500000000,25384.2500000000
1789751962640,25384.7500000000,25385.2500000000
1789751965471,25385.7500000000,25386.2500000000
1789751965670,25384.7500000000,25385.2500000000
1789751971338,25385.7500000000,25386.2500000000
1789751971942,25384.7500000000,25385.2500000000
1789751973155,25383.7500000000,25384.2500000000
1789751973765,25384.7500000000,25385.2500000000
1789751974169,25383.7500000000,25384.2500000000
1789751974577,25384.7500000000,25385.2500000000
1789751974775,25383.7500000000,25384.2500000000
1789751980031,25384.7500000000,25385.2500000000
1789751985698,25386.7500000000,25387.2500000000
1789751985895,25385.7500000000,25386.2500000000
1789751986500,25386.7500000000,25387.2500000000
1789751986703,25385.7500000000,25386.2500000000
1789751987921,25386.7500000000,25387.2500000000
1789751988327,25385.7500000000,25386.2500000000
1789751988527,25386.7500000000,25387.2500000000
1789751989541,25385.7500000000,25386.2500000000
1789751990347,25386.7500000000,25387.2500000000
1789751990752,25385.7500000000,25386.2500000000
1789751991155,25384.7500000000,25385.2500000000
1789751995606,25385.7500000000,25386.2500000000
1789751997424,25384.7500000000,25385.2500000000
1789751997833,25385.7500000000,25386.2500000000
1789751998231,25384.7500000000,25385.2500000000
1789751999041,25385.7500000000,25386.2500000000
1789751999245,25387.7500000000,25388.2500000000
1789751999449,25386.7500000000,25387.2500000000
1789752000263,25386.7500000000,25387.2500000000
1789752002699,25384.7500000000,25385.2500000000
1789752003300,25385.7500000000,25386.2500000000
1789752003705,25386.7500000000,25387.2500000000
1789752003910,25387.7500000000,25388.2500000000
1789752004315,25388.7500000000,25389.2500000000
1789752004718,25389.7500000000,25390.2500000000
1789752005939,25390.7500000000,25391.2500000000
1789752006341,25391.7500000000,25392.2500000000
1789752007556,25392.7500000000,25393.2500000000
1789752007753,25391.7500000000,25392.2500000000
1789752008564,25390.7500000000,25391.2500000000
1789752008769,25391.7500000000,25392.2500000000
1789752009985,25392.7500000000,25393.2500000000
1789752013217,25391.7500000000,25392.2500000000
1789752014630,25392.7500000000,25393.2500000000
1789752015443,25389.7500000000,25390.2500000000
1789752017060,25388.7500000000,25389.2500000000
1789752019287,25389.7500000000,25390.2500000000
1789752019490,25388.7500000000,25389.2500000000
1789752019697,25390.7500000000,25391.2500000000
1789752019899,25389.7500000000,25390.2500000000
1789752020100,25390.7500000000,25391.2500000000
1789752020303,25389.7500000000,25390.2500000000
1789752021918,25388.7500000000,25389.2500000000
1789752022326,25390.7500000000,25391.2500000000
1789752025153,25389.7500000000,25390.2500000000
1789752027176,25388.7500000000,25389.2500000000
1789752028995,25389.7500000000,25390.2500000000
1789752031026,25388.7500000000,25389.2500000000
1789752032238,25387.7500000000,25388.2500000000
1789752032638,25386.7500000000,25387.2500000000
1789752032840,25387.7500000000,25388.2500000000
1789752034262,25386.7500000000,25387.2500000000
1789752034662,25387.7500000000,25388.2500000000
1789752035678,25388.7500000000,25389.2500000000
1789752035875,25387.7500000000,25388.2500000000
1789752040127,25386.7500000000,25387.2500000000
1789752040931,25385.7500000000,25386.2500000000
1789752041539,25386.7500000000,25387.2500000000
1789752041739,25385.7500000000,25386.2500000000
1789752042747,25386.7500000000,25387.2500000000
1789752043556,25387.7500000000,25388.2500000000
1789752043960,25386.7500000000,25387.2500000000
1789752046993,25387.7500000000,25388.2500000000
1789752047193,25386.7500000000,25387.2500000000
1789752049414,25385.7500000000,25386.2500000000
1789752050223,25386.7500000000,25387.2500000000
1789752051237,25385.7500000000,25386.2500000000
1789752052464,25384.7500000000,25385.2500000000
1789752054077,25385.7500000000,25386.2500000000
1789752055490,25386.7500000000,25387.2500000000
1789752055898,25385.7500000000,25386.2500000000
1789752056100,25386.7500000000,25387.2500000000
1789752057921,25385.7500000000,25386.2500000000
1789752059939,25386.7500000000,25387.2500000000
1789752060140,25388.7500000000,25389.2500000000
1789752060342,25387.7500000000,25388.2500000000
1789752062172,25389.7500000000,25390.2500000000
1789752063389,25388.7500000000,25389.2500000000
1789752066432,25387.7500000000,25388.2500000000
1789752067241,25388.7500000000,25389.2500000000
1789752068048,25387.7500000000,25388.2500000000
1789752068657,25388.7500000000,25389.2500000000
1789752069671,25387.7500000000,25388.2500000000
1789752070477,25386.7500000000,25387.2500000000
1789752070681,25387.7500000000,25388.2500000000
1789752071081,25386.7500000000,25387.2500000000
1789752071897,25385.7500000000,25386.2500000000
1789752076135,25384.7500000000,25385.2500000000
1789752076540,25382.7500000000,25383.2500000000
1789752076742,25381.7500000000,25382.2500000000
1789752076944,25382.7500000000,25383.2500000000
1789752077348,25383.7500000000,25384.2500000000
1789752077554,25382.7500000000,25383.2500000000
1789752077751,25383.7500000000,25384.2500000000
1789752078162,25384.7500000000,25385.2500000000
1789752080784,25387.7500000000,25388.2500000000
1789752083208,25388.7500000000,25389.2500000000
1789752083814,25386.7500000000,25387.2500000000
1789752084020,25385.7500000000,25386.2500000000
1789752090894,25384.7500000000,25385.2500000000
1789752092313,25381.7500000000,25382.2500000000
1789752092917,25380.7500000000,25381.2500000000
1789752093117,25381.7500000000,25382.2500000000
1789752098985,25380.7500000000,25381.2500000000
1789752099591,25381.7500000000,25382.2500000000
1789752099789,25380.7500000000,25381.2500000000
1789752102829,25378.7500000000,25379.2500000000
1789752103026,25379.7500000000,25380.2500000000
1789752104041,25378.7500000000,25379.2500000000
1789752104240,25379.7500000000,25380.2500000000
1789752105658,25380.7500000000,25381.2500000000
1789752110102,25383.7500000000,25384.2500000000
1789752110311,25382.7500000000,25383.2500000000
1789752111117,25383.7500000000,25384.2500000000
1789752111319,25382.7500000000,25383.2500000000
1789752113943,25380.7500000000,25381.2500000000
1789752114350,25379.7500000000,25380.2500000000
1789752116578,25382.7500000000,25383.2500000000
1789752117591,25383.7500000000,25384.2500000000
1789752117989,25382.7500000000,25383.2500000000
1789752120210,25383.7500000000,25384.2500000000
1789752120819,25384.7500000000,25385.2500000000
1789752121033,25383.7500000000,25384.2500000000
1789752122042,25382.7500000000,25383.2500000000
1789752122242,25383.7500000000,25384.2500000000
1789752123050,25384.7500000000,25385.2500000000
1789752124463,25385.7500000000,25386.2500000000
1789752125274,25386.7500000000,25387.2500000000
1789752126083,25387.7500000000,25388.2500000000
1789752127095,25388.7500000000,25389.2500000000
1789752127701,25387.7500000000,25388.2500000000
1789752131954,25388.7500000000,25389.2500000000
1789752133572,25387.7500000000,25388.2500000000
1789752133975,25386.7500000000,25387.2500000000
1789752134180,25385.7500000000,25386.2500000000
1789752136194,25386.7500000000,25387.2500000000
1789752137413,25387.7500000000,25388.2500000000
1789752139028,25388.7500000000,25389.2500000000
1789752139640,25389.7500000000,25390.2500000000
1789752140048,25390.7500000000,25391.2500000000
1789752140244,25391.7500000000,25392.2500000000
1789752141053,25390.7500000000,25391.2500000000
1789752141666,25391.7500000000,25392.2500000000
1789752142066,25392.7500000000,25393.2500000000
1789752146313,25391.7500000000,25392.2500000000
1789752147122,25390.7500000000,25391.2500000000
1789752147731,25391.7500000000,25392.2500000000
1789752149957,25390.7500000000,25391.2500000000
1789752150161,25389.7500000000,25390.2500000000
1789752150362,25390.7500000000,25391.2500000000
1789752155217,25391.7500000000,25392.2500000000
1789752156428,25390.7500000000,25391.2500000000
1789752157242,25392.7500000000,25393.2500000000
1789752158450,25391.7500000000,25392.2500000000
1789752158857,25390.7500000000,25391.2500000000
1789752159461,25389.7500000000,25390.2500000000
1789752160874,25388.7500000000,25389.2500000000
1789752161681,25387.7500000000,25388.2500000000
1789752162490,25388.7500000000,25389.2500000000
1789752165326,25389.7500000000,25390.2500000000
1789752168976,25391.7500000000,25392.2500000000
1789752169175,25392.7500000000,25393.2500000000
1789752169989,25391.7500000000,25392.2500000000
1789752170389,25392.7500000000,25393.2500000000
1789752170796,25391.7500000000,25392.2500000000
1789752171600,25393.7500000000,25394.2500000000
1789752172206,25392.7500000000,25393.2500000000
1789752172815,25393.7500000000,25394.2500000000
1789752174031,25394.7500000000,25395.2500000000
1789752174231,25393.7500000000,25394.2500000000
1789752174841,25392.7500000000,25393.2500000000
1789752175041,25391.7500000000,25392.2500000000
1789752175240,25392.7500000000,25393.2500000000
1789752177267,25391.7500000000,25392.2500000000
1789752179894,25390.7500000000,25391.2500000000
1789752180101,25391.7500000000,25392.2500000000
1789752180301,25390.7500000000,25391.2500000000
1789752182527,25391.7500000000,25392.2500000000
1789752185771,25392.7500000000,25393.2500000000
1789752185974,25391.7500000000,25392.2500000000
1789752188193,25392.7500000000,25393.2500000000
1789752189407,25393.7500000000,25394.2500000000
1789752189609,25392.7500000000,25393.2500000000
1789752191837,25390.7500000000,25391.2500000000
1789752193453,25389.7500000000,25390.2500000000
1789752193653,25390.7500000000,25391.2500000000
1789752194464,25391.7500000000,25392.2500000000
1789752195480,25392.7500000000,25393.2500000000
1789752195681,25391.7500000000,25392.2500000000
1789752196286,25393.7500000000,25394.2500000000
1789752197299,25394.7500000000,25395.2500000000
1789752197907,25395.7500000000,25396.2500000000
1789752198109,25394.7500000000,25395.2500000000
1789752198513,25393.7500000000,25394.2500000000
1789752198722,25394.7500000000,25395.2500000000
1789752199728,25393.7500000000,25394.2500000000
1789752200745,25394.7500000000,25395.2500000000
1789752200941,25393.7500000000,25394.2500000000
1789752204784,25392.7500000000,25393.2500000000
1789752205187,25393.7500000000,25394.2500000000
1789752205794,25392.7500000000,25393.2500000000
1789752207823,25393.7500000000,25394.2500000000
1789752208027,25392.7500000000,25393.2500000000
1789752208229,25393.7500000000,25394.2500000000
1789752208427,25392.7500000000,25393.2500000000
1789752208633,25393.7500000000,25394.2500000000
1789752209441,25392.7500000000,25393.2500000000
1789752212074,25391.7500000000,25392.2500000000
1789752213692,25390.7500000000,25391.2500000000
1789752216523,25391.7500000000,25392.2500000000
1789752216923,25390.7500000000,25391.2500000000
1789752217937,25391.7500000000,25392.2500000000
1789752218136,25390.7500000000,25391.2500000000
1789752219147,25391.7500000000,25392.2500000000
1789752219349,25390.7500000000,25391.2500000000
1789752219554,25391.7500000000,25392.2500000000
1789752220360,25392.7500000000,25393.2500000000
1789752221777,25393.7500000000,25394.2500000000
1789752221976,25394.7500000000,25395.2500000000
1789752222380,25395.7500000000,25396.2500000000
1789752223396,25394.7500000000,25395.2500000000
1789752225625,25393.7500000000,25394.2500000000
1789752226627,25392.7500000000,25393.2500000000
1789752227037,25393.7500000000,25394.2500000000
1789752227442,25392.7500000000,25393.2500000000
1789752228456,25393.7500000000,25394.2500000000
1789752229867,25392.7500000000,25393.2500000000
1789752230068,25393.7500000000,25394.2500000000
1789752230276,25394.7500000000,25395.2500000000
1789752231080,25393.7500000000,25394.2500000000
1789752233507,25392.7500000000,25393.2500000000
1789752234517,25393.7500000000,25394.2500000000
1789752239779,25392.7500000000,25393.2500000000
1789752240183,25393.7500000000,25394.2500000000
1789752241594,25392.7500000000,25393.2500000000
1789752241803,25393.7500000000,25394.2500000000
1789752242210,25394.7500000000,25395.2500000000
1789752245242,25392.7500000000,25393.2500000000
1789752245651,25391.7500000000,25392.2500000000
1789752248278,25389.7500000000,25390.2500000000
1789752248891,25388.7500000000,25389.2500000000
1789752249292,25387.7500000000,25388.2500000000
1789752250303,25389.7500000000,25390.2500000000
1789752250512,25388.7500000000,25389.2500000000
1789752251317,25389.7500000000,25390.2500000000
1789752251522,25390.7500000000,25391.2500000000
1789752252942,25388.7500000000,25389.2500000000
1789752257790,25389.7500000000,25390.2500000000
1789752258198,25388.7500000000,25389.2500000000
1789752258603,25387.7500000000,25388.2500000000
1789752259006,25388.7500000000,25389.2500000000
1789752259210,25387.7500000000,25388.2500000000
1789752260218,25388.7500000000,25389.2500000000
1789752260421,25387.7500000000,25388.2500000000
1789752261634,25386.7500000000,25387.2500000000
1789752262445,25385.7500000000,25386.2500000000
1789752263258,25384.7500000000,25385.2500000000
1789752263661,25385.7500000000,25386.2500000000
1789752264065,25386.7500000000,25387.2500000000
1789752265075,25384.7500000000,25385.2500000000
1789752265884,25383.7500000000,25384.2500000000
1789752267500,25381.7500000000,25382.2500000000
1789752271353,25382.7500000000,25383.2500000000
1789752271552,25381.7500000000,25382.2500000000
1789752272561,25382.7500000000,25383.2500000000
1789752273978,25381.7500000000,25382.2500000000
1789752274181,25380.7500000000,25381.2500000000
1789752274390,25381.7500000000,25382.2500000000
1789752275596,25382.7500000000,25383.2500000000
1789752276608,25381.7500000000,25382.2500000000
1789752277011,25382.7500000000,25383.2500000000
1789752277214,25381.7500000000,25382.2500000000
1789752277415,25382.7500000000,25383.2500000000
1789752279436,25384.7500000000,25385.2500000000
1789752279637,25386.7500000000,25387.2500000000
1789752280043,25387.7500000000,25388.2500000000
1789752280448,25388.7500000000,25389.2500000000
1789752281866,25387.7500000000,25388.2500000000
1789752283482,25388.7500000000,25389.2500000000
1789752284293,25387.7500000000,25388.2500000000
1789752289146,25388.7500000000,25389.2500000000
1789752289544,25389.7500000000,25390.2500000000
1789752293583,25390.7500000000,25391.2500000000
1789752294392,25389.7500000000,25390.2500000000
1789752294795,25390.7500000000,25391.2500000000
1789752295197,25389.7500000000,25390.2500000000
1789752300053,25389.7500000000,25390.2500000000
1789752300865,25390.7500000000,25391.2500000000
1789752302280,25389.7500000000,25390.2500000000
1789752302489,25390.7500000000,25391.2500000000
1789752303500,25389.7500000000,25390.2500000000
1789752304509,25390.7500000000,25391.2500000000
1789752304719,25391.7500000000,25392.2500000000
1789752305114,25389.7500000000,25390.2500000000
1789752307345,25386.7500000000,25387.2500000000
1789752307748,25385.7500000000,25386.2500000000
1789752308556,25384.7500000000,25385.2500000000
1789752309569,25385.7500000000,25386.2500000000
1789752310781,25386.7500000000,25387.2500000000
1789752310987,25385.7500000000,25386.2500000000
1789752311191,25384.7500000000,25385.2500000000
1789752311791,25383.7500000000,25384.2500000000
1789752312394,25382.7500000000,25383.2500000000
1789752313404,25381.7500000000,25382.2500000000
1789752314214,25380.7500000000,25381.2500000000
1789752314421,25379.7500000000,25380.2500000000
1789752315225,25381.7500000000,25382.2500000000
1789752315426,25383.7500000000,25384.2500000000
1789752318056,25382.7500000000,25383.2500000000
1789752320080,25383.7500000000,25384.2500000000
1789752321701,25384.7500000000,25385.2500000000
1789752322107,25383.7500000000,25384.2500000000
1789752325140,25382.7500000000,25383.2500000000
1789752325341,25383.7500000000,25384.2500000000
1789752328572,25381.7500000000,25382.2500000000
1789752330190,25382.7500000000,25383.2500000000
1789752331809,25381.7500000000,25382.2500000000
1789752335254,25378.7500000000,25379.2500000000
1789752335857,25377.7500000000,25378.2500000000
1789752336467,25378.7500000000,25379.2500000000
1789752336870,25379.7500000000,25380.2500000000
1789752337071,25378.7500000000,25379.2500000000
1789752338692,25379.7500000000,25380.2500000000
1789752340105,25378.7500000000,25379.2500000000
1789752340310,25380.7500000000,25381.2500000000
1789752340513,25379.7500000000,25380.2500000000
1789752342331,25378.7500000000,25379.2500000000
1789752342535,25379.7500000000,25380.2500000000
1789752342739,25377.7500000000,25378.2500000000
1789752342939,25378.7500000000,25379.2500000000
1789752343956,25377.7500000000,25378.2500000000
1789752345367,25379.7500000000,25380.2500000000
1789752345773,25382.7500000000,25383.2500000000
1789752345973,25381.7500000000,25382.2500000000
1789752346383,25382.7500000000,25383.2500000000
1789752346987,25381.7500000000,25382.2500000000
1789752347390,25382.7500000000,25383.2500000000
1789752347591,25381.7500000000,25382.2500000000
1789752347995,25382.7500000000,25383.2500000000
1789752348200,25380.7500000000,25381.2500000000
1789752349211,25379.7500000000,25380.2500000000
1789752349412,25378.7500000000,25379.2500000000
1789752350424,25379.7500000000,25380.2500000000
1789752350625,25378.7500000000,25379.2500000000
1789752351032,25379.7500000000,25380.2500000000
1789752352068,25380.7500000000,25381.2500000000
1789752352272,25379.7500000000,25380.2500000000
1789752354495,25378.7500000000,25379.2500000000
1789752360154,25378.7500000000,25379.2500000000
1789752360561,25377.7500000000,25378.2500000000
1789752361166,25378.7500000000,25379.2500000000
1789752361572,25377.7500000000,25378.2500000000
1789752362382,25376.7500000000,25377.2500000000
1789752362585,25375.7500000000,25376.2500000000
1789752362787,25376.7500000000,25377.2500000000
1789752362992,25377.7500000000,25378.2500000000
1789752363396,25376.7500000000,25377.2500000000
1789752363804,25377.7500000000,25378.2500000000
1789752364813,25378.7500000000,25379.2500000000
1789752365218,25377.7500000000,25378.2500000000
1789752365423,25378.7500000000,25379.2500000000
1789752366434,25379.7500000000,25380.2500000000
1789752367443,25380.7500000000,25381.2500000000
1789752369672,25379.7500000000,25380.2500000000
1789752369869,25380.7500000000,25381.2500000000
1789752370073,25379.7500000000,25380.2500000000
1789752372101,25380.7500000000,25381.2500000000
1789752374930,25379.7500000000,25380.2500000000
1789752375130,25380.7500000000,25381.2500000000
1789752375336,25379.7500000000,25380.2500000000
1789752375945,25378.7500000000,25379.2500000000
1789752377960,25379.7500000000,25380.2500000000
1789752378162,25378.7500000000,25379.2500000000
1789752378366,25379.7500000000,25380.2500000000
1789752379581,25380.7500000000,25381.2500000000
1789752380591,25381.7500000000,25382.2500000000
1789752380995,25380.7500000000,25381.2500000000
1789752387063,25379.7500000000,25380.2500000000
1789752388276,25380.7500000000,25381.2500000000
1789752390101,25379.7500000000,25380.2500000000
1789752390301,25380.7500000000,25381.2500000000
1789752391113,25379.7500000000,25380.2500000000
1789752394145,25378.7500000000,25379.2500000000
1789752394748,25377.7500000000,25378.2500000000
1789752395559,25376.7500000000,25377.2500000000
1789752395760,25375.7500000000,25376.2500000000
1789752398186,25374.7500000000,25375.2500000000
1789752398389,25375.7500000000,25376.2500000000
1789752398590,25376.7500000000,25377.2500000000
1789752398993,25377.7500000000,25378.2500000000
1789752400207,25379.7500000000,25380.2500000000
1789752400814,25380.7500000000,25381.2500000000
1789752402632,25381.7500000000,25382.2500000000
1789752404050,25380.7500000000,25381.2500000000
1789752406482,25379.7500000000,25380.2500000000
1789752409917,25378.7500000000,25379.2500000000
1789752410119,25379.7500000000,25380.2500000000
1789752410321,25378.7500000000,25379.2500000000
1789752411135,25379.7500000000,25380.2500000000
1789752412748,25378.7500000000,25379.2500000000
1789752413154,25379.7500000000,25380.2500000000
1789752413560,25378.7500000000,25379.2500000000
1789752414376,25377.7500000000,25378.2500000000
1789752414578,25378.7500000000,25379.2500000000
1789752415383,25377.7500000000,25378.2500000000
1789752415788,25376.7500000000,25377.2500000000
1789752416601,25377.7500000000,25378.2500000000
1789752416804,25376.7500000000,25377.2500000000
1789752417408,25377.7500000000,25378.2500000000
1789752418420,25376.7500000000,25377.2500000000
1789752418823,25377.7500000000,25378.2500000000
1789752419025,25376.7500000000,25377.2500000000
1789752420444,25377.7500000000,25378.2500000000
1789752420846,25378.7500000000,25379.2500000000
1789752422272,25382.7500000000,25383.2500000000
1789752422477,25384.7500000000,25385.2500000000
1789752423280,25383.7500000000,25384.2500000000
1789752423687,25384.7500000000,25385.2500000000
1789752425303,25385.7500000000,25386.2500000000
1789752426316,25386.7500000000,25387.2500000000
1789752427732,25385.7500000000,25386.2500000000
1789752428340,25384.7500000000,25385.2500000000
1789752431171,25385.7500000000,25386.2500000000
1789752431579,25384.7500000000,25385.2500000000
1789752433801,25383.7500000000,25384.2500000000
1789752433999,25384.7500000000,25385.2500000000
1789752434410,25383.7500000000,25384.2500000000
1789752434812,25384.7500000000,25385.2500000000
1789752435216,25383.7500000000,25384.2500000000
1789752439268,25382.7500000000,25383.2500000000
1789752439472,25383.7500000000,25384.2500000000
1789752440489,25384.7500000000,25385.2500000000
1789752440686,25383.7500000000,25384.2500000000
1789752440888,25384.7500000000,25385.2500000000
1789752443117,25385.7500000000,25386.2500000000
1789752443724,25384.7500000000,25385.2500000000
1789752444534,25385.7500000000,25386.2500000000
1789752447973,25386.7500000000,25387.2500000000
1789752449796,25385.7500000000,25386.2500000000
1789752450403,25384.7500000000,25385.2500000000
1789752453438,25385.7500000000,25386.2500000000
1789752454847,25384.7500000000,25385.2500000000
1789752460914,25383.7500000000,25384.2500000000
1789752462530,25384.7500000000,25385.2500000000
1789752464150,25385.7500000000,25386.2500000000
1789752465365,25384.7500000000,25385.2500000000
1789752465572,25385.7500000000,25386.2500000000
1789752466179,25384.7500000000,25385.2500000000
1789752466992,25385.7500000000,25386.2500000000
1789752467392,25384.7500000000,25385.2500000000
1789752468409,25383.7500000000,25384.2500000000
1789752469011,25384.7500000000,25385.2500000000
1789752469617,25385.7500000000,25386.2500000000
1789752470021,25384.7500000000,25385.2500000000
1789752472246,25385.7500000000,25386.2500000000
1789752472854,25386.7500000000,25387.2500000000
1789752473059,25385.7500000000,25386.2500000000
1789752473259,25384.7500000000,25385.2500000000
1789752474883,25385.7500000000,25386.2500000000
1789752475279,25386.7500000000,25387.2500000000
1789752476086,25387.7500000000,25388.2500000000
1789752477501,25388.7500000000,25389.2500000000
1789752477705,25390.7500000000,25391.2500000000
1789752478108,25391.7500000000,25392.2500000000
1789752478510,25390.7500000000,25391.2500000000
1789752478919,25389.7500000000,25390.2500000000
1789752479119,25388.7500000000,25389.2500000000
1789752479929,25389.7500000000,25390.2500000000
1789752480539,25389.7500000000,25390.2500000000
1789752481144,25390.7500000000,25391.2500000000
1789752482157,25391.7500000000,25392.2500000000
1789752482765,25390.7500000000,25391.2500000000
1789752483776,25389.7500000000,25390.2500000000
1789752483984,25390.7500000000,25391.2500000000
1789752484383,25391.7500000000,25392.2500000000
1789752486406,25390.7500000000,25391.2500000000
1789752487828,25391.7500000000,25392.2500000000
1789752488030,25392.7500000000,25393.2500000000
1789752488839,25391.7500000000,25392.2500000000
1789752489040,25392.7500000000,25393.2500000000
1789752490262,25391.7500000000,25392.2500000000
1789752491068,25390.7500000000,25391.2500000000
1789752491474,25391.7500000000,25392.2500000000
1789752492079,25389.7500000000,25390.2500000000
1789752492884,25390.7500000000,25391.2500000000
1789752494297,25392.7500000000,25393.2500000000
1789752494904,25391.7500000000,25392.2500000000
1789752495712,25392.7500000000,25393.2500000000
1789752497332,25391.7500000000,25392.2500000000
1789752502788,25392.7500000000,25393.2500000000
1789752504210,25391.7500000000,25392.2500000000
1789752504608,25392.7500000000,25393.2500000000
1789752506424,25393.7500000000,25394.2500000000
1789752506827,25392.7500000000,25393.2500000000
1789752507242,25394.7500000000,25395.2500000000
1789752510274,25392.7500000000,25393.2500000000
1789752510478,25393.7500000000,25394.2500000000
1789752514727,25392.7500000000,25393.2500000000
1789752515533,25393.7500000000,25394.2500000000
1789752519175,25392.7500000000,25393.2500000000
1789752519782,25391.7500000000,25392.2500000000
1789752520384,25390.7500000000,25391.2500000000
1789752520790,25389.7500000000,25390.2500000000
1789752520989,25390.7500000000,25391.2500000000
1789752524023,25389.7500000000,25390.2500000000
1789752524426,25390.7500000000,25391.2500000000
1789752524630,25389.7500000000,25390.2500000000
1789752526850,25388.7500000000,25389.2500000000
1789752530504,25387.7500000000,25388.2500000000
1789752531104,25388.7500000000,25389.2500000000
1789752531508,25389.7500000000,25390.2500000000
1789752531917,25390.7500000000,25391.2500000000
1789752532116,25389.7500000000,25390.2500000000
1789752533326,25388.7500000000,25389.2500000000
1789752533529,25387.7500000000,25388.2500000000
1789752534942,25386.7500000000,25387.2500000000
1789752536158,25387.7500000000,25388.2500000000
1789752538783,25386.7500000000,25387.2500000000
1789752539591,25385.7500000000,25386.2500000000
1789752540605,25386.7500000000,25387.2500000000
1789752542842,25385.7500000000,25386.2500000000
1789752543645,25386.7500000000,25387.2500000000
1789752543847,25385.7500000000,25386.2500000000
1789752544252,25384.7500000000,25385.2500000000
1789752544459,25385.7500000000,25386.2500000000
1789752545064,25386.7500000000,25387.2500000000
1789752545263,25385.7500000000,25386.2500000000
1789752545465,25384.7500000000,25385.2500000000
1789752545668,25385.7500000000,25386.2500000000
1789752546276,25384.7500000000,25385.2500000000
1789752547084,25383.7500000000,25384.2500000000
1789752548299,25384.7500000000,25385.2500000000
1789752548906,25383.7500000000,25384.2500000000
1789752549512,25384.7500000000,25385.2500000000
1789752549716,25383.7500000000,25384.2500000000
1789752550525,25384.7500000000,25385.2500000000
1789752551131,25383.7500000000,25384.2500000000
1789752552555,25382.7500000000,25383.2500000000
1789752554170,25381.7500000000,25382.2500000000
1789752558012,25382.7500000000,25383.2500000000
1789752558619,25383.7500000000,25384.2500000000
1789752560439,25384.7500000000,25385.2500000000
1789752560845,25383.7500000000,25384.2500000000
1789752563474,25384.7500000000,25385.2500000000
1789752565100,25383.7500000000,25384.2500000000
1789752565300,25384.7500000000,25385.2500000000
1789752565501,25383.7500000000,25384.2500000000
1789752565700,25384.7500000000,25385.2500000000
1789752565906,25383.7500000000,25384.2500000000
1789752566106,25384.7500000000,25385.2500000000
1789752568332,25385.7500000000,25386.2500000000
1789752568739,25386.7500000000,25387.2500000000
1789752568949,25387.7500000000,25388.2500000000
1789752569146,25388.7500000000,25389.2500000000
1789752569550,25387.7500000000,25388.2500000000
1789752570561,25385.7500000000,25386.2500000000
1789752571573,25384.7500000000,25385.2500000000
1789752572181,25385.7500000000,25386.2500000000
1789752572990,25384.7500000000,25385.2500000000
1789752575622,25382.7500000000,25383.2500000000
1789752575828,25383.7500000000,25384.2500000000
1789752576029,25382.7500000000,25383.2500000000
1789752577644,25383.7500000000,25384.2500000000
1789752578460,25382.7500000000,25383.2500000000
1789752578655,25383.7500000000,25384.2500000000
1789752580476,25382.7500000000,25383.2500000000
1789752582707,25381.7500000000,25382.2500000000
1789752583112,25382.7500000000,25383.2500000000
1789752583318,25381.7500000000,25382.2500000000
1789752583518,25382.7500000000,25383.2500000000
1789752584123,25381.7500000000,25382.2500000000
1789752584328,25382.7500000000,25383.2500000000
1789752584730,25383.7500000000,25384.2500000000
1789752585138,25384.7500000000,25385.2500000000
1789752587760,25383.7500000000,25384.2500000000
1789752589578,25384.7500000000,25385.2500000000
1789752591398,25383.7500000000,25384.2500000000
1789752592206,25384.7500000000,25385.2500000000
1789752592813,25383.7500000000,25384.2500000000
1789752593016,25384.7500000000,25385.2500000000
1789752593224,25383.7500000000,25384.2500000000
1789752595046,25384.7500000000,25385.2500000000
1789752597870,25383.7500000000,25384.2500000000
1789752599081,25384.7500000000,25385.2500000000
1789752599484,25383.7500000000,25384.2500000000
1789752599887,25384.7500000000,25385.2500000000
1789752600102,25384.7500000000,25385.2500000000
1789752600903,25383.7500000000,25384.2500000000
1789752601508,25384.7500000000,25385.2500000000
1789752603530,25385.7500000000,25386.2500000000
1789752604341,25386.7500000000,25387.2500000000
1789752605152,25385.7500000000,25386.2500000000
1789752605353,25386.7500000000,25387.2500000000
1789752606366,25385.7500000000,25386.2500000000
1789752606764,25386.7500000000,25387.2500000000
1789752606966,25385.7500000000,25386.2500000000
1789752607779,25384.7500000000,25385.2500000000
1789752607982,25385.7500000000,25386.2500000000
1789752608183,25382.7500000000,25383.2500000000
1789752608388,25383.7500000000,25384.2500000000
1789752608991,25384.7500000000,25385.2500000000
1789752609191,25383.7500000000,25384.2500000000
1789752609393,25384.7500000000,25385.2500000000
1789752610408,25383.7500000000,25384.2500000000
1789752611215,25384.7500000000,25385.2500000000
1789752612028,25385.7500000000,25386.2500000000
1789752612834,25386.7500000000,25387.2500000000
1789752614249,25385.7500000000,25386.2500000000
1789752614452,25384.7500000000,25385.2500000000
1789752615669,25385.7500000000,25386.2500000000
1789752616473,25384.7500000000,25385.2500000000
1789752616878,25383.7500000000,25384.2500000000
1789752617083,25384.7500000000,25385.2500000000
1789752617285,25383.7500000000,25384.2500000000
1789752618500,25384.7500000000,25385.2500000000
1789752622952,25383.7500000000,25384.2500000000
1789752623761,25382.7500000000,25383.2500000000
1789752627411,25386.7500000000,25387.2500000000
1789752627607,25385.7500000000,25386.2500000000
1789752628009,25386.7500000000,25387.2500000000
1789752628215,25385.7500000000,25386.2500000000
1789752628418,25386.7500000000,25387.2500000000
1789752628617,25385.7500000000,25386.2500000000
1789752632260,25386.7500000000,25387.2500000000
1789752633065,25388.7500000000,25389.2500000000
1789752633271,25389.7500000000,25390.2500000000
1789752634481,25388.7500000000,25389.2500000000
1789752636099,25387.7500000000,25388.2500000000
1789752638527,25388.7500000000,25389.2500000000
1789752639738,25387.7500000000,25388.2500000000
1789752641154,25386.7500000000,25387.2500000000
1789752641762,25385.7500000000,25386.2500000000
1789752642976,25384.7500000000,25385.2500000000
1789752643178,25380.7500000000,25381.2500000000
1789752643585,25381.7500000000,25382.2500000000
1789752643995,25380.7500000000,25381.2500000000
1789752644594,25381.7500000000,25382.2500000000
1789752644801,25380.7500000000,25381.2500000000
1789752645202,25381.7500000000,25382.2500000000
1789752647628,25380.7500000000,25381.2500000000
1789752647836,25381.7500000000,25382.2500000000
1789752648440,25380.7500000000,25381.2500000000
1789752649452,25381.7500000000,25382.2500000000
1789752649857,25380.7500000000,25381.2500000000
1789752650262,25381.7500000000,25382.2500000000
1789752651474,25382.7500000000,25383.2500000000
1789752652281,25381.7500000000,25382.2500000000
1789752652484,25380.7500000000,25381.2500000000
1789752654309,25381.7500000000,25382.2500000000
1789752655923,25380.7500000000,25381.2500000000
1789752656133,25379.7500000000,25380.2500000000
1789752659569,25380.7500000000,25381.2500000000
1789752659974,25379.7500000000,25380.2500000000
1789752660177,25378.7500000000,25379.2500000000
1789752660384,25379.7500000000,25380.2500000000
1789752660987,25378.7500000000,25379.2500000000
1789752661798,25377.7500000000,25378.2500000000
1789752662199,25378.7500000000,25379.2500000000
1789752662405,25379.7500000000,25380.2500000000
1789752662811,25378.7500000000,25379.2500000000
1789752664025,25377.7500000000,25378.2500000000
1789752665849,25378.7500000000,25379.2500000000
1789752666049,25379.7500000000,25380.2500000000
1789752667871,25377.7500000000,25378.2500000000
1789752672931,25376.7500000000,25377.2500000000
1789752673741,25377.7500000000,25378.2500000000
1789752673947,25376.7500000000,25377.2500000000
1789752675156,25377.7500000000,25378.2500000000
1789752675356,25376.7500000000,25377.2500000000
1789752675760,25377.7500000000,25378.2500000000
1789752676973,25376.7500000000,25377.2500000000
1789752677581,25373.7500000000,25374.2500000000
1789752680815,25372.7500000000,25373.2500000000
1789752681014,25378.7500000000,25379.2500000000
1789752681618,25380.7500000000,25381.2500000000
1789752682832,25378.7500000000,25379.2500000000
1789752684859,25377.7500000000,25378.2500000000
1789752690722,25376.7500000000,25377.2500000000
1789752691130,25378.7500000000,25379.2500000000
1789752691328,25377.7500000000,25378.2500000000
1789752692136,25375.7500000000,25376.2500000000
1789752695576,25374.7500000000,25375.2500000000
1789752696190,25373.7500000000,25374.2500000000
1789752696591,25372.7500000000,25373.2500000000
1789752696791,25371.7500000000,25372.2500000000
1789752697197,25374.7500000000,25375.2500000000
1789752697600,25375.7500000000,25376.2500000000
1789752697801,25374.7500000000,25375.2500000000
1789752698616,25375.7500000000,25376.2500000000
1789752699016,25374.7500000000,25375.2500000000
1789752699421,25375.7500000000,25376.2500000000
1789752701856,25374.7500000000,25375.2500000000
1789752702454,25375.7500000000,25376.2500000000
1789752702656,25376.7500000000,25377.2500000000
1789752703470,25375.7500000000,25376.2500000000
1789752703668,25376.7500000000,25377.2500000000
1789752706902,25377.7500000000,25378.2500000000
1789752707105,25375.7500000000,25376.2500000000
1789752708117,25373.7500000000,25374.2500000000
1789752709935,25372.7500000000,25373.2500000000
1789752710950,25371.7500000000,25372.2500000000
1789752711756,25372.7500000000,25373.2500000000
1789752713778,25371.7500000000,25372.2500000000
1789752714587,25372.7500000000,25373.2500000000
1789752714994,25371.7500000000,25372.2500000000
1789752716205,25372.7500000000,25373.2500000000
1789752716610,25374.7500000000,25375.2500000000
1789752718029,25373.7500000000,25374.2500000000
1789752718633,25372.7500000000,25373.2500000000
1789752720249,25373.7500000000,25374.2500000000
1789752721063,25374.7500000000,25375.2500000000
1789752723083,25373.7500000000,25374.2500000000
1789752724298,25372.7500000000,25373.2500000000
1789752725720,25371.7500000000,25372.2500000000
1789752725924,25372.7500000000,25373.2500000000
1789752726930,25371.7500000000,25372.2500000000
1789752727935,25372.7500000000,25373.2500000000
1789752728745,25371.7500000000,25372.2500000000
1789752728947,25372.7500000000,25373.2500000000
1789752729352,25371.7500000000,25372.2500000000
1789752729756,25372.7500000000,25373.2500000000
1789752730767,25373.7500000000,25374.2500000000
1789752730976,25372.7500000000,25373.2500000000
1789752731175,25371.7500000000,25372.2500000000
1789752731779,25372.7500000000,25373.2500000000
1789752732587,25371.7500000000,25372.2500000000
1789752732790,25372.7500000000,25373.2500000000
1789752734205,25371.7500000000,25372.2500000000
1789752735018,25372.7500000000,25373.2500000000
1789752735623,25371.7500000000,25372.2500000000
1789752736227,25370.7500000000,25371.2500000000
1789752737642,25371.7500000000,25372.2500000000
1789752738250,25369.7500000000,25370.2500000000
1789752738455,25370.7500000000,25371.2500000000
1789752738655,25371.7500000000,25372.2500000000
1789752739070,25370.7500000000,25371.2500000000
1789752740270,25369.7500000000,25370.2500000000
1789752741890,25370.7500000000,25371.2500000000
1789752744319,25369.7500000000,25370.2500000000
1789752744520,25370.7500000000,25371.2500000000
1789752745128,25371.7500000000,25372.2500000000
1789752746341,25370.7500000000,25371.2500000000
1789752748370,25369.7500000000,25370.2500000000
1789752748776,25370.7500000000,25371.2500000000
1789752752413,25371.7500000000,25372.2500000000
1789752753025,25370.7500000000,25371.2500000000
1789752753228,25371.7500000000,25372.2500000000
1789752754845,25370.7500000000,25371.2500000000
1789752756060,25371.7500000000,25372.2500000000
1789752756467,25370.7500000000,25371.2500000000
1789752756871,25369.7500000000,25370.2500000000
1789752758890,25370.7500000000,25371.2500000000
1789752759904,25369.7500000000,25370.2500000000
1789752765162,25370.7500000000,25371.2500000000
1789752768802,25371.7500000000,25372.2500000000
1789752769002,25370.7500000000,25371.2500000000
1789752775676,25371.7500000000,25372.2500000000
1789752775878,25370.7500000000,25371.2500000000
1789752777498,25369.7500000000,25370.2500000000
1789752779726,25364.7500000000,25365.2500000000
1789752779927,25365.7500000000,25366.2500000000
1789752780134,25365.7500000000,25366.2500000000
1789752780938,25366.7500000000,25367.2500000000
1789752781146,25365.7500000000,25366.2500000000
1789752781751,25364.7500000000,25365.2500000000
1789752786194,25363.7500000000,25364.2500000000
1789752786395,25362.7500000000,25363.2500000000
1789752786599,25363.7500000000,25364.2500000000
1789752787003,25362.7500000000,25363.2500000000
1789752787204,25363.7500000000,25364.2500000000
1789752788213,25364.7500000000,25365.2500000000
1789752788822,25363.7500000000,25364.2500000000
1789752790233,25364.7500000000,25365.2500000000
1789752792054,25363.7500000000,25364.2500000000
1789752792255,25364.7500000000,25365.2500000000
1789752792459,25366.7500000000,25367.2500000000
1789752792661,25367.7500000000,25368.2500000000
1789752793269,25368.7500000000,25369.2500000000
1789752794479,25367.7500000000,25368.2500000000
1789752795086,25368.7500000000,25369.2500000000
1789752795895,25367.7500000000,25368.2500000000
1789752796300,25368.7500000000,25369.2500000000
1789752797925,25366.7500000000,25367.2500000000
1789752798126,25368.7500000000,25369.2500000000
1789752798329,25367.7500000000,25368.2500000000
1789752799945,25366.7500000000,25367.2500000000
1789752800550,25367.7500000000,25368.2500000000
1789752801561,25368.7500000000,25369.2500000000
1789752801967,25367.7500000000,25368.2500000000
1789752802573,25366.7500000000,25367.2500000000
1789752802776,25367.7500000000,25368.2500000000
1789752803381,25365.7500000000,25366.2500000000
1789752803588,25367.7500000000,25368.2500000000
1789752803784,25366.7500000000,25367.2500000000
1789752805203,25365.7500000000,25366.2500000000
1789752805815,25364.7500000000,25365.2500000000
1789752806216,25365.7500000000,25366.2500000000
1789752807228,25364.7500000000,25365.2500000000
1789752808847,25365.7500000000,25366.2500000000
1789752809451,25364.7500000000,25365.2500000000
1789752810265,25365.7500000000,25366.2500000000
1789752811071,25364.7500000000,25365.2500000000
1789752811278,25365.7500000000,25366.2500000000
1789752811472,25364.7500000000,25365.2500000000
1789752812083,25365.7500000000,25366.2500000000
1789752812687,25364.7500000000,25365.2500000000
1789752812889,25365.7500000000,25366.2500000000
1789752813293,25364.7500000000,25365.2500000000
1789752813494,25365.7500000000,25366.2500000000
1789752814103,25364.7500000000,25365.2500000000
1789752815317,25363.7500000000,25364.2500000000
1789752816736,25367.7500000000,25368.2500000000
1789752818153,25366.7500000000,25367.2500000000
1789752818360,25365.7500000000,25366.2500000000
1789752820990,25366.7500000000,25367.2500000000
1789752821395,25365.7500000000,25366.2500000000
1789752821595,25364.7500000000,25365.2500000000
1789752821999,25363.7500000000,25364.2500000000
1789752823212,25362.7500000000,25363.2500000000
1789752824633,25363.7500000000,25364.2500000000
1789752824833,25364.7500000000,25365.2500000000
1789752825644,25363.7500000000,25364.2500000000
1789752826256,25364.7500000000,25365.2500000000
1789752828279,25363.7500000000,25364.2500000000
1789752829085,25364.7500000000,25365.2500000000
1789752830099,25363.7500000000,25364.2500000000
1789752830500,25364.7500000000,25365.2500000000
1789752830906,25363.7500000000,25364.2500000000
1789752831108,25364.7500000000,25365.2500000000
1789752833542,25365.7500000000,25366.2500000000
1789752835568,25367.7500000000,25368.2500000000
1789752836378,25368.7500000000,25369.2500000000
1789752837184,25367.7500000000,25368.2500000000
1789752837387,25368.7500000000,25369.2500000000
1789752840016,25367.7500000000,25368.2500000000
1789752840217,25368.7500000000,25369.2500000000
1789752840417,25367.7500000000,25368.2500000000
1789752841632,25368.7500000000,25369.2500000000
1789752842234,25367.7500000000,25368.2500000000
1789752843049,25368.7500000000,25369.2500000000
1789752843251,25367.7500000000,25368.2500000000
1789752845678,25369.7500000000,25370.2500000000
1789752845885,25370.7500000000,25371.2500000000
1789752846089,25368.7500000000,25369.2500000000
1789752846286,25366.7500000000,25367.2500000000
1789752846487,25367.7500000000,25368.2500000000
1789752847701,25368.7500000000,25369.2500000000
1789752847905,25367.7500000000,25368.2500000000
1789752848513,25366.7500000000,25367.2500000000
1789752850334,25367.7500000000,25368.2500000000
1789752852564,25368.7500000000,25369.2500000000
1789752852763,25366.7500000000,25367.2500000000
1789752853776,25365.7500000000,25366.2500000000
1789752856005,25366.7500000000,25367.2500000000
1789752858221,25365.7500000000,25366.2500000000
1789752859637,25366.7500000000,25367.2500000000
1789752860246,25365.7500000000,25366.2500000000
1789752860658,25366.7500000000,25367.2500000000
1789752861665,25363.7500000000,25364.2500000000
1789752862481,25364.7500000000,25365.2500000000
1789752863692,25363.7500000000,25364.2500000000
1789752865108,25362.7500000000,25363.2500000000
1789752866120,25363.7500000000,25364.2500000000
1789752868950,25362.7500000000,25363.2500000000
1789752871994,25364.7500000000,25365.2500000000
1789752872594,25365.7500000000,25366.2500000000
1789752873811,25364.7500000000,25365.2500000000
1789752874626,25365.7500000000,25366.2500000000
1789752874828,25364.7500000000,25365.2500000000
1789752876037,25366.7500000000,25367.2500000000
1789752876245,25365.7500000000,25366.2500000000
1789752877862,25364.7500000000,25365.2500000000
1789752878676,25367.7500000000,25368.2500000000
1789752878880,25368.7500000000,25369.2500000000
1789752880702,25367.7500000000,25368.2500000000
1789752882117,25368.7500000000,25369.2500000000
1789752882927,25367.7500000000,25368.2500000000
1789752883130,25368.7500000000,25369.2500000000
1789752883331,25367.7500000000,25368.2500000000
1789752884347,25368.7500000000,25369.2500000000
1789752884548,25367.7500000000,25368.2500000000
1789752885969,25368.7500000000,25369.2500000000
1789752887380,25369.7500000000,25370.2500000000
1789752891224,25368.7500000000,25369.2500000000
1789752892034,25369.7500000000,25370.2500000000
1789752895879,25370.7500000000,25371.2500000000
1789752896085,25369.7500000000,25370.2500000000
1789752900129,25369.7500000000,25370.2500000000
1789752902960,25370.7500000000,25371.2500000000
1789752903368,25369.7500000000,25370.2500000000
1789752903779,25371.7500000000,25372.2500000000
1789752904377,25372.7500000000,25373.2500000000
1789752904588,25371.7500000000,25372.2500000000
1789752904989,25370.7500000000,25371.2500000000
1789752905187,25371.7500000000,25372.2500000000
1789752911866,25370.7500000000,25371.2500000000
1789752913085,25371.7500000000,25372.2500000000
1789752914901,25370.7500000000,25371.2500000000
1789752915509,25371.7500000000,25372.2500000000
1789752919557,25370.7500000000,25371.2500000000
1789752920771,25371.7500000000,25372.2500000000
1789752922189,25370.7500000000,25371.2500000000
1789752923200,25371.7500000000,25372.2500000000
1789752923601,25372.7500000000,25373.2500000000
1789752924210,25371.7500000000,25372.2500000000
1789752924817,25373.7500000000,25374.2500000000
1789752927044,25372.7500000000,25373.2500000000
1789752928060,25371.7500000000,25372.2500000000
1789752930284,25370.7500000000,25371.2500000000
1789752930888,25371.7500000000,25372.2500000000
1789752931092,25370.7500000000,25371.2500000000
1789752933721,25368.7500000000,25369.2500000000
1789752934126,25367.7500000000,25368.2500000000
1789752934336,25366.7500000000,25367.2500000000
1789752934529,25365.7500000000,25366.2500000000
1789752934934,25366.7500000000,25367.2500000000
1789752937161,25367.7500000000,25368.2500000000
1789752938572,25368.7500000000,25369.2500000000
1789752938983,25367.7500000000,25368.2500000000
1789752939594,25368.7500000000,25369.2500000000
1789752940200,25369.7500000000,25370.2500000000
1789752945456,25368.7500000000,25369.2500000000
1789752945859,25367.7500000000,25368.2500000000
1789752946065,25365.7500000000,25366.2500000000
1789752946870,25364.7500000000,25365.2500000000
1789752947071,25365.7500000000,25366.2500000000
1789752947275,25364.7500000000,25365.2500000000
1789752947678,25363.7500000000,25364.2500000000
1789752947880,25362.7500000000,25363.2500000000
1789752948086,25363.7500000000,25364.2500000000
1789752949503,25365.7500000000,25366.2500000000
1789752949712,25364.7500000000,25365.2500000000
1789752950108,25365.7500000000,25366.2500000000
1789752950511,25364.7500000000,25365.2500000000
1789752953365,25365.7500000000,25366.2500000000
1789752954983,25366.7500000000,25367.2500000000
1789752955387,25365.7500000000,25366.2500000000
1789752956806,25364.7500000000,25365.2500000000
1789752957209,25365.7500000000,25366.2500000000
1789752959847,25364.7500000000,25365.2500000000
1789752960048,25364.7500000000,25365.2500000000
1789752960658,25363.7500000000,25364.2500000000
1789752960860,25364.7500000000,25365.2500000000
1789752961666,25363.7500000000,25364.2500000000
1789752963084,25364.7500000000,25365.2500000000
1789752963292,25366.7500000000,25367.2500000000
1789752963489,25365.7500000000,25366.2500000000
1789752964507,25367.7500000000,25368.2500000000
1789752964710,25368.7500000000,25369.2500000000
1789752966124,25367.7500000000,25368.2500000000
1789752966739,25366.7500000000,25367.2500000000
1789752966944,25364.7500000000,25365.2500000000
1789752967342,25365.7500000000,25366.2500000000
1789752967747,25364.7500000000,25365.2500000000
1789752968559,25365.7500000000,25366.2500000000
1789752970579,25364.7500000000,25365.2500000000
1789752971790,25365.7500000000,25366.2500000000
1789752972805,25366.7500000000,25367.2500000000
1789752974224,25367.7500000000,25368.2500000000
1789752974423,25366.7500000000,25367.2500000000
1789752975843,25367.7500000000,25368.2500000000
1789752977253,25366.7500000000,25367.2500000000
1789752977455,25367.7500000000,25368.2500000000
1789752980893,25368.7500000000,25369.2500000000
1789752981910,25366.7500000000,25367.2500000000
1789752983119,25365.7500000000,25366.2500000000
1789752983528,25364.7500000000,25365.2500000000
1789752984335,25363.7500000000,25364.2500000000
1789752984539,25364.7500000000,25365.2500000000
1789752988788,25363.7500000000,25364.2500000000
1789752990201,25364.7500000000,25365.2500000000
1789752992421,25362.7500000000,25363.2500000000
1789752995860,25363.7500000000,25364.2500000000
1789752996469,25362.7500000000,25363.2500000000
1789752997073,25363.7500000000,25364.2500000000
1789753001118,25362.7500000000,25363.2500000000
1789753007806,25360.7500000000,25361.2500000000
1789753008614,25359.7500000000,25360.2500000000
1789753008817,25360.7500000000,25361.2500000000
1789753009830,25361.7500000000,25362.2500000000
1789753010033,25360.7500000000,25361.2500000000
1789753010241,25361.7500000000,25362.2500000000
1789753011662,25362.7500000000,25363.2500000000
1789753012265,25361.7500000000,25362.2500000000
1789753012869,25360.7500000000,25361.2500000000
1789753013681,25359.7500000000,25360.2500000000
1789753017316,25358.7500000000,25359.2500000000
1789753019545,25359.7500000000,25360.2500000000
1789753020147,25358.7500000000,25359.2500000000
1789753020550,25359.7500000000,25360.2500000000
1789753021359,25358.7500000000,25359.2500000000
1789753022773,25357.7500000000,25358.2500000000
1789753023385,25356.7500000000,25357.2500000000
1789753025612,25355.7500000000,25356.2500000000
1789753026424,25356.7500000000,25357.2500000000
1789753028853,25355.7500000000,25356.2500000000
1789753032083,25356.7500000000,25357.2500000000
1789753032897,25355.7500000000,25356.2500000000
1789753033499,25356.7500000000,25357.2500000000
1789753034713,25357.7500000000,25358.2500000000
1789753034913,25356.7500000000,25357.2500000000
1789753035319,25357.7500000000,25358.2500000000
1789753036739,25355.7500000000,25356.2500000000
1789753039972,25356.7500000000,25357.2500000000
1789753042602,25355.7500000000,25356.2500000000
1789753045031,25356.7500000000,25357.2500000000
1789753045232,25355.7500000000,25356.2500000000
1789753049890,25356.7500000000,25357.2500000000
1789753050095,25357.7500000000,25358.2500000000
1789753052313,25356.7500000000,25357.2500000000
1789753052921,25357.7500000000,25358.2500000000
1789753055557,25358.7500000000,25359.2500000000
1789753055758,25357.7500000000,25358.2500000000
1789753056161,25359.7500000000,25360.2500000000
1789753056769,25357.7500000000,25358.2500000000
1789753058996,25356.7500000000,25357.2500000000
1789753060011,25357.7500000000,25358.2500000000
1789753060419,25358.7500000000,25359.2500000000
1789753060622,25357.7500000000,25358.2500000000
1789753060819,25358.7500000000,25359.2500000000
1789753061025,25357.7500000000,25358.2500000000
1789753064669,25356.7500000000,25357.2500000000
1789753065074,25357.7500000000,25358.2500000000
1789753065480,25356.7500000000,25357.2500000000
1789753066292,25355.7500000000,25356.2500000000
1789753067706,25356.7500000000,25357.2500000000
1789753069925,25355.7500000000,25356.2500000000
1789753074788,25354.7500000000,25355.2500000000
1789753076407,25355.7500000000,25356.2500000000
1789753081873,25355.7500000000,25356.2500000000
1789753082073,25356.7500000000,25357.2500000000
1789753082276,25355.7500000000,25356.2500000000
1789753083897,25356.7500000000,25357.2500000000
1789753085923,25358.7500000000,25359.2500000000
1789753086333,25357.7500000000,25358.2500000000
1789753090575,25356.7500000000,25357.2500000000
1789753091388,25357.7500000000,25358.2500000000
1789753091586,25358.7500000000,25359.2500000000
1789753091792,25360.7500000000,25361.2500000000
1789753092192,25362.7500000000,25363.2500000000
1789753092395,25361.7500000000,25362.2500000000
1789753093405,25360.7500000000,25361.2500000000
1789753094823,25359.7500000000,25360.2500000000
1789753095021,25360.7500000000,25361.2500000000
1789753095630,25359.7500000000,25360.2500000000
1789753096236,25360.7500000000,25361.2500000000
1789753097245,25356.7500000000,25357.2500000000
1789753099268,25355.7500000000,25356.2500000000
1789753101898,25356.7500000000,25357.2500000000
1789753102103,25355.7500000000,25356.2500000000
1789753103314,25356.7500000000,25357.2500000000
1789753105340,25355.7500000000,25356.2500000000
1789753107162,25356.7500000000,25357.2500000000
1789753108177,25357.7500000000,25358.2500000000
1789753108376,25358.7500000000,25359.2500000000
1789753113644,25359.7500000000,25360.2500000000
1789753118293,25358.7500000000,25359.2500000000
1789753121937,25357.7500000000,25358.2500000000
1789753123355,25356.7500000000,25357.2500000000
1789753123550,25357.7500000000,25358.2500000000
1789753124156,25358.7500000000,25359.2500000000
1789753124358,25357.7500000000,25358.2500000000
1789753124560,25359.7500000000,25360.2500000000
1789753125169,25358.7500000000,25359.2500000000
1789753125580,25359.7500000000,25360.2500000000
1789753126789,25358.7500000000,25359.2500000000
1789753128205,25359.7500000000,25360.2500000000
1789753129016,25358.7500000000,25359.2500000000
1789753129221,25357.7500000000,25358.2500000000
1789753134070,25358.7500000000,25359.2500000000
1789753135488,25357.7500000000,25358.2500000000
1789753137710,25356.7500000000,25357.2500000000
1789753138521,25357.7500000000,25358.2500000000
1789753140134,25357.7500000000,25358.2500000000
1789753143985,25358.7500000000,25359.2500000000
1789753144591,25357.7500000000,25358.2500000000
1789753144799,25358.7500000000,25359.2500000000
1789753145402,25360.7500000000,25361.2500000000
1789753146006,25359.7500000000,25360.2500000000
1789753146410,25360.7500000000,25361.2500000000
1789753147019,25359.7500000000,25360.2500000000
1789753148842,25356.7500000000,25357.2500000000
1789753149042,25355.7500000000,25356.2500000000
1789753150255,25356.7500000000,25357.2500000000
1789753150658,25355.7500000000,25356.2500000000
1789753151273,25357.7500000000,25358.2500000000
1789753151488,25365.7500000000,25366.2500000000
1789753151672,25364.7500000000,25365.2500000000
1789753151889,25373.7500000000,25374.2500000000
1789753152079,25370.7500000000,25371.2500000000
1789753152294,25372.7500000000,25373.2500000000
1789753152484,25380.7500000000,25381.2500000000
1789753152692,25379.7500000000,25380.2500000000
1789753152887,25374.7500000000,25375.2500000000
1789753153089,25377.7500000000,25378.2500000000
1789753153295,25376.7500000000,25377.2500000000
1789753153492,25372.7500000000,25373.2500000000
1789753153693,25370.7500000000,25371.2500000000
1789753153895,25368.7500000000,25369.2500000000
1789753154308,25363.7500000000,25364.2500000000
1789753154503,25362.7500000000,25363.2500000000
1789753154703,25363.7500000000,25364.2500000000
1789753155518,25364.7500000000,25365.2500000000
1789753155714,25363.7500000000,25364.2500000000
1789753155917,25362.7500000000,25363.2500000000
1789753156128,25361.7500000000,25362.2500000000
1789753157138,25359.7500000000,25360.2500000000
1789753158755,25358.7500000000,25359.2500000000
1789753160168,25357.7500000000,25358.2500000000
1789753161789,25358.7500000000,25359.2500000000
1789753161984,25357.7500000000,25358.2500000000
1789753162189,25356.7500000000,25357.2500000000
1789753162388,25357.7500000000,25358.2500000000
1789753162592,25356.7500000000,25357.2500000000
1789753163404,25357.7500000000,25358.2500000000
1789753163603,25358.7500000000,25359.2500000000
1789753163806,25359.7500000000,25360.2500000000
1789753164020,25365.7500000000,25366.2500000000
1789753164220,25362.7500000000,25363.2500000000
1789753164418,25367.7500000000,25368.2500000000
1789753164620,25366.7500000000,25367.2500000000
1789753164828,25368.7500000000,25369.2500000000
1789753165027,25367.7500000000,25368.2500000000
1789753165637,25364.7500000000,25365.2500000000
1789753165834,25363.7500000000,25364.2500000000
1789753166033,25364.7500000000,25365.2500000000
1789753166643,25363.7500000000,25364.2500000000
1789753167044,25362.7500000000,25363.2500000000
1789753167251,25367.7500000000,25368.2500000000
1789753167451,25365.7500000000,25366.2500000000
1789753167651,25364.7500000000,25365.2500000000
1789753167854,25366.7500000000,25367.2500000000
1789753168057,25365.7500000000,25366.2500000000
1789753168261,25364.7500000000,25365.2500000000
1789753168466,25365.7500000000,25366.2500000000
1789753169470,25364.7500000000,25365.2500000000
1789753169672,25363.7500000000,25364.2500000000
1789753170077,25362.7500000000,25363.2500000000
1789753171088,25363.7500000000,25364.2500000000
1789753172305,25362.7500000000,25363.2500000000
1789753172506,25363.7500000000,25364.2500000000
1789753173519,25364.7500000000,25365.2500000000
1789753173724,25363.7500000000,25364.2500000000
1789753174938,25364.7500000000,25365.2500000000
1789753175339,25365.7500000000,25366.2500000000
1789753176550,25364.7500000000,25365.2500000000
1789753176956,25365.7500000000,25366.2500000000
1789753177159,25364.7500000000,25365.2500000000
1789753177965,25363.7500000000,25364.2500000000
1789753178772,25362.7500000000,25363.2500000000
1789753178972,25363.7500000000,25364.2500000000
1789753179375,25365.7500000000,25366.2500000000
1789753181401,25366.7500000000,25367.2500000000
1789753181807,25368.7500000000,25369.2500000000
1789753182009,25367.7500000000,25368.2500000000
1789753182213,25368.7500000000,25369.2500000000
1789753182614,25367.7500000000,25368.2500000000
1789753182817,25366.7500000000,25367.2500000000
1789753183021,25367.7500000000,25368.2500000000
1789753183830,25371.7500000000,25372.2500000000
1789753184032,25372.7500000000,25373.2500000000
1789753184240,25371.7500000000,25372.2500000000
1789753184437,25370.7500000000,25371.2500000000
1789753184836,25371.7500000000,25372.2500000000
1789753185043,25370.7500000000,25371.2500000000
1789753185248,25369.7500000000,25370.2500000000
1789753186862,25370.7500000000,25371.2500000000
1789753187063,25369.7500000000,25370.2500000000
1789753187273,25368.7500000000,25369.2500000000
1789753188683,25367.7500000000,25368.2500000000
1789753189498,25368.7500000000,25369.2500000000
1789753189697,25369.7500000000,25370.2500000000
1789753189903,25368.7500000000,25369.2500000000
1789753190100,25369.7500000000,25370.2500000000
1789753190307,25368.7500000000,25369.2500000000
1789753191521,25369.7500000000,25370.2500000000
1789753191720,25370.7500000000,25371.2500000000
1789753191925,25369.7500000000,25370.2500000000
1789753192737,25368.7500000000,25369.2500000000
1789753193542,25367.7500000000,25368.2500000000
1789753193952,25369.7500000000,25370.2500000000
1789753194759,25368.7500000000,25369.2500000000
1789753196172,25369.7500000000,25370.2500000000
1789753196780,25370.7500000000,25371.2500000000
1789753197995,25369.7500000000,25370.2500000000
1789753198199,25368.7500000000,25369.2500000000
1789753200020,25367.7500000000,25368.2500000000
1789753200230,25368.7500000000,25369.2500000000
1789753201032,25367.7500000000,25368.2500000000
1789753201241,25366.7500000000,25367.2500000000
1789753202451,25367.7500000000,25368.2500000000
1789753202651,25366.7500000000,25367.2500000000
1789753202853,25367.7500000000,25368.2500000000
1789753203260,25368.7500000000,25369.2500000000
1789753203465,25367.7500000000,25368.2500000000
1789753203871,25366.7500000000,25367.2500000000
1789753204281,25369.7500000000,25370.2500000000
1789753204484,25368.7500000000,25369.2500000000
1789753205694,25367.7500000000,25368.2500000000
1789753206300,25366.7500000000,25367.2500000000
1789753210956,25365.7500000000,25366.2500000000
1789753211964,25364.7500000000,25365.2500000000
1789753212164,25363.7500000000,25364.2500000000
1789753212973,25364.7500000000,25365.2500000000
1789753213177,25363.7500000000,25364.2500000000
1789753213786,25366.7500000000,25367.2500000000
1789753214186,25365.7500000000,25366.2500000000
1789753214593,25364.7500000000,25365.2500000000
1789753215203,25365.7500000000,25366.2500000000
1789753215400,25364.7500000000,25365.2500000000
1789753218633,25363.7500000000,25364.2500000000
1789753219035,25362.7500000000,25363.2500000000
1789753219444,25363.7500000000,25364.2500000000
1789753219643,25362.7500000000,25363.2500000000
1789753220457,25363.7500000000,25364.2500000000
1789753221667,25364.7500000000,25365.2500000000
1789753221867,25365.7500000000,25366.2500000000
1789753222076,25366.7500000000,25367.2500000000
1789753222270,25365.7500000000,25366.2500000000
1789753222673,25364.7500000000,25365.2500000000
1789753223080,25363.7500000000,25364.2500000000
1789753224497,25362.7500000000,25363.2500000000
1789753224898,25361.7500000000,25362.2500000000
1789753225102,25362.7500000000,25363.2500000000
1789753225303,25361.7500000000,25362.2500000000
1789753226722,25360.7500000000,25361.2500000000
1789753226921,25361.7500000000,25362.2500000000
1789753227733,25362.7500000000,25363.2500000000
1789753227934,25361.7500000000,25362.2500000000
1789753228140,25362.7500000000,25363.2500000000
1789753228541,25363.7500000000,25364.2500000000
1789753228743,25364.7500000000,25365.2500000000
1789753229351,25365.7500000000,25366.2500000000
1789753229753,25363.7500000000,25364.2500000000
1789753230567,25364.7500000000,25365.2500000000
1789753230972,25365.7500000000,25366.2500000000
1789753231373,25364.7500000000,25365.2500000000
1789753231772,25363.7500000000,25364.2500000000
1789753233598,25362.7500000000,25363.2500000000
1789753234401,25363.7500000000,25364.2500000000
1789753234605,25362.7500000000,25363.2500000000
1789753234806,25363.7500000000,25364.2500000000
1789753235817,25364.7500000000,25365.2500000000
1789753236627,25365.7500000000,25366.2500000000
1789753236831,25364.7500000000,25365.2500000000
1789753237632,25363.7500000000,25364.2500000000
1789753239454,25361.7500000000,25362.2500000000
1789753241681,25360.7500000000,25361.2500000000
1789753241879,25361.7500000000,25362.2500000000
1789753243092,25360.7500000000,25361.2500000000
1789753243292,25362.7500000000,25363.2500000000
1789753243497,25361.7500000000,25362.2500000000
1789753244910,25360.7500000000,25361.2500000000
1789753246532,25361.7500000000,25362.2500000000
1789753246730,25362.7500000000,25363.2500000000
1789753247138,25363.7500000000,25364.2500000000
1789753247342,25364.7500000000,25365.2500000000
1789753248145,25365.7500000000,25366.2500000000
1789753248345,25366.7500000000,25367.2500000000
1789753248745,25365.7500000000,25366.2500000000
1789753249755,25364.7500000000,25365.2500000000
1789753251578,25363.7500000000,25364.2500000000
1789753255218,25362.7500000000,25363.2500000000
1789753255421,25361.7500000000,25362.2500000000
1789753255826,25362.7500000000,25363.2500000000
1789753256028,25363.7500000000,25364.2500000000
1789753256637,25364.7500000000,25365.2500000000
1789753256839,25365.7500000000,25366.2500000000
1789753257041,25364.7500000000,25365.2500000000
1789753257648,25363.7500000000,25364.2500000000
1789753260077,25363.7500000000,25364.2500000000
1789753260483,25362.7500000000,25363.2500000000
1789753261289,25361.7500000000,25362.2500000000
1789753261692,25360.7500000000,25361.2500000000
1789753261897,25361.7500000000,25362.2500000000
1789753262099,25362.7500000000,25363.2500000000
1789753262504,25361.7500000000,25362.2500000000
1789753263918,25360.7500000000,25361.2500000000
1789753264733,25361.7500000000,25362.2500000000
1789753265335,25362.7500000000,25363.2500000000
1789753265937,25361.7500000000,25362.2500000000
1789753266140,25360.7500000000,25361.2500000000
1789753266550,25361.7500000000,25362.2500000000
1789753267557,25359.7500000000,25360.2500000000
1789753268975,25358.7500000000,25359.2500000000
1789753269374,25357.7500000000,25358.2500000000
1789753270588,25355.7500000000,25356.2500000000
1789753270798,25356.7500000000,25357.2500000000
1789753271800,25355.7500000000,25356.2500000000
1789753272206,25356.7500000000,25357.2500000000
1789753272815,25355.7500000000,25356.2500000000
1789753273422,25356.7500000000,25357.2500000000
1789753275452,25355.7500000000,25356.2500000000
1789753275849,25356.7500000000,25357.2500000000
1789753276253,25355.7500000000,25356.2500000000
1789753276862,25356.7500000000,25357.2500000000
1789753277678,25355.7500000000,25356.2500000000
1789753278886,25356.7500000000,25357.2500000000
1789753280304,25357.7500000000,25358.2500000000
1789753281113,25355.7500000000,25356.2500000000
1789753282123,25356.7500000000,25357.2500000000
1789753283544,25357.7500000000,25358.2500000000
1789753285563,25356.7500000000,25357.2500000000
1789753285966,25355.7500000000,25356.2500000000
1789753287790,25356.7500000000,25357.2500000000
1789753288998,25357.7500000000,25358.2500000000
1789753290008,25356.7500000000,25357.2500000000
1789753290214,25357.7500000000,25358.2500000000
1789753290616,25358.7500000000,25359.2500000000
1789753291826,25357.7500000000,25358.2500000000
1789753293041,25356.7500000000,25357.2500000000
1789753293248,25357.7500000000,25358.2500000000
1789753293449,25358.7500000000,25359.2500000000
1789753293648,25357.7500000000,25358.2500000000
1789753293849,25358.7500000000,25359.2500000000
1789753294049,25357.7500000000,25358.2500000000
1789753294251,25356.7500000000,25357.2500000000
1789753295061,25357.7500000000,25358.2500000000
1789753296679,25356.7500000000,25357.2500000000
1789753297081,25357.7500000000,25358.2500000000
1789753297484,25356.7500000000,25357.2500000000
1789753297888,25354.7500000000,25355.2500000000
1789753298904,25355.7500000000,25356.2500000000
1789753302538,25356.7500000000,25357.2500000000
1789753305165,25355.7500000000,25356.2500000000
1789753306990,25354.7500000000,25355.2500000000
1789753307189,25355.7500000000,25356.2500000000
1789753308806,25356.7500000000,25357.2500000000
1789753310224,25358.7500000000,25359.2500000000
1789753311038,25357.7500000000,25358.2500000000
1789753311440,25356.7500000000,25357.2500000000
1789753311838,25357.7500000000,25358.2500000000
1789753312650,25356.7500000000,25357.2500000000
1789753314672,25355.7500000000,25356.2500000000
1789753315081,25354.7500000000,25355.2500000000
1789753315484,25355.7500000000,25356.2500000000
1789753316700,25353.7500000000,25354.2500000000
1789753316906,25352.7500000000,25353.2500000000
1789753318931,25353.7500000000,25354.2500000000
1789753319129,25352.7500000000,25353.2500000000
1789753319335,25353.7500000000,25354.2500000000
1789753319536,25352.7500000000,25353.2500000000
1789753319935,25351.7500000000,25352.2500000000
1789753320138,25352.7500000000,25353.2500000000
1789753320545,25354.7500000000,25355.2500000000
1789753320949,25353.7500000000,25354.2500000000
1789753322769,25352.7500000000,25353.2500000000
1789753324183,25350.7500000000,25351.2500000000
1789753329238,25349.7500000000,25350.2500000000
1789753329844,25348.7500000000,25349.2500000000
1789753330048,25347.7500000000,25348.2500000000
1789753330655,25346.7500000000,25347.2500000000
1789753331262,25347.7500000000,25348.2500000000
1789753331462,25346.7500000000,25347.2500000000
1789753332268,25345.7500000000,25346.2500000000
1789753332877,25344.7500000000,25345.2500000000
1789753333486,25345.7500000000,25346.2500000000
1789753333689,25344.7500000000,25345.2500000000
1789753334301,25345.7500000000,25346.2500000000
1789753334701,25344.7500000000,25345.2500000000
1789753335917,25343.7500000000,25344.2500000000
1789753336721,25342.7500000000,25343.2500000000
1789753338749,25341.7500000000,25342.2500000000
1789753339961,25342.7500000000,25343.2500000000
1789753340166,25341.7500000000,25342.2500000000
1789753341984,25340.7500000000,25341.2500000000
1789753342391,25341.7500000000,25342.2500000000
1789753342594,25340.7500000000,25341.2500000000
1789753342791,25341.7500000000,25342.2500000000
1789753343199,25343.7500000000,25344.2500000000
1789753343809,25344.7500000000,25345.2500000000
1789753344006,25343.7500000000,25344.2500000000
1789753344815,25342.7500000000,25343.2500000000
1789753346638,25343.7500000000,25344.2500000000
1789753347242,25342.7500000000,25343.2500000000
1789753348253,25341.7500000000,25342.2500000000
1789753350878,25340.7500000000,25341.2500000000
1789753352088,25339.7500000000,25340.2500000000
1789753354319,25340.7500000000,25341.2500000000
1789753354724,25339.7500000000,25340.2500000000
1789753356744,25338.7500000000,25339.2500000000
1789753357149,25339.7500000000,25340.2500000000
1789753357351,25338.7500000000,25339.2500000000
1789753358365,25336.7500000000,25337.2500000000
1789753358766,25335.7500000000,25336.2500000000
1789753360385,25334.7500000000,25335.2500000000
1789753360994,25333.7500000000,25334.2500000000
1789753362608,25332.7500000000,25333.2500000000
1789753363826,25333.7500000000,25334.2500000000
1789753364027,25334.7500000000,25335.2500000000
1789753364636,25332.7500000000,25333.2500000000
1789753366248,25333.7500000000,25334.2500000000
1789753366456,25332.7500000000,25333.2500000000
1789753367258,25333.7500000000,25334.2500000000
1789753367459,25332.7500000000,25333.2500000000
1789753370900,25331.7500000000,25332.2500000000
1789753371101,25332.7500000000,25333.2500000000
1789753372117,25333.7500000000,25334.2500000000
1789753373120,25332.7500000000,25333.2500000000
1789753373726,25333.7500000000,25334.2500000000
1789753374332,25332.7500000000,25333.2500000000
1789753376150,25333.7500000000,25334.2500000000
1789753376754,25332.7500000000,25333.2500000000
1789753379795,25333.7500000000,25334.2500000000
1789753380000,25333.7500000000,25334.2500000000
1789753380396,25332.7500000000,25333.2500000000
1789753382419,25331.7500000000,25332.2500000000
1789753383430,25332.7500000000,25333.2500000000
1789753384442,25331.7500000000,25332.2500000000
1789753384852,25332.7500000000,25333.2500000000
1789753385861,25331.7500000000,25332.2500000000
1789753386265,25332.7500000000,25333.2500000000
1789753388693,25331.7500000000,25332.2500000000
1789753389296,25330.7500000000,25331.2500000000
1789753389902,25331.7500000000,25332.2500000000
1789753392325,25330.7500000000,25331.2500000000
1789753392729,25331.7500000000,25332.2500000000
1789753393133,25330.7500000000,25331.2500000000
1789753393337,25331.7500000000,25332.2500000000
1789753398796,25330.7500000000,25331.2500000000
1789753399002,25331.7500000000,25332.2500000000
1789753400011,25330.7500000000,25331.2500000000
1789753400419,25331.7500000000,25332.2500000000
1789753400819,25330.7500000000,25331.2500000000
1789753402844,25329.7500000000,25330.2500000000
1789753403043,25330.7500000000,25331.2500000000
1789753405064,25331.7500000000,25332.2500000000
1789753405675,25330.7500000000,25331.2500000000
1789753406083,25331.7500000000,25332.2500000000
1789753406284,25330.7500000000,25331.2500000000
1789753407698,25329.7500000000,25330.2500000000
1789753408303,25328.7500000000,25329.2500000000
1789753408909,25327.7500000000,25328.2500000000
1789753410122,25328.7500000000,25329.2500000000
1789753410325,25330.7500000000,25331.2500000000
1789753411741,25329.7500000000,25330.2500000000
1789753412957,25328.7500000000,25329.2500000000
1789753413154,25327.7500000000,25328.2500000000
1789753413761,25328.7500000000,25329.2500000000
1789753415183,25327.7500000000,25328.2500000000
1789753418417,25326.7500000000,25327.2500000000
1789753419428,25327.7500000000,25328.2500000000
1789753419630,25326.7500000000,25327.2500000000
1789753419834,25327.7500000000,25328.2500000000
1789753420236,25326.7500000000,25327.2500000000
1789753426499,25327.7500000000,25328.2500000000
1789753426902,25328.7500000000,25329.2500000000
1789753427104,25327.7500000000,25328.2500000000
1789753428118,25328.7500000000,25329.2500000000
1789753428727,25329.7500000000,25330.2500000000
1789753429536,25330.7500000000,25331.2500000000
1789753433178,25329.7500000000,25330.2500000000
1789753433584,25330.7500000000,25331.2500000000
1789753434191,25329.7500000000,25330.2500000000
1789753434392,25330.7500000000,25331.2500000000
1789753435812,25329.7500000000,25330.2500000000
1789753439862,25330.7500000000,25331.2500000000
1789753440061,25329.7500000000,25330.2500000000
1789753442892,25330.7500000000,25331.2500000000
1789753444918,25331.7500000000,25332.2500000000
1789753445933,25332.7500000000,25333.2500000000
1789753447154,25331.7500000000,25332.2500000000
1789753447755,25332.7500000000,25333.2500000000
1789753447967,25333.7500000000,25334.2500000000
1789753448158,25332.7500000000,25333.2500000000
1789753449172,25331.7500000000,25332.2500000000
1789753450180,25332.7500000000,25333.2500000000
1789753450585,25333.7500000000,25334.2500000000
1789753450994,25332.7500000000,25333.2500000000
1789753452209,25333.7500000000,25334.2500000000
1789753452408,25332.7500000000,25333.2500000000
1789753455042,25333.7500000000,25334.2500000000
1789753455245,25334.7500000000,25335.2500000000
1789753459291,25333.7500000000,25334.2500000000
1789753465163,25334.7500000000,25335.2500000000
1789753467590,25333.7500000000,25334.2500000000
1789753468606,25334.7500000000,25335.2500000000
1789753469013,25333.7500000000,25334.2500000000
1789753470022,25332.7500000000,25333.2500000000
1789753472854,25330.7500000000,25331.2500000000
1789753473259,25328.7500000000,25329.2500000000
1789753473864,25330.7500000000,25331.2500000000
1789753474672,25331.7500000000,25332.2500000000
1789753474875,25330.7500000000,25331.2500000000
1789753476288,25329.7500000000,25330.2500000000
1789753476489,25328.7500000000,25329.2500000000
1789753476692,25329.7500000000,25330.2500000000
1789753477501,25328.7500000000,25329.2500000000
1789753477700,25329.7500000000,25330.2500000000
1789753479115,25328.7500000000,25329.2500000000
1789753479519,25329.7500000000,25330.2500000000
1789753480126,25328.7500000000,25329.2500000000
1789753480326,25329.7500000000,25330.2500000000
1789753480734,25328.7500000000,25329.2500000000
1789753483568,25327.7500000000,25328.2500000000
1789753483973,25328.7500000000,25329.2500000000
1789753484378,25327.7500000000,25328.2500000000
1789753484787,25328.7500000000,25329.2500000000
1789753485388,25329.7500000000,25330.2500000000
1789753485592,25328.7500000000,25329.2500000000
1789753489232,25327.7500000000,25328.2500000000
1789753489836,25328.7500000000,25329.2500000000
1789753490039,25329.7500000000,25330.2500000000
1789753492262,25328.7500000000,25329.2500000000
1789753493276,25329.7500000000,25330.2500000000
1789753494083,25328.7500000000,25329.2500000000
1789753495101,25329.7500000000,25330.2500000000
1789753495503,25328.7500000000,25329.2500000000
1789753498537,25327.7500000000,25328.2500000000
1789753498941,25328.7500000000,25329.2500000000
1789753499950,25329.7500000000,25330.2500000000
1789753500154,25330.7500000000,25331.2500000000
1789753502382,25328.7500000000,25329.2500000000
1789753503189,25326.7500000000,25327.2500000000
1789753503391,25327.7500000000,25328.2500000000
1789753503598,25326.7500000000,25327.2500000000
1789753504610,25327.7500000000,25328.2500000000
1789753504812,25326.7500000000,25327.2500000000
1789753505015,25327.7500000000,25328.2500000000
1789753505422,25326.7500000000,25327.2500000000
1789753505827,25327.7500000000,25328.2500000000
1789753506229,25326.7500000000,25327.2500000000
1789753507247,25325.7500000000,25326.2500000000
1789753508250,25326.7500000000,25327.2500000000
1789753510077,25325.7500000000,25326.2500000000
1789753511287,25326.7500000000,25327.2500000000
1789753511697,25325.7500000000,25326.2500000000
1789753512707,25327.7500000000,25328.2500000000
1789753513110,25326.7500000000,25327.2500000000
1789753516540,25328.7500000000,25329.2500000000
1789753516741,25327.7500000000,25328.2500000000
1789753517553,25328.7500000000,25329.2500000000
1789753517757,25327.7500000000,25328.2500000000
1789753518367,25329.7500000000,25330.2500000000
1789753519779,25328.7500000000,25329.2500000000
1789753520186,25327.7500000000,25328.2500000000
1789753522817,25328.7500000000,25329.2500000000
1789753524438,25327.7500000000,25328.2500000000
1789753525452,25326.7500000000,25327.2500000000
1789753526874,25327.7500000000,25328.2500000000
1789753527075,25326.7500000000,25327.2500000000
1789753528086,25327.7500000000,25328.2500000000
1789753528492,25328.7500000000,25329.2500000000
1789753528896,25327.7500000000,25328.2500000000
1789753531123,25326.7500000000,25327.2500000000
1789753531522,25327.7500000000,25328.2500000000
1789753532129,25326.7500000000,25327.2500000000
1789753532332,25325.7500000000,25326.2500000000
1789753534357,25326.7500000000,25327.2500000000
1789753534556,25325.7500000000,25326.2500000000
1789753534964,25326.7500000000,25327.2500000000
1789753535166,25327.7500000000,25328.2500000000
1789753535568,25328.7500000000,25329.2500000000
1789753540634,25326.7500000000,25327.2500000000
1789753541439,25327.7500000000,25328.2500000000
1789753542651,25326.7500000000,25327.2500000000
1789753545888,25325.7500000000,25326.2500000000
1789753548920,25326.7500000000,25327.2500000000
1789753549128,25325.7500000000,25326.2500000000
1789753549326,25326.7500000000,25327.2500000000
1789753549531,25328.7500000000,25329.2500000000
1789753550542,25326.7500000000,25327.2500000000
1789753550744,25327.7500000000,25328.2500000000
1789753551560,25325.7500000000,25326.2500000000
1789753551958,25326.7500000000,25327.2500000000
1789753552188,25325.7500000000,25326.2500000000
1789753552796,25327.7500000000,25328.2500000000
1789753553398,25326.7500000000,25327.2500000000
1789753555226,25325.7500000000,25326.2500000000
1789753555632,25324.7500000000,25325.2500000000
1789753556033,25325.7500000000,25326.2500000000
1789753556638,25324.7500000000,25325.2500000000
1789753559881,25323.7500000000,25324.2500000000
1789753560083,25324.7500000000,25325.2500000000
1789753561707,25323.7500000000,25324.2500000000
1789753562513,25322.7500000000,25323.2500000000
1789753563118,25321.7500000000,25322.2500000000
1789753563320,25322.7500000000,25323.2500000000
1789753563521,25321.7500000000,25322.2500000000
1789753567377,25322.7500000000,25323.2500000000
1789753567581,25321.7500000000,25322.2500000000
1789753568383,25320.7500000000,25321.2500000000
1789753570001,25321.7500000000,25322.2500000000
1789753570612,25322.7500000000,25323.2500000000
1789753570814,25323.7500000000,25324.2500000000
1789753571012,25324.7500000000,25325.2500000000
1789753572627,25325.7500000000,25326.2500000000
1789753573033,25324.7500000000,25325.2500000000
1789753573843,25325.7500000000,25326.2500000000
1789753574048,25324.7500000000,25325.2500000000
1789753574248,25325.7500000000,25326.2500000000
1789753574651,25326.7500000000,25327.2500000000
1789753576882,25327.7500000000,25328.2500000000
1789753577083,25326.7500000000,25327.2500000000
1789753577488,25327.7500000000,25328.2500000000
1789753577690,25326.7500000000,25327.2500000000
1789753578096,25325.7500000000,25326.2500000000
1789753578709,25326.7500000000,25327.2500000000
1789753578910,25327.7500000000,25328.2500000000
1789753579916,25328.7500000000,25329.2500000000
1789753584166,25331.7500000000,25332.2500000000
1789753584365,25330.7500000000,25331.2500000000
1789753585177,25331.7500000000,25332.2500000000
1789753586193,25332.7500000000,25333.2500000000
1789753586596,25333.7500000000,25334.2500000000
1789753590034,25332.7500000000,25333.2500000000
1789753590441,25333.7500000000,25334.2500000000
1789753591652,25332.7500000000,25333.2500000000
1789753593269,25331.7500000000,25332.2500000000
1789753594282,25332.7500000000,25333.2500000000
1789753594487,25331.7500000000,25332.2500000000
1789753595500,25329.7500000000,25330.2500000000
1789753596307,25330.7500000000,25331.2500000000
1789753596510,25329.7500000000,25330.2500000000
1789753597118,25328.7500000000,25329.2500000000
1789753597318,25329.7500000000,25330.2500000000
1789753597734,25328.7500000000,25329.2500000000
1789753599148,25327.7500000000,25328.2500000000
1789753599549,25326.7500000000,25327.2500000000
1789753600561,25325.7500000000,25326.2500000000
1789753601367,25326.7500000000,25327.2500000000
1789753601575,25327.7500000000,25328.2500000000
1789753601776,25326.7500000000,25327.2500000000
1789753602173,25325.7500000000,25326.2500000000
1789753602579,25326.7500000000,25327.2500000000
1789753603188,25327.7500000000,25328.2500000000
1789753603591,25326.7500000000,25327.2500000000
1789753606221,25325.7500000000,25326.2500000000
1789753606621,25326.7500000000,25327.2500000000
1789753607230,25325.7500000000,25326.2500000000
1789753607635,25326.7500000000,25327.2500000000
1789753607839,25325.7500000000,25326.2500000000
1789753608442,25326.7500000000,25327.2500000000
1789753608651,25325.7500000000,25326.2500000000
1789753609866,25324.7500000000,25325.2500000000
1789753611276,25323.7500000000,25324.2500000000
1789753611892,25322.7500000000,25323.2500000000
1789753612288,25321.7500000000,25322.2500000000
1789753613504,25320.7500000000,25321.2500000000
1789753613705,25321.7500000000,25322.2500000000
1789753614511,25322.7500000000,25323.2500000000
1789753616332,25321.7500000000,25322.2500000000
1789753618158,25322.7500000000,25323.2500000000
1789753620181,25321.7500000000,25322.2500000000
1789753620584,25320.7500000000,25321.2500000000
1789753621189,25319.7500000000,25320.2500000000
1789753621393,25320.7500000000,25321.2500000000
1789753621598,25319.7500000000,25320.2500000000
1789753622207,25320.7500000000,25321.2500000000
1789753624226,25321.7500000000,25322.2500000000
1789753626049,25320.7500000000,25321.2500000000
1789753626657,25321.7500000000,25322.2500000000
1789753628276,25323.7500000000,25324.2500000000
1789753629083,25324.7500000000,25325.2500000000
1789753630704,25323.7500000000,25324.2500000000
1789753632931,25324.7500000000,25325.2500000000
1789753633335,25323.7500000000,25324.2500000000
1789753633748,25324.7500000000,25325.2500000000
1789753635156,25325.7500000000,25326.2500000000
1789753636171,25324.7500000000,25325.2500000000
1789753636984,25325.7500000000,25326.2500000000
1789753637994,25324.7500000000,25325.2500000000
1789753638196,25325.7500000000,25326.2500000000
1789753639005,25324.7500000000,25325.2500000000
1789753640417,25325.7500000000,25326.2500000000
1789753640824,25324.7500000000,25325.2500000000
1789753641837,25325.7500000000,25326.2500000000
1789753642035,25324.7500000000,25325.2500000000
1789753642440,25323.7500000000,25324.2500000000
1789753644461,25322.7500000000,25323.2500000000
1789753645070,25323.7500000000,25324.2500000000
1789753645272,25322.7500000000,25323.2500000000
1789753646696,25321.7500000000,25322.2500000000
1789753647093,25322.7500000000,25323.2500000000
1789753648515,25321.7500000000,25322.2500000000
1789753648716,25320.7500000000,25321.2500000000
1789753649926,25321.7500000000,25322.2500000000
1789753650133,25320.7500000000,25321.2500000000
1789753650532,25321.7500000000,25322.2500000000
1789753651543,25322.7500000000,25323.2500000000
1789753652150,25321.7500000000,25322.2500000000
1789753653161,25322.7500000000,25323.2500000000
1789753654577,25321.7500000000,25322.2500000000
1789753654982,25322.7500000000,25323.2500000000
1789753657003,25323.7500000000,25324.2500000000
1789753657415,25324.7500000000,25325.2500000000
1789753657612,25323.7500000000,25324.2500000000
1789753662055,25322.7500000000,25323.2500000000
1789753663069,25321.7500000000,25322.2500000000
1789753663677,25322.7500000000,25323.2500000000
1789753664081,25321.7500000000,25322.2500000000
1789753665095,25322.7500000000,25323.2500000000
1789753665295,25321.7500000000,25322.2500000000
1789753666309,25322.7500000000,25323.2500000000
1789753674399,25324.7500000000,25325.2500000000
1789753676021,25322.7500000000,25323.2500000000
1789753677429,25323.7500000000,25324.2500000000
1789753679661,25322.7500000000,25323.2500000000
1789753679865,25321.7500000000,25322.2500000000
1789753680467,25321.7500000000,25322.2500000000
1789753680669,25320.7500000000,25321.2500000000
1789753681271,25321.7500000000,25322.2500000000
1789753681681,25322.7500000000,25323.2500000000
1789753683092,25321.7500000000,25322.2500000000
1789753683704,25322.7500000000,25323.2500000000
1789753684917,25321.7500000000,25322.2500000000
1789753685322,25320.7500000000,25321.2500000000
1789753685726,25321.7500000000,25322.2500000000
1789753688160,25322.7500000000,25323.2500000000
1789753690379,25321.7500000000,25322.2500000000
1789753694827,25320.7500000000,25321.2500000000
1789753695231,25321.7500000000,25322.2500000000
1789753695633,25322.7500000000,25323.2500000000
1789753698867,25321.7500000000,25322.2500000000
1789753699269,25320.7500000000,25321.2500000000
1789753700084,25321.7500000000,25322.2500000000
1789753700687,25320.7500000000,25321.2500000000
1789753700888,25321.7500000000,25322.2500000000
1789753703111,25322.7500000000,25323.2500000000
1789753704324,25321.7500000000,25322.2500000000
1789753705135,25320.7500000000,25321.2500000000
1789753705342,25321.7500000000,25322.2500000000
1789753706962,25322.7500000000,25323.2500000000
1789753707163,25323.7500000000,25324.2500000000
1789753708377,25324.7500000000,25325.2500000000
1789753708982,25325.7500000000,25326.2500000000
1789753711012,25326.7500000000,25327.2500000000
1789753711209,25325.7500000000,25326.2500000000
1789753713435,25324.7500000000,25325.2500000000
1789753713840,25325.7500000000,25326.2500000000
1789753715457,25326.7500000000,25327.2500000000
1789753715661,25325.7500000000,25326.2500000000
1789753716061,25324.7500000000,25325.2500000000
1789753716471,25326.7500000000,25327.2500000000
1789753717487,25327.7500000000,25328.2500000000
1789753717683,25326.7500000000,25327.2500000000
1789753717884,25327.7500000000,25328.2500000000
1789753718291,25326.7500000000,25327.2500000000
1789753718693,25327.7500000000,25328.2500000000
1789753719303,25326.7500000000,25327.2500000000
1789753720718,25327.7500000000,25328.2500000000
1789753721119,25326.7500000000,25327.2500000000
1789753721728,25327.7500000000,25328.2500000000
1789753721933,25328.7500000000,25329.2500000000
1789753722132,25327.7500000000,25328.2500000000
1789753722338,25328.7500000000,25329.2500000000
1789753722947,25327.7500000000,25328.2500000000
1789753723555,25326.7500000000,25327.2500000000
1789753723753,25324.7500000000,25325.2500000000
1789753723957,25325.7500000000,25326.2500000000
1789753724361,25326.7500000000,25327.2500000000
1789753725172,25319.7500000000,25320.2500000000
1789753725379,25320.7500000000,25321.2500000000
1789753725579,25319.7500000000,25320.2500000000
1789753725778,25320.7500000000,25321.2500000000
1789753727191,25319.7500000000,25320.2500000000
1789753729420,25320.7500000000,25321.2500000000
1789753730224,25319.7500000000,25320.2500000000
1789753730431,25320.7500000000,25321.2500000000
1789753732252,25319.7500000000,25320.2500000000
1789753732451,25320.7500000000,25321.2500000000
1789753736304,25321.7500000000,25322.2500000000
1789753737308,25320.7500000000,25321.2500000000
1789753738115,25321.7500000000,25322.2500000000
1789753738319,25320.7500000000,25321.2500000000
1789753739735,25322.7500000000,25323.2500000000
1789753740137,25322.7500000000,25323.2500000000
1789753740549,25321.7500000000,25322.2500000000
1789753741155,25320.7500000000,25321.2500000000
1789753742363,25321.7500000000,25322.2500000000
1789753742566,25320.7500000000,25321.2500000000
1789753742771,25321.7500000000,25322.2500000000
1789753744388,25322.7500000000,25323.2500000000
1789753746207,25323.7500000000,25324.2500000000
1789753746820,25322.7500000000,25323.2500000000
1789753751677,25323.7500000000,25324.2500000000
1789753751879,25325.7500000000,25326.2500000000
1789753752282,25326.7500000000,25327.2500000000
1789753753093,25325.7500000000,25326.2500000000
1789753753300,25326.7500000000,25327.2500000000
1789753753703,25327.7500000000,25328.2500000000
1789753753901,25326.7500000000,25327.2500000000
1789753754104,25327.7500000000,25328.2500000000
1789753755928,25326.7500000000,25327.2500000000
1789753756730,25328.7500000000,25329.2500000000
1789753757133,25327.7500000000,25328.2500000000
1789753758750,25328.7500000000,25329.2500000000
1789753759771,25327.7500000000,25328.2500000000
1789753759965,25328.7500000000,25329.2500000000
1789753760776,25329.7500000000,25330.2500000000
1789753761180,25328.7500000000,25329.2500000000
1789753762593,25329.7500000000,25330.2500000000
1789753764012,25328.7500000000,25329.2500000000
1789753764421,25329.7500000000,25330.2500000000
1789753765027,25330.7500000000,25331.2500000000
1789753765239,25331.7500000000,25332.2500000000
1789753765433,25332.7500000000,25333.2500000000
1789753765635,25333.7500000000,25334.2500000000
1789753766450,25334.7500000000,25335.2500000000
1789753766853,25333.7500000000,25334.2500000000
1789753768464,25334.7500000000,25335.2500000000
1789753771902,25333.7500000000,25334.2500000000
1789753772103,25332.7500000000,25333.2500000000
1789753772915,25331.7500000000,25332.2500000000
1789753774128,25332.7500000000,25333.2500000000
1789753774735,25333.7500000000,25334.2500000000
1789753776959,25334.7500000000,25335.2500000000
1789753777771,25332.7500000000,25333.2500000000
1789753777968,25333.7500000000,25334.2500000000
1789753778172,25332.7500000000,25333.2500000000
1789753778376,25333.7500000000,25334.2500000000
1789753778576,25332.7500000000,25333.2500000000
1789753778780,25333.7500000000,25334.2500000000
1789753779391,25334.7500000000,25335.2500000000
1789753781211,25333.7500000000,25334.2500000000
1789753781813,25334.7500000000,25335.2500000000
1789753782218,25335.7500000000,25336.2500000000
1789753783433,25336.7500000000,25337.2500000000
1789753785256,25337.7500000000,25338.2500000000
1789753786260,25338.7500000000,25339.2500000000
1789753788081,25340.7500000000,25341.2500000000
1789753788887,25339.7500000000,25340.2500000000
1789753789696,25338.7500000000,25339.2500000000
1789753789895,25339.7500000000,25340.2500000000
1789753790301,25338.7500000000,25339.2500000000
1789753791520,25337.7500000000,25338.2500000000
1789753793337,25338.7500000000,25339.2500000000
1789753794956,25339.7500000000,25340.2500000000
1789753797178,25338.7500000000,25339.2500000000
1789753797379,25339.7500000000,25340.2500000000
1789753798595,25338.7500000000,25339.2500000000
1789753798793,25339.7500000000,25340.2500000000
1789753799201,25338.7500000000,25339.2500000000
1789753800213,25337.7500000000,25338.2500000000
1789753800414,25336.7500000000,25337.2500000000
1789753803858,25338.7500000000,25339.2500000000
1789753808312,25339.7500000000,25340.2500000000
1789753808515,25341.7500000000,25342.2500000000
1789753808919,25342.7500000000,25343.2500000000
1789753809116,25341.7500000000,25342.2500000000
1789753809926,25342.7500000000,25343.2500000000
1789753810332,25343.7500000000,25344.2500000000
1789753810537,25342.7500000000,25343.2500000000
1789753812356,25343.7500000000,25344.2500000000
1789753813165,25342.7500000000,25343.2500000000
1789753814987,25343.7500000000,25344.2500000000
1789753816002,25344.7500000000,25345.2500000000
1789753817017,25343.7500000000,25344.2500000000
1789753818630,25342.7500000000,25343.2500000000
1789753818831,25343.7500000000,25344.2500000000
1789753819844,25344.7500000000,25345.2500000000
1789753821661,25343.7500000000,25344.2500000000
1789753821871,25344.7500000000,25345.2500000000
1789753825709,25345.7500000000,25346.2500000000
1789753826321,25344.7500000000,25345.2500000000
1789753827731,25345.7500000000,25346.2500000000
1789753828147,25344.7500000000,25345.2500000000
1789753830567,25343.7500000000,25344.2500000000
1789753831783,25342.7500000000,25343.2500000000
1789753831981,25339.7500000000,25340.2500000000
1789753832590,25338.7500000000,25339.2500000000
1789753832995,25337.7500000000,25338.2500000000
1789753833811,25338.7500000000,25339.2500000000
1789753835428,25337.7500000000,25338.2500000000
1789753835837,25338.7500000000,25339.2500000000
1789753836033,25337.7500000000,25338.2500000000
1789753836637,25338.7500000000,25339.2500000000
1789753837246,25337.7500000000,25338.2500000000
1789753838264,25338.7500000000,25339.2500000000
1789753838670,25339.7500000000,25340.2500000000
1789753839879,25338.7500000000,25339.2500000000
1789753841096,25339.7500000000,25340.2500000000
1789753841503,25338.7500000000,25339.2500000000
1789753841704,25339.7500000000,25340.2500000000
1789753841909,25338.7500000000,25339.2500000000
1789753842311,25340.7500000000,25341.2500000000
1789753842524,25342.7500000000,25343.2500000000
1789753842723,25343.7500000000,25344.2500000000
1789753843124,25342.7500000000,25343.2500000000
1789753843737,25341.7500000000,25342.2500000000
1789753844745,25342.7500000000,25343.2500000000
1789753844946,25343.7500000000,25344.2500000000
1789753845756,25344.7500000000,25345.2500000000
1789753845957,25345.7500000000,25346.2500000000
1789753846568,25344.7500000000,25345.2500000000
1789753848382,25345.7500000000,25346.2500000000
1789753849197,25346.7500000000,25347.2500000000
1789753849401,25347.7500000000,25348.2500000000
1789753850210,25348.7500000000,25349.2500000000
1789753852435,25349.7500000000,25350.2500000000
1789753855065,25348.7500000000,25349.2500000000
1789753856886,25349.7500000000,25350.2500000000
1789753857094,25348.7500000000,25349.2500000000
1789753857697,25350.7500000000,25351.2500000000
1789753858306,25351.7500000000,25352.2500000000
1789753861337,25350.7500000000,25351.2500000000
1789753861544,25349.7500000000,25350.2500000000
1789753862550,25348.7500000000,25349.2500000000
1789753863155,25347.7500000000,25348.2500000000
1789753863355,25346.7500000000,25347.2500000000
1789753864977,25347.7500000000,25348.2500000000
1789753865584,25346.7500000000,25347.2500000000
1789753865790,25347.7500000000,25348.2500000000
1789753866393,25346.7500000000,25347.2500000000
1789753870852,25345.7500000000,25346.2500000000
1789753871869,25346.7500000000,25347.2500000000
1789753872472,25347.7500000000,25348.2500000000
1789753874292,25348.7500000000,25349.2500000000
1789753874491,25350.7500000000,25351.2500000000
1789753874695,25349.7500000000,25350.2500000000
1789753875908,25348.7500000000,25349.2500000000
1789753876514,25349.7500000000,25350.2500000000
1789753877126,25345.7500000000,25346.2500000000
1789753877322,25346.7500000000,25347.2500000000
1789753877528,25347.7500000000,25348.2500000000
1789753877731,25346.7500000000,25347.2500000000
1789753877935,25347.7500000000,25348.2500000000
1789753884004,25346.7500000000,25347.2500000000
1789753884207,25347.7500000000,25348.2500000000
1789753885213,25349.7500000000,25350.2500000000
1789753885414,25350.7500000000,25351.2500000000
1789753885621,25351.7500000000,25352.2500000000
1789753886022,25350.7500000000,25351.2500000000
1789753888651,25351.7500000000,25352.2500000000
1789753889058,25350.7500000000,25351.2500000000
1789753889866,25349.7500000000,25350.2500000000
1789753890272,25350.7500000000,25351.2500000000
1789753891282,25351.7500000000,25352.2500000000
1789753892295,25352.7500000000,25353.2500000000
1789753892495,25353.7500000000,25354.2500000000
1789753892698,25352.7500000000,25353.2500000000
1789753894111,25351.7500000000,25352.2500000000
1789753894724,25350.7500000000,25351.2500000000
1789753898768,25351.7500000000,25352.2500000000
1789753902811,25350.7500000000,25351.2500000000
1789753903419,25349.7500000000,25350.2500000000
1789753903829,25350.7500000000,25351.2500000000
1789753904024,25349.7500000000,25350.2500000000
1789753905448,25351.7500000000,25352.2500000000
1789753906055,25353.7500000000,25354.2500000000
1789753906255,25354.7500000000,25355.2500000000
1789753908078,25353.7500000000,25354.2500000000
1789753908884,25354.7500000000,25355.2500000000
1789753910706,25353.7500000000,25354.2500000000
1789753911114,25351.7500000000,25352.2500000000
1789753911316,25352.7500000000,25353.2500000000
1789753912118,25351.7500000000,25352.2500000000
1789753912326,25352.7500000000,25353.2500000000
1789753912529,25353.7500000000,25354.2500000000
1789753913334,25354.7500000000,25355.2500000000
1789753916169,25355.7500000000,25356.2500000000
1789753916375,25354.7500000000,25355.2500000000
1789753919215,25355.7500000000,25356.2500000000
1789753920016,25354.7500000000,25355.2500000000
1789753920632,25355.7500000000,25356.2500000000
1789753920830,25356.7500000000,25357.2500000000
1789753921645,25354.7500000000,25355.2500000000
1789753922650,25353.7500000000,25354.2500000000
1789753923863,25354.7500000000,25355.2500000000
1789753925086,25353.7500000000,25354.2500000000
1789753925287,25352.7500000000,25353.2500000000
1789753926501,25353.7500000000,25354.2500000000
1789753927104,25352.7500000000,25353.2500000000
1789753927912,25353.7500000000,25354.2500000000
1789753928121,25352.7500000000,25353.2500000000
1789753929330,25351.7500000000,25352.2500000000
1789753931155,25352.7500000000,25353.2500000000
1789753932362,25351.7500000000,25352.2500000000
1789753933573,25352.7500000000,25353.2500000000
1789753934791,25353.7500000000,25354.2500000000
1789753934999,25351.7500000000,25352.2500000000
1789753935801,25352.7500000000,25353.2500000000
1789753936007,25351.7500000000,25352.2500000000
1789753936415,25352.7500000000,25353.2500000000
1789753936612,25351.7500000000,25352.2500000000
1789753937622,25352.7500000000,25353.2500000000
1789753938233,25354.7500000000,25355.2500000000
1789753938641,25353.7500000000,25354.2500000000
1789753939244,25354.7500000000,25355.2500000000
1789753939647,25355.7500000000,25356.2500000000
1789753940862,25354.7500000000,25355.2500000000
1789753941672,25353.7500000000,25354.2500000000
1789753942680,25354.7500000000,25355.2500000000
1789753943695,25353.7500000000,25354.2500000000
1789753944099,25354.7500000000,25355.2500000000
1789753945111,25353.7500000000,25354.2500000000
1789753945513,25352.7500000000,25353.2500000000
1789753946119,25353.7500000000,25354.2500000000
1789753946323,25352.7500000000,25353.2500000000
1789753948753,25353.7500000000,25354.2500000000
1789753948954,25352.7500000000,25353.2500000000
1789753950785,25351.7500000000,25352.2500000000
1789753951589,25352.7500000000,25353.2500000000
1789753951792,25351.7500000000,25352.2500000000
1789753952597,25350.7500000000,25351.2500000000
1789753953207,25351.7500000000,25352.2500000000
1789753953813,25352.7500000000,25353.2500000000
1789753954214,25351.7500000000,25352.2500000000
1789753954621,25352.7500000000,25353.2500000000
1789753956437,25353.7500000000,25354.2500000000
1789753957651,25354.7500000000,25355.2500000000
1789753961086,25355.7500000000,25356.2500000000
1789753961493,25354.7500000000,25355.2500000000
1789753962298,25356.7500000000,25357.2500000000
1789753962704,25355.7500000000,25356.2500000000
1789753964319,25356.7500000000,25357.2500000000
1789753964521,25355.7500000000,25356.2500000000
1789753965945,25356.7500000000,25357.2500000000
1789753967163,25353.7500000000,25354.2500000000
1789753968980,25351.7500000000,25352.2500000000
1789753970197,25352.7500000000,25353.2500000000
1789753970401,25351.7500000000,25352.2500000000
1789753971004,25352.7500000000,25353.2500000000
1789753971206,25351.7500000000,25352.2500000000
1789753971815,25352.7500000000,25353.2500000000
1789753972220,25351.7500000000,25352.2500000000
1789753972421,25353.7500000000,25354.2500000000
1789753973436,25355.7500000000,25356.2500000000
1789753973641,25354.7500000000,25355.2500000000
1789753973840,25355.7500000000,25356.2500000000
1789753974238,25354.7500000000,25355.2500000000
1789753974440,25355.7500000000,25356.2500000000
1789753974644,25354.7500000000,25355.2500000000
1789753974849,25352.7500000000,25353.2500000000
1789753975454,25350.7500000000,25351.2500000000
1789753975659,25351.7500000000,25352.2500000000
1789753977880,25350.7500000000,25351.2500000000
1789753978084,25349.7500000000,25350.2500000000
1789753978492,25350.7500000000,25351.2500000000
1789753978689,25347.7500000000,25348.2500000000
1789753980106,25347.7500000000,25348.2500000000
1789753980916,25346.7500000000,25347.2500000000
1789753983954,25347.7500000000,25348.2500000000
1789753984150,25346.7500000000,25347.2500000000
1789753986384,25344.7500000000,25345.2500000000
1789753986592,25345.7500000000,25346.2500000000
1789753987999,25346.7500000000,25347.2500000000
1789753988202,25345.7500000000,25346.2500000000
1789753988810,25344.7500000000,25345.2500000000
1789753989009,25345.7500000000,25346.2500000000
1789753989420,25346.7500000000,25347.2500000000
1789753990830,25347.7500000000,25348.2500000000
1789753991634,25348.7500000000,25349.2500000000
1789753993659,25347.7500000000,25348.2500000000
1789753998514,25346.7500000000,25347.2500000000
1789753999932,25345.7500000000,25346.2500000000
1789754000335,25343.7500000000,25344.2500000000
1789754001752,25344.7500000000,25345.2500000000
1789754003369,25343.7500000000,25344.2500000000
1789754003777,25344.7500000000,25345.2500000000
1789754005193,25343.7500000000,25344.2500000000
1789754007418,25342.7500000000,25343.2500000000
1789754007824,25343.7500000000,25344.2500000000
1789754008227,25342.7500000000,25343.2500000000
1789754009443,25343.7500000000,25344.2500000000
1789754011872,25342.7500000000,25343.2500000000
1789754013886,25343.7500000000,25344.2500000000
1789754016116,25344.7500000000,25345.2500000000
1789754016921,25343.7500000000,25344.2500000000
1789754017326,25344.7500000000,25345.2500000000
1789754021780,25343.7500000000,25344.2500000000
1789754025011,25344.7500000000,25345.2500000000
1789754025215,25343.7500000000,25344.2500000000
1789754026024,25342.7500000000,25343.2500000000
1789754026229,25340.7500000000,25341.2500000000
1789754027844,25338.7500000000,25339.2500000000
1789754028657,25339.7500000000,25340.2500000000
1789754030676,25338.7500000000,25339.2500000000
1789754032088,25337.7500000000,25338.2500000000
1789754034306,25336.7500000000,25337.2500000000
1789754036327,25338.7500000000,25339.2500000000
1789754036533,25339.7500000000,25340.2500000000
1789754037146,25338.7500000000,25339.2500000000
1789754037340,25339.7500000000,25340.2500000000
1789754037953,25338.7500000000,25339.2500000000
1789754038958,25337.7500000000,25338.2500000000
1789754039156,25338.7500000000,25339.2500000000
1789754039966,25337.7500000000,25338.2500000000
1789754040172,25338.7500000000,25339.2500000000
1789754041384,25337.7500000000,25338.2500000000
1789754043814,25338.7500000000,25339.2500000000
1789754044220,25337.7500000000,25338.2500000000
1789754045026,25336.7500000000,25337.2500000000
1789754045835,25337.7500000000,25338.2500000000
1789754046645,25336.7500000000,25337.2500000000
1789754047049,25337.7500000000,25338.2500000000
1789754048064,25336.7500000000,25337.2500000000
1789754053935,25338.7500000000,25339.2500000000
1789754054140,25337.7500000000,25338.2500000000
1789754054745,25336.7500000000,25337.2500000000
1789754054951,25338.7500000000,25339.2500000000
1789754055152,25337.7500000000,25338.2500000000
1789754055353,25336.7500000000,25337.2500000000
1789754055558,25337.7500000000,25338.2500000000
1789754055755,25336.7500000000,25337.2500000000
1789754058185,25338.7500000000,25339.2500000000
1789754058990,25337.7500000000,25338.2500000000
1789754060819,25338.7500000000,25339.2500000000
1789754061018,25337.7500000000,25338.2500000000
1789754067091,25338.7500000000,25339.2500000000
1789754072348,25337.7500000000,25338.2500000000
1789754073966,25338.7500000000,25339.2500000000
1789754074576,25337.7500000000,25338.2500000000
1789754075179,25338.7500000000,25339.2500000000
1789754076188,25337.7500000000,25338.2500000000
1789754077607,25338.7500000000,25339.2500000000
1789754077809,25339.7500000000,25340.2500000000
1789754079831,25338.7500000000,25339.2500000000
1789754081046,25339.7500000000,25340.2500000000
1789754083876,25338.7500000000,25339.2500000000
1789754085293,25339.7500000000,25340.2500000000
1789754085700,25338.7500000000,25339.2500000000
1789754086707,25337.7500000000,25338.2500000000
1789754088128,25338.7500000000,25339.2500000000
1789754089145,25337.7500000000,25338.2500000000
1789754089542,25338.7500000000,25339.2500000000
1789754090555,25339.7500000000,25340.2500000000
1789754090754,25338.7500000000,25339.2500000000
1789754091973,25337.7500000000,25338.2500000000
1789754093788,25336.7500000000,25337.2500000000
1789754093988,25335.7500000000,25336.2500000000
1789754096823,25336.7500000000,25337.2500000000
1789754099245,25335.7500000000,25336.2500000000
1789754100260,25335.7500000000,25336.2500000000
1789754100658,25337.7500000000,25338.2500000000
1789754100860,25335.7500000000,25336.2500000000
1789754102885,25336.7500000000,25337.2500000000
1789754103689,25335.7500000000,25336.2500000000
1789754105714,25336.7500000000,25337.2500000000
1789754106925,25335.7500000000,25336.2500000000
1789754107330,25336.7500000000,25337.2500000000
1789754108141,25335.7500000000,25336.2500000000
1789754108548,25336.7500000000,25337.2500000000
1789754109153,25335.7500000000,25336.2500000000
1789754109758,25336.7500000000,25337.2500000000
1789754110968,25335.7500000000,25336.2500000000
1789754111979,25336.7500000000,25337.2500000000
1789754112189,25335.7500000000,25336.2500000000
1789754112591,25336.7500000000,25337.2500000000
1789754114015,25335.7500000000,25336.2500000000
1789754115225,25334.7500000000,25335.2500000000
1789754115433,25335.7500000000,25336.2500000000
1789754116435,25336.7500000000,25337.2500000000
1789754116643,25335.7500000000,25336.2500000000
1789754117241,25336.7500000000,25337.2500000000
1789754117444,25335.7500000000,25336.2500000000
1789754118048,25336.7500000000,25337.2500000000
1789754121080,25335.7500000000,25336.2500000000
1789754122091,25334.7500000000,25335.2500000000
1789754122297,25335.7500000000,25336.2500000000
1789754124114,25336.7500000000,25337.2500000000
1789754124316,25335.7500000000,25336.2500000000
1789754125325,25334.7500000000,25335.2500000000
1789754125534,25335.7500000000,25336.2500000000
1789754126136,25334.7500000000,25335.2500000000
1789754126547,25333.7500000000,25334.2500000000
1789754126745,25334.7500000000,25335.2500000000
1789754127345,25335.7500000000,25336.2500000000
1789754128967,25334.7500000000,25335.2500000000
1789754129170,25335.7500000000,25336.2500000000
1789754130785,25336.7500000000,25337.2500000000
1789754132208,25338.7500000000,25339.2500000000
1789754134023,25337.7500000000,25338.2500000000
1789754134629,25336.7500000000,25337.2500000000
1789754134831,25337.7500000000,25338.2500000000
1789754135033,25336.7500000000,25337.2500000000
1789754135843,25337.7500000000,25338.2500000000
1789754136045,25336.7500000000,25337.2500000000
1789754139286,25337.7500000000,25338.2500000000
1789754139491,25336.7500000000,25337.2500000000
1789754140496,25337.7500000000,25338.2500000000
1789754141104,25338.7500000000,25339.2500000000
1789754141311,25337.7500000000,25338.2500000000
1789754141509,25338.7500000000,25339.2500000000
1789754141709,25337.7500000000,25338.2500000000
1789754142519,25338.7500000000,25339.2500000000
1789754145966,25339.7500000000,25340.2500000000
1789754146369,25338.7500000000,25339.2500000000
1789754147992,25339.7500000000,25340.2500000000
1789754148196,25338.7500000000,25339.2500000000
1789754150220,25337.7500000000,25338.2500000000
1789754150419,25338.7500000000,25339.2500000000
1789754151233,25337.7500000000,25338.2500000000
1789754152060,25338.7500000000,25339.2500000000
1789754154891,25337.7500000000,25338.2500000000
1789754155904,25336.7500000000,25337.2500000000
1789754156513,25334.7500000000,25335.2500000000
1789754156712,25333.7500000000,25334.2500000000
1789754157725,25334.7500000000,25335.2500000000
1789754158133,25331.7500000000,25332.2500000000
1789754160155,25333.7500000000,25334.2500000000
1789754160355,25332.7500000000,25333.2500000000
1789754160962,25333.7500000000,25334.2500000000
1789754161363,25334.7500000000,25335.2500000000
1789754164799,25335.7500000000,25336.2500000000
1789754165413,25334.7500000000,25335.2500000000
1789754169046,25333.7500000000,25334.2500000000
1789754170669,25334.7500000000,25335.2500000000
1789754171474,25333.7500000000,25334.2500000000
1789754174313,25332.7500000000,25333.2500000000
1789754175316,25331.7500000000,25332.2500000000
1789754180778,25330.7500000000,25331.2500000000
1789754182804,25331.7500000000,25332.2500000000
1789754183006,25330.7500000000,25331.2500000000
1789754183210,25331.7500000000,25332.2500000000
1789754183814,25330.7500000000,25331.2500000000
1789754185026,25331.7500000000,25332.2500000000
1789754185430,25330.7500000000,25331.2500000000
1789754185635,25331.7500000000,25332.2500000000
1789754188463,25332.7500000000,25333.2500000000
1789754189887,25333.7500000000,25334.2500000000
1789754190086,25332.7500000000,25333.2500000000
1789754190492,25333.7500000000,25334.2500000000
1789754190892,25332.7500000000,25333.2500000000
1789754191700,25333.7500000000,25334.2500000000
1789754191901,25332.7500000000,25333.2500000000
1789754192102,25333.7500000000,25334.2500000000
1789754192507,25332.7500000000,25333.2500000000
1789754192715,25333.7500000000,25334.2500000000
1789754192916,25332.7500000000,25333.2500000000
1789754193318,25331.7500000000,25332.2500000000
1789754193926,25332.7500000000,25333.2500000000
1789754194129,25331.7500000000,25332.2500000000
1789754194540,25332.7500000000,25333.2500000000
1789754194734,25331.7500000000,25332.2500000000
1789754196359,25332.7500000000,25333.2500000000
1789754196961,25333.7500000000,25334.2500000000
1789754199792,25332.7500000000,25333.2500000000
1789754199995,25331.7500000000,25332.2500000000
1789754201210,25332.7500000000,25333.2500000000
1789754202826,25331.7500000000,25332.2500000000
1789754203839,25332.7500000000,25333.2500000000
1789754204439,25333.7500000000,25334.2500000000
1789754206875,25332.7500000000,25333.2500000000
1789754208293,25331.7500000000,25332.2500000000
1789754210514,25333.7500000000,25334.2500000000
1789754210712,25332.7500000000,25333.2500000000
1789754211322,25331.7500000000,25332.2500000000
1789754211725,25332.7500000000,25333.2500000000
1789754213140,25331.7500000000,25332.2500000000
1789754213745,25333.7500000000,25334.2500000000
1789754215565,25332.7500000000,25333.2500000000
1789754215969,25333.7500000000,25334.2500000000
1789754216172,25334.7500000000,25335.2500000000
1789754216380,25333.7500000000,25334.2500000000
1789754219408,25331.7500000000,25332.2500000000
1789754220222,25332.7500000000,25333.2500000000
1789754221030,25331.7500000000,25332.2500000000
1789754222853,25330.7500000000,25331.2500000000
1789754224469,25331.7500000000,25332.2500000000
1789754224878,25332.7500000000,25333.2500000000
1789754225084,25333.7500000000,25334.2500000000
1789754225287,25332.7500000000,25333.2500000000
1789754225490,25333.7500000000,25334.2500000000
1789754226701,25332.7500000000,25333.2500000000
1789754227915,25333.7500000000,25334.2500000000
1789754229130,25334.7500000000,25335.2500000000
1789754229331,25333.7500000000,25334.2500000000
1789754229741,25334.7500000000,25335.2500000000
1789754233580,25332.7500000000,25333.2500000000
1789754235606,25333.7500000000,25334.2500000000
1789754236613,25334.7500000000,25335.2500000000
1789754237020,25335.7500000000,25336.2500000000
1789754237829,25334.7500000000,25335.2500000000
1789754245918,25333.7500000000,25334.2500000000
1789754246119,25332.7500000000,25333.2500000000
1789754247335,25333.7500000000,25334.2500000000
1789754247941,25332.7500000000,25333.2500000000
1789754248544,25333.7500000000,25334.2500000000
1789754250379,25332.7500000000,25333.2500000000
1789754251990,25333.7500000000,25334.2500000000
1789754252187,25332.7500000000,25333.2500000000
1789754254614,25333.7500000000,25334.2500000000
1789754255424,25332.7500000000,25333.2500000000
1789754255631,25333.7500000000,25334.2500000000
1789754258052,25334.7500000000,25335.2500000000
1789754258455,25335.7500000000,25336.2500000000
1789754258659,25336.7500000000,25337.2500000000
1789754260889,25335.7500000000,25336.2500000000
1789754261488,25336.7500000000,25337.2500000000
1789754263111,25337.7500000000,25338.2500000000
1789754263720,25336.7500000000,25337.2500000000
1789754264327,25337.7500000000,25338.2500000000
1789754265535,25336.7500000000,25337.2500000000
1789754266344,25337.7500000000,25338.2500000000
1789754268976,25336.7500000000,25337.2500000000
1789754272410,25335.7500000000,25336.2500000000
1789754272610,25334.7500000000,25335.2500000000
1789754272813,25333.7500000000,25334.2500000000
1789754273020,25331.7500000000,25332.2500000000
1789754277058,25330.7500000000,25331.2500000000
1789754277668,25331.7500000000,25332.2500000000
1789754278676,25330.7500000000,25331.2500000000
1789754279485,25329.7500000000,25330.2500000000
1789754279688,25331.7500000000,25332.2500000000
1789754279889,25333.7500000000,25334.2500000000
1789754280096,25333.7500000000,25334.2500000000
1789754280298,25334.7500000000,25335.2500000000
1789754280901,25335.7500000000,25336.2500000000
1789754281512,25336.7500000000,25337.2500000000
1789754282319,25337.7500000000,25338.2500000000
1789754282519,25336.7500000000,25337.2500000000
1789754282726,25337.7500000000,25338.2500000000
1789754283736,25339.7500000000,25340.2500000000
1789754283940,25340.7500000000,25341.2500000000
1789754284346,25339.7500000000,25340.2500000000
1789754286571,25340.7500000000,25341.2500000000
1789754286772,25341.7500000000,25342.2500000000
1789754287580,25342.7500000000,25343.2500000000
1789754287782,25341.7500000000,25342.2500000000
1789754288187,25342.7500000000,25343.2500000000
1789754288391,25341.7500000000,25342.2500000000
1789754289401,25343.7500000000,25344.2500000000
1789754289808,25342.7500000000,25343.2500000000
1789754290614,25343.7500000000,25344.2500000000
1789754291428,25342.7500000000,25343.2500000000
1789754294059,25343.7500000000,25344.2500000000
1789754296886,25344.7500000000,25345.2500000000
1789754298917,25343.7500000000,25344.2500000000
1789754300125,25341.7500000000,25342.2500000000
1789754300328,25340.7500000000,25341.2500000000
1789754302753,25338.7500000000,25339.2500000000
1789754306193,25336.7500000000,25337.2500000000
1789754306598,25335.7500000000,25336.2500000000
1789754309841,25336.7500000000,25337.2500000000
1789754312266,25335.7500000000,25336.2500000000
1789754312471,25336.7500000000,25337.2500000000
1789754313481,25335.7500000000,25336.2500000000
1789754318138,25334.7500000000,25335.2500000000
1789754318338,25333.7500000000,25334.2500000000
1789754318740,25334.7500000000,25335.2500000000
1789754320368,25335.7500000000,25336.2500000000
1789754320566,25334.7500000000,25335.2500000000
1789754320972,25335.7500000000,25336.2500000000
1789754322588,25334.7500000000,25335.2500000000
1789754326225,25333.7500000000,25334.2500000000
1789754327241,25331.7500000000,25332.2500000000
1789754330477,25330.7500000000,25331.2500000000
1789754332091,25329.7500000000,25330.2500000000
1789754332298,25330.7500000000,25331.2500000000
1789754332495,25331.7500000000,25332.2500000000
1789754334523,25330.7500000000,25331.2500000000
1789754334721,25331.7500000000,25332.2500000000
1789754335132,25330.7500000000,25331.2500000000
1789754335331,25331.7500000000,25332.2500000000
1789754336341,25330.7500000000,25331.2500000000
1789754336545,25329.7500000000,25330.2500000000
1789754337149,25330.7500000000,25331.2500000000
1789754338365,25331.7500000000,25332.2500000000
1789754339776,25330.7500000000,25331.2500000000
1789754340181,25331.7500000000,25332.2500000000
1789754340587,25330.7500000000,25331.2500000000
1789754344028,25331.7500000000,25332.2500000000
1789754345646,25333.7500000000,25334.2500000000
1789754345853,25334.7500000000,25335.2500000000
1789754346253,25335.7500000000,25336.2500000000
1789754348676,25334.7500000000,25335.2500000000
1789754349283,25333.7500000000,25334.2500000000
1789754349490,25334.7500000000,25335.2500000000
1789754350301,25333.7500000000,25334.2500000000
1789754350498,25334.7500000000,25335.2500000000
1789754351108,25333.7500000000,25334.2500000000
1789754352317,25334.7500000000,25335.2500000000
1789754352927,25333.7500000000,25334.2500000000
1789754354742,25334.7500000000,25335.2500000000
1789754355352,25333.7500000000,25334.2500000000
1789754355961,25334.7500000000,25335.2500000000
1789754360617,25335.7500000000,25336.2500000000
1789754364661,25336.7500000000,25337.2500000000
1789754365471,25335.7500000000,25336.2500000000
1789754365875,25334.7500000000,25335.2500000000
1789754369113,25333.7500000000,25334.2500000000
1789754370734,25335.7500000000,25336.2500000000
1789754374369,25334.7500000000,25335.2500000000
1789754374570,25335.7500000000,25336.2500000000
1789754374975,25334.7500000000,25335.2500000000
1789754380433,25335.7500000000,25336.2500000000
1789754380635,25334.7500000000,25335.2500000000
1789754381241,25335.7500000000,25336.2500000000
1789754381653,25334.7500000000,25335.2500000000
1789754381853,25335.7500000000,25336.2500000000
1789754383274,25336.7500000000,25337.2500000000
1789754384684,25337.7500000000,25338.2500000000
1789754385086,25338.7500000000,25339.2500000000
1789754385288,25337.7500000000,25338.2500000000
1789754387513,25338.7500000000,25339.2500000000
1789754390544,25339.7500000000,25340.2500000000
1789754392160,25340.7500000000,25341.2500000000
1789754393779,25341.7500000000,25342.2500000000
1789754394184,25340.7500000000,25341.2500000000
1789754394994,25341.7500000000,25342.2500000000
1789754395403,25340.7500000000,25341.2500000000
1789754395603,25341.7500000000,25342.2500000000
1789754396208,25342.7500000000,25343.2500000000
1789754397628,25344.7500000000,25345.2500000000
1789754398836,25345.7500000000,25346.2500000000
1789754400050,25346.7500000000,25347.2500000000
1789754400260,25345.7500000000,25346.2500000000
1789754400861,25346.7500000000,25347.2500000000
1789754401261,25347.7500000000,25348.2500000000
1789754401668,25346.7500000000,25347.2500000000
1789754403292,25347.7500000000,25348.2500000000
1789754403693,25346.7500000000,25347.2500000000
1789754405314,25348.7500000000,25349.2500000000
1789754405920,25347.7500000000,25348.2500000000
1789754406118,25346.7500000000,25347.2500000000
1789754406733,25345.7500000000,25346.2500000000
1789754406932,25346.7500000000,25347.2500000000
1789754407336,25345.7500000000,25346.2500000000
1789754408141,25344.7500000000,25345.2500000000
1789754409762,25345.7500000000,25346.2500000000
1789754410566,25344.7500000000,25345.2500000000
1789754410768,25345.7500000000,25346.2500000000
1789754410974,25344.7500000000,25345.2500000000
1789754411173,25345.7500000000,25346.2500000000
1789754411583,25344.7500000000,25345.2500000000
1789754413406,25345.7500000000,25346.2500000000
1789754413605,25344.7500000000,25345.2500000000
1789754414007,25345.7500000000,25346.2500000000
1789754415236,25344.7500000000,25345.2500000000
1789754416840,25343.7500000000,25344.2500000000
1789754417447,25342.7500000000,25343.2500000000
1789754418259,25343.7500000000,25344.2500000000
1789754419069,25344.7500000000,25345.2500000000
1789754419468,25345.7500000000,25346.2500000000
1789754419671,25344.7500000000,25345.2500000000
1789754420684,25343.7500000000,25344.2500000000
1789754421294,25344.7500000000,25345.2500000000
1789754421693,25345.7500000000,25346.2500000000
1789754423318,25346.7500000000,25347.2500000000
1789754423519,25345.7500000000,25346.2500000000
1789754423922,25346.7500000000,25347.2500000000
1789754424533,25345.7500000000,25346.2500000000
1789754426551,25346.7500000000,25347.2500000000
1789754426750,25345.7500000000,25346.2500000000
1789754429788,25344.7500000000,25345.2500000000
1789754430191,25343.7500000000,25344.2500000000
1789754430802,25342.7500000000,25343.2500000000
1789754431209,25341.7500000000,25342.2500000000
1789754433839,25342.7500000000,25343.2500000000
1789754434236,25341.7500000000,25342.2500000000
1789754435244,25340.7500000000,25341.2500000000
1789754438886,25339.7500000000,25340.2500000000
1789754439496,25338.7500000000,25339.2500000000
1789754440306,25337.7500000000,25338.2500000000
1789754441111,25336.7500000000,25337.2500000000
1789754441720,25334.7500000000,25335.2500000000
1789754441923,25336.7500000000,25337.2500000000
1789754442324,25335.7500000000,25336.2500000000
1789754442527,25336.7500000000,25337.2500000000
1789754445563,25337.7500000000,25338.2500000000
1789754445968,25336.7500000000,25337.2500000000
1789754447181,25335.7500000000,25336.2500000000
1789754450414,25334.7500000000,25335.2500000000
1789754450614,25335.7500000000,25336.2500000000
1789754450817,25334.7500000000,25335.2500000000
1789754452643,25335.7500000000,25336.2500000000
1789754457098,25334.7500000000,25335.2500000000
1789754457299,25335.7500000000,25336.2500000000
1789754458111,25336.7500000000,25337.2500000000
1789754459929,25337.7500000000,25338.2500000000
1789754460137,25337.7500000000,25338.2500000000
1789754460534,25336.7500000000,25337.2500000000
1789754462160,25335.7500000000,25336.2500000000
1789754465192,25336.7500000000,25337.2500000000
1789754465398,25338.7500000000,25339.2500000000
1789754467021,25339.7500000000,25340.2500000000
1789754469043,25338.7500000000,25339.2500000000
1789754469246,25339.7500000000,25340.2500000000
1789754469649,25338.7500000000,25339.2500000000
1789754472281,25335.7500000000,25336.2500000000
1789754472683,25336.7500000000,25337.2500000000
1789754473696,25335.7500000000,25336.2500000000
1789754474098,25336.7500000000,25337.2500000000
1789754476530,25337.7500000000,25338.2500000000
1789754477134,25336.7500000000,25337.2500000000
1789754477334,25337.7500000000,25338.2500000000
1789754478147,25336.7500000000,25337.2500000000
1789754478547,25337.7500000000,25338.2500000000
1789754479152,25336.7500000000,25337.2500000000
1789754480370,25337.7500000000,25338.2500000000
1789754480569,25336.7500000000,25337.2500000000
1789754482388,25337.7500000000,25338.2500000000
1789754483399,25336.7500000000,25337.2500000000
1789754484816,25339.7500000000,25340.2500000000
1789754485421,25338.7500000000,25339.2500000000
1789754485830,25337.7500000000,25338.2500000000
1789754486434,25338.7500000000,25339.2500000000
1789754487243,25339.7500000000,25340.2500000000
1789754493102,25338.7500000000,25339.2500000000
1789754494110,25337.7500000000,25338.2500000000
1789754496745,25338.7500000000,25339.2500000000
1789754497755,25337.7500000000,25338.2500000000
1789754498362,25338.7500000000,25339.2500000000
1789754498567,25337.7500000000,25338.2500000000
1789754506051,25336.7500000000,25337.2500000000
1789754506251,25337.7500000000,25338.2500000000
1789754506457,25336.7500000000,25337.2500000000
1789754506859,25335.7500000000,25336.2500000000
1789754507059,25334.7500000000,25335.2500000000
1789754507667,25335.7500000000,25336.2500000000
1789754509082,25334.7500000000,25335.2500000000
1789754509487,25335.7500000000,25336.2500000000
1789754513333,25336.7500000000,25337.2500000000
1789754513538,25335.7500000000,25336.2500000000
1789754513739,25336.7500000000,25337.2500000000
1789754514354,25338.7500000000,25339.2500000000
1789754516174,25337.7500000000,25338.2500000000
1789754516375,25338.7500000000,25339.2500000000
1789754517387,25337.7500000000,25338.2500000000
1789754518600,25338.7500000000,25339.2500000000
1789754520828,25338.7500000000,25339.2500000000
1789754521433,25335.7500000000,25336.2500000000
1789754521634,25336.7500000000,25337.2500000000
1789754522039,25335.7500000000,25336.2500000000
1789754522443,25334.7500000000,25335.2500000000
1789754524671,25333.7500000000,25334.2500000000
1789754525686,25331.7500000000,25332.2500000000
1789754526086,25332.7500000000,25333.2500000000
1789754527100,25333.7500000000,25334.2500000000
1789754528106,25332.7500000000,25333.2500000000
1789754529520,25331.7500000000,25332.2500000000
1789754529723,25332.7500000000,25333.2500000000
1789754530129,25333.7500000000,25334.2500000000
1789754530535,25334.7500000000,25335.2500000000
1789754531142,25333.7500000000,25334.2500000000
1789754531353,25334.7500000000,25335.2500000000
1789754531749,25333.7500000000,25334.2500000000
1789754532157,25334.7500000000,25335.2500000000
1789754535190,25335.7500000000,25336.2500000000
1789754536004,25334.7500000000,25335.2500000000
1789754537011,25333.7500000000,25334.2500000000
1789754537218,25334.7500000000,25335.2500000000
1789754537826,25335.7500000000,25336.2500000000
1789754538028,25336.7500000000,25337.2500000000
1789754538433,25335.7500000000,25336.2500000000
1789754539441,25336.7500000000,25337.2500000000
1789754539646,25335.7500000000,25336.2500000000
1789754539845,25336.7500000000,25337.2500000000
1789754540656,25338.7500000000,25339.2500000000
1789754541062,25337.7500000000,25338.2500000000
1789754545510,25338.7500000000,25339.2500000000
1789754547327,25339.7500000000,25340.2500000000
1789754549552,25338.7500000000,25339.2500000000
1789754550968,25339.7500000000,25340.2500000000
1789754552596,25338.7500000000,25339.2500000000
1789754553192,25339.7500000000,25340.2500000000
1789754554212,25338.7500000000,25339.2500000000
1789754555218,25337.7500000000,25338.2500000000
1789754555623,25334.7500000000,25335.2500000000
1789754556228,25335.7500000000,25336.2500000000
1789754557846,25334.7500000000,25335.2500000000
1789754558455,25335.7500000000,25336.2500000000
1789754558654,25334.7500000000,25335.2500000000
1789754560882,25333.7500000000,25334.2500000000
1789754562292,25334.7500000000,25335.2500000000
1789754566131,25333.7500000000,25334.2500000000
1789754566734,25334.7500000000,25335.2500000000
1789754566939,25333.7500000000,25334.2500000000
1789754567544,25332.7500000000,25333.2500000000
1789754568958,25330.7500000000,25331.2500000000
1789754569165,25331.7500000000,25332.2500000000
1789754570378,25330.7500000000,25331.2500000000
1789754570583,25331.7500000000,25332.2500000000
1789754571384,25333.7500000000,25334.2500000000
1789754572195,25332.7500000000,25333.2500000000
1789754572398,25333.7500000000,25334.2500000000
1789754572801,25332.7500000000,25333.2500000000
1789754577668,25333.7500000000,25334.2500000000
1789754577864,25332.7500000000,25333.2500000000
1789754578672,25333.7500000000,25334.2500000000
1789754578880,25332.7500000000,25333.2500000000
1789754579278,25334.7500000000,25335.2500000000
1789754580096,25334.7500000000,25335.2500000000
1789754580492,25332.7500000000,25333.2500000000
1789754580694,25333.7500000000,25334.2500000000
1789754581303,25332.7500000000,25333.2500000000
1789754581711,25331.7500000000,25332.2500000000
1789754581916,25329.7500000000,25330.2500000000
1789754582317,25328.7500000000,25329.2500000000
1789754582517,25327.7500000000,25328.2500000000
1789754583123,25328.7500000000,25329.2500000000
1789754585558,25327.7500000000,25328.2500000000
1789754585760,25326.7500000000,25327.2500000000
1789754585959,25327.7500000000,25328.2500000000
1789754588187,25325.7500000000,25326.2500000000
1789754588386,25326.7500000000,25327.2500000000
1789754588793,25325.7500000000,25326.2500000000
1789754589197,25326.7500000000,25327.2500000000
1789754589404,25325.7500000000,25326.2500000000
1789754590824,25327.7500000000,25328.2500000000
1789754591020,25328.7500000000,25329.2500000000
1789754591225,25329.7500000000,25330.2500000000
1789754591424,25328.7500000000,25329.2500000000
1789754591836,25330.7500000000,25331.2500000000
1789754592237,25329.7500000000,25330.2500000000
1789754592842,25327.7500000000,25328.2500000000
1789754593444,25328.7500000000,25329.2500000000
1789754594256,25329.7500000000,25330.2500000000
1789754595488,25330.7500000000,25331.2500000000
1789754597491,25329.7500000000,25330.2500000000
1789754598702,25330.7500000000,25331.2500000000
1789754598904,25329.7500000000,25330.2500000000
1789754599111,25330.7500000000,25331.2500000000
1789754599307,25329.7500000000,25330.2500000000
1789754600321,25331.7500000000,25332.2500000000
1789754603566,25330.7500000000,25331.2500000000
1789754606189,25331.7500000000,25332.2500000000
1789754607202,25329.7500000000,25330.2500000000
1789754607404,25330.7500000000,25331.2500000000
1789754608823,25328.7500000000,25329.2500000000
1789754609031,25327.7500000000,25328.2500000000
1789754610041,25328.7500000000,25329.2500000000
1789754610244,25327.7500000000,25328.2500000000
1789754612470,25328.7500000000,25329.2500000000
1789754615911,25331.7500000000,25332.2500000000
1789754616315,25330.7500000000,25331.2500000000
1789754622176,25329.7500000000,25330.2500000000
1789754622378,25328.7500000000,25329.2500000000
1789754622782,25327.7500000000,25328.2500000000
1789754625613,25328.7500000000,25329.2500000000
1789754626629,25330.7500000000,25331.2500000000
1789754628043,25332.7500000000,25333.2500000000
1789754628646,25333.7500000000,25334.2500000000
1789754629461,25332.7500000000,25333.2500000000
1789754630469,25333.7500000000,25334.2500000000
1789754632490,25332.7500000000,25333.2500000000
1789754633706,25333.7500000000,25334.2500000000
1789754634719,25331.7500000000,25332.2500000000
1789754634923,25330.7500000000,25331.2500000000
1789754635122,25331.7500000000,25332.2500000000
1789754635534,25332.7500000000,25333.2500000000
1789754636134,25330.7500000000,25331.2500000000
1789754636340,25331.7500000000,25332.2500000000
1789754638967,25330.7500000000,25331.2500000000
1789754640184,25328.7500000000,25329.2500000000
1789754640583,25327.7500000000,25328.2500000000
1789754641192,25326.7500000000,25327.2500000000
1789754641798,25327.7500000000,25328.2500000000
1789754641997,25325.7500000000,25326.2500000000
1789754642201,25324.7500000000,25325.2500000000
1789754642403,25323.7500000000,25324.2500000000
1789754642807,25324.7500000000,25325.2500000000
1789754643013,25325.7500000000,25326.2500000000
1789754643415,25324.7500000000,25325.2500000000
1789754644634,25325.7500000000,25326.2500000000
1789754644839,25324.7500000000,25325.2500000000
1789754646662,25325.7500000000,25326.2500000000
1789754646861,25324.7500000000,25325.2500000000
1789754649692,25325.7500000000,25326.2500000000
1789754649899,25324.7500000000,25325.2500000000
1789754651923,25325.7500000000,25326.2500000000
1789754652522,25324.7500000000,25325.2500000000
1789754653540,25327.7500000000,25328.2500000000
1789754657781,25328.7500000000,25329.2500000000
1789754658192,25329.7500000000,25330.2500000000
1789754661021,25330.7500000000,25331.2500000000
1789754661228,25329.7500000000,25330.2500000000
1789754661630,25330.7500000000,25331.2500000000
1789754662432,25329.7500000000,25330.2500000000
1789754662842,25327.7500000000,25328.2500000000
1789754663249,25325.7500000000,25326.2500000000
1789754663449,25326.7500000000,25327.2500000000
1789754663652,25325.7500000000,25326.2500000000
1789754664061,25327.7500000000,25328.2500000000
1789754664865,25326.7500000000,25327.2500000000
1789754666480,25328.7500000000,25329.2500000000
1789754666685,25327.7500000000,25328.2500000000
1789754668705,25328.7500000000,25329.2500000000
1789754670728,25329.7500000000,25330.2500000000
1789754672952,25328.7500000000,25329.2500000000
1789754673159,25329.7500000000,25330.2500000000
1789754673359,25328.7500000000,25329.2500000000
1789754673557,25329.7500000000,25330.2500000000
1789754673761,25328.7500000000,25329.2500000000
1789754674370,25329.7500000000,25330.2500000000
1789754680236,25328.7500000000,25329.2500000000
1789754680436,25329.7500000000,25330.2500000000
1789754680641,25328.7500000000,25329.2500000000
1789754680842,25330.7500000000,25331.2500000000
1789754681250,25329.7500000000,25330.2500000000
1789754682256,25330.7500000000,25331.2500000000
1789754682665,25331.7500000000,25332.2500000000
1789754683878,25330.7500000000,25331.2500000000
1789754685093,25329.7500000000,25330.2500000000
1789754685296,25331.7500000000,25332.2500000000
1789754685496,25330.7500000000,25331.2500000000
1789754685699,25331.7500000000,25332.2500000000
1789754686108,25329.7500000000,25330.2500000000
1789754686508,25328.7500000000,25329.2500000000
1789754690150,25327.7500000000,25328.2500000000
1789754690960,25326.7500000000,25327.2500000000
1789754691161,25325.7500000000,25326.2500000000
1789754696624,25326.7500000000,25327.2500000000
1789754701070,25325.7500000000,25326.2500000000
1789754702284,25323.7500000000,25324.2500000000
1789754702896,25325.7500000000,25326.2500000000
1789754703093,25324.7500000000,25325.2500000000
1789754703299,25325.7500000000,25326.2500000000
1789754703909,25327.7500000000,25328.2500000000
1789754704308,25328.7500000000,25329.2500000000
1789754704513,25327.7500000000,25328.2500000000
1789754705117,25326.7500000000,25327.2500000000
1789754705727,25327.7500000000,25328.2500000000
1789754706129,25326.7500000000,25327.2500000000
1789754709763,25328.7500000000,25329.2500000000
1789754711586,25327.7500000000,25328.2500000000
1789754711788,25326.7500000000,25327.2500000000
1789754711988,25327.7500000000,25328.2500000000
1789754712190,25326.7500000000,25327.2500000000
1789754712596,25327.7500000000,25328.2500000000
1789754715228,25328.7500000000,25329.2500000000
1789754715430,25327.7500000000,25328.2500000000
1789754716237,25328.7500000000,25329.2500000000
1789754717046,25327.7500000000,25328.2500000000
1789754717855,25328.7500000000,25329.2500000000
1789754718063,25327.7500000000,25328.2500000000
1789754723921,25328.7500000000,25329.2500000000
1789754724319,25327.7500000000,25328.2500000000
1789754726550,25326.7500000000,25327.2500000000
1789754726953,25325.7500000000,25326.2500000000
1789754727355,25326.7500000000,25327.2500000000
1789754729991,25327.7500000000,25328.2500000000
1789754731001,25326.7500000000,25327.2500000000
1789754731198,25325.7500000000,25326.2500000000
1789754732214,25324.7500000000,25325.2500000000
1789754732415,25325.7500000000,25326.2500000000
1789754733427,25324.7500000000,25325.2500000000
1789754734033,25323.7500000000,25324.2500000000
1789754737884,25325.7500000000,25326.2500000000
1789754738689,25326.7500000000,25327.2500000000
1789754738894,25327.7500000000,25328.2500000000
1789754740105,25326.7500000000,25327.2500000000
1789754740307,25325.7500000000,25326.2500000000
1789754741523,25326.7500000000,25327.2500000000
1789754742336,25327.7500000000,25328.2500000000
1789754743548,25330.7500000000,25331.2500000000
1789754744154,25329.7500000000,25330.2500000000
1789754744760,25330.7500000000,25331.2500000000
1789754745172,25329.7500000000,25330.2500000000
1789754745368,25330.7500000000,25331.2500000000
1789754749015,25331.7500000000,25332.2500000000
1789754749623,25330.7500000000,25331.2500000000
1789754749821,25331.7500000000,25332.2500000000
1789754750836,25330.7500000000,25331.2500000000
1789754751845,25331.7500000000,25332.2500000000
1789754753697,25330.7500000000,25331.2500000000
1789754754098,25331.7500000000,25332.2500000000
1789754755310,25330.7500000000,25331.2500000000
1789754755919,25331.7500000000,25332.2500000000
1789754757335,25330.7500000000,25331.2500000000
1789754758954,25329.7500000000,25330.2500000000
1789754759162,25330.7500000000,25331.2500000000
1789754759366,25331.7500000000,25332.2500000000
1789754760167,25331.7500000000,25332.2500000000
1789754762386,25330.7500000000,25331.2500000000
1789754762593,25329.7500000000,25330.2500000000
1789754765618,25328.7500000000,25329.2500000000
1789754766428,25327.7500000000,25328.2500000000
1789754770071,25325.7500000000,25326.2500000000
1789754770476,25324.7500000000,25325.2500000000
1789754771287,25325.7500000000,25326.2500000000
1789754772908,25324.7500000000,25325.2500000000
1789754774726,25325.7500000000,25326.2500000000
1789754775945,25327.7500000000,25328.2500000000
1789754776345,25328.7500000000,25329.2500000000
1789754776546,25329.7500000000,25330.2500000000
1789754777355,25330.7500000000,25331.2500000000
1789754777959,25331.7500000000,25332.2500000000
1789754778162,25330.7500000000,25331.2500000000
1789754778970,25329.7500000000,25330.2500000000
1789754780389,25328.7500000000,25329.2500000000
1789754783424,25327.7500000000,25328.2500000000
1789754785042,25329.7500000000,25330.2500000000
1789754787067,25330.7500000000,25331.2500000000
1789754787674,25331.7500000000,25332.2500000000
1789754792929,25330.7500000000,25331.2500000000
1789754793533,25331.7500000000,25332.2500000000
1789754795758,25330.7500000000,25331.2500000000
1789754796771,25331.7500000000,25332.2500000000
1789754796974,25332.7500000000,25333.2500000000
1789754797375,25331.7500000000,25332.2500000000
1789754798187,25332.7500000000,25333.2500000000
1789754800006,25333.7500000000,25334.2500000000
1789754802239,25334.7500000000,25335.2500000000
1789754803646,25335.7500000000,25336.2500000000
1789754804661,25334.7500000000,25335.2500000000
1789754805070,25335.7500000000,25336.2500000000
1789754806690,25336.7500000000,25337.2500000000
1789754811553,25335.7500000000,25336.2500000000
1789754812359,25336.7500000000,25337.2500000000
1789754813169,25337.7500000000,25338.2500000000
1789754813981,25336.7500000000,25337.2500000000
1789754818435,25337.7500000000,25338.2500000000
1789754818845,25336.7500000000,25337.2500000000
1789754819854,25335.7500000000,25336.2500000000
1789754820863,25336.7500000000,25337.2500000000
1789754821266,25335.7500000000,25336.2500000000
1789754821674,25336.7500000000,25337.2500000000
1789754821876,25335.7500000000,25336.2500000000
1789754822080,25334.7500000000,25335.2500000000
1789754822891,25336.7500000000,25337.2500000000
1789754823089,25337.7500000000,25338.2500000000
1789754823896,25336.7500000000,25337.2500000000
1789754824707,25337.7500000000,25338.2500000000
1789754825719,25336.7500000000,25337.2500000000
1789754825925,25337.7500000000,25338.2500000000
1789754826129,25336.7500000000,25337.2500000000
1789754826328,25337.7500000000,25338.2500000000
1789754826741,25336.7500000000,25337.2500000000
1789754827545,25337.7500000000,25338.2500000000
1789754827749,25336.7500000000,25337.2500000000
1789754828354,25337.7500000000,25338.2500000000
1789754828761,25336.7500000000,25337.2500000000
1789754828960,25337.7500000000,25338.2500000000
1789754829975,25338.7500000000,25339.2500000000
1789754830583,25337.7500000000,25338.2500000000
1789754831392,25338.7500000000,25339.2500000000
1789754833219,25337.7500000000,25338.2500000000
1789754834230,25336.7500000000,25337.2500000000
1789754835244,25338.7500000000,25339.2500000000
1789754836858,25337.7500000000,25338.2500000000
1789754838881,25336.7500000000,25337.2500000000
1789754847378,25337.7500000000,25338.2500000000
1789754847991,25336.7500000000,25337.2500000000
1789754849205,25337.7500000000,25338.2500000000
1789754849609,25336.7500000000,25337.2500000000
1789754850013,25337.7500000000,25338.2500000000
1789754850416,25336.7500000000,25337.2500000000
1789754850619,25337.7500000000,25338.2500000000
1789754851024,25338.7500000000,25339.2500000000
1789754858507,25337.7500000000,25338.2500000000
1789754859111,25333.7500000000,25334.2500000000
1789754859317,25334.7500000000,25335.2500000000
1789754862147,25335.7500000000,25336.2500000000
1789754862347,25334.7500000000,25335.2500000000
1789754862550,25335.7500000000,25336.2500000000
1789754863562,25334.7500000000,25335.2500000000
1789754866597,25335.7500000000,25336.2500000000
1789754868620,25334.7500000000,25335.2500000000
1789754872266,25335.7500000000,25336.2500000000
1789754872669,25334.7500000000,25335.2500000000
1789754873474,25333.7500000000,25334.2500000000
1789754874081,25335.7500000000,25336.2500000000
1789754874686,25334.7500000000,25335.2500000000
1789754875098,25335.7500000000,25336.2500000000
1789754875293,25334.7500000000,25335.2500000000
1789754876707,25335.7500000000,25336.2500000000
1789754878328,25334.7500000000,25335.2500000000
1789754878733,25335.7500000000,25336.2500000000
1789754879947,25334.7500000000,25335.2500000000
1789754880756,25335.7500000000,25336.2500000000
1789754880959,25334.7500000000,25335.2500000000
1789754881165,25335.7500000000,25336.2500000000
1789754881366,25334.7500000000,25335.2500000000
1789754881569,25335.7500000000,25336.2500000000
1789754882174,25334.7500000000,25335.2500000000
1789754884400,25335.7500000000,25336.2500000000
1789754885007,25333.7500000000,25334.2500000000
1789754885618,25334.7500000000,25335.2500000000
1789754889465,25333.7500000000,25334.2500000000
1789754890876,25332.7500000000,25333.2500000000
1789754891078,25331.7500000000,25332.2500000000
1789754893508,25333.7500000000,25334.2500000000
1789754893911,25332.7500000000,25333.2500000000
1789754894315,25331.7500000000,25332.2500000000
1789754894922,25332.7500000000,25333.2500000000
1789754897551,25331.7500000000,25332.2500000000
1789754899578,25329.7500000000,25330.2500000000
1789754901594,25330.7500000000,25331.2500000000
1789754901998,25329.7500000000,25330.2500000000
1789754902804,25330.7500000000,25331.2500000000
1789754903412,25331.7500000000,25332.2500000000
1789754904019,25330.7500000000,25331.2500000000
1789754904426,25331.7500000000,25332.2500000000
1789754904829,25330.7500000000,25331.2500000000
1789754905032,25331.7500000000,25332.2500000000
1789754905844,25332.7500000000,25333.2500000000
1789754906046,25331.7500000000,25332.2500000000
1789754909285,25330.7500000000,25331.2500000000
1789754910705,25331.7500000000,25332.2500000000
1789754911108,25330.7500000000,25331.2500000000
1789754911719,25332.7500000000,25333.2500000000
1789754911921,25334.7500000000,25335.2500000000
1789754912724,25335.7500000000,25336.2500000000
1789754913531,25337.7500000000,25338.2500000000
1789754914545,25338.7500000000,25339.2500000000
1789754915760,25337.7500000000,25338.2500000000
1789754918189,25336.7500000000,25337.2500000000
1789754920002,25335.7500000000,25336.2500000000
1789754920205,25337.7500000000,25338.2500000000
1789754921014,25336.7500000000,25337.2500000000
1789754921826,25337.7500000000,25338.2500000000
1789754922629,25336.7500000000,25337.2500000000
1789754922831,25337.7500000000,25338.2500000000
1789754923640,25336.7500000000,25337.2500000000
1789754924451,25337.7500000000,25338.2500000000
1789754924653,25336.7500000000,25337.2500000000
1789754925467,25335.7500000000,25336.2500000000
1789754926273,25337.7500000000,25338.2500000000
1789754927485,25338.7500000000,25339.2500000000
1789754930719,25339.7500000000,25340.2500000000
1789754931930,25340.7500000000,25341.2500000000
1789754932941,25339.7500000000,25340.2500000000
1789754933344,25340.7500000000,25341.2500000000
1789754933547,25341.7500000000,25342.2500000000
1789754933753,25342.7500000000,25343.2500000000
1789754934560,25341.7500000000,25342.2500000000
1789754936784,25342.7500000000,25343.2500000000
1789754937394,25341.7500000000,25342.2500000000
1789754940023,25342.7500000000,25343.2500000000
1789754940432,25341.7500000000,25342.2500000000
1789754948926,25343.7500000000,25344.2500000000
1789754949129,25342.7500000000,25343.2500000000
1789754950955,25343.7500000000,25344.2500000000
1789754951357,25344.7500000000,25345.2500000000
1789754953176,25343.7500000000,25344.2500000000
1789754954391,25342.7500000000,25343.2500000000
1789754956418,25343.7500000000,25344.2500000000
1789754960459,25342.7500000000,25343.2500000000
1789754960663,25343.7500000000,25344.2500000000
1789754960866,25342.7500000000,25343.2500000000
1789754961672,25343.7500000000,25344.2500000000
1789754964306,25344.7500000000,25345.2500000000
1789754964506,25343.7500000000,25344.2500000000
1789754965720,25344.7500000000,25345.2500000000
1789754969762,25343.7500000000,25344.2500000000
1789754969965,25344.7500000000,25345.2500000000
1789754973402,25345.7500000000,25346.2500000000
1789754974014,25344.7500000000,25345.2500000000
1789754976242,25342.7500000000,25343.2500000000
1789754978053,25343.7500000000,25344.2500000000
1789754978254,25342.7500000000,25343.2500000000
1789754982499,25341.7500000000,25342.2500000000
1789754983917,25339.7500000000,25340.2500000000
1789754984116,25340.7500000000,25341.2500000000
1789754985330,25341.7500000000,25342.2500000000
1789754985531,25340.7500000000,25341.2500000000
1789754988764,25341.7500000000,25342.2500000000
1789754994835,25342.7500000000,25343.2500000000
1789754995034,25343.7500000000,25344.2500000000
1789754995442,25344.7500000000,25345.2500000000
1789754995640,25343.7500000000,25344.2500000000
1789754996051,25344.7500000000,25345.2500000000
1789754996247,25345.7500000000,25346.2500000000
1789754996453,25346.7500000000,25347.2500000000
1789754996656,25345.7500000000,25346.2500000000
1789754997265,25344.7500000000,25345.2500000000
1789754998472,25343.7500000000,25344.2500000000
1789754998676,25344.7500000000,25345.2500000000
1789754999085,25343.7500000000,25344.2500000000
1789754999489,25344.7500000000,25345.2500000000
1789754999690,25343.7500000000,25344.2500000000
1789755000095,25344.7500000000,25345.2500000000
1789755000705,25343.7500000000,25344.2500000000
1789755001107,25342.7500000000,25343.2500000000
1789755001915,25344.7500000000,25345.2500000000
1789755002320,25342.7500000000,25343.2500000000
1789755003333,25343.7500000000,25344.2500000000
1789755003734,25342.7500000000,25343.2500000000
1789755004147,25343.7500000000,25344.2500000000
1789755004751,25342.7500000000,25343.2500000000
1789755005765,25343.7500000000,25344.2500000000
1789755006371,25342.7500000000,25343.2500000000
1789755007387,25341.7500000000,25342.2500000000
1789755008197,25339.7500000000,25340.2500000000
1789755008608,25338.7500000000,25339.2500000000
1789755012451,25337.7500000000,25338.2500000000
1789755012654,25338.7500000000,25339.2500000000
1789755020141,25339.7500000000,25340.2500000000
1789755020954,25338.7500000000,25339.2500000000
1789755021159,25337.7500000000,25338.2500000000
1789755021362,25335.7500000000,25336.2500000000
1789755021762,25337.7500000000,25338.2500000000
1789755023587,25336.7500000000,25337.2500000000
1789755024604,25337.7500000000,25338.2500000000
1789755025003,25336.7500000000,25337.2500000000
1789755025812,25337.7500000000,25338.2500000000
1789755026215,25336.7500000000,25337.2500000000
1789755026416,25337.7500000000,25338.2500000000
1789755027225,25339.7500000000,25340.2500000000
1789755029851,25340.7500000000,25341.2500000000
1789755030458,25341.7500000000,25342.2500000000
1789755031466,25342.7500000000,25343.2500000000
1789755033086,25341.7500000000,25342.2500000000
1789755033290,25342.7500000000,25343.2500000000
1789755034700,25341.7500000000,25342.2500000000
1789755036725,25339.7500000000,25340.2500000000
1789755039957,25340.7500000000,25341.2500000000
1789755040361,25341.7500000000,25342.2500000000
1789755043397,25342.7500000000,25343.2500000000
1789755043601,25341.7500000000,25342.2500000000
1789755044006,25342.7500000000,25343.2500000000
1789755044207,25340.7500000000,25341.2500000000
1789755044412,25339.7500000000,25340.2500000000
1789755044812,25338.7500000000,25339.2500000000
1789755045627,25339.7500000000,25340.2500000000
1789755046435,25338.7500000000,25339.2500000000
1789755046636,25339.7500000000,25340.2500000000
1789755050275,25338.7500000000,25339.2500000000
1789755050678,25337.7500000000,25338.2500000000
1789755050879,25338.7500000000,25339.2500000000
1789755051081,25337.7500000000,25338.2500000000
1789755051284,25338.7500000000,25339.2500000000
1789755052091,25339.7500000000,25340.2500000000
1789755053305,25340.7500000000,25341.2500000000
1789755053505,25343.7500000000,25344.2500000000
1789755053711,25342.7500000000,25343.2500000000
1789755055327,25341.7500000000,25342.2500000000
1789755057751,25342.7500000000,25343.2500000000
1789755058561,25341.7500000000,25342.2500000000
1789755058969,25340.7500000000,25341.2500000000
1789755059577,25341.7500000000,25342.2500000000
1789755060181,25342.7500000000,25343.2500000000
1789755060384,25343.7500000000,25344.2500000000
1789755060586,25342.7500000000,25343.2500000000
1789755062818,25343.7500000000,25344.2500000000
1789755065238,25342.7500000000,25343.2500000000
1789755066049,25343.7500000000,25344.2500000000
1789755066254,25342.7500000000,25343.2500000000
1789755066869,25341.7500000000,25342.2500000000
1789755067873,25342.7500000000,25343.2500000000
1789755068077,25341.7500000000,25342.2500000000
1789755069286,25342.7500000000,25343.2500000000
1789755069485,25343.7500000000,25344.2500000000
1789755071105,25342.7500000000,25343.2500000000
1789755071311,25343.7500000000,25344.2500000000
1789755071712,25344.7500000000,25345.2500000000
1789755072115,25343.7500000000,25344.2500000000
1789755073935,25342.7500000000,25343.2500000000
1789755074746,25341.7500000000,25342.2500000000
1789755074950,25342.7500000000,25343.2500000000
1789755075559,25341.7500000000,25342.2500000000
1789755077571,25342.7500000000,25343.2500000000
1789755077985,25341.7500000000,25342.2500000000
1789755078789,25342.7500000000,25343.2500000000
1789755079196,25343.7500000000,25344.2500000000
1789755081624,25342.7500000000,25343.2500000000
1789755082025,25343.7500000000,25344.2500000000
1789755082838,25342.7500000000,25343.2500000000
1789755083036,25341.7500000000,25342.2500000000
1789755083444,25340.7500000000,25341.2500000000
1789755083844,25341.7500000000,25342.2500000000
1789755084050,25340.7500000000,25341.2500000000
1789755084249,25341.7500000000,25342.2500000000
1789755084859,25342.7500000000,25343.2500000000
1789755087089,25341.7500000000,25342.2500000000
1789755089517,25342.7500000000,25343.2500000000
1789755089719,25341.7500000000,25342.2500000000
1789755091738,25340.7500000000,25341.2500000000
1789755091944,25341.7500000000,25342.2500000000
1789755092542,25343.7500000000,25344.2500000000
1789755092947,25342.7500000000,25343.2500000000
1789755095375,25341.7500000000,25342.2500000000
1789755095986,25342.7500000000,25343.2500000000
1789755096184,25341.7500000000,25342.2500000000
1789755097199,25342.7500000000,25343.2500000000
1789755097398,25341.7500000000,25342.2500000000
1789755097803,25342.7500000000,25343.2500000000
1789755098007,25341.7500000000,25342.2500000000
1789755098207,25342.7500000000,25343.2500000000
1789755099219,25341.7500000000,25342.2500000000
1789755100033,25342.7500000000,25343.2500000000
1789755100639,25340.7500000000,25341.2500000000
1789755100842,25341.7500000000,25342.2500000000
1789755101855,25340.7500000000,25341.2500000000
1789755102057,25341.7500000000,25342.2500000000
1789755102258,25340.7500000000,25341.2500000000
1789755103877,25339.7500000000,25340.2500000000
1789755105300,25338.7500000000,25339.2500000000
1789755105495,25339.7500000000,25340.2500000000
1789755105902,25338.7500000000,25339.2500000000
1789755106105,25339.7500000000,25340.2500000000
1789755107520,25338.7500000000,25339.2500000000
1789755107922,25339.7500000000,25340.2500000000
1789755108329,25338.7500000000,25339.2500000000
1789755108527,25337.7500000000,25338.2500000000
1789755109344,25338.7500000000,25339.2500000000
1789755109746,25339.7500000000,25340.2500000000
1789755111357,25338.7500000000,25339.2500000000
1789755113377,25337.7500000000,25338.2500000000
1789755113785,25338.7500000000,25339.2500000000
1789755114389,25336.7500000000,25337.2500000000
1789755114997,25335.7500000000,25336.2500000000
1789755115401,25336.7500000000,25337.2500000000
1789755115805,25335.7500000000,25336.2500000000
1789755118230,25336.7500000000,25337.2500000000
1789755119445,25335.7500000000,25336.2500000000
1789755119848,25336.7500000000,25337.2500000000
1789755120053,25335.7500000000,25336.2500000000
1789755121261,25336.7500000000,25337.2500000000
1789755123291,25338.7500000000,25339.2500000000
1789755124497,25337.7500000000,25338.2500000000
1789755124700,25336.7500000000,25337.2500000000
1789755125712,25335.7500000000,25336.2500000000
1789755125914,25336.7500000000,25337.2500000000
1789755127738,25335.7500000000,25336.2500000000
1789755127944,25336.7500000000,25337.2500000000
1789755128547,25335.7500000000,25336.2500000000
1789755128749,25334.7500000000,25335.2500000000
1789755130368,25335.7500000000,25336.2500000000
1789755130569,25334.7500000000,25335.2500000000
1789755130778,25335.7500000000,25336.2500000000
1789755130981,25334.7500000000,25335.2500000000
1789755134621,25333.7500000000,25334.2500000000
1789755135032,25334.7500000000,25335.2500000000
1789755140282,25333.7500000000,25334.2500000000
1789755140886,25334.7500000000,25335.2500000000
1789755141290,25333.7500000000,25334.2500000000
1789755141496,25334.7500000000,25335.2500000000
1789755141695,25333.7500000000,25334.2500000000
1789755146351,25334.7500000000,25335.2500000000
1789755147359,25335.7500000000,25336.2500000000
1789755147563,25337.7500000000,25338.2500000000
1789755148169,25336.7500000000,25337.2500000000
1789755148372,25337.7500000000,25338.2500000000
1789755149383,25336.7500000000,25337.2500000000
1789755150798,25335.7500000000,25336.2500000000
1789755151203,25336.7500000000,25337.2500000000
1789755152005,25338.7500000000,25339.2500000000
1789755153015,25336.7500000000,25337.2500000000
1789755153218,25334.7500000000,25335.2500000000
1789755153422,25333.7500000000,25334.2500000000
1789755155443,25331.7500000000,25332.2500000000
1789755155647,25330.7500000000,25331.2500000000
1789755156663,25329.7500000000,25330.2500000000
1789755157064,25330.7500000000,25331.2500000000
1789755157466,25329.7500000000,25330.2500000000
1789755157868,25330.7500000000,25331.2500000000
1789755158476,25331.7500000000,25332.2500000000
1789755159083,25330.7500000000,25331.2500000000
1789755159897,25329.7500000000,25330.2500000000
1789755162119,25327.7500000000,25328.2500000000
1789755162525,25326.7500000000,25327.2500000000
1789755163337,25328.7500000000,25329.2500000000
1789755163538,25329.7500000000,25330.2500000000
1789755165154,25328.7500000000,25329.2500000000
1789755168192,25329.7500000000,25330.2500000000
1789755168399,25328.7500000000,25329.2500000000
1789755168804,25329.7500000000,25330.2500000000
1789755168999,25328.7500000000,25329.2500000000
1789755170011,25327.7500000000,25328.2500000000
1789755175062,25328.7500000000,25329.2500000000
1789755175266,25327.7500000000,25328.2500000000
1789755176478,25326.7500000000,25327.2500000000
1789755178098,25325.7500000000,25326.2500000000
1789755178302,25324.7500000000,25325.2500000000
1789755179114,25325.7500000000,25326.2500000000
1789755179313,25326.7500000000,25327.2500000000
1789755180121,25326.7500000000,25327.2500000000
1789755183967,25327.7500000000,25328.2500000000
1789755184981,25328.7500000000,25329.2500000000
1789755185592,25327.7500000000,25328.2500000000
1789755187405,25326.7500000000,25327.2500000000
1789755188220,25325.7500000000,25326.2500000000
1789755189231,25327.7500000000,25328.2500000000
1789755191258,25326.7500000000,25327.2500000000
1789755191664,25327.7500000000,25328.2500000000
1789755192868,25324.7500000000,25325.2500000000
1789755193077,25325.7500000000,25326.2500000000
1789755193280,25324.7500000000,25325.2500000000
1789755193682,25325.7500000000,25326.2500000000
1789755194088,25326.7500000000,25327.2500000000
1789755195501,25327.7500000000,25328.2500000000
1789755196310,25328.7500000000,25329.2500000000
1789755198338,25329.7500000000,25330.2500000000
1789755198739,25328.7500000000,25329.2500000000
1789755200162,25329.7500000000,25330.2500000000
1789755201174,25330.7500000000,25331.2500000000
1789755201779,25331.7500000000,25332.2500000000
1789755202588,25332.7500000000,25333.2500000000
1789755203805,25331.7500000000,25332.2500000000
1789755204410,25332.7500000000,25333.2500000000
1789755209472,25333.7500000000,25334.2500000000
1789755210482,25334.7500000000,25335.2500000000
1789755211299,25335.7500000000,25336.2500000000
1789755212306,25332.7500000000,25333.2500000000
1789755212705,25333.7500000000,25334.2500000000
1789755213107,25332.7500000000,25333.2500000000
1789755217159,25333.7500000000,25334.2500000000
1789755218369,25332.7500000000,25333.2500000000
1789755218973,25333.7500000000,25334.2500000000
1789755219583,25332.7500000000,25333.2500000000
1789755220394,25333.7500000000,25334.2500000000
1789755221001,25334.7500000000,25335.2500000000
1789755221202,25333.7500000000,25334.2500000000
1789755221404,25334.7500000000,25335.2500000000
1789755221808,25335.7500000000,25336.2500000000
1789755223424,25334.7500000000,25335.2500000000
1789755224030,25335.7500000000,25336.2500000000
1789755226669,25336.7500000000,25337.2500000000
1789755227477,25337.7500000000,25338.2500000000
1789755229701,25338.7500000000,25339.2500000000
1789755231311,25337.7500000000,25338.2500000000
1789755234957,25338.7500000000,25339.2500000000
1789755235157,25339.7500000000,25340.2500000000
1789755235559,25338.7500000000,25339.2500000000
1789755236371,25337.7500000000,25338.2500000000
1789755236774,25338.7500000000,25339.2500000000
1789755237378,25339.7500000000,25340.2500000000
1789755239804,25338.7500000000,25339.2500000000
1789755240007,25337.7500000000,25338.2500000000
1789755240208,25338.7500000000,25339.2500000000
1789755241220,25337.7500000000,25338.2500000000
1789755241423,25338.7500000000,25339.2500000000
1789755242231,25337.7500000000,25338.2500000000
1789755242847,25338.7500000000,25339.2500000000
1789755244462,25336.7500000000,25337.2500000000
1789755244671,25337.7500000000,25338.2500000000
1789755245269,25336.7500000000,25337.2500000000
1789755246693,25337.7500000000,25338.2500000000
1789755247907,25336.7500000000,25337.2500000000
1789755253365,25337.7500000000,25338.2500000000
1789755254580,25336.7500000000,25337.2500000000
1789755256401,25335.7500000000,25336.2500000000
1789755256602,25336.7500000000,25337.2500000000
1789755258835,25333.7500000000,25334.2500000000
1789755259439,25334.7500000000,25335.2500000000
1789755262881,25333.7500000000,25334.2500000000
1789755263082,25334.7500000000,25335.2500000000
1789755263493,25333.7500000000,25334.2500000000
1789755264901,25332.7500000000,25333.2500000000
1789755265096,25333.7500000000,25334.2500000000
1789755268938,25332.7500000000,25333.2500000000
1789755269345,25333.7500000000,25334.2500000000
1789755271773,25332.7500000000,25333.2500000000
1789755272180,25333.7500000000,25334.2500000000
1789755275017,25332.7500000000,25333.2500000000
1789755277436,25333.7500000000,25334.2500000000
1789755278651,25332.7500000000,25333.2500000000
1789755279463,25333.7500000000,25334.2500000000
1789755281081,25334.7500000000,25335.2500000000
1789755281285,25333.7500000000,25334.2500000000
1789755281482,25334.7500000000,25335.2500000000
1789755281886,25333.7500000000,25334.2500000000
1789755283507,25334.7500000000,25335.2500000000
1789755283710,25333.7500000000,25334.2500000000
1789755284521,25334.7500000000,25335.2500000000
1789755285126,25333.7500000000,25334.2500000000
1789755285329,25332.7500000000,25333.2500000000
1789755285531,25333.7500000000,25334.2500000000
1789755286752,25332.7500000000,25333.2500000000
1789755287153,25333.7500000000,25334.2500000000
1789755288169,25332.7500000000,25333.2500000000
1789755288369,25333.7500000000,25334.2500000000
1789755290195,25332.7500000000,25333.2500000000
1789755290395,25333.7500000000,25334.2500000000
1789755290600,25334.7500000000,25335.2500000000
1789755291004,25333.7500000000,25334.2500000000
1789755292015,25332.7500000000,25333.2500000000
1789755294238,25333.7500000000,25334.2500000000
1789755296264,25334.7500000000,25335.2500000000
1789755297485,25335.7500000000,25336.2500000000
1789755299099,25333.7500000000,25334.2500000000
1789755299908,25334.7500000000,25335.2500000000
1789755300112,25335.7500000000,25336.2500000000
1789755300313,25334.7500000000,25335.2500000000
1789755300722,25335.7500000000,25336.2500000000
1789755300921,25334.7500000000,25335.2500000000
1789755302747,25335.7500000000,25336.2500000000
1789755302942,25336.7500000000,25337.2500000000
1789755304358,25337.7500000000,25338.2500000000
1789755304763,25336.7500000000,25337.2500000000
1789755305167,25337.7500000000,25338.2500000000
1789755305368,25338.7500000000,25339.2500000000
1789755305772,25337.7500000000,25338.2500000000
1789755305980,25336.7500000000,25337.2500000000
1789755306379,25335.7500000000,25336.2500000000
1789755306588,25334.7500000000,25335.2500000000
1789755307192,25335.7500000000,25336.2500000000
1789755308612,25334.7500000000,25335.2500000000
1789755308814,25333.7500000000,25334.2500000000
1789755309020,25334.7500000000,25335.2500000000
1789755309422,25327.7500000000,25328.2500000000
1789755309830,25326.7500000000,25327.2500000000
1789755310233,25327.7500000000,25328.2500000000
1789755310433,25326.7500000000,25327.2500000000
1789755311447,25329.7500000000,25330.2500000000
1789755311647,25327.7500000000,25328.2500000000
1789755312453,25328.7500000000,25329.2500000000
1789755312655,25327.7500000000,25328.2500000000
1789755312859,25328.7500000000,25329.2500000000
1789755313470,25329.7500000000,25330.2500000000
1789755314478,25330.7500000000,25331.2500000000
1789755314676,25329.7500000000,25330.2500000000
1789755315687,25328.7500000000,25329.2500000000
1789755315890,25327.7500000000,25328.2500000000
1789755316496,25328.7500000000,25329.2500000000
1789755317103,25327.7500000000,25328.2500000000
1789755317302,25328.7500000000,25329.2500000000
1789755318516,25329.7500000000,25330.2500000000
1789755318920,25328.7500000000,25329.2500000000
1789755319729,25327.7500000000,25328.2500000000
1789755319932,25328.7500000000,25329.2500000000
1789755320534,25326.7500000000,25327.2500000000
1789755320736,25327.7500000000,25328.2500000000
1789755321142,25328.7500000000,25329.2500000000
1789755321346,25327.7500000000,25328.2500000000
1789755328628,25326.7500000000,25327.2500000000
1789755328830,25325.7500000000,25326.2500000000
1789755330245,25326.7500000000,25327.2500000000
1789755330650,25325.7500000000,25326.2500000000
1789755331865,25326.7500000000,25327.2500000000
1789755332066,25325.7500000000,25326.2500000000
1789755332674,25326.7500000000,25327.2500000000
1789755333689,25327.7500000000,25328.2500000000
1789755339955,25328.7500000000,25329.2500000000
1789755341574,25329.7500000000,25330.2500000000
1789755342987,25327.7500000000,25328.2500000000
1789755343189,25328.7500000000,25329.2500000000
1789755343394,25327.7500000000,25328.2500000000
1789755343801,25328.7500000000,25329.2500000000
1789755345007,25329.7500000000,25330.2500000000
1789755348651,25330.7500000000,25331.2500000000
1789755349256,25328.7500000000,25329.2500000000
1789755349463,25329.7500000000,25330.2500000000
1789755350269,25328.7500000000,25329.2500000000
1789755350877,25329.7500000000,25330.2500000000
1789755352310,25330.7500000000,25331.2500000000
1789755353529,25331.7500000000,25332.2500000000
1789755354133,25330.7500000000,25331.2500000000
1789755354535,25329.7500000000,25330.2500000000
1789755356150,25328.7500000000,25329.2500000000
1789755357362,25329.7500000000,25330.2500000000
1789755357567,25328.7500000000,25329.2500000000
1789755357972,25329.7500000000,25330.2500000000
1789755358375,25328.7500000000,25329.2500000000
1789755360598,25328.7500000000,25329.2500000000
1789755361204,25327.7500000000,25328.2500000000
1789755361407,25328.7500000000,25329.2500000000
1789755362016,25329.7500000000,25330.2500000000
1789755363027,25328.7500000000,25329.2500000000
1789755363634,25327.7500000000,25328.2500000000
1789755364037,25326.7500000000,25327.2500000000
1789755364440,25327.7500000000,25328.2500000000
1789755364845,25326.7500000000,25327.2500000000
1789755365866,25327.7500000000,25328.2500000000
1789755366071,25326.7500000000,25327.2500000000
1789755367077,25327.7500000000,25328.2500000000
1789755367277,25326.7500000000,25327.2500000000
1789755367890,25325.7500000000,25326.2500000000
1789755368095,25326.7500000000,25327.2500000000
1789755369099,25325.7500000000,25326.2500000000
1789755375170,25327.7500000000,25328.2500000000
1789755375369,25326.7500000000,25327.2500000000
1789755375572,25325.7500000000,25326.2500000000
1789755375778,25326.7500000000,25327.2500000000
1789755375980,25325.7500000000,25326.2500000000
1789755377194,25324.7500000000,25325.2500000000
1789755378001,25325.7500000000,25326.2500000000
1789755378816,25324.7500000000,25325.2500000000
1789755381649,25323.7500000000,25324.2500000000
1789755381855,25321.7500000000,25322.2500000000
1789755382053,25320.7500000000,25321.2500000000
1789755382656,25322.7500000000,25323.2500000000
1789755382855,25321.7500000000,25322.2500000000
1789755383460,25322.7500000000,25323.2500000000
1789755383863,25323.7500000000,25324.2500000000
1789755384071,25324.7500000000,25325.2500000000
1789755385086,25323.7500000000,25324.2500000000
1789755385687,25322.7500000000,25323.2500000000
1789755385892,25323.7500000000,25324.2500000000
1789755386494,25322.7500000000,25323.2500000000
1789755389125,25323.7500000000,25324.2500000000
1789755389324,25322.7500000000,25323.2500000000
1789755392971,25320.7500000000,25321.2500000000
1789755393370,25321.7500000000,25322.2500000000
1789755394384,25322.7500000000,25323.2500000000
1789755395193,25321.7500000000,25322.2500000000
1789755397012,25320.7500000000,25321.2500000000
1789755397217,25321.7500000000,25322.2500000000
1789755398233,25320.7500000000,25321.2500000000
1789755398431,25321.7500000000,25322.2500000000
1789755398633,25320.7500000000,25321.2500000000
1789755400455,25319.7500000000,25320.2500000000
1789755401869,25318.7500000000,25319.2500000000
1789755402275,25319.7500000000,25320.2500000000
1789755402479,25321.7500000000,25322.2500000000
1789755402678,25320.7500000000,25321.2500000000
1789755403494,25321.7500000000,25322.2500000000
1789755403696,25320.7500000000,25321.2500000000
1789755403896,25321.7500000000,25322.2500000000
1789755405516,25322.7500000000,25323.2500000000
1789755407944,25321.7500000000,25322.2500000000
1789755411990,25319.7500000000,25320.2500000000
1789755412800,25318.7500000000,25319.2500000000
1789755413409,25317.7500000000,25318.2500000000
1789755413820,25318.7500000000,25319.2500000000
1789755415026,25319.7500000000,25320.2500000000
1789755415430,25318.7500000000,25319.2500000000
1789755415839,25317.7500000000,25318.2500000000
1789755416039,25318.7500000000,25319.2500000000
1789755416239,25317.7500000000,25318.2500000000
1789755416845,25316.7500000000,25317.2500000000
1789755419683,25315.7500000000,25316.2500000000
1789755420092,25315.7500000000,25316.2500000000
1789755420287,25316.7500000000,25317.2500000000
1789755420691,25317.7500000000,25318.2500000000
1789755422306,25319.7500000000,25320.2500000000
1789755422512,25320.7500000000,25321.2500000000
1789755422915,25321.7500000000,25322.2500000000
1789755424732,25320.7500000000,25321.2500000000
1789755427367,25321.7500000000,25322.2500000000
1789755427771,25320.7500000000,25321.2500000000
1789755430396,25321.7500000000,25322.2500000000
1789755430800,25320.7500000000,25321.2500000000
1789755431612,25321.7500000000,25322.2500000000
1789755433429,25322.7500000000,25323.2500000000
1789755433632,25321.7500000000,25322.2500000000
1789755436664,25322.7500000000,25323.2500000000
1789755438283,25323.7500000000,25324.2500000000
1789755438488,25324.7500000000,25325.2500000000
1789755438893,25323.7500000000,25324.2500000000
1789755439097,25324.7500000000,25325.2500000000
1789755440716,25323.7500000000,25324.2500000000
1789755440923,25324.7500000000,25325.2500000000
1789755444554,25323.7500000000,25324.2500000000
1789755445159,25322.7500000000,25323.2500000000
1789755446168,25323.7500000000,25324.2500000000
1789755448592,25322.7500000000,25323.2500000000
1789755449201,25323.7500000000,25324.2500000000
1789755449804,25322.7500000000,25323.2500000000
1789755451223,25321.7500000000,25322.2500000000
1789755451426,25322.7500000000,25323.2500000000
1789755451627,25321.7500000000,25322.2500000000
1789755452840,25322.7500000000,25323.2500000000
1789755453656,25321.7500000000,25322.2500000000
1789755454471,25320.7500000000,25321.2500000000
1789755454663,25321.7500000000,25322.2500000000
1789755455472,25320.7500000000,25321.2500000000
1789755455677,25321.7500000000,25322.2500000000
1789755456279,25320.7500000000,25321.2500000000
1789755457295,25319.7500000000,25320.2500000000
1789755457490,25320.7500000000,25321.2500000000
1789755458705,25319.7500000000,25320.2500000000
1789755459112,25320.7500000000,25321.2500000000
1789755459314,25319.7500000000,25320.2500000000
1789755459919,25318.7500000000,25319.2500000000
1789755462140,25316.7500000000,25317.2500000000
1789755462344,25315.7500000000,25316.2500000000
1789755462949,25314.7500000000,25315.2500000000
1789755464977,25313.7500000000,25314.2500000000
1789755467804,25314.7500000000,25315.2500000000
1789755471246,25313.7500000000,25314.2500000000
1789755472659,25314.7500000000,25315.2500000000
1789755474481,25313.7500000000,25314.2500000000
1789755476910,25312.7500000000,25313.2500000000
1789755478120,25313.7500000000,25314.2500000000
1789755478529,25314.7500000000,25315.2500000000
1789755479130,25313.7500000000,25314.2500000000
1789755479337,25314.7500000000,25315.2500000000
1789755479535,25313.7500000000,25314.2500000000
1789755480141,25314.7500000000,25315.2500000000
1789755481762,25313.7500000000,25314.2500000000
1789755481960,25314.7500000000,25315.2500000000
1789755482365,25313.7500000000,25314.2500000000
1789755484185,25312.7500000000,25313.2500000000
1789755484789,25313.7500000000,25314.2500000000
1789755486000,25314.7500000000,25315.2500000000
1789755487626,25313.7500000000,25314.2500000000
1789755488844,25315.7500000000,25316.2500000000
1789755489041,25314.7500000000,25315.2500000000
1789755496130,25313.7500000000,25314.2500000000
1789755500785,25312.7500000000,25313.2500000000
1789755500985,25313.7500000000,25314.2500000000
1789755501593,25310.7500000000,25311.2500000000
1789755501798,25311.7500000000,25312.2500000000
1789755502001,25310.7500000000,25311.2500000000
1789755503614,25311.7500000000,25312.2500000000
1789755505836,25312.7500000000,25313.2500000000
1789755507863,25313.7500000000,25314.2500000000
1789755508269,25312.7500000000,25313.2500000000
1789755509279,25311.7500000000,25312.2500000000
1789755509889,25313.7500000000,25314.2500000000
1789755510296,25314.7500000000,25315.2500000000
1789755511102,25313.7500000000,25314.2500000000
1789755511705,25312.7500000000,25313.2500000000
1789755511910,25313.7500000000,25314.2500000000
1789755513727,25312.7500000000,25313.2500000000
1789755515147,25311.7500000000,25312.2500000000
1789755517371,25310.7500000000,25311.2500000000
1789755519595,25311.7500000000,25312.2500000000
1789755520611,25310.7500000000,25311.2500000000
1789755521013,25311.7500000000,25312.2500000000
1789755521418,25312.7500000000,25313.2500000000
1789755521616,25310.7500000000,25311.2500000000
1789755521820,25311.7500000000,25312.2500000000
1789755526063,25310.7500000000,25311.2500000000
1789755526261,25311.7500000000,25312.2500000000
1789755529496,25312.7500000000,25313.2500000000
1789755529699,25311.7500000000,25312.2500000000
1789755529902,25309.7500000000,25310.2500000000
1789755530511,25308.7500000000,25309.2500000000
1789755530711,25307.7500000000,25308.2500000000
1789755534150,25306.7500000000,25307.2500000000
1789755534351,25307.7500000000,25308.2500000000
1789755534755,25308.7500000000,25309.2500000000
1789755534959,25307.7500000000,25308.2500000000
1789755538602,25308.7500000000,25309.2500000000
1789755539817,25307.7500000000,25308.2500000000
1789755540019,25306.7500000000,25307.2500000000
1789755540227,25307.7500000000,25308.2500000000
1789755541847,25306.7500000000,25307.2500000000
1789755543265,25307.7500000000,25308.2500000000
1789755543472,25308.7500000000,25309.2500000000
1789755545292,25309.7500000000,25310.2500000000
1789755545494,25308.7500000000,25309.2500000000
1789755546503,25310.7500000000,25311.2500000000
1789755551364,25311.7500000000,25312.2500000000
1789755552572,25312.7500000000,25313.2500000000
1789755554399,25311.7500000000,25312.2500000000
1789755554796,25310.7500000000,25311.2500000000
1789755555406,25309.7500000000,25310.2500000000
1789755556212,25310.7500000000,25311.2500000000
1789755559653,25311.7500000000,25312.2500000000
1789755560257,25310.7500000000,25311.2500000000
1789755560457,25311.7500000000,25312.2500000000
1789755561676,25310.7500000000,25311.2500000000
1789755562889,25311.7500000000,25312.2500000000
1789755565115,25312.7500000000,25313.2500000000
1789755565514,25311.7500000000,25312.2500000000
1789755566326,25312.7500000000,25313.2500000000
1789755566527,25311.7500000000,25312.2500000000
1789755566732,25312.7500000000,25313.2500000000
1789755567335,25311.7500000000,25312.2500000000
1789755567538,25312.7500000000,25313.2500000000
1789755567747,25311.7500000000,25312.2500000000
1789755569565,25310.7500000000,25311.2500000000
1789755569773,25311.7500000000,25312.2500000000
1789755570169,25310.7500000000,25311.2500000000
1789755570374,25311.7500000000,25312.2500000000
1789755570778,25312.7500000000,25313.2500000000
1789755570980,25313.7500000000,25314.2500000000
1789755571187,25312.7500000000,25313.2500000000
1789755571788,25313.7500000000,25314.2500000000
1789755572599,25312.7500000000,25313.2500000000
1789755573206,25313.7500000000,25314.2500000000
1789755574015,25312.7500000000,25313.2500000000
1789755574219,25313.7500000000,25314.2500000000
1789755574419,25312.7500000000,25313.2500000000
1789755577857,25313.7500000000,25314.2500000000
1789755578262,25314.7500000000,25315.2500000000
1789755579878,25315.7500000000,25316.2500000000
1789755580687,25316.7500000000,25317.2500000000
1789755581694,25317.7500000000,25318.2500000000
1789755582301,25318.7500000000,25319.2500000000
1789755586550,25319.7500000000,25320.2500000000
1789755587358,25318.7500000000,25319.2500000000
1789755588976,25319.7500000000,25320.2500000000
1789755589383,25318.7500000000,25319.2500000000
1789755589792,25319.7500000000,25320.2500000000
1789755592415,25320.7500000000,25321.2500000000
1789755592821,25321.7500000000,25322.2500000000
1789755594032,25320.7500000000,25321.2500000000
1789755594436,25321.7500000000,25322.2500000000
1789755594839,25320.7500000000,25321.2500000000
1789755598483,25319.7500000000,25320.2500000000
1789755598685,25318.7500000000,25319.2500000000
1789755599087,25317.7500000000,25318.2500000000
1789755599495,25318.7500000000,25319.2500000000
1789755600104,25317.7500000000,25318.2500000000
1789755600513,25316.7500000000,25317.2500000000
1789755600706,25315.7500000000,25316.2500000000
1789755601918,25316.7500000000,25317.2500000000
1789755604345,25317.7500000000,25318.2500000000
1789755605763,25316.7500000000,25317.2500000000
1789755606171,25317.7500000000,25318.2500000000
1789755606983,25316.7500000000,25317.2500000000
1789755607186,25317.7500000000,25318.2500000000
1789755608393,25316.7500000000,25317.2500000000
1789755608795,25315.7500000000,25316.2500000000
1789755609001,25314.7500000000,25315.2500000000
1789755609204,25313.7500000000,25314.2500000000
1789755610416,25314.7500000000,25315.2500000000
1789755613451,25315.7500000000,25316.2500000000
1789755614064,25314.7500000000,25315.2500000000
1789755614266,25315.7500000000,25316.2500000000
1789755615274,25314.7500000000,25315.2500000000
1789755615481,25315.7500000000,25316.2500000000
1789755616286,25316.7500000000,25317.2500000000
1789755616490,25317.7500000000,25318.2500000000
1789755616693,25316.7500000000,25317.2500000000
1789755617503,25317.7500000000,25318.2500000000
1789755618307,25318.7500000000,25319.2500000000
1789755618509,25319.7500000000,25320.2500000000
1789755619925,25320.7500000000,25321.2500000000
1789755625787,25321.7500000000,25322.2500000000
1789755628215,25322.7500000000,25323.2500000000
1789755629632,25321.7500000000,25322.2500000000
1789755629835,25320.7500000000,25321.2500000000
1789755630651,25319.7500000000,25320.2500000000
1789755631250,25321.7500000000,25322.2500000000
1789755631452,25320.7500000000,25321.2500000000
1789755631654,25321.7500000000,25322.2500000000
1789755631858,25322.7500000000,25323.2500000000
1789755632061,25324.7500000000,25325.2500000000
1789755632259,25323.7500000000,25324.2500000000
1789755633676,25322.7500000000,25323.2500000000
1789755634484,25323.7500000000,25324.2500000000
1789755635491,25322.7500000000,25323.2500000000
1789755636102,25321.7500000000,25322.2500000000
1789755636303,25320.7500000000,25321.2500000000
1789755637111,25319.7500000000,25320.2500000000
1789755637719,25321.7500000000,25322.2500000000
1789755638328,25320.7500000000,25321.2500000000
1789755639539,25321.7500000000,25322.2500000000
1789755640549,25322.7500000000,25323.2500000000
1789755641158,25321.7500000000,25322.2500000000
1789755641362,25322.7500000000,25323.2500000000
1789755642979,25321.7500000000,25322.2500000000
1789755643790,25320.7500000000,25321.2500000000
1789755644192,25321.7500000000,25322.2500000000
1789755645803,25322.7500000000,25323.2500000000
1789755646007,25321.7500000000,25322.2500000000
1789755646212,25320.7500000000,25321.2500000000
1789755649053,25321.7500000000,25322.2500000000
1789755649248,25320.7500000000,25321.2500000000
1789755651676,25321.7500000000,25322.2500000000
1789755652486,25320.7500000000,25321.2500000000
1789755652688,25321.7500000000,25322.2500000000
1789755653300,25322.7500000000,25323.2500000000
1789755653908,25321.7500000000,25322.2500000000
1789755654108,25320.7500000000,25321.2500000000
1789755655116,25321.7500000000,25322.2500000000
1789755657546,25319.7500000000,25320.2500000000
1789755657755,25315.7500000000,25316.2500000000
1789755657956,25316.7500000000,25317.2500000000
1789755659166,25314.7500000000,25315.2500000000
1789755659372,25315.7500000000,25316.2500000000
1789755660783,25314.7500000000,25315.2500000000
1789755661802,25313.7500000000,25314.2500000000
1789755662000,25311.7500000000,25312.2500000000
1789755662605,25309.7500000000,25310.2500000000
1789755662807,25308.7500000000,25309.2500000000
1789755664022,25307.7500000000,25308.2500000000
1789755664425,25308.7500000000,25309.2500000000
1789755664629,25309.7500000000,25310.2500000000
1789755666447,25308.7500000000,25309.2500000000
1789755666853,25307.7500000000,25308.2500000000
1789755669490,25308.7500000000,25309.2500000000
1789755669691,25307.7500000000,25308.2500000000
1789755670901,25308.7500000000,25309.2500000000
1789755671709,25309.7500000000,25310.2500000000
1789755673737,25308.7500000000,25309.2500000000
1789755674139,25309.7500000000,25310.2500000000
1789755675148,25308.7500000000,25309.2500000000
1789755675960,25307.7500000000,25308.2500000000
1789755676157,25308.7500000000,25309.2500000000
1789755676762,25309.7500000000,25310.2500000000
1789755678583,25310.7500000000,25311.2500000000
1789755681213,25309.7500000000,25310.2500000000
1789755681420,25310.7500000000,25311.2500000000
1789755682022,25311.7500000000,25312.2500000000
1789755684044,25310.7500000000,25311.2500000000
1789755686268,25311.7500000000,25312.2500000000
1789755686472,25310.7500000000,25311.2500000000
1789755686674,25311.7500000000,25312.2500000000
1789755687686,25313.7500000000,25314.2500000000
1789755688090,25312.7500000000,25313.2500000000
1789755688289,25313.7500000000,25314.2500000000
1789755688697,25314.7500000000,25315.2500000000
1789755689710,25313.7500000000,25314.2500000000
1789755690113,25314.7500000000,25315.2500000000
1789755690317,25313.7500000000,25314.2500000000
1789755691736,25314.7500000000,25315.2500000000
1789755693352,25313.7500000000,25314.2500000000
1789755694364,25314.7500000000,25315.2500000000
1789755694567,25313.7500000000,25314.2500000000
1789755695167,25314.7500000000,25315.2500000000
1789755695979,25315.7500000000,25316.2500000000
1789755696785,25313.7500000000,25314.2500000000
1789755697192,25311.7500000000,25312.2500000000
1789755697595,25312.7500000000,25313.2500000000
1789755698001,25311.7500000000,25312.2500000000
1789755698611,25310.7500000000,25311.2500000000
1789755699822,25309.7500000000,25310.2500000000
1789755701235,25308.7500000000,25309.2500000000
1789755702047,25307.7500000000,25308.2500000000
1789755703055,25306.7500000000,25307.2500000000
1789755703260,25308.7500000000,25309.2500000000
1789755703862,25307.7500000000,25308.2500000000
1789755704067,25306.7500000000,25307.2500000000
1789755704469,25307.7500000000,25308.2500000000
1789755704880,25306.7500000000,25307.2500000000
1789755705482,25305.7500000000,25306.2500000000
1789755706897,25304.7500000000,25305.2500000000
1789755707501,25306.7500000000,25307.2500000000
1789755707709,25308.7500000000,25309.2500000000
1789755710743,25307.7500000000,25308.2500000000
1789755710948,25308.7500000000,25309.2500000000
1789755711149,25307.7500000000,25308.2500000000
1789755712560,25308.7500000000,25309.2500000000
1789755714182,25309.7500000000,25310.2500000000
1789755714999,25307.7500000000,25308.2500000000
1789755715803,25306.7500000000,25307.2500000000
1789755716408,25307.7500000000,25308.2500000000
1789755717217,25306.7500000000,25307.2500000000
1789755718838,25305.7500000000,25306.2500000000
1789755720051,25305.7500000000,25306.2500000000
1789755721266,25304.7500000000,25305.2500000000
1789755721666,25305.7500000000,25306.2500000000
1789755723088,25306.7500000000,25307.2500000000
1789755723287,25305.7500000000,25306.2500000000
1789755723894,25306.7500000000,25307.2500000000
1789755726117,25307.7500000000,25308.2500000000
1789755726319,25306.7500000000,25307.2500000000
1789755728551,25307.7500000000,25308.2500000000
1789755731787,25308.7500000000,25309.2500000000
1789755732603,25307.7500000000,25308.2500000000
1789755733008,25308.7500000000,25309.2500000000
1789755733811,25309.7500000000,25310.2500000000
1789755734217,25310.7500000000,25311.2500000000
1789755734423,25311.7500000000,25312.2500000000
1789755737658,25312.7500000000,25313.2500000000
1789755737861,25313.7500000000,25314.2500000000
1789755738867,25312.7500000000,25313.2500000000
1789755740688,25313.7500000000,25314.2500000000
1789755742916,25312.7500000000,25313.2500000000
1789755746760,25313.7500000000,25314.2500000000
1789755747364,25312.7500000000,25313.2500000000
1789755747565,25311.7500000000,25312.2500000000
1789755749180,25310.7500000000,25311.2500000000
1789755749990,25311.7500000000,25312.2500000000
1789755750193,25313.7500000000,25314.2500000000
1789755750395,25312.7500000000,25313.2500000000
1789755750595,25311.7500000000,25312.2500000000
1789755751001,25312.7500000000,25313.2500000000
1789755751206,25311.7500000000,25312.2500000000
1789755754038,25312.7500000000,25313.2500000000
1789755754240,25313.7500000000,25314.2500000000
1789755761922,25314.7500000000,25315.2500000000
1789755764748,25313.7500000000,25314.2500000000
1789755765354,25314.7500000000,25315.2500000000
1789755765557,25313.7500000000,25314.2500000000
1789755765761,25312.7500000000,25313.2500000000
1789755765966,25313.7500000000,25314.2500000000
1789755766568,25314.7500000000,25315.2500000000
1789755766766,25313.7500000000,25314.2500000000
1789755768391,25312.7500000000,25313.2500000000
1789755771230,25311.7500000000,25312.2500000000
1789755771630,25312.7500000000,25313.2500000000
1789755772037,25313.7500000000,25314.2500000000
1789755774668,25314.7500000000,25315.2500000000
1789755775472,25315.7500000000,25316.2500000000
1789755776484,25314.7500000000,25315.2500000000
1789755777497,25313.7500000000,25314.2500000000
1789755779112,25312.7500000000,25313.2500000000
1789755779518,25313.7500000000,25314.2500000000
1789755780126,25313.7500000000,25314.2500000000
1789755780734,25315.7500000000,25316.2500000000
1789755781135,25316.7500000000,25317.2500000000
1789755781337,25317.7500000000,25318.2500000000
1789755782149,25315.7500000000,25316.2500000000
1789755782550,25316.7500000000,25317.2500000000
1789755782753,25315.7500000000,25316.2500000000
1789755782956,25316.7500000000,25317.2500000000
1789755783569,25317.7500000000,25318.2500000000
1789755783967,25316.7500000000,25317.2500000000
1789755785584,25315.7500000000,25316.2500000000
1789755785788,25316.7500000000,25317.2500000000
1789755786795,25317.7500000000,25318.2500000000
1789755786996,25316.7500000000,25317.2500000000
1789755788009,25317.7500000000,25318.2500000000
1789755789427,25318.7500000000,25319.2500000000
1789755789628,25319.7500000000,25320.2500000000
1789755790231,25318.7500000000,25319.2500000000
1789755791646,25319.7500000000,25320.2500000000
1789755792660,25318.7500000000,25319.2500000000
1789755792860,25319.7500000000,25320.2500000000
1789755796502,25320.7500000000,25321.2500000000
1789755796704,25321.7500000000,25322.2500000000
1789755797711,25323.7500000000,25324.2500000000
1789755803785,25325.7500000000,25326.2500000000
1789755803984,25326.7500000000,25327.2500000000
1789755804589,25327.7500000000,25328.2500000000
1789755804795,25326.7500000000,25327.2500000000
1789755805399,25325.7500000000,25326.2500000000
1789755805601,25324.7500000000,25325.2500000000
1789755805811,25325.7500000000,25326.2500000000
1789755806011,25324.7500000000,25325.2500000000
1789755806214,25325.7500000000,25326.2500000000
1789755806418,25326.7500000000,25327.2500000000
1789755807224,25325.7500000000,25326.2500000000
1789755809245,25326.7500000000,25327.2500000000
1789755817532,25327.7500000000,25328.2500000000
1789755818946,25328.7500000000,25329.2500000000
1789755819557,25330.7500000000,25331.2500000000
1789755824407,25331.7500000000,25332.2500000000
1789755825215,25332.7500000000,25333.2500000000
1789755826024,25331.7500000000,25332.2500000000
1789755827645,25328.7500000000,25329.2500000000
1789755828046,25329.7500000000,25330.2500000000
1789755829261,25328.7500000000,25329.2500000000
1789755829670,25329.7500000000,25330.2500000000
1789755834118,25330.7500000000,25331.2500000000
1789755834521,25331.7500000000,25332.2500000000
1789755834724,25330.7500000000,25331.2500000000
1789755835130,25329.7500000000,25330.2500000000
1789755840189,25328.7500000000,25329.2500000000
1789755840392,25329.7500000000,25330.2500000000
1789755840596,25330.7500000000,25331.2500000000
1789755841809,25331.7500000000,25332.2500000000
1789755842214,25330.7500000000,25331.2500000000
1789755842619,25329.7500000000,25330.2500000000
1789755844236,25328.7500000000,25329.2500000000
1789755844640,25329.7500000000,25330.2500000000
1789755845861,25328.7500000000,25329.2500000000
1789755846058,25329.7500000000,25330.2500000000
1789755846669,25328.7500000000,25329.2500000000
1789755847071,25329.7500000000,25330.2500000000
1789755848491,25326.7500000000,25327.2500000000
1789755849507,25323.7500000000,25324.2500000000
1789755849908,25324.7500000000,25325.2500000000
1789755850717,25325.7500000000,25326.2500000000
1789755852131,25326.7500000000,25327.2500000000
1789755852535,25325.7500000000,25326.2500000000
1789755853547,25326.7500000000,25327.2500000000
1789755853749,25325.7500000000,25326.2500000000
1789755854759,25326.7500000000,25327.2500000000
1789755855163,25325.7500000000,25326.2500000000
1789755857590,25326.7500000000,25327.2500000000
1789755861032,25327.7500000000,25328.2500000000
1789755861233,25326.7500000000,25327.2500000000
1789755864268,25325.7500000000,25326.2500000000
1789755864470,25324.7500000000,25325.2500000000
1789755866897,25325.7500000000,25326.2500000000
1789755867096,25324.7500000000,25325.2500000000
1789755868513,25325.7500000000,25326.2500000000
1789755868715,25324.7500000000,25325.2500000000
1789755869120,25325.7500000000,25326.2500000000
1789755869933,25324.7500000000,25325.2500000000
1789755870137,25325.7500000000,25326.2500000000
1789755871545,25326.7500000000,25327.2500000000
1789755871951,25325.7500000000,25326.2500000000
1789755873164,25326.7500000000,25327.2500000000
1789755873363,25325.7500000000,25326.2500000000
1789755876599,25324.7500000000,25325.2500000000
1789755877203,25325.7500000000,25326.2500000000
1789755877407,25324.7500000000,25325.2500000000
1789755877606,25325.7500000000,25326.2500000000
1789755878825,25326.7500000000,25327.2500000000
1789755879633,25325.7500000000,25326.2500000000
1789755881456,25326.7500000000,25327.2500000000
1789755885097,25325.7500000000,25326.2500000000
1789755885496,25326.7500000000,25327.2500000000
1789755887113,25327.7500000000,25328.2500000000
1789755887315,25326.7500000000,25327.2500000000
1789755887524,25327.7500000000,25328.2500000000
1789755887727,25326.7500000000,25327.2500000000
1789755888125,25325.7500000000,25326.2500000000
1789755889952,25326.7500000000,25327.2500000000
1789755891767,25325.7500000000,25326.2500000000
1789755894194,25323.7500000000,25324.2500000000
1789755900056,25318.7500000000,25319.2500000000
1789755900261,25320.7500000000,25321.2500000000
1789755900663,25319.7500000000,25320.2500000000
1789755900865,25320.7500000000,25321.2500000000
1789755901069,25319.7500000000,25320.2500000000
1789755901273,25320.7500000000,25321.2500000000
1789755903094,25319.7500000000,25320.2500000000
1789755903292,25318.7500000000,25319.2500000000
1789755904503,25319.7500000000,25320.2500000000
1789755904909,25320.7500000000,25321.2500000000
1789755905113,25321.7500000000,25322.2500000000
1789755905321,25320.7500000000,25321.2500000000
1789755905519,25319.7500000000,25320.2500000000
1789755906733,25318.7500000000,25319.2500000000
1789755906935,25320.7500000000,25321.2500000000
1789755907347,25319.7500000000,25320.2500000000
1789755907543,25320.7500000000,25321.2500000000
1789755909564,25317.7500000000,25318.2500000000
1789755910172,25318.7500000000,25319.2500000000
1789755910375,25317.7500000000,25318.2500000000
1789755911790,25318.7500000000,25319.2500000000
1789755911999,25317.7500000000,25318.2500000000
1789755913006,25316.7500000000,25317.2500000000
1789755913204,25317.7500000000,25318.2500000000
1789755915437,25318.7500000000,25319.2500000000
1789755915636,25317.7500000000,25318.2500000000
1789755916648,25316.7500000000,25317.2500000000
1789755916853,25313.7500000000,25314.2500000000
1789755917256,25312.7500000000,25313.2500000000
1789755917660,25313.7500000000,25314.2500000000
1789755918070,25312.7500000000,25313.2500000000
1789755919079,25311.7500000000,25312.2500000000
1789755919685,25312.7500000000,25313.2500000000
1789755919884,25311.7500000000,25312.2500000000
1789755920289,25312.7500000000,25313.2500000000
1789755920490,25311.7500000000,25312.2500000000
1789755921908,25310.7500000000,25311.2500000000
1789755922112,25312.7500000000,25313.2500000000
1789755922717,25313.7500000000,25314.2500000000
1789755923126,25312.7500000000,25313.2500000000
1789755923528,25313.7500000000,25314.2500000000
1789755924337,25316.7500000000,25317.2500000000
1789755924743,25315.7500000000,25316.2500000000
1789755925146,25316.7500000000,25317.2500000000
1789755926970,25315.7500000000,25316.2500000000
1789755927376,25316.7500000000,25317.2500000000
1789755931826,25317.7500000000,25318.2500000000
1789755933038,25318.7500000000,25319.2500000000
1789755933244,25317.7500000000,25318.2500000000
1789755935475,25319.7500000000,25320.2500000000
1789755935879,25320.7500000000,25321.2500000000
1789755936077,25319.7500000000,25320.2500000000
1789755938301,25320.7500000000,25321.2500000000
1789755939114,25321.7500000000,25322.2500000000
1789755944174,25320.7500000000,25321.2500000000
1789755945582,25319.7500000000,25320.2500000000
1789755945786,25320.7500000000,25321.2500000000
1789755946393,25318.7500000000,25319.2500000000
1789755947208,25317.7500000000,25318.2500000000
1789755948212,25316.7500000000,25317.2500000000
1789755948817,25317.7500000000,25318.2500000000
1789755949018,25316.7500000000,25317.2500000000
1789755949227,25317.7500000000,25318.2500000000
1789755949424,25315.7500000000,25316.2500000000
1789755950036,25314.7500000000,25315.2500000000
1789755951251,25313.7500000000,25314.2500000000
1789755951450,25312.7500000000,25313.2500000000
1789755953695,25313.7500000000,25314.2500000000
1789755954099,25314.7500000000,25315.2500000000
1789755954301,25315.7500000000,25316.2500000000
1789755954910,25316.7500000000,25317.2500000000
1789755955119,25315.7500000000,25316.2500000000
1789755958553,25316.7500000000,25317.2500000000
1789755960372,25316.7500000000,25317.2500000000
1789755960774,25317.7500000000,25318.2500000000
1789755961178,25318.7500000000,25319.2500000000
1789755961786,25317.7500000000,25318.2500000000
1789755962393,25316.7500000000,25317.2500000000
1789755962601,25317.7500000000,25318.2500000000
1789755963818,25319.7500000000,25320.2500000000
1789755964219,25318.7500000000,25319.2500000000
1789755964629,25317.7500000000,25318.2500000000
1789755967055,25318.7500000000,25319.2500000000
1789755967467,25319.7500000000,25320.2500000000
1789755967874,25316.7500000000,25317.2500000000
1789755968073,25317.7500000000,25318.2500000000
1789755968275,25318.7500000000,25319.2500000000
1789755970098,25319.7500000000,25320.2500000000
1789755970503,25318.7500000000,25319.2500000000
1789755973538,25317.7500000000,25318.2500000000
1789755973743,25318.7500000000,25319.2500000000
1789755974144,25317.7500000000,25318.2500000000
1789755974346,25315.7500000000,25316.2500000000
1789755974548,25316.7500000000,25317.2500000000
1789755974954,25315.7500000000,25316.2500000000
1789755975157,25316.7500000000,25317.2500000000
1789755975761,25315.7500000000,25316.2500000000
1789755976166,25316.7500000000,25317.2500000000
1789755976369,25315.7500000000,25316.2500000000
1789755976569,25314.7500000000,25315.2500000000
1789755976975,25313.7500000000,25314.2500000000
1789755977180,25314.7500000000,25315.2500000000
1789755977785,25315.7500000000,25316.2500000000
1789755977988,25314.7500000000,25315.2500000000
1789755978193,25315.7500000000,25316.2500000000
1789755978393,25314.7500000000,25315.2500000000
1789755979403,25315.7500000000,25316.2500000000
1789755980818,25314.7500000000,25315.2500000000
1789755981228,25315.7500000000,25316.2500000000
1789755981429,25314.7500000000,25315.2500000000
1789755985669,25315.7500000000,25316.2500000000
1789755985870,25317.7500000000,25318.2500000000
1789755986484,25318.7500000000,25319.2500000000
1789755986678,25317.7500000000,25318.2500000000
1789755987287,25319.7500000000,25320.2500000000
1789755989921,25317.7500000000,25318.2500000000
1789755990124,25318.7500000000,25319.2500000000
1789755990523,25317.7500000000,25318.2500000000
1789755991135,25316.7500000000,25317.2500000000
1789755992145,25317.7500000000,25318.2500000000
1789755993157,25318.7500000000,25319.2500000000
1789755993356,25317.7500000000,25318.2500000000
1789755994974,25316.7500000000,25317.2500000000
1789755995179,25315.7500000000,25316.2500000000
1789755995583,25316.7500000000,25317.2500000000
1789755996796,25317.7500000000,25318.2500000000
1789755996997,25316.7500000000,25317.2500000000
1789755998208,25317.7500000000,25318.2500000000
1789755999627,25316.7500000000,25317.2500000000
1789755999826,25314.7500000000,25315.2500000000
1789756002253,25316.7500000000,25317.2500000000
1789756002456,25315.7500000000,25316.2500000000
1789756006504,25316.7500000000,25317.2500000000
1789756007112,25315.7500000000,25316.2500000000
1789756007313,25314.7500000000,25315.2500000000
1789756008122,25313.7500000000,25314.2500000000
1789756009131,25314.7500000000,25315.2500000000
1789756009742,25315.7500000000,25316.2500000000
1789756010950,25314.7500000000,25315.2500000000
1789756011559,25313.7500000000,25314.2500000000
1789756011758,25314.7500000000,25315.2500000000
1789756012161,25313.7500000000,25314.2500000000
1789756012968,25315.7500000000,25316.2500000000
1789756013376,25314.7500000000,25315.2500000000
1789756013780,25315.7500000000,25316.2500000000
1789756014992,25314.7500000000,25315.2500000000
1789756015804,25313.7500000000,25314.2500000000
1789756017219,25314.7500000000,25315.2500000000
1789756018433,25315.7500000000,25316.2500000000
1789756018634,25314.7500000000,25315.2500000000
1789756019443,25313.7500000000,25314.2500000000
1789756020052,25313.7500000000,25314.2500000000
1789756020253,25314.7500000000,25315.2500000000
1789756020663,25317.7500000000,25318.2500000000
1789756022278,25315.7500000000,25316.2500000000
1789756022881,25316.7500000000,25317.2500000000
1789756023084,25315.7500000000,25316.2500000000
1789756024704,25316.7500000000,25317.2500000000
1789756024904,25315.7500000000,25316.2500000000
1789756025709,25316.7500000000,25317.2500000000
1789756026719,25315.7500000000,25316.2500000000
1789756027125,25316.7500000000,25317.2500000000
1789756027334,25315.7500000000,25316.2500000000
1789756029152,25316.7500000000,25317.2500000000
1789756029554,25315.7500000000,25316.2500000000
1789756030163,25317.7500000000,25318.2500000000
1789756030568,25318.7500000000,25319.2500000000
1789756031383,25317.7500000000,25318.2500000000
1789756032995,25318.7500000000,25319.2500000000
1789756033199,25317.7500000000,25318.2500000000
1789756034214,25318.7500000000,25319.2500000000
1789756036641,25319.7500000000,25320.2500000000
1789756038257,25320.7500000000,25321.2500000000
1789756038864,25319.7500000000,25320.2500000000
1789756040485,25318.7500000000,25319.2500000000
1789756040686,25319.7500000000,25320.2500000000
1789756041699,25318.7500000000,25319.2500000000
1789756041906,25319.7500000000,25320.2500000000
1789756043317,25320.7500000000,25321.2500000000
1789756043519,25321.7500000000,25322.2500000000
1789756043720,25320.7500000000,25321.2500000000
1789756043922,25321.7500000000,25322.2500000000
1789756044528,25320.7500000000,25321.2500000000
1789756047157,25319.7500000000,25320.2500000000
1789756049589,25318.7500000000,25319.2500000000
1789756052214,25317.7500000000,25318.2500000000
1789756052621,25318.7500000000,25319.2500000000
1789756056061,25317.7500000000,25318.2500000000
1789756056467,25318.7500000000,25319.2500000000
1789756056670,25317.7500000000,25318.2500000000
1789756057072,25318.7500000000,25319.2500000000
1789756057479,25319.7500000000,25320.2500000000
1789756059095,25320.7500000000,25321.2500000000
1789756061115,25319.7500000000,25320.2500000000
1789756062130,25318.7500000000,25319.2500000000
1789756062332,25319.7500000000,25320.2500000000
1789756062536,25318.7500000000,25319.2500000000
1789756065376,25316.7500000000,25317.2500000000
1789756065587,25315.7500000000,25316.2500000000
1789756066190,25316.7500000000,25317.2500000000
1789756066994,25315.7500000000,25316.2500000000
1789756068413,25314.7500000000,25315.2500000000
1789756069023,25315.7500000000,25316.2500000000
1789756069831,25313.7500000000,25314.2500000000
1789756070244,25315.7500000000,25316.2500000000
1789756070445,25316.7500000000,25317.2500000000
1789756071658,25315.7500000000,25316.2500000000
1789756072660,25314.7500000000,25315.2500000000
1789756073069,25313.7500000000,25314.2500000000
1789756073476,25314.7500000000,25315.2500000000
1789756074079,25315.7500000000,25316.2500000000
1789756074282,25314.7500000000,25315.2500000000
1789756074483,25313.7500000000,25314.2500000000
1789756074685,25314.7500000000,25315.2500000000
1789756076305,25313.7500000000,25314.2500000000
1789756078936,25312.7500000000,25313.2500000000
1789756079135,25311.7500000000,25312.2500000000
1789756079537,25312.7500000000,25313.2500000000
1789756079741,25311.7500000000,25312.2500000000
1789756080155,25312.7500000000,25313.2500000000
1789756080351,25313.7500000000,25314.2500000000
1789756081155,25312.7500000000,25313.2500000000
1789756081763,25313.7500000000,25314.2500000000
1789756082371,25312.7500000000,25313.2500000000
1789756083590,25311.7500000000,25312.2500000000
1789756085808,25310.7500000000,25311.2500000000
1789756086414,25308.7500000000,25309.2500000000
1789756088035,25309.7500000000,25310.2500000000
1789756088840,25310.7500000000,25311.2500000000
1789756089045,25311.7500000000,25312.2500000000
1789756090663,25310.7500000000,25311.2500000000
1789756090865,25311.7500000000,25312.2500000000
1789756091270,25310.7500000000,25311.2500000000
1789756091474,25311.7500000000,25312.2500000000
1789756091677,25313.7500000000,25314.2500000000
1789756094109,25314.7500000000,25315.2500000000
1789756100371,25313.7500000000,25314.2500000000
1789756100572,25314.7500000000,25315.2500000000
1789756102398,25312.7500000000,25313.2500000000
1789756102596,25313.7500000000,25314.2500000000
1789756102801,25312.7500000000,25313.2500000000
1789756103007,25313.7500000000,25314.2500000000
1789756105640,25314.7500000000,25315.2500000000
1789756106850,25312.7500000000,25313.2500000000
1789756107057,25314.7500000000,25315.2500000000
1789756107254,25313.7500000000,25314.2500000000
1789756108873,25315.7500000000,25316.2500000000
1789756109680,25314.7500000000,25315.2500000000
1789756110088,25315.7500000000,25316.2500000000
1789756110291,25314.7500000000,25315.2500000000
1789756111099,25315.7500000000,25316.2500000000
1789756111299,25314.7500000000,25315.2500000000
1789756111502,25315.7500000000,25316.2500000000
1789756113324,25314.7500000000,25315.2500000000
1789756113728,25315.7500000000,25316.2500000000
1789756114133,25314.7500000000,25315.2500000000
1789756116157,25312.7500000000,25313.2500000000
1789756116760,25311.7500000000,25312.2500000000
1789756116961,25312.7500000000,25313.2500000000
1789756122219,25313.7500000000,25314.2500000000
1789756122422,25315.7500000000,25316.2500000000
1789756122626,25314.7500000000,25315.2500000000
1789756123025,25315.7500000000,25316.2500000000
1789756123431,25316.7500000000,25317.2500000000
1789756124645,25315.7500000000,25316.2500000000
1789756124849,25316.7500000000,25317.2500000000
1789756125250,25315.7500000000,25316.2500000000
1789756125656,25317.7500000000,25318.2500000000
1789756126471,25315.7500000000,25316.2500000000
1789756126668,25316.7500000000,25317.2500000000
1789756127880,25315.7500000000,25316.2500000000
1789756128485,25316.7500000000,25317.2500000000
1789756129696,25315.7500000000,25316.2500000000
1789756129904,25316.7500000000,25317.2500000000
1789756133748,25315.7500000000,25316.2500000000
1789756134755,25314.7500000000,25315.2500000000
1789756135161,25313.7500000000,25314.2500000000
1789756135569,25312.7500000000,25313.2500000000
1789756136172,25313.7500000000,25314.2500000000
1789756136980,25312.7500000000,25313.2500000000
1789756137182,25311.7500000000,25312.2500000000
1789756137386,25312.7500000000,25313.2500000000
1789756137588,25311.7500000000,25312.2500000000
1789756137794,25312.7500000000,25313.2500000000
1789756137991,25309.7500000000,25310.2500000000
1789756138196,25308.7500000000,25309.2500000000
1789756138397,25314.7500000000,25315.2500000000
1789756138599,25313.7500000000,25314.2500000000
1789756138803,25312.7500000000,25313.2500000000
1789756139005,25311.7500000000,25312.2500000000
1789756139208,25310.7500000000,25311.2500000000
1789756139819,25311.7500000000,25312.2500000000
1789756140021,25311.7500000000,25312.2500000000
1789756140228,25314.7500000000,25315.2500000000
1789756140428,25313.7500000000,25314.2500000000
1789756141839,25312.7500000000,25313.2500000000
1789756142451,25313.7500000000,25314.2500000000
1789756142851,25312.7500000000,25313.2500000000
1789756143057,25313.7500000000,25314.2500000000
1789756143462,25312.7500000000,25313.2500000000
1789756144267,25311.7500000000,25312.2500000000
1789756145277,25313.7500000000,25314.2500000000
1789756145479,25312.7500000000,25313.2500000000
1789756145887,25311.7500000000,25312.2500000000
1789756146290,25312.7500000000,25313.2500000000
1789756147107,25314.7500000000,25315.2500000000
1789756147915,25313.7500000000,25314.2500000000
1789756148120,25312.7500000000,25313.2500000000
1789756149332,25311.7500000000,25312.2500000000
1789756149533,25310.7500000000,25311.2500000000
1789756150138,25311.7500000000,25312.2500000000
1789756150543,25310.7500000000,25311.2500000000
1789756151151,25309.7500000000,25310.2500000000
1789756152972,25307.7500000000,25308.2500000000
1789756153375,25306.7500000000,25307.2500000000
1789756154185,25307.7500000000,25308.2500000000
1789756154790,25306.7500000000,25307.2500000000
1789756155400,25305.7500000000,25306.2500000000
1789756157217,25304.7500000000,25305.2500000000
1789756157628,25305.7500000000,25306.2500000000
1789756158631,25306.7500000000,25307.2500000000
1789756159039,25309.7500000000,25310.2500000000
1789756159650,25310.7500000000,25311.2500000000
1789756160653,25309.7500000000,25310.2500000000
1789756162065,25310.7500000000,25311.2500000000
1789756163480,25311.7500000000,25312.2500000000
1789756164902,25310.7500000000,25311.2500000000
1789756165105,25309.7500000000,25310.2500000000
1789756165505,25308.7500000000,25309.2500000000
1789756166519,25307.7500000000,25308.2500000000
1789756166923,25308.7500000000,25309.2500000000
1789756167529,25310.7500000000,25311.2500000000
1789756168341,25309.7500000000,25310.2500000000
1789756168545,25310.7500000000,25311.2500000000
1789756170968,25311.7500000000,25312.2500000000
1789756172998,25312.7500000000,25313.2500000000
1789756173197,25311.7500000000,25312.2500000000
1789756177645,25312.7500000000,25313.2500000000
1789756178449,25311.7500000000,25312.2500000000
1789756179260,25312.7500000000,25313.2500000000
1789756179462,25311.7500000000,25312.2500000000
1789756180267,25315.7500000000,25316.2500000000
1789756180672,25316.7500000000,25317.2500000000
1789756181084,25315.7500000000,25316.2500000000
1789756181282,25316.7500000000,25317.2500000000
1789756181486,25317.7500000000,25318.2500000000
1789756182095,25318.7500000000,25319.2500000000
1789756182291,25317.7500000000,25318.2500000000
1789756182495,25318.7500000000,25319.2500000000
1789756183505,25316.7500000000,25317.2500000000
1789756183709,25317.7500000000,25318.2500000000
1789756184314,25316.7500000000,25317.2500000000
1789756185335,25315.7500000000,25316.2500000000
1789756185540,25314.7500000000,25315.2500000000
1789756185939,25312.7500000000,25313.2500000000
1789756186344,25311.7500000000,25312.2500000000
1789756187154,25316.7500000000,25317.2500000000
1789756187558,25315.7500000000,25316.2500000000
1789756187761,25314.7500000000,25315.2500000000
1789756188167,25316.7500000000,25317.2500000000
1789756188977,25318.7500000000,25319.2500000000
1789756189380,25319.7500000000,25320.2500000000
1789756189787,25318.7500000000,25319.2500000000
1789756190797,25319.7500000000,25320.2500000000
1789756190998,25320.7500000000,25321.2500000000
1789756191607,25322.7500000000,25323.2500000000
1789756191806,25321.7500000000,25322.2500000000
1789756192618,25322.7500000000,25323.2500000000
1789756193223,25321.7500000000,25322.2500000000
1789756194637,25322.2500000000,25322.7500000000
1789756195445,25320.2500000000,25320.7500000000
1789756196053,25319.2500000000,25319.7500000000
1789756196660,25320.2500000000,25320.7500000000
1789756197269,25321.2500000000,25321.7500000000
1789756197675,25323.2500000000,25323.7500000000
1789756199087,25324.2500000000,25324.7500000000
1789756199290,25323.2500000000,25323.7500000000
1789756199701,25322.2500000000,25322.7500000000
1789756199905,25321.2500000000,25321.7500000000
1789756200106,25319.2500000000,25319.7500000000
1789756200307,25317.2500000000,25317.7500000000
1789756200511,25315.2500000000,25315.7500000000
1789756200713,25316.2500000000,25316.7500000000
1789756201317,25317.2500000000,25317.7500000000
1789756201518,25318.2500000000,25318.7500000000
1789756201729,25321.2500000000,25321.7500000000
1789756201930,25320.2500000000,25320.7500000000
1789756202734,25322.2500000000,25322.7500000000
1789756203336,25323.2500000000,25323.7500000000
1789756203740,25324.2500000000,25324.7500000000
1789756204148,25323.2500000000,25323.7500000000
1789756204549,25325.2500000000,25325.7500000000
1789756204752,25323.2500000000,25323.7500000000
1789756205163,25322.2500000000,25322.7500000000
1789756205969,25321.2500000000,25321.7500000000
1789756206775,25320.2500000000,25320.7500000000
1789756206978,25321.2500000000,25321.7500000000
1789756207997,25320.2500000000,25320.7500000000
1789756208195,25321.2500000000,25321.7500000000
1789756211029,25323.2500000000,25323.7500000000
1789756211230,25322.2500000000,25322.7500000000
1789756211437,25321.2500000000,25321.7500000000
1789756211647,25322.2500000000,25322.7500000000
1789756212039,25321.2500000000,25321.7500000000
1789756213058,25323.2500000000,25323.7500000000
1789756213257,25322.2500000000,25322.7500000000
1789756213462,25323.2500000000,25323.7500000000
1789756215077,25324.2500000000,25324.7500000000
1789756215485,25323.2500000000,25323.7500000000
1789756215689,25325.2500000000,25325.7500000000
1789756215884,25323.2500000000,25323.7500000000
1789756218315,25324.2500000000,25324.7500000000
1789756218721,25323.2500000000,25323.7500000000
1789756218918,25324.2500000000,25324.7500000000
1789756219124,25326.2500000000,25326.7500000000
1789756219324,25325.2500000000,25325.7500000000
1789756219529,25326.2500000000,25326.7500000000
1789756220546,25327.2500000000,25327.7500000000
1789756221153,25329.2500000000,25329.7500000000
1789756221756,25331.2500000000,25331.7500000000
1789756221956,25330.2500000000,25330.7500000000
1789756223585,25331.2500000000,25331.7500000000
1789756224387,25330.2500000000,25330.7500000000
1789756224590,25331.2500000000,25331.7500000000
1789756227223,25330.2500000000,25330.7500000000
1789756228032,25331.2500000000,25331.7500000000
1789756228238,25330.2500000000,25330.7500000000
1789756229044,25331.2500000000,25331.7500000000
1789756229243,25330.2500000000,25330.7500000000
1789756229649,25331.2500000000,25331.7500000000
1789756230261,25330.2500000000,25330.7500000000
1789756230665,25331.2500000000,25331.7500000000
1789756230870,25330.2500000000,25330.7500000000
1789756233500,25331.2500000000,25331.7500000000
1789756235515,25332.2500000000,25332.7500000000
1789756236127,25331.2500000000,25331.7500000000
1789756236735,25330.2500000000,25330.7500000000
1789756237135,25331.2500000000,25331.7500000000
1789756237338,25334.2500000000,25334.7500000000
1789756237541,25335.2500000000,25335.7500000000
1789756237744,25336.2500000000,25336.7500000000
1789756239163,25335.2500000000,25335.7500000000
1789756245036,25333.2500000000,25333.7500000000
1789756245641,25332.2500000000,25332.7500000000
1789756246447,25331.2500000000,25331.7500000000
1789756246652,25332.2500000000,25332.7500000000
1789756247051,25331.2500000000,25331.7500000000
1789756247865,25332.2500000000,25332.7500000000
1789756248874,25331.2500000000,25331.7500000000
1789756249483,25332.2500000000,25332.7500000000
1789756252113,25331.2500000000,25331.7500000000
1789756252314,25332.2500000000,25332.7500000000
1789756253129,25331.2500000000,25331.7500000000
1789756254339,25332.2500000000,25332.7500000000
1789756254542,25335.2500000000,25335.7500000000
1789756254746,25334.2500000000,25334.7500000000
1789756254945,25335.2500000000,25335.7500000000
1789756255151,25334.2500000000,25334.7500000000
1789756255350,25335.2500000000,25335.7500000000
1789756255955,25336.2500000000,25336.7500000000
1789756256163,25335.2500000000,25335.7500000000
1789756257171,25328.2500000000,25328.7500000000
1789756257381,25330.2500000000,25330.7500000000
1789756258190,25331.2500000000,25331.7500000000
1789756258793,25330.2500000000,25330.7500000000
1789756258992,25331.2500000000,25331.7500000000
1789756259397,25332.2500000000,25332.7500000000
1789756259599,25331.2500000000,25331.7500000000
1789756260010,25331.2500000000,25331.7500000000
1789756260206,25330.2500000000,25330.7500000000
1789756260818,25331.2500000000,25331.7500000000
1789756261023,25330.2500000000,25330.7500000000
1789756261627,25329.2500000000,25329.7500000000
1789756262635,25330.2500000000,25330.7500000000
1789756263041,25329.2500000000,25329.7500000000
1789756263648,25328.2500000000,25328.7500000000
1789756264453,25327.2500000000,25327.7500000000
1789756264657,25328.2500000000,25328.7500000000
1789756265062,25327.2500000000,25327.7500000000
1789756265469,25328.2500000000,25328.7500000000
1789756265867,25329.2500000000,25329.7500000000
1789756266475,25328.2500000000,25328.7500000000
1789756267286,25329.2500000000,25329.7500000000
1789756267487,25328.2500000000,25328.7500000000
1789756267686,25329.2500000000,25329.7500000000
1789756267894,25328.2500000000,25328.7500000000
1789756268096,25329.2500000000,25329.7500000000
1789756269317,25330.2500000000,25330.7500000000
1789756270121,25328.2500000000,25328.7500000000
1789756270324,25327.2500000000,25327.7500000000
1789756271745,25326.2500000000,25326.7500000000
1789756272552,25325.2500000000,25325.7500000000
1789756273155,25326.2500000000,25326.7500000000
1789756273563,25325.2500000000,25325.7500000000
1789756273767,25324.2500000000,25324.7500000000
1789756273966,25323.2500000000,25323.7500000000
1789756274779,25324.2500000000,25324.7500000000
1789756275583,25323.2500000000,25323.7500000000
1789756275990,25324.2500000000,25324.7500000000
1789756276598,25326.2500000000,25326.7500000000
1789756276802,25325.2500000000,25325.7500000000
1789756279421,25324.2500000000,25324.7500000000
1789756279826,25325.2500000000,25325.7500000000
1789756281240,25324.2500000000,25324.7500000000
1789756282048,25325.2500000000,25325.7500000000
1789756284080,25324.2500000000,25324.7500000000
1789756287517,25326.2500000000,25326.7500000000
1789756287919,25328.2500000000,25328.7500000000
1789756288123,25327.2500000000,25327.7500000000
1789756288729,25325.2500000000,25325.7500000000
1789756289139,25324.2500000000,25324.7500000000
1789756289335,25325.2500000000,25325.7500000000
1789756291357,25323.2500000000,25323.7500000000
1789756293584,25324.2500000000,25324.7500000000
1789756295404,25323.2500000000,25323.7500000000
1789756295607,25324.2500000000,25324.7500000000
1789756295812,25323.2500000000,25323.7500000000
1789756296217,25324.2500000000,25324.7500000000
1789756297633,25322.2500000000,25322.7500000000
1789756298236,25323.2500000000,25323.7500000000
1789756298642,25322.2500000000,25322.7500000000
1789756301273,25323.2500000000,25323.7500000000
1789756301475,25322.2500000000,25322.7500000000
1789756306534,25321.2500000000,25321.7500000000
1789756307137,25320.2500000000,25320.7500000000
1789756309765,25319.2500000000,25319.7500000000
1789756310780,25320.2500000000,25320.7500000000
1789756310981,25319.2500000000,25319.7500000000
1789756311183,25320.2500000000,25320.7500000000
1789756311988,25319.2500000000,25319.7500000000
1789756312192,25318.2500000000,25318.7500000000
1789756312392,25319.2500000000,25319.7500000000
1789756312592,25318.2500000000,25318.7500000000
1789756312997,25319.2500000000,25319.7500000000
1789756313200,25318.2500000000,25318.7500000000
1789756313409,25319.2500000000,25319.7500000000
1789756313604,25318.2500000000,25318.7500000000
1789756314417,25319.2500000000,25319.7500000000
1789756315018,25318.2500000000,25318.7500000000
1789756315424,25319.2500000000,25319.7500000000
1789756315628,25318.2500000000,25318.7500000000
1789756316037,25319.2500000000,25319.7500000000
1789756316236,25320.2500000000,25320.7500000000
1789756316640,25319.2500000000,25319.7500000000
1789756317654,25320.2500000000,25320.7500000000
1789756318061,25321.2500000000,25321.7500000000
1789756319675,25322.2500000000,25322.7500000000
1789756320077,25321.2500000000,25321.7500000000
1789756321094,25322.2500000000,25322.7500000000
1789756323111,25320.2500000000,25320.7500000000
1789756323315,25321.2500000000,25321.7500000000
1789756325138,25322.2500000000,25322.7500000000
1789756327369,25320.2500000000,25320.7500000000
1789756331011,25319.2500000000,25319.7500000000
1789756331417,25320.2500000000,25320.7500000000
1789756331820,25318.2500000000,25318.7500000000
1789756332224,25319.2500000000,25319.7500000000
1789756332427,25320.2500000000,25320.7500000000
1789756332628,25319.2500000000,25319.7500000000
1789756333033,25320.2500000000,25320.7500000000
1789756333239,25321.2500000000,25321.7500000000
1789756333840,25320.2500000000,25320.7500000000
1789756334450,25319.2500000000,25319.7500000000
1789756334653,25318.2500000000,25318.7500000000
1789756334854,25317.2500000000,25317.7500000000
1789756336882,25316.2500000000,25316.7500000000
1789756339711,25315.2500000000,25315.7500000000
1789756340117,25314.2500000000,25314.7500000000
1789756340931,25312.2500000000,25312.7500000000
1789756341127,25313.2500000000,25313.7500000000
1789756342139,25314.2500000000,25314.7500000000
1789756342339,25313.2500000000,25313.7500000000
1789756345380,25312.2500000000,25312.7500000000
1789756345585,25313.2500000000,25313.7500000000
1789756346591,25312.2500000000,25312.7500000000
1789756346792,25311.2500000000,25311.7500000000
1789756347803,25312.2500000000,25312.7500000000
1789756348207,25313.2500000000,25313.7500000000
1789756348407,25311.2500000000,25311.7500000000
1789756348609,25312.2500000000,25312.7500000000
1789756350024,25313.2500000000,25313.7500000000
1789756350226,25312.2500000000,25312.7500000000
1789756350429,25313.2500000000,25313.7500000000
1789756351038,25314.2500000000,25314.7500000000
1789756351239,25315.2500000000,25315.7500000000
1789756351641,25313.2500000000,25313.7500000000
1789756352247,25312.2500000000,25312.7500000000
1789756352654,25313.2500000000,25313.7500000000
1789756353065,25312.2500000000,25312.7500000000
1789756353262,25311.2500000000,25311.7500000000
1789756353463,25312.2500000000,25312.7500000000
1789756354070,25311.2500000000,25311.7500000000
1789756354274,25310.2500000000,25310.7500000000
1789756354476,25311.2500000000,25311.7500000000
1789756355489,25310.2500000000,25310.7500000000
1789756355897,25311.2500000000,25311.7500000000
1789756356701,25310.2500000000,25310.7500000000
1789756357307,25311.2500000000,25311.7500000000
1789756359131,25312.2500000000,25312.7500000000
1789756360948,25314.2500000000,25314.7500000000
1789756361355,25313.2500000000,25313.7500000000
1789756361765,25314.2500000000,25314.7500000000
1789756364597,25315.2500000000,25315.7500000000
1789756365002,25316.2500000000,25316.7500000000
1789756370263,25317.2500000000,25317.7500000000
1789756370675,25314.2500000000,25314.7500000000
1789756374105,25315.2500000000,25315.7500000000
1789756374311,25317.2500000000,25317.7500000000
1789756377141,25316.2500000000,25316.7500000000
1789756377341,25317.2500000000,25317.7500000000
1789756377747,25316.2500000000,25316.7500000000
1789756378556,25317.2500000000,25317.7500000000
1789756379568,25316.2500000000,25316.7500000000
1789756379972,25315.2500000000,25315.7500000000
1789756380582,25315.2500000000,25315.7500000000
1789756380786,25314.2500000000,25314.7500000000
1789756382805,25315.2500000000,25315.7500000000
1789756384832,25313.2500000000,25313.7500000000
1789756385035,25311.2500000000,25311.7500000000
1789756385239,25312.2500000000,25312.7500000000
1789756385641,25313.2500000000,25313.7500000000
1789756385848,25314.2500000000,25314.7500000000
1789756386245,25313.2500000000,25313.7500000000
1789756386447,25314.2500000000,25314.7500000000
1789756387055,25315.2500000000,25315.7500000000
1789756387461,25316.2500000000,25316.7500000000
1789756387660,25315.2500000000,25315.7500000000
1789756389079,25312.2500000000,25312.7500000000
1789756389483,25313.2500000000,25313.7500000000
1789756390695,25312.2500000000,25312.7500000000
1789756390900,25313.2500000000,25313.7500000000
1789756391309,25309.2500000000,25309.7500000000
1789756391514,25310.2500000000,25310.7500000000
1789756391909,25311.2500000000,25311.7500000000
1789756392315,25313.2500000000,25313.7500000000
1789756393733,25312.2500000000,25312.7500000000
1789756396769,25313.2500000000,25313.7500000000
1789756396968,25314.2500000000,25314.7500000000
1789756397979,25315.2500000000,25315.7500000000
1789756398182,25313.2500000000,25313.7500000000
1789756398383,25314.2500000000,25314.7500000000
1789756398583,25315.2500000000,25315.7500000000
1789756399191,25314.2500000000,25314.7500000000
1789756399594,25313.2500000000,25313.7500000000
1789756400409,25312.2500000000,25312.7500000000
1789756401017,25315.2500000000,25315.7500000000
1789756402223,25314.2500000000,25314.7500000000
1789756404653,25313.2500000000,25313.7500000000
1789756406475,25314.2500000000,25314.7500000000
1789756406675,25315.2500000000,25315.7500000000
1789756407482,25314.2500000000,25314.7500000000
1789756407684,25315.2500000000,25315.7500000000
1789756408695,25316.2500000000,25316.7500000000
1789756408898,25315.2500000000,25315.7500000000
1789756409099,25316.2500000000,25316.7500000000
1789756413151,25315.2500000000,25315.7500000000
1789756415788,25316.2500000000,25316.7500000000
1789756416192,25317.2500000000,25317.7500000000
1789756416998,25315.2500000000,25315.7500000000
1789756417205,25316.2500000000,25316.7500000000
1789756417603,25318.2500000000,25318.7500000000
1789756418617,25319.2500000000,25319.7500000000
1789756419831,25320.2500000000,25320.7500000000
1789756420033,25319.2500000000,25319.7500000000
1789756420436,25320.2500000000,25320.7500000000
1789756420641,25319.2500000000,25319.7500000000
1789756421045,25320.2500000000,25320.7500000000
1789756421248,25321.2500000000,25321.7500000000
1789756422665,25322.2500000000,25322.7500000000
1789756422865,25321.2500000000,25321.7500000000
1789756423677,25322.2500000000,25322.7500000000
1789756424081,25323.2500000000,25323.7500000000
1789756424281,25322.2500000000,25322.7500000000
1789756425091,25323.2500000000,25323.7500000000
1789756428731,25325.2500000000,25325.7500000000
1789756429136,25326.2500000000,25326.7500000000
1789756430148,25327.2500000000,25327.7500000000
1789756431160,25326.2500000000,25326.7500000000
1789756431565,25327.2500000000,25327.7500000000
1789756431764,25326.2500000000,25326.7500000000
1789756432573,25327.2500000000,25327.7500000000
1789756433384,25329.2500000000,25329.7500000000
1789756433583,25327.2500000000,25327.7500000000
1789756433786,25328.2500000000,25328.7500000000
1789756433993,25329.2500000000,25329.7500000000
1789756434594,25327.2500000000,25327.7500000000
1789756436011,25326.2500000000,25326.7500000000
1789756437432,25325.2500000000,25325.7500000000
1789756438649,25326.2500000000,25326.7500000000
1789756438848,25327.2500000000,25327.7500000000
1789756439655,25328.2500000000,25328.7500000000
1789756440062,25329.2500000000,25329.7500000000
1789756440266,25331.2500000000,25331.7500000000
1789756440468,25330.2500000000,25330.7500000000
1789756440667,25329.2500000000,25329.7500000000
1789756440876,25325.2500000000,25325.7500000000
1789756441677,25326.2500000000,25326.7500000000
1789756441881,25327.2500000000,25327.7500000000
1789756442082,25328.2500000000,25328.7500000000
1789756442282,25329.2500000000,25329.7500000000
1789756442689,25328.2500000000,25328.7500000000
1789756443301,25329.2500000000,25329.7500000000
1789756443499,25330.2500000000,25330.7500000000
1789756443704,25329.2500000000,25329.7500000000
1789756443909,25328.2500000000,25328.7500000000
1789756444107,25327.2500000000,25327.7500000000
1789756444312,25328.2500000000,25328.7500000000
1789756444511,25327.2500000000,25327.7500000000
1789756444922,25326.2500000000,25326.7500000000
1789756445523,25325.2500000000,25325.7500000000
1789756445727,25324.2500000000,25324.7500000000
1789756445932,25322.2500000000,25322.7500000000
1789756447751,25320.2500000000,25320.7500000000
1789756447952,25321.2500000000,25321.7500000000
1789756448156,25320.2500000000,25320.7500000000
1789756448560,25319.2500000000,25319.7500000000
1789756448762,25317.2500000000,25317.7500000000
1789756449576,25320.2500000000,25320.7500000000
1789756449779,25321.2500000000,25321.7500000000
1789756450990,25322.2500000000,25322.7500000000
1789756451396,25321.2500000000,25321.7500000000
1789756451600,25320.2500000000,25320.7500000000
1789756452812,25319.2500000000,25319.7500000000
1789756453014,25320.2500000000,25320.7500000000
1789756453218,25321.2500000000,25321.7500000000
1789756453622,25322.2500000000,25322.7500000000
1789756454432,25323.2500000000,25323.7500000000
1789756454635,25322.2500000000,25322.7500000000
1789756455041,25323.2500000000,25323.7500000000
1789756455442,25322.2500000000,25322.7500000000
1789756456855,25323.2500000000,25323.7500000000
1789756457056,25322.2500000000,25322.7500000000
1789756457258,25323.2500000000,25323.7500000000
1789756457464,25322.2500000000,25322.7500000000
1789756457663,25320.2500000000,25320.7500000000
1789756457865,25321.2500000000,25321.7500000000
1789756458068,25319.2500000000,25319.7500000000
1789756458270,25318.2500000000,25318.7500000000
1789756458476,25320.2500000000,25320.7500000000
1789756459082,25321.2500000000,25321.7500000000
1789756460096,25320.2500000000,25320.7500000000
1789756460495,25319.2500000000,25319.7500000000
1789756460898,25318.2500000000,25318.7500000000
1789756461706,25317.2500000000,25317.7500000000
1789756462111,25315.2500000000,25315.7500000000
1789756462315,25314.2500000000,25314.7500000000
1789756462515,25317.2500000000,25317.7500000000
1789756462718,25316.2500000000,25316.7500000000
1789756462923,25317.2500000000,25317.7500000000
1789756463124,25318.2500000000,25318.7500000000
1789756463328,25317.2500000000,25317.7500000000
1789756464137,25318.2500000000,25318.7500000000
1789756464741,25319.2500000000,25319.7500000000
1789756465146,25321.2500000000,25321.7500000000
1789756465348,25323.2500000000,25323.7500000000
1789756465755,25324.2500000000,25324.7500000000
1789756465960,25323.2500000000,25323.7500000000
1789756466156,25324.2500000000,25324.7500000000
1789756467572,25323.2500000000,25323.7500000000
1789756467977,25324.2500000000,25324.7500000000
1789756468180,25323.2500000000,25323.7500000000
1789756468994,25321.2500000000,25321.7500000000
1789756469398,25320.2500000000,25320.7500000000
1789756469799,25321.2500000000,25321.7500000000
1789756470606,25322.2500000000,25322.7500000000
1789756471822,25324.2500000000,25324.7500000000
1789756473437,25325.2500000000,25325.7500000000
1789756473641,25324.2500000000,25324.7500000000
1789756475463,25325.2500000000,25325.7500000000
1789756475664,25324.2500000000,25324.7500000000
1789756476073,25322.2500000000,25322.7500000000
1789756476270,25321.2500000000,25321.7500000000
1789756476878,25322.2500000000,25322.7500000000
1789756477282,25321.2500000000,25321.7500000000
1789756477689,25326.2500000000,25326.7500000000
1789756478298,25324.2500000000,25324.7500000000
1789756478504,25325.2500000000,25325.7500000000
1789756478702,25324.2500000000,25324.7500000000
1789756479508,25325.2500000000,25325.7500000000
1789756479715,25326.2500000000,25326.7500000000
1789756479914,25323.2500000000,25323.7500000000
1789756480724,25324.2500000000,25324.7500000000
1789756480925,25323.2500000000,25323.7500000000
1789756481530,25324.2500000000,25324.7500000000
1789756482140,25323.2500000000,25323.7500000000
1789756482541,25322.2500000000,25322.7500000000
1789756483147,25321.2500000000,25321.7500000000
1789756483554,25320.2500000000,25320.7500000000
1789756483753,25319.2500000000,25319.7500000000
1789756483955,25320.2500000000,25320.7500000000
1789756484564,25321.2500000000,25321.7500000000
1789756484972,25320.2500000000,25320.7500000000
1789756485176,25321.2500000000,25321.7500000000
1789756485373,25322.2500000000,25322.7500000000
1789756485576,25321.2500000000,25321.7500000000
1789756485782,25322.2500000000,25322.7500000000
1789756486183,25323.2500000000,25323.7500000000
1789756486389,25325.2500000000,25325.7500000000
1789756486794,25324.2500000000,25324.7500000000
1789756487799,25322.2500000000,25322.7500000000
1789756488406,25324.2500000000,25324.7500000000
1789756488604,25323.2500000000,25323.7500000000
1789756488809,25324.2500000000,25324.7500000000
1789756489212,25323.2500000000,25323.7500000000
1789756489420,25322.2500000000,25322.7500000000
1789756490021,25320.2500000000,25320.7500000000
1789756490424,25321.2500000000,25321.7500000000
1789756490627,25322.2500000000,25322.7500000000
1789756490828,25321.2500000000,25321.7500000000
1789756491233,25322.2500000000,25322.7500000000
1789756492042,25321.2500000000,25321.7500000000
1789756492247,25322.2500000000,25322.7500000000
1789756492448,25320.2500000000,25320.7500000000
1789756492653,25321.2500000000,25321.7500000000
1789756492852,25322.2500000000,25322.7500000000
1789756493254,25321.2500000000,25321.7500000000
1789756493664,25323.2500000000,25323.7500000000
1789756493861,25322.2500000000,25322.7500000000
1789756494268,25324.2500000000,25324.7500000000
1789756494667,25325.2500000000,25325.7500000000
1789756494869,25326.2500000000,25326.7500000000
1789756495071,25325.2500000000,25325.7500000000
1789756495276,25327.2500000000,25327.7500000000
1789756495478,25329.2500000000,25329.7500000000
1789756495681,25330.2500000000,25330.7500000000
1789756495882,25329.2500000000,25329.7500000000
1789756496083,25328.2500000000,25328.7500000000
1789756496285,25330.2500000000,25330.7500000000
1789756497293,25331.2500000000,25331.7500000000
1789756497501,25332.2500000000,25332.7500000000
1789756497705,25333.2500000000,25333.7500000000
1789756499320,25332.2500000000,25332.7500000000
1789756499521,25333.2500000000,25333.7500000000
1789756499726,25332.2500000000,25332.7500000000
1789756499927,25330.2500000000,25330.7500000000
1789756500135,25327.2500000000,25327.7500000000
1789756500338,25326.2500000000,25326.7500000000
1789756500537,25325.2500000000,25325.7500000000
1789756500737,25324.2500000000,25324.7500000000
1789756500940,25325.2500000000,25325.7500000000
1789756501142,25326.2500000000,25326.7500000000
1789756501549,25325.2500000000,25325.7500000000
1789756502155,25324.2500000000,25324.7500000000
1789756502558,25322.2500000000,25322.7500000000
1789756502965,25323.2500000000,25323.7500000000
1789756503373,25325.2500000000,25325.7500000000
1789756504786,25326.2500000000,25326.7500000000
1789756504987,25327.2500000000,25327.7500000000
1789756505600,25326.2500000000,25326.7500000000
1789756506199,25325.2500000000,25325.7500000000
1789756506403,25324.2500000000,25324.7500000000
1789756507414,25325.2500000000,25325.7500000000
1789756507614,25326.2500000000,25326.7500000000
1789756509235,25325.2500000000,25325.7500000000
1789756509640,25326.2500000000,25326.7500000000
1789756509842,25327.2500000000,25327.7500000000
1789756510047,25329.2500000000,25329.7500000000
1789756510451,25328.2500000000,25328.7500000000
1789756510850,25327.2500000000,25327.7500000000
1789756511657,25328.2500000000,25328.7500000000
1789756511862,25327.2500000000,25327.7500000000
1789756512465,25328.2500000000,25328.7500000000
1789756512668,25327.2500000000,25327.7500000000
1789756513282,25325.2500000000,25325.7500000000
1789756513481,25326.2500000000,25326.7500000000
1789756513881,25328.2500000000,25328.7500000000
1789756515100,25329.2500000000,25329.7500000000
1789756516111,25330.2500000000,25330.7500000000
1789756516718,25331.2500000000,25331.7500000000
1789756516923,25329.2500000000,25329.7500000000
1789756517936,25327.2500000000,25327.7500000000
1789756518739,25325.2500000000,25325.7500000000
1789756519153,25324.2500000000,25324.7500000000
1789756519552,25325.2500000000,25325.7500000000
1789756519753,25324.2500000000,25324.7500000000
1789756520160,25325.2500000000,25325.7500000000
1789756520764,25327.2500000000,25327.7500000000
1789756520969,25328.2500000000,25328.7500000000
1789756521170,25329.2500000000,25329.7500000000
1789756521575,25328.2500000000,25328.7500000000
1789756521779,25329.2500000000,25329.7500000000
1789756522186,25330.2500000000,25330.7500000000
1789756523195,25331.2500000000,25331.7500000000
1789756523801,25329.2500000000,25329.7500000000
1789756524006,25330.2500000000,25330.7500000000
1789756524611,25331.2500000000,25331.7500000000
1789756524816,25330.2500000000,25330.7500000000
1789756525424,25329.2500000000,25329.7500000000
1789756526030,25330.2500000000,25330.7500000000
1789756526233,25332.2500000000,25332.7500000000
1789756526639,25331.2500000000,25331.7500000000
1789756527649,25330.2500000000,25330.7500000000
1789756528258,25329.2500000000,25329.7500000000
1789756528459,25327.2500000000,25327.7500000000
1789756528665,25328.2500000000,25328.7500000000
1789756529269,25329.2500000000,25329.7500000000
1789756529872,25330.2500000000,25330.7500000000
1789756530075,25329.2500000000,25329.7500000000
1789756530682,25328.2500000000,25328.7500000000
1789756532097,25327.2500000000,25327.7500000000
1789756532300,25326.2500000000,25326.7500000000
1789756532504,25327.2500000000,25327.7500000000
1789756532704,25328.2500000000,25328.7500000000
1789756533114,25327.2500000000,25327.7500000000
1789756533713,25326.2500000000,25326.7500000000
1789756534117,25330.2500000000,25330.7500000000
1789756535940,25331.2500000000,25331.7500000000
1789756536144,25330.2500000000,25330.7500000000
1789756536347,25331.2500000000,25331.7500000000
1789756536545,25330.2500000000,25330.7500000000
1789756536747,25327.2500000000,25327.7500000000
1789756537764,25326.2500000000,25326.7500000000
1789756538775,25327.2500000000,25327.7500000000
1789756539185,25326.2500000000,25326.7500000000
1789756540192,25324.2500000000,25324.7500000000
1789756540800,25323.2500000000,25323.7500000000
1789756541203,25324.2500000000,25324.7500000000
1789756544646,25325.2500000000,25325.7500000000
1789756544848,25324.2500000000,25324.7500000000
1789756545051,25325.2500000000,25325.7500000000
1789756545454,25324.2500000000,25324.7500000000
1789756545656,25325.2500000000,25325.7500000000
1789756545857,25324.2500000000,25324.7500000000
1789756546060,25323.2500000000,25323.7500000000
1789756548284,25324.2500000000,25324.7500000000
1789756549702,25323.2500000000,25323.7500000000
1789756550314,25324.2500000000,25324.7500000000
1789756550714,25325.2500000000,25325.7500000000
1789756551119,25324.2500000000,25324.7500000000
1789756552957,25325.2500000000,25325.7500000000
1789756553158,25324.2500000000,25324.7500000000
1789756553565,25325.2500000000,25325.7500000000
1789756553772,25324.2500000000,25324.7500000000
1789756553972,25325.2500000000,25325.7500000000
1789756554979,25326.2500000000,25326.7500000000
1789756555586,25325.2500000000,25325.7500000000
1789756555791,25326.2500000000,25326.7500000000
1789756557608,25327.2500000000,25327.7500000000
1789756557817,25328.2500000000,25328.7500000000
1789756558220,25329.2500000000,25329.7500000000
1789756558417,25328.2500000000,25328.7500000000
1789756560036,25329.2500000000,25329.7500000000
1789756560243,25328.2500000000,25328.7500000000
1789756560644,25329.2500000000,25329.7500000000
1789756561450,25327.2500000000,25327.7500000000
1789756562057,25328.2500000000,25328.7500000000
1789756562257,25327.2500000000,25327.7500000000
1789756564082,25326.2500000000,25326.7500000000
1789756564281,25327.2500000000,25327.7500000000
1789756564893,25326.2500000000,25326.7500000000
1789756565697,25327.2500000000,25327.7500000000
1789756566309,25326.2500000000,25326.7500000000
1789756567117,25327.2500000000,25327.7500000000
1789756567925,25328.2500000000,25328.7500000000
1789756568129,25327.2500000000,25327.7500000000
1789756568333,25328.2500000000,25328.7500000000
1789756569142,25327.2500000000,25327.7500000000
1789756572176,25326.2500000000,25326.7500000000
1789756572380,25327.2500000000,25327.7500000000
1789756575420,25328.2500000000,25328.7500000000
1789756576025,25327.2500000000,25327.7500000000
1789756576431,25326.2500000000,25326.7500000000
1789756580279,25322.2500000000,25322.7500000000
1789756580487,25323.2500000000,25323.7500000000
1789756581081,25324.2500000000,25324.7500000000
1789756582095,25325.2500000000,25325.7500000000
1789756582298,25326.2500000000,25326.7500000000
1789756582700,25327.2500000000,25327.7500000000
1789756586747,25328.2500000000,25328.7500000000
1789756586951,25329.2500000000,25329.7500000000
1789756587356,25330.2500000000,25330.7500000000
1789756587561,25329.2500000000,25329.7500000000
1789756587767,25330.2500000000,25330.7500000000
1789756587966,25329.2500000000,25329.7500000000
1789756589586,25330.2500000000,25330.7500000000
1789756590193,25331.2500000000,25331.7500000000
1789756590997,25330.2500000000,25330.7500000000
1789756591812,25331.2500000000,25331.7500000000
1789756592820,25330.2500000000,25330.7500000000
1789756593226,25331.2500000000,25331.7500000000
1789756593632,25333.2500000000,25333.7500000000
1789756594241,25334.2500000000,25334.7500000000
1789756596664,25335.2500000000,25335.7500000000
1789756600109,25336.2500000000,25336.7500000000
1789756600303,25335.2500000000,25335.7500000000
1789756604152,25334.2500000000,25334.7500000000
1789756604550,25335.2500000000,25335.7500000000
1789756605152,25336.2500000000,25336.7500000000
1789756605356,25335.2500000000,25335.7500000000
1789756606368,25334.2500000000,25334.7500000000
1789756607779,25333.2500000000,25333.7500000000
1789756607982,25334.2500000000,25334.7500000000
1789756608185,25335.2500000000,25335.7500000000
1789756608999,25333.2500000000,25333.7500000000
1789756609401,25332.2500000000,25332.7500000000
1789756612237,25331.2500000000,25331.7500000000
1789756612843,25332.2500000000,25332.7500000000
1789756616484,25333.2500000000,25333.7500000000
1789756617494,25332.2500000000,25332.7500000000
1789756617700,25333.2500000000,25333.7500000000
1789756618102,25332.2500000000,25332.7500000000
1789756619727,25333.2500000000,25333.7500000000
1789756620335,25333.2500000000,25333.7500000000
1789756620940,25334.2500000000,25334.7500000000
1789756621547,25333.2500000000,25333.7500000000
1789756623161,25334.2500000000,25334.7500000000
1789756624376,25335.2500000000,25335.7500000000
1789756625398,25334.2500000000,25334.7500000000
1789756626196,25331.2500000000,25331.7500000000
1789756626399,25330.2500000000,25330.7500000000
1789756626802,25331.2500000000,25331.7500000000
1789756628219,25330.2500000000,25330.7500000000
1789756628627,25331.2500000000,25331.7500000000
1789756628830,25330.2500000000,25330.7500000000
1789756631263,25331.2500000000,25331.7500000000
1789756632677,25330.2500000000,25330.7500000000
1789756633486,25329.2500000000,25329.7500000000
1789756634297,25330.2500000000,25330.7500000000
1789756634899,25329.2500000000,25329.7500000000
1789756635103,25328.2500000000,25328.7500000000
1789756635708,25327.2500000000,25327.7500000000
1789756638131,25324.2500000000,25324.7500000000
1789756638333,25325.2500000000,25325.7500000000
1789756638539,25324.2500000000,25324.7500000000
1789756639145,25323.2500000000,25323.7500000000
1789756639548,25322.2500000000,25322.7500000000
1789756642172,25323.2500000000,25323.7500000000
1789756642581,25322.2500000000,25322.7500000000
1789756642982,25323.2500000000,25323.7500000000
1789756644804,25324.2500000000,25324.7500000000
1789756646021,25323.2500000000,25323.7500000000
1789756646224,25322.2500000000,25322.7500000000
1789756648041,25323.2500000000,25323.7500000000
1789756650267,25322.2500000000,25322.7500000000
1789756651275,25323.2500000000,25323.7500000000
1789756651480,25321.2500000000,25321.7500000000
1789756651684,25322.2500000000,25322.7500000000
1789756652286,25321.2500000000,25321.7500000000
1789756654916,25320.2500000000,25320.7500000000
1789756655520,25321.2500000000,25321.7500000000
1789756656936,25320.2500000000,25320.7500000000
1789756657341,25321.2500000000,25321.7500000000
1789756657747,25320.2500000000,25320.7500000000
1789756664425,25322.2500000000,25322.7500000000
1789756665638,25321.2500000000,25321.7500000000
1789756666853,25320.2500000000,25320.7500000000
1789756668066,25319.2500000000,25319.7500000000
1789756670085,25320.2500000000,25320.7500000000
1789756670290,25321.2500000000,25321.7500000000
1789756670494,25320.2500000000,25320.7500000000
1789756672107,25321.2500000000,25321.7500000000
1789756672919,25320.2500000000,25320.7500000000
1789756680202,25320.2500000000,25320.7500000000
1789756681625,25321.2500000000,25321.7500000000
1789756681821,25320.2500000000,25320.7500000000
1789756684049,25319.2500000000,25319.7500000000
1789756684254,25320.2500000000,25320.7500000000
1789756685058,25319.2500000000,25319.7500000000
1789756686684,25318.2500000000,25318.7500000000
1789756691344,25319.2500000000,25319.7500000000
1789756691545,25317.2500000000,25317.7500000000
1789756691949,25318.2500000000,25318.7500000000
1789756692156,25317.2500000000,25317.7500000000
1789756693777,25316.2500000000,25316.7500000000
1789756695399,25317.2500000000,25317.7500000000
1789756695596,25316.2500000000,25316.7500000000
1789756697412,25315.2500000000,25315.7500000000
1789756697616,25314.2500000000,25314.7500000000
1789756698020,25313.2500000000,25313.7500000000
1789756699034,25312.2500000000,25312.7500000000
1789756702874,25310.2500000000,25310.7500000000
1789756703278,25309.2500000000,25309.7500000000
1789756704091,25308.2500000000,25308.7500000000
1789756704495,25309.2500000000,25309.7500000000
1789756704695,25308.2500000000,25308.7500000000
1789756705100,25310.2500000000,25310.7500000000
1789756706717,25309.2500000000,25309.7500000000
1789756706924,25310.2500000000,25310.7500000000
1789756707940,25308.2500000000,25308.7500000000
1789756708134,25309.2500000000,25309.7500000000
1789756712993,25308.2500000000,25308.7500000000
1789756713404,25309.2500000000,25309.7500000000
1789756714407,25310.2500000000,25310.7500000000
1789756714811,25309.2500000000,25309.7500000000
1789756715014,25311.2500000000,25311.7500000000
1789756717647,25312.2500000000,25312.7500000000
1789756718054,25311.2500000000,25311.7500000000
1789756725329,25310.2500000000,25310.7500000000
1789756726548,25309.2500000000,25309.7500000000
1789756729783,25308.2500000000,25308.7500000000
1789756731196,25307.2500000000,25307.7500000000
1789756731804,25306.2500000000,25306.7500000000
1789756732009,25307.2500000000,25307.7500000000
1789756732212,25308.2500000000,25308.7500000000
1789756736859,25309.2500000000,25309.7500000000
1789756737064,25308.2500000000,25308.7500000000
1789756738073,25309.2500000000,25309.7500000000
1789756738479,25308.2500000000,25308.7500000000
1789756740099,25309.2500000000,25309.7500000000
1789756740302,25308.2500000000,25308.7500000000
1789756740504,25309.2500000000,25309.7500000000
1789756743936,25310.2500000000,25310.7500000000
1789756746570,25312.2500000000,25312.7500000000
1789756746768,25313.2500000000,25313.7500000000
1789756750012,25312.2500000000,25312.7500000000
1789756750217,25311.2500000000,25311.7500000000
1789756752852,25310.2500000000,25310.7500000000
1789756754073,25308.2500000000,25308.7500000000
1789756757705,25307.2500000000,25307.7500000000
1789756758514,25308.2500000000,25308.7500000000
1789756759324,25307.2500000000,25307.7500000000
1789756760138,25306.2500000000,25306.7500000000
1789756768031,25305.2500000000,25305.7500000000
1789756768232,25306.2500000000,25306.7500000000
1789756770257,25305.2500000000,25305.7500000000
1789756771070,25306.2500000000,25306.7500000000
1789756773490,25305.2500000000,25305.7500000000
1789756775111,25304.2500000000,25304.7500000000
1789756776322,25303.2500000000,25303.7500000000
1789756776929,25304.2500000000,25304.7500000000
1789756777130,25303.2500000000,25303.7500000000
1789756779563,25304.2500000000,25304.7500000000
1789756779764,25303.2500000000,25303.7500000000
1789756780580,25302.2500000000,25302.7500000000
1789756786438,25303.2500000000,25303.7500000000
1789756787855,25301.2500000000,25301.7500000000
1789756788060,25302.2500000000,25302.7500000000
1789756789881,25303.2500000000,25303.7500000000
1789756790289,25302.2500000000,25302.7500000000
1789756790694,25303.2500000000,25303.7500000000
1789756791301,25302.2500000000,25302.7500000000
1789756792112,25303.2500000000,25303.7500000000
1789756792514,25302.2500000000,25302.7500000000
1789756792918,25303.2500000000,25303.7500000000
1789756793726,25302.2500000000,25302.7500000000
1789756794334,25303.2500000000,25303.7500000000
1789756795751,25304.2500000000,25304.7500000000
1789756797372,25303.2500000000,25303.7500000000
1789756797572,25304.2500000000,25304.7500000000
1789756797978,25303.2500000000,25303.7500000000
1789756798587,25304.2500000000,25304.7500000000
1789756799795,25303.2500000000,25303.7500000000
1789756800403,25303.2500000000,25303.7500000000
1789756800602,25302.2500000000,25302.7500000000
1789756801414,25301.2500000000,25301.7500000000
1789756801613,25300.2500000000,25300.7500000000
1789756802018,25301.2500000000,25301.7500000000
1789756802222,25303.2500000000,25303.7500000000
1789756802632,25304.2500000000,25304.7500000000
1789756804045,25301.2500000000,25301.7500000000
1789756804645,25302.2500000000,25302.7500000000
1789756804848,25301.2500000000,25301.7500000000
1789756806671,25300.2500000000,25300.7500000000
1789756815368,25299.2500000000,25299.7500000000
1789756815577,25300.2500000000,25300.7500000000
1789756817594,25299.2500000000,25299.7500000000
1789756818602,25300.2500000000,25300.7500000000
1789756820217,25299.2500000000,25299.7500000000
1789756820421,25301.2500000000,25301.7500000000
1789756820622,25302.2500000000,25302.7500000000
1789756824468,25304.2500000000,25304.7500000000
1789756826491,25303.2500000000,25303.7500000000
1789756826695,25304.2500000000,25304.7500000000
1789756827503,25303.2500000000,25303.7500000000
1789756827910,25304.2500000000,25304.7500000000
1789756828310,25303.2500000000,25303.7500000000
1789756829933,25304.2500000000,25304.7500000000
1789756831552,25303.2500000000,25303.7500000000
1789756832161,25304.2500000000,25304.7500000000
1789756833576,25303.2500000000,25303.7500000000
1789756833779,25304.2500000000,25304.7500000000
1789756835198,25305.2500000000,25305.7500000000
1789756835598,25304.2500000000,25304.7500000000
1789756837623,25303.2500000000,25303.7500000000
1789756839442,25301.2500000000,25301.7500000000
1789756839648,25302.2500000000,25302.7500000000
1789756840457,25303.2500000000,25303.7500000000
1789756840659,25302.2500000000,25302.7500000000
1789756843903,25303.2500000000,25303.7500000000
1789756844914,25304.2500000000,25304.7500000000
1789756845517,25303.2500000000,25303.7500000000
1789756846529,25304.2500000000,25304.7500000000
1789756847340,25303.2500000000,25303.7500000000
1789756847543,25302.2500000000,25302.7500000000
1789756847948,25301.2500000000,25301.7500000000
1789756849165,25300.2500000000,25300.7500000000
1789756849568,25301.2500000000,25301.7500000000
1789756850781,25300.2500000000,25300.7500000000
1789756852396,25301.2500000000,25301.7500000000
1789756854220,25302.2500000000,25302.7500000000
1789756854424,25303.2500000000,25303.7500000000
1789756855432,25304.2500000000,25304.7500000000
1789756857459,25302.2500000000,25302.7500000000
1789756860092,25303.2500000000,25303.7500000000
1789756860300,25302.2500000000,25302.7500000000
1789756860698,25303.2500000000,25303.7500000000
1789756860903,25302.2500000000,25302.7500000000
1789756861912,25303.2500000000,25303.7500000000
1789756863127,25306.2500000000,25306.7500000000
1789756863329,25305.2500000000,25305.7500000000
1789756863529,25306.2500000000,25306.7500000000
1789756864541,25307.2500000000,25307.7500000000
1789756865153,25306.2500000000,25306.7500000000
1789756865348,25307.2500000000,25307.7500000000
1789756865550,25308.2500000000,25308.7500000000
1789756870605,25309.2500000000,25309.7500000000
1789756870814,25308.2500000000,25308.7500000000
1789756871222,25309.2500000000,25309.7500000000
1789756872635,25308.2500000000,25308.7500000000
1789756875465,25307.2500000000,25307.7500000000
1789756875878,25308.2500000000,25308.7500000000
1789756876480,25307.2500000000,25307.7500000000
1789756885575,25308.2500000000,25308.7500000000
1789756887395,25309.2500000000,25309.7500000000
1789756891234,25308.2500000000,25308.7500000000
1789756894066,25309.2500000000,25309.7500000000
1789756894676,25308.2500000000,25308.7500000000
1789756894875,25309.2500000000,25309.7500000000
1789756896492,25308.2500000000,25308.7500000000
1789756903165,25309.2500000000,25309.7500000000
1789756903367,25310.2500000000,25310.7500000000
1789756905390,25309.2500000000,25309.7500000000
1789756905594,25310.2500000000,25310.7500000000
1789756906605,25311.2500000000,25311.7500000000
1789756909642,25312.2500000000,25312.7500000000
1789756909841,25311.2500000000,25311.7500000000
1789756917329,25310.2500000000,25310.7500000000
1789756918140,25309.2500000000,25309.7500000000
1789756918542,25310.2500000000,25310.7500000000
1789756918948,25311.2500000000,25311.7500000000
1789756920568,25312.2500000000,25312.7500000000
1789756922183,25311.2500000000,25311.7500000000
1789756922993,25312.2500000000,25312.7500000000
1789756923196,25313.2500000000,25313.7500000000
1789756923399,25312.2500000000,25312.7500000000
1789756923602,25313.2500000000,25313.7500000000
1789756924007,25312.2500000000,25312.7500000000
1789756924615,25313.2500000000,25313.7500000000
1789756924818,25314.2500000000,25314.7500000000
1789756926233,25313.2500000000,25313.7500000000
1789756927045,25314.2500000000,25314.7500000000
1789756927445,25313.2500000000,25313.7500000000
1789756927651,25312.2500000000,25312.7500000000
1789756927851,25313.2500000000,25313.7500000000
1789756928056,25312.2500000000,25312.7500000000
1789756928859,25313.2500000000,25313.7500000000
1789756929063,25312.2500000000,25312.7500000000
1789756930886,25313.2500000000,25313.7500000000
1789756932299,25314.2500000000,25314.7500000000
1789756934321,25315.2500000000,25315.7500000000
1789756934936,25314.2500000000,25314.7500000000
1789756935943,25315.2500000000,25315.7500000000
1789756936346,25314.2500000000,25314.7500000000
1789756936752,25315.2500000000,25315.7500000000
1789756937157,25314.2500000000,25314.7500000000
1789756937567,25315.2500000000,25315.7500000000
1789756940192,25316.2500000000,25316.7500000000
1789756941409,25317.2500000000,25317.7500000000
1789756943233,25316.2500000000,25316.7500000000
1789756946065,25314.2500000000,25314.7500000000
1789756947280,25315.2500000000,25315.7500000000
1789756948495,25314.2500000000,25314.7500000000
1789756950314,25315.2500000000,25315.7500000000
1789756950517,25314.2500000000,25314.7500000000
1789756952945,25315.2500000000,25315.7500000000
1789756954975,25314.2500000000,25314.7500000000
1789756959423,25313.2500000000,25313.7500000000
1789756959827,25314.2500000000,25314.7500000000
1789756960026,25313.2500000000,25313.7500000000
1789756960434,25314.2500000000,25314.7500000000
1789756962653,25313.2500000000,25313.7500000000
1789756964071,25312.2500000000,25312.7500000000
1789756964274,25310.2500000000,25310.7500000000
1789756964678,25311.2500000000,25311.7500000000
1789756970329,25312.2500000000,25312.7500000000
1789756971143,25313.2500000000,25313.7500000000
1789756972755,25314.2500000000,25314.7500000000
1789756974373,25312.2500000000,25312.7500000000
1789756975183,25313.2500000000,25313.7500000000
1789756977411,25314.2500000000,25314.7500000000
1789756980043,25315.2500000000,25315.7500000000
1789756980447,25314.2500000000,25314.7500000000
1789756987326,25313.2500000000,25313.7500000000
1789756989955,25312.2500000000,25312.7500000000
1789756993599,25313.2500000000,25313.7500000000
1789756994008,25314.2500000000,25314.7500000000
1789756995215,25315.2500000000,25315.7500000000
1789756995418,25313.2500000000,25313.7500000000
1789756997446,25312.2500000000,25312.7500000000
1789756998257,25313.2500000000,25313.7500000000
1789757001087,25312.2500000000,25312.7500000000
1789757002304,25313.2500000000,25313.7500000000
1789757003314,25312.2500000000,25312.7500000000
1789757003515,25313.2500000000,25313.7500000000
1789757010591,25314.2500000000,25314.7500000000
1789757011603,25315.2500000000,25315.7500000000
1789757011811,25314.2500000000,25314.7500000000
1789757012005,25313.2500000000,25313.7500000000
1789757012411,25312.2500000000,25312.7500000000
1789757014027,25313.2500000000,25313.7500000000
1789757017469,25312.2500000000,25312.7500000000
1789757017871,25313.2500000000,25313.7500000000
1789757021109,25314.2500000000,25314.7500000000
1789757021713,25313.2500000000,25313.7500000000
1789757024148,25312.2500000000,25312.7500000000
1789757025150,25313.2500000000,25313.7500000000
1789757025353,25311.2500000000,25311.7500000000
1789757027379,25310.2500000000,25310.7500000000
1789757031626,25309.2500000000,25309.7500000000
1789757035275,25310.2500000000,25310.7500000000
1789757035478,25312.2500000000,25312.7500000000
1789757035676,25311.2500000000,25311.7500000000
1789757036281,25312.2500000000,25312.7500000000
1789757036888,25311.2500000000,25311.7500000000
1789757037293,25312.2500000000,25312.7500000000
1789757039514,25311.2500000000,25311.7500000000
1789757039714,25312.2500000000,25312.7500000000
1789757039916,25311.2500000000,25311.7500000000
1789757040120,25312.2500000000,25312.7500000000
1789757040928,25311.2500000000,25311.7500000000
1789757041732,25312.2500000000,25312.7500000000
1789757043555,25313.2500000000,25313.7500000000
1789757043960,25312.2500000000,25312.7500000000
1789757045576,25313.2500000000,25313.7500000000
1789757045785,25312.2500000000,25312.7500000000
1789757048415,25311.2500000000,25311.7500000000
1789757048620,25312.2500000000,25312.7500000000
1789757053069,25311.2500000000,25311.7500000000
1789757053268,25310.2500000000,25310.7500000000
1789757055299,25309.2500000000,25309.7500000000
1789757061360,25310.2500000000,25310.7500000000
1789757062776,25309.2500000000,25309.7500000000
1789757064794,25308.2500000000,25308.7500000000
1789757064997,25309.2500000000,25309.7500000000
1789757065199,25310.2500000000,25310.7500000000
1789757070255,25311.2500000000,25311.7500000000
1789757071265,25310.2500000000,25310.7500000000
1789757071468,25311.2500000000,25311.7500000000
1789757071874,25310.2500000000,25310.7500000000
1789757072081,25311.2500000000,25311.7500000000
1789757074304,25312.2500000000,25312.7500000000
1789757075113,25311.2500000000,25311.7500000000
1789757076326,25312.2500000000,25312.7500000000
1789757079967,25313.2500000000,25313.7500000000
1789757080578,25314.2500000000,25314.7500000000
1789757083004,25313.2500000000,25313.7500000000
1789757083808,25314.2500000000,25314.7500000000
1789757085427,25313.2500000000,25313.7500000000
1789757086035,25314.2500000000,25314.7500000000
1789757086647,25313.2500000000,25313.7500000000
1789757088056,25312.2500000000,25312.7500000000
1789757094526,25313.2500000000,25313.7500000000
1789757094725,25312.2500000000,25312.7500000000
1789757096543,25311.2500000000,25311.7500000000
1789757097150,25312.2500000000,25312.7500000000
1789757098565,25311.2500000000,25311.7500000000
1789757098771,25312.2500000000,25312.7500000000
1789757100390,25312.2500000000,25312.7500000000
1789757100796,25313.2500000000,25313.7500000000
1789757101406,25314.2500000000,25314.7500000000
1789757101811,25315.2500000000,25315.7500000000
1789757110117,25314.2500000000,25314.7500000000
1789757110722,25313.2500000000,25313.7500000000
1789757110927,25314.2500000000,25314.7500000000
1789757111339,25313.2500000000,25313.7500000000
1789757111939,25314.2500000000,25314.7500000000
1789757112345,25313.2500000000,25313.7500000000
1789757116589,25314.2500000000,25314.7500000000
1789757118003,25315.2500000000,25315.7500000000
1789757121449,25314.2500000000,25314.7500000000
1789757121849,25313.2500000000,25313.7500000000
1789757122253,25314.2500000000,25314.7500000000
1789757123266,25315.2500000000,25315.7500000000
1789757123474,25314.2500000000,25314.7500000000
1789757126504,25313.2500000000,25313.7500000000
1789757126909,25312.2500000000,25312.7500000000
1789757127105,25313.2500000000,25313.7500000000
1789757127308,25312.2500000000,25312.7500000000
1789757129530,25313.2500000000,25313.7500000000
1789757132364,25314.2500000000,25314.7500000000
1789757132563,25313.2500000000,25313.7500000000
1789757133170,25314.2500000000,25314.7500000000
1789757136203,25313.2500000000,25313.7500000000
1789757138022,25312.2500000000,25312.7500000000
1789757142068,25311.2500000000,25311.7500000000
1789757142271,25312.2500000000,25312.7500000000
1789757154832,25311.2500000000,25311.7500000000
1789757155035,25312.2500000000,25312.7500000000
1789757155239,25311.2500000000,25311.7500000000
1789757155644,25312.2500000000,25312.7500000000
1789757158473,25310.2500000000,25310.7500000000
1789757158676,25311.2500000000,25311.7500000000
1789757160496,25311.2500000000,25311.7500000000
1789757163324,25312.2500000000,25312.7500000000
1789757165955,25311.2500000000,25311.7500000000
1789757167175,25312.2500000000,25312.7500000000
1789757169807,25311.2500000000,25311.7500000000
1789757171632,25312.2500000000,25312.7500000000
1789757172240,25311.2500000000,25311.7500000000
1789757172439,25312.2500000000,25312.7500000000
1789757173656,25313.2500000000,25313.7500000000
1789757175077,25314.2500000000,25314.7500000000
1789757175276,25313.2500000000,25313.7500000000
1789757179529,25312.2500000000,25312.7500000000
1789757182160,25313.2500000000,25313.7500000000
1789757184181,25312.2500000000,25312.7500000000
1789757185999,25313.2500000000,25313.7500000000
1789757190040,25312.2500000000,25312.7500000000
1789757190248,25313.2500000000,25313.7500000000
1789757195904,25312.2500000000,25312.7500000000
1789757196915,25313.2500000000,25313.7500000000
1789757198739,25311.2500000000,25311.7500000000
1789757199748,25313.2500000000,25313.7500000000
1789757207627,25312.2500000000,25312.7500000000
1789757208033,25311.2500000000,25311.7500000000
1789757208637,25312.2500000000,25312.7500000000
1789757209447,25311.2500000000,25311.7500000000
1789757216526,25314.2500000000,25314.7500000000
1789757220773,25314.2500000000,25314.7500000000
1789757222795,25316.2500000000,25316.7500000000
1789757224819,25315.2500000000,25315.7500000000
1789757226841,25316.2500000000,25316.7500000000
1789757231097,25317.2500000000,25317.7500000000
1789757232106,25318.2500000000,25318.7500000000
1789757233118,25319.2500000000,25319.7500000000
1789757233319,25318.2500000000,25318.7500000000
1789757234127,25317.2500000000,25317.7500000000
1789757234335,25316.2500000000,25316.7500000000
1789757234736,25317.2500000000,25317.7500000000
1789757235143,25318.2500000000,25318.7500000000
1789757235956,25317.2500000000,25317.7500000000
1789757237977,25318.2500000000,25318.7500000000
1789757241818,25317.2500000000,25317.7500000000
1789757245666,25316.2500000000,25316.7500000000
1789757245867,25317.2500000000,25317.7500000000
1789757246479,25316.2500000000,25316.7500000000
1789757248906,25317.2500000000,25317.7500000000
1789757249515,25318.2500000000,25318.7500000000
1789757249714,25319.2500000000,25319.7500000000
1789757249914,25318.2500000000,25318.7500000000
1789757250319,25317.2500000000,25317.7500000000
1789757253152,25316.2500000000,25316.7500000000
1789757253763,25315.2500000000,25315.7500000000
1789757259217,25314.2500000000,25314.7500000000
1789757260427,25313.2500000000,25313.7500000000
1789757261234,25312.2500000000,25312.7500000000
1789757271749,25311.2500000000,25311.7500000000
1789757272153,25312.2500000000,25312.7500000000
1789757272960,25311.2500000000,25311.7500000000
1789757273566,25312.2500000000,25312.7500000000
1789757273775,25311.2500000000,25311.7500000000
1789757279432,25313.2500000000,25313.7500000000
1789757279837,25312.2500000000,25312.7500000000
1789757280653,25313.2500000000,25313.7500000000
1789757281057,25312.2500000000,25312.7500000000
1789757285917,25313.2500000000,25313.7500000000
1789757286129,25312.2500000000,25312.7500000000
1789757287539,25311.2500000000,25311.7500000000
1789757287746,25312.2500000000,25312.7500000000
1789757290169,25311.2500000000,25311.7500000000
1789757290378,25312.2500000000,25312.7500000000
1789757292198,25311.2500000000,25311.7500000000
1789757292402,25312.2500000000,25312.7500000000
1789757292605,25311.2500000000,25311.7500000000
1789757293010,25312.2500000000,25312.7500000000
1789757294221,25313.2500000000,25313.7500000000
1789757295231,25312.2500000000,25312.7500000000
1789757301304,25313.2500000000,25313.7500000000
1789757301701,25312.2500000000,25312.7500000000
1789757305947,25310.2500000000,25310.7500000000
1789757306153,25309.2500000000,25309.7500000000
1789757308571,25308.2500000000,25308.7500000000
1789757309787,25309.2500000000,25309.7500000000
1789757310593,25310.2500000000,25310.7500000000
1789757311610,25309.2500000000,25309.7500000000
1789757312624,25310.2500000000,25310.7500000000
1789757317066,25309.2500000000,25309.7500000000
1789757317269,25310.2500000000,25310.7500000000
1789757320714,25309.2500000000,25309.7500000000
1789757321322,25310.2500000000,25310.7500000000
1789757325764,25311.2500000000,25311.7500000000
1789757330016,25312.2500000000,25312.7500000000
1789757337098,25313.2500000000,25313.7500000000
1789757337294,25312.2500000000,25312.7500000000
1789757340323,25312.2500000000,25312.7500000000
1789757341948,25311.2500000000,25311.7500000000
1789757342352,25312.2500000000,25312.7500000000
1789757342552,25310.2500000000,25310.7500000000
1789757354703,25311.2500000000,25311.7500000000
1789757356524,25312.2500000000,25312.7500000000
1789757358945,25313.2500000000,25313.7500000000
1789757359353,25312.2500000000,25312.7500000000
1789757361577,25313.2500000000,25313.7500000000
1789757365825,25312.2500000000,25312.7500000000
1789757367035,25313.2500000000,25313.7500000000
1789757368250,25312.2500000000,25312.7500000000
1789757375538,25313.2500000000,25313.7500000000
1789757375738,25312.2500000000,25312.7500000000
1789757376146,25313.2500000000,25313.7500000000
1789757379175,25312.2500000000,25312.7500000000
1789757381804,25311.2500000000,25311.7500000000
1789757382010,25312.2500000000,25312.7500000000
1789757382817,25313.2500000000,25313.7500000000
1789757383222,25312.2500000000,25312.7500000000
1789757387467,25314.2500000000,25314.7500000000
1789757387872,25313.2500000000,25313.7500000000
1789757392728,25312.2500000000,25312.7500000000
1789757400215,25314.2500000000,25314.7500000000
1789757401421,25315.2500000000,25315.7500000000
1789757408701,25311.2500000000,25311.7500000000
1789757410322,25310.2500000000,25310.7500000000
1789757418224,25311.2500000000,25311.7500000000
1789757418831,25312.2500000000,25312.7500000000
1789757419437,25313.2500000000,25313.7500000000
1789757419641,25312.2500000000,25312.7500000000
1789757428140,25311.2500000000,25311.7500000000
1789757431776,25312.2500000000,25312.7500000000
1789757431977,25311.2500000000,25311.7500000000
1789757432183,25314.2500000000,25314.7500000000
1789757433391,25316.2500000000,25316.7500000000
1789757435013,25317.2500000000,25317.7500000000
1789757438445,25318.2500000000,25318.7500000000
1789757439458,25319.2500000000,25319.7500000000
1789757441279,25318.2500000000,25318.7500000000
1789757444919,25319.2500000000,25319.7500000000
1789757449368,25318.2500000000,25318.7500000000
1789757449774,25319.2500000000,25319.7500000000
1789757451190,25318.2500000000,25318.7500000000
1789757454423,25319.2500000000,25319.7500000000
1789757454625,25318.2500000000,25318.7500000000
1789757456242,25317.2500000000,25317.7500000000
1789757458468,25318.2500000000,25318.7500000000
1789757458668,25317.2500000000,25317.7500000000
1789757459284,25318.2500000000,25318.7500000000
1789757460289,25318.2500000000,25318.7500000000
1789757462107,25319.2500000000,25319.7500000000
1789757462512,25316.2500000000,25316.7500000000
1789757462712,25317.2500000000,25317.7500000000
1789757463118,25318.2500000000,25318.7500000000
1789757464332,25317.2500000000,25317.7500000000
1789757466556,25318.2500000000,25318.7500000000
1789757467767,25314.2500000000,25314.7500000000
1789757468170,25315.2500000000,25315.7500000000
1789757468373,25314.2500000000,25314.7500000000
1789757469795,25315.2500000000,25315.7500000000
1789757469998,25314.2500000000,25314.7500000000
1789757470402,25315.2500000000,25315.7500000000
1789757470606,25314.2500000000,25314.7500000000
1789757471610,25313.2500000000,25313.7500000000
1789757472217,25312.2500000000,25312.7500000000
1789757473228,25311.2500000000,25311.7500000000
1789757473430,25310.2500000000,25310.7500000000
1789757475655,25309.2500000000,25309.7500000000
1789757477477,25308.2500000000,25308.7500000000
1789757478089,25309.2500000000,25309.7500000000
1789757486379,25310.2500000000,25310.7500000000
1789757486987,25309.2500000000,25309.7500000000
1789757488402,25308.2500000000,25308.7500000000
1789757499334,25307.2500000000,25307.7500000000
1789757499740,25306.2500000000,25306.7500000000
1789757500139,25307.2500000000,25307.7500000000
1789757500947,25306.2500000000,25306.7500000000
1789757503372,25307.2500000000,25307.7500000000
1789757509035,25306.2500000000,25306.7500000000
1789757510448,25307.2500000000,25307.7500000000
1789757510651,25306.2500000000,25306.7500000000
1789757512274,25307.2500000000,25307.7500000000
1789757513687,25308.2500000000,25308.7500000000
1789757516515,25307.2500000000,25307.7500000000
1789757518135,25308.2500000000,25308.7500000000
1789757520161,25307.2500000000,25307.7500000000
1789757520361,25308.2500000000,25308.7500000000
1789757521374,25307.2500000000,25307.7500000000
1789757522793,25306.2500000000,25306.7500000000
1789757523201,25307.2500000000,25307.7500000000
1789757526237,25308.2500000000,25308.7500000000
1789757529268,25307.2500000000,25307.7500000000
1789757531699,25306.2500000000,25306.7500000000
1789757533118,25307.2500000000,25307.7500000000
1789757534735,25306.2500000000,25306.7500000000
1789757535344,25307.2500000000,25307.7500000000
1789757541605,25306.2500000000,25306.7500000000
1789757554351,25307.2500000000,25307.7500000000
1789757554758,25306.2500000000,25306.7500000000
1789757554955,25307.2500000000,25307.7500000000
1789757560012,25306.2500000000,25306.7500000000
1789757560416,25307.2500000000,25307.7500000000
1789757560822,25306.2500000000,25306.7500000000
1789757561433,25307.2500000000,25307.7500000000
1789757576382,25309.2500000000,25309.7500000000
1789757577796,25310.2500000000,25310.7500000000
1789757580226,25310.2500000000,25310.7500000000
1789757581238,25311.2500000000,25311.7500000000
1789757581647,25310.2500000000,25310.7500000000
1789757582046,25311.2500000000,25311.7500000000
1789757582249,25310.2500000000,25310.7500000000
1789757587713,25311.2500000000,25311.7500000000
1789757588321,25312.2500000000,25312.7500000000
1789757588524,25313.2500000000,25313.7500000000
1789757588724,25312.2500000000,25312.7500000000
1789757589532,25311.2500000000,25311.7500000000
1789757598025,25312.2500000000,25312.7500000000
1789757602476,25311.2500000000,25311.7500000000
1789757603489,25309.2500000000,25309.7500000000
1789757607131,25310.2500000000,25310.7500000000
1789757607336,25309.2500000000,25309.7500000000
1789757608140,25310.2500000000,25310.7500000000
1789757614217,25311.2500000000,25311.7500000000
1789757615020,25310.2500000000,25310.7500000000
1789757615428,25311.2500000000,25311.7500000000
1789757616844,25312.2500000000,25312.7500000000
1789757617043,25311.2500000000,25311.7500000000
1789757617244,25312.2500000000,25312.7500000000
1789757618258,25313.2500000000,25313.7500000000
1789757618458,25312.2500000000,25312.7500000000
1789757623513,25311.2500000000,25311.7500000000
1789757624528,25310.2500000000,25310.7500000000
1789757625737,25309.2500000000,25309.7500000000
1789757631597,25308.2500000000,25308.7500000000
1789757631801,25309.2500000000,25309.7500000000
1789757643542,25309.2500000000,25309.7500000000
1789757644751,25311.2500000000,25311.7500000000
1789757644950,25312.2500000000,25312.7500000000
1789757650013,25311.2500000000,25311.7500000000
1789757651427,25310.2500000000,25310.7500000000
1789757652031,25311.2500000000,25311.7500000000
1789757654255,25310.2500000000,25310.7500000000
1789757656075,25311.2500000000,25311.7500000000
1789757665579,25310.2500000000,25310.7500000000
1789757665983,25311.2500000000,25311.7500000000
1789757666185,25310.2500000000,25310.7500000000
1789757672447,25309.2500000000,25309.7500000000
1789757672647,25310.2500000000,25310.7500000000
1789757675479,25309.2500000000,25309.7500000000
1789757676903,25310.2500000000,25310.7500000000
1789757678115,25309.2500000000,25309.7500000000
1789757680538,25308.2500000000,25308.7500000000
1789757681148,25307.2500000000,25307.7500000000
1789757681355,25308.2500000000,25308.7500000000
1789757686201,25307.2500000000,25307.7500000000
1789757687009,25308.2500000000,25308.7500000000
1789757687617,25307.2500000000,25307.7500000000
1789757690048,25308.2500000000,25308.7500000000
1789757690250,25307.2500000000,25307.7500000000
1789757690660,25308.2500000000,25308.7500000000
1789757692881,25307.2500000000,25307.7500000000
1789757693897,25306.2500000000,25306.7500000000
1789757695512,25307.2500000000,25307.7500000000
1789757700176,25308.2500000000,25308.7500000000
1789757702190,25307.2500000000,25307.7500000000
1789757707455,25306.2500000000,25306.7500000000
1789757708469,25307.2500000000,25307.7500000000
1789757708676,25306.2500000000,25306.7500000000
1789757709080,25307.2500000000,25307.7500000000
1789757709280,25306.2500000000,25306.7500000000
1789757709480,25307.2500000000,25307.7500000000
1789757716357,25306.2500000000,25306.7500000000
1789757718170,25305.2500000000,25305.7500000000
1789757718374,25308.2500000000,25308.7500000000
1789757721809,25309.2500000000,25309.7500000000
1789757725450,25308.2500000000,25308.7500000000
1789757725654,25307.2500000000,25307.7500000000
1789757730113,25308.2500000000,25308.7500000000
1789757732127,25307.2500000000,25307.7500000000
1789757732329,25308.2500000000,25308.7500000000
1789757732532,25307.2500000000,25307.7500000000
1789757732934,25308.2500000000,25308.7500000000
1789757735762,25309.2500000000,25309.7500000000
1789757735964,25308.2500000000,25308.7500000000
1789757738182,25309.2500000000,25309.7500000000
1789757738385,25308.2500000000,25308.7500000000
1789757748702,25309.2500000000,25309.7500000000
1789757749917,25308.2500000000,25308.7500000000
1789757760855,25308.2500000000,25308.7500000000
1789757761265,25309.2500000000,25309.7500000000
1789757763686,25308.2500000000,25308.7500000000
1789757765306,25309.2500000000,25309.7500000000
1789757766521,25310.2500000000,25310.7500000000
1789757772392,25311.2500000000,25311.7500000000
1789757773811,25310.2500000000,25310.7500000000
1789757775627,25309.2500000000,25309.7500000000
1789757776839,25308.2500000000,25308.7500000000
1789757779067,25309.2500000000,25309.7500000000
1789757779879,25308.2500000000,25308.7500000000
1789757782307,25309.2500000000,25309.7500000000
1789757784941,25308.2500000000,25308.7500000000
1789757785947,25309.2500000000,25309.7500000000
1789757786154,25308.2500000000,25308.7500000000
1789757786353,25309.2500000000,25309.7500000000
1789757789789,25308.2500000000,25308.7500000000
1789757789997,25309.2500000000,25309.7500000000
1789757791006,25310.2500000000,25310.7500000000
1789757792626,25309.2500000000,25309.7500000000
1789757796259,25310.2500000000,25310.7500000000
1789757796665,25309.2500000000,25309.7500000000
1789757796867,25310.2500000000,25310.7500000000
1789757797475,25309.2500000000,25309.7500000000
1789757801529,25310.2500000000,25310.7500000000
1789757802946,25309.2500000000,25309.7500000000
1789757803148,25310.2500000000,25310.7500000000
1789757803355,25311.2500000000,25311.7500000000
1789757803551,25310.2500000000,25310.7500000000
1789757805983,25311.2500000000,25311.7500000000
1789757806182,25310.2500000000,25310.7500000000
1789757808811,25311.2500000000,25311.7500000000
1789757814476,25310.2500000000,25310.7500000000
1789757816299,25311.2500000000,25311.7500000000
1789757819537,25310.2500000000,25310.7500000000
1789757819740,25309.2500000000,25309.7500000000
1789757819940,25310.2500000000,25310.7500000000
1789757820143,25311.2500000000,25311.7500000000
1789757821156,25310.2500000000,25310.7500000000
1789757822372,25309.2500000000,25309.7500000000
1789757822775,25308.2500000000,25308.7500000000
1789757824188,25309.2500000000,25309.7500000000
1789757835119,25308.2500000000,25308.7500000000
1789757842799,25309.2500000000,25309.7500000000
1789757842997,25308.2500000000,25308.7500000000
1789757843203,25309.2500000000,25309.7500000000
1789757843807,25308.2500000000,25308.7500000000
1789757844009,25309.2500000000,25309.7500000000
1789757846232,25308.2500000000,25308.7500000000
1789757847448,25309.2500000000,25309.7500000000
1789757847649,25308.2500000000,25308.7500000000
1789757848055,25309.2500000000,25309.7500000000
1789757848256,25308.2500000000,25308.7500000000
1789757848867,25309.2500000000,25309.7500000000
1789757849069,25308.2500000000,25308.7500000000
1789757849270,25307.2500000000,25307.7500000000
1789757850279,25308.2500000000,25308.7500000000
1789757856755,25309.2500000000,25309.7500000000
1789757857365,25308.2500000000,25308.7500000000
1789757863622,25307.2500000000,25307.7500000000
1789757867464,25306.2500000000,25306.7500000000
1789757868070,25307.2500000000,25307.7500000000
1789757877586,25305.2500000000,25305.7500000000
1789757880212,25305.2500000000,25305.7500000000
1789757880413,25306.2500000000,25306.7500000000
1789757880615,25305.2500000000,25305.7500000000
1789757881225,25306.2500000000,25306.7500000000
1789757882436,25305.2500000000,25305.7500000000
1789757885265,25304.2500000000,25304.7500000000
1789757889516,25303.2500000000,25303.7500000000
1789757897204,25304.2500000000,25304.7500000000
1789757899020,25305.2500000000,25305.7500000000
1789757899221,25306.2500000000,25306.7500000000
1789757899429,25307.2500000000,25307.7500000000
1789757904684,25306.2500000000,25306.7500000000
1789757907108,25305.2500000000,25305.7500000000
1789757913785,25304.2500000000,25304.7500000000
1789757916206,25305.2500000000,25305.7500000000
1789757922273,25304.2500000000,25304.7500000000
1789757924088,25303.2500000000,25303.7500000000
1789757924692,25304.2500000000,25304.7500000000
1789757928948,25303.2500000000,25303.7500000000
1789757929147,25304.2500000000,25304.7500000000
1789757930564,25303.2500000000,25303.7500000000
1789757933192,25302.2500000000,25302.7500000000
1789757935214,25303.2500000000,25303.7500000000
1789757939263,25302.2500000000,25302.7500000000
1789757939467,25303.2500000000,25303.7500000000
1789757939869,25302.2500000000,25302.7500000000
1789757940070,25302.2500000000,25302.7500000000
1789757940677,25303.2500000000,25303.7500000000
1789757942901,25304.2500000000,25304.7500000000
1789757943108,25303.2500000000,25303.7500000000
1789757960897,25302.2500000000,25302.7500000000
1789757961100,25301.2500000000,25301.7500000000
1789757961305,25300.2500000000,25300.7500000000
1789757967369,25301.2500000000,25301.7500000000
1789757967771,25300.2500000000,25300.7500000000
1789757972020,25301.2500000000,25301.7500000000
1789757978297,25300.2500000000,25300.7500000000
1789757978505,25301.2500000000,25301.7500000000
1789757980931,25302.2500000000,25302.7500000000
1789757981127,25301.2500000000,25301.7500000000
1789757982542,25302.2500000000,25302.7500000000
1789757989828,25303.2500000000,25303.7500000000
1789757990030,25302.2500000000,25302.7500000000
1789757994082,25303.2500000000,25303.7500000000
1789757995091,25304.2500000000,25304.7500000000
1789757996709,25305.2500000000,25305.7500000000
1789758000358,25305.2500000000,25305.7500000000
1789758000559,25306.2500000000,25306.7500000000
1789758000969,25305.2500000000,25305.7500000000
1789758001572,25304.2500000000,25304.7500000000
1789758001977,25305.2500000000,25305.7500000000
1789758002378,25304.2500000000,25304.7500000000
1789758004813,25303.2500000000,25303.7500000000
1789758007846,25304.2500000000,25304.7500000000
1789758009257,25303.2500000000,25303.7500000000
1789758010275,25302.2500000000,25302.7500000000
1789758011081,25303.2500000000,25303.7500000000
1789758011491,25302.2500000000,25302.7500000000
1789758011894,25303.2500000000,25303.7500000000
1789758014923,25304.2500000000,25304.7500000000
1789758015125,25303.2500000000,25303.7500000000
1789758024221,25304.2500000000,25304.7500000000
1789758024422,25303.2500000000,25303.7500000000
1789758024628,25304.2500000000,25304.7500000000
1789758025231,25301.2500000000,25301.7500000000
1789758025436,25302.2500000000,25302.7500000000
1789758027460,25301.2500000000,25301.7500000000
1789758032523,25300.2500000000,25300.7500000000
1789758034550,25301.2500000000,25301.7500000000
1789758034744,25300.2500000000,25300.7500000000
1789758035756,25299.2500000000,25299.7500000000
1789758035959,25300.2500000000,25300.7500000000
1789758037778,25299.2500000000,25299.7500000000
1789758038188,25298.2500000000,25298.7500000000
1789758038384,25299.2500000000,25299.7500000000
1789758045463,25300.2500000000,25300.7500000000
1789758045665,25299.2500000000,25299.7500000000
1789758047283,25300.2500000000,25300.7500000000
1789758048497,25299.2500000000,25299.7500000000
1789758048902,25300.2500000000,25300.7500000000
1789758049909,25299.2500000000,25299.7500000000
1789758051934,25300.2500000000,25300.7500000000
1789758054562,25299.2500000000,25299.7500000000
1789758057391,25300.2500000000,25300.7500000000
1789758057592,25299.2500000000,25299.7500000000
1789758057998,25300.2500000000,25300.7500000000
1789758058200,25299.2500000000,25299.7500000000
1789758060631,25299.2500000000,25299.7500000000
1789758062855,25300.2500000000,25300.7500000000
1789758063259,25301.2500000000,25301.7500000000
1789758064469,25300.2500000000,25300.7500000000
1789758067299,25299.2500000000,25299.7500000000
1789758070120,25300.2500000000,25300.7500000000
1789758075185,25299.2500000000,25299.7500000000
1789758076189,25297.2500000000,25297.7500000000
1789758077603,25295.2500000000,25295.7500000000
1789758078624,25294.2500000000,25294.7500000000
1789758079226,25293.2500000000,25293.7500000000
1789758079831,25294.2500000000,25294.7500000000
1789758080235,25293.2500000000,25293.7500000000
1789758080838,25292.2500000000,25292.7500000000
1789758081243,25293.2500000000,25293.7500000000
1789758081443,25292.2500000000,25292.7500000000
1789758081650,25293.2500000000,25293.7500000000
1789758084277,25292.2500000000,25292.7500000000
1789758085489,25291.2500000000,25291.7500000000
1789758085890,25292.2500000000,25292.7500000000
1789758086093,25291.2500000000,25291.7500000000
1789758086295,25292.2500000000,25292.7500000000
1789758087918,25291.2500000000,25291.7500000000
1789758088925,25290.2500000000,25290.7500000000
1789758090339,25291.2500000000,25291.7500000000
1789758091962,25292.2500000000,25292.7500000000
1789758104296,25293.2500000000,25293.7500000000
1789758105300,25292.2500000000,25292.7500000000
1789758107322,25293.2500000000,25293.7500000000
1789758108944,25292.2500000000,25292.7500000000
1789758109547,25293.2500000000,25293.7500000000
1789758110358,25291.2500000000,25291.7500000000
1789758110563,25292.2500000000,25292.7500000000
1789758117045,25290.2500000000,25290.7500000000
1789758120082,25290.2500000000,25290.7500000000
1789758121494,25289.2500000000,25289.7500000000
1789758128165,25288.2500000000,25288.7500000000
1789758128368,25289.2500000000,25289.7500000000
1789758128771,25288.2500000000,25288.7500000000
1789758128974,25289.2500000000,25289.7500000000
1789758130805,25290.2500000000,25290.7500000000
1789758134641,25291.2500000000,25291.7500000000
1789758135651,25292.2500000000,25292.7500000000
1789758137678,25290.2500000000,25290.7500000000
1789758140301,25291.2500000000,25291.7500000000
1789758140504,25290.2500000000,25290.7500000000
1789758144351,25289.2500000000,25289.7500000000
1789758144550,25290.2500000000,25290.7500000000
1789758146975,25289.2500000000,25289.7500000000
1789758147380,25290.2500000000,25290.7500000000
1789758147789,25289.2500000000,25289.7500000000
1789758148999,25290.2500000000,25290.7500000000
1789758150417,25289.2500000000,25289.7500000000
1789758151023,25290.2500000000,25290.7500000000
1789758153652,25291.2500000000,25291.7500000000
1789758157496,25292.2500000000,25292.7500000000
1789758157703,25294.2500000000,25294.7500000000
1789758159722,25295.2500000000,25295.7500000000
1789758159923,25294.2500000000,25294.7500000000
1789758163360,25293.2500000000,25293.7500000000
1789758163566,25294.2500000000,25294.7500000000
1789758164982,25293.2500000000,25293.7500000000
1789758165588,25294.2500000000,25294.7500000000
1789758167809,25293.2500000000,25293.7500000000
1789758178728,25292.2500000000,25292.7500000000
1789758180145,25293.2500000000,25293.7500000000
1789758181965,25294.2500000000,25294.7500000000
1789758185809,25293.2500000000,25293.7500000000
1789758188838,25294.2500000000,25294.7500000000
1789758192692,25295.2500000000,25295.7500000000
1789758194510,25296.2500000000,25296.7500000000
1789758195727,25295.2500000000,25295.7500000000
1789758200375,25296.2500000000,25296.7500000000
1789758200783,25295.2500000000,25295.7500000000
1789758204418,25294.2500000000,25294.7500000000
1789758204619,25295.2500000000,25295.7500000000
1789758205835,25294.2500000000,25294.7500000000
1789758206039,25295.2500000000,25295.7500000000
1789758220397,25296.2500000000,25296.7500000000
1789758224636,25295.2500000000,25295.7500000000
1789758225041,25296.2500000000,25296.7500000000
1789758229695,25295.2500000000,25295.7500000000
1789758231105,25294.2500000000,25294.7500000000
1789758235350,25293.2500000000,25293.7500000000
1789758235754,25294.2500000000,25294.7500000000
1789758241621,25294.2500000000,25294.7500000000
1789758242632,25295.2500000000,25295.7500000000
1789758243241,25293.2500000000,25293.7500000000
1789758244055,25294.2500000000,25294.7500000000
1789758253157,25293.2500000000,25293.7500000000
1789758255177,25294.2500000000,25294.7500000000
1789758259220,25293.2500000000,25293.7500000000
1789758263468,25292.2500000000,25292.7500000000
1789758265286,25293.2500000000,25293.7500000000
1789758266296,25292.2500000000,25292.7500000000
1789758267106,25291.2500000000,25291.7500000000
1789758267507,25292.2500000000,25292.7500000000
1789758268320,25291.2500000000,25291.7500000000
1789758268724,25292.2500000000,25292.7500000000
1789758271355,25293.2500000000,25293.7500000000
1789758274794,25294.2500000000,25294.7500000000
1789758276208,25293.2500000000,25293.7500000000
1789758277016,25294.2500000000,25294.7500000000
1789758278232,25295.2500000000,25295.7500000000
1789758279042,25294.2500000000,25294.7500000000
1789758279238,25295.2500000000,25295.7500000000
1789758280451,25296.2500000000,25296.7500000000
1789758282071,25295.2500000000,25295.7500000000
1789758284298,25294.2500000000,25294.7500000000
1789758284500,25295.2500000000,25295.7500000000
1789758284706,25294.2500000000,25294.7500000000
1789758294615,25295.2500000000,25295.7500000000
1789758298251,25297.2500000000,25297.7500000000
1789758298860,25299.2500000000,25299.7500000000
1789758300476,25299.2500000000,25299.7500000000
1789758302498,25300.2500000000,25300.7500000000
1789758304521,25301.2500000000,25301.7500000000
1789758307758,25300.2500000000,25300.7500000000
1789758308567,25301.2500000000,25301.7500000000
1789758308769,25300.2500000000,25300.7500000000
1789758311811,25301.2500000000,25301.7500000000
1789758313829,25302.2500000000,25302.7500000000
1789758316658,25301.2500000000,25301.7500000000
1789758316861,25302.2500000000,25302.7500000000
1789758322317,25303.2500000000,25303.7500000000
1789758322518,25302.2500000000,25302.7500000000
1789758324946,25303.2500000000,25303.7500000000
1789758326363,25304.2500000000,25304.7500000000
1789758326968,25303.2500000000,25303.7500000000
1789758327172,25304.2500000000,25304.7500000000
1789758327979,25303.2500000000,25303.7500000000
1789758329599,25304.2500000000,25304.7500000000
1789758332020,25303.2500000000,25303.7500000000
1789758333440,25302.2500000000,25302.7500000000
1789758336471,25301.2500000000,25301.7500000000
1789758336875,25300.2500000000,25300.7500000000
1789758338087,25299.2500000000,25299.7500000000
1789758339097,25300.2500000000,25300.7500000000
1789758339301,25301.2500000000,25301.7500000000
1789758340920,25302.2500000000,25302.7500000000
1789758341328,25301.2500000000,25301.7500000000
1789758350839,25302.2500000000,25302.7500000000
1789758351041,25301.2500000000,25301.7500000000
1789758351649,25302.2500000000,25302.7500000000
1789758352280,25300.2500000000,25300.7500000000
1789758359968,25301.2500000000,25301.7500000000
1789758360168,25300.2500000000,25300.7500000000
1789758360775,25301.2500000000,25301.7500000000
1789758361178,25300.2500000000,25300.7500000000
1789758361382,25301.2500000000,25301.7500000000
1789758362188,25300.2500000000,25300.7500000000
1789758362395,25301.2500000000,25301.7500000000
1789758362593,25300.2500000000,25300.7500000000
1789758363810,25301.2500000000,25301.7500000000
1789758364009,25302.2500000000,25302.7500000000
1789758367652,25303.2500000000,25303.7500000000
1789758368056,25302.2500000000,25302.7500000000
1789758368260,25303.2500000000,25303.7500000000
1789758373725,25302.2500000000,25302.7500000000
1789758375546,25300.2500000000,25300.7500000000
1789758378584,25301.2500000000,25301.7500000000
1789758379591,25300.2500000000,25300.7500000000
1789758388083,25299.2500000000,25299.7500000000
1789758389906,25300.2500000000,25300.7500000000
1789758390316,25299.2500000000,25299.7500000000
1789758390513,25298.2500000000,25298.7500000000
1789758396384,25299.2500000000,25299.7500000000
1789758396788,25298.2500000000,25298.7500000000
1789758399009,25299.2500000000,25299.7500000000
1789758400219,25298.2500000000,25298.7500000000
1789758400428,25299.2500000000,25299.7500000000
1789758406897,25300.2500000000,25300.7500000000
1789758408925,25301.2500000000,25301.7500000000
1789758410133,25302.2500000000,25302.7500000000
1789758410542,25303.2500000000,25303.7500000000
1789758410739,25302.2500000000,25302.7500000000
1789758410944,25303.2500000000,25303.7500000000
1789758411951,25302.2500000000,25302.7500000000
1789758412153,25303.2500000000,25303.7500000000
1789758414180,25305.2500000000,25305.7500000000
1789758414587,25304.2500000000,25304.7500000000
1789758415398,25303.2500000000,25303.7500000000
1789758416212,25304.2500000000,25304.7500000000
1789758419445,25305.2500000000,25305.7500000000
1789758420456,25305.2500000000,25305.7500000000
1789758423288,25306.2500000000,25306.7500000000
1789758423491,25305.2500000000,25305.7500000000
1789758423692,25304.2500000000,25304.7500000000
1789758434007,25305.2500000000,25305.7500000000
1789758434210,25304.2500000000,25304.7500000000
1789758435222,25305.2500000000,25305.7500000000
1789758435832,25304.2500000000,25304.7500000000
1789758436234,25305.2500000000,25305.7500000000
1789758437449,25304.2500000000,25304.7500000000
1789758439472,25305.2500000000,25305.7500000000
1789758446959,25302.2500000000,25302.7500000000
1789758448982,25301.2500000000,25301.7500000000
1789758449794,25302.2500000000,25302.7500000000
1789758451413,25301.2500000000,25301.7500000000
1789758453428,25300.2500000000,25300.7500000000
1789758453636,25299.2500000000,25299.7500000000
1789758454040,25300.2500000000,25300.7500000000
1789758455660,25301.2500000000,25301.7500000000
1789758456063,25302.2500000000,25302.7500000000
1789758457473,25301.2500000000,25301.7500000000
1789758459700,25302.2500000000,25302.7500000000
1789758460506,25301.2500000000,25301.7500000000
1789758469613,25300.2500000000,25300.7500000000
1789758469812,25301.2500000000,25301.7500000000
1789758470823,25300.2500000000,25300.7500000000
1789758471027,25301.2500000000,25301.7500000000
1789758473448,25302.2500000000,25302.7500000000
1789758474260,25301.2500000000,25301.7500000000
1789758486410,25301.2500000000,25301.7500000000
1789758486608,25302.2500000000,25302.7500000000
1789758487216,25301.2500000000,25301.7500000000
1789758490652,25300.2500000000,25300.7500000000
1789758492070,25299.2500000000,25299.7500000000
1789758496525,25298.2500000000,25298.7500000000
1789758496730,25299.2500000000,25299.7500000000
1789758497133,25298.2500000000,25298.7500000000
1789758497336,25299.2500000000,25299.7500000000
1789758497743,25298.2500000000,25298.7500000000
1789758498554,25299.2500000000,25299.7500000000
1789758503001,25298.2500000000,25298.7500000000
1789758504822,25297.2500000000,25297.7500000000
1789758505832,25298.2500000000,25298.7500000000
1789758507447,25297.2500000000,25297.7500000000
1789758508057,25298.2500000000,25298.7500000000
1789758509268,25299.2500000000,25299.7500000000
1789758513519,25298.2500000000,25298.7500000000
1789758514326,25297.2500000000,25297.7500000000
1789758514529,25296.2500000000,25296.7500000000
1789758514730,25298.2500000000,25298.7500000000
1789758517776,25299.2500000000,25299.7500000000
1789758518379,25298.2500000000,25298.7500000000
1789758531519,25296.2500000000,25296.7500000000
1789758531721,25297.2500000000,25297.7500000000
1789758531924,25296.2500000000,25296.7500000000
1789758532329,25297.2500000000,25297.7500000000
1789758535367,25296.2500000000,25296.7500000000
1789758536783,25297.2500000000,25297.7500000000
1789758538805,25296.2500000000,25296.7500000000
1789758539209,25297.2500000000,25297.7500000000
1789758540223,25297.2500000000,25297.7500000000
1789758543055,25298.2500000000,25298.7500000000
1789758556608,25297.2500000000,25297.7500000000
1789758557412,25296.2500000000,25296.7500000000
1789758559038,25297.2500000000,25297.7500000000
1789758559240,25296.2500000000,25296.7500000000
1789758559642,25295.2500000000,25295.7500000000
1789758560046,25296.2500000000,25296.7500000000
1789758561868,25295.2500000000,25295.7500000000
1789758562270,25296.2500000000,25296.7500000000
1789758566517,25297.2500000000,25297.7500000000
1789758566726,25296.2500000000,25296.7500000000
1789758568746,25297.2500000000,25297.7500000000
1789758570154,25296.2500000000,25296.7500000000
1789758570358,25297.2500000000,25297.7500000000
1789758570762,25298.2500000000,25298.7500000000
1789758570968,25297.2500000000,25297.7500000000
1789758572177,25296.2500000000,25296.7500000000
1789758582306,25297.2500000000,25297.7500000000
1789758589379,25298.2500000000,25298.7500000000
1789758589579,25297.2500000000,25297.7500000000
1789758590189,25298.2500000000,25298.7500000000
1789758590792,25297.2500000000,25297.7500000000
1789758591802,25296.2500000000,25296.7500000000
1789758592006,25297.2500000000,25297.7500000000
1789758592814,25296.2500000000,25296.7500000000
1789758600301,25296.2500000000,25296.7500000000
1789758601314,25295.2500000000,25295.7500000000
1789758601519,25294.2500000000,25294.7500000000
1789758608798,25293.2500000000,25293.7500000000
1789758609808,25292.2500000000,25292.7500000000
1789758611429,25293.2500000000,25293.7500000000
1789758613257,25294.2500000000,25294.7500000000
1789758615074,25293.2500000000,25293.7500000000
1789758618713,25294.2500000000,25294.7500000000
1789758620536,25293.2500000000,25293.7500000000
1789758620739,25294.2500000000,25294.7500000000
1789758630655,25293.2500000000,25293.7500000000
1789758632470,25292.2500000000,25292.7500000000
1789758632876,25293.2500000000,25293.7500000000
1789758634698,25292.2500000000,25292.7500000000
1789758640981,25295.2500000000,25295.7500000000
1789758641176,25294.2500000000,25294.7500000000
1789758642792,25293.2500000000,25293.7500000000
1789758642993,25294.2500000000,25294.7500000000
1789758643398,25292.2500000000,25292.7500000000
1789758645218,25291.2500000000,25291.7500000000
1789758649470,25292.2500000000,25292.7500000000
1789758657961,25291.2500000000,25291.7500000000
1789758659174,25292.2500000000,25292.7500000000
1789758660587,25292.2500000000,25292.7500000000
1789758662007,25291.2500000000,25291.7500000000
1789758666449,25289.2500000000,25289.7500000000
1789758666654,25288.2500000000,25288.7500000000
1789758667056,25289.2500000000,25289.7500000000
1789758669279,25290.2500000000,25290.7500000000
1789758670900,25291.2500000000,25291.7500000000
1789758671308,25290.2500000000,25290.7500000000
1789758673132,25291.2500000000,25291.7500000000
1789758674343,25290.2500000000,25290.7500000000
1789758675962,25291.2500000000,25291.7500000000
1789758676971,25292.2500000000,25292.7500000000
1789758681822,25293.2500000000,25293.7500000000
1789758686473,25292.2500000000,25292.7500000000
1789758688092,25291.2500000000,25291.7500000000
1789758688300,25292.2500000000,25292.7500000000
1789758689713,25293.2500000000,25293.7500000000
1789758692336,25294.2500000000,25294.7500000000
1789758695566,25293.2500000000,25293.7500000000
1789758697596,25292.2500000000,25292.7500000000
1789758698000,25291.2500000000,25291.7500000000
1789758699817,25292.2500000000,25292.7500000000
1789758700423,25291.2500000000,25291.7500000000
1789758702448,25292.2500000000,25292.7500000000
1789758702649,25291.2500000000,25291.7500000000
1789758703458,25292.2500000000,25292.7500000000
1789758703660,25291.2500000000,25291.7500000000
1789758705685,25292.2500000000,25292.7500000000
1789758709532,25293.2500000000,25293.7500000000
1789758712161,25291.2500000000,25291.7500000000
1789758715003,25292.2500000000,25292.7500000000
1789758720456,25293.2500000000,25293.7500000000
1789758722281,25291.2500000000,25291.7500000000
1789758724304,25292.2500000000,25292.7500000000
1789758727745,25293.2500000000,25293.7500000000
1789758727948,25292.2500000000,25292.7500000000
1789758728353,25293.2500000000,25293.7500000000
1789758728756,25292.2500000000,25292.7500000000
1789758729566,25293.2500000000,25293.7500000000
1789758730783,25292.2500000000,25292.7500000000
1789758733418,25291.2500000000,25291.7500000000
1789758747572,25290.2500000000,25290.7500000000
1789758749191,25292.2500000000,25292.7500000000
1789758757691,25290.2500000000,25290.7500000000
1789758758096,25291.2500000000,25291.7500000000
1789758765975,25292.2500000000,25292.7500000000
1789758766382,25291.2500000000,25291.7500000000
1789758769010,25292.2500000000,25292.7500000000
1789758769627,25293.2500000000,25293.7500000000
1789758782967,25294.2500000000,25294.7500000000
1789758783573,25293.2500000000,25293.7500000000
1789758784178,25294.2500000000,25294.7500000000
1789758785796,25293.2500000000,25293.7500000000
1789758787614,25294.2500000000,25294.7500000000
1789758787818,25293.2500000000,25293.7500000000
1789758788623,25292.2500000000,25292.7500000000
1789758795713,25291.2500000000,25291.7500000000
1789758802785,25292.2500000000,25292.7500000000
1789758803602,25291.2500000000,25291.7500000000
1789758811898,25290.2500000000,25290.7500000000
1789758819377,25291.2500000000,25291.7500000000
1789758819578,25292.2500000000,25292.7500000000
1789758819782,25293.2500000000,25293.7500000000
1789758820185,25292.2500000000,25292.7500000000
1789758825444,25293.2500000000,25293.7500000000
1789758829285,25292.2500000000,25292.7500000000
1789758829692,25291.2500000000,25291.7500000000
1789758830297,25290.2500000000,25290.7500000000
1789758831914,25291.2500000000,25291.7500000000
1789758836563,25290.2500000000,25290.7500000000
1789758838183,25291.2500000000,25291.7500000000
1789758838383,25290.2500000000,25290.7500000000
1789758838584,25291.2500000000,25291.7500000000
1789758839397,25290.2500000000,25290.7500000000
1789758840003,25291.2500000000,25291.7500000000
1789758840206,25290.2500000000,25290.7500000000
1789758847086,25291.2500000000,25291.7500000000
1789758847693,25290.2500000000,25290.7500000000
1789758847894,25291.2500000000,25291.7500000000
1789758848905,25292.2500000000,25292.7500000000
1789758849922,25291.2500000000,25291.7500000000
1789758850529,25292.2500000000,25292.7500000000
1789758851338,25291.2500000000,25291.7500000000
1789758854168,25292.2500000000,25292.7500000000
1789758859632,25293.2500000000,25293.7500000000
1789758859832,25292.2500000000,25292.7500000000
1789758890373,25293.2500000000,25293.7500000000
1789758890775,25292.2500000000,25292.7500000000
1789758900286,25292.2500000000,25292.7500000000
1789758901894,25291.2500000000,25291.7500000000
1789758902100,25290.2500000000,25290.7500000000
1789758908361,25289.2500000000,25289.7500000000
1789758913624,25288.2500000000,25288.7500000000
1789758914030,25287.2500000000,25287.7500000000
1789758923333,25288.2500000000,25288.7500000000
1789758926373,25289.2500000000,25289.7500000000
1789758927590,25288.2500000000,25288.7500000000
1789758929209,25289.2500000000,25289.7500000000
1789758929611,25288.2500000000,25288.7500000000
1789758931432,25286.2500000000,25286.7500000000
1789758935682,25287.2500000000,25287.7500000000
1789758936697,25286.2500000000,25286.7500000000
1789758939527,25285.2500000000,25285.7500000000
1789758942154,25284.2500000000,25284.7500000000
1789758943367,25285.2500000000,25285.7500000000
1789758945599,25284.2500000000,25284.7500000000
1789758947617,25285.2500000000,25285.7500000000
1789758949847,25286.2500000000,25286.7500000000
1789758950857,25287.2500000000,25287.7500000000
1789758951662,25286.2500000000,25286.7500000000
1789758952294,25287.2500000000,25287.7500000000
1789758953305,25286.2500000000,25286.7500000000
1789758954316,25287.2500000000,25287.7500000000
1789758956137,25286.2500000000,25286.7500000000
1789758959370,25285.2500000000,25285.7500000000
1789758959976,25286.2500000000,25286.7500000000
1789758960381,25286.2500000000,25286.7500000000
1789758962000,25285.2500000000,25285.7500000000
1789758964834,25286.2500000000,25286.7500000000
1789758966244,25287.2500000000,25287.7500000000
1789758966648,25286.2500000000,25286.7500000000
1789758967458,25287.2500000000,25287.7500000000
1789758969477,25286.2500000000,25286.7500000000
1789758970083,25287.2500000000,25287.7500000000
1789758975559,25288.2500000000,25288.7500000000
1789758976773,25287.2500000000,25287.7500000000
1789758978389,25288.2500000000,25288.7500000000
1789758983849,25287.2500000000,25287.7500000000
1789758989708,25286.2500000000,25286.7500000000
1789758990314,25288.2500000000,25288.7500000000
1789758990521,25287.2500000000,25287.7500000000
1789758990718,25288.2500000000,25288.7500000000
1789758991125,25287.2500000000,25287.7500000000
1789758998412,25288.2500000000,25288.7500000000
1789758999221,25287.2500000000,25287.7500000000
1789758999423,25288.2500000000,25288.7500000000
1789759006302,25289.2500000000,25289.7500000000
1789759006706,25290.2500000000,25290.7500000000
1789759007313,25289.2500000000,25289.7500000000
1789759008729,25290.2500000000,25290.7500000000
1789759008931,25289.2500000000,25289.7500000000
1789759009136,25290.2500000000,25290.7500000000
1789759011561,25289.2500000000,25289.7500000000
1789759017629,25288.2500000000,25288.7500000000
1789759018235,25289.2500000000,25289.7500000000
1789759018843,25288.2500000000,25288.7500000000
1789759020463,25288.2500000000,25288.7500000000
1789759020665,25289.2500000000,25289.7500000000
1789759021677,25288.2500000000,25288.7500000000
1789759022080,25287.2500000000,25287.7500000000
1789759022891,25288.2500000000,25288.7500000000
1789759025921,25287.2500000000,25287.7500000000
1789759026936,25288.2500000000,25288.7500000000
1789759027135,25287.2500000000,25287.7500000000
1789759027948,25288.2500000000,25288.7500000000
1789759028552,25287.2500000000,25287.7500000000
1789759031595,25286.2500000000,25286.7500000000
1789759031995,25287.2500000000,25287.7500000000
1789759032804,25288.2500000000,25288.7500000000
1789759034623,25289.2500000000,25289.7500000000
1789759039682,25288.2500000000,25288.7500000000
1789759041910,25287.2500000000,25287.7500000000
1789759055656,25286.2500000000,25286.7500000000
1789759056467,25287.2500000000,25287.7500000000
1789759066986,25288.2500000000,25288.7500000000
1789759067599,25289.2500000000,25289.7500000000
1789759068197,25288.2500000000,25288.7500000000
1789759072444,25287.2500000000,25287.7500000000
1789759075684,25288.2500000000,25288.7500000000
1789759079128,25287.2500000000,25287.7500000000
1789759080143,25288.2500000000,25288.7500000000
1789759091267,25290.2500000000,25290.7500000000
1789759091670,25292.2500000000,25292.7500000000
1789759094299,25291.2500000000,25291.7500000000
1789759099148,25292.2500000000,25292.7500000000
1789759100559,25293.2500000000,25293.7500000000
1789759103594,25294.2500000000,25294.7500000000
1789759103799,25293.2500000000,25293.7500000000
1789759107032,25294.2500000000,25294.7500000000
1789759112091,25295.2500000000,25295.7500000000
1789759114313,25294.2500000000,25294.7500000000
1789759115324,25295.2500000000,25295.7500000000
1789759116341,25294.2500000000,25294.7500000000
1789759118566,25293.2500000000,25293.7500000000
1789759119579,25294.2500000000,25294.7500000000
1789759119981,25293.2500000000,25293.7500000000
1789759125241,25294.2500000000,25294.7500000000
1789759132728,25295.2500000000,25295.7500000000
1789759133939,25294.2500000000,25294.7500000000
1789759136975,25295.2500000000,25295.7500000000
1789759137986,25294.2500000000,25294.7500000000
1789759139603,25295.2500000000,25295.7500000000
1789759141830,25294.2500000000,25294.7500000000
1789759148515,25295.2500000000,25295.7500000000
1789759148715,25294.2500000000,25294.7500000000
1789759151144,25295.2500000000,25295.7500000000
1789759159048,25296.2500000000,25296.7500000000
1789759162886,25295.2500000000,25295.7500000000
1789759166930,25296.2500000000,25296.7500000000
1789759172394,25295.2500000000,25295.7500000000
1789759172596,25294.2500000000,25294.7500000000
1789759178056,25295.2500000000,25295.7500000000
1789759178257,25294.2500000000,25294.7500000000
1789759181094,25295.2500000000,25295.7500000000
1789759184537,25294.2500000000,25294.7500000000
1789759188182,25293.2500000000,25293.7500000000
1789759188583,25294.2500000000,25294.7500000000
1789759192216,25295.2500000000,25295.7500000000
1789759194238,25294.2500000000,25294.7500000000
1789759197681,25295.2500000000,25295.7500000000
1789759200104,25295.2500000000,25295.7500000000
1789759205361,25294.2500000000,25294.7500000000
1789759205768,25293.2500000000,25293.7500000000
1789759210215,25292.2500000000,25292.7500000000
1789759210824,25291.2500000000,25291.7500000000
1789759211228,25292.2500000000,25292.7500000000
1789759211636,25291.2500000000,25291.7500000000
1789759212846,25292.2500000000,25292.7500000000
1789759213050,25291.2500000000,25291.7500000000
1789759216486,25292.2500000000,25292.7500000000
1789759219121,25291.2500000000,25291.7500000000
1789759219525,25292.2500000000,25292.7500000000
1789759220133,25291.2500000000,25291.7500000000
1789759220741,25292.2500000000,25292.7500000000
1789759225797,25291.2500000000,25291.7500000000
1789759226201,25292.2500000000,25292.7500000000
1789759228227,25291.2500000000,25291.7500000000
1789759228830,25290.2500000000,25290.7500000000
1789759229034,25291.2500000000,25291.7500000000
1789759233272,25292.2500000000,25292.7500000000
1789759233677,25291.2500000000,25291.7500000000
1789759234083,25290.2500000000,25290.7500000000
1789759234893,25291.2500000000,25291.7500000000
1789759235300,25290.2500000000,25290.7500000000
1789759238139,25289.2500000000,25289.7500000000
1789759244005,25290.2500000000,25290.7500000000
1789759245829,25291.2500000000,25291.7500000000
1789759247646,25292.2500000000,25292.7500000000
1789759255327,25293.2500000000,25293.7500000000
1789759260185,25293.2500000000,25293.7500000000
1789759261595,25294.2500000000,25294.7500000000
1789759261797,25293.2500000000,25293.7500000000
1789759271720,25292.2500000000,25292.7500000000
1789759271922,25293.2500000000,25293.7500000000
1789759272529,25294.2500000000,25294.7500000000
1789759286287,25293.2500000000,25293.7500000000
1789759286487,25294.2500000000,25294.7500000000
1789759304078,25292.2500000000,25292.7500000000
1789759305494,25291.2500000000,25291.7500000000
1789759305896,25290.2500000000,25290.7500000000
1789759306100,25291.2500000000,25291.7500000000
1789759307106,25290.2500000000,25290.7500000000
1789759311958,25291.2500000000,25291.7500000000
1789759312972,25292.2500000000,25292.7500000000
1789759318026,25293.2500000000,25293.7500000000
1789759321057,25293.2500000000,25293.7500000000
1789759323889,25292.2500000000,25292.7500000000
1789759325103,25293.2500000000,25293.7500000000
1789759326317,25292.2500000000,25292.7500000000
1789759340278,25291.2500000000,25291.7500000000
1789759340477,25292.2500000000,25292.7500000000
1789759345938,25291.2500000000,25291.7500000000
1789759346344,25292.2500000000,25292.7500000000
1789759361506,25293.2500000000,25293.7500000000
1789759363332,25294.2500000000,25294.7500000000
1789759363533,25293.2500000000,25293.7500000000
1789759365354,25294.2500000000,25294.7500000000
1789759365760,25293.2500000000,25293.7500000000
1789759371430,25294.2500000000,25294.7500000000
1789759380325,25295.2500000000,25295.7500000000
1789759380524,25294.2500000000,25294.7500000000
1789759382750,25292.2500000000,25292.7500000000
1789759383759,25293.2500000000,25293.7500000000
1789759384164,25292.2500000000,25292.7500000000
1789759384573,25293.2500000000,25293.7500000000
1789759385380,25292.2500000000,25292.7500000000
1789759391243,25293.2500000000,25293.7500000000
1789759391449,25292.2500000000,25292.7500000000
1789759391648,25293.2500000000,25293.7500000000
1789759391853,25292.2500000000,25292.7500000000
1789759392064,25293.2500000000,25293.7500000000
1789759392261,25292.2500000000,25292.7500000000
1789759392460,25291.2500000000,25291.7500000000
1789759392664,25292.2500000000,25292.7500000000
1789759402171,25291.2500000000,25291.7500000000
1789759403789,25290.2500000000,25290.7500000000
1789759406214,25289.2500000000,25289.7500000000
1789759407026,25288.2500000000,25288.7500000000
1789759407225,25289.2500000000,25289.7500000000
1789759409657,25288.2500000000,25288.7500000000
1789759411273,25287.2500000000,25287.7500000000
1789759414306,25286.2500000000,25286.7500000000
1789759415722,25287.2500000000,25287.7500000000
1789759416125,25286.2500000000,25286.7500000000
1789759417341,25284.2500000000,25284.7500000000
1789759417747,25285.2500000000,25285.7500000000
1789759418954,25286.2500000000,25286.7500000000
1789759422803,25285.2500000000,25285.7500000000
1789759423202,25286.2500000000,25286.7500000000
1789759425832,25285.2500000000,25285.7500000000
1789759426235,25286.2500000000,25286.7500000000
1789759426441,25285.2500000000,25285.7500000000
1789759426652,25287.2500000000,25287.7500000000
1789759426843,25286.2500000000,25286.7500000000
1789759428254,25285.2500000000,25285.7500000000
1789759429869,25286.2500000000,25286.7500000000
1789759430683,25285.2500000000,25285.7500000000
1789759431894,25286.2500000000,25286.7500000000
1789759432909,25287.2500000000,25287.7500000000
1789759434728,25286.2500000000,25286.7500000000
1789759437962,25287.2500000000,25287.7500000000
1789759438567,25286.2500000000,25286.7500000000
1789759438974,25287.2500000000,25287.7500000000
1789759439177,25286.2500000000,25286.7500000000
1789759439582,25287.2500000000,25287.7500000000
1789759440191,25287.2500000000,25287.7500000000
1789759444027,25288.2500000000,25288.7500000000
1789759444228,25287.2500000000,25287.7500000000
1789759445442,25288.2500000000,25288.7500000000
1789759445846,25287.2500000000,25287.7500000000
1789759447062,25288.2500000000,25288.7500000000
1789759448483,25287.2500000000,25287.7500000000
1789759450903,25286.2500000000,25286.7500000000
1789759451104,25287.2500000000,25287.7500000000
1789759452321,25286.2500000000,25286.7500000000
1789759452527,25287.2500000000,25287.7500000000
1789759452727,25286.2500000000,25286.7500000000
1789759453133,25287.2500000000,25287.7500000000
1789759454950,25286.2500000000,25286.7500000000
1789759456167,25287.2500000000,25287.7500000000
1789759457785,25288.2500000000,25288.7500000000
1789759458396,25289.2500000000,25289.7500000000
1789759458598,25288.2500000000,25288.7500000000
1789759459203,25289.2500000000,25289.7500000000
1789759459609,25288.2500000000,25288.7500000000
1789759466284,25289.2500000000,25289.7500000000
1789759467294,25290.2500000000,25290.7500000000
1789759468515,25289.2500000000,25289.7500000000
1789759468911,25290.2500000000,25290.7500000000
1789759469114,25291.2500000000,25291.7500000000
1789759469317,25290.2500000000,25290.7500000000
1789759470334,25291.2500000000,25291.7500000000
1789759471141,25290.2500000000,25290.7500000000
1789759476002,25289.2500000000,25289.7500000000
1789759476208,25290.2500000000,25290.7500000000
1789759477426,25289.2500000000,25289.7500000000
1789759478628,25290.2500000000,25290.7500000000
1789759479639,25289.2500000000,25289.7500000000
1789759480048,25290.2500000000,25290.7500000000
1789759480447,25289.2500000000,25289.7500000000
1789759485310,25290.2500000000,25290.7500000000
1789759486314,25289.2500000000,25289.7500000000
1789759486716,25290.2500000000,25290.7500000000
1789759488134,25289.2500000000,25289.7500000000
1789759488342,25290.2500000000,25290.7500000000
1789759490766,25289.2500000000,25289.7500000000
1789759492587,25290.2500000000,25290.7500000000
1789759495014,25291.2500000000,25291.7500000000
1789759496632,25290.2500000000,25290.7500000000
1789759496835,25291.2500000000,25291.7500000000
1789759499060,25290.2500000000,25290.7500000000
1789759499464,25291.2500000000,25291.7500000000
1789759500071,25290.2500000000,25290.7500000000
1789759500479,25291.2500000000,25291.7500000000
1789759500879,25290.2500000000,25290.7500000000
1789759502501,25291.2500000000,25291.7500000000
1789759503717,25290.2500000000,25290.7500000000
1789759511804,25289.2500000000,25289.7500000000
1789759515446,25288.2500000000,25288.7500000000
1789759516865,25287.2500000000,25287.7500000000
1789759517062,25288.2500000000,25288.7500000000
1789759517467,25287.2500000000,25287.7500000000
1789759522923,25286.2500000000,25286.7500000000
1789759526771,25287.2500000000,25287.7500000000
1789759527173,25286.2500000000,25286.7500000000
1789759527375,25287.2500000000,25287.7500000000
1789759527782,25286.2500000000,25286.7500000000
1789759527985,25287.2500000000,25287.7500000000
1789759532433,25286.2500000000,25286.7500000000
1789759533245,25287.2500000000,25287.7500000000
1789759534256,25286.2500000000,25286.7500000000
1789759534868,25287.2500000000,25287.7500000000
1789759535065,25286.2500000000,25286.7500000000
1789759535267,25287.2500000000,25287.7500000000
1789759536685,25289.2500000000,25289.7500000000
1789759536886,25290.2500000000,25290.7500000000
1789759537287,25289.2500000000,25289.7500000000
1789759539515,25288.2500000000,25288.7500000000
1789759541734,25289.2500000000,25289.7500000000
1789759543353,25290.2500000000,25290.7500000000
1789759543959,25289.2500000000,25289.7500000000
1789759546990,25290.2500000000,25290.7500000000
1789759548412,25291.2500000000,25291.7500000000
1789759548613,25290.2500000000,25290.7500000000
1789759549623,25289.2500000000,25289.7500000000
1789759554907,25290.2500000000,25290.7500000000
1789759555108,25289.2500000000,25289.7500000000
1789759555516,25290.2500000000,25290.7500000000
1789759558744,25291.2500000000,25291.7500000000
1789759558947,25290.2500000000,25290.7500000000
1789759559957,25291.2500000000,25291.7500000000
1789759560362,25290.2500000000,25290.7500000000
1789759560773,25291.2500000000,25291.7500000000
1789759561171,25290.2500000000,25290.7500000000
1789759561378,25291.2500000000,25291.7500000000
1789759562179,25290.2500000000,25290.7500000000
1789759565015,25291.2500000000,25291.7500000000
1789759567441,25292.2500000000,25292.7500000000
1789759569465,25291.2500000000,25291.7500000000
1789759572307,25292.2500000000,25292.7500000000
1789759572706,25291.2500000000,25291.7500000000
1789759574926,25290.2500000000,25290.7500000000
1789759575331,25291.2500000000,25291.7500000000
1789759575735,25290.2500000000,25290.7500000000
1789759576744,25291.2500000000,25291.7500000000
1789759579575,25289.2500000000,25289.7500000000
1789759579780,25290.2500000000,25290.7500000000
1789759583413,25291.2500000000,25291.7500000000
1789759584629,25290.2500000000,25290.7500000000
1789759584834,25291.2500000000,25291.7500000000
1789759589077,25292.2500000000,25292.7500000000
1789759589278,25291.2500000000,25291.7500000000
1789759590286,25292.2500000000,25292.7500000000
1789759592511,25291.2500000000,25291.7500000000
1789759593123,25292.2500000000,25292.7500000000
1789759604235,25291.2500000000,25291.7500000000
1789759604642,25290.2500000000,25290.7500000000
1789759606257,25289.2500000000,25289.7500000000
1789759606461,25290.2500000000,25290.7500000000
1789759608878,25289.2500000000,25289.7500000000
1789759620413,25290.2500000000,25290.7500000000
1789759627294,25289.2500000000,25289.7500000000
1789759627494,25290.2500000000,25290.7500000000
1789759630524,25291.2500000000,25291.7500000000
1789759636193,25290.2500000000,25290.7500000000
1789759636594,25291.2500000000,25291.7500000000
1789759637604,25290.2500000000,25290.7500000000
1789759638618,25291.2500000000,25291.7500000000
1789759643665,25292.2500000000,25292.7500000000
1789759646700,25291.2500000000,25291.7500000000
1789759649731,25292.2500000000,25292.7500000000
1789759649933,25291.2500000000,25291.7500000000
1789759652169,25292.2500000000,25292.7500000000
1789759654788,25291.2500000000,25291.7500000000
1789759658634,25292.2500000000,25292.7500000000
1789759661059,25291.2500000000,25291.7500000000
1789759662473,25292.2500000000,25292.7500000000
1789759663080,25291.2500000000,25291.7500000000
1789759663288,25292.2500000000,25292.7500000000
1789759666931,25291.2500000000,25291.7500000000
1789759669763,25292.2500000000,25292.7500000000
1789759670372,25293.2500000000,25293.7500000000
1789759672191,25292.2500000000,25292.7500000000
1789759674212,25291.2500000000,25291.7500000000
1789759677648,25292.2500000000,25292.7500000000
1789759678459,25291.2500000000,25291.7500000000
1789759678856,25292.2500000000,25292.7500000000
1789759682294,25292.2500000000,25292.7500000000
1789759682497,25291.2500000000,25291.7500000000
1789759683516,25295.2500000000,25295.7500000000
1789759683926,25300.2500000000,25300.7500000000
1789759684131,25301.2500000000,25301.7500000000
1789759684330,25300.2500000000,25300.7500000000
1789759684535,25304.2500000000,25304.7500000000
1789759684728,25303.2500000000,25303.7500000000
1789759684938,25304.2500000000,25304.7500000000
1789759685137,25303.2500000000,25303.7500000000
1789759685343,25301.2500000000,25301.7500000000
1789759685539,25300.2500000000,25300.7500000000
1789759685738,25299.2500000000,25299.7500000000
1789759685950,25304.2500000000,25304.7500000000
1789759686552,25302.2500000000,25302.7500000000
1789759686756,25303.2500000000,25303.7500000000
1789759686958,25302.2500000000,25302.7500000000
1789759687154,25300.2500000000,25300.7500000000
1789759687360,25299.2500000000,25299.7500000000
1789759688568,25298.2500000000,25298.7500000000
1789759688772,25297.2500000000,25297.7500000000
1789759689991,25296.2500000000,25296.7500000000
1789759691204,25295.2500000000,25295.7500000000
1789759692012,25294.2500000000,25294.7500000000
1789759693024,25293.2500000000,25293.7500000000
1789759693230,25295.2500000000,25295.7500000000
1789759693429,25294.2500000000,25294.7500000000
1789759693629,25295.2500000000,25295.7500000000
1789759694035,25293.2500000000,25293.7500000000
1789759694440,25292.2500000000,25292.7500000000
1789759695249,25291.2500000000,25291.7500000000
1789759695458,25293.2500000000,25293.7500000000
1789759695862,25294.2500000000,25294.7500000000
1789759696062,25293.2500000000,25293.7500000000
1789759696473,25295.2500000000,25295.7500000000
1789759696674,25296.2500000000,25296.7500000000
1789759697681,25295.2500000000,25295.7500000000
1789759698898,25296.2500000000,25296.7500000000
1789759699699,25295.2500000000,25295.7500000000
1789759699901,25296.2500000000,25296.7500000000
1789759700316,25297.2500000000,25297.7500000000
1789759700914,25296.2500000000,25296.7500000000
1789759701720,25297.2500000000,25297.7500000000
1789759701924,25298.2500000000,25298.7500000000
1789759702130,25299.2500000000,25299.7500000000
1789759702333,25298.2500000000,25298.7500000000
1789759702532,25297.2500000000,25297.7500000000
1789759702732,25298.2500000000,25298.7500000000
1789759702936,25299.2500000000,25299.7500000000
1789759703754,25301.2500000000,25301.7500000000
1789759704150,25300.2500000000,25300.7500000000
1789759705158,25301.2500000000,25301.7500000000
1789759705767,25300.2500000000,25300.7500000000
1789759706172,25298.2500000000,25298.7500000000
1789759706379,25299.2500000000,25299.7500000000
1789759707990,25298.2500000000,25298.7500000000
1789759708198,25299.2500000000,25299.7500000000
1789759708397,25301.2500000000,25301.7500000000
1789759708597,25300.2500000000,25300.7500000000
1789759709009,25299.2500000000,25299.7500000000
1789759709210,25300.2500000000,25300.7500000000
1789759709412,25299.2500000000,25299.7500000000
1789759710015,25300.2500000000,25300.7500000000
1789759710620,25301.2500000000,25301.7500000000
1789759710820,25300.2500000000,25300.7500000000
1789759711021,25301.2500000000,25301.7500000000
1789759711431,25300.2500000000,25300.7500000000
1789759711836,25301.2500000000,25301.7500000000
1789759712237,25300.2500000000,25300.7500000000
1789759713044,25299.2500000000,25299.7500000000
1789759713254,25300.2500000000,25300.7500000000
1789759713456,25301.2500000000,25301.7500000000
1789759713658,25302.2500000000,25302.7500000000
1789759714060,25303.2500000000,25303.7500000000
1789759714257,25302.2500000000,25302.7500000000
1789759715273,25301.2500000000,25301.7500000000
1789759717098,25300.2500000000,25300.7500000000
1789759717298,25302.2500000000,25302.7500000000
1789759717704,25301.2500000000,25301.7500000000
1789759718105,25300.2500000000,25300.7500000000
1789759721145,25297.2500000000,25297.7500000000
1789759721342,25299.2500000000,25299.7500000000
1789759722756,25298.2500000000,25298.7500000000
1789759724573,25296.2500000000,25296.7500000000
1789759725181,25297.2500000000,25297.7500000000
1789759727002,25296.2500000000,25296.7500000000
1789759728008,25295.2500000000,25295.7500000000
1789759728212,25296.2500000000,25296.7500000000
1789759728413,25297.2500000000,25297.7500000000
1789759729023,25296.2500000000,25296.7500000000
1789759729226,25298.2500000000,25298.7500000000
1789759729832,25297.2500000000,25297.7500000000
1789759730233,25298.2500000000,25298.7500000000
1789759730435,25297.2500000000,25297.7500000000
1789759731650,25296.2500000000,25296.7500000000
1789759733673,25297.2500000000,25297.7500000000
1789759734281,25296.2500000000,25296.7500000000
1789759738129,25295.2500000000,25295.7500000000
1789759739746,25294.2500000000,25294.7500000000
1789759739948,25295.2500000000,25295.7500000000
1789759740148,25295.2500000000,25295.7500000000
1789759740557,25294.2500000000,25294.7500000000
1789759741569,25295.2500000000,25295.7500000000
1789759741771,25294.2500000000,25294.7500000000
1789759746219,25293.2500000000,25293.7500000000
1789759746421,25294.2500000000,25294.7500000000
1789759748250,25293.2500000000,25293.7500000000
1789759748853,25294.2500000000,25294.7500000000
1789759749264,25295.2500000000,25295.7500000000
1789759751692,25296.2500000000,25296.7500000000
1789759752093,25297.2500000000,25297.7500000000
1789759752902,25296.2500000000,25296.7500000000
1789759755940,25297.2500000000,25297.7500000000
1789759756148,25296.2500000000,25296.7500000000
1789759757967,25297.2500000000,25297.7500000000
1789759758381,25298.2500000000,25298.7500000000
1789759758979,25297.2500000000,25297.7500000000
1789759759995,25298.2500000000,25298.7500000000
1789759760809,25297.2500000000,25297.7500000000
1789759761213,25298.2500000000,25298.7500000000
1789759762622,25296.2500000000,25296.7500000000
1789759763833,25297.2500000000,25297.7500000000
1789759764238,25296.2500000000,25296.7500000000
1789759765252,25297.2500000000,25297.7500000000
1789759766054,25298.2500000000,25298.7500000000
1789759766462,25297.2500000000,25297.7500000000
1789759767066,25298.2500000000,25298.7500000000
1789759767268,25297.2500000000,25297.7500000000
1789759767473,25298.2500000000,25298.7500000000
1789759768078,25299.2500000000,25299.7500000000
1789759768684,25300.2500000000,25300.7500000000
1789759768889,25301.2500000000,25301.7500000000
1789759769089,25303.2500000000,25303.7500000000
1789759769904,25304.2500000000,25304.7500000000
1789759770104,25303.2500000000,25303.7500000000
1789759770708,25304.2500000000,25304.7500000000
1789759771112,25303.2500000000,25303.7500000000
1789759771525,25305.2500000000,25305.7500000000
1789759772740,25303.2500000000,25303.7500000000
1789759772935,25302.2500000000,25302.7500000000
1789759773540,25301.2500000000,25301.7500000000
1789759773743,25302.2500000000,25302.7500000000
1789759774150,25301.2500000000,25301.7500000000
1789759774351,25302.2500000000,25302.7500000000
1789759775160,25303.2500000000,25303.7500000000
1789759775565,25304.2500000000,25304.7500000000
1789759775767,25303.2500000000,25303.7500000000
1789759778201,25302.2500000000,25302.7500000000
1789759778608,25301.2500000000,25301.7500000000
1789759779414,25300.2500000000,25300.7500000000
1789759780222,25299.2500000000,25299.7500000000
1789759780625,25301.2500000000,25301.7500000000
1789759781232,25300.2500000000,25300.7500000000
1789759781434,25301.2500000000,25301.7500000000
1789759782249,25302.2500000000,25302.7500000000
1789759784472,25301.2500000000,25301.7500000000
1789759784674,25302.2500000000,25302.7500000000
1789759785075,25301.2500000000,25301.7500000000
1789759785685,25302.2500000000,25302.7500000000
1789759786093,25301.2500000000,25301.7500000000
1789759786696,25300.2500000000,25300.7500000000
1789759786902,25301.2500000000,25301.7500000000
1789759787102,25300.2500000000,25300.7500000000
1789759787506,25301.2500000000,25301.7500000000
1789759787702,25300.2500000000,25300.7500000000
1789759790335,25301.2500000000,25301.7500000000
1789759791350,25300.2500000000,25300.7500000000
1789759791549,25301.2500000000,25301.7500000000
1789759792965,25300.2500000000,25300.7500000000
1789759793769,25301.2500000000,25301.7500000000
1789759798015,25300.2500000000,25300.7500000000
1789759799224,25299.2500000000,25299.7500000000
1789759800038,25298.2500000000,25298.7500000000
1789759802259,25297.2500000000,25297.7500000000
1789759802463,25296.2500000000,25296.7500000000
1789759804687,25297.2500000000,25297.7500000000
1789759804892,25296.2500000000,25296.7500000000
1789759807525,25295.2500000000,25295.7500000000
1789759809344,25296.2500000000,25296.7500000000
1789759809943,25295.2500000000,25295.7500000000
1789759811965,25294.2500000000,25294.7500000000
1789759813382,25292.2500000000,25292.7500000000
1789759813590,25293.2500000000,25293.7500000000
1789759814190,25292.2500000000,25292.7500000000
1789759816618,25293.2500000000,25293.7500000000
1789759817227,25292.2500000000,25292.7500000000
1789759817836,25293.2500000000,25293.7500000000
1789759819450,25292.2500000000,25292.7500000000
1789759822887,25291.2500000000,25291.7500000000
1789759823898,25290.2500000000,25290.7500000000
1789759825115,25291.2500000000,25291.7500000000
1789759826325,25292.2500000000,25292.7500000000
1789759826733,25293.2500000000,25293.7500000000
1789759828144,25294.2500000000,25294.7500000000
1789759832391,25293.2500000000,25293.7500000000
1789759833201,25294.2500000000,25294.7500000000
1789759836436,25295.2500000000,25295.7500000000
1789759839060,25296.2500000000,25296.7500000000
1789759839467,25295.2500000000,25295.7500000000
1789759840677,25296.2500000000,25296.7500000000
1789759840883,25297.2500000000,25297.7500000000
1789759841089,25298.2500000000,25298.7500000000
1789759841293,25297.2500000000,25297.7500000000
1789759843107,25296.2500000000,25296.7500000000
1789759844724,25294.2500000000,25294.7500000000
1789759844926,25295.2500000000,25295.7500000000
1789759846342,25294.2500000000,25294.7500000000
1789759847559,25295.2500000000,25295.7500000000
1789759851602,25294.2500000000,25294.7500000000
1789759853825,25293.2500000000,25293.7500000000
1789759854431,25294.2500000000,25294.7500000000
1789759854835,25293.2500000000,25293.7500000000
1789759857260,25294.2500000000,25294.7500000000
1789759860297,25294.2500000000,25294.7500000000
1789759862116,25293.2500000000,25293.7500000000
1789759862526,25292.2500000000,25292.7500000000
1789759863531,25293.2500000000,25293.7500000000
1789759864139,25292.2500000000,25292.7500000000
1789759864343,25291.2500000000,25291.7500000000
1789759865956,25292.2500000000,25292.7500000000
1789759866767,25291.2500000000,25291.7500000000
1789759868189,25290.2500000000,25290.7500000000
1789759870407,25289.2500000000,25289.7500000000
1789759871011,25290.2500000000,25290.7500000000
1789759871215,25289.2500000000,25289.7500000000
1789759873440,25288.2500000000,25288.7500000000
1789759875468,25289.2500000000,25289.7500000000
1789759877089,25290.2500000000,25290.7500000000
1789759877493,25289.2500000000,25289.7500000000
1789759879716,25288.2500000000,25288.7500000000
1789759880123,25289.2500000000,25289.7500000000
1789759881136,25288.2500000000,25288.7500000000
1789759882758,25287.2500000000,25287.7500000000
1789759885996,25288.2500000000,25288.7500000000
1789759887008,25289.2500000000,25289.7500000000
1789759887218,25288.2500000000,25288.7500000000
1789759889436,25289.2500000000,25289.7500000000
1789759893072,25290.2500000000,25290.7500000000
1789759894485,25289.2500000000,25289.7500000000
1789759899946,25290.2500000000,25290.7500000000
1789759902174,25289.2500000000,25289.7500000000
1789759902372,25291.2500000000,25291.7500000000
1789759902579,25290.2500000000,25290.7500000000
1789759903589,25289.2500000000,25289.7500000000
1789759905605,25288.2500000000,25288.7500000000
1789759905809,25289.2500000000,25289.7500000000
1789759906019,25288.2500000000,25288.7500000000
1789759906418,25289.2500000000,25289.7500000000
1789759907030,25288.2500000000,25288.7500000000
1789759907430,25289.2500000000,25289.7500000000
1789759908236,25288.2500000000,25288.7500000000
1789759910261,25289.2500000000,25289.7500000000
1789759911680,25288.2500000000,25288.7500000000
1789759914110,25289.2500000000,25289.7500000000
1789759914515,25288.2500000000,25288.7500000000
1789759916136,25287.2500000000,25287.7500000000
1789759918563,25288.2500000000,25288.7500000000
1789759919171,25287.2500000000,25287.7500000000
1789759920384,25287.2500000000,25287.7500000000
1789759920587,25286.2500000000,25286.7500000000
1789759922001,25287.2500000000,25287.7500000000
1789759923217,25288.2500000000,25288.7500000000
1789759923622,25287.2500000000,25287.7500000000
1789759924631,25288.2500000000,25288.7500000000
1789759926252,25287.2500000000,25287.7500000000
1789759927262,25288.2500000000,25288.7500000000
1789759927867,25289.2500000000,25289.7500000000
1789759930293,25290.2500000000,25290.7500000000
1789759930495,25289.2500000000,25289.7500000000
1789759932521,25290.2500000000,25290.7500000000
1789759933940,25291.2500000000,25291.7500000000
1789759934346,25292.2500000000,25292.7500000000
1789759934546,25291.2500000000,25291.7500000000
1789759938198,25290.2500000000,25290.7500000000
1789759938404,25289.2500000000,25289.7500000000
1789759939206,25290.2500000000,25290.7500000000
1789759939410,25289.2500000000,25289.7500000000
1789759941433,25290.2500000000,25290.7500000000
1789759944873,25289.2500000000,25289.7500000000
1789759945686,25290.2500000000,25290.7500000000
1789759946290,25289.2500000000,25289.7500000000
1789759946495,25290.2500000000,25290.7500000000
1789759946697,25291.2500000000,25291.7500000000
1789759946899,25290.2500000000,25290.7500000000
1789759950741,25291.2500000000,25291.7500000000
1789759954182,25290.2500000000,25290.7500000000
1789759954389,25291.2500000000,25291.7500000000
1789759954991,25290.2500000000,25290.7500000000
1789759955395,25291.2500000000,25291.7500000000
1789759960252,25292.2500000000,25292.7500000000
1789759961264,25293.2500000000,25293.7500000000
1789759961463,25292.2500000000,25292.7500000000
1789759962270,25293.2500000000,25293.7500000000
1789759964697,25294.2500000000,25294.7500000000
1789759966724,25293.2500000000,25293.7500000000
1789759967126,25295.2500000000,25295.7500000000
1789759967334,25294.2500000000,25294.7500000000
1789759973801,25293.2500000000,25293.7500000000
1789759974003,25294.2500000000,25294.7500000000
1789759975420,25295.2500000000,25295.7500000000
1789759975628,25294.2500000000,25294.7500000000
1789759976838,25295.2500000000,25295.7500000000
1789759979268,25296.2500000000,25296.7500000000
1789759980281,25296.2500000000,25296.7500000000
1789759984125,25297.2500000000,25297.7500000000
1789759984940,25298.2500000000,25298.7500000000
1789759985745,25297.2500000000,25297.7500000000
1789759985945,25298.2500000000,25298.7500000000
1789759986147,25297.2500000000,25297.7500000000
1789759986550,25298.2500000000,25298.7500000000
1789759986956,25297.2500000000,25297.7500000000
1789759987157,25298.2500000000,25298.7500000000
1789759987967,25297.2500000000,25297.7500000000
1789759989588,25296.2500000000,25296.7500000000
1789759995052,25295.2500000000,25295.7500000000
1789759995455,25296.2500000000,25296.7500000000
1789759997270,25297.2500000000,25297.7500000000
1789759997476,25296.2500000000,25296.7500000000
1789759999101,25297.2500000000,25297.7500000000
1789760000107,25298.2500000000,25298.7500000000
1789760003551,25297.2500000000,25297.7500000000
1789760006383,25298.2500000000,25298.7500000000
1789760007594,25300.2500000000,25300.7500000000
1789760007798,25299.2500000000,25299.7500000000
1789760008410,25298.2500000000,25298.7500000000
1789760008606,25299.2500000000,25299.7500000000
1789760009630,25302.2500000000,25302.7500000000
1789760010034,25305.2500000000,25305.7500000000
1789760011246,25304.2500000000,25304.7500000000
1789760012047,25303.2500000000,25303.7500000000
1789760013260,25302.2500000000,25302.7500000000
1789760014069,25303.2500000000,25303.7500000000
1789760014271,25305.2500000000,25305.7500000000
1789760014481,25304.2500000000,25304.7500000000
1789760015284,25303.2500000000,25303.7500000000
1789760015489,25304.2500000000,25304.7500000000
1789760015691,25303.2500000000,25303.7500000000
1789760017512,25304.2500000000,25304.7500000000
1789760017717,25305.2500000000,25305.7500000000
1789760018120,25304.2500000000,25304.7500000000
1789760018727,25305.2500000000,25305.7500000000
1789760018928,25304.2500000000,25304.7500000000
1789760019326,25305.2500000000,25305.7500000000
1789760019526,25304.2500000000,25304.7500000000
1789760019731,25305.2500000000,25305.7500000000
1789760021153,25306.2500000000,25306.7500000000
1789760021552,25305.2500000000,25305.7500000000
1789760022166,25304.2500000000,25304.7500000000
1789760023982,25305.2500000000,25305.7500000000
1789760024395,25304.2500000000,25304.7500000000
1789760024595,25305.2500000000,25305.7500000000
1789760024797,25304.2500000000,25304.7500000000
1789760025604,25303.2500000000,25303.7500000000
1789760026617,25304.2500000000,25304.7500000000
1789760027228,25303.2500000000,25303.7500000000
1789760028640,25302.2500000000,25302.7500000000
1789760028847,25303.2500000000,25303.7500000000
1789760029250,25302.2500000000,25302.7500000000
1789760029647,25303.2500000000,25303.7500000000
1789760029851,25304.2500000000,25304.7500000000
1789760030865,25303.2500000000,25303.7500000000
1789760033079,25304.2500000000,25304.7500000000
1789760034091,25303.2500000000,25303.7500000000
1789760034705,25304.2500000000,25304.7500000000
1789760034902,25303.2500000000,25303.7500000000
1789760036115,25301.2500000000,25301.7500000000
1789760037533,25300.2500000000,25300.7500000000
1789760038342,25301.2500000000,25301.7500000000
1789760038544,25300.2500000000,25300.7500000000
1789760038747,25301.2500000000,25301.7500000000
1789760040370,25301.2500000000,25301.7500000000
1789760040572,25302.2500000000,25302.7500000000
1789760041172,25301.2500000000,25301.7500000000
1789760044616,25300.2500000000,25300.7500000000
1789760051094,25301.2500000000,25301.7500000000
1789760051698,25300.2500000000,25300.7500000000
1789760054133,25301.2500000000,25301.7500000000
1789760056152,25300.2500000000,25300.7500000000
1789760064040,25303.2500000000,25303.7500000000
1789760064252,25302.2500000000,25302.7500000000
1789760064452,25301.2500000000,25301.7500000000
1789760067686,25303.2500000000,25303.7500000000
1789760068696,25305.2500000000,25305.7500000000
1789760070313,25304.2500000000,25304.7500000000
1789760073342,25305.2500000000,25305.7500000000
1789760076374,25304.2500000000,25304.7500000000
1789760078390,25303.2500000000,25303.7500000000
1789760080008,25302.2500000000,25302.7500000000
1789760080211,25303.2500000000,25303.7500000000
1789760083241,25302.2500000000,25302.7500000000
1789760084250,25303.2500000000,25303.7500000000
1789760095772,25302.2500000000,25302.7500000000
1789760096784,25303.2500000000,25303.7500000000
1789760100021,25303.2500000000,25303.7500000000
1789760100429,25304.2500000000,25304.7500000000
1789760101032,25303.2500000000,25303.7500000000
1789760101233,25302.2500000000,25302.7500000000
1789760106090,25301.2500000000,25301.7500000000
1789760107300,25302.2500000000,25302.7500000000
1789760107503,25301.2500000000,25301.7500000000
1789760108116,25302.2500000000,25302.7500000000
1789760112563,25301.2500000000,25301.7500000000
1789760114590,25302.2500000000,25302.7500000000
1789760119036,25301.2500000000,25301.7500000000
1789760126710,25302.2500000000,25302.7500000000
1789760127722,25301.2500000000,25301.7500000000
1789760132373,25300.2500000000,25300.7500000000
1789760137223,25299.2500000000,25299.7500000000
1789760137829,25300.2500000000,25300.7500000000
1789760142483,25302.2500000000,25302.7500000000
1789760143698,25301.2500000000,25301.7500000000
1789760143899,25302.2500000000,25302.7500000000
1789760146723,25303.2500000000,25303.7500000000
1789760152194,25302.2500000000,25302.7500000000
1789760152823,25303.2500000000,25303.7500000000
1789760154243,25302.2500000000,25302.7500000000
1789760155655,25303.2500000000,25303.7500000000
1789760158087,25302.2500000000,25302.7500000000
1789760160108,25301.2500000000,25301.7500000000
1789760162739,25300.2500000000,25300.7500000000
1789760163141,25301.2500000000,25301.7500000000
1789760164961,25302.2500000000,25302.7500000000
1789760173260,25303.2500000000,25303.7500000000
1789760175684,25302.2500000000,25302.7500000000
1789760178113,25301.2500000000,25301.7500000000
1789760182764,25302.2500000000,25302.7500000000
1789760183776,25301.2500000000,25301.7500000000
1789760184184,25302.2500000000,25302.7500000000
1789760186607,25301.2500000000,25301.7500000000
1789760187214,25300.2500000000,25300.7500000000
1789760187611,25301.2500000000,25301.7500000000
1789760188016,25300.2500000000,25300.7500000000
1789760188622,25299.2500000000,25299.7500000000
1789760189026,25300.2500000000,25300.7500000000
1789760190853,25299.2500000000,25299.7500000000
1789760191048,25300.2500000000,25300.7500000000
1789760199142,25301.2500000000,25301.7500000000
1789760199546,25302.2500000000,25302.7500000000
1789760199953,25301.2500000000,25301.7500000000
1789760200354,25302.2500000000,25302.7500000000
1789760208446,25301.2500000000,25301.7500000000
1789760211285,25300.2500000000,25300.7500000000
1789760212292,25301.2500000000,25301.7500000000
1789760212695,25300.2500000000,25300.7500000000
1789760214513,25299.2500000000,25299.7500000000
1789760218763,25300.2500000000,25300.7500000000
1789760218970,25299.2500000000,25299.7500000000
1789760220185,25299.2500000000,25299.7500000000
1789760223217,25300.2500000000,25300.7500000000
1789760223621,25301.2500000000,25301.7500000000
1789760226055,25300.2500000000,25300.7500000000
1789760226460,25299.2500000000,25299.7500000000
1789760229494,25300.2500000000,25300.7500000000
1789760233739,25299.2500000000,25299.7500000000
1789760238797,25298.2500000000,25298.7500000000
1789760239610,25297.2500000000,25297.7500000000
1789760240616,25298.2500000000,25298.7500000000
1789760242436,25297.2500000000,25297.7500000000
1789760244664,25296.2500000000,25296.7500000000
1789760247497,25297.2500000000,25297.7500000000
1789760247700,25296.2500000000,25296.7500000000
1789760248910,25297.2500000000,25297.7500000000
1789760249518,25298.2500000000,25298.7500000000
1789760249719,25297.2500000000,25297.7500000000
1789760250124,25296.2500000000,25296.7500000000
1789760257811,25295.2500000000,25295.7500000000
1789760258416,25296.2500000000,25296.7500000000
1789760260235,25298.2500000000,25298.7500000000
1789760260638,25297.2500000000,25297.7500000000
1789760260842,25298.2500000000,25298.7500000000
1789760265497,25299.2500000000,25299.7500000000
1789760266304,25298.2500000000,25298.7500000000
1789760266713,25299.2500000000,25299.7500000000
1789760275412,25298.2500000000,25298.7500000000
1789760277837,25297.2500000000,25297.7500000000
1789760280265,25297.2500000000,25297.7500000000
1789760282486,25298.2500000000,25298.7500000000
1789760283093,25297.2500000000,25297.7500000000
1789760285317,25298.2500000000,25298.7500000000
1789760285522,25297.2500000000,25297.7500000000
1789760286130,25298.2500000000,25298.7500000000
1789760286530,25297.2500000000,25297.7500000000
1789760288149,25298.2500000000,25298.7500000000
1789760288354,25299.2500000000,25299.7500000000
1789760288758,25298.2500000000,25298.7500000000
1789760290777,25297.2500000000,25297.7500000000
1789760293408,25298.2500000000,25298.7500000000
1789760293813,25299.2500000000,25299.7500000000
1789760294019,25298.2500000000,25298.7500000000
1789760297250,25297.2500000000,25297.7500000000
1789760297457,25296.2500000000,25296.7500000000
1789760298670,25297.2500000000,25297.7500000000
1789760299881,25296.2500000000,25296.7500000000
1789760300289,25297.2500000000,25297.7500000000
1789760305951,25296.2500000000,25296.7500000000
1789760306151,25297.2500000000,25297.7500000000
1789760306558,25296.2500000000,25296.7500000000
1789760306765,25297.2500000000,25297.7500000000
1789760307573,25296.2500000000,25296.7500000000
1789760308175,25297.2500000000,25297.7500000000
1789760308786,25296.2500000000,25296.7500000000
1789760311411,25295.2500000000,25295.7500000000
1789760312624,25296.2500000000,25296.7500000000
1789760313029,25295.2500000000,25295.7500000000
1789760318281,25294.2500000000,25294.7500000000
1789760324548,25295.2500000000,25295.7500000000
1789760325357,25294.2500000000,25294.7500000000
1789760326169,25295.2500000000,25295.7500000000
1789760329808,25296.2500000000,25296.7500000000
1789760335067,25295.2500000000,25295.7500000000
1789760337092,25294.2500000000,25294.7500000000
1789760337294,25295.2500000000,25295.7500000000
1789760340129,25294.2500000000,25294.7500000000
1789760340536,25295.2500000000,25295.7500000000
1789760340738,25294.2500000000,25294.7500000000
1789760345994,25295.2500000000,25295.7500000000
1789760346600,25294.2500000000,25294.7500000000
1789760347816,25295.2500000000,25295.7500000000
1789760349032,25294.2500000000,25294.7500000000
1789760350039,25295.2500000000,25295.7500000000
1789760352464,25298.2500000000,25298.7500000000
1789760356720,25299.2500000000,25299.7500000000
1789760356921,25298.2500000000,25298.7500000000
1789760358131,25299.2500000000,25299.7500000000
1789760358939,25298.2500000000,25298.7500000000
1789760361168,25297.2500000000,25297.7500000000
1789760361374,25298.2500000000,25298.7500000000
1789760361778,25299.2500000000,25299.7500000000
1789760362181,25298.2500000000,25298.7500000000
1789760364614,25299.2500000000,25299.7500000000
1789760364816,25300.2500000000,25300.7500000000
1789760365214,25299.2500000000,25299.7500000000
1789760367643,25298.2500000000,25298.7500000000
1789760370273,25299.2500000000,25299.7500000000
1789760370474,25298.2500000000,25298.7500000000
1789760370679,25299.2500000000,25299.7500000000
1789760373513,25301.2500000000,25301.7500000000
1789760376956,25302.2500000000,25302.7500000000
1789760377158,25301.2500000000,25301.7500000000
1789760384239,25302.2500000000,25302.7500000000
1789760391107,25301.2500000000,25301.7500000000
1789760391914,25300.2500000000,25300.7500000000
1789760392723,25301.2500000000,25301.7500000000
1789760392929,25300.2500000000,25300.7500000000
1789760393940,25299.2500000000,25299.7500000000
1789760397775,25300.2500000000,25300.7500000000
1789760400207,25300.2500000000,25300.7500000000
1789760402434,25301.2500000000,25301.7500000000
1789760402633,25300.2500000000,25300.7500000000
1789760403845,25301.2500000000,25301.7500000000
1789760406476,25300.2500000000,25300.7500000000
1789760407895,25301.2500000000,25301.7500000000
1789760408507,25302.2500000000,25302.7500000000
1789760408704,25301.2500000000,25301.7500000000
1789760410117,25302.2500000000,25302.7500000000
1789760411534,25301.2500000000,25301.7500000000
1789760413359,25302.2500000000,25302.7500000000
1789760415791,25301.2500000000,25301.7500000000
1789760418615,25300.2500000000,25300.7500000000
1789760422862,25301.2500000000,25301.7500000000
1789760423265,25302.2500000000,25302.7500000000
1789760423874,25301.2500000000,25301.7500000000
1789760428526,25300.2500000000,25300.7500000000
1789760429542,25301.2500000000,25301.7500000000
1789760429738,25302.2500000000,25302.7500000000
1789760431556,25301.2500000000,25301.7500000000
1789760431761,25302.2500000000,25302.7500000000
1789760432367,25301.2500000000,25301.7500000000
1789760433178,25302.2500000000,25302.7500000000
1789760434794,25303.2500000000,25303.7500000000
1789760440664,25302.2500000000,25302.7500000000
1789760443695,25303.2500000000,25303.7500000000
1789760443899,25302.2500000000,25302.7500000000
1789760445516,25303.2500000000,25303.7500000000
1789760445720,25302.2500000000,25302.7500000000
1789760449156,25301.2500000000,25301.7500000000
1789760451380,25302.2500000000,25302.7500000000
1789760453395,25301.2500000000,25301.7500000000
1789760454208,25300.2500000000,25300.7500000000
1789760460280,25300.2500000000,25300.7500000000
1789760461292,25301.2500000000,25301.7500000000
1789760462709,25302.2500000000,25302.7500000000
1789760463113,25301.2500000000,25301.7500000000
1789760468173,25302.2500000000,25302.7500000000
1789760468378,25301.2500000000,25301.7500000000
1789760468986,25300.2500000000,25300.7500000000
1789760469388,25301.2500000000,25301.7500000000
1789760472620,25302.2500000000,25302.7500000000
1789760473031,25301.2500000000,25301.7500000000
1789760486390,25302.2500000000,25302.7500000000
1789760486793,25301.2500000000,25301.7500000000
1789760496102,25300.2500000000,25300.7500000000
1789760498937,25301.2500000000,25301.7500000000
1789760499747,25300.2500000000,25300.7500000000
1789760501368,25299.2500000000,25299.7500000000
1789760502579,25300.2500000000,25300.7500000000
1789760504201,25301.2500000000,25301.7500000000
1789760505612,25300.2500000000,25300.7500000000
1789760506423,25301.2500000000,25301.7500000000
1789760510469,25300.2500000000,25300.7500000000
1789760520592,25300.2500000000,25300.7500000000
1789760527870,25299.2500000000,25299.7500000000
1789760529894,25300.2500000000,25300.7500000000
1789760537586,25301.2500000000,25301.7500000000
1789760538395,25300.2500000000,25300.7500000000
1789760547295,25301.2500000000,25301.7500000000
1789760553370,25302.2500000000,25302.7500000000
1789760553569,25301.2500000000,25301.7500000000
1789760558619,25302.2500000000,25302.7500000000
1789760558818,25301.2500000000,25301.7500000000
1789760559627,25302.2500000000,25302.7500000000
1789760562263,25301.2500000000,25301.7500000000
1789760562458,25302.2500000000,25302.7500000000
1789760563671,25303.2500000000,25303.7500000000
1789760565292,25304.2500000000,25304.7500000000
1789760568940,25305.2500000000,25305.7500000000
1789760573797,25304.2500000000,25304.7500000000
1789760573992,25305.2500000000,25305.7500000000
1789760575612,25306.2500000000,25306.7500000000
1789760580469,25307.2500000000,25307.7500000000
1789760586544,25308.2500000000,25308.7500000000
1789760594840,25307.2500000000,25307.7500000000
1789760608203,25306.2500000000,25306.7500000000
1789760608405,25305.2500000000,25305.7500000000
1789760609416,25304.2500000000,25304.7500000000
1789760609821,25305.2500000000,25305.7500000000
1789760614277,25306.2500000000,25306.7500000000
1789760614893,25305.2500000000,25305.7500000000
1789760631063,25306.2500000000,25306.7500000000
1789760631465,25304.2500000000,25304.7500000000
1789760640370,25305.2500000000,25305.7500000000
1789760640576,25304.2500000000,25304.7500000000
1789760640981,25305.2500000000,25305.7500000000
1789760642190,25304.2500000000,25304.7500000000
1789760642798,25305.2500000000,25305.7500000000
1789760643000,25304.2500000000,25304.7500000000
1789760644016,25305.2500000000,25305.7500000000
1789760656156,25304.2500000000,25304.7500000000
1789760664449,25305.2500000000,25305.7500000000
1789760665260,25306.2500000000,25306.7500000000
1789760666275,25305.2500000000,25305.7500000000
1789760668904,25306.2500000000,25306.7500000000
1789760670318,25307.2500000000,25307.7500000000
1789760674562,25306.2500000000,25306.7500000000
1789760676790,25305.2500000000,25305.7500000000
1789760677197,25304.2500000000,25304.7500000000
1789760679624,25305.2500000000,25305.7500000000
1789760681846,25306.2500000000,25306.7500000000
1789760687108,25305.2500000000,25305.7500000000
1789760690343,25306.2500000000,25306.7500000000
1789760690544,25305.2500000000,25305.7500000000
1789760692776,25306.2500000000,25306.7500000000
1789760692974,25305.2500000000,25305.7500000000
1789760700055,25305.2500000000,25305.7500000000
1789760703491,25306.2500000000,25306.7500000000
1789760703696,25305.2500000000,25305.7500000000
1789760704505,25306.2500000000,25306.7500000000
1789760707333,25305.2500000000,25305.7500000000
1789760709557,25306.2500000000,25306.7500000000
1789760709760,25305.2500000000,25305.7500000000
1789760711982,25306.2500000000,25306.7500000000
1789760712386,25305.2500000000,25305.7500000000
1789760714612,25304.2500000000,25304.7500000000
1789760716232,25305.2500000000,25305.7500000000
1789760719666,25303.2500000000,25303.7500000000
1789760720474,25304.2500000000,25304.7500000000
1789760720881,25303.2500000000,25303.7500000000
1789760721690,25304.2500000000,25304.7500000000
1789760721896,25303.2500000000,25303.7500000000
1789760726746,25302.2500000000,25302.7500000000
1789760726953,25303.2500000000,25303.7500000000
1789760727150,25302.2500000000,25302.7500000000
1789760727352,25303.2500000000,25303.7500000000
1789760730182,25304.2500000000,25304.7500000000
1789760730592,25305.2500000000,25305.7500000000
1789760731191,25304.2500000000,25304.7500000000
1789760731995,25305.2500000000,25305.7500000000
1789760732604,25304.2500000000,25304.7500000000
1789760733623,25305.2500000000,25305.7500000000
1789760734629,25304.2500000000,25304.7500000000
1789760761755,25304.2500000000,25304.7500000000
1789760770859,25303.2500000000,25303.7500000000
1789760773487,25305.2500000000,25305.7500000000
1789760774097,25304.2500000000,25304.7500000000
1789760774303,25305.2500000000,25305.7500000000
1789760776322,25304.2500000000,25304.7500000000
1789760777335,25303.2500000000,25303.7500000000
1789760778753,25302.2500000000,25302.7500000000
1789760779760,25303.2500000000,25303.7500000000
1789760780165,25302.2500000000,25302.7500000000
1789760780569,25303.2500000000,25303.7500000000
1789760780773,25302.2500000000,25302.7500000000
1789760787655,25301.2500000000,25301.7500000000
1789760802224,25300.2500000000,25300.7500000000
1789760816178,25299.2500000000,25299.7500000000
1789760823048,25299.2500000000,25299.7500000000
1789760825683,25298.2500000000,25298.7500000000
1789760825887,25297.2500000000,25297.7500000000
1789760839846,25299.2500000000,25299.7500000000
1789760841462,25300.2500000000,25300.7500000000
1789760842878,25301.2500000000,25301.7500000000
1789760843088,25300.2500000000,25300.7500000000
1789760843690,25301.2500000000,25301.7500000000
1789760845307,25300.2500000000,25300.7500000000
1789760847738,25299.2500000000,25299.7500000000
1789760848549,25300.2500000000,25300.7500000000
1789760856641,25301.2500000000,25301.7500000000
1789760859072,25300.2500000000,25300.7500000000
1789760859685,25301.2500000000,25301.7500000000
1789760861302,25300.2500000000,25300.7500000000
1789760866157,25301.2500000000,25301.7500000000
1789760882346,25301.2500000000,25301.7500000000
1789760900752,25302.2500000000,25302.7500000000
1789760904387,25303.2500000000,25303.7500000000
1789760904592,25302.2500000000,25302.7500000000
1789760904792,25303.2500000000,25303.7500000000
1789760905403,25304.2500000000,25304.7500000000
1789760918747,25303.2500000000,25303.7500000000
1789760918950,25304.2500000000,25304.7500000000
1789760919557,25303.2500000000,25303.7500000000
1789760921178,25304.2500000000,25304.7500000000
1789760925429,25302.2500000000,25302.7500000000
1789760927247,25301.2500000000,25301.7500000000
1789760927450,25302.2500000000,25302.7500000000
1789760929474,25301.2500000000,25301.7500000000
1789760929677,25302.2500000000,25302.7500000000
1789760932710,25303.2500000000,25303.7500000000
1789760932913,25304.2500000000,25304.7500000000
1789760933114,25303.2500000000,25303.7500000000
1789760933317,25304.2500000000,25304.7500000000
1789760940404,25304.2500000000,25304.7500000000
1789760941008,25303.2500000000,25303.7500000000
1789760941217,25304.2500000000,25304.7500000000
1789760942017,25303.2500000000,25303.7500000000
1789760943440,25304.2500000000,25304.7500000000
1789760945663,25305.2500000000,25305.7500000000
1789760947282,25304.2500000000,25304.7500000000
1789760947484,25305.2500000000,25305.7500000000
1789760949706,25306.2500000000,25306.7500000000
1789760970332,25307.2500000000,25307.7500000000
1789760970534,25306.2500000000,25306.7500000000
1789760973162,25307.2500000000,25307.7500000000
1789760973366,25306.2500000000,25306.7500000000
1789760980048,25307.2500000000,25307.7500000000
1789760981668,25308.2500000000,25308.7500000000
1789760986520,25309.2500000000,25309.7500000000
1789760987738,25308.2500000000,25308.7500000000
1789760989359,25309.2500000000,25309.7500000000
1789760989758,25310.2500000000,25310.7500000000
1789760990970,25309.2500000000,25309.7500000000
1789760992183,25310.2500000000,25310.7500000000
1789760992384,25309.2500000000,25309.7500000000
1789760992991,25310.2500000000,25310.7500000000
1789760996638,25311.2500000000,25311.7500000000
1789760996845,25310.2500000000,25310.7500000000
1789760997039,25311.2500000000,25311.7500000000
1789760997241,25310.2500000000,25310.7500000000
1789761000074,25311.2500000000,25311.7500000000
1789761001083,25310.2500000000,25310.7500000000
1789761001891,25311.2500000000,25311.7500000000
1789761002496,25310.2500000000,25310.7500000000
1789761003105,25311.2500000000,25311.7500000000
1789761004928,25312.2500000000,25312.7500000000
1789761005538,25313.2500000000,25313.7500000000
1789761009575,25314.2500000000,25314.7500000000
1789761010384,25315.2500000000,25315.7500000000
1789761012209,25314.2500000000,25314.7500000000
1789761014838,25315.2500000000,25315.7500000000
1789761015241,25314.2500000000,25314.7500000000
1789761020297,25315.2500000000,25315.7500000000
1789761023126,25316.2500000000,25316.7500000000
1789761039519,25317.2500000000,25317.7500000000
1789761040326,25316.2500000000,25316.7500000000
1789761040938,25315.2500000000,25315.7500000000
1789761041537,25316.2500000000,25316.7500000000
1789761044774,25317.2500000000,25317.7500000000
1789761044976,25315.2500000000,25315.7500000000
1789761045786,25316.2500000000,25316.7500000000
1789761049230,25315.2500000000,25315.7500000000
1789761053278,25316.2500000000,25316.7500000000
1789761055709,25315.2500000000,25315.7500000000
1789761057929,25314.2500000000,25314.7500000000
1789761058331,25315.2500000000,25315.7500000000
1789761060360,25315.2500000000,25315.7500000000
1789761063590,25314.2500000000,25314.7500000000
1789761072491,25315.2500000000,25315.7500000000
1789761072898,25314.2500000000,25314.7500000000
1789761075729,25315.2500000000,25315.7500000000
1789761081595,25316.2500000000,25316.7500000000
1789761082398,25315.2500000000,25315.7500000000
1789761085836,25316.2500000000,25316.7500000000
1789761086645,25317.2500000000,25317.7500000000
1789761093321,25316.2500000000,25316.7500000000
1789761093928,25317.2500000000,25317.7500000000
1789761094940,25318.2500000000,25318.7500000000
1789761100599,25317.2500000000,25317.7500000000
1789761105455,25316.2500000000,25316.7500000000
1789761110920,25317.2500000000,25317.7500000000
1789761120430,25317.2500000000,25317.7500000000
1789761121642,25316.2500000000,25316.7500000000
1789761122455,25317.2500000000,25317.7500000000
1789761124875,25316.2500000000,25316.7500000000
1789761126899,25315.2500000000,25315.7500000000
1789761127709,25317.2500000000,25317.7500000000
1789761132766,25318.2500000000,25318.7500000000
1789761133175,25319.2500000000,25319.7500000000
1789761134795,25320.2500000000,25320.7500000000
1789761134999,25319.2500000000,25319.7500000000
1789761137424,25320.2500000000,25320.7500000000
1789761145118,25319.2500000000,25319.7500000000
1789761151991,25318.2500000000,25318.7500000000
1789761155427,25319.2500000000,25319.7500000000
1789761156032,25318.2500000000,25318.7500000000
1789761164321,25317.2500000000,25317.7500000000
1789761172822,25318.2500000000,25318.7500000000
1789761173630,25317.2500000000,25317.7500000000
1789761174034,25318.2500000000,25318.7500000000
1789761174240,25317.2500000000,25317.7500000000
1789761177877,25316.2500000000,25316.7500000000
1789761179091,25317.2500000000,25317.7500000000
1789761180104,25316.2500000000,25316.7500000000
1789761180715,25315.2500000000,25315.7500000000
1789761181114,25316.2500000000,25316.7500000000
1789761183135,25317.2500000000,25317.7500000000
1789761183943,25316.2500000000,25316.7500000000
1789761184750,25317.2500000000,25317.7500000000
1789761184959,25316.2500000000,25316.7500000000
1789761185158,25317.2500000000,25317.7500000000
1789761185360,25316.2500000000,25316.7500000000
1789761185762,25317.2500000000,25317.7500000000
1789761186977,25316.2500000000,25316.7500000000
1789761195890,25317.2500000000,25317.7500000000
1789761199730,25315.2500000000,25315.7500000000
1789761199928,25314.2500000000,25314.7500000000
1789761201952,25315.2500000000,25315.7500000000
1789761204985,25314.2500000000,25314.7500000000
1789761205995,25313.2500000000,25313.7500000000
1789761206200,25314.2500000000,25314.7500000000
1789761219961,25313.2500000000,25313.7500000000
1789761225628,25314.2500000000,25314.7500000000
1789761225826,25313.2500000000,25313.7500000000
1789761227243,25314.2500000000,25314.7500000000
1789761228060,25313.2500000000,25313.7500000000
1789761235757,25314.2500000000,25314.7500000000
1789761240002,25314.2500000000,25314.7500000000
1789761243440,25313.2500000000,25313.7500000000
1789761244664,25314.2500000000,25314.7500000000
1789761247894,25313.2500000000,25313.7500000000
1789761254373,25314.2500000000,25314.7500000000
1789761256401,25313.2500000000,25313.7500000000
1789761263888,25314.2500000000,25314.7500000000
1789761266724,25315.2500000000,25315.7500000000
1789761267330,25314.2500000000,25314.7500000000
1789761269754,25315.2500000000,25315.7500000000
1789761272995,25314.2500000000,25314.7500000000
1789761273606,25315.2500000000,25315.7500000000
1789761290602,25316.2500000000,25316.7500000000
1789761290805,25314.2500000000,25314.7500000000
1789761292018,25315.2500000000,25315.7500000000
1789761293837,25316.2500000000,25316.7500000000
1789761294036,25315.2500000000,25315.7500000000
1789761300105,25315.2500000000,25315.7500000000
1789761300314,25316.2500000000,25316.7500000000
1789761303942,25317.2500000000,25317.7500000000
1789761304144,25318.2500000000,25318.7500000000
1789761306571,25317.2500000000,25317.7500000000
1789761306772,25318.2500000000,25318.7500000000
1789761314048,25319.2500000000,25319.7500000000
1789761314453,25318.2500000000,25318.7500000000
1789761317492,25319.2500000000,25319.7500000000
1789761324160,25318.2500000000,25318.7500000000
1789761326788,25319.2500000000,25319.7500000000
1789761327798,25320.2500000000,25320.7500000000
1789761329217,25319.2500000000,25319.7500000000
1789761331640,25320.2500000000,25320.7500000000
1789761334280,25319.2500000000,25319.7500000000
1789761343374,25320.2500000000,25320.7500000000
1789761346002,25321.2500000000,25321.7500000000
1789761348022,25320.2500000000,25320.7500000000
1789761348224,25321.2500000000,25321.7500000000
1789761349034,25320.2500000000,25320.7500000000
1789761349238,25321.2500000000,25321.7500000000
1789761350653,25320.2500000000,25320.7500000000
1789761351058,25321.2500000000,25321.7500000000
1789761352496,25320.2500000000,25320.7500000000
1789761355734,25321.2500000000,25321.7500000000
1789761356748,25320.2500000000,25320.7500000000
1789761366255,25320.2500000000,25320.7500000000
1789761368072,25321.2500000000,25321.7500000000
1789761369085,25320.2500000000,25320.7500000000
1789761375760,25319.2500000000,25319.7500000000
1789761379204,25318.2500000000,25318.7500000000
1789761379412,25317.2500000000,25317.7500000000
1789761397808,25318.2500000000,25318.7500000000
1789761398214,25317.2500000000,25317.7500000000
1789761399632,25318.2500000000,25318.7500000000
1789761403880,25319.2500000000,25319.7500000000
1789761405496,25318.2500000000,25318.7500000000
1789761406710,25319.2500000000,25319.7500000000
1789761407316,25318.2500000000,25318.7500000000
1789761413177,25317.2500000000,25317.7500000000
1789761415805,25316.2500000000,25316.7500000000
1789761420251,25315.2500000000,25315.7500000000
1789761424297,25316.2500000000,25316.7500000000
1789761425513,25315.2500000000,25315.7500000000
1789761425911,25316.2500000000,25316.7500000000
1789761426115,25315.2500000000,25315.7500000000
1789761426920,25316.2500000000,25316.7500000000
1789761431169,25317.2500000000,25317.7500000000
1789761438253,25316.2500000000,25316.7500000000
1789761445126,25315.2500000000,25315.7500000000
1789761446140,25316.2500000000,25316.7500000000
1789761449977,25315.2500000000,25315.7500000000
1789761453422,25316.2500000000,25316.7500000000
1789761459692,25315.2500000000,25315.7500000000
1789761463139,25313.2500000000,25313.7500000000
1789761463338,25314.2500000000,25314.7500000000
1789761465970,25313.2500000000,25313.7500000000
1789761466178,25314.2500000000,25314.7500000000
1789761471233,25315.2500000000,25315.7500000000
1789761475281,25314.2500000000,25314.7500000000
1789761475481,25315.2500000000,25315.7500000000
1789761479122,25314.2500000000,25314.7500000000
1789761479925,25315.2500000000,25315.7500000000
1789761480130,25315.2500000000,25315.7500000000
1789761481343,25314.2500000000,25314.7500000000
1789761485587,25318.2500000000,25318.7500000000
1789761485795,25319.2500000000,25319.7500000000
1789761486202,25318.2500000000,25318.7500000000
1789761486403,25319.2500000000,25319.7500000000
1789761486598,25320.2500000000,25320.7500000000
1789761486798,25319.2500000000,25319.7500000000
1789761487001,25320.2500000000,25320.7500000000
1789761487405,25319.2500000000,25319.7500000000
1789761487812,25318.2500000000,25318.7500000000
1789761488424,25316.2500000000,25316.7500000000
1789761489224,25315.2500000000,25315.7500000000
1789761490031,25316.2500000000,25316.7500000000
1789761495907,25315.2500000000,25315.7500000000
1789761496116,25313.2500000000,25313.7500000000
1789761500566,25312.2500000000,25312.7500000000
1789761510075,25313.2500000000,25313.7500000000
1789761513316,25312.2500000000,25312.7500000000
1789761515135,25311.2500000000,25311.7500000000
1789761515742,25312.2500000000,25312.7500000000
1789761516751,25311.2500000000,25311.7500000000
1789761517156,25312.2500000000,25312.7500000000
1789761517762,25313.2500000000,25313.7500000000
1789761517965,25312.2500000000,25312.7500000000
1789761529301,25311.2500000000,25311.7500000000
1789761540633,25311.2500000000,25311.7500000000
1789761547304,25312.2500000000,25312.7500000000
1789761549126,25311.2500000000,25311.7500000000
1789761549326,25312.2500000000,25312.7500000000
1789761549530,25311.2500000000,25311.7500000000
1789761555802,25312.2500000000,25312.7500000000
1789761560864,25313.2500000000,25313.7500000000
1789761562686,25312.2500000000,25312.7500000000
1789761565518,25313.2500000000,25313.7500000000
1789761565727,25312.2500000000,25312.7500000000
1789761575836,25313.2500000000,25313.7500000000
1789761580077,25312.2500000000,25312.7500000000
1789761581892,25313.2500000000,25313.7500000000
1789761582299,25312.2500000000,25312.7500000000
1789761584326,25311.2500000000,25311.7500000000
1789761599103,25310.2500000000,25310.7500000000
1789761600116,25311.2500000000,25311.7500000000
1789761600922,25310.2500000000,25310.7500000000
1789761602140,25309.2500000000,25309.7500000000
1789761604165,25308.2500000000,25308.7500000000
1789761604777,25307.2500000000,25307.7500000000
1789761605179,25308.2500000000,25308.7500000000
1789761605380,25307.2500000000,25307.7500000000
1789761605991,25306.2500000000,25306.7500000000
1789761608417,25305.2500000000,25305.7500000000
1789761610841,25304.2500000000,25304.7500000000
1789761617129,25305.2500000000,25305.7500000000
1789761618540,25304.2500000000,25304.7500000000
1789761644849,25303.2500000000,25303.7500000000
1789761647477,25302.2500000000,25302.7500000000
1789761647685,25303.2500000000,25303.7500000000
1789761648290,25302.2500000000,25302.7500000000
1789761649502,25303.2500000000,25303.7500000000
1789761649708,25302.2500000000,25302.7500000000
1789761649912,25303.2500000000,25303.7500000000
1789761650315,25302.2500000000,25302.7500000000
1789761656587,25303.2500000000,25303.7500000000
1789761656789,25304.2500000000,25304.7500000000
1789761660834,25306.2500000000,25306.7500000000
1789761661429,25305.2500000000,25305.7500000000
1789761663453,25306.2500000000,25306.7500000000
1789761672140,25307.2500000000,25307.7500000000
1789761673150,25306.2500000000,25306.7500000000
1789761679228,25307.2500000000,25307.7500000000
1789761682268,25306.2500000000,25306.7500000000
1789761687522,25305.2500000000,25305.7500000000
1789761687924,25306.2500000000,25306.7500000000
1789761688334,25307.2500000000,25307.7500000000
1789761702903,25306.2500000000,25306.7500000000
1789761714230,25305.2500000000,25305.7500000000
1789761718881,25304.2500000000,25304.7500000000
1789761719082,25305.2500000000,25305.7500000000
1789761720096,25305.2500000000,25305.7500000000
1789761725147,25304.2500000000,25304.7500000000
1789761726766,25305.2500000000,25305.7500000000
1789761728791,25304.2500000000,25304.7500000000
1789761745390,25305.2500000000,25305.7500000000
1789761758729,25304.2500000000,25304.7500000000
1789761768025,25305.2500000000,25305.7500000000
1789761769243,25304.2500000000,25304.7500000000
1789761769645,25305.2500000000,25305.7500000000
1789761775100,25304.2500000000,25304.7500000000
1789761776311,25305.2500000000,25305.7500000000
1789761776723,25304.2500000000,25304.7500000000
1789761780960,25304.2500000000,25304.7500000000
1789761781969,25303.2500000000,25303.7500000000
1789761782578,25304.2500000000,25304.7500000000
1789761788447,25305.2500000000,25305.7500000000
1789761789257,25304.2500000000,25304.7500000000
1789761789459,25305.2500000000,25305.7500000000
1789761789666,25304.2500000000,25304.7500000000
1789761790269,25305.2500000000,25305.7500000000
1789761790673,25304.2500000000,25304.7500000000
1789761793904,25305.2500000000,25305.7500000000
1789761794106,25304.2500000000,25304.7500000000
1789761794914,25305.2500000000,25305.7500000000
1789761795117,25304.2500000000,25304.7500000000
1789761800989,25305.2500000000,25305.7500000000
1789761803215,25306.2500000000,25306.7500000000
1789761808070,25307.2500000000,25307.7500000000
1789761808268,25306.2500000000,25306.7500000000
1789761810895,25307.2500000000,25307.7500000000
1789761814538,25306.2500000000,25306.7500000000
1789761814740,25307.2500000000,25307.7500000000
1789761815952,25306.2500000000,25306.7500000000
1789761823030,25307.2500000000,25307.7500000000
1789761827274,25306.2500000000,25306.7500000000
1789761829703,25305.2500000000,25305.7500000000
1789761833947,25306.2500000000,25306.7500000000
1789761844860,25305.2500000000,25305.7500000000
1789761851543,25304.2500000000,25304.7500000000
1789761852165,25303.2500000000,25303.7500000000
1789761855589,25304.2500000000,25304.7500000000
1789761856195,25303.2500000000,25303.7500000000
1789761860242,25304.2500000000,25304.7500000000
1789761873392,25305.2500000000,25305.7500000000
1789761879051,25306.2500000000,25306.7500000000
1789761881475,25305.2500000000,25305.7500000000
1789761885720,25304.2500000000,25304.7500000000
1789761899883,25305.2500000000,25305.7500000000
1789761900696,25304.2500000000,25304.7500000000
1789761901907,25305.2500000000,25305.7500000000
1789761902916,25306.2500000000,25306.7500000000
1789761909384,25305.2500000000,25305.7500000000
1789761911610,25306.2500000000,25306.7500000000
1789761912220,25307.2500000000,25307.7500000000
1789761913231,25306.2500000000,25306.7500000000
1789761915862,25307.2500000000,25307.7500000000
1789761918893,25308.2500000000,25308.7500000000
1789761929208,25309.2500000000,25309.7500000000
1789761929609,25308.2500000000,25308.7500000000
1789761935877,25309.2500000000,25309.7500000000
1789761941336,25308.2500000000,25308.7500000000
1789761945580,25309.2500000000,25309.7500000000
1789761947599,25310.2500000000,25310.7500000000
1789761947802,25309.2500000000,25309.7500000000
1789761948002,25310.2500000000,25310.7500000000
1789761948406,25309.2500000000,25309.7500000000
1789761949623,25310.2500000000,25310.7500000000
1789761950227,25309.2500000000,25309.7500000000
1789761952477,25310.2500000000,25310.7500000000
1789761955102,25309.2500000000,25309.7500000000
1789761956720,25308.2500000000,25308.7500000000
1789761960361,25308.2500000000,25308.7500000000
1789761966837,25307.2500000000,25307.7500000000
1789761972098,25306.2500000000,25306.7500000000
1789761974525,25307.2500000000,25307.7500000000
1789761978978,25308.2500000000,25308.7500000000
1789761982838,25307.2500000000,25307.7500000000
1789761988093,25306.2500000000,25306.7500000000
1789761994163,25305.2500000000,25305.7500000000
1789761994768,25306.2500000000,25306.7500000000
1789761995374,25307.2500000000,25307.7500000000
1789761998004,25306.2500000000,25306.7500000000
1789761999831,25307.2500000000,25307.7500000000
1789762001242,25306.2500000000,25306.7500000000
1789762020246,25306.2500000000,25306.7500000000
1789762030370,25305.2500000000,25305.7500000000
1789762030573,25306.2500000000,25306.7500000000
1789762034620,25307.2500000000,25307.7500000000
1789762040079,25306.2500000000,25306.7500000000
1789762040284,25307.2500000000,25307.7500000000
1789762040488,25306.2500000000,25306.7500000000
1789762056057,25305.2500000000,25305.7500000000
1789762056263,25306.2500000000,25306.7500000000
1789762065370,25307.2500000000,25307.7500000000
1789762068003,25306.2500000000,25306.7500000000
1789762070232,25307.2500000000,25307.7500000000
1789762071643,25306.2500000000,25306.7500000000
1789762082170,25307.2500000000,25307.7500000000
1789762082980,25308.2500000000,25308.7500000000
1789762083182,25309.2500000000,25309.7500000000
1789762085006,25310.2500000000,25310.7500000000
1789762088646,25311.2500000000,25311.7500000000
1789762092085,25312.2500000000,25312.7500000000
1789762098155,25311.2500000000,25311.7500000000
1789762104021,25310.2500000000,25310.7500000000
1789762117976,25309.2500000000,25309.7500000000
1789762120197,25308.2500000000,25308.7500000000
1789762123232,25309.2500000000,25309.7500000000
1789762123632,25308.2500000000,25308.7500000000
1789762126265,25309.2500000000,25309.7500000000
1789762132127,25308.2500000000,25308.7500000000
1789762137383,25309.2500000000,25309.7500000000
1789762140215,25309.2500000000,25309.7500000000
1789762141629,25310.2500000000,25310.7500000000
1789762147685,25309.2500000000,25309.7500000000
1789762154769,25310.2500000000,25310.7500000000
1789762160841,25309.2500000000,25309.7500000000
1789762162055,25310.2500000000,25310.7500000000
1789762170151,25309.2500000000,25309.7500000000
1789762170756,25310.2500000000,25310.7500000000
1789762175410,25309.2500000000,25309.7500000000
1789762184116,25308.2500000000,25308.7500000000
1789762192611,25309.2500000000,25309.7500000000
1789762194431,25308.2500000000,25308.7500000000
1789762194831,25309.2500000000,25309.7500000000
1789762199487,25310.2500000000,25310.7500000000
1789762200300,25310.2500000000,25310.7500000000
1789762201718,25309.2500000000,25309.7500000000
1789762201919,25310.2500000000,25310.7500000000
1789762216891,25311.2500000000,25311.7500000000
1789762219328,25310.2500000000,25310.7500000000
1789762233278,25309.2500000000,25309.7500000000
1789762235099,25310.2500000000,25310.7500000000
1789762238945,25311.2500000000,25311.7500000000
1789762241171,25310.2500000000,25310.7500000000
1789762250479,25311.2500000000,25311.7500000000
1789762251291,25310.2500000000,25310.7500000000
1789762261007,25310.2500000000,25310.7500000000
1789762277200,25309.2500000000,25309.7500000000
1789762278213,25310.2500000000,25310.7500000000
1789762279220,25309.2500000000,25309.7500000000
1789762283470,25308.2500000000,25308.7500000000
1789762286715,25307.2500000000,25307.7500000000
1789762288127,25308.2500000000,25308.7500000000
1789762300863,25307.2500000000,25307.7500000000
1789762301265,25308.2500000000,25308.7500000000
1789762302890,25307.2500000000,25307.7500000000
1789762303290,25306.2500000000,25306.7500000000
1789762303695,25307.2500000000,25307.7500000000
1789762306127,25308.2500000000,25308.7500000000
1789762316860,25309.2500000000,25309.7500000000
1789762317065,25308.2500000000,25308.7500000000
1789762317265,25309.2500000000,25309.7500000000
1789762321306,25309.2500000000,25309.7500000000
1789762327374,25308.2500000000,25308.7500000000
1789762331216,25309.2500000000,25309.7500000000
1789762338294,25308.2500000000,25308.7500000000
1789762338499,25309.2500000000,25309.7500000000
1789762339104,25308.2500000000,25308.7500000000
1789762343152,25307.2500000000,25307.7500000000
1789762348207,25306.2500000000,25306.7500000000
1789762348410,25305.2500000000,25305.7500000000
1789762356098,25306.2500000000,25306.7500000000
1789762356909,25305.2500000000,25305.7500000000
1789762358118,25306.2500000000,25306.7500000000
1789762359537,25305.2500000000,25305.7500000000
1789762359940,25306.2500000000,25306.7500000000
1789762362365,25305.2500000000,25305.7500000000
1789762372672,25304.2500000000,25304.7500000000
1789762380357,25304.2500000000,25304.7500000000
1789762390076,25305.2500000000,25305.7500000000
1789762391489,25304.2500000000,25304.7500000000
1789762397359,25305.2500000000,25305.7500000000
1789762407060,25306.2500000000,25306.7500000000
1789762408675,25307.2500000000,25307.7500000000
1789762409085,25308.2500000000,25308.7500000000
1789762416173,25307.2500000000,25307.7500000000
1789762417989,25306.2500000000,25306.7500000000
1789762436595,25305.2500000000,25305.7500000000
1789762437202,25306.2500000000,25306.7500000000
1789762440234,25306.2500000000,25306.7500000000
1789762442879,25308.2500000000,25308.7500000000
1789762443278,25307.2500000000,25307.7500000000
1789762477644,25308.2500000000,25308.7500000000
1789762489984,25309.2500000000,25309.7500000000
1789762494839,25310.2500000000,25310.7500000000
1789762495445,25309.2500000000,25309.7500000000
1789762501716,25308.2500000000,25308.7500000000
1789762501921,25309.2500000000,25309.7500000000
1789762507581,25308.2500000000,25308.7500000000
1789762508591,25309.2500000000,25309.7500000000
1789762508997,25310.2500000000,25310.7500000000
1789762509203,25309.2500000000,25309.7500000000
1789762519519,25308.2500000000,25308.7500000000
1789762524376,25309.2500000000,25309.7500000000
1789762524983,25310.2500000000,25310.7500000000
1789762535304,25311.2500000000,25311.7500000000
1789762538136,25310.2500000000,25310.7500000000
1789762540160,25311.2500000000,25311.7500000000
1789762556353,25312.2500000000,25312.7500000000
1789762556959,25313.2500000000,25313.7500000000
1789762560403,25313.2500000000,25313.7500000000
1789762564852,25311.2500000000,25311.7500000000
1789762565050,25312.2500000000,25312.7500000000
1789762565660,25311.2500000000,25311.7500000000
1789762566871,25312.2500000000,25312.7500000000
1789762567076,25311.2500000000,25311.7500000000
1789762572126,25310.2500000000,25310.7500000000
1789762576177,25311.2500000000,25311.7500000000
1789762577799,25310.2500000000,25310.7500000000
1789762579218,25311.2500000000,25311.7500000000
1789762585286,25310.2500000000,25310.7500000000
1789762586096,25311.2500000000,25311.7500000000
1789762586703,25310.2500000000,25310.7500000000
1789762591557,25309.2500000000,25309.7500000000
1789762591758,25310.2500000000,25310.7500000000
1789762600052,25309.2500000000,25309.7500000000
1789762602077,25308.2500000000,25308.7500000000
1789762603694,25309.2500000000,25309.7500000000
1789762612796,25308.2500000000,25308.7500000000
1789762613001,25309.2500000000,25309.7500000000
1789762617652,25310.2500000000,25310.7500000000
1789762620486,25309.2500000000,25309.7500000000
1789762625746,25308.2500000000,25308.7500000000
1789762629991,25309.2500000000,25309.7500000000
1789762635255,25311.2500000000,25311.7500000000
1789762636062,25312.2500000000,25312.7500000000
1789762644568,25311.2500000000,25311.7500000000
1789762646794,25310.2500000000,25310.7500000000
1789762650430,25309.2500000000,25309.7500000000
1789762667417,25310.2500000000,25310.7500000000
1789762667823,25309.2500000000,25309.7500000000
1789762675111,25310.2500000000,25310.7500000000
1789762675314,25309.2500000000,25309.7500000000
1789762676531,25310.2500000000,25310.7500000000
1789762676734,25312.2500000000,25312.7500000000
1789762679164,25311.2500000000,25311.7500000000
1789762680174,25311.2500000000,25311.7500000000
1789762683008,25312.2500000000,25312.7500000000
1789762686451,25311.2500000000,25311.7500000000
1789762691307,25312.2500000000,25312.7500000000
1789762693327,25313.2500000000,25313.7500000000
1789762694339,25312.2500000000,25312.7500000000
1789762701023,25311.2500000000,25311.7500000000
1789762728124,25309.2500000000,25309.7500000000
1789762729337,25310.2500000000,25310.7500000000
1789762733183,25309.2500000000,25309.7500000000
1789762740461,25308.2500000000,25308.7500000000
1789762741475,25309.2500000000,25309.7500000000
1789762742285,25308.2500000000,25308.7500000000
1789762745323,25309.2500000000,25309.7500000000
1789762748145,25308.2500000000,25308.7500000000
1789762770201,25307.2500000000,25307.7500000000
1789762778897,25306.2500000000,25306.7500000000
1789762792460,25305.2500000000,25305.7500000000
1789762796903,25306.2500000000,25306.7500000000
1789762799535,25307.2500000000,25307.7500000000
1789762799738,25306.2500000000,25306.7500000000
1789762800141,25306.2500000000,25306.7500000000
1789762814308,25307.2500000000,25307.7500000000
1789762814509,25306.2500000000,25306.7500000000
1789762819162,25307.2500000000,25307.7500000000
1789762830908,25306.2500000000,25306.7500000000
1789762831309,25307.2500000000,25307.7500000000
1789762831914,25306.2500000000,25306.7500000000
1789762835555,25305.2500000000,25305.7500000000
1789762839187,25306.2500000000,25306.7500000000
1789762839390,25305.2500000000,25305.7500000000
1789762839593,25306.2500000000,25306.7500000000
1789762840403,25305.2500000000,25305.7500000000
1789762840808,25306.2500000000,25306.7500000000
1789762841420,25305.2500000000,25305.7500000000
1789762841818,25306.2500000000,25306.7500000000
1789762842829,25305.2500000000,25305.7500000000
1789762849918,25304.2500000000,25304.7500000000
1789762850122,25305.2500000000,25305.7500000000
1789762858806,25304.2500000000,25304.7500000000
1789762859413,25305.2500000000,25305.7500000000
1789762870538,25305.2500000000,25305.7500000000
1789762871552,25306.2500000000,25306.7500000000
1789762873577,25307.2500000000,25307.7500000000
1789762875193,25306.2500000000,25306.7500000000
1789762877218,25307.2500000000,25307.7500000000
1789762880048,25306.2500000000,25306.7500000000
1789762881668,25307.2500000000,25307.7500000000
1789762882076,25306.2500000000,25306.7500000000
1789762888754,25307.2500000000,25307.7500000000
1789762889358,25306.2500000000,25306.7500000000
1789762892599,25307.2500000000,25307.7500000000
1789762894014,25306.2500000000,25306.7500000000
1789762897253,25305.2500000000,25305.7500000000
1789762897658,25307.2500000000,25307.7500000000
1789762922360,25308.2500000000,25308.7500000000
1789762929854,25309.2500000000,25309.7500000000
1789762930461,25306.2500000000,25306.7500000000
1789762941387,25305.2500000000,25305.7500000000
1789762950093,25306.2500000000,25306.7500000000
1789762951903,25307.2500000000,25307.7500000000
1789762956357,25308.2500000000,25308.7500000000
1789762957171,25307.2500000000,25307.7500000000
1789762963437,25308.2500000000,25308.7500000000
1789762963639,25307.2500000000,25307.7500000000
1789762969712,25308.2500000000,25308.7500000000
1789762970317,25309.2500000000,25309.7500000000
1789762975174,25310.2500000000,25310.7500000000
1789762978412,25311.2500000000,25311.7500000000
1789762980834,25311.2500000000,25311.7500000000
1789762986094,25310.2500000000,25310.7500000000
1789763010985,25311.2500000000,25311.7500000000
1789763011185,25310.2500000000,25310.7500000000
1789763020481,25311.2500000000,25311.7500000000
1789763020889,25310.2500000000,25310.7500000000
1789763033223,25312.2500000000,25312.7500000000
1789763033625,25311.2500000000,25311.7500000000
1789763034030,25312.2500000000,25312.7500000000
1789763035044,25311.2500000000,25311.7500000000
1789763040106,25311.2500000000,25311.7500000000
1789763054263,25309.2500000000,25309.7500000000
1789763054466,25310.2500000000,25310.7500000000
1789763057104,25309.2500000000,25309.7500000000
1789763060339,25310.2500000000,25310.7500000000
1789763064187,25311.2500000000,25311.7500000000
1789763081183,25310.2500000000,25310.7500000000
1789763081992,25311.2500000000,25311.7500000000
1789763095142,25312.2500000000,25312.7500000000
1789763095539,25311.2500000000,25311.7500000000
1789763099587,25312.2500000000,25312.7500000000
1789763099789,25311.2500000000,25311.7500000000
1789763101009,25311.2500000000,25311.7500000000
1789763113553,25310.2500000000,25310.7500000000
1789763113755,25311.2500000000,25311.7500000000
1789763118213,25310.2500000000,25310.7500000000
1789763127912,25309.2500000000,25309.7500000000
1789763136615,25310.2500000000,25310.7500000000
1789763140657,25311.2500000000,25311.7500000000
1789763141070,25310.2500000000,25310.7500000000
1789763149772,25311.2500000000,25311.7500000000
1789763150377,25310.2500000000,25310.7500000000
1789763151184,25311.2500000000,25311.7500000000
1789763151587,25310.2500000000,25310.7500000000
1789763160314,25310.2500000000,25310.7500000000
1789763160716,25311.2500000000,25311.7500000000
1789763161122,25310.2500000000,25310.7500000000
1789763166581,25309.2500000000,25309.7500000000
1789763171033,25310.2500000000,25310.7500000000
1789763171237,25309.2500000000,25309.7500000000
1789763182572,25310.2500000000,25310.7500000000
1789763209070,25309.2500000000,25309.7500000000
1789763209476,25310.2500000000,25310.7500000000
1789763213928,25311.2500000000,25311.7500000000
1789763221203,25311.2500000000,25311.7500000000
1789763246094,25312.2500000000,25312.7500000000
1789763249127,25311.2500000000,25311.7500000000
1789763256815,25312.2500000000,25312.7500000000
1789763258030,25311.2500000000,25311.7500000000
1789763263689,25312.2500000000,25312.7500000000
1789763278463,25313.2500000000,25313.7500000000
1789763279471,25312.2500000000,25312.7500000000
1789763282305,25312.2500000000,25312.7500000000
1789763284329,25313.2500000000,25313.7500000000
1789763287363,25312.2500000000,25312.7500000000
1789763303142,25311.2500000000,25311.7500000000
1789763304155,25312.2500000000,25312.7500000000
1789763305375,25311.2500000000,25311.7500000000
1789763305779,25312.2500000000,25312.7500000000
1789763306787,25311.2500000000,25311.7500000000
1789763310830,25312.2500000000,25312.7500000000
1789763313252,25311.2500000000,25311.7500000000
1789763317700,25309.2500000000,25309.7500000000
1789763329428,25308.2500000000,25308.7500000000
1789763331450,25309.2500000000,25309.7500000000
1789763338325,25310.2500000000,25310.7500000000
1789763338523,25309.2500000000,25309.7500000000
1789763341158,25310.2500000000,25310.7500000000
1789763343794,25309.2500000000,25309.7500000000
1789763355330,25310.2500000000,25310.7500000000
1789763379604,25309.2500000000,25309.7500000000
1789763397204,25307.2500000000,25307.7500000000
1789763400233,25307.2500000000,25307.7500000000
1789763402457,25306.2500000000,25306.7500000000
1789763403875,25307.2500000000,25307.7500000000
1789763417638,25308.2500000000,25308.7500000000
1789763418046,25309.2500000000,25309.7500000000
1789763423099,25308.2500000000,25308.7500000000
1789763427744,25307.2500000000,25307.7500000000
1789763428355,25306.2500000000,25306.7500000000
1789763430985,25305.2500000000,25305.7500000000
1789763436236,25304.2500000000,25304.7500000000
1789763439272,25303.2500000000,25303.7500000000
1789763443928,25304.2500000000,25304.7500000000
1789763449380,25303.2500000000,25303.7500000000
1789763449580,25304.2500000000,25304.7500000000
1789763451202,25303.2500000000,25303.7500000000
1789763454835,25304.2500000000,25304.7500000000
1789763465344,25304.2500000000,25304.7500000000
1789763471212,25305.2500000000,25305.7500000000
1789763471413,25304.2500000000,25304.7500000000
1789763472824,25305.2500000000,25305.7500000000
1789763473230,25304.2500000000,25304.7500000000
1789763474442,25305.2500000000,25305.7500000000
1789763476671,25304.2500000000,25304.7500000000
1789763477477,25305.2500000000,25305.7500000000
1789763479502,25304.2500000000,25304.7500000000
1789763483752,25303.2500000000,25303.7500000000
1789763484357,25304.2500000000,25304.7500000000
1789763486990,25303.2500000000,25303.7500000000
1789763487595,25304.2500000000,25304.7500000000
1789763496505,25305.2500000000,25305.7500000000
1789763497107,25304.2500000000,25304.7500000000
1789763502973,25305.2500000000,25305.7500000000
1789763503174,25306.2500000000,25306.7500000000
1789763510466,25305.2500000000,25305.7500000000
1789763511074,25304.2500000000,25304.7500000000
1789763511885,25305.2500000000,25305.7500000000
1789763520182,25305.2500000000,25305.7500000000
1789763536568,25304.2500000000,25304.7500000000
1789763537169,25305.2500000000,25305.7500000000
1789763542226,25304.2500000000,25304.7500000000
1789763548095,25305.2500000000,25305.7500000000
1789763548300,25304.2500000000,25304.7500000000
1789763570149,25305.2500000000,25305.7500000000
1789763572980,25304.2500000000,25304.7500000000
1789763578445,25305.2500000000,25305.7500000000
1789763580266,25305.2500000000,25305.7500000000
1789763583703,25304.2500000000,25304.7500000000
1789763584713,25305.2500000000,25305.7500000000
1789763587548,25304.2500000000,25304.7500000000
1789763587749,25305.2500000000,25305.7500000000
1789763592605,25304.2500000000,25304.7500000000
1789763596243,25303.2500000000,25303.7500000000
1789763596650,25304.2500000000,25304.7500000000
1789763599893,25303.2500000000,25303.7500000000
1789763602516,25304.2500000000,25304.7500000000
1789763605144,25303.2500000000,25303.7500000000
1789763609800,25302.2500000000,25302.7500000000
1789763610399,25303.2500000000,25303.7500000000
1789763610604,25302.2500000000,25302.7500000000
1789763613837,25303.2500000000,25303.7500000000
1789763623951,25304.2500000000,25304.7500000000
1789763625163,25303.2500000000,25303.7500000000
1789763640124,25303.2500000000,25303.7500000000
1789763645186,25304.2500000000,25304.7500000000
1789763649422,25303.2500000000,25303.7500000000
1789763651243,25304.2500000000,25304.7500000000
1789763652053,25303.2500000000,25303.7500000000
1789763656510,25305.2500000000,25305.7500000000
1789763657124,25307.2500000000,25307.7500000000
1789763660966,25309.2500000000,25309.7500000000
1789763661371,25308.2500000000,25308.7500000000
1789763664412,25307.2500000000,25307.7500000000
1789763666225,25308.2500000000,25308.7500000000
1789763670262,25307.2500000000,25307.7500000000
1789763672083,25306.2500000000,25306.7500000000
1789763685440,25305.2500000000,25305.7500000000
1789763690088,25306.2500000000,25306.7500000000
1789763700004,25307.2500000000,25307.7500000000
1789763708496,25308.2500000000,25308.7500000000
1789763709710,25307.2500000000,25307.7500000000
1789763719020,25308.2500000000,25308.7500000000
1789763723465,25309.2500000000,25309.7500000000
1789763725689,25308.2500000000,25308.7500000000
1789763726500,25309.2500000000,25309.7500000000
1789763742885,25308.2500000000,25308.7500000000
1789763743086,25309.2500000000,25309.7500000000
1789763743692,25308.2500000000,25308.7500000000
1789763760091,25309.2500000000,25309.7500000000
1789763761516,25310.2500000000,25310.7500000000
1789763780731,25311.2500000000,25311.7500000000
1789763781132,25310.2500000000,25310.7500000000
1789763782347,25311.2500000000,25311.7500000000
1789763783962,25312.2500000000,25312.7500000000
1789763792666,25313.2500000000,25313.7500000000
1789763796303,25312.2500000000,25312.7500000000
1789763796910,25313.2500000000,25313.7500000000
1789763800145,25312.2500000000,25312.7500000000
1789763803378,25311.2500000000,25311.7500000000
1789763820372,25312.2500000000,25312.7500000000
1789763831291,25313.2500000000,25313.7500000000
1789763832710,25312.2500000000,25312.7500000000
1789763854947,25311.2500000000,25311.7500000000
1789763855550,25312.2500000000,25312.7500000000
1789763857774,25311.2500000000,25311.7500000000
1789763857973,25312.2500000000,25312.7500000000
1789763877183,25310.2500000000,25310.7500000000
1789763878398,25309.2500000000,25309.7500000000
1789763880225,25310.2500000000,25310.7500000000
1789763886492,25309.2500000000,25309.7500000000
1789763894579,25310.2500000000,25310.7500000000
1789763910355,25311.2500000000,25311.7500000000
1789763925727,25312.2500000000,25312.7500000000
1789763944146,25312.2500000000,25312.7500000000
1789763960330,25313.2500000000,25313.7500000000
1789763960732,25312.2500000000,25312.7500000000
1789763982990,25313.2500000000,25313.7500000000
1789763983593,25312.2500000000,25312.7500000000
1789764000178,25312.2500000000,25312.7500000000
1789764010498,25311.2500000000,25311.7500000000
1789764017996,25312.2500000000,25312.7500000000
1789764040644,25311.2500000000,25311.7500000000
1789764041046,25312.2500000000,25312.7500000000
1789764057025,25313.2500000000,25313.7500000000
1789764057225,25312.2500000000,25312.7500000000
1789764060257,25311.2500000000,25311.7500000000
1789764065314,25310.2500000000,25310.7500000000
1789764066729,25311.2500000000,25311.7500000000
1789764069561,25310.2500000000,25310.7500000000
1789764070776,25311.2500000000,25311.7500000000
1789764071994,25313.2500000000,25313.7500000000
1789764079279,25312.2500000000,25312.7500000000
1789764084534,25311.2500000000,25311.7500000000
1789764087563,25312.2500000000,25312.7500000000
1789764087765,25311.2500000000,25311.7500000000
1789764090596,25312.2500000000,25312.7500000000
1789764094232,25313.2500000000,25313.7500000000
1789764095038,25312.2500000000,25312.7500000000
1789764098475,25313.2500000000,25313.7500000000
1789764099283,25312.2500000000,25312.7500000000
1789764100302,25313.2500000000,25313.7500000000
1789764101509,25312.2500000000,25312.7500000000
1789764104543,25313.2500000000,25313.7500000000
1789764107781,25312.2500000000,25312.7500000000
1789764108993,25313.2500000000,25313.7500000000
1789764118302,25312.2500000000,25312.7500000000
1789764121339,25313.2500000000,25313.7500000000
1789764121545,25312.2500000000,25312.7500000000
1789764127803,25311.2500000000,25311.7500000000
1789764128209,25312.2500000000,25312.7500000000
1789764128414,25311.2500000000,25311.7500000000
1789764135893,25312.2500000000,25312.7500000000
1789764159575,25313.2500000000,25313.7500000000
1789764159775,25315.2500000000,25315.7500000000
1789764165237,25316.2500000000,25316.7500000000
1789764165433,25315.2500000000,25315.7500000000
1789764187281,25314.2500000000,25314.7500000000
1789764187491,25315.2500000000,25315.7500000000
1789764202850,25316.2500000000,25316.7500000000
1789764216799,25315.2500000000,25315.7500000000
1789764217200,25316.2500000000,25316.7500000000
1789764227928,25315.2500000000,25315.7500000000
1789764229142,25314.2500000000,25314.7500000000
1789764234200,25313.2500000000,25313.7500000000
1789764235414,25312.2500000000,25312.7500000000
1789764235822,25313.2500000000,25313.7500000000
1789764237436,25312.2500000000,25312.7500000000
1789764239869,25313.2500000000,25313.7500000000
1789764240068,25314.2500000000,25314.7500000000
1789764249563,25315.2500000000,25315.7500000000
1789764250372,25314.2500000000,25314.7500000000
1789764253610,25315.2500000000,25315.7500000000
1789764255229,25314.2500000000,25314.7500000000
1789764263939,25315.2500000000,25315.7500000000
1789764281732,25314.2500000000,25314.7500000000
1789764286791,25315.2500000000,25315.7500000000
1789764287194,25314.2500000000,25314.7500000000
1789764287600,25315.2500000000,25315.7500000000
1789764299736,25314.2500000000,25314.7500000000
1789764300958,25313.2500000000,25313.7500000000
1789764301563,25314.2500000000,25314.7500000000
1789764302789,25313.2500000000,25313.7500000000
1789764303806,25314.2500000000,25314.7500000000
1789764308852,25313.2500000000,25313.7500000000
1789764317555,25314.2500000000,25314.7500000000
1789764319583,25313.2500000000,25313.7500000000
1789764321000,25314.2500000000,25314.7500000000
1789764335976,25313.2500000000,25313.7500000000
1789764343256,25312.2500000000,25312.7500000000
1789764346288,25313.2500000000,25313.7500000000
1789764353194,25312.2500000000,25312.7500000000
1789764353809,25313.2500000000,25313.7500000000
1789764359265,25312.2500000000,25312.7500000000
1789764360278,25313.2500000000,25313.7500000000
1789764363108,25312.2500000000,25312.7500000000
1789764377884,25313.2500000000,25313.7500000000
1789764384162,25312.2500000000,25312.7500000000
1789764395478,25311.2500000000,25311.7500000000
1789764397704,25310.2500000000,25310.7500000000
1789764400334,25311.2500000000,25311.7500000000
1789764400937,25310.2500000000,25310.7500000000
1789764408215,25309.2500000000,25309.7500000000
1789764409025,25310.2500000000,25310.7500000000
1789764414295,25311.2500000000,25311.7500000000
1789764417324,25310.2500000000,25310.7500000000
1789764417526,25311.2500000000,25311.7500000000
1789764418334,25310.2500000000,25310.7500000000
1789764420158,25311.2500000000,25311.7500000000
1789764423393,25310.2500000000,25310.7500000000
1789764424000,25311.2500000000,25311.7500000000
1789764424404,25310.2500000000,25310.7500000000
1789764425618,25311.2500000000,25311.7500000000
1789764434936,25312.2500000000,25312.7500000000
1789764435340,25311.2500000000,25311.7500000000
1789764441809,25312.2500000000,25312.7500000000
1789764444438,25311.2500000000,25311.7500000000
1789764476815,25312.2500000000,25312.7500000000
1789764477623,25311.2500000000,25311.7500000000
1789764480250,25311.2500000000,25311.7500000000
1789764485106,25309.2500000000,25309.7500000000
1789764502914,25307.2500000000,25307.7500000000
1789764509786,25306.2500000000,25306.7500000000
1789764515443,25305.2500000000,25305.7500000000
1789764515849,25306.2500000000,25306.7500000000
1789764536687,25305.2500000000,25305.7500000000
1789764539516,25306.2500000000,25306.7500000000
1789764541743,25306.2500000000,25306.7500000000
1789764550037,25305.2500000000,25305.7500000000
1789764550647,25306.2500000000,25306.7500000000
1789764558119,25305.2500000000,25305.7500000000
1789764558319,25306.2500000000,25306.7500000000
1789764561357,25305.2500000000,25305.7500000000
1789764562164,25306.2500000000,25306.7500000000
1789764563168,25305.2500000000,25305.7500000000
1789764569039,25306.2500000000,25306.7500000000
1789764570051,25305.2500000000,25305.7500000000
1789764572276,25306.2500000000,25306.7500000000
1789764586626,25307.2500000000,25307.7500000000
1789764589258,25306.2500000000,25306.7500000000
1789764593709,25307.2500000000,25307.7500000000
1789764601393,25307.2500000000,25307.7500000000
1789764621426,25308.2500000000,25308.7500000000
1789764627291,25307.2500000000,25307.7500000000
1789764637804,25308.2500000000,25308.7500000000
1789764638615,25307.2500000000,25307.7500000000
1789764640230,25306.2500000000,25306.7500000000
1789764640432,25307.2500000000,25307.7500000000
1789764649336,25308.2500000000,25308.7500000000
1789764649538,25307.2500000000,25307.7500000000
1789764657627,25308.2500000000,25308.7500000000
1789764658031,25307.2500000000,25307.7500000000
1789764661874,25308.2500000000,25308.7500000000
1789764662279,25307.2500000000,25307.7500000000
1789764662481,25308.2500000000,25308.7500000000
1789764664303,25307.2500000000,25307.7500000000
1789764665923,25308.2500000000,25308.7500000000
1789764667535,25307.2500000000,25307.7500000000
1789764667740,25308.2500000000,25308.7500000000
1789764674007,25307.2500000000,25307.7500000000
1789764680482,25308.2500000000,25308.7500000000
1789764694433,25307.2500000000,25307.7500000000
1789764720923,25307.2500000000,25307.7500000000
1789764723144,25309.2500000000,25309.7500000000
1789764724558,25310.2500000000,25310.7500000000
1789764726172,25309.2500000000,25309.7500000000
1789764736695,25308.2500000000,25308.7500000000
1789764737303,25307.2500000000,25307.7500000000
1789764744192,25308.2500000000,25308.7500000000
1789764754507,25307.2500000000,25307.7500000000
1789764762598,25308.2500000000,25308.7500000000
1789764762800,25307.2500000000,25307.7500000000
1789764763206,25308.2500000000,25308.7500000000
1789764780593,25308.2500000000,25308.7500000000
1789764802233,25307.2500000000,25307.7500000000
1789764804869,25308.2500000000,25308.7500000000
1789764805270,25307.2500000000,25307.7500000000
1789764809923,25308.2500000000,25308.7500000000
1789764812954,25307.2500000000,25307.7500000000
1789764814978,25308.2500000000,25308.7500000000
1789764817415,25309.2500000000,25309.7500000000
1789764833180,25308.2500000000,25308.7500000000
1789764833382,25309.2500000000,25309.7500000000
1789764836619,25308.2500000000,25308.7500000000
1789764840059,25309.2500000000,25309.7500000000
1789764841070,25308.2500000000,25308.7500000000
1789764846124,25307.2500000000,25307.7500000000
1789764852192,25308.2500000000,25308.7500000000
1789764852596,25307.2500000000,25307.7500000000
1789764853202,25308.2500000000,25308.7500000000
1789764853408,25307.2500000000,25307.7500000000
1789764853605,25308.2500000000,25308.7500000000
1789764854616,25307.2500000000,25307.7500000000
1789764861906,25306.2500000000,25306.7500000000
1789764862917,25307.2500000000,25307.7500000000
1789764866559,25306.2500000000,25306.7500000000
1789764866760,25307.2500000000,25307.7500000000
1789764870209,25306.2500000000,25306.7500000000
1789764881334,25307.2500000000,25307.7500000000
1789764884568,25306.2500000000,25306.7500000000
1789764892056,25305.2500000000,25305.7500000000
1789764892661,25306.2500000000,25306.7500000000
1789764900956,25309.2500000000,25309.7500000000
1789764912092,25310.2500000000,25310.7500000000
1789764917352,25308.2500000000,25308.7500000000
1789764928484,25307.2500000000,25307.7500000000
1789764928685,25308.2500000000,25308.7500000000
1789764929497,25307.2500000000,25307.7500000000
1789764945082,25308.2500000000,25308.7500000000
1789764946091,25309.2500000000,25309.7500000000
1789764958848,25308.2500000000,25308.7500000000
1789764959049,25309.2500000000,25309.7500000000
1789764959457,25308.2500000000,25308.7500000000
1789764960265,25308.2500000000,25308.7500000000
1789764961680,25309.2500000000,25309.7500000000
1789764962287,25308.2500000000,25308.7500000000
1789764969975,25309.2500000000,25309.7500000000
1789764970586,25308.2500000000,25308.7500000000
1789764975644,25309.2500000000,25309.7500000000
1789764991024,25308.2500000000,25308.7500000000
1789764999924,25307.2500000000,25307.7500000000
1789765012673,25306.2500000000,25306.7500000000
1789765020356,25307.2500000000,25307.7500000000
1789765024602,25308.2500000000,25308.7500000000
1789765025816,25307.2500000000,25307.7500000000
1789765028849,25306.2500000000,25306.7500000000
1789765030260,25307.2500000000,25307.7500000000
1789765033501,25308.2500000000,25308.7500000000
1789765050697,25307.2500000000,25307.7500000000
1789765056361,25308.2500000000,25308.7500000000
1789765060610,25307.2500000000,25307.7500000000
1789765065057,25308.2500000000,25308.7500000000
1789765087109,25308.2500000000,25308.7500000000
1789765128988,25308.2500000000,25308.7500000000
1789765130202,25309.2500000000,25309.7500000000
1789765143564,25309.2500000000,25309.7500000000
1789765146595,25310.2500000000,25310.7500000000
1789765147002,25309.2500000000,25309.7500000000
1789765147404,25310.2500000000,25310.7500000000
1789765148012,25311.2500000000,25311.7500000000
1789765156099,25310.2500000000,25310.7500000000
1789765156910,25311.2500000000,25311.7500000000
1789765160554,25310.2500000000,25310.7500000000
1789765161976,25311.2500000000,25311.7500000000
1789765165008,25310.2500000000,25310.7500000000
1789765165210,25311.2500000000,25311.7500000000
1789765165419,25310.2500000000,25310.7500000000
1789765167028,25309.2500000000,25309.7500000000
1789765172494,25310.2500000000,25310.7500000000
1789765191910,25311.2500000000,25311.7500000000
1789765194134,25310.2500000000,25310.7500000000
1789765200215,25310.2500000000,25310.7500000000
1789765205470,25309.2500000000,25309.7500000000
1789765209110,25308.2500000000,25308.7500000000
1789765209313,25309.2500000000,25309.7500000000
1789765210527,25308.2500000000,25308.7500000000
1789765210936,25307.2500000000,25307.7500000000
1789765211134,25308.2500000000,25308.7500000000
1789765212547,25307.2500000000,25307.7500000000
1789765220239,25306.2500000000,25306.7500000000
1789765227724,25307.2500000000,25307.7500000000
1789765230553,25306.2500000000,25306.7500000000
1789765241675,25307.2500000000,25307.7500000000
1789765241877,25306.2500000000,25306.7500000000
1789765243086,25307.2500000000,25307.7500000000
1789765261698,25307.2500000000,25307.7500000000
1789765280911,25309.2500000000,25309.7500000000
1789765290818,25310.2500000000,25310.7500000000
1789765291016,25311.2500000000,25311.7500000000
1789765291827,25310.2500000000,25310.7500000000
1789765292029,25311.2500000000,25311.7500000000
1789765293847,25310.2500000000,25310.7500000000
1789765294048,25311.2500000000,25311.7500000000
1789765299919,25312.2500000000,25312.7500000000
1789765300729,25313.2500000000,25313.7500000000
1789765302954,25312.2500000000,25312.7500000000
1789765303960,25313.2500000000,25313.7500000000
1789765304971,25312.2500000000,25312.7500000000
1789765306378,25311.2500000000,25311.7500000000
1789765308197,25312.2500000000,25312.7500000000
1789765310826,25311.2500000000,25311.7500000000
1789765311027,25312.2500000000,25312.7500000000
1789765314265,25311.2500000000,25311.7500000000
1789765315684,25309.2500000000,25309.7500000000
1789765318112,25308.2500000000,25308.7500000000
1789765318921,25309.2500000000,25309.7500000000
1789765319121,25308.2500000000,25308.7500000000
1789765319929,25309.2500000000,25309.7500000000
1789765320132,25308.2500000000,25308.7500000000
1789765320740,25309.2500000000,25309.7500000000
1789765322360,25308.2500000000,25308.7500000000
1789765322561,25309.2500000000,25309.7500000000
1789765327825,25308.2500000000,25308.7500000000
1789765328633,25307.2500000000,25307.7500000000
1789765342391,25308.2500000000,25308.7500000000
1789765343805,25307.2500000000,25307.7500000000
1789765344008,25308.2500000000,25308.7500000000
1789765356943,25307.2500000000,25307.7500000000
1789765357755,25308.2500000000,25308.7500000000
1789765358361,25307.2500000000,25307.7500000000
1789765361999,25308.2500000000,25308.7500000000
1789765378188,25309.2500000000,25309.7500000000
1789765378997,25308.2500000000,25308.7500000000
1789765383245,25308.2500000000,25308.7500000000
1789765384057,25307.2500000000,25307.7500000000
1789765384261,25306.2500000000,25306.7500000000
1789765385674,25307.2500000000,25307.7500000000
1789765400232,25306.2500000000,25306.7500000000
1789765400434,25307.2500000000,25307.7500000000
1789765405087,25308.2500000000,25308.7500000000
1789765406096,25307.2500000000,25307.7500000000
1789765406705,25306.2500000000,25306.7500000000
1789765412370,25307.2500000000,25307.7500000000
1789765412570,25306.2500000000,25306.7500000000
1789765413175,25307.2500000000,25307.7500000000
1789765427750,25306.2500000000,25306.7500000000
1789765432202,25307.2500000000,25307.7500000000
1789765435642,25306.2500000000,25306.7500000000
1789765437461,25307.2500000000,25307.7500000000
1789765438068,25306.2500000000,25306.7500000000
1789765438472,25307.2500000000,25307.7500000000
1789765438677,25306.2500000000,25306.7500000000
1789765439895,25307.2500000000,25307.7500000000
1789765442119,25307.2500000000,25307.7500000000
1789765445156,25306.2500000000,25306.7500000000
1789765447177,25307.2500000000,25307.7500000000
1789765447579,25306.2500000000,25306.7500000000
1789765448189,25307.2500000000,25307.7500000000
1789765475703,25306.2500000000,25306.7500000000
1789765476315,25307.2500000000,25307.7500000000
1789765491073,25306.2500000000,25306.7500000000
1789765492086,25307.2500000000,25307.7500000000
1789765505224,25306.2500000000,25306.7500000000
1789765509677,25307.2500000000,25307.7500000000
1789765510280,25306.2500000000,25306.7500000000
1789765511295,25307.2500000000,25307.7500000000
1789765522024,25308.2500000000,25308.7500000000
1789765527282,25307.2500000000,25307.7500000000
1789765533139,25305.2500000000,25305.7500000000
1789765536176,25304.2500000000,25304.7500000000
1789765539612,25305.2500000000,25305.7500000000
1789765539813,25304.2500000000,25304.7500000000
1789765543862,25303.2500000000,25303.7500000000
1789765544874,25304.2500000000,25304.7500000000
1789765555016,25305.2500000000,25305.7500000000
1789765557239,25304.2500000000,25304.7500000000
1789765560071,25304.2500000000,25304.7500000000
1789765601954,25305.2500000000,25305.7500000000
1789765602562,25304.2500000000,25304.7500000000
1789765602764,25305.2500000000,25305.7500000000
1789765604184,25304.2500000000,25304.7500000000
1789765620578,25304.2500000000,25304.7500000000
1789765632705,25305.2500000000,25305.7500000000
1789765643833,25306.2500000000,25306.7500000000
1789765646667,25307.2500000000,25307.7500000000
1789765671967,25308.2500000000,25308.7500000000
1789765680260,25308.2500000000,25308.7500000000
1789765680872,25309.2500000000,25309.7500000000
1789765681678,25308.2500000000,25308.7500000000
1789765705153,25307.2500000000,25307.7500000000
1789765706164,25308.2500000000,25308.7500000000
1789765711424,25307.2500000000,25307.7500000000
1789765711626,25308.2500000000,25308.7500000000
1789765712035,25307.2500000000,25307.7500000000
1789765715270,25308.2500000000,25308.7500000000
1789765720324,25307.2500000000,25307.7500000000
1789765725175,25306.2500000000,25306.7500000000
1789765725788,25305.2500000000,25305.7500000000
1789765726187,25306.2500000000,25306.7500000000
1789765748033,25306.2500000000,25306.7500000000
1789765753888,25305.2500000000,25305.7500000000
1789765757728,25306.2500000000,25306.7500000000
1789765765608,25307.2500000000,25307.7500000000
1789765766420,25306.2500000000,25306.7500000000
1789765769461,25305.2500000000,25305.7500000000
1789765770067,25306.2500000000,25306.7500000000
1789765784018,25305.2500000000,25305.7500000000
1789765791508,25306.2500000000,25306.7500000000
1789765797785,25305.2500000000,25305.7500000000
1789765798999,25306.2500000000,25306.7500000000
1789765800213,25306.2500000000,25306.7500000000
1789765805270,25305.2500000000,25305.7500000000
1789765805673,25306.2500000000,25306.7500000000
1789765806281,25305.2500000000,25305.7500000000
1789765807299,25306.2500000000,25306.7500000000
1789765813974,25305.2500000000,25305.7500000000
1789765814374,25306.2500000000,25306.7500000000
1789765839063,25305.2500000000,25305.7500000000
1789765839266,25306.2500000000,25306.7500000000
1789765839473,25305.2500000000,25305.7500000000
1789765860311,25304.2500000000,25304.7500000000
1789765868808,25303.2500000000,25303.7500000000
1789765876287,25302.2500000000,25302.7500000000
1789765888419,25301.2500000000,25301.7500000000
1789765888824,25302.2500000000,25302.7500000000
1789765910475,25303.2500000000,25303.7500000000
1789765913503,25302.2500000000,25302.7500000000
1789765914524,25303.2500000000,25303.7500000000
1789765920396,25303.2500000000,25303.7500000000
1789765943662,25302.2500000000,25302.7500000000
1789765952963,25303.2500000000,25303.7500000000
1789765967925,25304.2500000000,25304.7500000000
1789765968128,25305.2500000000,25305.7500000000
1789765969345,25306.2500000000,25306.7500000000
1789765976626,25307.2500000000,25307.7500000000
1789765977032,25306.2500000000,25306.7500000000
1789765977848,25307.2500000000,25307.7500000000
1789765980284,25306.2500000000,25306.7500000000
1789765980488,25305.2500000000,25305.7500000000
1789766006166,25306.2500000000,25306.7500000000
1789766008998,25305.2500000000,25305.7500000000
1789766013044,25306.2500000000,25306.7500000000
1789766023368,25307.2500000000,25307.7500000000
1789766028626,25306.2500000000,25306.7500000000
1789766031461,25307.2500000000,25307.7500000000
1789766035096,25306.2500000000,25306.7500000000
1789766039132,25307.2500000000,25307.7500000000
1789766040556,25307.2500000000,25307.7500000000
1789766064035,25306.2500000000,25306.7500000000
1789766085065,25305.2500000000,25305.7500000000
1789766085677,25306.2500000000,25306.7500000000
1789766100235,25306.2500000000,25306.7500000000
1789766103471,25307.2500000000,25307.7500000000
1789766103668,25306.2500000000,25306.7500000000
1789766104881,25305.2500000000,25305.7500000000
1789766116208,25304.2500000000,25304.7500000000
1789766126520,25303.2500000000,25303.7500000000
1789766126725,25304.2500000000,25304.7500000000
1789766130986,25305.2500000000,25305.7500000000
1789766133821,25304.2500000000,25304.7500000000
1789766134021,25305.2500000000,25305.7500000000
1789766134839,25304.2500000000,25304.7500000000
1789766135239,25305.2500000000,25305.7500000000
1789766136254,25304.2500000000,25304.7500000000
1789766136858,25305.2500000000,25305.7500000000
1789766137057,25304.2500000000,25304.7500000000
1789766137666,25305.2500000000,25305.7500000000
1789766138677,25304.2500000000,25304.7500000000
1789766143131,25305.2500000000,25305.7500000000
1789766144943,25304.2500000000,25304.7500000000
1789766152021,25305.2500000000,25305.7500000000
1789766152653,25304.2500000000,25304.7500000000
1789766153055,25305.2500000000,25305.7500000000
1789766155683,25304.2500000000,25304.7500000000
1789766159327,25305.2500000000,25305.7500000000
1789766160543,25305.2500000000,25305.7500000000
1789766161147,25304.2500000000,25304.7500000000
1789766167820,25305.2500000000,25305.7500000000
1789766168831,25304.2500000000,25304.7500000000
1789766170050,25305.2500000000,25305.7500000000
1789766170859,25304.2500000000,25304.7500000000
1789766171066,25305.2500000000,25305.7500000000
1789766171871,25304.2500000000,25304.7500000000
1789766174094,25305.2500000000,25305.7500000000
1789766178344,25304.2500000000,25304.7500000000
1789766179558,25305.2500000000,25305.7500000000
1789766179760,25304.2500000000,25304.7500000000
1789766182188,25303.2500000000,25303.7500000000
1789766184417,25304.2500000000,25304.7500000000
1789766185024,25303.2500000000,25303.7500000000
1789766186645,25304.2500000000,25304.7500000000
1789766187854,25303.2500000000,25303.7500000000
1789766200181,25304.2500000000,25304.7500000000
1789766201194,25303.2500000000,25303.7500000000
1789766201800,25304.2500000000,25304.7500000000
1789766205441,25305.2500000000,25305.7500000000
1789766217773,25306.2500000000,25306.7500000000
1789766217980,25304.2500000000,25304.7500000000
1789766218178,25305.2500000000,25305.7500000000
1789766220201,25305.2500000000,25305.7500000000
1789766221209,25304.2500000000,25304.7500000000
1789766222421,25305.2500000000,25305.7500000000
1789766226872,25304.2500000000,25304.7500000000
1789766230518,25305.2500000000,25305.7500000000
1789766236584,25306.2500000000,25306.7500000000
1789766236785,25305.2500000000,25305.7500000000
1789766237800,25306.2500000000,25306.7500000000
1789766238206,25305.2500000000,25305.7500000000
1789766255998,25306.2500000000,25306.7500000000
1789766257211,25305.2500000000,25305.7500000000
1789766264695,25304.2500000000,25304.7500000000
1789766280477,25305.2500000000,25305.7500000000
1789766282696,25304.2500000000,25304.7500000000
1789766296867,25306.2500000000,25306.7500000000
1789766297074,25304.2500000000,25304.7500000000
1789766300508,25303.2500000000,25303.7500000000
1789766301523,25302.2500000000,25302.7500000000
1789766302941,25301.2500000000,25301.7500000000
1789766303750,25302.2500000000,25302.7500000000
1789766312042,25303.2500000000,25303.7500000000
1789766312850,25302.2500000000,25302.7500000000
1789766318916,25303.2500000000,25303.7500000000
1789766323155,25302.2500000000,25302.7500000000
1789766334695,25303.2500000000,25303.7500000000
1789766336317,25302.2500000000,25302.7500000000
1789766341166,25302.2500000000,25302.7500000000
1789766341570,25303.2500000000,25303.7500000000
1789766342180,25302.2500000000,25302.7500000000
1789766342380,25303.2500000000,25303.7500000000
1789766342791,25302.2500000000,25302.7500000000
1789766354122,25303.2500000000,25303.7500000000
1789766361410,25302.2500000000,25302.7500000000
1789766367484,25303.2500000000,25303.7500000000
1789766372335,25302.2500000000,25302.7500000000
1789766372538,25303.2500000000,25303.7500000000
1789766372740,25302.2500000000,25302.7500000000
1789766385485,25303.2500000000,25303.7500000000
1789766387305,25302.2500000000,25302.7500000000
1789766389739,25303.2500000000,25303.7500000000
1789766401060,25304.2500000000,25304.7500000000
1789766401261,25303.2500000000,25303.7500000000
1789766402878,25304.2500000000,25304.7500000000
1789766404497,25303.2500000000,25303.7500000000
1789766406113,25304.2500000000,25304.7500000000
1789766411978,25305.2500000000,25305.7500000000
1789766412383,25304.2500000000,25304.7500000000
1789766413593,25305.2500000000,25305.7500000000
1789766416223,25304.2500000000,25304.7500000000
1789766417033,25305.2500000000,25305.7500000000
1789766456485,25306.2500000000,25306.7500000000
1789766460330,25306.2500000000,25306.7500000000
1789766464784,25307.2500000000,25307.7500000000
1789766464985,25306.2500000000,25306.7500000000
1789766465389,25305.2500000000,25305.7500000000
1789766473689,25306.2500000000,25306.7500000000
1789766473890,25307.2500000000,25307.7500000000
1789766475103,25306.2500000000,25306.7500000000
1789766476719,25307.2500000000,25307.7500000000
1789766478336,25306.2500000000,25306.7500000000
1789766480969,25307.2500000000,25307.7500000000
1789766486842,25306.2500000000,25306.7500000000
1789766487246,25307.2500000000,25307.7500000000
1789766487854,25306.2500000000,25306.7500000000
1789766489470,25305.2500000000,25305.7500000000
1789766490892,25306.2500000000,25306.7500000000
1789766504230,25305.2500000000,25305.7500000000
1789766510500,25306.2500000000,25306.7500000000
1789766514136,25305.2500000000,25305.7500000000
1789766514539,25306.2500000000,25306.7500000000
1789766517375,25307.2500000000,25307.7500000000
1789766517578,25306.2500000000,25306.7500000000
1789766519198,25305.2500000000,25305.7500000000
1789766520211,25305.2500000000,25305.7500000000
1789766522232,25306.2500000000,25306.7500000000
1789766522844,25305.2500000000,25305.7500000000
1789766523243,25306.2500000000,25306.7500000000
1789766526686,25307.2500000000,25307.7500000000
1789766527287,25306.2500000000,25306.7500000000
1789766532746,25307.2500000000,25307.7500000000
1789766535578,25306.2500000000,25306.7500000000
1789766537604,25305.2500000000,25305.7500000000
1789766537807,25306.2500000000,25306.7500000000
1789766540642,25305.2500000000,25305.7500000000
1789766541251,25306.2500000000,25306.7500000000
1789766542470,25305.2500000000,25305.7500000000
1789766542671,25306.2500000000,25306.7500000000
1789766546108,25305.2500000000,25305.7500000000
1789766546308,25306.2500000000,25306.7500000000
1789766568964,25305.2500000000,25305.7500000000
1789766569168,25306.2500000000,25306.7500000000
1789766571189,25305.2500000000,25305.7500000000
1789766576459,25304.2500000000,25304.7500000000
1789766578885,25305.2500000000,25305.7500000000
1789766580300,25304.2500000000,25304.7500000000
1789766583543,25305.2500000000,25305.7500000000
1789766585159,25304.2500000000,25304.7500000000
1789766596891,25305.2500000000,25305.7500000000
1789766600935,25304.2500000000,25304.7500000000
1789766602563,25305.2500000000,25305.7500000000
1789766604178,25304.2500000000,25304.7500000000
1789766605798,25303.2500000000,25303.7500000000
1789766608225,25304.2500000000,25304.7500000000
1789766614088,25303.2500000000,25303.7500000000
1789766616113,25302.2500000000,25302.7500000000
1789766620969,25303.2500000000,25303.7500000000
1789766642608,25303.2500000000,25303.7500000000
1789766644020,25302.2500000000,25302.7500000000
1789766644223,25303.2500000000,25303.7500000000
1789766663647,25302.2500000000,25302.7500000000
1789766663849,25303.2500000000,25303.7500000000
1789766672962,25302.2500000000,25302.7500000000
1789766673168,25303.2500000000,25303.7500000000
1789766698041,25304.2500000000,25304.7500000000
1789766698247,25303.2500000000,25303.7500000000
1789766700068,25303.2500000000,25303.7500000000
1789766701480,25304.2500000000,25304.7500000000
1789766702291,25305.2500000000,25305.7500000000
1789766702693,25304.2500000000,25304.7500000000
1789766703910,25305.2500000000,25305.7500000000
1789766705531,25304.2500000000,25304.7500000000
1789766716648,25303.2500000000,25303.7500000000
1789766718066,25302.2500000000,25302.7500000000
1789766718273,25303.2500000000,25303.7500000000
1789766722720,25302.2500000000,25302.7500000000
1789766725555,25303.2500000000,25303.7500000000
1789766727371,25302.2500000000,25302.7500000000
1789766735872,25301.2500000000,25301.7500000000
1789766736478,25302.2500000000,25302.7500000000
1789766740938,25303.2500000000,25303.7500000000
1789766741336,25302.2500000000,25302.7500000000
1789766747813,25303.2500000000,25303.7500000000
1789766760984,25303.2500000000,25303.7500000000
1789766791515,25302.2500000000,25302.7500000000
1789766803658,25303.2500000000,25303.7500000000
1789766807902,25302.2500000000,25302.7500000000
1789766821662,25302.2500000000,25302.7500000000
1789766822270,25303.2500000000,25303.7500000000
1789766823076,25302.2500000000,25302.7500000000
1789766826723,25303.2500000000,25303.7500000000
1789766834607,25304.2500000000,25304.7500000000
1789766865141,25303.2500000000,25303.7500000000
1789766865342,25302.2500000000,25302.7500000000
1789766865546,25303.2500000000,25303.7500000000
1789766866354,25302.2500000000,25302.7500000000
1789766870198,25301.2500000000,25301.7500000000
1789766871008,25302.2500000000,25302.7500000000
1789766872221,25301.2500000000,25301.7500000000
1789766879908,25300.2500000000,25300.7500000000
1789766880112,25301.2500000000,25301.7500000000
1789766880522,25300.2500000000,25300.7500000000
1789766881125,25301.2500000000,25301.7500000000
1789766881329,25302.2500000000,25302.7500000000
1789766882334,25301.2500000000,25301.7500000000
1789766883141,25300.2500000000,25300.7500000000
1789766883957,25299.2500000000,25299.7500000000
1789766886988,25298.2500000000,25298.7500000000
1789766887193,25299.2500000000,25299.7500000000
1789766889618,25298.2500000000,25298.7500000000
1789766890028,25299.2500000000,25299.7500000000
1789766890232,25298.2500000000,25298.7500000000
1789766892252,25299.2500000000,25299.7500000000
1789766893054,25298.2500000000,25298.7500000000
1789766896491,25299.2500000000,25299.7500000000
1789766898920,25300.2500000000,25300.7500000000
1789766899323,25299.2500000000,25299.7500000000
1789766910861,25300.2500000000,25300.7500000000
1789766911069,25299.2500000000,25299.7500000000
1789766939978,25298.2500000000,25298.7500000000
1789766940183,25299.2500000000,25299.7500000000
1789766940381,25298.2500000000,25298.7500000000
1789766941195,25299.2500000000,25299.7500000000
1789766959612,25300.2500000000,25300.7500000000
1789766979032,25301.2500000000,25301.7500000000
1789766980248,25300.2500000000,25300.7500000000
1789766981662,25301.2500000000,25301.7500000000
1789766983278,25300.2500000000,25300.7500000000
1789766983889,25301.2500000000,25301.7500000000
1789766986719,25302.2500000000,25302.7500000000
1789766987125,25301.2500000000,25301.7500000000
1789766989143,25302.2500000000,25302.7500000000
1789766989548,25301.2500000000,25301.7500000000
1789766995824,25302.2500000000,25302.7500000000
1789766996839,25301.2500000000,25301.7500000000
1789767000287,25302.2500000000,25302.7500000000
1789767000691,25301.2500000000,25301.7500000000
1789767005341,25300.2500000000,25300.7500000000
1789767005543,25299.2500000000,25299.7500000000
1789767005745,25300.2500000000,25300.7500000000
1789767006352,25299.2500000000,25299.7500000000
1789767021117,25300.2500000000,25300.7500000000
1789767024763,25299.2500000000,25299.7500000000
1789767027601,25300.2500000000,25300.7500000000
1789767032851,25299.2500000000,25299.7500000000
1789767033455,25298.2500000000,25298.7500000000
1789767035475,25299.2500000000,25299.7500000000
1789767036083,25298.2500000000,25298.7500000000
1789767037295,25299.2500000000,25299.7500000000
1789767039519,25300.2500000000,25300.7500000000
1789767040126,25299.2500000000,25299.7500000000
1789767045803,25300.2500000000,25300.7500000000
1789767047013,25299.2500000000,25299.7500000000
1789767060361,25299.2500000000,25299.7500000000
1789767062990,25300.2500000000,25300.7500000000
1789767066632,25299.2500000000,25299.7500000000
1789767092744,25298.2500000000,25298.7500000000
1789767095777,25297.2500000000,25297.7500000000
1789767096998,25298.2500000000,25298.7500000000
1789767099624,25299.2500000000,25299.7500000000
1789767104279,25298.2500000000,25298.7500000000
1789767116612,25299.2500000000,25299.7500000000
1789767117632,25298.2500000000,25298.7500000000
1789767122078,25299.2500000000,25299.7500000000
1789767139058,25300.2500000000,25300.7500000000
1789767140476,25299.2500000000,25299.7500000000
1789767141684,25300.2500000000,25300.7500000000
1789767142291,25301.2500000000,25301.7500000000
1789767144925,25303.2500000000,25303.7500000000
1789767145331,25304.2500000000,25304.7500000000
1789767147149,25305.2500000000,25305.7500000000
1789767150178,25304.2500000000,25304.7500000000
1789767150583,25305.2500000000,25305.7500000000
1789767153816,25304.2500000000,25304.7500000000
1789767155437,25303.2500000000,25303.7500000000
1789767181744,25305.2500000000,25305.7500000000
1789767183153,25304.2500000000,25304.7500000000
1789767184767,25305.2500000000,25305.7500000000
1789767185782,25304.2500000000,25304.7500000000
1789767212270,25305.2500000000,25305.7500000000
1789767213687,25304.2500000000,25304.7500000000
1789767213886,25305.2500000000,25305.7500000000
1789767215303,25304.2500000000,25304.7500000000
1789767218940,25303.2500000000,25303.7500000000
1789767220358,25304.2500000000,25304.7500000000
1789767222987,25305.2500000000,25305.7500000000
1789767223189,25304.2500000000,25304.7500000000
1789767227238,25305.2500000000,25305.7500000000
1789767229460,25304.2500000000,25304.7500000000
1789767230472,25305.2500000000,25305.7500000000
1789767231888,25304.2500000000,25304.7500000000
1789767235123,25305.2500000000,25305.7500000000
1789767240382,25304.2500000000,25304.7500000000
1789767247465,25305.2500000000,25305.7500000000
1789767250302,25304.2500000000,25304.7500000000
1789767257987,25305.2500000000,25305.7500000000
1789767275179,25306.2500000000,25306.7500000000
1789767275583,25305.2500000000,25305.7500000000
1789767283063,25306.2500000000,25306.7500000000
1789767283869,25305.2500000000,25305.7500000000
1789767284676,25306.2500000000,25306.7500000000
1789767288525,25307.2500000000,25307.7500000000
1789767296200,25308.2500000000,25308.7500000000
1789767297614,25309.2500000000,25309.7500000000
1789767300043,25309.2500000000,25309.7500000000
1789767301859,25310.2500000000,25310.7500000000
1789767302466,25309.2500000000,25309.7500000000
1789767304490,25310.2500000000,25310.7500000000
1789767305502,25308.2500000000,25308.7500000000
1789767307324,25309.2500000000,25309.7500000000
1789767320259,25311.2500000000,25311.7500000000
1789767323086,25310.2500000000,25310.7500000000
1789767326125,25311.2500000000,25311.7500000000
1789767338452,25310.2500000000,25310.7500000000
1789767339470,25311.2500000000,25311.7500000000
1789767360516,25311.2500000000,25311.7500000000
1789767367594,25312.2500000000,25312.7500000000
1789767368197,25311.2500000000,25311.7500000000
1789767373052,25312.2500000000,25312.7500000000
1789767380134,25311.2500000000,25311.7500000000
1789767388838,25310.2500000000,25310.7500000000
1789767391873,25311.2500000000,25311.7500000000
1789767392278,25312.2500000000,25312.7500000000
1789767392480,25311.2500000000,25311.7500000000
1789767393287,25312.2500000000,25312.7500000000
1789767395110,25311.2500000000,25311.7500000000
1789767396122,25310.2500000000,25310.7500000000
1789767402790,25311.2500000000,25311.7500000000
1789767420394,25312.2500000000,25312.7500000000
1789767421612,25311.2500000000,25311.7500000000
1789767423229,25310.2500000000,25310.7500000000
1789767423431,25311.2500000000,25311.7500000000
1789767427684,25309.2500000000,25309.7500000000
1789767428294,25308.2500000000,25308.7500000000
1789767430108,25307.2500000000,25307.7500000000
1789767431529,25308.2500000000,25308.7500000000
1789767434964,25309.2500000000,25309.7500000000
1789767459035,25310.2500000000,25310.7500000000
1789767465307,25309.2500000000,25309.7500000000
1789767469150,25310.2500000000,25310.7500000000
1789767469957,25311.2500000000,25311.7500000000
1789767471175,25310.2500000000,25310.7500000000
1789767472586,25311.2500000000,25311.7500000000
1789767472992,25310.2500000000,25310.7500000000
1789767479061,25311.2500000000,25311.7500000000
1789767479262,25310.2500000000,25310.7500000000
1789767479467,25311.2500000000,25311.7500000000
1789767481085,25310.2500000000,25310.7500000000
1789767482099,25311.2500000000,25311.7500000000
1789767485334,25310.2500000000,25310.7500000000
1789767487358,25311.2500000000,25311.7500000000
1789767493017,25310.2500000000,25310.7500000000
1789767495850,25311.2500000000,25311.7500000000
1789767496052,25310.2500000000,25310.7500000000
1789767506564,25309.2500000000,25309.7500000000
1789767508183,25308.2500000000,25308.7500000000
1789767511217,25309.2500000000,25309.7500000000
1789767513032,25308.2500000000,25308.7500000000
1789767514252,25309.2500000000,25309.7500000000
1789767518496,25308.2500000000,25308.7500000000
1789767520112,25307.2500000000,25307.7500000000
1789767530627,25306.2500000000,25306.7500000000
1789767531637,25307.2500000000,25307.7500000000
1789767534273,25308.2500000000,25308.7500000000
1789767535488,25307.2500000000,25307.7500000000
1789767536096,25308.2500000000,25308.7500000000
1789767540144,25308.2500000000,25308.7500000000
1789767579997,25309.2500000000,25309.7500000000
1789767580201,25308.2500000000,25308.7500000000
1789767595371,25309.2500000000,25309.7500000000
1789767595776,25307.2500000000,25307.7500000000
1789767597599,25306.2500000000,25306.7500000000
1789767600229,25305.2500000000,25305.7500000000
1789767600430,25306.2500000000,25306.7500000000
1789767600632,25305.2500000000,25305.7500000000
1789767601643,25306.2500000000,25306.7500000000
1789767601843,25304.2500000000,25304.7500000000
1789767603463,25303.2500000000,25303.7500000000
1789767603664,25304.2500000000,25304.7500000000
1789767603866,25303.2500000000,25303.7500000000
1789767610943,25304.2500000000,25304.7500000000
1789767611548,25303.2500000000,25303.7500000000
1789767613373,25304.2500000000,25304.7500000000
1789767614179,25303.2500000000,25303.7500000000
1789767615392,25304.2500000000,25304.7500000000
1789767616201,25303.2500000000,25303.7500000000
1789767617615,25304.2500000000,25304.7500000000
1789767649164,25305.2500000000,25305.7500000000
1789767649368,25304.2500000000,25304.7500000000
1789767659280,25305.2500000000,25305.7500000000
1789767660092,25305.2500000000,25305.7500000000
1789767679098,25304.2500000000,25304.7500000000
1789767679504,25305.2500000000,25305.7500000000
1789767692036,25304.2500000000,25304.7500000000
1789767693251,25305.2500000000,25305.7500000000
1789767695272,25304.2500000000,25304.7500000000
1789767696079,25305.2500000000,25305.7500000000
1789767702342,25304.2500000000,25304.7500000000
1789767709425,25305.2500000000,25305.7500000000
1789767710432,25304.2500000000,25304.7500000000
1789767720147,25304.2500000000,25304.7500000000
1789767721158,25306.2500000000,25306.7500000000
1789767723986,25307.2500000000,25307.7500000000
1789767724187,25306.2500000000,25306.7500000000
1789767724391,25307.2500000000,25307.7500000000
1789767736921,25306.2500000000,25306.7500000000
1789767742585,25305.2500000000,25305.7500000000
1789767745824,25306.2500000000,25306.7500000000
1789767746026,25305.2500000000,25305.7500000000
1789767770104,25304.2500000000,25304.7500000000
1789767778805,25305.2500000000,25305.7500000000
1789767782245,25305.2500000000,25305.7500000000
1789767785280,25304.2500000000,25304.7500000000
1789767791140,25303.2500000000,25303.7500000000
1789767793564,25304.2500000000,25304.7500000000
1789767793770,25303.2500000000,25303.7500000000
1789767809947,25304.2500000000,25304.7500000000
1789767815416,25305.2500000000,25305.7500000000
1789767827953,25306.2500000000,25306.7500000000
1789767831596,25305.2500000000,25305.7500000000
1789767834223,25306.2500000000,25306.7500000000
1789767840290,25306.2500000000,25306.7500000000
1789767842718,25305.2500000000,25305.7500000000
1789767846562,25304.2500000000,25304.7500000000
1789767846764,25305.2500000000,25305.7500000000
1789767859918,25304.2500000000,25304.7500000000
1789767869627,25303.2500000000,25303.7500000000
1789767879332,25304.2500000000,25304.7500000000
1789767884587,25305.2500000000,25305.7500000000
1789767895724,25306.2500000000,25306.7500000000
1789767901388,25305.2500000000,25305.7500000000
1789767901591,25306.2500000000,25306.7500000000
1789767901994,25305.2500000000,25305.7500000000
1789767910287,25306.2500000000,25306.7500000000
1789767915138,25305.2500000000,25305.7500000000
1789767916550,25306.2500000000,25306.7500000000
1789767917360,25305.2500000000,25305.7500000000
1789767927685,25306.2500000000,25306.7500000000
1789767935979,25305.2500000000,25305.7500000000
1789767937192,25306.2500000000,25306.7500000000
1789767938809,25307.2500000000,25307.7500000000
1789767944680,25306.2500000000,25306.7500000000
1789767944884,25307.2500000000,25307.7500000000
1789767961098,25307.2500000000,25307.7500000000
1789767964333,25308.2500000000,25308.7500000000
1789767967368,25309.2500000000,25309.7500000000
1789767967573,25308.2500000000,25308.7500000000
1789767968788,25309.2500000000,25309.7500000000
1789767969394,25308.2500000000,25308.7500000000
1789767971214,25309.2500000000,25309.7500000000
1789767974249,25311.2500000000,25311.7500000000
1789767974653,25310.2500000000,25310.7500000000
1789767974852,25311.2500000000,25311.7500000000
1789767975257,25310.2500000000,25310.7500000000
1789767976066,25311.2500000000,25311.7500000000
1789767976672,25310.2500000000,25310.7500000000
1789767977077,25311.2500000000,25311.7500000000
1789767977277,25310.2500000000,25310.7500000000
1789767978696,25311.2500000000,25311.7500000000
1789767991446,25312.2500000000,25312.7500000000
1789767992861,25313.2500000000,25313.7500000000
1789767995088,25314.2500000000,25314.7500000000
1789767995894,25312.2500000000,25312.7500000000
1789767996501,25313.2500000000,25313.7500000000
1789767998531,25312.2500000000,25312.7500000000
1789768005011,25313.2500000000,25313.7500000000
1789768006219,25314.2500000000,25314.7500000000
1789768014501,25313.2500000000,25313.7500000000
1789768014709,25314.2500000000,25314.7500000000
1789768016928,25313.2500000000,25313.7500000000
1789768017738,25314.2500000000,25314.7500000000
1789768020568,25314.2500000000,25314.7500000000
1789768021577,25315.2500000000,25315.7500000000
1789768024209,25314.2500000000,25314.7500000000
1789768025626,25315.2500000000,25315.7500000000
1789768027045,25314.2500000000,25314.7500000000
1789768027655,25315.2500000000,25315.7500000000
1789768033312,25316.2500000000,25316.7500000000
1789768034322,25315.2500000000,25315.7500000000
1789768034930,25316.2500000000,25316.7500000000
1789768048489,25317.2500000000,25317.7500000000
1789768049499,25316.2500000000,25316.7500000000
1789768056370,25313.2500000000,25313.7500000000
1789768056573,25314.2500000000,25314.7500000000
1789768056775,25315.2500000000,25315.7500000000
1789768056982,25314.2500000000,25314.7500000000
1789768057588,25315.2500000000,25315.7500000000
1789768058601,25314.2500000000,25314.7500000000
1789768060016,25315.2500000000,25315.7500000000
1789768062244,25316.2500000000,25316.7500000000
1789768069119,25317.2500000000,25317.7500000000
1789768071348,25316.2500000000,25316.7500000000
1789768075187,25317.2500000000,25317.7500000000
1789768078227,25316.2500000000,25316.7500000000
1789768080451,25317.2500000000,25317.7500000000
1789768080651,25316.2500000000,25316.7500000000
1789768087326,25317.2500000000,25317.7500000000
1789768088136,25316.2500000000,25316.7500000000
1789768088337,25317.2500000000,25317.7500000000
1789768089149,25316.2500000000,25316.7500000000
1789768096639,25317.2500000000,25317.7500000000
1789768096838,25316.2500000000,25316.7500000000
1789768104933,25315.2500000000,25315.7500000000
1789768107962,25314.2500000000,25314.7500000000
1789768111803,25315.2500000000,25315.7500000000
1789768116660,25316.2500000000,25316.7500000000
1789768116867,25315.2500000000,25315.7500000000
1789768118683,25316.2500000000,25316.7500000000
1789768119088,25315.2500000000,25315.7500000000
1789768127788,25316.2500000000,25316.7500000000
1789768132842,25315.2500000000,25315.7500000000
1789768137096,25314.2500000000,25314.7500000000
1789768141752,25314.2500000000,25314.7500000000
1789768143983,25313.2500000000,25313.7500000000
1789768144788,25314.2500000000,25314.7500000000
1789768150664,25313.2500000000,25313.7500000000
1789768160771,25312.2500000000,25312.7500000000
1789768165431,25311.2500000000,25311.7500000000
1789768166442,25312.2500000000,25312.7500000000
1789768183832,25311.2500000000,25311.7500000000
1789768184844,25312.2500000000,25312.7500000000
1789768187068,25313.2500000000,25313.7500000000
1789768187271,25312.2500000000,25312.7500000000
1789768188081,25313.2500000000,25313.7500000000
1789768189698,25312.2500000000,25312.7500000000
1789768190709,25311.2500000000,25311.7500000000
1789768190912,25312.2500000000,25312.7500000000
1789768191114,25311.2500000000,25311.7500000000
1789768194149,25312.2500000000,25312.7500000000
1789768199612,25311.2500000000,25311.7500000000
1789768200017,25311.2500000000,25311.7500000000
1789768206895,25312.2500000000,25312.7500000000
1789768207703,25311.2500000000,25311.7500000000
1789768208113,25312.2500000000,25312.7500000000
1789768212759,25313.2500000000,25313.7500000000
1789768212959,25312.2500000000,25312.7500000000
1789768216599,25313.2500000000,25313.7500000000
1789768220242,25312.2500000000,25312.7500000000
1789768226313,25311.2500000000,25311.7500000000
1789768228540,25310.2500000000,25310.7500000000
1789768229953,25311.2500000000,25311.7500000000
1789768233803,25309.2500000000,25309.7500000000
1789768239061,25310.2500000000,25310.7500000000
1789768239870,25309.2500000000,25309.7500000000
1789768240080,25310.2500000000,25310.7500000000
1789768241493,25309.2500000000,25309.7500000000
1789768244322,25308.2500000000,25308.7500000000
1789768246545,25307.2500000000,25307.7500000000
1789768246747,25308.2500000000,25308.7500000000
1789768247557,25307.2500000000,25307.7500000000
1789768247960,25306.2500000000,25306.7500000000
1789768248365,25307.2500000000,25307.7500000000
1789768249782,25308.2500000000,25308.7500000000
1789768250592,25307.2500000000,25307.7500000000
1789768250997,25308.2500000000,25308.7500000000
1789768260097,25308.2500000000,25308.7500000000
1789768261713,25309.2500000000,25309.7500000000
1789768262724,25308.2500000000,25308.7500000000
1789768273654,25309.2500000000,25309.7500000000
1789768276894,25308.2500000000,25308.7500000000
1789768277093,25309.2500000000,25309.7500000000
1789768277903,25308.2500000000,25308.7500000000
1789768280130,25309.2500000000,25309.7500000000
1789768280736,25308.2500000000,25308.7500000000
1789768284379,25309.2500000000,25309.7500000000
1789768285996,25310.2500000000,25310.7500000000
1789768287816,25309.2500000000,25309.7500000000
1789768288018,25310.2500000000,25310.7500000000
1789768288225,25309.2500000000,25309.7500000000
1789768289439,25310.2500000000,25310.7500000000
1789768290044,25309.2500000000,25309.7500000000
1789768307645,25310.2500000000,25310.7500000000
1789768308247,25309.2500000000,25309.7500000000
1789768317964,25308.2500000000,25308.7500000000
1789768321001,25308.2500000000,25308.7500000000
1789768325251,25307.2500000000,25307.7500000000
1789768325453,25308.2500000000,25308.7500000000
1789768335775,25309.2500000000,25309.7500000000
1789768340024,25308.2500000000,25308.7500000000
1789768340430,25309.2500000000,25309.7500000000
1789768340634,25308.2500000000,25308.7500000000
1789768343663,25309.2500000000,25309.7500000000
1789768343864,25308.2500000000,25308.7500000000
1789768351147,25309.2500000000,25309.7500000000
1789768352158,25310.2500000000,25310.7500000000
1789768358427,25309.2500000000,25309.7500000000
1789768358629,25310.2500000000,25310.7500000000
1789768359236,25309.2500000000,25309.7500000000
1789768362066,25308.2500000000,25308.7500000000
1789768362471,25309.2500000000,25309.7500000000
1789768365706,25308.2500000000,25308.7500000000
1789768365907,25309.2500000000,25309.7500000000
1789768372389,25310.2500000000,25310.7500000000
1789768373400,25309.2500000000,25309.7500000000
1789768375016,25310.2500000000,25310.7500000000
1789768377443,25309.2500000000,25309.7500000000
1789768380469,25309.2500000000,25309.7500000000
1789768381482,25310.2500000000,25310.7500000000
1789768383705,25309.2500000000,25309.7500000000
1789768384718,25310.2500000000,25310.7500000000
1789768394626,25311.2500000000,25311.7500000000
1789768395637,25310.2500000000,25310.7500000000
1789768399877,25311.2500000000,25311.7500000000
1789768403315,25312.2500000000,25312.7500000000
1789768403516,25311.2500000000,25311.7500000000
1789768406149,25312.2500000000,25312.7500000000
1789768406754,25313.2500000000,25313.7500000000
1789768407363,25314.2500000000,25314.7500000000
1789768408373,25316.2500000000,25316.7500000000
1789768411817,25317.2500000000,25317.7500000000
1789768413635,25316.2500000000,25316.7500000000
1789768414245,25315.2500000000,25315.7500000000
1789768415050,25316.2500000000,25316.7500000000
1789768415865,25317.2500000000,25317.7500000000
1789768417483,25316.2500000000,25316.7500000000
1789768422735,25317.2500000000,25317.7500000000
1789768431036,25316.2500000000,25316.7500000000
1789768431441,25317.2500000000,25317.7500000000
1789768432256,25316.2500000000,25316.7500000000
1789768432451,25317.2500000000,25317.7500000000
1789768432654,25316.2500000000,25316.7500000000
1789768433061,25317.2500000000,25317.7500000000
1789768436097,25316.2500000000,25316.7500000000
1789768439331,25315.2500000000,25315.7500000000
1789768440347,25316.2500000000,25316.7500000000
1789768441164,25315.2500000000,25315.7500000000
1789768445603,25316.2500000000,25316.7500000000
1789768446616,25317.2500000000,25317.7500000000
1789768449446,25318.2500000000,25318.7500000000
1789768451268,25317.2500000000,25317.7500000000
1789768452280,25318.2500000000,25318.7500000000
1789768452481,25317.2500000000,25317.7500000000
1789768453493,25316.2500000000,25316.7500000000
1789768453694,25317.2500000000,25317.7500000000
1789768455111,25316.2500000000,25316.7500000000
1789768455521,25317.2500000000,25317.7500000000
1789768455726,25316.2500000000,25316.7500000000
1789768461788,25315.2500000000,25315.7500000000
1789768463404,25316.2500000000,25316.7500000000
1789768464626,25315.2500000000,25315.7500000000
1789768473718,25314.2500000000,25314.7500000000
1789768473921,25315.2500000000,25315.7500000000
1789768476751,25314.2500000000,25314.7500000000
1789768483621,25315.2500000000,25315.7500000000
1789768484227,25314.2500000000,25314.7500000000
1789768486859,25313.2500000000,25313.7500000000
1789768496366,25312.2500000000,25312.7500000000
1789768499614,25311.2500000000,25311.7500000000
1789768500223,25310.2500000000,25310.7500000000
1789768500829,25311.2500000000,25311.7500000000
1789768503255,25310.2500000000,25310.7500000000
1789768504056,25309.2500000000,25309.7500000000
1789768505675,25310.2500000000,25310.7500000000
1789768506486,25309.2500000000,25309.7500000000
1789768508306,25308.2500000000,25308.7500000000
