case_id,symbol,timeframe_minutes,completed_shift,bar_open_server_epoch,open,high,low,close,tick_volume,first_tick_msc,last_tick_msc
400259945,XAUUSD.r,5,1,1789403400,4274.22,4278.39,4272.1,4272.24,730,1789403400296,1789403699715
400259945,XAUUSD.r,5,2,1789403100,4276.05,4277.7,4271.31,4273.22,670,1789403100373,1789403399894
400259945,XAUUSD.r,5,3,1789402800,4272.89,4277.23,4272.19,4276.04,656,1789402800154,1789403099969
400259945,XAUUSD.r,5,4,1789402500,4266.17,4273.01,4263.91,4272.83,681,1789402500131,1789402799751
400259945,XAUUSD.r,5,5,1789402200,4260.36,4268.49,4259.73,4266.41,698,1789402200228,1789402499728
400259945,XAUUSD.r,5,6,1789401900,4267.49,4270.35,4253.69,4260.16,715,1789401900303,1789402199423
400259945,XAUUSD.r,5,7,1789401600,4271.02,4272.68,4265.68,4267.79,726,1789401600009,1789401899901
400259945,XAUUSD.r,5,8,1789401300,4270.04,4271.99,4265.96,4271.13,677,1789401300279,1789401599606
400259945,XAUUSD.r,5,9,1789401000,4278.68,4279.12,4268.04,4269.84,673,1789401000064,1789401299877
400259945,XAUUSD.r,5,10,1789400700,4283.07,4283.51,4276.42,4278.66,679,1789400700426,1789400999662
400259945,XAUUSD.r,5,11,1789400400,4277.86,4286.71,4276.56,4283.67,692,1789400400233,1789400699621
400259945,XAUUSD.r,5,12,1789400100,4288.18,4289.56,4273.49,4278.12,735,1789400100093,1789400399830
400259945,XAUUSD.r,5,13,1789399800,4286.08,4289.23,4283.44,4288.14,689,1789399800197,1789400099691
400259945,XAUUSD.r,5,14,1789399500,4285.95,4288.0,4283.82,4286.07,654,1789399500267,1789399799794
400259945,XAUUSD.r,5,15,1789399200,4290.33,4290.37,4284.72,4285.94,663,1789399200069,1789399499861
400259945,XAUUSD.r,5,16,1789398900,4294.84,4297.6,4290.03,4290.44,660,1789398900140,1789399199667
400259945,XAUUSD.r,5,17,1789398600,4293.65,4296.75,4292.14,4294.71,596,1789398600160,1789398899334
400259945,XAUUSD.r,5,18,1789398300,4287.11,4294.41,4286.11,4293.67,624,1789398300277,1789398599757
400259945,XAUUSD.r,5,19,1789398000,4287.13,4290.23,4285.15,4287.21,596,1789398000197,1789398299875
400259945,XAUUSD.r,5,20,1789397700,4287.57,4288.27,4284.36,4287.06,591,1789397700057,1789397999794
400259945,XAUUSD.r,15,1,1789402500,4266.17,4277.7,4263.91,4273.22,2007,1789402500131,1789403399894
400259945,XAUUSD.r,15,2,1789401600,4271.02,4272.68,4253.69,4266.41,2139,1789401600009,1789402499728
400259945,XAUUSD.r,15,3,1789400700,4283.07,4283.51,4265.96,4271.13,2029,1789400700426,1789401599606
400259945,XAUUSD.r,15,4,1789399800,4286.08,4289.56,4273.49,4283.67,2116,1789399800197,1789400699621
400259945,XAUUSD.r,15,5,1789398900,4294.84,4297.6,4283.82,4286.07,1977,1789398900140,1789399799794
400259945,XAUUSD.r,15,6,1789398000,4287.13,4296.75,4285.15,4294.71,1816,1789398000197,1789398899334
400259945,XAUUSD.r,15,7,1789397100,4292.32,4293.82,4284.36,4287.06,1708,1789397100256,1789397999794
400259945,XAUUSD.r,15,8,1789396200,4296.05,4296.89,4292.16,4292.4,1629,1789396200372,1789397099853
400259945,XAUUSD.r,15,9,1789395300,4292.23,4296.85,4291.21,4296.15,1500,1789395300050,1789396199970
400259945,XAUUSD.r,15,10,1789394400,4294.74,4296.93,4291.16,4292.3,1737,1789394400141,1789395299647
400259945,XAUUSD.r,15,11,1789393500,4293.96,4296.59,4290.2,4294.79,1525,1789393500120,1789394399738
400259945,XAUUSD.r,15,12,1789392600,4291.25,4294.99,4289.38,4293.93,1484,1789392600230,1789393499315
400259945,XAUUSD.r,15,13,1789391700,4288.4,4292.66,4285.89,4291.23,1607,1789391700310,1789392599826
400259945,XAUUSD.r,15,14,1789390800,4285.51,4289.51,4278.2,4288.53,1702,1789390800095,1789391699907
400259945,XAUUSD.r,15,15,1789389900,4281.57,4288.36,4278.73,4285.72,1821,1789389900290,1789390799693
400259945,XAUUSD.r,15,16,1789389000,4287.64,4289.41,4279.43,4281.43,1886,1789389000205,1789389899887
400259945,XAUUSD.r,15,17,1789388100,4305.75,4305.97,4280.58,4288.01,1979,1789388100376,1789388999802
400259945,XAUUSD.r,15,18,1789387200,4306.63,4311.66,4305.0,4305.84,1672,1789387200076,1789388099973
400259945,XAUUSD.r,15,19,1789386300,4311.85,4313.32,4303.31,4306.62,1726,1789386300059,1789387199673
400259945,XAUUSD.r,15,20,1789385400,4310.42,4315.95,4309.65,4311.81,1734,1789385400173,1789386299656
400503030,USDJPY.r,5,1,1789424100,154.178,154.221,154.159,154.217,377,1789424100306,1789424399729
400503030,USDJPY.r,5,2,1789423800,154.133,154.18,154.131,154.178,303,1789423800520,1789424099904
400503030,USDJPY.r,5,3,1789423500,154.092,154.155,154.09,154.134,370,1789423500316,1789423795786
400503030,USDJPY.r,5,4,1789423200,154.032,154.123,154.032,154.091,460,1789423200013,1789423499914
400503030,USDJPY.r,5,5,1789422900,154.153,154.156,153.991,154.029,471,1789422900303,1789423199609
400503030,USDJPY.r,5,6,1789422600,154.188,154.234,154.137,154.144,362,1789422600237,1789422899900
400503030,USDJPY.r,5,7,1789422300,154.188,154.212,154.182,154.187,285,1789422300250,1789422599835
400503030,USDJPY.r,5,8,1789422000,154.202,154.221,154.186,154.188,338,1789422000556,1789422299847
400503030,USDJPY.r,5,9,1789421700,154.228,154.241,154.2,154.201,410,1789421700538,1789421999047
400503030,USDJPY.r,5,10,1789421400,154.297,154.299,154.202,154.228,447,1789421400139,1789421698828
400503030,USDJPY.r,5,11,1789421100,154.343,154.346,154.289,154.297,397,1789421100032,1789421399333
400503030,USDJPY.r,5,12,1789420800,154.371,154.383,154.342,154.343,279,1789420800121,1789421099228
400503030,USDJPY.r,5,13,1789420500,154.378,154.378,154.364,154.367,203,1789420500308,1789420799717
400503030,USDJPY.r,5,14,1789420200,154.388,154.391,154.377,154.378,196,1789420200031,1789420499906
400503030,USDJPY.r,5,15,1789419900,154.406,154.413,154.383,154.388,192,1789419900109,1789420191475
400503030,USDJPY.r,5,16,1789419600,154.403,154.412,154.356,154.406,267,1789419600008,1789419899302
400503030,USDJPY.r,5,17,1789419300,154.378,154.404,154.362,154.403,304,1789419300394,1789419598801
400503030,USDJPY.r,5,18,1789419000,154.399,154.412,154.361,154.376,281,1789419000407,1789419299992
400503030,USDJPY.r,5,19,1789418700,154.41,154.428,154.397,154.402,271,1789418700214,1789418998394
400503030,USDJPY.r,5,20,1789418400,154.4,154.426,154.396,154.41,301,1789418400321,1789418695081
400503030,USDJPY.r,15,1,1789423200,154.032,154.18,154.032,154.178,1133,1789423200013,1789424099904
400503030,USDJPY.r,15,2,1789422300,154.188,154.234,153.991,154.029,1118,1789422300250,1789423199609
400503030,USDJPY.r,15,3,1789421400,154.297,154.299,154.186,154.188,1195,1789421400139,1789422299847
400503030,USDJPY.r,15,4,1789420500,154.378,154.383,154.289,154.297,879,1789420500308,1789421399333
400503030,USDJPY.r,15,5,1789419600,154.403,154.413,154.356,154.378,655,1789419600008,1789420499906
400503030,USDJPY.r,15,6,1789418700,154.41,154.428,154.361,154.403,856,1789418700214,1789419598801
400503030,USDJPY.r,15,7,1789417800,154.398,154.426,154.374,154.41,993,1789417800191,1789418695081
400503030,USDJPY.r,15,8,1789416900,154.367,154.416,154.36,154.398,1095,1789416900239,1789417799386
400503030,USDJPY.r,15,9,1789416000,154.318,154.382,154.301,154.369,1205,1789416000358,1789416899433
400503030,USDJPY.r,15,10,1789415100,154.408,154.433,154.268,154.317,1557,1789415100006,1789415999956
400503030,USDJPY.r,15,11,1789414200,154.394,154.438,154.355,154.407,1309,1789414200170,1789415099603
400503030,USDJPY.r,15,12,1789413300,154.365,154.407,154.318,154.394,1283,1789413300274,1789414198458
400503030,USDJPY.r,15,13,1789412400,154.424,154.458,154.315,154.366,1408,1789412400068,1789413299871
400503030,USDJPY.r,15,14,1789411500,154.373,154.458,154.372,154.425,1322,1789411500223,1789412399665
400503030,USDJPY.r,15,15,1789410600,154.577,154.605,154.339,154.373,1627,1789410600383,1789411499820
400503030,USDJPY.r,15,16,1789409700,154.604,154.659,154.524,154.577,1398,1789409700139,1789410599981
400503030,USDJPY.r,15,17,1789408800,154.712,154.731,154.534,154.603,1620,1789408800202,1789409699736
400503030,USDJPY.r,15,18,1789407900,154.719,154.74,154.627,154.715,1458,1789407900042,1789408799800
400503030,USDJPY.r,15,19,1789407000,154.84,154.861,154.718,154.719,1520,1789407000400,1789407899638
400503030,USDJPY.r,15,20,1789406100,154.764,154.868,154.725,154.842,1451,1789406100374,1789406999997
400687907,US100,5,1,1789461300,29073.45,29074.95,29050.7,29065.95,539,1789461300280,1789461599286
400687907,US100,5,2,1789461000,29062.2,29076.2,29053.45,29071.2,550,1789461000201,1789461299877
400687907,US100,5,3,1789460700,29038.7,29065.7,29038.2,29062.7,547,1789460700185,1789460999798
400687907,US100,5,4,1789460400,29036.2,29047.7,29034.45,29039.7,542,1789460400226,1789460699380
400687907,US100,5,5,1789460100,29046.95,29047.45,29030.95,29035.95,549,1789460100212,1789460399823
400687907,US100,5,6,1789459800,29055.95,29056.95,29039.95,29047.2,500,1789459800317,1789460099004
400687907,US100,5,7,1789459500,29073.2,29077.7,29055.2,29056.2,455,1789459500217,1789459799915
400687907,US100,5,8,1789459200,29073.95,29084.2,29070.45,29073.95,479,1789459200742,1789459499814
400687907,US100,5,9,1789458900,29098.7,29098.95,29073.95,29073.95,421,1789458900543,1789459199534
400687907,US100,5,10,1789458600,29110.7,29112.95,29088.2,29097.95,451,1789458600153,1789458898526
400687907,US100,5,11,1789458300,29109.7,29120.2,29103.45,29110.45,417,1789458300153,1789458599348
400687907,US100,5,12,1789458000,29094.2,29114.7,29093.2,29109.95,469,1789458000564,1789458299750
400687907,US100,5,13,1789457700,29105.45,29105.95,29085.95,29093.7,447,1789457700162,1789457996636
400687907,US100,5,14,1789457400,29106.45,29114.2,29101.2,29105.2,404,1789457400366,1789457699759
400687907,US100,5,15,1789457100,29112.2,29113.7,29098.95,29106.2,435,1789457101599,1789457399963
400687907,US100,5,16,1789456800,29132.2,29132.7,29110.95,29111.95,409,1789456800303,1789457099888
400687907,US100,5,17,1789456500,29136.7,29139.7,29128.45,29132.2,385,1789456500189,1789456799900
400687907,US100,5,18,1789456200,29141.7,29147.45,29133.7,29136.45,401,1789456200006,1789456499384
400687907,US100,5,19,1789455900,29146.2,29154.45,29138.7,29141.45,416,1789455900296,1789456199603
400687907,US100,5,20,1789455600,29137.7,29147.7,29130.95,29146.45,394,1789455600115,1789455899794
400687907,US100,15,1,1789460100,29046.95,29065.7,29030.95,29062.7,1638,1789460100212,1789460999798
400687907,US100,15,2,1789459200,29073.95,29084.2,29039.95,29047.2,1434,1789459200742,1789460099004
400687907,US100,15,3,1789458300,29109.7,29120.2,29073.95,29073.95,1289,1789458300153,1789459199534
400687907,US100,15,4,1789457400,29106.45,29114.7,29085.95,29109.95,1320,1789457400366,1789458299750
400687907,US100,15,5,1789456500,29136.7,29139.7,29098.95,29106.2,1229,1789456500189,1789457399963
400687907,US100,15,6,1789455600,29137.7,29154.45,29130.95,29136.45,1211,1789455600115,1789456499384
400687907,US100,15,7,1789454700,29170.95,29175.45,29136.95,29137.95,1123,1789454700975,1789455599712
400687907,US100,15,8,1789453800,29169.45,29173.45,29162.2,29171.2,1201,1789453800004,1789454699565
400687907,US100,15,9,1789452900,29173.2,29176.45,29162.2,29169.2,1059,1789452900644,1789453799601
400687907,US100,15,10,1789452000,29182.45,29189.7,29166.95,29173.7,1184,1789452000061,1789452899839
400687907,US100,15,11,1789451100,29180.7,29190.95,29176.95,29182.2,1211,1789451100165,1789451999658
400687907,US100,15,12,1789450200,29185.95,29190.95,29174.45,29181.45,1325,1789450200475,1789451097850
400687907,US100,15,13,1789449300,29182.45,29189.95,29173.95,29185.2,1292,1789449300479,1789450199267
400687907,US100,15,14,1789448400,29185.7,29196.95,29175.45,29182.95,1451,1789448400077,1789449299272
400687907,US100,15,15,1789447500,29159.7,29191.95,29152.7,29185.7,1479,1789447500779,1789448398770
400687907,US100,15,16,1789446600,29195.95,29200.45,29150.2,29160.2,1570,1789446600217,1789447499974
400687907,US100,15,17,1789445700,29209.2,29216.45,29194.45,29195.95,1226,1789445700503,1789446599009
400687907,US100,15,18,1789444800,29189.45,29213.45,29181.2,29209.45,1553,1789444800167,1789445699698
400687907,US100,15,19,1789443900,29207.45,29210.95,29185.95,29188.95,1300,1789443900344,1789444799261
400687907,US100,15,20,1789443000,29175.2,29208.95,29174.2,29206.95,1353,1789443000300,1789443899940
400795827,GER40,5,1,1789470900,25228.55,25263.55,25225.55,25263.55,446,1789470900131,1789471198421
400795827,GER40,5,2,1789470600,25189.55,25234.55,25184.55,25228.55,401,1789470600107,1789470899318
400795827,GER40,5,3,1789470300,25234.55,25237.55,25190.55,25190.55,378,1789470300032,1789470599902
400795827,GER40,5,4,1789470000,25250.55,25252.55,25211.55,25231.55,478,1789470000205,1789470299426
400795827,GER40,5,5,1789469700,25211.55,25253.55,25209.55,25250.55,359,1789469700001,1789469999798
400795827,GER40,5,6,1789469400,25239.05,25248.05,25210.55,25211.55,406,1789469400039,1789469698388
400795827,GER40,5,7,1789469100,25250.05,25253.05,25233.05,25239.05,461,1789469100458,1789469399232
400795827,GER40,5,8,1789468800,25279.55,25286.55,25250.05,25250.05,384,1789468800047,1789469099851
400795827,GER40,5,9,1789468500,25309.55,25310.55,25274.55,25279.55,393,1789468500396,1789468799641
400795827,GER40,5,10,1789468200,25348.55,25352.55,25308.55,25310.55,442,1789468200050,1789468499792
400795827,GER40,5,11,1789467900,25377.55,25382.55,25332.55,25350.55,445,1789467900055,1789468199644
400795827,GER40,5,12,1789467600,25337.55,25379.55,25334.55,25378.55,439,1789467600067,1789467898438
400795827,GER40,5,13,1789467300,25337.55,25361.05,25328.55,25338.55,443,1789467300040,1789467599863
400795827,GER40,5,14,1789467000,25371.35,25376.35,25334.55,25337.55,414,1789467000079,1789467298824
400795827,GER40,5,15,1789466700,25393.55,25399.55,25359.35,25371.35,450,1789466700043,1789466998660
400795827,GER40,5,16,1789466400,25426.55,25426.55,25362.55,25394.55,560,1789466400194,1789466699836
400795827,GER40,5,17,1789466100,25432.55,25439.55,25416.55,25423.55,198,1789466100005,1789466399990
400795827,GER40,5,18,1789465800,25449.55,25453.55,25431.55,25433.55,153,1789465800672,1789466099802
400795827,GER40,5,19,1789465500,25435.55,25452.55,25434.55,25449.55,167,1789465501302,1789465799252
400795827,GER40,5,20,1789465200,25434.55,25446.55,25431.55,25437.55,126,1789465200138,1789465498058
400795827,GER40,15,1,1789470000,25250.55,25252.55,25184.55,25228.55,1257,1789470000205,1789470899318
400795827,GER40,15,2,1789469100,25250.05,25253.55,25209.55,25250.55,1226,1789469100458,1789469999798
400795827,GER40,15,3,1789468200,25348.55,25352.55,25250.05,25250.05,1219,1789468200050,1789469099851
400795827,GER40,15,4,1789467300,25337.55,25382.55,25328.55,25350.55,1327,1789467300040,1789468199644
400795827,GER40,15,5,1789466400,25426.55,25426.55,25334.55,25337.55,1424,1789466400194,1789467298824
400795827,GER40,15,6,1789465500,25435.55,25453.55,25416.55,25423.55,518,1789465501302,1789466399990
400795827,GER40,15,7,1789464600,25459.55,25459.55,25431.55,25437.55,459,1789464600085,1789465498058
400795827,GER40,15,8,1789463700,25476.55,25483.55,25456.55,25459.55,487,1789463700244,1789464597855
400795827,GER40,15,9,1789462800,25463.75,25486.55,25461.35,25477.55,624,1789462800055,1789463699431
400795827,GER40,15,10,1789461900,25447.35,25477.75,25446.75,25464.75,436,1789461900134,1789462799854
400795827,GER40,15,11,1789461000,25421.95,25447.75,25418.95,25447.35,417,1789461000171,1789461893248
400795827,GER40,15,12,1789460100,25400.75,25423.75,25392.35,25422.35,520,1789460101729,1789460999964
400795827,GER40,15,13,1789459200,25406.35,25417.75,25393.45,25401.35,367,1789459200209,1789460096266
400795827,GER40,15,14,1789458300,25428.75,25436.35,25405.95,25406.35,305,1789458300058,1789459188472
400795827,GER40,15,15,1789457400,25441.95,25443.35,25418.35,25428.95,304,1789457400010,1789458299253
400795827,GER40,15,16,1789456500,25464.45,25466.35,25435.45,25441.95,341,1789456502094,1789457398797
400795827,GER40,15,17,1789455600,25469.35,25478.95,25462.45,25462.45,297,1789455600630,1789456486322
400795827,GER40,15,18,1789454700,25487.45,25487.95,25467.35,25470.75,189,1789454701677,1789455594362
400795827,GER40,15,19,1789453800,25489.45,25490.95,25478.35,25487.45,187,1789453800172,1789454699251
400795827,GER40,15,20,1789452900,25480.45,25489.95,25478.45,25489.95,179,1789452913802,1789453799969
401323004,XAUUSD.r,5,1,1789540800,4327.6,4329.35,4326.06,4327.19,509,1789540800218,1789541099881
401323004,XAUUSD.r,5,2,1789540500,4329.7,4329.73,4326.39,4327.58,569,1789540500326,1789540799815
401323004,XAUUSD.r,5,3,1789540200,4331.76,4332.6,4329.02,4329.68,582,1789540200357,1789540499923
401323004,XAUUSD.r,5,4,1789539900,4336.76,4338.02,4332.03,4332.03,607,1789539900338,1789540199955
401323004,XAUUSD.r,5,5,1789539600,4335.97,4341.02,4335.54,4336.67,647,1789539600257,1789539899533
401323004,XAUUSD.r,5,6,1789539300,4337.41,4339.81,4335.71,4336.01,627,1789539300144,1789539599855
401323004,XAUUSD.r,5,7,1789539000,4327.16,4338.75,4326.65,4337.03,676,1789539000157,1789539299741
401323004,XAUUSD.r,5,8,1789538700,4328.32,4330.7,4325.77,4327.14,635,1789538700454,1789538999754
401323004,XAUUSD.r,5,9,1789538400,4321.7,4328.68,4321.56,4328.35,642,1789538400081,1789538699648
401323004,XAUUSD.r,5,10,1789538100,4316.91,4323.52,4316.09,4321.76,639,1789538100382,1789538399679
401323004,XAUUSD.r,5,11,1789537800,4315.35,4316.93,4313.77,4316.7,622,1789537800004,1789538099980
401323004,XAUUSD.r,5,12,1789537500,4311.06,4315.84,4310.96,4315.39,644,1789537500009,1789537799601
401323004,XAUUSD.r,5,13,1789537200,4311.76,4314.01,4310.94,4311.07,637,1789537200341,1789537499606
401323004,XAUUSD.r,5,14,1789536900,4310.55,4316.09,4309.36,4311.21,659,1789536900325,1789537199938
401323004,XAUUSD.r,5,15,1789536600,4300.1,4311.41,4298.71,4310.17,712,1789536600327,1789536899922
401323004,XAUUSD.r,5,16,1789536300,4295.72,4300.73,4295.45,4299.03,574,1789536300021,1789536599924
401323004,XAUUSD.r,5,17,1789536000,4291.68,4295.73,4290.97,4295.73,491,1789536000341,1789536299619
401323004,XAUUSD.r,5,18,1789535700,4292.28,4294.9,4290.02,4291.77,553,1789535700232,1789535998732
401323004,XAUUSD.r,5,19,1789535400,4289.16,4294.92,4289.16,4292.5,624,1789535400142,1789535699829
401323004,XAUUSD.r,5,20,1789535100,4287.93,4289.47,4284.66,4289.16,587,1789535100532,1789535399739
401323004,XAUUSD.r,15,1,1789540200,4331.76,4332.6,4326.06,4327.19,1660,1789540200357,1789541099881
401323004,XAUUSD.r,15,2,1789539300,4337.41,4341.02,4332.03,4332.03,1881,1789539300144,1789540199955
401323004,XAUUSD.r,15,3,1789538400,4321.7,4338.75,4321.56,4337.03,1953,1789538400081,1789539299741
401323004,XAUUSD.r,15,4,1789537500,4311.06,4323.52,4310.96,4321.76,1905,1789537500009,1789538399679
401323004,XAUUSD.r,15,5,1789536600,4300.1,4316.09,4298.71,4311.07,2008,1789536600327,1789537499606
401323004,XAUUSD.r,15,6,1789535700,4292.28,4300.73,4290.02,4299.03,1618,1789535700232,1789536599924
401323004,XAUUSD.r,15,7,1789534800,4282.46,4294.92,4281.86,4292.5,1774,1789534800255,1789535699829
401323004,XAUUSD.r,15,8,1789533900,4288.5,4289.01,4280.05,4282.48,1606,1789533900383,1789534799853
401323004,XAUUSD.r,15,9,1789533000,4290.47,4291.32,4285.85,4288.52,1666,1789533000314,1789533899979
401323004,XAUUSD.r,15,10,1789532100,4287.21,4293.57,4284.57,4290.56,1728,1789532100195,1789532999911
401323004,XAUUSD.r,15,11,1789531200,4277.23,4287.81,4276.85,4287.22,1925,1789531200374,1789532099792
401323004,XAUUSD.r,15,12,1789530300,4283.72,4285.13,4275.52,4277.49,1500,1789530300068,1789531199569
401323004,XAUUSD.r,15,13,1789529400,4284.12,4285.63,4279.76,4283.75,1264,1789529400320,1789530299666
401323004,XAUUSD.r,15,14,1789528500,4282.64,4286.28,4281.79,4284.14,1241,1789528500523,1789529399916
401323004,XAUUSD.r,15,15,1789527600,4283.38,4284.7,4280.68,4282.64,1406,1789527600265,1789528499618
401323004,XAUUSD.r,15,16,1789526700,4284.74,4286.33,4281.21,4283.51,1092,1789526700360,1789527599861
401323004,XAUUSD.r,15,17,1789525800,4284.41,4287.78,4282.77,4284.7,1109,1789525800418,1789526698346
401323004,XAUUSD.r,15,18,1789524900,4286.26,4287.27,4282.14,4284.46,984,1789524900836,1789525799210
401323004,XAUUSD.r,15,19,1789524000,4288.97,4289.38,4284.83,4286.25,1122,1789524000111,1789524899628
401323004,XAUUSD.r,15,20,1789523100,4294.78,4295.47,4288.92,4288.96,965,1789523100263,1789523999709
401663494,GER40,5,1,1789583400,25584.35,25591.35,25566.35,25568.35,306,1789583400087,1789583699887
401663494,GER40,5,2,1789583100,25589.35,25594.35,25577.35,25585.35,251,1789583100017,1789583399680
401663494,GER40,5,3,1789582800,25613.35,25614.35,25585.35,25591.35,246,1789582800049,1789583099809
401663494,GER40,5,4,1789582500,25617.35,25622.35,25601.35,25613.35,249,1789582500193,1789582795193
401663494,GER40,5,5,1789582200,25611.35,25626.35,25606.35,25618.35,281,1789582200339,1789582499782
401663494,GER40,5,6,1789581900,25597.85,25625.35,25594.35,25610.35,371,1789581900290,1789582199928
401663494,GER40,5,7,1789581600,25584.35,25600.85,25574.85,25596.85,299,1789581600202,1789581899886
401663494,GER40,5,8,1789581300,25554.35,25585.35,25552.35,25585.35,240,1789581300165,1789581599383
401663494,GER40,5,9,1789581000,25546.35,25564.35,25543.35,25553.35,214,1789581000264,1789581299961
401663494,GER40,5,10,1789580700,25547.35,25555.35,25541.35,25545.35,231,1789580700025,1789580999453
401663494,GER40,5,11,1789580400,25545.35,25558.35,25544.35,25547.35,218,1789580400377,1789580699008
401663494,GER40,5,12,1789580100,25532.35,25548.35,25530.35,25546.35,198,1789580100097,1789580398357
401663494,GER40,5,13,1789579800,25528.35,25535.35,25517.35,25532.35,218,1789579801314,1789580099899
401663494,GER40,5,14,1789579500,25519.35,25531.35,25510.35,25530.35,173,1789579500320,1789579799684
401663494,GER40,5,15,1789579200,25517.35,25522.35,25512.35,25518.35,205,1789579200112,1789579499909
401663494,GER40,5,16,1789578900,25522.35,25531.35,25515.35,25518.35,179,1789578900043,1789579197884
401663494,GER40,5,17,1789578600,25513.35,25523.35,25510.35,25522.35,210,1789578600139,1789578899845
401663494,GER40,5,18,1789578300,25523.35,25526.35,25511.35,25514.35,226,1789578300107,1789578599728
401663494,GER40,5,19,1789578000,25541.35,25557.35,25520.35,25523.35,268,1789578000057,1789578299092
401663494,GER40,5,20,1789577700,25539.35,25545.35,25535.35,25541.35,209,1789577700823,1789577999043
401663494,GER40,15,1,1789582500,25617.35,25622.35,25577.35,25585.35,746,1789582500193,1789583399680
401663494,GER40,15,2,1789581600,25584.35,25626.35,25574.85,25618.35,951,1789581600202,1789582499782
401663494,GER40,15,3,1789580700,25547.35,25585.35,25541.35,25585.35,685,1789580700025,1789581599383
401663494,GER40,15,4,1789579800,25528.35,25558.35,25517.35,25547.35,634,1789579801314,1789580699008
401663494,GER40,15,5,1789578900,25522.35,25531.35,25510.35,25530.35,557,1789578900043,1789579799684
401663494,GER40,15,6,1789578000,25541.35,25557.35,25510.35,25522.35,704,1789578000057,1789578899845
401663494,GER40,15,7,1789577100,25524.35,25556.35,25518.35,25541.35,734,1789577100108,1789577999043
401663494,GER40,15,8,1789576200,25513.35,25537.35,25497.35,25525.35,826,1789576200002,1789577099904
401663494,GER40,15,9,1789575300,25518.35,25519.35,25498.35,25514.35,532,1789575300192,1789576193927
401663494,GER40,15,10,1789574400,25522.35,25526.35,25482.35,25518.35,570,1789574400070,1789575287032
401663494,GER40,15,11,1789573500,25490.35,25526.35,25490.35,25523.35,485,1789573500646,1789574399061
401663494,GER40,15,12,1789572600,25519.05,25522.35,25483.35,25491.35,470,1789572600369,1789573497607
401663494,GER40,15,13,1789571700,25518.35,25525.35,25510.35,25519.05,429,1789571700190,1789572599538
401663494,GER40,15,14,1789570800,25531.35,25538.35,25519.35,25519.35,455,1789570800409,1789571698364
401663494,GER40,15,15,1789569900,25522.35,25537.35,25517.35,25531.35,428,1789569900606,1789570799997
401663494,GER40,15,16,1789569000,25515.35,25528.35,25509.35,25521.35,577,1789569000558,1789569899191
401663494,GER40,15,17,1789568100,25515.35,25520.35,25502.35,25514.35,474,1789568100047,1789568999541
401663494,GER40,15,18,1789567200,25528.35,25533.35,25505.35,25514.35,766,1789567200120,1789568099233
401663494,GER40,15,19,1789566300,25510.35,25523.35,25490.35,25523.35,410,1789566300225,1789567199918
401663494,GER40,15,20,1789565400,25493.35,25510.35,25487.35,25509.35,381,1789565400279,1789566299819
401784070,GER40,5,1,1789593900,25612.35,25617.35,25592.35,25609.35,321,1789593900102,1789594197198
401784070,GER40,5,2,1789593600,25609.35,25622.35,25599.35,25613.35,337,1789593600035,1789593897875
401784070,GER40,5,3,1789593300,25598.35,25616.35,25598.35,25609.35,326,1789593300397,1789593599826
401784070,GER40,5,4,1789593000,25593.35,25606.35,25586.35,25599.35,331,1789593000526,1789593299787
401784070,GER40,5,5,1789592700,25586.35,25617.35,25584.95,25593.35,420,1789592700235,1789592999513
401784070,GER40,5,6,1789592400,25580.55,25593.55,25551.05,25586.35,661,1789592400449,1789592699829
401784070,GER40,5,7,1789592100,25564.35,25582.55,25564.35,25580.55,90,1789592100296,1789592399925
401784070,GER40,5,8,1789591800,25556.35,25565.35,25552.35,25564.35,98,1789591800294,1789592097671
401784070,GER40,5,9,1789591500,25550.35,25559.35,25550.35,25555.35,56,1789591500103,1789591794228
401784070,GER40,5,10,1789591200,25550.35,25552.35,25548.35,25550.35,76,1789591200109,1789591499289
401784070,GER40,5,11,1789590900,25553.35,25555.35,25550.35,25550.35,73,1789590900837,1789591198687
401784070,GER40,5,12,1789590600,25560.35,25562.35,25550.35,25552.35,66,1789590600233,1789590896383
401784070,GER40,5,13,1789590300,25551.35,25560.35,25551.35,25560.35,58,1789590300220,1789590599822
401784070,GER40,5,14,1789590000,25547.35,25551.35,25547.35,25551.35,65,1789590003216,1789590290300
401784070,GER40,5,15,1789589700,25549.35,25551.35,25546.35,25547.35,54,1789589705679,1789589997553
401784070,GER40,5,16,1789589400,25543.35,25552.35,25541.35,25549.35,61,1789589400852,1789589698594
401784070,GER40,5,17,1789589100,25538.35,25544.35,25538.35,25543.35,69,1789589100997,1789589399437
401784070,GER40,5,18,1789588800,25545.35,25545.35,25535.35,25539.35,72,1789588800171,1789589096747
401784070,GER40,5,19,1789588500,25549.35,25554.35,25545.35,25545.35,71,1789588500085,1789588790248
401784070,GER40,5,20,1789588200,25556.35,25556.35,25548.35,25549.35,77,1789588202323,1789588491989
401784070,GER40,15,1,1789593300,25598.35,25622.35,25592.35,25609.35,984,1789593300397,1789594197198
401784070,GER40,15,2,1789592400,25580.55,25617.35,25551.05,25599.35,1412,1789592400449,1789593299787
401784070,GER40,15,3,1789591500,25550.35,25582.55,25550.35,25580.55,244,1789591500103,1789592399925
401784070,GER40,15,4,1789590600,25560.35,25562.35,25548.35,25550.35,215,1789590600233,1789591499289
401784070,GER40,15,5,1789589700,25549.35,25560.35,25546.35,25560.35,177,1789589705679,1789590599822
401784070,GER40,15,6,1789588800,25545.35,25552.35,25535.35,25549.35,202,1789588800171,1789589698594
401784070,GER40,15,7,1789587900,25553.35,25558.35,25545.35,25545.35,220,1789587900112,1789588790248
401784070,GER40,15,8,1789587000,25554.35,25556.35,25545.35,25553.35,192,1789587000197,1789587896064
401784070,GER40,15,9,1789586100,25571.35,25573.35,25554.35,25554.35,263,1789586100762,1789586999190
401784070,GER40,15,10,1789585200,25579.35,25583.35,25567.35,25571.35,281,1789585200283,1789586098939
401784070,GER40,15,11,1789584300,25568.35,25629.35,25567.35,25580.35,766,1789584300790,1789585199869
401784070,GER40,15,12,1789583400,25584.35,25591.35,25562.35,25569.35,669,1789583400087,1789584299576
401784070,GER40,15,13,1789582500,25617.35,25622.35,25577.35,25585.35,746,1789582500193,1789583399680
401784070,GER40,15,14,1789581600,25584.35,25626.35,25574.85,25618.35,951,1789581600202,1789582499782
401784070,GER40,15,15,1789580700,25547.35,25585.35,25541.35,25585.35,685,1789580700025,1789581599383
401784070,GER40,15,16,1789579800,25528.35,25558.35,25517.35,25547.35,634,1789579801314,1789580699008
401784070,GER40,15,17,1789578900,25522.35,25531.35,25510.35,25530.35,557,1789578900043,1789579799684
401784070,GER40,15,18,1789578000,25541.35,25557.35,25510.35,25522.35,704,1789578000057,1789578899845
401784070,GER40,15,19,1789577100,25524.35,25556.35,25518.35,25541.35,734,1789577100108,1789577999043
401784070,GER40,15,20,1789576200,25513.35,25537.35,25497.35,25525.35,826,1789576200002,1789577099904
401890448,US100,5,1,1789598400,28909.7,28927.7,28871.2,28897.2,674,1789598400397,1789598699615
401890448,US100,5,2,1789598100,28914.7,28918.45,28862.7,28910.45,690,1789598100152,1789598399994
401890448,US100,5,3,1789597800,28852.2,28915.95,28843.95,28914.95,683,1789597800120,1789598099750
401890448,US100,5,4,1789597500,28831.45,28855.95,28773.2,28852.7,688,1789597500071,1789597799717
401890448,US100,5,5,1789597200,28829.45,28851.0,28803.45,28831.2,689,1789597200069,1789597499668
401890448,US100,5,6,1789596900,28850.2,28883.45,28806.95,28830.95,678,1789596900216,1789597199666
401890448,US100,5,7,1789596600,28923.95,28930.95,28828.7,28849.7,686,1789596600007,1789596899813
401890448,US100,5,8,1789596300,28991.95,28995.45,28906.95,28923.2,695,1789596300243,1789596599605
401890448,US100,5,9,1789596000,28949.95,29022.2,28941.7,28992.45,701,1789596000032,1789596299840
401890448,US100,5,10,1789595700,29015.95,29042.2,28942.95,28948.95,694,1789595700159,1789595999629
401890448,US100,5,11,1789595400,29104.75,29118.95,29012.95,29012.95,704,1789595400031,1789595699756
401890448,US100,5,12,1789595100,29163.7,29193.15,29099.95,29105.25,687,1789595100098,1789595399627
401890448,US100,5,13,1789594800,29113.2,29215.2,29108.2,29163.7,678,1789594800084,1789595099695
401890448,US100,5,14,1789594500,29093.95,29121.7,29023.2,29114.2,709,1789594500041,1789594799681
401890448,US100,5,15,1789594200,29176.95,29188.2,29090.2,29093.45,692,1789594200214,1789594499638
401890448,US100,5,16,1789593900,29176.45,29181.7,29129.2,29177.7,653,1789593900187,1789594199812
401890448,US100,5,17,1789593600,29185.7,29200.32,29169.7,29176.95,653,1789593600171,1789593899785
401890448,US100,5,18,1789593300,29187.45,29200.7,29172.95,29188.45,664,1789593300016,1789593599365
401890448,US100,5,19,1789593000,29222.45,29230.95,29178.95,29186.7,660,1789593000394,1789593299613
401890448,US100,5,20,1789592700,29230.2,29259.45,29215.7,29221.95,688,1789592700252,1789592999992
401890448,US100,15,1,1789597800,28852.2,28927.7,28843.95,28897.2,2047,1789597800120,1789598699615
401890448,US100,15,2,1789596900,28850.2,28883.45,28773.2,28852.7,2055,1789596900216,1789597799717
401890448,US100,15,3,1789596000,28949.95,29022.2,28828.7,28849.7,2082,1789596000032,1789596899813
401890448,US100,15,4,1789595100,29163.7,29193.15,28942.95,28948.95,2085,1789595100098,1789595999629
401890448,US100,15,5,1789594200,29176.95,29215.2,29023.2,29163.7,2079,1789594200214,1789595099695
401890448,US100,15,6,1789593300,29187.45,29200.7,29129.2,29177.7,1970,1789593300016,1789594199812
401890448,US100,15,7,1789592400,29198.95,29259.45,29135.45,29186.7,2054,1789592400246,1789593299613
401890448,US100,15,8,1789591500,29145.7,29199.2,29145.7,29196.2,1521,1789591500372,1789592399843
401890448,US100,15,9,1789590600,29178.95,29184.95,29142.2,29145.2,1472,1789590600177,1789591499566
401890448,US100,15,10,1789589700,29181.7,29186.45,29166.2,29178.7,1390,1789589701654,1789590599373
401890448,US100,15,11,1789588800,29191.7,29191.7,29162.45,29182.45,1450,1789588800192,1789589699641
401890448,US100,15,12,1789587900,29192.32,29213.7,29188.45,29190.57,1390,1789587900201,1789588799789
401890448,US100,15,13,1789587000,29206.45,29209.45,29186.45,29192.2,1449,1789587000732,1789587899597
401890448,US100,15,14,1789586100,29206.7,29217.45,29189.95,29207.2,1428,1789586100129,1789586999927
401890448,US100,15,15,1789585200,29221.95,29223.2,29192.57,29205.82,1542,1789585200210,1789586099726
401890448,US100,15,16,1789584300,29217.45,29270.45,29211.45,29220.7,1738,1789584300351,1789585199404
401890448,US100,15,17,1789583400,29228.7,29231.95,29204.45,29218.2,1653,1789583400023,1789584299545
401890448,US100,15,18,1789582500,29246.45,29247.45,29217.82,29228.2,1662,1789582500729,1789583399620
401890448,US100,15,19,1789581600,29222.2,29257.7,29207.2,29245.95,1802,1789581600369,1789582499922
401890448,US100,15,20,1789580700,29188.45,29222.2,29172.7,29221.2,1716,1789580700329,1789581599966
402234685,UK100,5,1,1789642200,10764.0,10766.5,10760.0,10761.5,256,1789642200153,1789642499363
402234685,UK100,5,2,1789641900,10779.5,10781.0,10764.0,10764.5,214,1789641901006,1789642199751
402234685,UK100,5,3,1789641600,10795.0,10796.0,10778.2,10780.0,248,1789641600419,1789641899185
402234685,UK100,5,4,1789641300,10788.0,10795.5,10785.0,10795.0,221,1789641300208,1789641597182
402234685,UK100,5,5,1789641000,10788.6,10795.5,10784.6,10787.5,232,1789641000057,1789641299803
402234685,UK100,5,6,1789640700,10785.1,10794.8,10784.1,10788.1,234,1789640700055,1789640997020
402234685,UK100,5,7,1789640400,10786.6,10791.6,10778.6,10785.1,298,1789640400050,1789640699046
402234685,UK100,5,8,1789640100,10774.6,10791.1,10773.6,10786.1,324,1789640100215,1789640399240
402234685,UK100,5,9,1789639800,10753.1,10776.1,10752.6,10774.1,328,1789639800170,1789640099607
402234685,UK100,5,10,1789639500,10731.1,10755.1,10731.1,10753.1,298,1789639500066,1789639799764
402234685,UK100,5,11,1789639200,10734.6,10743.1,10729.1,10732.1,523,1789639200108,1789639499662
402234685,UK100,5,12,1789638900,10734.6,10736.6,10731.1,10733.6,113,1789638900102,1789639199296
402234685,UK100,5,13,1789638600,10735.1,10736.1,10732.1,10734.1,61,1789638600158,1789638899899
402234685,UK100,5,14,1789638300,10734.1,10737.1,10733.1,10735.6,97,1789638300752,1789638597331
402234685,UK100,5,15,1789638000,10730.1,10735.6,10729.8,10734.6,106,1789638000176,1789638298325
402234685,UK100,5,16,1789637700,10732.1,10732.6,10728.8,10730.1,121,1789637700188,1789637998150
402234685,UK100,5,17,1789637400,10733.1,10736.6,10730.6,10732.1,193,1789637400261,1789637698973
402234685,UK100,5,18,1789637100,10725.1,10733.6,10725.1,10732.6,140,1789637101464,1789637396818
402234685,UK100,5,19,1789636800,10720.1,10725.1,10720.1,10725.1,99,1789636800067,1789637099846
402234685,UK100,5,20,1789636500,10721.6,10721.6,10716.8,10720.1,142,1789636500474,1789636799866
402234685,UK100,15,1,1789641000,10788.6,10796.0,10778.2,10780.0,701,1789641000057,1789641899185
402234685,UK100,15,2,1789640100,10774.6,10794.8,10773.6,10788.1,856,1789640100215,1789640997020
402234685,UK100,15,3,1789639200,10734.6,10776.1,10729.1,10774.1,1149,1789639200108,1789640099607
402234685,UK100,15,4,1789638300,10734.1,10737.1,10731.1,10733.6,271,1789638300752,1789639199296
402234685,UK100,15,5,1789637400,10733.1,10736.6,10728.8,10734.6,420,1789637400261,1789638298325
402234685,UK100,15,6,1789636500,10721.6,10733.6,10716.8,10732.6,381,1789636500474,1789637396818
402234685,UK100,15,7,1789635600,10713.85,10723.6,10711.85,10721.1,464,1789635600109,1789636494807
402234685,UK100,15,8,1789634700,10714.85,10717.35,10713.85,10713.85,167,1789634701595,1789635599702
402234685,UK100,15,9,1789633800,10717.85,10719.1,10713.35,10714.85,189,1789633800209,1789634697951
402234685,UK100,15,10,1789632900,10720.35,10720.85,10715.35,10717.85,158,1789632900305,1789633797367
402234685,UK100,15,11,1789632000,10722.35,10724.35,10719.35,10720.85,160,1789632000418,1789632890593
402234685,UK100,15,12,1789631100,10725.85,10727.35,10721.35,10722.35,119,1789631100477,1789631984236
402234685,UK100,15,13,1789630200,10720.85,10726.35,10718.85,10725.85,202,1789630203880,1789631095418
402234685,UK100,15,14,1789629300,10722.35,10723.35,10720.85,10720.85,187,1789629300537,1789630188705
402234685,UK100,15,15,1789628400,10726.85,10729.35,10720.85,10722.35,145,1789628400276,1789629288402
402234685,UK100,15,16,1789627500,10725.35,10727.35,10723.85,10726.85,142,1789627519383,1789628398046
402234685,UK100,15,17,1789626600,10719.35,10724.85,10718.35,10724.85,165,1789626600102,1789627487832
402234685,UK100,15,18,1789625700,10717.85,10720.35,10716.35,10719.35,139,1789625701418,1789626595450
402234685,UK100,15,19,1789624800,10718.35,10720.85,10716.85,10717.85,150,1789624800019,1789625695146
402234685,UK100,15,20,1789623900,10720.35,10720.35,10715.35,10718.35,184,1789623900592,1789624794756
402391108,XAUUSD.r,5,1,1789655400,4328.6,4328.82,4325.52,4326.25,593,1789655400245,1789655699425
402391108,XAUUSD.r,5,2,1789655100,4328.89,4329.36,4326.7,4328.53,600,1789655100242,1789655399440
402391108,XAUUSD.r,5,3,1789654800,4326.97,4333.33,4326.96,4328.91,613,1789654800365,1789655099839
402391108,XAUUSD.r,5,4,1789654500,4332.23,4334.63,4327.19,4327.19,638,1789654500354,1789654799963
402391108,XAUUSD.r,5,5,1789654200,4336.1,4339.98,4330.63,4332.1,648,1789654200355,1789654499952
402391108,XAUUSD.r,5,6,1789653900,4330.38,4336.89,4329.11,4336.12,638,1789653900323,1789654199951
402391108,XAUUSD.r,5,7,1789653600,4324.4,4330.77,4323.99,4330.43,650,1789653600239,1789653899518
402391108,XAUUSD.r,5,8,1789653300,4321.91,4325.16,4321.29,4324.33,419,1789653300315,1789653599835
402391108,XAUUSD.r,5,9,1789653000,4318.72,4323.61,4318.51,4321.66,506,1789653000331,1789653299913
402391108,XAUUSD.r,5,10,1789652700,4316.48,4318.69,4316.35,4318.62,450,1789652700234,1789652999929
402391108,XAUUSD.r,5,11,1789652400,4316.77,4317.65,4314.75,4316.5,426,1789652400249,1789652699832
402391108,XAUUSD.r,5,12,1789652100,4314.66,4318.54,4314.66,4316.84,489,1789652100338,1789652398235
402391108,XAUUSD.r,5,13,1789651800,4313.83,4315.2,4312.32,4314.65,534,1789651800346,1789652099533
402391108,XAUUSD.r,5,14,1789651500,4313.23,4315.63,4312.8,4313.6,545,1789651500317,1789651799943
402391108,XAUUSD.r,5,15,1789651200,4306.73,4313.28,4306.73,4313.12,490,1789651200014,1789651499914
402391108,XAUUSD.r,5,16,1789650900,4310.26,4310.81,4306.69,4306.69,510,1789650900010,1789651199611
402391108,XAUUSD.r,5,17,1789650600,4309.07,4313.66,4309.07,4310.19,520,1789650600011,1789650899205
402391108,XAUUSD.r,5,18,1789650300,4307.76,4311.51,4307.51,4309.06,525,1789650300108,1789650599205
402391108,XAUUSD.r,5,19,1789650000,4306.24,4308.81,4305.18,4307.77,527,1789650000523,1789650299705
402391108,XAUUSD.r,5,20,1789649700,4310.92,4310.94,4305.67,4306.22,502,1789649700126,1789649999717
402391108,XAUUSD.r,15,1,1789654500,4332.23,4334.63,4326.7,4328.53,1851,1789654500354,1789655399440
402391108,XAUUSD.r,15,2,1789653600,4324.4,4339.98,4323.99,4332.1,1936,1789653600239,1789654499952
402391108,XAUUSD.r,15,3,1789652700,4316.48,4325.16,4316.35,4324.33,1375,1789652700234,1789653599835
402391108,XAUUSD.r,15,4,1789651800,4313.83,4318.54,4312.32,4316.5,1449,1789651800346,1789652699832
402391108,XAUUSD.r,15,5,1789650900,4310.26,4315.63,4306.69,4313.6,1545,1789650900010,1789651799943
402391108,XAUUSD.r,15,6,1789650000,4306.24,4313.66,4305.18,4310.19,1572,1789650000523,1789650899205
402391108,XAUUSD.r,15,7,1789649100,4309.34,4311.3,4305.67,4306.22,1519,1789649100526,1789649999717
402391108,XAUUSD.r,15,8,1789648200,4306.6,4311.14,4305.15,4309.28,1576,1789648200021,1789649099721
402391108,XAUUSD.r,15,9,1789647300,4315.82,4316.52,4305.98,4306.65,1669,1789647300185,1789648199619
402391108,XAUUSD.r,15,10,1789646400,4311.62,4319.29,4311.62,4315.93,1606,1789646400165,1789647299882
402391108,XAUUSD.r,15,11,1789645500,4313.76,4314.03,4310.27,4311.63,1593,1789645500462,1789646399762
402391108,XAUUSD.r,15,12,1789644600,4316.17,4319.53,4312.1,4313.94,1675,1789644600278,1789645499254
402391108,XAUUSD.r,15,13,1789643700,4320.31,4322.02,4314.7,4316.1,1664,1789643700235,1789644599875
402391108,XAUUSD.r,15,14,1789642800,4327.33,4328.23,4317.97,4320.37,1748,1789642800170,1789643699430
402391108,XAUUSD.r,15,15,1789641900,4331.58,4335.36,4323.86,4327.24,1660,1789641900238,1789642799767
402391108,XAUUSD.r,15,16,1789641000,4329.65,4335.04,4329.45,4331.44,1676,1789641000374,1789641899836
402391108,XAUUSD.r,15,17,1789640100,4322.86,4329.85,4319.41,4329.31,1786,1789640100063,1789640999971
402391108,XAUUSD.r,15,18,1789639200,4310.9,4323.42,4309.42,4322.88,1768,1789639200050,1789640099660
402391108,XAUUSD.r,15,19,1789638300,4309.43,4311.96,4306.83,4310.78,1675,1789638300236,1789639199647
402391108,XAUUSD.r,15,20,1789637400,4311.87,4315.23,4305.83,4309.51,1837,1789637400218,1789638299833
402914703,US100,5,1,1789726200,29659.7,29673.2,29655.95,29656.95,474,1789726200713,1789726498892
402914703,US100,5,2,1789725900,29657.7,29660.45,29650.45,29659.45,457,1789725900177,1789726199403
402914703,US100,5,3,1789725600,29650.95,29659.95,29645.45,29657.95,540,1789725600264,1789725899773
402914703,US100,5,4,1789725300,29643.7,29655.2,29642.45,29651.2,384,1789725300547,1789725599057
402914703,US100,5,5,1789725000,29641.7,29647.45,29639.95,29643.2,370,1789725000148,1789725299439
402914703,US100,5,6,1789724700,29642.2,29646.95,29636.45,29641.7,402,1789724700331,1789724999242
402914703,US100,5,7,1789724400,29651.95,29652.2,29634.2,29640.45,438,1789724400549,1789724699928
402914703,US100,5,8,1789724100,29640.7,29653.2,29636.45,29652.45,441,1789724100528,1789724399744
402914703,US100,5,9,1789723800,29619.95,29647.45,29618.95,29640.2,517,1789723800336,1789724099622
402914703,US100,5,10,1789723500,29626.95,29631.45,29617.95,29619.7,422,1789723500918,1789723799933
402914703,US100,5,11,1789723200,29614.7,29631.45,29609.2,29626.7,470,1789723200307,1789723497798
402914703,US100,5,12,1789722900,29617.7,29624.2,29606.7,29614.45,451,1789722900075,1789723199905
402914703,US100,5,13,1789722600,29605.7,29619.2,29599.7,29617.95,398,1789722600186,1789722898868
402914703,US100,5,14,1789722300,29603.45,29606.95,29596.7,29605.95,440,1789722300279,1789722599783
402914703,US100,5,15,1789722000,29580.95,29605.45,29580.7,29603.2,526,1789722000362,1789722299472
402914703,US100,5,16,1789721700,29576.45,29583.95,29573.7,29581.45,382,1789721700137,1789721999959
402914703,US100,5,17,1789721400,29575.2,29587.7,29574.95,29576.7,437,1789721400049,1789721699735
402914703,US100,5,18,1789721100,29588.45,29593.95,29574.2,29575.45,453,1789721100126,1789721399647
402914703,US100,5,19,1789720800,29574.95,29588.7,29569.45,29588.7,412,1789720800139,1789721099724
402914703,US100,5,20,1789720500,29559.2,29576.95,29556.45,29574.7,413,1789720500324,1789720799333
402914703,US100,15,1,1789725600,29650.95,29673.2,29645.45,29656.95,1471,1789725600264,1789726498892
402914703,US100,15,2,1789724700,29642.2,29655.2,29636.45,29651.2,1156,1789724700331,1789725599057
402914703,US100,15,3,1789723800,29619.95,29653.2,29618.95,29640.45,1396,1789723800336,1789724699928
402914703,US100,15,4,1789722900,29617.7,29631.45,29606.7,29619.7,1343,1789722900075,1789723799933
402914703,US100,15,5,1789722000,29580.95,29619.2,29580.7,29617.95,1364,1789722000362,1789722898868
402914703,US100,15,6,1789721100,29588.45,29593.95,29573.7,29581.45,1272,1789721100126,1789721999959
402914703,US100,15,7,1789720200,29550.45,29588.7,29547.45,29588.7,1279,1789720200132,1789721099724
402914703,US100,15,8,1789719300,29546.95,29561.45,29542.7,29550.2,1073,1789719300331,1789720199729
402914703,US100,15,9,1789718400,29545.45,29549.45,29538.45,29545.45,1077,1789718400251,1789719299928
402914703,US100,15,10,1789717500,29530.45,29547.45,29522.2,29545.2,1081,1789717500125,1789718399849
402914703,US100,15,11,1789716600,29507.45,29534.45,29500.7,29529.7,1073,1789716600473,1789717499722
402914703,US100,15,12,1789715700,29503.2,29507.95,29490.2,29507.2,1084,1789715702308,1789716599266
402914703,US100,15,13,1789714800,29489.95,29503.45,29489.7,29502.95,1031,1789714800225,1789715699790
402914703,US100,15,14,1789713900,29482.95,29499.2,29482.7,29489.45,1010,1789713900250,1789714799420
402914703,US100,15,15,1789713000,29469.2,29482.95,29462.7,29482.45,1138,1789713000156,1789713899847
402914703,US100,15,16,1789712100,29471.95,29472.95,29455.2,29468.45,1145,1789712100015,1789712999351
402914703,US100,15,17,1789711200,29428.45,29472.2,29424.2,29472.2,1291,1789711200344,1789712099613
402914703,US100,15,18,1789710300,29428.45,29437.95,29422.45,29428.2,1145,1789710300534,1789711198734
402914703,US100,15,19,1789709400,29423.2,29432.95,29418.45,29428.7,1023,1789709400184,1789710299326
402914703,US100,15,20,1789708500,29409.95,29426.95,29406.45,29423.2,1004,1789708500791,1789709399379
403168162,GER40,5,1,1789751400,25363.75,25382.75,25363.75,25364.75,355,1789751400227,1789751699812
403168162,GER40,5,2,1789751100,25339.75,25363.75,25330.75,25363.75,322,1789751100021,1789751398204
403168162,GER40,5,3,1789750800,25343.75,25345.75,25323.75,25340.75,349,1789750800221,1789751099617
403168162,GER40,5,4,1789750500,25338.75,25358.75,25335.75,25344.35,310,1789750500149,1789750799976
403168162,GER40,5,5,1789750200,25354.75,25357.75,25331.75,25338.75,294,1789750200105,1789750499737
403168162,GER40,5,6,1789749900,25367.75,25369.75,25350.75,25356.75,321,1789749900085,1789750199700
403168162,GER40,5,7,1789749600,25397.75,25399.75,25366.75,25366.75,396,1789749600084,1789749899280
403168162,GER40,5,8,1789749300,25388.75,25403.75,25369.75,25397.75,385,1789749300258,1789749599261
403168162,GER40,5,9,1789749000,25435.75,25436.75,25389.75,25390.75,463,1789749000004,1789749298637
403168162,GER40,5,10,1789748700,25421.75,25436.75,25418.75,25436.75,305,1789748700172,1789748999603
403168162,GER40,5,11,1789748400,25450.75,25452.75,25424.75,25424.75,229,1789748400196,1789748697956
403168162,GER40,5,12,1789748100,25448.75,25452.75,25440.75,25451.75,220,1789748100158,1789748399989
403168162,GER40,5,13,1789747800,25444.75,25455.75,25442.75,25448.75,185,1789747800196,1789748099547
403168162,GER40,5,14,1789747500,25450.75,25456.75,25437.75,25443.75,257,1789747500003,1789747797160
403168162,GER40,5,15,1789747200,25441.75,25452.75,25428.75,25450.75,305,1789747201011,1789747497777
403168162,GER40,5,16,1789746900,25438.75,25451.75,25430.75,25441.75,219,1789746900167,1789747199593
403168162,GER40,5,17,1789746600,25420.75,25440.75,25411.75,25440.75,229,1789746600178,1789746899965
403168162,GER40,5,18,1789746300,25430.75,25434.75,25416.75,25424.75,223,1789746300374,1789746599159
403168162,GER40,5,19,1789746000,25444.75,25447.75,25428.75,25429.75,262,1789746000756,1789746298145
403168162,GER40,5,20,1789745700,25442.75,25454.75,25431.75,25443.75,262,1789745700304,1789745998126
403168162,GER40,15,1,1789750800,25343.75,25382.75,25323.75,25364.75,1026,1789750800221,1789751699812
403168162,GER40,15,2,1789749900,25367.75,25369.75,25331.75,25344.35,925,1789749900085,1789750799976
403168162,GER40,15,3,1789749000,25435.75,25436.75,25366.75,25366.75,1244,1789749000004,1789749899280
403168162,GER40,15,4,1789748100,25448.75,25452.75,25418.75,25436.75,754,1789748100158,1789748999603
403168162,GER40,15,5,1789747200,25441.75,25456.75,25428.75,25448.75,747,1789747201011,1789748099547
403168162,GER40,15,6,1789746300,25430.75,25451.75,25411.75,25441.75,671,1789746300374,1789747199593
403168162,GER40,15,7,1789745400,25419.75,25454.75,25409.75,25429.75,782,1789745400286,1789746298145
403168162,GER40,15,8,1789744500,25434.75,25438.75,25395.75,25419.75,861,1789744500115,1789745399673
403168162,GER40,15,9,1789743600,25475.75,25486.75,25427.75,25434.75,877,1789743600107,1789744499301
403168162,GER40,15,10,1789742700,25491.75,25492.75,25470.75,25475.75,666,1789742700297,1789743599898
403168162,GER40,15,11,1789741800,25541.75,25568.75,25486.75,25490.75,746,1789741800138,1789742699690
403168162,GER40,15,12,1789740900,25548.75,25548.75,25506.75,25540.75,757,1789740900096,1789741798114
403168162,GER40,15,13,1789740000,25524.75,25612.75,25524.75,25548.75,1381,1789740000069,1789740899084
403168162,GER40,15,14,1789739100,25562.75,25564.75,25520.75,25524.75,550,1789739100095,1789739998449
403168162,GER40,15,15,1789738200,25556.75,25569.75,25540.75,25561.75,578,1789738200176,1789739098467
403168162,GER40,15,16,1789737300,25550.75,25556.75,25532.75,25555.75,629,1789737300153,1789738197747
403168162,GER40,15,17,1789736400,25546.75,25564.75,25535.75,25550.75,840,1789736400032,1789737299743
403168162,GER40,15,18,1789735500,25573.75,25593.75,25544.75,25546.75,1114,1789735500052,1789736399424
403168162,GER40,15,19,1789734600,25613.75,25613.75,25571.75,25572.75,756,1789734600111,1789735498224
403168162,GER40,15,20,1789733700,25625.75,25633.75,25604.75,25613.75,715,1789733701018,1789734599910
403429027,US100,5,1,1789965600,29861.45,29865.7,29855.2,29860.2,390,1789965600621,1789965899653
403429027,US100,5,2,1789965300,29865.2,29865.7,29854.95,29860.7,409,1789965300237,1789965599514
403429027,US100,5,3,1789965000,29857.45,29867.2,29854.45,29865.45,452,1789965000277,1789965299028
403429027,US100,5,4,1789964700,29857.7,29873.7,29857.2,29857.45,423,1789964700611,1789964999875
403429027,US100,5,5,1789964400,29856.95,29861.45,29851.45,29857.95,408,1789964400454,1789964699706
403429027,US100,5,6,1789964100,29860.95,29864.2,29853.95,29857.2,483,1789964100167,1789964399649
403429027,US100,5,7,1789963800,29865.2,29868.7,29852.45,29860.7,473,1789963800221,1789964099360
403429027,US100,5,8,1789963500,29850.95,29869.7,29848.45,29864.7,467,1789963500166,1789963799014
403429027,US100,5,9,1789963200,29840.95,29851.7,29835.2,29850.7,547,1789963200138,1789963499360
403429027,US100,5,10,1789962900,29825.2,29843.2,29822.7,29840.7,431,1789962900164,1789963198929
403429027,US100,5,11,1789962600,29824.45,29832.45,29822.95,29825.2,409,1789962600196,1789962899761
403429027,US100,5,12,1789962300,29820.7,29828.45,29817.45,29824.45,460,1789962300099,1789962599391
403429027,US100,5,13,1789962000,29836.45,29836.7,29817.7,29820.45,477,1789962000337,1789962299596
403429027,US100,5,14,1789961700,29834.9,29837.45,29828.95,29836.2,426,1789961700156,1789961999934
403429027,US100,5,15,1789961400,29815.2,29836.2,29815.2,29833.95,472,1789961400482,1789961699754
403429027,US100,5,16,1789961100,29811.7,29824.95,29807.45,29812.95,470,1789961100418,1789961399576
403429027,US100,5,17,1789960800,29769.45,29815.45,29768.2,29811.95,524,1789960800473,1789961099108
403429027,US100,5,18,1789960500,29787.7,29791.7,29763.95,29771.2,530,1789960500492,1789960799666
403429027,US100,5,19,1789960200,29793.2,29793.95,29781.95,29787.2,503,1789960200039,1789960499687
403429027,US100,5,20,1789959900,29796.45,29809.45,29787.2,29792.95,528,1789959900358,1789960199234
403429027,US100,15,1,1789965000,29857.45,29867.2,29854.45,29860.2,1251,1789965000277,1789965899653
403429027,US100,15,2,1789964100,29860.95,29873.7,29851.45,29857.45,1314,1789964100167,1789964999875
403429027,US100,15,3,1789963200,29840.95,29869.7,29835.2,29860.7,1487,1789963200138,1789964099360
403429027,US100,15,4,1789962300,29820.7,29843.2,29817.45,29840.7,1300,1789962300099,1789963198929
403429027,US100,15,5,1789961400,29815.2,29837.45,29815.2,29820.45,1375,1789961400482,1789962299596
403429027,US100,15,6,1789960500,29787.7,29824.95,29763.95,29812.95,1524,1789960500492,1789961399576
403429027,US100,15,7,1789959600,29775.95,29809.45,29773.7,29787.2,1568,1789959600435,1789960499687
403429027,US100,15,8,1789958700,29782.2,29785.95,29768.45,29775.2,1089,1789958700049,1789959599629
403429027,US100,15,9,1789957800,29773.7,29785.7,29769.95,29781.45,766,1789957800347,1789958699244
403429027,US100,15,10,1789956900,29766.2,29775.7,29757.7,29773.2,763,1789956900385,1789957798235
403429027,US100,15,11,1789956000,29771.95,29775.2,29760.45,29766.45,753,1789956000070,1789956898271
403429027,US100,15,12,1789955100,29753.95,29779.7,29742.95,29771.7,968,1789955100144,1789955999567
403429027,US100,15,13,1789954200,29736.2,29771.95,29733.95,29753.7,1148,1789954200011,1789955099541
403429027,US100,15,14,1789953300,29743.2,29751.95,29726.2,29736.2,1227,1789953300172,1789954199206
403429027,US100,15,15,1789952400,29676.2,29749.2,29650.2,29743.2,1318,1789952460035,1789953299769
403429027,US100,15,16,1789775100,29711.45,29722.7,29687.2,29691.57,856,1789775100311,1789775999983
403429027,US100,15,17,1789774200,29705.2,29711.95,29693.82,29710.95,867,1789774200636,1789775099908
403429027,US100,15,18,1789773300,29707.95,29711.95,29697.2,29704.95,1064,1789773300373,1789774199730
403429027,US100,15,19,1789772400,29653.45,29729.7,29649.82,29707.2,1614,1789772400112,1789773299566
403429027,US100,15,20,1789771500,29588.7,29674.2,29586.95,29654.32,1780,1789771500384,1789772399709
404066546,XAUUSD.r,5,1,1790044200,4360.06,4361.59,4358.31,4360.34,460,1790044200681,1790044498312
404066546,XAUUSD.r,5,2,1790043900,4360.21,4361.0,4358.23,4360.07,453,1790043900226,1790044199070
404066546,XAUUSD.r,5,3,1790043600,4361.56,4362.57,4358.97,4360.16,422,1790043600196,1790043899824
404066546,XAUUSD.r,5,4,1790043300,4359.87,4364.62,4359.74,4361.56,447,1790043300154,1790043599793
404066546,XAUUSD.r,5,5,1790043000,4364.33,4365.8,4359.84,4359.84,416,1790043000411,1790043299751
404066546,XAUUSD.r,5,6,1790042700,4365.45,4365.45,4363.32,4364.32,377,1790042700377,1790042999205
404066546,XAUUSD.r,5,7,1790042400,4361.25,4366.15,4360.54,4365.48,437,1790042400145,1790042698766
404066546,XAUUSD.r,5,8,1790042100,4362.8,4365.18,4361.08,4361.12,440,1790042100194,1790042399743
404066546,XAUUSD.r,5,9,1790041800,4359.67,4362.7,4359.5,4362.5,346,1790041800467,1790042099791
404066546,XAUUSD.r,5,10,1790041500,4352.83,4359.67,4352.66,4359.67,396,1790041500002,1790041799259
404066546,XAUUSD.r,5,11,1790041200,4352.17,4353.05,4351.73,4352.82,288,1790041201178,1790041499600
404066546,XAUUSD.r,5,12,1790040900,4351.56,4352.45,4351.54,4352.18,263,1790040900338,1790041197957
404066546,XAUUSD.r,5,13,1790040600,4352.61,4353.07,4351.4,4351.54,313,1790040600297,1790040899534
404066546,XAUUSD.r,5,14,1790040300,4352.15,4352.76,4350.25,4352.6,344,1790040300255,1790040599995
404066546,XAUUSD.r,5,15,1790040000,4352.36,4352.78,4351.13,4352.15,295,1790040002749,1790040296633
404066546,XAUUSD.r,5,16,1790039700,4349.64,4352.61,4349.2,4352.38,374,1790039700670,1790039998722
404066546,XAUUSD.r,5,17,1790039400,4349.33,4350.65,4348.95,4349.64,248,1790039400340,1790039699865
404066546,XAUUSD.r,5,18,1790039100,4348.31,4350.01,4346.63,4349.4,310,1790039100307,1790039399535
404066546,XAUUSD.r,5,19,1790038800,4344.76,4348.78,4344.76,4348.0,290,1790038800601,1790039098698
404066546,XAUUSD.r,5,20,1790034900,4343.53,4343.87,4343.19,4343.57,210,1790034900249,1790035195160
404066546,XAUUSD.r,15,1,1790043300,4359.87,4364.62,4358.23,4360.07,1322,1790043300154,1790044199070
404066546,XAUUSD.r,15,2,1790042400,4361.25,4366.15,4359.84,4359.84,1230,1790042400145,1790043299751
404066546,XAUUSD.r,15,3,1790041500,4352.83,4365.18,4352.66,4361.12,1182,1790041500002,1790042399743
404066546,XAUUSD.r,15,4,1790040600,4352.61,4353.07,4351.4,4352.82,864,1790040600297,1790041499600
404066546,XAUUSD.r,15,5,1790039700,4349.64,4352.78,4349.2,4352.6,1013,1790039700670,1790040599995
404066546,XAUUSD.r,15,6,1790038800,4344.76,4350.65,4344.76,4349.64,848,1790038800601,1790039699865
404066546,XAUUSD.r,15,7,1790034300,4342.15,4344.04,4340.61,4343.57,522,1790034300552,1790035195160
404066546,XAUUSD.r,15,8,1790033400,4340.52,4342.79,4339.32,4341.98,657,1790033400362,1790034294914
404066546,XAUUSD.r,15,9,1790032500,4341.55,4341.78,4339.94,4340.6,653,1790032500228,1790033398750
404066546,XAUUSD.r,15,10,1790031600,4345.15,4345.31,4341.53,4341.56,958,1790031600054,1790032498216
404066546,XAUUSD.r,15,11,1790030700,4348.05,4348.16,4344.64,4345.05,1586,1790030700278,1790031599651
404066546,XAUUSD.r,15,12,1790029800,4348.9,4353.82,4347.49,4348.04,1479,1790029800350,1790030699372
404066546,XAUUSD.r,15,13,1790028900,4345.45,4350.44,4344.79,4348.97,1302,1790028900171,1790029799947
404066546,XAUUSD.r,15,14,1790028000,4346.08,4346.61,4342.26,4345.54,1308,1790028000393,1790028899366
404066546,XAUUSD.r,15,15,1790027100,4346.92,4348.88,4346.02,4346.06,1278,1790027100197,1790027999990
404066546,XAUUSD.r,15,16,1790026200,4350.33,4351.48,4346.09,4347.07,1463,1790026200233,1790027099795
404066546,XAUUSD.r,15,17,1790025300,4349.99,4352.46,4348.67,4350.31,1377,1790025300064,1790026199428
404066546,XAUUSD.r,15,18,1790024400,4344.48,4350.99,4343.98,4349.97,1436,1790024400116,1790025298453
404066546,XAUUSD.r,15,19,1790023500,4340.61,4346.13,4339.28,4344.48,1506,1790023500233,1790024399713
404066546,XAUUSD.r,15,20,1790022600,4339.71,4342.42,4337.55,4340.69,939,1790022990304,1790023499831
404217210,US100,5,1,1790065800,30541.2,30541.45,30528.45,30539.2,522,1790065800045,1790066099985
404217210,US100,5,2,1790065500,30537.7,30548.95,30533.45,30541.7,459,1790065500190,1790065799643
404217210,US100,5,3,1790065200,30532.7,30557.95,30531.95,30539.2,471,1790065200155,1790065497776
404217210,US100,5,4,1790064900,30557.2,30557.95,30531.95,30532.95,422,1790064900086,1790065199752
404217210,US100,5,5,1790064600,30556.2,30560.45,30551.95,30557.45,352,1790064600154,1790064898575
404217210,US100,5,6,1790064300,30561.45,30568.2,30555.45,30555.95,395,1790064300396,1790064597738
404217210,US100,5,7,1790064000,30560.95,30568.2,30556.95,30561.2,405,1790064000360,1790064299491
404217210,US100,5,8,1790063700,30563.95,30568.2,30557.2,30560.7,362,1790063700512,1790063999453
404217210,US100,5,9,1790063400,30569.45,30570.95,30561.45,30563.7,364,1790063400076,1790063699506
404217210,US100,5,10,1790063100,30575.7,30581.7,30568.2,30569.7,351,1790063100294,1790063396954
404217210,US100,5,11,1790062800,30578.2,30589.2,30572.45,30575.2,420,1790062801159,1790063099891
404217210,US100,5,12,1790062500,30581.45,30587.2,30575.45,30578.45,410,1790062500511,1790062799549
404217210,US100,5,13,1790062200,30584.45,30595.45,30579.2,30581.95,423,1790062200374,1790062497692
404217210,US100,5,14,1790061900,30586.2,30596.7,30580.2,30584.95,417,1790061900217,1790062199569
404217210,US100,5,15,1790061600,30584.45,30588.95,30581.2,30586.45,445,1790061600875,1790061899815
404217210,US100,5,16,1790061300,30601.2,30603.95,30584.7,30584.7,395,1790061300609,1790061599668
404217210,US100,5,17,1790061000,30589.45,30613.7,30580.7,30600.95,445,1790061000173,1790061299401
404217210,US100,5,18,1790060700,30607.95,30609.2,30588.7,30588.95,384,1790060700328,1790060998463
404217210,US100,5,19,1790060400,30620.7,30622.95,30604.7,30608.7,389,1790060400276,1790060699423
404217210,US100,5,20,1790060100,30623.2,30625.2,30613.2,30620.7,355,1790060100299,1790060399873
404217210,US100,15,1,1790064900,30557.2,30557.95,30531.95,30541.7,1352,1790064900086,1790065799643
404217210,US100,15,2,1790064000,30560.95,30568.2,30551.95,30557.45,1152,1790064000360,1790064898575
404217210,US100,15,3,1790063100,30575.7,30581.7,30557.2,30560.7,1077,1790063100294,1790063999453
404217210,US100,15,4,1790062200,30584.45,30595.45,30572.45,30575.2,1253,1790062200374,1790063099891
404217210,US100,15,5,1790061300,30601.2,30603.95,30580.2,30584.95,1257,1790061300609,1790062199569
404217210,US100,15,6,1790060400,30620.7,30622.95,30580.7,30600.95,1218,1790060400276,1790061299401
404217210,US100,15,7,1790059500,30629.45,30631.2,30613.2,30620.7,900,1790059500202,1790060399873
404217210,US100,15,8,1790058600,30637.2,30646.45,30628.2,30629.2,927,1790058600118,1790059499095
404217210,US100,15,9,1790057700,30639.2,30646.45,30634.95,30636.95,945,1790057700057,1790058599312
404217210,US100,15,10,1790056800,30642.7,30644.95,30630.95,30638.95,1050,1790056800189,1790057699251
404217210,US100,15,11,1790055900,30635.95,30644.45,30632.7,30642.45,1106,1790055900276,1790056799183
404217210,US100,15,12,1790055000,30627.2,30641.95,30614.45,30635.7,1147,1790055000502,1790055899873
404217210,US100,15,13,1790054100,30621.45,30632.45,30620.2,30626.95,1046,1790054100030,1790054999697
404217210,US100,15,14,1790053200,30622.45,30640.8,30618.2,30621.2,1206,1790053200485,1790054098822
404217210,US100,15,15,1790052300,30633.2,30639.2,30620.2,30620.2,1332,1790052300183,1790053199277
404217210,US100,15,16,1790051400,30628.7,30650.95,30620.2,30631.95,1351,1790051400232,1790052299780
404217210,US100,15,17,1790050500,30629.2,30634.2,30613.7,30629.2,1369,1790050500577,1790051399829
404217210,US100,15,18,1790049600,30645.95,30647.45,30624.7,30630.2,1487,1790049601003,1790050499773
404217210,US100,15,19,1790048700,30638.45,30653.2,30634.45,30647.2,1319,1790048700135,1790049599795
404217210,US100,15,20,1790047800,30639.7,30663.2,30619.95,30638.2,1416,1790047800373,1790048699329
404314872,GER40,5,1,1790076600,25468.05,25477.05,25447.05,25470.05,356,1790076600002,1790076898937
404314872,GER40,5,2,1790076300,25491.05,25510.05,25464.05,25468.05,341,1790076300293,1790076598379
404314872,GER40,5,3,1790076000,25484.55,25495.35,25477.55,25491.05,313,1790076000120,1790076298264
404314872,GER40,5,4,1790075700,25500.55,25502.55,25482.55,25485.55,248,1790075700186,1790075999715
404314872,GER40,5,5,1790075400,25508.55,25518.55,25499.55,25500.55,299,1790075400456,1790075699383
404314872,GER40,5,6,1790075100,25512.55,25516.55,25499.55,25508.55,336,1790075100079,1790075396208
404314872,GER40,5,7,1790074800,25498.55,25512.55,25487.55,25511.55,378,1790074800160,1790075098864
404314872,GER40,5,8,1790074500,25504.55,25512.55,25486.55,25498.55,292,1790074500026,1790074799551
404314872,GER40,5,9,1790074200,25517.05,25519.05,25496.55,25505.55,266,1790074200908,1790074498207
404314872,GER40,5,10,1790073900,25542.05,25542.05,25514.05,25516.05,296,1790073900158,1790074197064
404314872,GER40,5,11,1790073600,25538.05,25549.05,25529.55,25542.05,340,1790073600041,1790073895289
404314872,GER40,5,12,1790073300,25516.05,25540.05,25511.05,25538.05,323,1790073300112,1790073599839
404314872,GER40,5,13,1790073000,25543.55,25543.55,25508.05,25516.05,344,1790073000198,1790073297476
404314872,GER40,5,14,1790072700,25516.55,25547.55,25495.55,25544.55,340,1790072700058,1790072998776
404314872,GER40,5,15,1790072400,25521.55,25530.05,25508.55,25517.55,384,1790072400165,1790072699046
404314872,GER40,5,16,1790072100,25558.05,25575.05,25519.55,25520.55,362,1790072100003,1790072399758
404314872,GER40,5,17,1790071800,25586.05,25590.05,25549.05,25558.05,380,1790071800122,1790072095961
404314872,GER40,5,18,1790071500,25592.05,25594.05,25562.05,25586.05,412,1790071500190,1790071799918
404314872,GER40,5,19,1790071200,25624.05,25658.05,25588.05,25590.05,506,1790071200089,1790071498769
404314872,GER40,5,20,1790070900,25630.05,25645.05,25621.05,25622.05,161,1790070900187,1790071198880
404314872,GER40,15,1,1790075700,25500.55,25510.05,25464.05,25468.05,902,1790075700186,1790076598379
404314872,GER40,15,2,1790074800,25498.55,25518.55,25487.55,25500.55,1013,1790074800160,1790075699383
404314872,GER40,15,3,1790073900,25542.05,25542.05,25486.55,25498.55,854,1790073900158,1790074799551
404314872,GER40,15,4,1790073000,25543.55,25549.05,25508.05,25542.05,1007,1790073000198,1790073895289
404314872,GER40,15,5,1790072100,25558.05,25575.05,25495.55,25544.55,1086,1790072100003,1790072998776
404314872,GER40,15,6,1790071200,25624.05,25658.05,25549.05,25558.05,1298,1790071200089,1790072095961
404314872,GER40,15,7,1790070300,25630.05,25645.05,25621.05,25622.05,387,1790070300172,1790071198880
404314872,GER40,15,8,1790069400,25612.05,25638.05,25611.05,25631.05,364,1790069400082,1790070296922
404314872,GER40,15,9,1790068500,25616.05,25624.05,25602.05,25613.05,387,1790068501217,1790069397045
404314872,GER40,15,10,1790067600,25643.25,25643.25,25599.05,25615.05,505,1790067600106,1790068498590
404314872,GER40,15,11,1790066700,25632.45,25650.25,25631.45,25645.25,292,1790066700217,1790067588365
404314872,GER40,15,12,1790065800,25628.45,25636.25,25617.85,25631.45,453,1790065800687,1790066699812
404314872,GER40,15,13,1790064900,25634.45,25635.25,25624.25,25629.45,292,1790064901196,1790065799470
404314872,GER40,15,14,1790064000,25641.95,25642.45,25630.85,25634.45,275,1790064000198,1790064890064
404314872,GER40,15,15,1790063100,25645.95,25648.45,25638.95,25642.45,224,1790063105767,1790063994318
404314872,GER40,15,16,1790062200,25645.95,25650.45,25640.95,25645.95,272,1790062201208,1790063097676
404314872,GER40,15,17,1790061300,25645.45,25647.45,25635.95,25645.95,233,1790061308251,1790062195337
404314872,GER40,15,18,1790060400,25645.45,25647.95,25640.95,25643.95,327,1790060400228,1790061298949
404314872,GER40,15,19,1790059500,25645.45,25649.45,25640.95,25644.95,225,1790059527166,1790060397194
404314872,GER40,15,20,1790058600,25651.85,25654.85,25645.45,25646.45,220,1790058616287,1790059492955
404406045,USDJPY.r,5,1,1790083800,157.061,157.086,157.043,157.052,259,1790083800108,1790084099689
404406045,USDJPY.r,5,2,1790083500,157.057,157.099,157.049,157.061,300,1790083500133,1790083799706
404406045,USDJPY.r,5,3,1790083200,157.043,157.064,157.019,157.057,290,1790083200180,1790083499629
404406045,USDJPY.r,5,4,1790082900,157.022,157.082,157.015,157.042,319,1790082900004,1790083199776
404406045,USDJPY.r,5,5,1790082600,156.96,157.038,156.953,157.024,381,1790082600180,1790082899600
404406045,USDJPY.r,5,6,1790082300,156.896,156.96,156.846,156.959,445,1790082300309,1790082599575
404406045,USDJPY.r,5,7,1790082000,156.876,156.912,156.824,156.895,483,1790082000236,1790082299906
404406045,USDJPY.r,5,8,1790081700,156.959,157.035,156.859,156.877,548,1790081700028,1790081999833
404406045,USDJPY.r,5,9,1790081400,157.037,157.081,156.93,156.959,526,1790081400152,1790081699626
404406045,USDJPY.r,5,10,1790081100,157.057,157.071,157.007,157.037,382,1790081100274,1790081399548
404406045,USDJPY.r,5,11,1790080800,157.118,157.129,157.056,157.057,394,1790080800118,1790081097656
404406045,USDJPY.r,5,12,1790080500,157.149,157.181,157.117,157.118,409,1790080500127,1790080798808
404406045,USDJPY.r,5,13,1790080200,157.13,157.205,157.13,157.149,431,1790080200278,1790080499724
404406045,USDJPY.r,5,14,1790079900,157.224,157.238,157.118,157.131,394,1790079900299,1790080199875
404406045,USDJPY.r,5,15,1790079600,157.254,157.272,157.215,157.229,421,1790079600550,1790079899896
404406045,USDJPY.r,5,16,1790079300,157.279,157.279,157.187,157.254,561,1790079300146,1790079599342
404406045,USDJPY.r,5,17,1790079000,157.212,157.288,157.203,157.277,479,1790079000260,1790079299743
404406045,USDJPY.r,5,18,1790078700,157.249,157.265,157.202,157.203,532,1790078700051,1790078999858
404406045,USDJPY.r,5,19,1790078400,157.161,157.256,157.136,157.251,640,1790078400368,1790078699648
404406045,USDJPY.r,5,20,1790078100,156.987,157.17,156.931,157.17,658,1790078100370,1790078399564
404406045,USDJPY.r,15,1,1790082900,157.022,157.099,157.015,157.061,909,1790082900004,1790083799706
404406045,USDJPY.r,15,2,1790082000,156.876,157.038,156.824,157.024,1309,1790082000236,1790082899600
404406045,USDJPY.r,15,3,1790081100,157.057,157.081,156.859,156.877,1456,1790081100274,1790081999833
404406045,USDJPY.r,15,4,1790080200,157.13,157.205,157.056,157.057,1234,1790080200278,1790081097656
404406045,USDJPY.r,15,5,1790079300,157.279,157.279,157.118,157.131,1376,1790079300146,1790080199875
404406045,USDJPY.r,15,6,1790078400,157.161,157.288,157.136,157.277,1651,1790078400368,1790079299743
404406045,USDJPY.r,15,7,1790077500,157.087,157.194,156.854,157.17,2007,1790077500155,1790078399564
404406045,USDJPY.r,15,8,1790076600,157.692,157.727,157.025,157.09,1609,1790076600007,1790077499749
404406045,USDJPY.r,15,9,1790075700,157.745,157.759,157.659,157.692,1126,1790075700062,1790076598799
404406045,USDJPY.r,15,10,1790074800,157.738,157.776,157.701,157.745,1272,1790074800202,1790075699055
404406045,USDJPY.r,15,11,1790073900,157.694,157.74,157.646,157.738,1183,1790073900083,1790074799798
404406045,USDJPY.r,15,12,1790073000,157.713,157.759,157.683,157.694,1120,1790073000560,1790073898370
404406045,USDJPY.r,15,13,1790072100,157.708,157.741,157.681,157.713,1079,1790072101388,1790072999856
404406045,USDJPY.r,15,14,1790071200,157.611,157.745,157.61,157.708,1152,1790071200113,1790072099475
404406045,USDJPY.r,15,15,1790070300,157.659,157.686,157.608,157.611,946,1790070300194,1790071198402
404406045,USDJPY.r,15,16,1790069400,157.636,157.675,157.608,157.658,1091,1790069400248,1790070299792
404406045,USDJPY.r,15,17,1790068500,157.632,157.656,157.562,157.636,1302,1790068500161,1790069399845
404406045,USDJPY.r,15,18,1790067600,157.463,157.646,157.461,157.632,1191,1790067600091,1790068499759
404406045,USDJPY.r,15,19,1790066700,157.484,157.487,157.46,157.464,684,1790066700191,1790067599386
404406045,USDJPY.r,15,20,1790065800,157.44,157.495,157.44,157.483,686,1790065800045,1790066698883
405060244,GER40,5,1,1790175000,25429.65,25436.65,25413.65,25424.65,242,1790175000084,1790175299630
405060244,GER40,5,2,1790174700,25410.65,25432.65,25409.65,25429.65,258,1790174700120,1790174999476
405060244,GER40,5,3,1790174400,25405.65,25413.65,25387.65,25411.65,272,1790174400023,1790174699918
405060244,GER40,5,4,1790174100,25411.65,25418.65,25394.65,25406.65,288,1790174100835,1790174398802
405060244,GER40,5,5,1790173800,25418.65,25422.65,25407.65,25410.65,251,1790173801259,1790174094968
405060244,GER40,5,6,1790173500,25414.65,25423.65,25405.65,25418.65,300,1790173500100,1790173799838
405060244,GER40,5,7,1790173200,25435.65,25436.65,25410.65,25414.65,170,1790173201203,1790173495035
405060244,GER40,5,8,1790172900,25437.65,25448.65,25433.65,25435.65,180,1790172900226,1790173186438
405060244,GER40,5,9,1790172600,25451.65,25461.65,25434.65,25437.65,211,1790172600123,1790172898808
405060244,GER40,5,10,1790172300,25455.65,25459.65,25447.65,25450.65,224,1790172300166,1790172599112
405060244,GER40,5,11,1790172000,25470.65,25470.65,25449.65,25456.65,252,1790172000016,1790172296733
405060244,GER40,5,12,1790171700,25479.65,25486.65,25470.65,25471.65,209,1790171700911,1790171999813
405060244,GER40,5,13,1790171400,25476.65,25483.65,25465.65,25479.65,197,1790171400144,1790171698885
405060244,GER40,5,14,1790171100,25481.65,25481.65,25466.65,25475.65,229,1790171100414,1790171399738
405060244,GER40,5,15,1790170800,25479.65,25485.65,25473.65,25481.65,226,1790170800057,1790171091312
405060244,GER40,5,16,1790170500,25475.65,25485.65,25469.65,25479.65,197,1790170500166,1790170799238
405060244,GER40,5,17,1790170200,25496.65,25501.65,25471.65,25475.65,204,1790170200106,1790170499146
405060244,GER40,5,18,1790169900,25494.65,25505.65,25483.65,25496.65,190,1790169900178,1790170196868
405060244,GER40,5,19,1790169600,25506.65,25507.65,25484.65,25494.65,192,1790169600077,1790169898561
405060244,GER40,5,20,1790169300,25487.65,25507.65,25480.65,25506.65,200,1790169300001,1790169598863
405060244,GER40,15,1,1790173800,25418.65,25422.65,25387.65,25411.65,811,1790173801259,1790174699918
405060244,GER40,15,2,1790172900,25437.65,25448.65,25405.65,25418.65,650,1790172900226,1790173799838
405060244,GER40,15,3,1790172000,25470.65,25470.65,25434.65,25437.65,687,1790172000016,1790172898808
405060244,GER40,15,4,1790171100,25481.65,25486.65,25465.65,25471.65,635,1790171100414,1790171999813
405060244,GER40,15,5,1790170200,25496.65,25501.65,25469.65,25481.65,627,1790170200106,1790171091312
405060244,GER40,15,6,1790169300,25487.65,25507.65,25480.65,25496.65,582,1790169300001,1790170196868
405060244,GER40,15,7,1790168400,25487.65,25497.65,25472.65,25487.65,698,1790168400336,1790169292100
405060244,GER40,15,8,1790167500,25503.65,25503.65,25474.65,25487.65,702,1790167500500,1790168399926
405060244,GER40,15,9,1790166600,25507.65,25520.65,25489.65,25504.65,722,1790166600165,1790167499487
405060244,GER40,15,10,1790165700,25516.65,25539.65,25506.65,25506.65,665,1790165700042,1790166599355
405060244,GER40,15,11,1790164800,25528.65,25534.65,25497.65,25517.65,801,1790164800136,1790165694184
405060244,GER40,15,12,1790163900,25515.65,25544.65,25502.65,25529.65,780,1790163900284,1790164797301
405060244,GER40,15,13,1790163000,25556.65,25560.65,25511.65,25515.65,804,1790163000089,1790163899678
405060244,GER40,15,14,1790162100,25572.65,25586.65,25543.65,25557.65,792,1790162100066,1790162998271
405060244,GER40,15,15,1790161200,25633.65,25635.65,25566.65,25571.65,964,1790161200004,1790162097236
405060244,GER40,15,16,1790160300,25615.65,25648.65,25606.65,25632.65,801,1790160300227,1790161198992
405060244,GER40,15,17,1790159400,25639.85,25639.85,25587.65,25615.65,926,1790159400062,1790160297192
405060244,GER40,15,18,1790158500,25666.65,25675.65,25600.65,25638.25,1017,1790158500110,1790159396625
405060244,GER40,15,19,1790157600,25744.65,25759.85,25646.65,25671.65,1463,1790157600095,1790158499708
405060244,GER40,15,20,1790156700,25774.65,25774.65,25729.65,25736.65,481,1790156700719,1790157599891
405229729,XAUUSD.r,5,1,1790184000,4277.94,4284.1,4277.94,4284.1,690,1790184000157,1790184299636
405229729,XAUUSD.r,5,2,1790183700,4283.58,4287.38,4278.03,4278.03,701,1790183700036,1790183999755
405229729,XAUUSD.r,5,3,1790183400,4291.89,4292.16,4282.19,4283.61,708,1790183400259,1790183699634
405229729,XAUUSD.r,5,4,1790183100,4290.22,4293.41,4286.03,4291.71,700,1790183100373,1790183399857
405229729,XAUUSD.r,5,5,1790182800,4283.87,4291.92,4283.62,4290.06,712,1790182800219,1790183099967
405229729,XAUUSD.r,5,6,1790182500,4283.17,4286.9,4281.37,4283.86,712,1790182500022,1790182799816
405229729,XAUUSD.r,5,7,1790182200,4284.8,4289.47,4282.36,4283.25,719,1790182200350,1790182499620
405229729,XAUUSD.r,5,8,1790181900,4288.72,4289.85,4280.88,4284.83,717,1790181900430,1790182199946
405229729,XAUUSD.r,5,9,1790181600,4303.4,4304.29,4286.77,4292.51,683,1790181600048,1790181898418
405229729,XAUUSD.r,5,10,1790181300,4301.06,4305.07,4298.84,4303.37,697,1790181300208,1790181599644
405229729,XAUUSD.r,5,11,1790181000,4312.26,4313.44,4301.02,4301.08,699,1790181000313,1790181299806
405229729,XAUUSD.r,5,12,1790180700,4304.14,4312.31,4303.97,4312.31,690,1790180700226,1790180999910
405229729,XAUUSD.r,5,13,1790180400,4302.7,4306.83,4302.41,4304.09,649,1790180400396,1790180699823
405229729,XAUUSD.r,5,14,1790180100,4302.26,4305.93,4301.76,4302.66,635,1790180100396,1790180399993
405229729,XAUUSD.r,5,15,1790179800,4301.83,4302.94,4298.08,4302.42,668,1790179800036,1790180099994
405229729,XAUUSD.r,5,16,1790179500,4305.69,4306.17,4301.25,4301.66,642,1790179500033,1790179799634
405229729,XAUUSD.r,5,17,1790179200,4309.8,4310.55,4304.64,4305.75,695,1790179200037,1790179499630
405229729,XAUUSD.r,5,18,1790178900,4303.5,4310.92,4301.78,4309.9,592,1790178900055,1790179199635
405229729,XAUUSD.r,5,19,1790178600,4303.87,4304.28,4300.88,4303.49,560,1790178600396,1790178899249
405229729,XAUUSD.r,5,20,1790178300,4303.88,4306.84,4302.23,4304.0,599,1790178300302,1790178599590
405229729,XAUUSD.r,15,1,1790182800,4283.87,4293.41,4282.19,4283.61,2120,1790182800219,1790183699634
405229729,XAUUSD.r,15,2,1790181900,4288.72,4289.85,4280.88,4283.86,2148,1790181900430,1790182799816
405229729,XAUUSD.r,15,3,1790181000,4312.26,4313.44,4286.77,4292.51,2079,1790181000313,1790181898418
405229729,XAUUSD.r,15,4,1790180100,4302.26,4312.31,4301.76,4312.31,1974,1790180100396,1790180999910
405229729,XAUUSD.r,15,5,1790179200,4309.8,4310.55,4298.08,4302.42,2005,1790179200037,1790180099994
405229729,XAUUSD.r,15,6,1790178300,4303.88,4310.92,4300.88,4309.9,1751,1790178300302,1790179199635
405229729,XAUUSD.r,15,7,1790177400,4311.02,4311.15,4301.97,4303.82,1819,1790177400182,1790178299899
405229729,XAUUSD.r,15,8,1790176500,4318.83,4318.83,4309.98,4311.15,1809,1790176500025,1790177399779
405229729,XAUUSD.r,15,9,1790175600,4309.6,4319.06,4309.18,4318.84,1809,1790175600072,1790176499219
405229729,XAUUSD.r,15,10,1790174700,4304.7,4309.96,4304.51,4309.62,1738,1790174700270,1790175599669
405229729,XAUUSD.r,15,11,1790173800,4306.21,4306.85,4294.71,4304.75,1852,1790173800066,1790174699867
405229729,XAUUSD.r,15,12,1790172900,4315.03,4315.71,4303.9,4306.25,1718,1790172900163,1790173799664
405229729,XAUUSD.r,15,13,1790172000,4315.64,4317.06,4312.76,4315.04,1583,1790172000115,1790172899761
405229729,XAUUSD.r,15,14,1790171100,4315.75,4316.07,4312.37,4315.64,1376,1790171100358,1790171999713
405229729,XAUUSD.r,15,15,1790170200,4317.64,4318.96,4314.59,4315.77,1461,1790170200172,1790171099957
405229729,XAUUSD.r,15,16,1790169300,4316.66,4317.82,4314.44,4317.63,1278,1790169300668,1790170198963
405229729,XAUUSD.r,15,17,1790168400,4314.13,4318.9,4313.77,4316.73,1524,1790168400253,1790169299460
405229729,XAUUSD.r,15,18,1790167500,4316.38,4316.38,4308.37,4314.1,1543,1790167500000,1790168398641
405229729,XAUUSD.r,15,19,1790166600,4316.97,4318.92,4313.27,4316.38,1378,1790166600014,1790167499598
405229729,XAUUSD.r,15,20,1790165700,4319.97,4320.02,4315.68,4317.01,1371,1790165700173,1790166599611
405250840,AUDUSD.r,5,1,1790185500,0.70422,0.70441,0.70399,0.70407,259,1790185500191,1790185799989
405250840,AUDUSD.r,5,2,1790185200,0.70378,0.70427,0.70378,0.70419,260,1790185200225,1790185499787
405250840,AUDUSD.r,5,3,1790184900,0.70393,0.70423,0.70378,0.70378,336,1790184900217,1790185198615
405250840,AUDUSD.r,5,4,1790184600,0.7035,0.70398,0.7035,0.70392,398,1790184600138,1790184899816
405250840,AUDUSD.r,5,5,1790184300,0.70381,0.70384,0.70336,0.70351,374,1790184300039,1790184599635
405250840,AUDUSD.r,5,6,1790184000,0.70383,0.70402,0.70366,0.70381,347,1790184000057,1790184292592
405250840,AUDUSD.r,5,7,1790183700,0.70438,0.70453,0.70382,0.70384,372,1790183700539,1790183999654
405250840,AUDUSD.r,5,8,1790183400,0.70453,0.70459,0.70427,0.70438,384,1790183400259,1790183698023
405250840,AUDUSD.r,5,9,1790183100,0.70444,0.7047,0.70436,0.70453,389,1790183100172,1790183399857
405250840,AUDUSD.r,5,10,1790182800,0.70415,0.70469,0.70415,0.70443,497,1790182800118,1790183099364
405250840,AUDUSD.r,5,11,1790182500,0.70402,0.70442,0.70387,0.70414,456,1790182500022,1790182799413
405250840,AUDUSD.r,5,12,1790182200,0.70472,0.70498,0.70402,0.70402,468,1790182200048,1790182499620
405250840,AUDUSD.r,5,13,1790181900,0.70527,0.70547,0.70465,0.7047,406,1790181900330,1790182199644
405250840,AUDUSD.r,5,14,1790181600,0.70595,0.70606,0.70538,0.70539,308,1790181600147,1790181899927
405250840,AUDUSD.r,5,15,1790181300,0.7061,0.70629,0.70594,0.70596,294,1790181300410,1790181597227
405250840,AUDUSD.r,5,16,1790181000,0.7068,0.70691,0.7059,0.7061,332,1790181000212,1790181298295
405250840,AUDUSD.r,5,17,1790180700,0.70574,0.70681,0.70572,0.7068,413,1790180700226,1790180999809
405250840,AUDUSD.r,5,18,1790180400,0.7057,0.70594,0.70555,0.70574,269,1790180400195,1790180699823
405250840,AUDUSD.r,5,19,1790180100,0.70555,0.70585,0.70554,0.7057,241,1790180100295,1790180399792
405250840,AUDUSD.r,5,20,1790179800,0.70596,0.70597,0.70543,0.70555,271,1790179800137,1790180097376
405250840,AUDUSD.r,15,1,1790184600,0.7035,0.70427,0.7035,0.70419,994,1790184600138,1790185499787
405250840,AUDUSD.r,15,2,1790183700,0.70438,0.70453,0.70336,0.70351,1093,1790183700539,1790184599635
405250840,AUDUSD.r,15,3,1790182800,0.70415,0.7047,0.70415,0.70438,1270,1790182800118,1790183698023
405250840,AUDUSD.r,15,4,1790181900,0.70527,0.70547,0.70387,0.70414,1330,1790181900330,1790182799413
405250840,AUDUSD.r,15,5,1790181000,0.7068,0.70691,0.70538,0.70539,934,1790181000212,1790181899927
405250840,AUDUSD.r,15,6,1790180100,0.70555,0.70681,0.70554,0.7068,923,1790180100295,1790180999809
405250840,AUDUSD.r,15,7,1790179200,0.70656,0.7066,0.70543,0.70555,751,1790179200037,1790180097376
405250840,AUDUSD.r,15,8,1790178300,0.70612,0.70663,0.706,0.70656,565,1790178300503,1790179193498
405250840,AUDUSD.r,15,9,1790177400,0.70653,0.70653,0.70609,0.70612,676,1790177400182,1790178297584
405250840,AUDUSD.r,15,10,1790176500,0.70665,0.70675,0.70646,0.70651,384,1790176500227,1790177398772
405250840,AUDUSD.r,15,11,1790175600,0.70694,0.70702,0.7065,0.70665,510,1790175600072,1790176497107
405250840,AUDUSD.r,15,12,1790174700,0.70644,0.70701,0.70643,0.70694,583,1790174700169,1790175599669
405250840,AUDUSD.r,15,13,1790173800,0.70693,0.70696,0.70639,0.70644,673,1790173800167,1790174699465
405250840,AUDUSD.r,15,14,1790172900,0.70761,0.70771,0.70683,0.70693,483,1790172900163,1790173799160
405250840,AUDUSD.r,15,15,1790172000,0.70767,0.70782,0.70755,0.70761,423,1790172000115,1790172899359
405250840,AUDUSD.r,15,16,1790171100,0.70769,0.7078,0.70754,0.70767,323,1790171100058,1790171999612
405250840,AUDUSD.r,15,17,1790170200,0.70803,0.70805,0.70754,0.7077,456,1790170200173,1790171099655
405250840,AUDUSD.r,15,18,1790169300,0.70804,0.70815,0.70785,0.70803,336,1790169300064,1790170195744
405250840,AUDUSD.r,15,19,1790168400,0.70802,0.70832,0.70791,0.70804,459,1790168400152,1790169298856
405250840,AUDUSD.r,15,20,1790167500,0.70821,0.70821,0.708,0.70802,565,1790167500504,1790168399246
405640859,XAUUSD.r,5,1,1790253000,4255.65,4260.41,4254.45,4257.79,597,1790253000045,1790253299929
405640859,XAUUSD.r,5,2,1790252700,4263.04,4263.93,4255.27,4255.6,575,1790252700356,1790252999643
405640859,XAUUSD.r,5,3,1790252400,4262.88,4265.05,4260.99,4263.21,578,1790252400307,1790252699953
405640859,XAUUSD.r,5,4,1790252100,4262.86,4265.37,4261.29,4262.98,630,1790252100306,1790252399905
405640859,XAUUSD.r,5,5,1790251800,4263.05,4265.42,4261.07,4262.97,613,1790251800228,1790252099904
405640859,XAUUSD.r,5,6,1790251500,4259.43,4264.67,4258.84,4263.17,596,1790251500130,1790251799826
405640859,XAUUSD.r,5,7,1790251200,4261.31,4267.29,4259.19,4259.44,634,1790251200251,1790251499727
405640859,XAUUSD.r,5,8,1790250900,4262.24,4263.41,4260.79,4261.45,565,1790250900346,1790251199848
405640859,XAUUSD.r,5,9,1790250600,4267.52,4268.32,4261.6,4262.45,604,1790250600388,1790250899940
405640859,XAUUSD.r,5,10,1790250300,4268.04,4270.46,4266.89,4267.86,618,1790250300297,1790250599985
405640859,XAUUSD.r,5,11,1790250000,4268.32,4269.98,4266.37,4268.1,635,1790250000311,1790250299089
405640859,XAUUSD.r,5,12,1790249700,4267.41,4268.89,4264.48,4268.32,672,1790249700099,1790249999908
405640859,XAUUSD.r,5,13,1790249400,4264.59,4273.83,4263.75,4267.39,692,1790249400328,1790249699697
405640859,XAUUSD.r,5,14,1790249100,4265.7,4266.87,4262.63,4264.4,688,1790249100044,1790249399926
405640859,XAUUSD.r,5,15,1790248800,4271.11,4273.63,4264.38,4265.68,688,1790248800280,1790249099641
405640859,XAUUSD.r,5,16,1790248500,4277.29,4279.12,4267.87,4271.02,710,1790248500167,1790248799878
405640859,XAUUSD.r,5,17,1790248200,4282.59,4283.25,4276.57,4277.39,662,1790248200380,1790248499765
405640859,XAUUSD.r,5,18,1790247900,4284.34,4285.46,4281.37,4282.61,669,1790247900194,1790248199977
405640859,XAUUSD.r,5,19,1790247600,4278.5,4284.75,4277.59,4284.37,686,1790247600231,1790247899792
405640859,XAUUSD.r,5,20,1790247300,4283.24,4283.35,4276.32,4278.58,591,1790247300357,1790247599426
405640859,XAUUSD.r,15,1,1790252100,4262.86,4265.37,4255.27,4255.6,1783,1790252100306,1790252999643
405640859,XAUUSD.r,15,2,1790251200,4261.31,4267.29,4258.84,4262.97,1843,1790251200251,1790252099904
405640859,XAUUSD.r,15,3,1790250300,4268.04,4270.46,4260.79,4261.45,1787,1790250300297,1790251199848
405640859,XAUUSD.r,15,4,1790249400,4264.59,4273.83,4263.75,4268.1,1999,1790249400328,1790250299089
405640859,XAUUSD.r,15,5,1790248500,4277.29,4279.12,4262.63,4264.4,2086,1790248500167,1790249399926
405640859,XAUUSD.r,15,6,1790247600,4278.5,4285.46,4276.57,4277.39,2017,1790247600231,1790248499765
405640859,XAUUSD.r,15,7,1790246700,4282.9,4285.58,4276.32,4278.58,1801,1790246700197,1790247599426
405640859,XAUUSD.r,15,8,1790245800,4284.88,4287.68,4280.26,4283.0,1793,1790245800079,1790246699794
405640859,XAUUSD.r,15,9,1790244900,4284.05,4287.95,4281.1,4284.88,1744,1790244900155,1790245796456
405640859,XAUUSD.r,15,10,1790244000,4276.46,4285.16,4274.4,4284.04,1861,1790244000311,1790244899750
405640859,XAUUSD.r,15,11,1790243100,4277.82,4278.2,4274.37,4276.33,1688,1790243100212,1790243999908
405640859,XAUUSD.r,15,12,1790242200,4281.76,4283.64,4275.4,4277.61,1835,1790242200309,1790243099809
405640859,XAUUSD.r,15,13,1790241300,4282.24,4286.54,4280.63,4282.15,1892,1790241300178,1790242199907
405640859,XAUUSD.r,15,14,1790240400,4279.06,4286.62,4278.87,4282.3,1864,1790240400453,1790241299776
405640859,XAUUSD.r,15,15,1790239500,4281.03,4285.61,4277.52,4279.19,1729,1790239500377,1790240399245
405640859,XAUUSD.r,15,16,1790238600,4290.72,4291.02,4280.54,4281.2,1848,1790238600222,1790239499974
405640859,XAUUSD.r,15,17,1790237700,4290.22,4291.38,4286.23,4290.68,1396,1790237700488,1790238599820
405640859,XAUUSD.r,15,18,1790236800,4289.54,4296.21,4289.54,4290.34,1381,1790236800431,1790237699683
405640859,XAUUSD.r,15,19,1790235900,4286.58,4290.28,4286.11,4289.52,1067,1790235900160,1790236798821
405640859,XAUUSD.r,15,20,1790235000,4286.26,4289.2,4285.79,4286.47,1238,1790235000113,1790235899757
406782899,XAUUSD.r,5,1,1790570700,4209.78,4211.74,4206.07,4211.07,672,1790570700221,1790570999796
406782899,XAUUSD.r,5,2,1790570400,4210.21,4215.22,4208.37,4209.73,676,1790570400278,1790570699819
406782899,XAUUSD.r,5,3,1790570100,4219.1,4219.13,4209.98,4210.14,686,1790570100203,1790570399875
406782899,XAUUSD.r,5,4,1790569800,4220.68,4223.69,4216.93,4219.15,692,1790569800249,1790570099800
406782899,XAUUSD.r,5,5,1790569500,4220.36,4222.31,4216.14,4220.69,683,1790569500164,1790569799846
406782899,XAUUSD.r,5,6,1790569200,4220.26,4222.59,4216.42,4220.53,704,1790569200104,1790569499762
406782899,XAUUSD.r,5,7,1790568900,4220.88,4225.62,4217.86,4220.4,699,1790568900119,1790569199701
406782899,XAUUSD.r,5,8,1790568600,4224.28,4225.9,4214.44,4220.81,687,1790568600165,1790568899716
406782899,XAUUSD.r,5,9,1790568300,4227.22,4228.16,4219.06,4224.32,709,1790568300267,1790568599762
406782899,XAUUSD.r,5,10,1790568000,4230.8,4231.25,4219.18,4227.15,724,1790568000161,1790568299864
406782899,XAUUSD.r,5,11,1790567700,4230.35,4235.58,4227.75,4230.83,682,1790567700068,1790567999757
406782899,XAUUSD.r,5,12,1790567400,4234.61,4236.05,4230.3,4230.34,633,1790567400093,1790567699664
406782899,XAUUSD.r,5,13,1790567100,4236.79,4239.2,4232.33,4234.58,632,1790567100402,1790567399691
406782899,XAUUSD.r,5,14,1790566800,4236.72,4237.87,4231.92,4236.81,636,1790566800032,1790567099999
406782899,XAUUSD.r,5,15,1790566500,4235.94,4239.74,4233.92,4236.73,655,1790566500458,1790566799629
406782899,XAUUSD.r,5,16,1790566200,4249.38,4250.31,4224.84,4235.76,690,1790566200300,1790566499653
406782899,XAUUSD.r,5,17,1790565900,4253.04,4254.32,4249.96,4249.96,537,1790565900329,1790566199897
406782899,XAUUSD.r,5,18,1790565600,4255.11,4255.61,4252.4,4253.06,505,1790565600274,1790565899927
406782899,XAUUSD.r,5,19,1790565300,4256.27,4257.34,4253.31,4255.25,606,1790565300281,1790565599871
406782899,XAUUSD.r,5,20,1790565000,4255.37,4256.69,4253.68,4256.27,580,1790565000309,1790565299477
406782899,XAUUSD.r,15,1,1790569800,4220.68,4223.69,4208.37,4209.73,2054,1790569800249,1790570699819
406782899,XAUUSD.r,15,2,1790568900,4220.88,4225.62,4216.14,4220.69,2086,1790568900119,1790569799846
406782899,XAUUSD.r,15,3,1790568000,4230.8,4231.25,4214.44,4220.81,2120,1790568000161,1790568899716
406782899,XAUUSD.r,15,4,1790567100,4236.79,4239.2,4227.75,4230.83,1947,1790567100402,1790567999757
406782899,XAUUSD.r,15,5,1790566200,4249.38,4250.31,4224.84,4236.81,1981,1790566200300,1790567099999
406782899,XAUUSD.r,15,6,1790565300,4256.27,4257.34,4249.96,4249.96,1648,1790565300281,1790566199897
406782899,XAUUSD.r,15,7,1790564400,4260.31,4260.95,4253.54,4256.27,1851,1790564400385,1790565299477
406782899,XAUUSD.r,15,8,1790563500,4260.41,4264.95,4259.31,4260.31,1526,1790563500242,1790564399983
406782899,XAUUSD.r,15,9,1790562600,4263.39,4263.84,4259.0,4260.39,1257,1790562600153,1790563499437
406782899,XAUUSD.r,15,10,1790561700,4264.98,4265.68,4262.57,4263.41,948,1790561700415,1790562599348
406782899,XAUUSD.r,15,11,1790560800,4260.13,4266.31,4257.52,4264.9,1348,1790560800275,1790561699710
406782899,XAUUSD.r,15,12,1790559900,4261.17,4262.68,4257.93,4260.08,1211,1790559900660,1790560799872
406782899,XAUUSD.r,15,13,1790559000,4268.59,4268.83,4261.65,4261.65,1328,1790559000241,1790559899452
406782899,XAUUSD.r,15,14,1790558100,4266.2,4270.5,4266.1,4268.66,1132,1790558100133,1790558999839
406782899,XAUUSD.r,15,15,1790557200,4279.88,4280.3,4265.25,4266.15,1779,1790557200723,1790558099328
406782899,XAUUSD.r,15,16,1790379900,4284.72,4287.17,4284.25,4284.58,844,1790379900531,1790380799112
406782899,XAUUSD.r,15,17,1790379000,4287.4,4287.58,4284.81,4284.82,747,1790379000386,1790379897305
406782899,XAUUSD.r,15,18,1790378100,4290.73,4291.04,4286.95,4287.44,810,1790378100144,1790378996764
406782899,XAUUSD.r,15,19,1790377200,4291.18,4292.06,4289.87,4290.78,1010,1790377200167,1790378098937
406782899,XAUUSD.r,15,20,1790376300,4292.72,4294.48,4289.61,4291.3,1546,1790376300363,1790377199764
407242896,US100,5,1,1790618700,30209.95,30258.82,30195.95,30258.82,652,1790618700401,1790618999813
407242896,US100,5,2,1790618400,30176.95,30212.95,30173.2,30208.2,654,1790618400128,1790618699999
407242896,US100,5,3,1790618100,30146.95,30186.95,30138.95,30177.2,671,1790618100247,1790618399323
407242896,US100,5,4,1790617800,30152.7,30181.45,30141.45,30146.7,690,1790617800262,1790618099039
407242896,US100,5,5,1790617500,30196.95,30199.95,30124.95,30153.45,687,1790617500569,1790617799859
407242896,US100,5,6,1790617200,30266.7,30278.2,30192.95,30195.7,660,1790617200105,1790617499764
407242896,US100,5,7,1790616900,30313.7,30317.7,30257.45,30265.45,660,1790616900089,1790617199703
407242896,US100,5,8,1790616600,30313.95,30329.95,30306.2,30314.2,670,1790616600401,1790616898882
407242896,US100,5,9,1790616300,30353.95,30356.45,30309.95,30314.7,658,1790616300089,1790616599998
407242896,US100,5,10,1790616000,30338.2,30367.2,30321.95,30353.7,666,1790616000217,1790616299687
407242896,US100,5,11,1790615700,30288.7,30344.2,30288.2,30337.7,675,1790615700225,1790615999815
407242896,US100,5,12,1790615400,30330.95,30330.95,30275.2,30288.2,665,1790615400145,1790615699822
407242896,US100,5,13,1790615100,30363.7,30365.2,30331.2,30332.7,676,1790615100460,1790615399742
407242896,US100,5,14,1790614800,30417.7,30424.95,30362.2,30363.2,678,1790614800299,1790615099252
407242896,US100,5,15,1790614500,30419.7,30435.45,30394.07,30418.7,692,1790614500088,1790614799494
407242896,US100,5,16,1790614200,30395.7,30432.95,30351.7,30418.7,692,1790614200203,1790614499686
407242896,US100,5,17,1790613900,30378.2,30416.45,30361.95,30397.45,701,1790613900332,1790614199799
407242896,US100,5,18,1790613600,30411.57,30424.45,30370.45,30379.2,688,1790613600324,1790613899929
407242896,US100,5,19,1790613300,30445.7,30445.7,30384.4,30409.7,690,1790613300291,1790613599921
407242896,US100,5,20,1790613000,30485.45,30525.7,30442.95,30444.2,708,1790613000197,1790613299888
407242896,US100,15,1,1790617500,30196.95,30199.95,30124.95,30177.2,2048,1790617500569,1790618399323
407242896,US100,15,2,1790616600,30313.95,30329.95,30192.95,30195.7,1990,1790616600401,1790617499764
407242896,US100,15,3,1790615700,30288.7,30367.2,30288.2,30314.7,1999,1790615700225,1790616599998
407242896,US100,15,4,1790614800,30417.7,30424.95,30275.2,30288.2,2019,1790614800299,1790615699822
407242896,US100,15,5,1790613900,30378.2,30435.45,30351.7,30418.7,2085,1790613900332,1790614799494
407242896,US100,15,6,1790613000,30485.45,30525.7,30370.45,30379.2,2086,1790613000197,1790613899929
407242896,US100,15,7,1790612100,30476.2,30490.95,30459.07,30485.2,1705,1790612100695,1790612999794
407242896,US100,15,8,1790611200,30506.7,30506.7,30464.7,30475.7,1661,1790611200469,1790612099890
407242896,US100,15,9,1790610300,30494.95,30520.45,30488.2,30506.95,1661,1790610300343,1790611199258
407242896,US100,15,10,1790609400,30461.95,30494.7,30459.45,30494.7,1720,1790609400224,1790610299940
407242896,US100,15,11,1790608500,30469.45,30502.2,30456.2,30461.45,1666,1790608500337,1790609399419
407242896,US100,15,12,1790607600,30406.2,30485.2,30379.7,30470.45,1858,1790607600535,1790608499933
407242896,US100,15,13,1790606700,30411.2,30415.45,30391.95,30407.2,1474,1790606700202,1790607599729
407242896,US100,15,14,1790605800,30409.2,30411.2,30386.95,30410.2,1507,1790605800082,1790606697283
407242896,US100,15,15,1790604900,30360.2,30409.7,30355.7,30409.2,1707,1790604900374,1790605799680
407242896,US100,15,16,1790604000,30356.7,30405.2,30354.95,30359.95,1795,1790604000528,1790604899972
407242896,US100,15,17,1790603100,30343.45,30380.95,30342.7,30352.45,1462,1790603100473,1790603999722
407242896,US100,15,18,1790602200,30343.95,30351.95,30329.2,30343.2,1477,1790602200173,1790603097856
407242896,US100,15,19,1790601300,30334.7,30346.7,30326.7,30343.2,1476,1790601300116,1790602199771
407242896,US100,15,20,1790600400,30359.2,30373.7,30317.45,30334.95,1553,1790600400288,1790601299714
407390566,XAUUSD.r,5,1,1790643600,4118.58,4122.06,4115.56,4121.21,364,1790643601048,1790643898380
407390566,XAUUSD.r,5,2,1790639700,4114.41,4115.38,4112.82,4115.25,242,1790639700307,1790639995769
407390566,XAUUSD.r,5,3,1790639400,4112.55,4114.66,4111.42,4114.41,245,1790639400278,1790639692255
407390566,XAUUSD.r,5,4,1790639100,4113.93,4114.5,4111.52,4112.5,264,1790639100301,1790639399070
407390566,XAUUSD.r,5,5,1790638800,4116.41,4117.89,4113.55,4113.68,270,1790638800343,1790639099496
407390566,XAUUSD.r,5,6,1790638500,4115.92,4116.95,4115.48,4116.46,224,1790638500261,1790638799538
407390566,XAUUSD.r,5,7,1790638200,4117.83,4118.51,4115.68,4115.95,287,1790638200506,1790638499859
407390566,XAUUSD.r,5,8,1790637900,4120.76,4120.79,4117.04,4117.74,299,1790637900230,1790638199700
407390566,XAUUSD.r,5,9,1790637600,4122.44,4123.57,4120.75,4120.82,248,1790637600172,1790637896302
407390566,XAUUSD.r,5,10,1790637300,4121.59,4122.9,4121.25,4122.49,275,1790637300492,1790637599769
407390566,XAUUSD.r,5,11,1790637000,4118.16,4121.87,4117.99,4121.57,350,1790637000111,1790637299687
407390566,XAUUSD.r,5,12,1790636700,4121.75,4122.26,4117.27,4118.13,384,1790636700018,1790636999307
407390566,XAUUSD.r,5,13,1790636400,4123.14,4123.66,4120.19,4121.78,460,1790636400053,1790636699615
407390566,XAUUSD.r,5,14,1790636100,4123.85,4124.73,4122.35,4123.21,599,1790636100153,1790636399650
407390566,XAUUSD.r,5,15,1790635800,4126.19,4126.95,4123.6,4123.81,589,1790635800284,1790636099346
407390566,XAUUSD.r,5,16,1790635500,4129.36,4129.36,4125.18,4125.79,574,1790635500201,1790635799882
407390566,XAUUSD.r,5,17,1790635200,4129.19,4131.32,4128.38,4129.35,528,1790635200265,1790635499799
407390566,XAUUSD.r,5,18,1790634900,4131.03,4134.49,4129.15,4129.19,548,1790634900259,1790635199863
407390566,XAUUSD.r,5,19,1790634600,4133.71,4135.12,4129.58,4131.04,586,1790634600077,1790634899051
407390566,XAUUSD.r,5,20,1790634300,4132.51,4134.89,4130.97,4133.71,540,1790634300101,1790634599674
407390566,XAUUSD.r,15,1,1790639100,4113.93,4115.38,4111.42,4115.25,751,1790639100301,1790639995769
407390566,XAUUSD.r,15,2,1790638200,4117.83,4118.51,4113.55,4113.68,781,1790638200506,1790639099496
407390566,XAUUSD.r,15,3,1790637300,4121.59,4123.57,4117.04,4117.74,822,1790637300492,1790638199700
407390566,XAUUSD.r,15,4,1790636400,4123.14,4123.66,4117.27,4121.57,1194,1790636400053,1790637299687
407390566,XAUUSD.r,15,5,1790635500,4129.36,4129.36,4122.35,4123.21,1762,1790635500201,1790636399650
407390566,XAUUSD.r,15,6,1790634600,4133.71,4135.12,4128.38,4129.35,1662,1790634600077,1790635499799
407390566,XAUUSD.r,15,7,1790633700,4132.68,4136.48,4130.97,4133.71,1655,1790633700356,1790634599674
407390566,XAUUSD.r,15,8,1790632800,4139.52,4139.52,4130.97,4132.69,1671,1790632800264,1790633699953
407390566,XAUUSD.r,15,9,1790631900,4138.84,4141.63,4136.98,4139.24,1707,1790631900255,1790632799861
407390566,XAUUSD.r,15,10,1790631000,4135.03,4139.22,4131.78,4138.74,1683,1790631000254,1790631899852
407390566,XAUUSD.r,15,11,1790630100,4135.92,4137.41,4133.89,4135.11,1574,1790630100317,1790630999851
407390566,XAUUSD.r,15,12,1790629200,4134.53,4138.53,4133.92,4135.85,1701,1790629200323,1790630099914
407390566,XAUUSD.r,15,13,1790628300,4137.33,4140.19,4134.29,4134.55,1741,1790628300297,1790629199921
407390566,XAUUSD.r,15,14,1790627400,4135.5,4139.39,4133.93,4137.36,1758,1790627400273,1790628299894
407390566,XAUUSD.r,15,15,1790626500,4141.84,4141.84,4133.7,4135.45,2028,1790626500086,1790627399871
407390566,XAUUSD.r,15,16,1790625600,4129.5,4146.66,4126.12,4141.74,1916,1790625600177,1790626499683
407390566,XAUUSD.r,15,17,1790624700,4131.9,4134.56,4128.3,4129.72,1896,1790624700217,1790625599774
407390566,XAUUSD.r,15,18,1790623800,4143.14,4145.29,4131.4,4131.91,2011,1790623800013,1790624699814
407390566,XAUUSD.r,15,19,1790622900,4117.26,4147.96,4116.54,4143.21,2123,1790622900135,1790623799610
407390566,XAUUSD.r,15,20,1790622000,4121.24,4122.29,4117.28,4117.33,741,1790622540066,1790622899733
407571384,AUDUSD.r,5,1,1790674800,0.699,0.69946,0.69886,0.69946,248,1790674800137,1790675098691
407571384,AUDUSD.r,5,2,1790674500,0.69881,0.69912,0.69868,0.699,280,1790674500158,1790674798930
407571384,AUDUSD.r,5,3,1790674200,0.69857,0.69892,0.69845,0.69882,286,1790674200472,1790674499754
407571384,AUDUSD.r,5,4,1790673900,0.69862,0.69863,0.69829,0.69855,296,1790673900268,1790674199667
407571384,AUDUSD.r,5,5,1790673600,0.69894,0.69906,0.69857,0.69861,336,1790673600018,1790673899866
407571384,AUDUSD.r,5,6,1790673300,0.69958,0.69965,0.69881,0.69895,351,1790673300116,1790673599616
407571384,AUDUSD.r,5,7,1790673000,0.69967,0.69989,0.69951,0.69959,357,1790673000031,1790673299713
407571384,AUDUSD.r,5,8,1790672700,0.69915,0.69969,0.69911,0.69967,359,1790672700266,1790672998823
407571384,AUDUSD.r,5,9,1790672400,0.69871,0.69929,0.69864,0.69914,419,1790672400205,1790672699863
407571384,AUDUSD.r,5,10,1790672100,0.69843,0.69886,0.69838,0.69867,379,1790672100126,1790672398494
407571384,AUDUSD.r,5,11,1790671800,0.69837,0.69848,0.69782,0.69844,370,1790671800583,1790672098817
407571384,AUDUSD.r,5,12,1790671500,0.69907,0.69938,0.69816,0.69837,434,1790671500317,1790671799879
407571384,AUDUSD.r,5,13,1790671200,0.70069,0.70069,0.69898,0.69921,515,1790671200364,1790671498707
407571384,AUDUSD.r,5,14,1790670900,0.70204,0.70214,0.70055,0.70069,408,1790670900177,1790671199557
407571384,AUDUSD.r,5,15,1790670600,0.70184,0.70206,0.70157,0.70204,308,1790670600235,1790670898568
407571384,AUDUSD.r,5,16,1790670300,0.70199,0.70199,0.70177,0.70185,162,1790670300277,1790670596109
407571384,AUDUSD.r,5,17,1790670000,0.70217,0.70219,0.70196,0.70199,209,1790670000528,1790670299069
407571384,AUDUSD.r,5,18,1790669700,0.70214,0.70219,0.70195,0.70216,183,1790669700161,1790669995697
407571384,AUDUSD.r,5,19,1790669400,0.70198,0.70219,0.70171,0.70214,133,1790669400491,1790669691910
407571384,AUDUSD.r,5,20,1790669100,0.70198,0.70201,0.70184,0.70198,128,1790669100326,1790669397663
407571384,AUDUSD.r,15,1,1790674200,0.69857,0.69946,0.69845,0.69946,814,1790674200472,1790675098691
407571384,AUDUSD.r,15,2,1790673300,0.69958,0.69965,0.69829,0.69855,983,1790673300116,1790674199667
407571384,AUDUSD.r,15,3,1790672400,0.69871,0.69989,0.69864,0.69959,1135,1790672400205,1790673299713
407571384,AUDUSD.r,15,4,1790671500,0.69907,0.69938,0.69782,0.69867,1183,1790671500317,1790672398494
407571384,AUDUSD.r,15,5,1790670600,0.70184,0.70214,0.69898,0.69921,1231,1790670600235,1790671498707
407571384,AUDUSD.r,15,6,1790669700,0.70214,0.70219,0.70177,0.70185,554,1790669700161,1790670596109
407571384,AUDUSD.r,15,7,1790668800,0.70159,0.70219,0.70157,0.70214,480,1790668800658,1790669691910
407571384,AUDUSD.r,15,8,1790667900,0.7016,0.70168,0.70118,0.70159,482,1790667900038,1790668795628
407571384,AUDUSD.r,15,9,1790667000,0.70071,0.7029,0.7005,0.7016,1101,1790667000178,1790667889470
407571384,AUDUSD.r,15,10,1790666100,0.70097,0.70098,0.70075,0.70075,368,1790666100089,1790666999776
407571384,AUDUSD.r,15,11,1790665200,0.70107,0.70115,0.70093,0.70097,282,1790665200951,1790666098275
407571384,AUDUSD.r,15,12,1790664300,0.70125,0.7013,0.70105,0.70108,269,1790664300179,1790665199541
407571384,AUDUSD.r,15,13,1790663400,0.70158,0.70158,0.70125,0.70125,360,1790663400347,1790664297060
407571384,AUDUSD.r,15,14,1790662500,0.70137,0.70178,0.70137,0.70159,326,1790662501045,1790663399945
407571384,AUDUSD.r,15,15,1790661600,0.70157,0.70159,0.70121,0.70138,278,1790661600003,1790662499736
407571384,AUDUSD.r,15,16,1790660700,0.70181,0.70192,0.70145,0.70157,418,1790660700235,1790661591552
407571384,AUDUSD.r,15,17,1790659800,0.70187,0.70195,0.70172,0.70181,324,1790659800205,1790660691979
407571384,AUDUSD.r,15,18,1790658900,0.70186,0.70206,0.70181,0.70187,444,1790658905731,1790659794869
407571384,AUDUSD.r,15,19,1790658000,0.70157,0.70192,0.70156,0.70188,371,1790658001430,1790658881252
407571384,AUDUSD.r,15,20,1790657100,0.70149,0.70162,0.70128,0.70158,494,1790657100238,1790657999417
408044341,EURJPY.r,5,1,1790747100,177.443,177.559,177.442,177.558,485,1790747100007,1790747399502
408044341,EURJPY.r,5,2,1790746800,177.386,177.448,177.361,177.443,457,1790746800071,1790747098799
408044341,EURJPY.r,5,3,1790746500,177.431,177.492,177.381,177.386,521,1790746500213,1790746799669
408044341,EURJPY.r,5,4,1790746200,177.381,177.446,177.369,177.431,521,1790746200360,1790746498703
408044341,EURJPY.r,5,5,1790745900,177.5,177.5,177.332,177.38,627,1790745900163,1790746199957
408044341,EURJPY.r,5,6,1790745600,177.441,177.502,177.392,177.495,564,1790745600121,1790745897647
408044341,EURJPY.r,5,7,1790745300,177.499,177.519,177.373,177.44,563,1790745300649,1790745599315
408044341,EURJPY.r,5,8,1790745000,177.619,177.619,177.481,177.496,552,1790745000083,1790745299843
408044341,EURJPY.r,5,9,1790744700,177.661,177.693,177.618,177.619,479,1790744700190,1790744999681
408044341,EURJPY.r,5,10,1790744400,177.678,177.708,177.652,177.661,517,1790744400025,1790744698478
408044341,EURJPY.r,5,11,1790744100,177.717,177.732,177.633,177.678,546,1790744100151,1790744399623
408044341,EURJPY.r,5,12,1790743800,177.696,177.74,177.658,177.709,495,1790743800398,1790744098340
408044341,EURJPY.r,5,13,1790743500,177.687,177.734,177.646,177.696,496,1790743500131,1790743799995
408044341,EURJPY.r,5,14,1790743200,177.8,177.8,177.625,177.686,508,1790743200086,1790743498320
408044341,EURJPY.r,5,15,1790742900,177.825,177.84,177.785,177.804,587,1790742900010,1790743199282
408044341,EURJPY.r,5,16,1790742600,177.948,177.948,177.819,177.824,569,1790742600276,1790742899608
408044341,EURJPY.r,5,17,1790742300,177.908,177.978,177.896,177.948,441,1790742300296,1790742599874
408044341,EURJPY.r,5,18,1790742000,177.912,177.922,177.84,177.908,569,1790742000040,1790742299489
408044341,EURJPY.r,5,19,1790741700,178.039,178.066,177.891,177.91,586,1790741700175,1790741999638
408044341,EURJPY.r,5,20,1790741400,178.078,178.089,177.999,178.038,504,1790741400115,1790741699772
408044341,EURJPY.r,15,1,1790746200,177.381,177.492,177.361,177.443,1499,1790746200360,1790747098799
408044341,EURJPY.r,15,2,1790745300,177.499,177.519,177.332,177.38,1754,1790745300649,1790746199957
408044341,EURJPY.r,15,3,1790744400,177.678,177.708,177.481,177.496,1548,1790744400025,1790745299843
408044341,EURJPY.r,15,4,1790743500,177.687,177.74,177.633,177.678,1537,1790743500131,1790744399623
408044341,EURJPY.r,15,5,1790742600,177.948,177.948,177.625,177.686,1664,1790742600276,1790743498320
408044341,EURJPY.r,15,6,1790741700,178.039,178.066,177.84,177.948,1596,1790741700175,1790742599874
408044341,EURJPY.r,15,7,1790740800,178.156,178.185,177.999,178.038,1573,1790740800068,1790741699772
408044341,EURJPY.r,15,8,1790739900,178.345,178.412,178.089,178.153,1481,1790739900482,1790740799665
408044341,EURJPY.r,15,9,1790739000,178.388,178.407,178.294,178.347,1191,1790739000247,1790739898670
408044341,EURJPY.r,15,10,1790738100,178.465,178.475,178.343,178.39,1272,1790738100056,1790738999844
408044341,EURJPY.r,15,11,1790737200,178.526,178.532,178.42,178.466,1285,1790737200267,1790738099653
408044341,EURJPY.r,15,12,1790736300,178.509,178.554,178.489,178.532,664,1790736300294,1790737199864
408044341,EURJPY.r,15,13,1790735400,178.465,178.517,178.458,178.509,383,1790735400414,1790736299891
408044341,EURJPY.r,15,14,1790734500,178.448,178.47,178.426,178.465,536,1790734500132,1790735399610
408044341,EURJPY.r,15,15,1790733600,178.422,178.465,178.418,178.448,624,1790733600110,1790734493893
408044341,EURJPY.r,15,16,1790732700,178.392,178.432,178.388,178.422,371,1790732700513,1790733598297
408044341,EURJPY.r,15,17,1790731800,178.412,178.427,178.393,178.397,509,1790731800099,1790732689083
408044341,EURJPY.r,15,18,1790730900,178.368,178.422,178.35,178.414,483,1790730900129,1790731799696
408044341,EURJPY.r,15,19,1790730000,178.387,178.396,178.336,178.367,523,1790730000104,1790730899727
408044341,EURJPY.r,15,20,1790729100,178.381,178.413,178.346,178.388,560,1790729100238,1790729996680
408708254,GER40,5,1,1790793300,25217.75,25223.75,25201.75,25209.75,353,1790793300108,1790793597047
408708254,GER40,5,2,1790793000,25232.75,25247.75,25211.75,25215.75,414,1790793000137,1790793299904
408708254,GER40,5,3,1790792700,25225.75,25234.75,25216.75,25231.75,384,1790792700098,1790792999934
408708254,GER40,5,4,1790792400,25232.75,25241.75,25220.75,25222.75,347,1790792400128,1790792699090
408708254,GER40,5,5,1790792100,25230.75,25248.75,25225.75,25231.75,335,1790792100158,1790792399316
408708254,GER40,5,6,1790791800,25244.75,25244.75,25210.75,25231.75,363,1790791800127,1790792099955
408708254,GER40,5,7,1790791500,25236.75,25246.75,25218.75,25245.75,385,1790791500132,1790791799522
408708254,GER40,5,8,1790791200,25234.75,25238.75,25217.75,25237.75,407,1790791200163,1790791498917
408708254,GER40,5,9,1790790900,25259.75,25265.75,25235.75,25235.75,417,1790790900011,1790791195308
408708254,GER40,5,10,1790790600,25268.75,25274.75,25252.75,25260.75,413,1790790600059,1790790899604
408708254,GER40,5,11,1790790300,25268.75,25282.75,25260.75,25268.75,435,1790790300057,1790790599854
408708254,GER40,5,12,1790790000,25263.75,25294.75,25252.75,25268.75,445,1790790000123,1790790298847
408708254,GER40,5,13,1790789700,25265.75,25273.75,25254.75,25264.75,431,1790789700127,1790789999922
408708254,GER40,5,14,1790789400,25277.75,25283.75,25260.75,25264.75,441,1790789400170,1790789697492
408708254,GER40,5,15,1790789100,25293.75,25293.75,25269.75,25276.75,358,1790789100001,1790789399363
408708254,GER40,5,16,1790788800,25302.75,25313.75,25288.75,25293.75,441,1790788800089,1790789099193
408708254,GER40,5,17,1790788500,25315.75,25327.75,25288.75,25302.75,427,1790788500466,1790788799887
408708254,GER40,5,18,1790788200,25316.75,25332.75,25305.75,25314.75,432,1790788200104,1790788499457
408708254,GER40,5,19,1790787900,25298.75,25325.75,25296.75,25317.75,413,1790787900089,1790788199698
408708254,GER40,5,20,1790787600,25307.75,25311.75,25277.75,25298.75,453,1790787600061,1790787899887
408708254,GER40,15,1,1790792100,25230.75,25248.75,25216.75,25231.75,1066,1790792100158,1790792999934
408708254,GER40,15,2,1790791200,25234.75,25246.75,25210.75,25231.75,1155,1790791200163,1790792099955
408708254,GER40,15,3,1790790300,25268.75,25282.75,25235.75,25235.75,1265,1790790300057,1790791195308
408708254,GER40,15,4,1790789400,25277.75,25294.75,25252.75,25268.75,1317,1790789400170,1790790298847
408708254,GER40,15,5,1790788500,25315.75,25327.75,25269.75,25276.75,1226,1790788500466,1790789399363
408708254,GER40,15,6,1790787600,25307.75,25332.75,25277.75,25314.75,1298,1790787600061,1790788499457
408708254,GER40,15,7,1790786700,25260.75,25307.75,25234.75,25307.75,1531,1790786700299,1790787599656
408708254,GER40,15,8,1790785800,25314.75,25329.75,25258.75,25261.75,1447,1790785800067,1790786699895
408708254,GER40,15,9,1790784900,25333.75,25346.75,25291.75,25314.75,1141,1790784901340,1790785799867
408708254,GER40,15,10,1790784000,25375.75,25398.75,25329.75,25333.75,1171,1790784000058,1790784898916
408708254,GER40,15,11,1790783100,25378.75,25403.75,25353.75,25375.75,1387,1790783100136,1790783997428
408708254,GER40,15,12,1790782200,25336.95,25413.75,25326.95,25378.75,1530,1790782200139,1790783099326
408708254,GER40,15,13,1790781300,25335.75,25342.75,25299.75,25336.95,852,1790781300041,1790782199734
408708254,GER40,15,14,1790780400,25348.75,25353.75,25318.75,25335.75,837,1790780400105,1790781296192
408708254,GER40,15,15,1790779500,25360.75,25368.75,25330.75,25348.75,833,1790779500278,1790780397676
408708254,GER40,15,16,1790778600,25350.25,25384.25,25344.25,25360.75,850,1790778600146,1790779499270
408708254,GER40,15,17,1790777700,25339.75,25358.25,25301.75,25348.25,874,1790777700137,1790778598923
408708254,GER40,15,18,1790776800,25370.75,25373.75,25322.75,25340.75,854,1790776800027,1790777699528
408708254,GER40,15,19,1790775900,25379.75,25392.75,25358.75,25369.75,673,1790775900095,1790776799621
408708254,GER40,15,20,1790775000,25385.75,25395.75,25372.75,25378.75,701,1790775000166,1790775897871
409016573,US100,5,1,1790811300,30512.35,30521.85,30503.1,30512.1,468,1790811300309,1790811599198
409016573,US100,5,2,1790811000,30511.85,30520.1,30503.85,30512.85,489,1790811000115,1790811299100
409016573,US100,5,3,1790810700,30502.85,30517.6,30502.1,30512.1,494,1790810701832,1790810999712
409016573,US100,5,4,1790810400,30491.6,30515.85,30486.6,30503.1,529,1790810400171,1790810699819
409016573,US100,5,5,1790810100,30484.6,30494.35,30463.6,30491.6,568,1790810100263,1790810399567
409016573,US100,5,6,1790809800,30459.35,30499.35,30458.85,30484.35,601,1790809800386,1790810099860
409016573,US100,5,7,1790809500,30442.85,30481.6,30437.1,30458.35,657,1790809500255,1790809799983
409016573,US100,5,8,1790809200,30462.85,30469.6,30411.5,30445.1,695,1790809200370,1790809499450
409016573,US100,5,9,1790808900,30499.85,30522.6,30459.6,30459.85,672,1790808900063,1790809199967
409016573,US100,5,10,1790808600,30598.6,30598.6,30498.85,30500.1,680,1790808600160,1790808899258
409016573,US100,5,11,1790808300,30599.6,30614.1,30593.1,30599.1,580,1790808300046,1790808599757
409016573,US100,5,12,1790808000,30610.6,30613.85,30586.97,30599.35,569,1790808000072,1790808299644
409016573,US100,5,13,1790807700,30616.35,30630.1,30593.85,30612.1,551,1790807700055,1790807999266
409016573,US100,5,14,1790807400,30603.35,30621.35,30602.1,30616.6,558,1790807400391,1790807699652
409016573,US100,5,15,1790807100,30602.35,30613.6,30601.72,30606.1,540,1790807100094,1790807399990
409016573,US100,5,16,1790806800,30615.35,30617.1,30598.35,30602.1,510,1790806800720,1790807098886
409016573,US100,5,17,1790806500,30621.85,30621.85,30604.85,30615.1,552,1790806500215,1790806799915
409016573,US100,5,18,1790806200,30625.85,30627.17,30613.1,30621.35,557,1790806200035,1790806499812
409016573,US100,5,19,1790805900,30614.85,30627.6,30610.85,30626.1,562,1790805900034,1790806199632
409016573,US100,5,20,1790805600,30586.1,30616.1,30583.85,30614.6,550,1790805600250,1790805899631
409016573,US100,15,1,1790810100,30484.6,30517.6,30463.6,30512.1,1591,1790810100263,1790810999712
409016573,US100,15,2,1790809200,30462.85,30499.35,30411.5,30484.35,1953,1790809200370,1790810099860
409016573,US100,15,3,1790808300,30599.6,30614.1,30459.6,30459.85,1932,1790808300046,1790809199967
409016573,US100,15,4,1790807400,30603.35,30630.1,30586.97,30599.35,1678,1790807400391,1790808299644
409016573,US100,15,5,1790806500,30621.85,30621.85,30598.35,30606.1,1602,1790806500215,1790807399990
409016573,US100,15,6,1790805600,30586.1,30627.6,30583.85,30621.35,1669,1790805600250,1790806499812
409016573,US100,15,7,1790804700,30598.6,30600.1,30563.6,30585.1,1631,1790804700743,1790805599848
409016573,US100,15,8,1790803800,30604.85,30609.35,30567.6,30598.6,1644,1790803800006,1790804699535
409016573,US100,15,9,1790802900,30629.35,30631.85,30580.6,30605.35,1658,1790802900110,1790803798697
409016573,US100,15,10,1790802000,30628.85,30635.1,30592.1,30629.6,1664,1790802000219,1790802899708
409016573,US100,15,11,1790801100,30599.35,30635.85,30589.35,30629.35,1653,1790801100462,1790801999816
409016573,US100,15,12,1790800200,30561.35,30609.6,30561.35,30599.1,1688,1790800200938,1790801099657
409016573,US100,15,13,1790799300,30608.1,30608.1,30535.85,30561.85,1810,1790799300513,1790800199729
409016573,US100,15,14,1790798400,30633.1,30643.35,30604.35,30607.85,1622,1790798400287,1790799299302
409016573,US100,15,15,1790797500,30634.1,30635.35,30606.85,30633.35,1603,1790797500116,1790798399884
409016573,US100,15,16,1790796600,30619.85,30638.85,30592.1,30633.35,1741,1790796600301,1790797499713
409016573,US100,15,17,1790795700,30662.85,30665.35,30618.1,30618.1,1677,1790795700156,1790796599898
409016573,US100,15,18,1790794800,30651.6,30667.85,30639.1,30663.1,1706,1790794800209,1790795698948
409016573,US100,15,19,1790793900,30606.75,30677.0,30600.5,30651.72,1785,1790793900636,1790794799807
409016573,US100,15,20,1790793000,30629.75,30651.25,30602.75,30607.0,1829,1790793000058,1790793899831
409382791,GER40,5,1,1790852700,24906.65,24909.65,24859.65,24863.65,568,1790852700069,1790852999623
409382791,GER40,5,2,1790852400,24882.65,24922.65,24873.65,24907.65,606,1790852400074,1790852699852
409382791,GER40,5,3,1790852100,24931.65,24943.65,24881.65,24882.65,518,1790852100182,1790852399668
409382791,GER40,5,4,1790851800,24894.65,24938.65,24893.65,24930.65,552,1790851800039,1790852099777
409382791,GER40,5,5,1790851500,24901.65,24901.65,24866.65,24893.65,571,1790851500043,1790851798820
409382791,GER40,5,6,1790851200,24890.65,24921.25,24878.65,24899.65,593,1790851200298,1790851497814
409382791,GER40,5,7,1790850900,24918.65,24923.65,24883.65,24889.65,646,1790850900144,1790851198487
409382791,GER40,5,8,1790850600,24886.65,24920.65,24862.65,24918.65,695,1790850600137,1790850898522
409382791,GER40,5,9,1790850300,24911.65,24913.65,24885.65,24888.65,605,1790850300119,1790850599724
409382791,GER40,5,10,1790850000,24948.65,24953.65,24909.65,24912.65,637,1790850000147,1790850299914
409382791,GER40,5,11,1790849700,25026.65,25026.65,24940.65,24949.65,602,1790849700184,1790849999943
409382791,GER40,5,12,1790849400,25103.65,25103.65,25021.65,25026.65,500,1790849400104,1790849699782
409382791,GER40,5,13,1790849100,25074.65,25115.65,25067.65,25103.65,547,1790849100166,1790849399699
409382791,GER40,5,14,1790848800,25022.15,25078.65,25009.15,25074.65,733,1790848800050,1790849097736
409382791,GER40,5,15,1790848500,25053.65,25057.65,25017.65,25021.15,312,1790848500041,1790848799646
409382791,GER40,5,16,1790848200,25057.65,25082.65,25051.65,25054.65,268,1790848200111,1790848499436
409382791,GER40,5,17,1790847900,25076.65,25077.65,25056.65,25057.65,257,1790847900114,1790848193642
409382791,GER40,5,18,1790847600,25059.65,25078.65,25048.65,25076.65,253,1790847600171,1790847899708
409382791,GER40,5,19,1790847300,25092.65,25099.65,25057.65,25059.65,288,1790847300252,1790847598954
409382791,GER40,5,20,1790847000,25114.65,25125.65,25081.65,25092.65,247,1790847000175,1790847298430
409382791,GER40,15,1,1790851500,24901.65,24943.65,24866.65,24882.65,1641,1790851500043,1790852399668
409382791,GER40,15,2,1790850600,24886.65,24923.65,24862.65,24899.65,1934,1790850600137,1790851497814
409382791,GER40,15,3,1790849700,25026.65,25026.65,24885.65,24888.65,1844,1790849700184,1790850599724
409382791,GER40,15,4,1790848800,25022.15,25115.65,25009.15,25026.65,1780,1790848800050,1790849699782
409382791,GER40,15,5,1790847900,25076.65,25082.65,25017.65,25021.15,837,1790847900114,1790848799646
409382791,GER40,15,6,1790847000,25114.65,25125.65,25048.65,25076.65,788,1790847000175,1790847899708
409382791,GER40,15,7,1790846100,25125.65,25125.65,25083.65,25115.65,544,1790846100604,1790846998547
409382791,GER40,15,8,1790845200,25107.45,25140.65,25104.85,25125.65,646,1790845200133,1790846096348
409382791,GER40,15,9,1790844300,25113.05,25126.85,25094.55,25107.45,504,1790844301275,1790845199928
409382791,GER40,15,10,1790843400,25135.85,25137.85,25108.45,25113.05,502,1790843400261,1790844296224
409382791,GER40,15,11,1790842500,25116.45,25137.45,25112.05,25134.45,451,1790842501227,1790843399251
409382791,GER40,15,12,1790841600,25111.45,25123.85,25103.85,25116.05,467,1790841600108,1790842499002
409382791,GER40,15,13,1790840700,25093.45,25112.85,25091.05,25111.45,412,1790840700378,1790841593431
409382791,GER40,15,14,1790839800,25074.55,25093.45,25074.05,25093.45,376,1790839802264,1790840699159
409382791,GER40,15,15,1790838900,25084.55,25084.55,25065.05,25074.55,288,1790838900821,1790839772925
409382791,GER40,15,16,1790838000,25075.85,25087.05,25070.45,25084.55,386,1790838002585,1790838886254
409382791,GER40,15,17,1790837100,25067.55,25080.55,25066.05,25075.85,356,1790837100246,1790837994702
409382791,GER40,15,18,1790836200,25068.55,25073.45,25053.05,25067.05,448,1790836200253,1790837079419
409382791,GER40,15,19,1790835300,25070.45,25076.05,25063.05,25068.55,213,1790835300087,1790836199442
409382791,GER40,15,20,1790834400,25065.55,25078.85,25062.55,25070.45,313,1790834400084,1790835291999
