"schema","tracker_version","model_id","utc_msc","opportunity_id","symbol","direction","event","candidate_id","current_r","transition_score","price","detail","order_capability"
"SOLTRADE_V3_LIFETIME_EVENT_V2","1.1.0","ENTRY_ENGINE_V3_TRACKING_DIAGNOSTIC_20260918","1789938008000","EURUSD.r-1789938008-0001","EURUSD.r","SHORT","OPPORTUNITY_DETECTED","","0.00000000","0.00000000","1.1485550000","RATE_BURST","false"
"SOLTRADE_V3_LIFETIME_EVENT_V2","1.1.0","ENTRY_ENGINE_V3_TRACKING_DIAGNOSTIC_20260918","1789938008000","GBPUSD.r-1789938008-0001","GBPUSD.r","SHORT","OPPORTUNITY_DETECTED","","0.00000000","0.00000000","1.3390500000","RATE_BURST","false"
"SOLTRADE_V3_LIFETIME_EVENT_V2","1.1.0","ENTRY_ENGINE_V3_TRACKING_DIAGNOSTIC_20260918","1789938008000","USDCHF.r-1789938008-0001","USDCHF.r","SHORT","OPPORTUNITY_DETECTED","","0.00000000","0.00000000","0.8224100000","RATE_BURST","false"
"SOLTRADE_V3_LIFETIME_EVENT_V2","1.1.0","ENTRY_ENGINE_V3_TRACKING_DIAGNOSTIC_20260918","1789938008000","EURGBP.r-1789938008-0001","EURGBP.r","SHORT","OPPORTUNITY_DETECTED","","0.00000000","0.00000000","0.8585750000","RATE_BURST","false"
"SOLTRADE_V3_LIFETIME_EVENT_V2","1.1.0","ENTRY_ENGINE_V3_TRACKING_DIAGNOSTIC_20260918","1789938018000","EURUSD.r-1789938008-0001","EURUSD.r","SHORT","OPPORTUNITY_ABANDONED","","0.00000000","0.00000000","1.1485550000","STALE_MARKET_NO_CURRENT_TICK","false"
"SOLTRADE_V3_LIFETIME_EVENT_V2","1.1.0","ENTRY_ENGINE_V3_TRACKING_DIAGNOSTIC_20260918","1789938018000","GBPUSD.r-1789938008-0001","GBPUSD.r","SHORT","OPPORTUNITY_ABANDONED","","0.00000000","0.00000000","1.3390500000","STALE_MARKET_NO_CURRENT_TICK","false"
"SOLTRADE_V3_LIFETIME_EVENT_V2","1.1.0","ENTRY_ENGINE_V3_TRACKING_DIAGNOSTIC_20260918","1789938018000","USDCHF.r-1789938008-0001","USDCHF.r","SHORT","OPPORTUNITY_ABANDONED","","0.00000000","0.00000000","0.8224100000","STALE_MARKET_NO_CURRENT_TICK","false"
"SOLTRADE_V3_LIFETIME_EVENT_V2","1.1.0","ENTRY_ENGINE_V3_TRACKING_DIAGNOSTIC_20260918","1789938018000","EURGBP.r-1789938008-0001","EURGBP.r","SHORT","OPPORTUNITY_ABANDONED","","0.00000000","0.00000000","0.8585750000","STALE_MARKET_NO_CURRENT_TICK","false"
"SOLTRADE_V3_LIFETIME_EVENT_V2","1.1.0","ENTRY_ENGINE_V3_TRACKING_DIAGNOSTIC_20260918","1789938033000","USDJPY.r-1789938033-0001","USDJPY.r","SHORT","OPPORTUNITY_DETECTED","","0.00000000","0.00000000","156.8505000000","RATE_BURST","false"
"SOLTRADE_V3_LIFETIME_EVENT_V2","1.1.0","ENTRY_ENGINE_V3_TRACKING_DIAGNOSTIC_20260918","1789938033000","USDCAD.r-1789938033-0001","USDCAD.r","SHORT","OPPORTUNITY_DETECTED","","0.00000000","0.00000000","1.3992900000","RATE_BURST","false"
"SOLTRADE_V3_LIFETIME_EVENT_V2","1.1.0","ENTRY_ENGINE_V3_TRACKING_DIAGNOSTIC_20260918","1789938033000","NZDUSD.r-1789938033-0001","NZDUSD.r","SHORT","OPPORTUNITY_DETECTED","","0.00000000","0.00000000","0.5723700000","RATE_BURST","false"
"SOLTRADE_V3_LIFETIME_EVENT_V2","1.1.0","ENTRY_ENGINE_V3_TRACKING_DIAGNOSTIC_20260918","1789938033000","EURJPY.r-1789938033-0001","EURJPY.r","SHORT","OPPORTUNITY_DETECTED","","0.00000000","0.00000000","180.2130000000","RATE_BURST","false"
"SOLTRADE_V3_LIFETIME_EVENT_V2","1.1.0","ENTRY_ENGINE_V3_TRACKING_DIAGNOSTIC_20260918","1789938033000","GBPJPY.r-1789938033-0001","GBPJPY.r","SHORT","OPPORTUNITY_DETECTED","","0.00000000","0.00000000","210.0010000000","RATE_BURST","false"
"SOLTRADE_V3_LIFETIME_EVENT_V2","1.1.0","ENTRY_ENGINE_V3_TRACKING_DIAGNOSTIC_20260918","1789938043000","USDJPY.r-1789938033-0001","USDJPY.r","SHORT","OPPORTUNITY_ABANDONED","","0.00000000","0.00000000","156.8505000000","STALE_MARKET_NO_CURRENT_TICK","false"
"SOLTRADE_V3_LIFETIME_EVENT_V2","1.1.0","ENTRY_ENGINE_V3_TRACKING_DIAGNOSTIC_20260918","1789938043000","USDCAD.r-1789938033-0001","USDCAD.r","SHORT","OPPORTUNITY_ABANDONED","","0.00000000","0.00000000","1.3992900000","STALE_MARKET_NO_CURRENT_TICK","false"
"SOLTRADE_V3_LIFETIME_EVENT_V2","1.1.0","ENTRY_ENGINE_V3_TRACKING_DIAGNOSTIC_20260918","1789938043000","NZDUSD.r-1789938033-0001","NZDUSD.r","SHORT","OPPORTUNITY_ABANDONED","","0.00000000","0.00000000","0.5723700000","STALE_MARKET_NO_CURRENT_TICK","false"
"SOLTRADE_V3_LIFETIME_EVENT_V2","1.1.0","ENTRY_ENGINE_V3_TRACKING_DIAGNOSTIC_20260918","1789938043000","EURJPY.r-1789938033-0001","EURJPY.r","SHORT","OPPORTUNITY_ABANDONED","","0.00000000","0.00000000","180.2130000000","STALE_MARKET_NO_CURRENT_TICK","false"
"SOLTRADE_V3_LIFETIME_EVENT_V2","1.1.0","ENTRY_ENGINE_V3_TRACKING_DIAGNOSTIC_20260918","1789938043000","GBPJPY.r-1789938033-0001","GBPJPY.r","SHORT","OPPORTUNITY_ABANDONED","","0.00000000","0.00000000","210.0010000000","STALE_MARKET_NO_CURRENT_TICK","false"
"SOLTRADE_V3_LIFETIME_EVENT_V2","1.1.0","ENTRY_ENGINE_V3_TRACKING_DIAGNOSTIC_20260918","1789938108000","AUDUSD.r-1789938108-0001","AUDUSD.r","SHORT","OPPORTUNITY_DETECTED","","0.00000000","0.00000000","0.7113100000","RATE_BURST","false"
"SOLTRADE_V3_LIFETIME_EVENT_V2","1.1.0","ENTRY_ENGINE_V3_TRACKING_DIAGNOSTIC_20260918","1789938118000","AUDUSD.r-1789938108-0001","AUDUSD.r","SHORT","OPPORTUNITY_ABANDONED","","0.00000000","0.00000000","0.7113100000","STALE_MARKET_NO_CURRENT_TICK","false"
"SOLTRADE_V3_LIFETIME_EVENT_V2","1.1.0","ENTRY_ENGINE_V3_TRACKING_DIAGNOSTIC_20260918","1789938143000","AUDJPY.r-1789938143-0001","AUDJPY.r","SHORT","OPPORTUNITY_DETECTED","","0.00000000","0.00000000","111.5530000000","RATE_BURST","false"
"SOLTRADE_V3_LIFETIME_EVENT_V2","1.1.0","ENTRY_ENGINE_V3_TRACKING_DIAGNOSTIC_20260918","1789938153000","AUDJPY.r-1789938143-0001","AUDJPY.r","SHORT","OPPORTUNITY_ABANDONED","","0.00000000","0.00000000","111.5530000000","STALE_MARKET_NO_CURRENT_TICK","false"
"SOLTRADE_V3_LIFETIME_EVENT_V2","1.1.0","ENTRY_ENGINE_V3_TRACKING_DIAGNOSTIC_20260918","1789938188000","AUDNZD.r-1789938188-0001","AUDNZD.r","SHORT","OPPORTUNITY_DETECTED","","0.00000000","0.00000000","1.2455700000","RATE_BURST","false"
"SOLTRADE_V3_LIFETIME_EVENT_V2","1.1.0","ENTRY_ENGINE_V3_TRACKING_DIAGNOSTIC_20260918","1789938198000","AUDNZD.r-1789938188-0001","AUDNZD.r","SHORT","OPPORTUNITY_ABANDONED","","0.00000000","0.00000000","1.2455700000","STALE_MARKET_NO_CURRENT_TICK","false"
"SOLTRADE_V3_LIFETIME_EVENT_V2","1.1.0","ENTRY_ENGINE_V3_TRACKING_DIAGNOSTIC_20260918","1789941603000","XAUUSD.r-1789941603-0001","XAUUSD.r","SHORT","OPPORTUNITY_DETECTED","","0.00000000","0.00000000","4375.4600000000","RATE_BURST","false"
"SOLTRADE_V3_LIFETIME_EVENT_V2","1.1.0","ENTRY_ENGINE_V3_TRACKING_DIAGNOSTIC_20260918","1789941603000","US500-1789941603-0001","US500","SHORT","OPPORTUNITY_DETECTED","","0.00000000","0.00000000","7664.8000000000","PRESSURE_BURST","false"
"SOLTRADE_V3_LIFETIME_EVENT_V2","1.1.0","ENTRY_ENGINE_V3_TRACKING_DIAGNOSTIC_20260918","1789941613000","XAGUSD.r-1789941613-0001","XAGUSD.r","SHORT","OPPORTUNITY_DETECTED","","0.00000000","0.00000000","66.1940000000","RATE_BURST","false"
"SOLTRADE_V3_LIFETIME_EVENT_V2","1.1.0","ENTRY_ENGINE_V3_TRACKING_DIAGNOSTIC_20260918","1789941663000","US100-1789941663-0001","US100","SHORT","OPPORTUNITY_DETECTED","","0.00000000","0.00000000","29678.0000000000","RATE_BURST","false"
"SOLTRADE_V3_LIFETIME_EVENT_V2","1.1.0","ENTRY_ENGINE_V3_TRACKING_DIAGNOSTIC_20260918","1789941743000","XAGUSD.r-1789941613-0001","XAGUSD.r","SHORT","OPPORTUNITY_ABANDONED","","0.00000000","0.00000000","66.2050000000","STALE_MARKET_NO_CURRENT_TICK","false"
"SOLTRADE_V3_LIFETIME_EVENT_V2","1.1.0","ENTRY_ENGINE_V3_TRACKING_DIAGNOSTIC_20260918","1789941753000","EURO50-1789941753-0001","EURO50","SHORT","OPPORTUNITY_DETECTED","","0.00000000","0.00000000","6242.0000000000","RATE_BURST","false"
"SOLTRADE_V3_LIFETIME_EVENT_V2","1.1.0","ENTRY_ENGINE_V3_TRACKING_DIAGNOSTIC_20260918","1789941763000","UK100-1789941763-0001","UK100","SHORT","OPPORTUNITY_DETECTED","","0.00000000","0.00000000","10632.4000000000","RATE_BURST","false"
"SOLTRADE_V3_LIFETIME_EVENT_V2","1.1.0","ENTRY_ENGINE_V3_TRACKING_DIAGNOSTIC_20260918","1789941768000","GER40-1789941768-0001","GER40","SHORT","OPPORTUNITY_DETECTED","","0.00000000","0.00000000","25315.7000000000","RATE_BURST","false"
"SOLTRADE_V3_LIFETIME_EVENT_V2","1.1.0","ENTRY_ENGINE_V3_TRACKING_DIAGNOSTIC_20260918","1789941768000","EURO50-1789941753-0001","EURO50","SHORT","OPPORTUNITY_ABANDONED","","0.00000000","0.00000000","6241.0000000000","STALE_MARKET_NO_CURRENT_TICK","false"
"SOLTRADE_V3_LIFETIME_EVENT_V2","1.1.0","ENTRY_ENGINE_V3_TRACKING_DIAGNOSTIC_20260918","1789942023000","UK100-1789941763-0001","UK100","SHORT","OPPORTUNITY_ABANDONED","","0.00000000","0.00000000","10634.6400000000","STALE_MARKET_NO_CURRENT_TICK","false"
"SOLTRADE_V3_LIFETIME_EVENT_V2","1.1.0","ENTRY_ENGINE_V3_TRACKING_DIAGNOSTIC_20260918","1789942078000","GER40-1789941768-0001","GER40","SHORT","OPPORTUNITY_ABANDONED","","0.00000000","0.00000000","25322.2700000000","STALE_MARKET_NO_CURRENT_TICK","false"
"SOLTRADE_V3_LIFETIME_EVENT_V2","1.1.0","ENTRY_ENGINE_V3_TRACKING_DIAGNOSTIC_20260918","1789942103000","XAUUSD.r-1789941603-0001","XAUUSD.r","SHORT","OPPORTUNITY_ABANDONED","","0.00000000","0.00000000","4377.9550000000","STALE_MARKET_NO_CURRENT_TICK","false"
"SOLTRADE_V3_LIFETIME_EVENT_V2","1.1.0","ENTRY_ENGINE_V3_TRACKING_DIAGNOSTIC_20260918","1789942508000","US500-1789941603-0001","US500","SHORT","OPPORTUNITY_ABANDONED","","0.00000000","0.00000000","7669.3050000000","TRANSITION_EXPIRED","false"
"SOLTRADE_V3_LIFETIME_EVENT_V2","1.1.0","ENTRY_ENGINE_V3_TRACKING_DIAGNOSTIC_20260918","1789942568000","US100-1789941663-0001","US100","SHORT","OPPORTUNITY_ABANDONED","","0.00000000","0.00000000","29744.2500000000","TRANSITION_EXPIRED","false"
"SOLTRADE_V3_LIFETIME_EVENT_V2","1.1.0","ENTRY_ENGINE_V3_TRACKING_DIAGNOSTIC_20260918","1789952408000","EURUSD.r-1789952408-0002","EURUSD.r","SHORT","OPPORTUNITY_DETECTED","","0.00000000","0.00000000","1.1481550000","PRESSURE_BURST","false"
"SOLTRADE_V3_LIFETIME_EVENT_V2","1.1.0","ENTRY_ENGINE_V3_TRACKING_DIAGNOSTIC_20260918","1789952408000","GBPUSD.r-1789952408-0002","GBPUSD.r","SHORT","OPPORTUNITY_DETECTED","","0.00000000","0.00000000","1.3388400000","STRUCTURE_TRANSITION","false"
"SOLTRADE_V3_LIFETIME_EVENT_V2","1.1.0","ENTRY_ENGINE_V3_TRACKING_DIAGNOSTIC_20260918","1789952408000","USDCHF.r-1789952408-0002","USDCHF.r","SHORT","OPPORTUNITY_DETECTED","","0.00000000","0.00000000","0.8224400000","PRESSURE_BURST","false"
"SOLTRADE_V3_LIFETIME_EVENT_V2","1.1.0","ENTRY_ENGINE_V3_TRACKING_DIAGNOSTIC_20260918","1789952408000","EURGBP.r-1789952408-0002","EURGBP.r","SHORT","OPPORTUNITY_DETECTED","","0.00000000","0.00000000","0.8575650000","STRUCTURE_TRANSITION","false"
"SOLTRADE_V3_LIFETIME_EVENT_V2","1.1.0","ENTRY_ENGINE_V3_TRACKING_DIAGNOSTIC_20260918","1789952433000","USDCAD.r-1789952433-0002","USDCAD.r","SHORT","OPPORTUNITY_DETECTED","","0.00000000","0.00000000","1.3996150000","PRESSURE_BURST","false"
"SOLTRADE_V3_LIFETIME_EVENT_V2","1.1.0","ENTRY_ENGINE_V3_TRACKING_DIAGNOSTIC_20260918","1789952433000","NZDUSD.r-1789952433-0002","NZDUSD.r","SHORT","OPPORTUNITY_DETECTED","","0.00000000","0.00000000","0.5718450000","STRUCTURE_TRANSITION","false"
"SOLTRADE_V3_LIFETIME_EVENT_V2","1.1.0","ENTRY_ENGINE_V3_TRACKING_DIAGNOSTIC_20260918","1789952433000","EURJPY.r-1789952433-0002","EURJPY.r","SHORT","OPPORTUNITY_DETECTED","","0.00000000","0.00000000","180.1175000000","STRUCTURE_TRANSITION","false"
"SOLTRADE_V3_LIFETIME_EVENT_V2","1.1.0","ENTRY_ENGINE_V3_TRACKING_DIAGNOSTIC_20260918","1789952433000","GBPJPY.r-1789952433-0002","GBPJPY.r","SHORT","OPPORTUNITY_DETECTED","","0.00000000","0.00000000","210.0155000000","STRUCTURE_TRANSITION","false"
"SOLTRADE_V3_LIFETIME_EVENT_V2","1.1.0","ENTRY_ENGINE_V3_TRACKING_DIAGNOSTIC_20260918","1789952438000","USDJPY.r-1789952438-0002","USDJPY.r","SHORT","OPPORTUNITY_DETECTED","","0.00000000","0.00000000","156.8645000000","STRUCTURE_TRANSITION","false"
"SOLTRADE_V3_LIFETIME_EVENT_V2","1.1.0","ENTRY_ENGINE_V3_TRACKING_DIAGNOSTIC_20260918","1789952493000","EURGBP.r-1789952408-0002","EURGBP.r","SHORT","OPPORTUNITY_ABANDONED","","0.00000000","0.00000000","0.8575300000","STALE_MARKET_NO_CURRENT_TICK","false"
"SOLTRADE_V3_LIFETIME_EVENT_V2","1.1.0","ENTRY_ENGINE_V3_TRACKING_DIAGNOSTIC_20260918","1789952508000","AUDUSD.r-1789952508-0002","AUDUSD.r","SHORT","OPPORTUNITY_DETECTED","","0.00000000","0.00000000","0.7127050000","PRESSURE_BURST","false"
"SOLTRADE_V3_LIFETIME_EVENT_V2","1.1.0","ENTRY_ENGINE_V3_TRACKING_DIAGNOSTIC_20260918","1789952533000","USDCAD.r-1789952433-0002","USDCAD.r","SHORT","OPPORTUNITY_ABANDONED","","0.00000000","0.00000000","1.3996050000","STALE_MARKET_NO_CURRENT_TICK","false"
"SOLTRADE_V3_LIFETIME_EVENT_V2","1.1.0","ENTRY_ENGINE_V3_TRACKING_DIAGNOSTIC_20260918","1789952538000","AUDUSD.r-1789952508-0002","AUDUSD.r","SHORT","OPPORTUNITY_ABANDONED","","0.00000000","0.00000000","0.7126900000","STALE_MARKET_NO_CURRENT_TICK","false"
"SOLTRADE_V3_LIFETIME_EVENT_V2","1.1.0","ENTRY_ENGINE_V3_TRACKING_DIAGNOSTIC_20260918","1789952543000","AUDJPY.r-1789952543-0002","AUDJPY.r","SHORT","OPPORTUNITY_DETECTED","","0.00000000","0.00000000","111.8080000000","STRUCTURE_TRANSITION","false"
"SOLTRADE_V3_LIFETIME_EVENT_V2","1.1.0","ENTRY_ENGINE_V3_TRACKING_DIAGNOSTIC_20260918","1789952588000","AUDNZD.r-1789952588-0002","AUDNZD.r","SHORT","OPPORTUNITY_DETECTED","","0.00000000","0.00000000","1.2460900000","PRESSURE_BURST","false"
"SOLTRADE_V3_LIFETIME_EVENT_V2","1.1.0","ENTRY_ENGINE_V3_TRACKING_DIAGNOSTIC_20260918","1789952613000","GBPUSD.r-1789952408-0002","GBPUSD.r","SHORT","OPPORTUNITY_ABANDONED","","0.00000000","0.00000000","1.3389700000","STALE_MARKET_NO_CURRENT_TICK","false"
"SOLTRADE_V3_LIFETIME_EVENT_V2","1.1.0","ENTRY_ENGINE_V3_TRACKING_DIAGNOSTIC_20260918","1789952738000","EURUSD.r-1789952408-0002","EURUSD.r","SHORT","OPPORTUNITY_ABANDONED","","0.00000000","0.00000000","1.1480650000","STALE_MARKET_NO_CURRENT_TICK","false"
"SOLTRADE_V3_LIFETIME_EVENT_V2","1.1.0","ENTRY_ENGINE_V3_TRACKING_DIAGNOSTIC_20260918","1789952738000","USDCHF.r-1789952408-0002","USDCHF.r","SHORT","OPPORTUNITY_ABANDONED","","0.00000000","0.00000000","0.8225250000","STALE_MARKET_NO_CURRENT_TICK","false"
"SOLTRADE_V3_LIFETIME_EVENT_V2","1.1.0","ENTRY_ENGINE_V3_TRACKING_DIAGNOSTIC_20260918","1789952843000","NZDUSD.r-1789952433-0002","NZDUSD.r","SHORT","OPPORTUNITY_ABANDONED","","0.00000000","0.00000000","0.5717100000","STALE_MARKET_NO_CURRENT_TICK","false"
"SOLTRADE_V3_LIFETIME_EVENT_V2","1.1.0","ENTRY_ENGINE_V3_TRACKING_DIAGNOSTIC_20260918","1789953338000","EURJPY.r-1789952433-0002","EURJPY.r","SHORT","OPPORTUNITY_ABANDONED","","0.00000000","0.00000000","180.0115000000","TRANSITION_EXPIRED","false"
"SOLTRADE_V3_LIFETIME_EVENT_V2","1.1.0","ENTRY_ENGINE_V3_TRACKING_DIAGNOSTIC_20260918","1789953338000","GBPJPY.r-1789952433-0002","GBPJPY.r","SHORT","OPPORTUNITY_ABANDONED","","0.00000000","0.00000000","209.8905000000","TRANSITION_EXPIRED","false"
"SOLTRADE_V3_LIFETIME_EVENT_V2","1.1.0","ENTRY_ENGINE_V3_TRACKING_DIAGNOSTIC_20260918","1789953343000","USDJPY.r-1789952438-0002","USDJPY.r","SHORT","OPPORTUNITY_ABANDONED","","0.00000000","0.00000000","156.7405000000","TRANSITION_EXPIRED","false"
"SOLTRADE_V3_LIFETIME_EVENT_V2","1.1.0","ENTRY_ENGINE_V3_TRACKING_DIAGNOSTIC_20260918","1789953448000","AUDJPY.r-1789952543-0002","AUDJPY.r","SHORT","OPPORTUNITY_ABANDONED","","0.00000000","0.00000000","111.6720000000","TRANSITION_EXPIRED","false"
"SOLTRADE_V3_LIFETIME_EVENT_V2","1.1.0","ENTRY_ENGINE_V3_TRACKING_DIAGNOSTIC_20260918","1789953493000","AUDNZD.r-1789952588-0002","AUDNZD.r","SHORT","OPPORTUNITY_ABANDONED","","0.00000000","0.00000000","1.2457350000","TRANSITION_EXPIRED","false"
"SOLTRADE_V3_LIFETIME_EVENT_V2","1.1.0","ENTRY_ENGINE_V3_TRACKING_DIAGNOSTIC_20260918","1789956003000","XAUUSD.r-1789956003-0002","XAUUSD.r","SHORT","OPPORTUNITY_DETECTED","","0.00000000","0.00000000","4377.3650000000","PRESSURE_BURST","false"
"SOLTRADE_V3_LIFETIME_EVENT_V2","1.1.0","ENTRY_ENGINE_V3_TRACKING_DIAGNOSTIC_20260918","1789956003000","US500-1789956003-0002","US500","SHORT","OPPORTUNITY_DETECTED","","0.00000000","0.00000000","7683.3050000000","STRUCTURE_TRANSITION","false"
"SOLTRADE_V3_LIFETIME_EVENT_V2","1.1.0","ENTRY_ENGINE_V3_TRACKING_DIAGNOSTIC_20260918","1789956013000","XAGUSD.r-1789956013-0002","XAGUSD.r","SHORT","OPPORTUNITY_DETECTED","","0.00000000","0.00000000","66.5635000000","PRESSURE_BURST","false"
"SOLTRADE_V3_LIFETIME_EVENT_V2","1.1.0","ENTRY_ENGINE_V3_TRACKING_DIAGNOSTIC_20260918","1789956063000","US100-1789956063-0002","US100","SHORT","OPPORTUNITY_DETECTED","","0.00000000","0.00000000","29815.0000000000","STRUCTURE_TRANSITION","false"
"SOLTRADE_V3_LIFETIME_EVENT_V2","1.1.0","ENTRY_ENGINE_V3_TRACKING_DIAGNOSTIC_20260918","1789956153000","EURO50-1789956153-0002","EURO50","SHORT","OPPORTUNITY_DETECTED","","0.00000000","0.00000000","6267.0000000000","PRESSURE_BURST","false"
"SOLTRADE_V3_LIFETIME_EVENT_V2","1.1.0","ENTRY_ENGINE_V3_TRACKING_DIAGNOSTIC_20260918","1789956163000","UK100-1789956163-0002","UK100","SHORT","OPPORTUNITY_DETECTED","","0.00000000","0.00000000","10680.9000000000","PRESSURE_BURST","false"
"SOLTRADE_V3_LIFETIME_EVENT_V2","1.1.0","ENTRY_ENGINE_V3_TRACKING_DIAGNOSTIC_20260918","1789956168000","GER40-1789956168-0002","GER40","SHORT","OPPORTUNITY_DETECTED","","0.00000000","0.00000000","25434.7000000000","PRESSURE_BURST","false"
"SOLTRADE_V3_LIFETIME_EVENT_V2","1.1.0","ENTRY_ENGINE_V3_TRACKING_DIAGNOSTIC_20260918","1789956178000","EURO50-1789956153-0002","EURO50","SHORT","OPPORTUNITY_ABANDONED","","0.00000000","0.00000000","6267.0000000000","STALE_MARKET_NO_CURRENT_TICK","false"
"SOLTRADE_V3_LIFETIME_EVENT_V2","1.1.0","ENTRY_ENGINE_V3_TRACKING_DIAGNOSTIC_20260918","1789956193000","UK100-1789956163-0002","UK100","SHORT","OPPORTUNITY_ABANDONED","","0.00000000","0.00000000","10681.9000000000","STALE_MARKET_NO_CURRENT_TICK","false"
"SOLTRADE_V3_LIFETIME_EVENT_V2","1.1.0","ENTRY_ENGINE_V3_TRACKING_DIAGNOSTIC_20260918","1789956238000","GER40-1789956168-0002","GER40","SHORT","OPPORTUNITY_ABANDONED","","0.00000000","0.00000000","25431.7000000000","STALE_MARKET_NO_CURRENT_TICK","false"
"SOLTRADE_V3_LIFETIME_EVENT_V2","1.1.0","ENTRY_ENGINE_V3_TRACKING_DIAGNOSTIC_20260918","1789956908000","XAUUSD.r-1789956003-0002","XAUUSD.r","SHORT","OPPORTUNITY_ABANDONED","","0.00000000","0.00000000","4368.6650000000","TRANSITION_EXPIRED","false"
"SOLTRADE_V3_LIFETIME_EVENT_V2","1.1.0","ENTRY_ENGINE_V3_TRACKING_DIAGNOSTIC_20260918","1789956908000","US500-1789956003-0002","US500","SHORT","OPPORTUNITY_ABANDONED","","0.00000000","0.00000000","7684.5550000000","TRANSITION_EXPIRED","false"
"SOLTRADE_V3_LIFETIME_EVENT_V2","1.1.0","ENTRY_ENGINE_V3_TRACKING_DIAGNOSTIC_20260918","1789956918000","XAGUSD.r-1789956013-0002","XAGUSD.r","SHORT","OPPORTUNITY_ABANDONED","","0.00000000","0.00000000","66.4870000000","TRANSITION_EXPIRED","false"
"SOLTRADE_V3_LIFETIME_EVENT_V2","1.1.0","ENTRY_ENGINE_V3_TRACKING_DIAGNOSTIC_20260918","1789956968000","US100-1789956063-0002","US100","SHORT","OPPORTUNITY_ABANDONED","","0.00000000","0.00000000","29823.0000000000","TRANSITION_EXPIRED","false"
"SOLTRADE_V3_LIFETIME_EVENT_V2","1.1.0","ENTRY_ENGINE_V3_TRACKING_DIAGNOSTIC_20260918","1789966808000","EURUSD.r-1789966808-0003","EURUSD.r","SHORT","OPPORTUNITY_DETECTED","","0.00000000","0.00000000","1.1474800000","STRUCTURE_TRANSITION","false"
"SOLTRADE_V3_LIFETIME_EVENT_V2","1.1.0","ENTRY_ENGINE_V3_TRACKING_DIAGNOSTIC_20260918","1789966808000","GBPUSD.r-1789966808-0003","GBPUSD.r","SHORT","OPPORTUNITY_DETECTED","","0.00000000","0.00000000","1.3378200000","RATE_BURST","false"
"SOLTRADE_V3_LIFETIME_EVENT_V2","1.1.0","ENTRY_ENGINE_V3_TRACKING_DIAGNOSTIC_20260918","1789966808000","USDCHF.r-1789966808-0003","USDCHF.r","SHORT","OPPORTUNITY_DETECTED","","0.00000000","0.00000000","0.8231000000","STRUCTURE_TRANSITION","false"
"SOLTRADE_V3_LIFETIME_EVENT_V2","1.1.0","ENTRY_ENGINE_V3_TRACKING_DIAGNOSTIC_20260918","1789966808000","EURGBP.r-1789966808-0003","EURGBP.r","SHORT","OPPORTUNITY_DETECTED","","0.00000000","0.00000000","0.8577250000","PRESSURE_BURST","false"
"SOLTRADE_V3_LIFETIME_EVENT_V2","1.1.0","ENTRY_ENGINE_V3_TRACKING_DIAGNOSTIC_20260918","1789966833000","USDCAD.r-1789966833-0003","USDCAD.r","SHORT","OPPORTUNITY_DETECTED","","0.00000000","0.00000000","1.4005000000","STRUCTURE_TRANSITION","false"
"SOLTRADE_V3_LIFETIME_EVENT_V2","1.1.0","ENTRY_ENGINE_V3_TRACKING_DIAGNOSTIC_20260918","1789966833000","NZDUSD.r-1789966833-0003","NZDUSD.r","SHORT","OPPORTUNITY_DETECTED","","0.00000000","0.00000000","0.5723350000","STRUCTURE_TRANSITION","false"
"SOLTRADE_V3_LIFETIME_EVENT_V2","1.1.0","ENTRY_ENGINE_V3_TRACKING_DIAGNOSTIC_20260918","1789966833000","EURJPY.r-1789966833-0003","EURJPY.r","SHORT","OPPORTUNITY_DETECTED","","0.00000000","0.00000000","180.1800000000","PRESSURE_BURST","false"
"SOLTRADE_V3_LIFETIME_EVENT_V2","1.1.0","ENTRY_ENGINE_V3_TRACKING_DIAGNOSTIC_20260918","1789966833000","GBPJPY.r-1789966833-0003","GBPJPY.r","SHORT","OPPORTUNITY_DETECTED","","0.00000000","0.00000000","210.0490000000","STRUCTURE_TRANSITION","false"
"SOLTRADE_V3_LIFETIME_EVENT_V2","1.1.0","ENTRY_ENGINE_V3_TRACKING_DIAGNOSTIC_20260918","1789966838000","USDJPY.r-1789966838-0003","USDJPY.r","SHORT","OPPORTUNITY_DETECTED","","0.00000000","0.00000000","157.0030000000","PRESSURE_BURST","false"
"SOLTRADE_V3_LIFETIME_EVENT_V2","1.1.0","ENTRY_ENGINE_V3_TRACKING_DIAGNOSTIC_20260918","1789966908000","USDCAD.r-1789966833-0003","USDCAD.r","SHORT","OPPORTUNITY_ABANDONED","","0.00000000","0.00000000","1.4005300000","STALE_MARKET_NO_CURRENT_TICK","false"
"SOLTRADE_V3_LIFETIME_EVENT_V2","1.1.0","ENTRY_ENGINE_V3_TRACKING_DIAGNOSTIC_20260918","1789966908000","AUDUSD.r-1789966908-0003","AUDUSD.r","SHORT","OPPORTUNITY_DETECTED","","0.00000000","0.00000000","0.7127200000","PRESSURE_BURST","false"
"SOLTRADE_V3_LIFETIME_EVENT_V2","1.1.0","ENTRY_ENGINE_V3_TRACKING_DIAGNOSTIC_20260918","1789966913000","EURUSD.r-1789966808-0003","EURUSD.r","SHORT","OPPORTUNITY_ABANDONED","","0.00000000","0.00000000","1.1474750000","STALE_MARKET_NO_CURRENT_TICK","false"
"SOLTRADE_V3_LIFETIME_EVENT_V2","1.1.0","ENTRY_ENGINE_V3_TRACKING_DIAGNOSTIC_20260918","1789966913000","AUDUSD.r-1789966908-0003","AUDUSD.r","SHORT","OPPORTUNITY_ABANDONED","","0.00000000","0.00000000","0.7127200000","STALE_MARKET_NO_CURRENT_TICK","false"
"SOLTRADE_V3_LIFETIME_EVENT_V2","1.1.0","ENTRY_ENGINE_V3_TRACKING_DIAGNOSTIC_20260918","1789966943000","AUDJPY.r-1789966943-0003","AUDJPY.r","SHORT","OPPORTUNITY_DETECTED","","0.00000000","0.00000000","111.9110000000","STRUCTURE_TRANSITION","false"
"SOLTRADE_V3_LIFETIME_EVENT_V2","1.1.0","ENTRY_ENGINE_V3_TRACKING_DIAGNOSTIC_20260918","1789966968000","EURGBP.r-1789966808-0003","EURGBP.r","SHORT","OPPORTUNITY_ABANDONED","","0.00000000","0.00000000","0.8577500000","STALE_MARKET_NO_CURRENT_TICK","false"
"SOLTRADE_V3_LIFETIME_EVENT_V2","1.1.0","ENTRY_ENGINE_V3_TRACKING_DIAGNOSTIC_20260918","1789966993000","AUDNZD.r-1789966993-0003","AUDNZD.r","SHORT","OPPORTUNITY_DETECTED","","0.00000000","0.00000000","1.2453200000","STRUCTURE_TRANSITION","false"
"SOLTRADE_V3_LIFETIME_EVENT_V2","1.1.0","ENTRY_ENGINE_V3_TRACKING_DIAGNOSTIC_20260918","1789967053000","GBPUSD.r-1789966808-0003","GBPUSD.r","SHORT","OPPORTUNITY_ABANDONED","","0.00000000","0.00000000","1.3377550000","STALE_MARKET_NO_CURRENT_TICK","false"
"SOLTRADE_V3_LIFETIME_EVENT_V2","1.1.0","ENTRY_ENGINE_V3_TRACKING_DIAGNOSTIC_20260918","1789967138000","USDCHF.r-1789966808-0003","USDCHF.r","SHORT","OPPORTUNITY_ABANDONED","","0.00000000","0.00000000","0.8232100000","STALE_MARKET_NO_CURRENT_TICK","false"
"SOLTRADE_V3_LIFETIME_EVENT_V2","1.1.0","ENTRY_ENGINE_V3_TRACKING_DIAGNOSTIC_20260918","1789967148000","NZDUSD.r-1789966833-0003","NZDUSD.r","SHORT","OPPORTUNITY_ABANDONED","","0.00000000","0.00000000","0.5722800000","STALE_MARKET_NO_CURRENT_TICK","false"
"SOLTRADE_V3_LIFETIME_EVENT_V2","1.1.0","ENTRY_ENGINE_V3_TRACKING_DIAGNOSTIC_20260918","1789967198000","EURJPY.r-1789966833-0003","EURJPY.r","SHORT","OPPORTUNITY_ABANDONED","","0.00000000","0.00000000","180.2050000000","STALE_MARKET_NO_CURRENT_TICK","false"
"SOLTRADE_V3_LIFETIME_EVENT_V2","1.1.0","ENTRY_ENGINE_V3_TRACKING_DIAGNOSTIC_20260918","1789967568000","AUDNZD.r-1789966993-0003","AUDNZD.r","SHORT","OPPORTUNITY_ABANDONED","","0.00000000","0.00000000","1.2451950000","STALE_MARKET_NO_CURRENT_TICK","false"
"SOLTRADE_V3_LIFETIME_EVENT_V2","1.1.0","ENTRY_ENGINE_V3_TRACKING_DIAGNOSTIC_20260918","1789967703000","USDJPY.r-1789966838-0003","USDJPY.r","SHORT","OPPORTUNITY_ABANDONED","","0.00000000","0.00000000","157.0280000000","STALE_MARKET_NO_CURRENT_TICK","false"
"SOLTRADE_V3_LIFETIME_EVENT_V2","1.1.0","ENTRY_ENGINE_V3_TRACKING_DIAGNOSTIC_20260918","1789967738000","GBPJPY.r-1789966833-0003","GBPJPY.r","SHORT","OPPORTUNITY_ABANDONED","","0.00000000","0.00000000","210.0920000000","TRANSITION_EXPIRED","false"
"SOLTRADE_V3_LIFETIME_EVENT_V2","1.1.0","ENTRY_ENGINE_V3_TRACKING_DIAGNOSTIC_20260918","1789967848000","AUDJPY.r-1789966943-0003","AUDJPY.r","SHORT","OPPORTUNITY_ABANDONED","","0.00000000","0.00000000","111.8760000000","TRANSITION_EXPIRED","false"
"SOLTRADE_V3_LIFETIME_EVENT_V2","1.1.0","ENTRY_ENGINE_V3_TRACKING_DIAGNOSTIC_20260918","1789970403000","XAUUSD.r-1789970403-0003","XAUUSD.r","SHORT","OPPORTUNITY_DETECTED","","0.00000000","0.00000000","4351.1600000000","STRUCTURE_TRANSITION","false"
"SOLTRADE_V3_LIFETIME_EVENT_V2","1.1.0","ENTRY_ENGINE_V3_TRACKING_DIAGNOSTIC_20260918","1789970403000","US500-1789970403-0003","US500","SHORT","OPPORTUNITY_DETECTED","","0.00000000","0.00000000","7691.0450000000","PRESSURE_BURST","false"
"SOLTRADE_V3_LIFETIME_EVENT_V2","1.1.0","ENTRY_ENGINE_V3_TRACKING_DIAGNOSTIC_20260918","1789970413000","XAGUSD.r-1789970413-0003","XAGUSD.r","SHORT","OPPORTUNITY_DETECTED","","0.00000000","0.00000000","66.0745000000","PRESSURE_BURST","false"
"SOLTRADE_V3_LIFETIME_EVENT_V2","1.1.0","ENTRY_ENGINE_V3_TRACKING_DIAGNOSTIC_20260918","1789970463000","US100-1789970463-0003","US100","SHORT","OPPORTUNITY_DETECTED","","0.00000000","0.00000000","29851.5000000000","STRUCTURE_TRANSITION","false"
"SOLTRADE_V3_LIFETIME_EVENT_V2","1.1.0","ENTRY_ENGINE_V3_TRACKING_DIAGNOSTIC_20260918","1789970483000","US100-1789970463-0003","US100","SHORT","ENTRY_TRIGGERED","","0.00000000","0.00000000","29849.2000000000","expected_net_r=0.21831305;full_loss_probability=0.44905769;bank1_probability=0.57883496;opposite_expected_net_r=-0.95939211;position_time_limit=false","false"
"SOLTRADE_V3_LIFETIME_EVENT_V2","1.1.0","ENTRY_ENGINE_V3_TRACKING_DIAGNOSTIC_20260918","1789970558000","EURO50-1789970558-0003","EURO50","SHORT","OPPORTUNITY_DETECTED","","0.00000000","0.00000000","6280.0000000000","PRESSURE_BURST","false"
"SOLTRADE_V3_LIFETIME_EVENT_V2","1.1.0","ENTRY_ENGINE_V3_TRACKING_DIAGNOSTIC_20260918","1789970568000","GER40-1789970568-0003","GER40","SHORT","OPPORTUNITY_DETECTED","","0.00000000","0.00000000","25468.7000000000","RATE_BURST","false"
"SOLTRADE_V3_LIFETIME_EVENT_V2","1.1.0","ENTRY_ENGINE_V3_TRACKING_DIAGNOSTIC_20260918","1789970568000","UK100-1789970568-0003","UK100","SHORT","OPPORTUNITY_DETECTED","","0.00000000","0.00000000","10694.4000000000","PRESSURE_BURST","false"
"SOLTRADE_V3_LIFETIME_EVENT_V2","1.1.0","ENTRY_ENGINE_V3_TRACKING_DIAGNOSTIC_20260918","1789970578000","EURO50-1789970558-0003","EURO50","SHORT","OPPORTUNITY_ABANDONED","","0.00000000","0.00000000","6282.0000000000","STALE_MARKET_NO_CURRENT_TICK","false"
"SOLTRADE_V3_LIFETIME_EVENT_V2","1.1.0","ENTRY_ENGINE_V3_TRACKING_DIAGNOSTIC_20260918","1789970593000","UK100-1789970568-0003","UK100","SHORT","OPPORTUNITY_ABANDONED","","0.00000000","0.00000000","10692.9000000000","STALE_MARKET_NO_CURRENT_TICK","false"
"SOLTRADE_V3_LIFETIME_EVENT_V2","1.1.0","ENTRY_ENGINE_V3_TRACKING_DIAGNOSTIC_20260918","1789970708000","US100-1789970463-0003","US100","SHORT","CAUSAL_INVALIDATION","FROZEN_V3_DIAGNOSTIC","-0.41336189","-0.87500000","29854.3000000000","adverse_r_and_material_evidence_failure","false"
"SOLTRADE_V3_LIFETIME_EVENT_V2","1.1.0","ENTRY_ENGINE_V3_TRACKING_DIAGNOSTIC_20260918","1789970708000","US100-1789970463-0003","US100","SHORT","CAUSAL_INVALIDATION","STRUCTURAL_REVERSAL_CONFIRMATION","-0.41336189","-0.87500000","29854.3000000000","adverse_r_and_material_evidence_failure","false"
"SOLTRADE_V3_LIFETIME_EVENT_V2","1.1.0","ENTRY_ENGINE_V3_TRACKING_DIAGNOSTIC_20260918","1789970813000","GER40-1789970568-0003","GER40","SHORT","OPPORTUNITY_ABANDONED","","0.00000000","0.00000000","25464.7000000000","STALE_MARKET_NO_CURRENT_TICK","false"
"SOLTRADE_V3_LIFETIME_EVENT_V2","1.1.0","ENTRY_ENGINE_V3_TRACKING_DIAGNOSTIC_20260918","1789970818000","US500-1789970403-0003","US500","SHORT","OPPORTUNITY_ABANDONED","","0.00000000","0.00000000","7692.3050000000","STALE_MARKET_NO_CURRENT_TICK","false"
"SOLTRADE_V3_LIFETIME_EVENT_V2","1.1.0","ENTRY_ENGINE_V3_TRACKING_DIAGNOSTIC_20260918","1789970848000","US100-1789970463-0003","US100","SHORT","CAUSAL_INVALIDATION","STRICT_PRESSURE_RESUMPTION","-0.55520176","-0.62500000","29856.0500000000","adverse_r_and_material_evidence_failure","false"
"SOLTRADE_V3_LIFETIME_EVENT_V2","1.1.0","ENTRY_ENGINE_V3_TRACKING_DIAGNOSTIC_20260918","1789970997035","US100-1789970463-0003","US100","SHORT","STRUCTURAL_STOP","","-1.02124703","0.00000000","29861.8000000000","baseline_path_exit;terminal_reason=INITIAL_STRUCTURAL_STOP","false"
"SOLTRADE_V3_LIFETIME_EVENT_V2","1.1.0","ENTRY_ENGINE_V3_TRACKING_DIAGNOSTIC_20260918","1789970997000","US100-1789970463-0003","US100","SHORT","POSITION_LIFETIME_COMPLETE","","-1.02124703","0.00000000","29861.3000000000","terminal_reason=INITIAL_STRUCTURAL_STOP;known_final_outcome=true","false"
"SOLTRADE_V3_LIFETIME_EVENT_V2","1.1.0","ENTRY_ENGINE_V3_TRACKING_DIAGNOSTIC_20260918","1789971308000","XAUUSD.r-1789970403-0003","XAUUSD.r","SHORT","OPPORTUNITY_ABANDONED","","0.00000000","0.00000000","4353.3950000000","TRANSITION_EXPIRED","false"
"SOLTRADE_V3_LIFETIME_EVENT_V2","1.1.0","ENTRY_ENGINE_V3_TRACKING_DIAGNOSTIC_20260918","1789971318000","XAGUSD.r-1789970413-0003","XAGUSD.r","SHORT","OPPORTUNITY_ABANDONED","","0.00000000","0.00000000","66.1125000000","TRANSITION_EXPIRED","false"
"SOLTRADE_V3_LIFETIME_EVENT_V2","1.1.0","ENTRY_ENGINE_V3_TRACKING_DIAGNOSTIC_20260918","1789981209000","EURUSD.r-1789981209-0004","EURUSD.r","SHORT","OPPORTUNITY_DETECTED","","0.00000000","0.00000000","1.1480150000","RATE_BURST","false"
"SOLTRADE_V3_LIFETIME_EVENT_V2","1.1.0","ENTRY_ENGINE_V3_TRACKING_DIAGNOSTIC_20260918","1789981209000","GBPUSD.r-1789981209-0004","GBPUSD.r","SHORT","OPPORTUNITY_DETECTED","","0.00000000","0.00000000","1.3382800000","STRUCTURE_TRANSITION","false"
"SOLTRADE_V3_LIFETIME_EVENT_V2","1.1.0","ENTRY_ENGINE_V3_TRACKING_DIAGNOSTIC_20260918","1789981209000","USDCHF.r-1789981209-0004","USDCHF.r","SHORT","OPPORTUNITY_DETECTED","","0.00000000","0.00000000","0.8233800000","PRESSURE_BURST","false"
"SOLTRADE_V3_LIFETIME_EVENT_V2","1.1.0","ENTRY_ENGINE_V3_TRACKING_DIAGNOSTIC_20260918","1789981209000","EURGBP.r-1789981209-0004","EURGBP.r","SHORT","OPPORTUNITY_DETECTED","","0.00000000","0.00000000","0.8578150000","PRESSURE_BURST","false"
"SOLTRADE_V3_LIFETIME_EVENT_V2","1.1.0","ENTRY_ENGINE_V3_TRACKING_DIAGNOSTIC_20260918","1789981229000","EURUSD.r-1789981209-0004","EURUSD.r","SHORT","OPPORTUNITY_ABANDONED","","0.00000000","0.00000000","1.1480250000","STALE_MARKET_NO_CURRENT_TICK","false"
"SOLTRADE_V3_LIFETIME_EVENT_V2","1.1.0","ENTRY_ENGINE_V3_TRACKING_DIAGNOSTIC_20260918","1789981234000","USDCAD.r-1789981234-0004","USDCAD.r","SHORT","OPPORTUNITY_DETECTED","","0.00000000","0.00000000","1.4013700000","PRESSURE_BURST","false"
"SOLTRADE_V3_LIFETIME_EVENT_V2","1.1.0","ENTRY_ENGINE_V3_TRACKING_DIAGNOSTIC_20260918","1789981234000","NZDUSD.r-1789981234-0004","NZDUSD.r","SHORT","OPPORTUNITY_DETECTED","","0.00000000","0.00000000","0.5728300000","PRESSURE_BURST","false"
"SOLTRADE_V3_LIFETIME_EVENT_V2","1.1.0","ENTRY_ENGINE_V3_TRACKING_DIAGNOSTIC_20260918","1789981234000","EURJPY.r-1789981234-0004","EURJPY.r","SHORT","OPPORTUNITY_DETECTED","","0.00000000","0.00000000","180.5365000000","STRUCTURE_TRANSITION","false"
"SOLTRADE_V3_LIFETIME_EVENT_V2","1.1.0","ENTRY_ENGINE_V3_TRACKING_DIAGNOSTIC_20260918","1789981234000","GBPJPY.r-1789981234-0004","GBPJPY.r","SHORT","OPPORTUNITY_DETECTED","","0.00000000","0.00000000","210.4635000000","STRUCTURE_TRANSITION","false"
"SOLTRADE_V3_LIFETIME_EVENT_V2","1.1.0","ENTRY_ENGINE_V3_TRACKING_DIAGNOSTIC_20260918","1789981239000","USDJPY.r-1789981239-0004","USDJPY.r","SHORT","OPPORTUNITY_DETECTED","","0.00000000","0.00000000","157.2435000000","STRUCTURE_TRANSITION","false"
"SOLTRADE_V3_LIFETIME_EVENT_V2","1.1.0","ENTRY_ENGINE_V3_TRACKING_DIAGNOSTIC_20260918","1789981304000","USDCAD.r-1789981234-0004","USDCAD.r","SHORT","OPPORTUNITY_ABANDONED","","0.00000000","0.00000000","1.4014700000","STALE_MARKET_NO_CURRENT_TICK","false"
"SOLTRADE_V3_LIFETIME_EVENT_V2","1.1.0","ENTRY_ENGINE_V3_TRACKING_DIAGNOSTIC_20260918","1789981309000","AUDUSD.r-1789981309-0004","AUDUSD.r","SHORT","OPPORTUNITY_DETECTED","","0.00000000","0.00000000","0.7129450000","RATE_BURST","false"
"SOLTRADE_V3_LIFETIME_EVENT_V2","1.1.0","ENTRY_ENGINE_V3_TRACKING_DIAGNOSTIC_20260918","1789981344000","AUDJPY.r-1789981344-0004","AUDJPY.r","SHORT","OPPORTUNITY_DETECTED","","0.00000000","0.00000000","112.1075000000","PRESSURE_BURST","false"
"SOLTRADE_V3_LIFETIME_EVENT_V2","1.1.0","ENTRY_ENGINE_V3_TRACKING_DIAGNOSTIC_20260918","1789981394000","AUDUSD.r-1789981309-0004","AUDUSD.r","SHORT","OPPORTUNITY_ABANDONED","","0.00000000","0.00000000","0.7129700000","STALE_MARKET_NO_CURRENT_TICK","false"
"SOLTRADE_V3_LIFETIME_EVENT_V2","1.1.0","ENTRY_ENGINE_V3_TRACKING_DIAGNOSTIC_20260918","1789981394000","AUDNZD.r-1789981394-0004","AUDNZD.r","SHORT","OPPORTUNITY_DETECTED","","0.00000000","0.00000000","1.2448050000","PRESSURE_BURST","false"
"SOLTRADE_V3_LIFETIME_EVENT_V2","1.1.0","ENTRY_ENGINE_V3_TRACKING_DIAGNOSTIC_20260918","1789981469000","EURGBP.r-1789981209-0004","EURGBP.r","SHORT","OPPORTUNITY_ABANDONED","","0.00000000","0.00000000","0.8577350000","STALE_MARKET_NO_CURRENT_TICK","false"
"SOLTRADE_V3_LIFETIME_EVENT_V2","1.1.0","ENTRY_ENGINE_V3_TRACKING_DIAGNOSTIC_20260918","1789981554000","NZDUSD.r-1789981234-0004","NZDUSD.r","SHORT","OPPORTUNITY_ABANDONED","","0.00000000","0.00000000","0.5727550000","STALE_MARKET_NO_CURRENT_TICK","false"
"SOLTRADE_V3_LIFETIME_EVENT_V2","1.1.0","ENTRY_ENGINE_V3_TRACKING_DIAGNOSTIC_20260918","1789981759000","USDCHF.r-1789981209-0004","USDCHF.r","SHORT","OPPORTUNITY_ABANDONED","","0.00000000","0.00000000","0.8232950000","STALE_MARKET_NO_CURRENT_TICK","false"
"SOLTRADE_V3_LIFETIME_EVENT_V2","1.1.0","ENTRY_ENGINE_V3_TRACKING_DIAGNOSTIC_20260918","1789982114000","GBPUSD.r-1789981209-0004","GBPUSD.r","SHORT","OPPORTUNITY_ABANDONED","","0.00000000","0.00000000","1.3386650000","TRANSITION_EXPIRED","false"
"SOLTRADE_V3_LIFETIME_EVENT_V2","1.1.0","ENTRY_ENGINE_V3_TRACKING_DIAGNOSTIC_20260918","1789982139000","EURJPY.r-1789981234-0004","EURJPY.r","SHORT","OPPORTUNITY_ABANDONED","","0.00000000","0.00000000","180.4530000000","TRANSITION_EXPIRED","false"
"SOLTRADE_V3_LIFETIME_EVENT_V2","1.1.0","ENTRY_ENGINE_V3_TRACKING_DIAGNOSTIC_20260918","1789982139000","GBPJPY.r-1789981234-0004","GBPJPY.r","SHORT","OPPORTUNITY_ABANDONED","","0.00000000","0.00000000","210.4015000000","TRANSITION_EXPIRED","false"
"SOLTRADE_V3_LIFETIME_EVENT_V2","1.1.0","ENTRY_ENGINE_V3_TRACKING_DIAGNOSTIC_20260918","1789982144000","USDJPY.r-1789981239-0004","USDJPY.r","SHORT","OPPORTUNITY_ABANDONED","","0.00000000","0.00000000","157.1845000000","TRANSITION_EXPIRED","false"
"SOLTRADE_V3_LIFETIME_EVENT_V2","1.1.0","ENTRY_ENGINE_V3_TRACKING_DIAGNOSTIC_20260918","1789982249000","AUDJPY.r-1789981344-0004","AUDJPY.r","SHORT","OPPORTUNITY_ABANDONED","","0.00000000","0.00000000","112.0830000000","TRANSITION_EXPIRED","false"
"SOLTRADE_V3_LIFETIME_EVENT_V2","1.1.0","ENTRY_ENGINE_V3_TRACKING_DIAGNOSTIC_20260918","1789982299000","AUDNZD.r-1789981394-0004","AUDNZD.r","SHORT","OPPORTUNITY_ABANDONED","","0.00000000","0.00000000","1.2445750000","TRANSITION_EXPIRED","false"
"SOLTRADE_V3_LIFETIME_EVENT_V2","1.1.0","ENTRY_ENGINE_V3_TRACKING_DIAGNOSTIC_20260918","1789984804000","XAUUSD.r-1789984804-0004","XAUUSD.r","SHORT","OPPORTUNITY_DETECTED","","0.00000000","0.00000000","4345.2850000000","STRUCTURE_TRANSITION","false"
"SOLTRADE_V3_LIFETIME_EVENT_V2","1.1.0","ENTRY_ENGINE_V3_TRACKING_DIAGNOSTIC_20260918","1789984804000","US500-1789984804-0004","US500","SHORT","OPPORTUNITY_DETECTED","","0.00000000","0.00000000","7708.5750000000","PRESSURE_BURST","false"
"SOLTRADE_V3_LIFETIME_EVENT_V2","1.1.0","ENTRY_ENGINE_V3_TRACKING_DIAGNOSTIC_20260918","1789984814000","XAGUSD.r-1789984814-0004","XAGUSD.r","SHORT","OPPORTUNITY_DETECTED","","0.00000000","0.00000000","66.1750000000","STRUCTURE_TRANSITION","false"
"SOLTRADE_V3_LIFETIME_EVENT_V2","1.1.0","ENTRY_ENGINE_V3_TRACKING_DIAGNOSTIC_20260918","1789984864000","US100-1789984864-0004","US100","SHORT","OPPORTUNITY_DETECTED","","0.00000000","0.00000000","29981.5000000000","PRESSURE_BURST","false"
"SOLTRADE_V3_LIFETIME_EVENT_V2","1.1.0","ENTRY_ENGINE_V3_TRACKING_DIAGNOSTIC_20260918","1789984904000","US500-1789984804-0004","US500","SHORT","OPPORTUNITY_ABANDONED","","0.00000000","0.00000000","7708.4750000000","STALE_MARKET_NO_CURRENT_TICK","false"
"SOLTRADE_V3_LIFETIME_EVENT_V2","1.1.0","ENTRY_ENGINE_V3_TRACKING_DIAGNOSTIC_20260918","1789984959000","EURO50-1789984959-0004","EURO50","SHORT","OPPORTUNITY_DETECTED","","0.00000000","0.00000000","6328.0000000000","PRESSURE_BURST","false"
"SOLTRADE_V3_LIFETIME_EVENT_V2","1.1.0","ENTRY_ENGINE_V3_TRACKING_DIAGNOSTIC_20260918","1789984969000","GER40-1789984969-0004","GER40","SHORT","OPPORTUNITY_DETECTED","","0.00000000","0.00000000","25599.2000000000","STRUCTURE_TRANSITION","false"
"SOLTRADE_V3_LIFETIME_EVENT_V2","1.1.0","ENTRY_ENGINE_V3_TRACKING_DIAGNOSTIC_20260918","1789984969000","UK100-1789984969-0004","UK100","SHORT","OPPORTUNITY_DETECTED","","0.00000000","0.00000000","10758.4000000000","RATE_BURST","false"
"SOLTRADE_V3_LIFETIME_EVENT_V2","1.1.0","ENTRY_ENGINE_V3_TRACKING_DIAGNOSTIC_20260918","1789984974000","EURO50-1789984959-0004","EURO50","SHORT","OPPORTUNITY_ABANDONED","","0.00000000","0.00000000","6327.0000000000","STALE_MARKET_NO_CURRENT_TICK","false"
"SOLTRADE_V3_LIFETIME_EVENT_V2","1.1.0","ENTRY_ENGINE_V3_TRACKING_DIAGNOSTIC_20260918","1789985094000","UK100-1789984969-0004","UK100","SHORT","OPPORTUNITY_ABANDONED","","0.00000000","0.00000000","10758.4000000000","STALE_MARKET_NO_CURRENT_TICK","false"
"SOLTRADE_V3_LIFETIME_EVENT_V2","1.1.0","ENTRY_ENGINE_V3_TRACKING_DIAGNOSTIC_20260918","1789985109000","US100-1789984864-0004","US100","SHORT","ENTRY_TRIGGERED","","0.00000000","0.00000000","29993.9500000000","expected_net_r=0.33672561;full_loss_probability=0.38358552;bank1_probability=0.62313862;opposite_expected_net_r=-1.30652378;position_time_limit=false","false"
"SOLTRADE_V3_LIFETIME_EVENT_V2","1.1.0","ENTRY_ENGINE_V3_TRACKING_DIAGNOSTIC_20260918","1789985384000","GER40-1789984969-0004","GER40","SHORT","OPPORTUNITY_ABANDONED","","0.00000000","0.00000000","25607.2000000000","STALE_MARKET_NO_CURRENT_TICK","false"
"SOLTRADE_V3_LIFETIME_EVENT_V2","1.1.0","ENTRY_ENGINE_V3_TRACKING_DIAGNOSTIC_20260918","1789985609000","XAGUSD.r-1789984814-0004","XAGUSD.r","SHORT","OPPORTUNITY_ABANDONED","","0.00000000","0.00000000","66.2560000000","STALE_MARKET_NO_CURRENT_TICK","false"
"SOLTRADE_V3_LIFETIME_EVENT_V2","1.1.0","ENTRY_ENGINE_V3_TRACKING_DIAGNOSTIC_20260918","1789985629000","XAUUSD.r-1789984804-0004","XAUUSD.r","SHORT","OPPORTUNITY_ABANDONED","","0.00000000","0.00000000","4352.2200000000","STALE_MARKET_NO_CURRENT_TICK","false"
"SOLTRADE_V3_LIFETIME_EVENT_V2","1.1.0","ENTRY_ENGINE_V3_TRACKING_DIAGNOSTIC_20260918","1789986694000","US100-1789984864-0004","US100","SHORT","CAUSAL_INVALIDATION","EXPANDING_PULLBACK_FAILURE","-0.37670628","-2.12500000","30000.8000000000","adverse_r_and_material_evidence_failure","false"
"SOLTRADE_V3_LIFETIME_EVENT_V2","1.1.0","ENTRY_ENGINE_V3_TRACKING_DIAGNOSTIC_20260918","1789986699000","US100-1789984864-0004","US100","SHORT","CAUSAL_INVALIDATION","FROZEN_V3_DIAGNOSTIC","-0.44544830","-1.25000000","30002.0500000000","adverse_r_and_material_evidence_failure","false"
"SOLTRADE_V3_LIFETIME_EVENT_V2","1.1.0","ENTRY_ENGINE_V3_TRACKING_DIAGNOSTIC_20260918","1789986699000","US100-1789984864-0004","US100","SHORT","CAUSAL_INVALIDATION","STRUCTURAL_REVERSAL_CONFIRMATION","-0.44544830","-1.25000000","30002.0500000000","adverse_r_and_material_evidence_failure","false"
"SOLTRADE_V3_LIFETIME_EVENT_V2","1.1.0","ENTRY_ENGINE_V3_TRACKING_DIAGNOSTIC_20260918","1789986704000","US100-1789984864-0004","US100","SHORT","CAUSAL_INVALIDATION","STRICT_PRESSURE_RESUMPTION","-0.50044191","-1.50000000","30003.0500000000","adverse_r_and_material_evidence_failure","false"
"SOLTRADE_V3_LIFETIME_EVENT_V2","1.1.0","ENTRY_ENGINE_V3_TRACKING_DIAGNOSTIC_20260918","1789987155512","US100-1789984864-0004","US100","SHORT","STRUCTURAL_STOP","","-1.00913287","0.00000000","30012.3000000000","baseline_path_exit;terminal_reason=INITIAL_STRUCTURAL_STOP","false"
"SOLTRADE_V3_LIFETIME_EVENT_V2","1.1.0","ENTRY_ENGINE_V3_TRACKING_DIAGNOSTIC_20260918","1789987155000","US100-1789984864-0004","US100","SHORT","POSITION_LIFETIME_COMPLETE","","-1.00913287","0.00000000","30011.1700000000","terminal_reason=INITIAL_STRUCTURAL_STOP;known_final_outcome=true","false"
"SOLTRADE_V3_LIFETIME_EVENT_V2","1.1.0","ENTRY_ENGINE_V3_TRACKING_DIAGNOSTIC_20260918","1789995609000","EURUSD.r-1789995609-0005","EURUSD.r","SHORT","OPPORTUNITY_DETECTED","","0.00000000","0.00000000","1.1486550000","PRESSURE_BURST","false"
"SOLTRADE_V3_LIFETIME_EVENT_V2","1.1.0","ENTRY_ENGINE_V3_TRACKING_DIAGNOSTIC_20260918","1789995609000","GBPUSD.r-1789995609-0005","GBPUSD.r","SHORT","OPPORTUNITY_DETECTED","","0.00000000","0.00000000","1.3391350000","PRESSURE_BURST","false"
"SOLTRADE_V3_LIFETIME_EVENT_V2","1.1.0","ENTRY_ENGINE_V3_TRACKING_DIAGNOSTIC_20260918","1789995609000","USDCHF.r-1789995609-0005","USDCHF.r","SHORT","OPPORTUNITY_DETECTED","","0.00000000","0.00000000","0.8214750000","PRESSURE_BURST","false"
"SOLTRADE_V3_LIFETIME_EVENT_V2","1.1.0","ENTRY_ENGINE_V3_TRACKING_DIAGNOSTIC_20260918","1789995609000","EURGBP.r-1789995609-0005","EURGBP.r","SHORT","OPPORTUNITY_DETECTED","","0.00000000","0.00000000","0.8577450000","PRESSURE_BURST","false"
"SOLTRADE_V3_LIFETIME_EVENT_V2","1.1.0","ENTRY_ENGINE_V3_TRACKING_DIAGNOSTIC_20260918","1789995634000","USDCAD.r-1789995634-0005","USDCAD.r","SHORT","OPPORTUNITY_DETECTED","","0.00000000","0.00000000","1.3997650000","PRESSURE_BURST","false"
"SOLTRADE_V3_LIFETIME_EVENT_V2","1.1.0","ENTRY_ENGINE_V3_TRACKING_DIAGNOSTIC_20260918","1789995634000","EURJPY.r-1789995634-0005","EURJPY.r","SHORT","OPPORTUNITY_DETECTED","","0.00000000","0.00000000","180.7150000000","STRUCTURE_TRANSITION","false"
"SOLTRADE_V3_LIFETIME_EVENT_V2","1.1.0","ENTRY_ENGINE_V3_TRACKING_DIAGNOSTIC_20260918","1789995634000","GBPJPY.r-1789995634-0005","GBPJPY.r","SHORT","OPPORTUNITY_DETECTED","","0.00000000","0.00000000","210.6715000000","STRUCTURE_TRANSITION","false"
"SOLTRADE_V3_LIFETIME_EVENT_V2","1.1.0","ENTRY_ENGINE_V3_TRACKING_DIAGNOSTIC_20260918","1789995639000","USDJPY.r-1789995639-0005","USDJPY.r","SHORT","OPPORTUNITY_DETECTED","","0.00000000","0.00000000","157.3145000000","STRUCTURE_TRANSITION","false"
"SOLTRADE_V3_LIFETIME_EVENT_V2","1.1.0","ENTRY_ENGINE_V3_TRACKING_DIAGNOSTIC_20260918","1789995639000","NZDUSD.r-1789995639-0005","NZDUSD.r","SHORT","OPPORTUNITY_DETECTED","","0.00000000","0.00000000","0.5730600000","PRESSURE_BURST","false"
"SOLTRADE_V3_LIFETIME_EVENT_V2","1.1.0","ENTRY_ENGINE_V3_TRACKING_DIAGNOSTIC_20260918","1789995709000","AUDUSD.r-1789995709-0005","AUDUSD.r","SHORT","OPPORTUNITY_DETECTED","","0.00000000","0.00000000","0.7135600000","STRUCTURE_TRANSITION","false"
"SOLTRADE_V3_LIFETIME_EVENT_V2","1.1.0","ENTRY_ENGINE_V3_TRACKING_DIAGNOSTIC_20260918","1789995744000","AUDJPY.r-1789995744-0005","AUDJPY.r","SHORT","OPPORTUNITY_DETECTED","","0.00000000","0.00000000","112.2385000000","STRUCTURE_TRANSITION","false"
"SOLTRADE_V3_LIFETIME_EVENT_V2","1.1.0","ENTRY_ENGINE_V3_TRACKING_DIAGNOSTIC_20260918","1789995794000","AUDNZD.r-1789995794-0005","AUDNZD.r","SHORT","OPPORTUNITY_DETECTED","","0.00000000","0.00000000","1.2450450000","STRUCTURE_TRANSITION","false"
"SOLTRADE_V3_LIFETIME_EVENT_V2","1.1.0","ENTRY_ENGINE_V3_TRACKING_DIAGNOSTIC_20260918","1789995809000","EURUSD.r-1789995609-0005","EURUSD.r","SHORT","OPPORTUNITY_ABANDONED","","0.00000000","0.00000000","1.1484550000","STALE_MARKET_NO_CURRENT_TICK","false"
"SOLTRADE_V3_LIFETIME_EVENT_V2","1.1.0","ENTRY_ENGINE_V3_TRACKING_DIAGNOSTIC_20260918","1789995834000","NZDUSD.r-1789995639-0005","NZDUSD.r","SHORT","OPPORTUNITY_ABANDONED","","0.00000000","0.00000000","0.5730550000","STALE_MARKET_NO_CURRENT_TICK","false"
"SOLTRADE_V3_LIFETIME_EVENT_V2","1.1.0","ENTRY_ENGINE_V3_TRACKING_DIAGNOSTIC_20260918","1789995879000","EURGBP.r-1789995609-0005","EURGBP.r","SHORT","OPPORTUNITY_ABANDONED","","0.00000000","0.00000000","0.8575450000","STALE_MARKET_NO_CURRENT_TICK","false"
"SOLTRADE_V3_LIFETIME_EVENT_V2","1.1.0","ENTRY_ENGINE_V3_TRACKING_DIAGNOSTIC_20260918","1789995889000","USDCAD.r-1789995634-0005","USDCAD.r","SHORT","OPPORTUNITY_ABANDONED","","0.00000000","0.00000000","1.4000850000","STALE_MARKET_NO_CURRENT_TICK","false"
"SOLTRADE_V3_LIFETIME_EVENT_V2","1.1.0","ENTRY_ENGINE_V3_TRACKING_DIAGNOSTIC_20260918","1789995979000","AUDUSD.r-1789995709-0005","AUDUSD.r","SHORT","OPPORTUNITY_ABANDONED","","0.00000000","0.00000000","0.7134300000","STALE_MARKET_NO_CURRENT_TICK","false"
"SOLTRADE_V3_LIFETIME_EVENT_V2","1.1.0","ENTRY_ENGINE_V3_TRACKING_DIAGNOSTIC_20260918","1789996514000","GBPUSD.r-1789995609-0005","GBPUSD.r","SHORT","OPPORTUNITY_ABANDONED","","0.00000000","0.00000000","1.3391550000","TRANSITION_EXPIRED","false"
"SOLTRADE_V3_LIFETIME_EVENT_V2","1.1.0","ENTRY_ENGINE_V3_TRACKING_DIAGNOSTIC_20260918","1789996514000","USDCHF.r-1789995609-0005","USDCHF.r","SHORT","OPPORTUNITY_ABANDONED","","0.00000000","0.00000000","0.8216050000","TRANSITION_EXPIRED","false"
"SOLTRADE_V3_LIFETIME_EVENT_V2","1.1.0","ENTRY_ENGINE_V3_TRACKING_DIAGNOSTIC_20260918","1789996539000","EURJPY.r-1789995634-0005","EURJPY.r","SHORT","OPPORTUNITY_ABANDONED","","0.00000000","0.00000000","180.6815000000","TRANSITION_EXPIRED","false"
"SOLTRADE_V3_LIFETIME_EVENT_V2","1.1.0","ENTRY_ENGINE_V3_TRACKING_DIAGNOSTIC_20260918","1789996539000","GBPJPY.r-1789995634-0005","GBPJPY.r","SHORT","OPPORTUNITY_ABANDONED","","0.00000000","0.00000000","210.7030000000","TRANSITION_EXPIRED","false"
"SOLTRADE_V3_LIFETIME_EVENT_V2","1.1.0","ENTRY_ENGINE_V3_TRACKING_DIAGNOSTIC_20260918","1789996544000","USDJPY.r-1789995639-0005","USDJPY.r","SHORT","OPPORTUNITY_ABANDONED","","0.00000000","0.00000000","157.3295000000","TRANSITION_EXPIRED","false"
"SOLTRADE_V3_LIFETIME_EVENT_V2","1.1.0","ENTRY_ENGINE_V3_TRACKING_DIAGNOSTIC_20260918","1789996649000","AUDJPY.r-1789995744-0005","AUDJPY.r","SHORT","OPPORTUNITY_ABANDONED","","0.00000000","0.00000000","112.2465000000","TRANSITION_EXPIRED","false"
"SOLTRADE_V3_LIFETIME_EVENT_V2","1.1.0","ENTRY_ENGINE_V3_TRACKING_DIAGNOSTIC_20260918","1789996699000","AUDNZD.r-1789995794-0005","AUDNZD.r","SHORT","OPPORTUNITY_ABANDONED","","0.00000000","0.00000000","1.2451350000","TRANSITION_EXPIRED","false"
"SOLTRADE_V3_LIFETIME_EVENT_V2","1.1.0","ENTRY_ENGINE_V3_TRACKING_DIAGNOSTIC_20260918","1789999204000","XAUUSD.r-1789999204-0005","XAUUSD.r","SHORT","OPPORTUNITY_DETECTED","","0.00000000","0.00000000","4346.5800000000","STRUCTURE_TRANSITION","false"
"SOLTRADE_V3_LIFETIME_EVENT_V2","1.1.0","ENTRY_ENGINE_V3_TRACKING_DIAGNOSTIC_20260918","1789999204000","US500-1789999204-0005","US500","SHORT","OPPORTUNITY_DETECTED","","0.00000000","0.00000000","7718.6750000000","PRESSURE_BURST","false"
"SOLTRADE_V3_LIFETIME_EVENT_V2","1.1.0","ENTRY_ENGINE_V3_TRACKING_DIAGNOSTIC_20260918","1789999214000","XAGUSD.r-1789999214-0005","XAGUSD.r","SHORT","OPPORTUNITY_DETECTED","","0.00000000","0.00000000","66.3120000000","STRUCTURE_TRANSITION","false"
"SOLTRADE_V3_LIFETIME_EVENT_V2","1.1.0","ENTRY_ENGINE_V3_TRACKING_DIAGNOSTIC_20260918","1789999264000","US100-1789999264-0005","US100","SHORT","OPPORTUNITY_DETECTED","","0.00000000","0.00000000","30162.5000000000","STRUCTURE_TRANSITION","false"
"SOLTRADE_V3_LIFETIME_EVENT_V2","1.1.0","ENTRY_ENGINE_V3_TRACKING_DIAGNOSTIC_20260918","1789999269000","US100-1789999264-0005","US100","SHORT","ENTRY_TRIGGERED","","0.00000000","0.00000000","30163.2000000000","expected_net_r=0.57007870;full_loss_probability=0.19595626;bank1_probability=0.78776342;opposite_expected_net_r=-0.76037617;position_time_limit=false","false"
"SOLTRADE_V3_LIFETIME_EVENT_V2","1.1.0","ENTRY_ENGINE_V3_TRACKING_DIAGNOSTIC_20260918","1789999274000","US100-1789999264-0005","US100","SHORT","CAUSAL_INVALIDATION","FROZEN_V3_DIAGNOSTIC","-0.42331054","-1.28846154","30176.8000000000","adverse_r_and_material_evidence_failure","false"
"SOLTRADE_V3_LIFETIME_EVENT_V2","1.1.0","ENTRY_ENGINE_V3_TRACKING_DIAGNOSTIC_20260918","1789999274000","US100-1789999264-0005","US100","SHORT","CAUSAL_INVALIDATION","STRUCTURAL_REVERSAL_CONFIRMATION","-0.42331054","-1.28846154","30176.8000000000","adverse_r_and_material_evidence_failure","false"
"SOLTRADE_V3_LIFETIME_EVENT_V2","1.1.0","ENTRY_ENGINE_V3_TRACKING_DIAGNOSTIC_20260918","1789999274000","US100-1789999264-0005","US100","SHORT","CAUSAL_INVALIDATION","EXPANDING_PULLBACK_FAILURE","-0.42331054","-1.28846154","30176.8000000000","adverse_r_and_material_evidence_failure","false"
"SOLTRADE_V3_LIFETIME_EVENT_V2","1.1.0","ENTRY_ENGINE_V3_TRACKING_DIAGNOSTIC_20260918","1789999279000","US100-1789999264-0005","US100","SHORT","CAUSAL_INVALIDATION","STRICT_PRESSURE_RESUMPTION","-0.52446931","-0.82692308","30180.0500000000","adverse_r_and_material_evidence_failure","false"
"SOLTRADE_V3_LIFETIME_EVENT_V2","1.1.0","ENTRY_ENGINE_V3_TRACKING_DIAGNOSTIC_20260918","1789999369000","GER40-1789999369-0005","GER40","SHORT","OPPORTUNITY_DETECTED","","0.00000000","0.00000000","25569.2000000000","PRESSURE_BURST","false"
"SOLTRADE_V3_LIFETIME_EVENT_V2","1.1.0","ENTRY_ENGINE_V3_TRACKING_DIAGNOSTIC_20260918","1789999369000","UK100-1789999369-0005","UK100","SHORT","OPPORTUNITY_DETECTED","","0.00000000","0.00000000","10728.9000000000","STRUCTURE_TRANSITION","false"
"SOLTRADE_V3_LIFETIME_EVENT_V2","1.1.0","ENTRY_ENGINE_V3_TRACKING_DIAGNOSTIC_20260918","1789999369000","EURO50-1789999369-0005","EURO50","SHORT","OPPORTUNITY_DETECTED","","0.00000000","0.00000000","6308.5000000000","PRESSURE_BURST","false"
"SOLTRADE_V3_LIFETIME_EVENT_V2","1.1.0","ENTRY_ENGINE_V3_TRACKING_DIAGNOSTIC_20260918","1789999379000","EURO50-1789999369-0005","EURO50","SHORT","OPPORTUNITY_ABANDONED","","0.00000000","0.00000000","6308.5000000000","STALE_MARKET_NO_CURRENT_TICK","false"
"SOLTRADE_V3_LIFETIME_EVENT_V2","1.1.0","ENTRY_ENGINE_V3_TRACKING_DIAGNOSTIC_20260918","1789999389000","XAUUSD.r-1789999204-0005","XAUUSD.r","LONG","ENTRY_TRIGGERED","","0.00000000","0.00000000","4336.1500000000","expected_net_r=0.32312112;full_loss_probability=0.44888206;bank1_probability=0.57104345;opposite_expected_net_r=-0.48043123;position_time_limit=false","false"
"SOLTRADE_V3_LIFETIME_EVENT_V2","1.1.0","ENTRY_ENGINE_V3_TRACKING_DIAGNOSTIC_20260918","1789999424000","XAUUSD.r-1789999204-0005","XAUUSD.r","LONG","CAUSAL_INVALIDATION","FROZEN_V3_DIAGNOSTIC","-0.84439083","-0.32692308","4330.4000000000","adverse_r_and_material_evidence_failure","false"
"SOLTRADE_V3_LIFETIME_EVENT_V2","1.1.0","ENTRY_ENGINE_V3_TRACKING_DIAGNOSTIC_20260918","1789999424000","XAUUSD.r-1789999204-0005","XAUUSD.r","LONG","CAUSAL_INVALIDATION","STRUCTURAL_REVERSAL_CONFIRMATION","-0.84439083","-0.32692308","4330.4000000000","adverse_r_and_material_evidence_failure","false"
"SOLTRADE_V3_LIFETIME_EVENT_V2","1.1.0","ENTRY_ENGINE_V3_TRACKING_DIAGNOSTIC_20260918","1789999424000","XAUUSD.r-1789999204-0005","XAUUSD.r","LONG","CAUSAL_INVALIDATION","EXPANDING_PULLBACK_FAILURE","-0.84439083","-0.32692308","4330.4000000000","adverse_r_and_material_evidence_failure","false"
"SOLTRADE_V3_LIFETIME_EVENT_V2","1.1.0","ENTRY_ENGINE_V3_TRACKING_DIAGNOSTIC_20260918","1789999428323","XAUUSD.r-1789999204-0005","XAUUSD.r","LONG","STRUCTURAL_STOP","","-1.01914302","0.00000000","4329.2100000000","baseline_path_exit;terminal_reason=INITIAL_STRUCTURAL_STOP","false"
"SOLTRADE_V3_LIFETIME_EVENT_V2","1.1.0","ENTRY_ENGINE_V3_TRACKING_DIAGNOSTIC_20260918","1789999428000","XAUUSD.r-1789999204-0005","XAUUSD.r","LONG","POSITION_LIFETIME_COMPLETE","","-1.01914302","0.00000000","4329.0800000000","terminal_reason=INITIAL_STRUCTURAL_STOP;known_final_outcome=true","false"
"SOLTRADE_V3_LIFETIME_EVENT_V2","1.1.0","ENTRY_ENGINE_V3_TRACKING_DIAGNOSTIC_20260918","1789999444000","XAGUSD.r-1789999214-0005","XAGUSD.r","LONG","ENTRY_TRIGGERED","","0.00000000","0.00000000","65.9820000000","expected_net_r=0.46027347;full_loss_probability=0.32156312;bank1_probability=0.72874589;opposite_expected_net_r=-1.18131412;position_time_limit=false","false"
"SOLTRADE_V3_LIFETIME_EVENT_V2","1.1.0","ENTRY_ENGINE_V3_TRACKING_DIAGNOSTIC_20260918","1789999534000","XAGUSD.r-1789999214-0005","XAGUSD.r","LONG","CAUSAL_INVALIDATION","EXPANDING_PULLBACK_FAILURE","-0.35788649","-0.48076923","65.9200000000","adverse_r_and_material_evidence_failure","false"
"SOLTRADE_V3_LIFETIME_EVENT_V2","1.1.0","ENTRY_ENGINE_V3_TRACKING_DIAGNOSTIC_20260918","1789999539000","XAGUSD.r-1789999214-0005","XAGUSD.r","LONG","CAUSAL_INVALIDATION","FROZEN_V3_DIAGNOSTIC","-0.57146391","-1.08333333","65.8830000000","adverse_r_and_material_evidence_failure","false"
"SOLTRADE_V3_LIFETIME_EVENT_V2","1.1.0","ENTRY_ENGINE_V3_TRACKING_DIAGNOSTIC_20260918","1789999539000","XAGUSD.r-1789999214-0005","XAGUSD.r","LONG","CAUSAL_INVALIDATION","STRICT_PRESSURE_RESUMPTION","-0.57146391","-1.08333333","65.8830000000","adverse_r_and_material_evidence_failure","false"
"SOLTRADE_V3_LIFETIME_EVENT_V2","1.1.0","ENTRY_ENGINE_V3_TRACKING_DIAGNOSTIC_20260918","1789999539000","XAGUSD.r-1789999214-0005","XAGUSD.r","LONG","CAUSAL_INVALIDATION","STRUCTURAL_REVERSAL_CONFIRMATION","-0.57146391","-1.08333333","65.8830000000","adverse_r_and_material_evidence_failure","false"
"SOLTRADE_V3_LIFETIME_EVENT_V2","1.1.0","ENTRY_ENGINE_V3_TRACKING_DIAGNOSTIC_20260918","1789999551647","XAGUSD.r-1789999214-0005","XAGUSD.r","LONG","STRUCTURAL_STOP","","-1.05634238","0.00000000","65.7990000000","baseline_path_exit;terminal_reason=INITIAL_STRUCTURAL_STOP","false"
"SOLTRADE_V3_LIFETIME_EVENT_V2","1.1.0","ENTRY_ENGINE_V3_TRACKING_DIAGNOSTIC_20260918","1789999551000","XAGUSD.r-1789999214-0005","XAGUSD.r","LONG","POSITION_LIFETIME_COMPLETE","","-1.05634238","0.00000000","65.8260000000","terminal_reason=INITIAL_STRUCTURAL_STOP;known_final_outcome=true","false"
"SOLTRADE_V3_LIFETIME_EVENT_V2","1.1.0","ENTRY_ENGINE_V3_TRACKING_DIAGNOSTIC_20260918","1789999794000","US500-1789999204-0005","US500","SHORT","OPPORTUNITY_ABANDONED","","0.00000000","0.00000000","7715.6750000000","STALE_MARKET_NO_CURRENT_TICK","false"
"SOLTRADE_V3_LIFETIME_EVENT_V2","1.1.0","ENTRY_ENGINE_V3_TRACKING_DIAGNOSTIC_20260918","1790000135826","US100-1789999264-0005","US100","SHORT","STRUCTURAL_STOP","","-1.00691882","0.00000000","30195.5500000000","baseline_path_exit;terminal_reason=INITIAL_STRUCTURAL_STOP","false"
"SOLTRADE_V3_LIFETIME_EVENT_V2","1.1.0","ENTRY_ENGINE_V3_TRACKING_DIAGNOSTIC_20260918","1790000135000","US100-1789999264-0005","US100","SHORT","POSITION_LIFETIME_COMPLETE","","-1.00691882","0.00000000","30193.8000000000","terminal_reason=INITIAL_STRUCTURAL_STOP;known_final_outcome=true","false"
"SOLTRADE_V3_LIFETIME_EVENT_V2","1.1.0","ENTRY_ENGINE_V3_TRACKING_DIAGNOSTIC_20260918","1790000274000","GER40-1789999369-0005","GER40","SHORT","OPPORTUNITY_ABANDONED","","0.00000000","0.00000000","25579.2000000000","TRANSITION_EXPIRED","false"
"SOLTRADE_V3_LIFETIME_EVENT_V2","1.1.0","ENTRY_ENGINE_V3_TRACKING_DIAGNOSTIC_20260918","1790000274000","UK100-1789999369-0005","UK100","SHORT","OPPORTUNITY_ABANDONED","","0.00000000","0.00000000","10738.9000000000","TRANSITION_EXPIRED","false"
"SOLTRADE_V3_LIFETIME_EVENT_V2","1.1.0","ENTRY_ENGINE_V3_TRACKING_DIAGNOSTIC_20260918","1790010009000","EURUSD.r-1790010009-0006","EURUSD.r","SHORT","OPPORTUNITY_DETECTED","","0.00000000","0.00000000","1.1468950000","PRESSURE_BURST","false"
"SOLTRADE_V3_LIFETIME_EVENT_V2","1.1.0","ENTRY_ENGINE_V3_TRACKING_DIAGNOSTIC_20260918","1790010009000","GBPUSD.r-1790010009-0006","GBPUSD.r","SHORT","OPPORTUNITY_DETECTED","","0.00000000","0.00000000","1.3368200000","STRUCTURE_TRANSITION","false"
"SOLTRADE_V3_LIFETIME_EVENT_V2","1.1.0","ENTRY_ENGINE_V3_TRACKING_DIAGNOSTIC_20260918","1790010009000","USDCHF.r-1790010009-0006","USDCHF.r","SHORT","OPPORTUNITY_DETECTED","","0.00000000","0.00000000","0.8211600000","RATE_BURST","false"
"SOLTRADE_V3_LIFETIME_EVENT_V2","1.1.0","ENTRY_ENGINE_V3_TRACKING_DIAGNOSTIC_20260918","1790010009000","EURGBP.r-1790010009-0006","EURGBP.r","SHORT","OPPORTUNITY_DETECTED","","0.00000000","0.00000000","0.8579150000","PRESSURE_BURST","false"
"SOLTRADE_V3_LIFETIME_EVENT_V2","1.1.0","ENTRY_ENGINE_V3_TRACKING_DIAGNOSTIC_20260918","1790010034000","USDCAD.r-1790010034-0006","USDCAD.r","SHORT","OPPORTUNITY_DETECTED","","0.00000000","0.00000000","1.4031600000","STRUCTURE_TRANSITION","false"
"SOLTRADE_V3_LIFETIME_EVENT_V2","1.1.0","ENTRY_ENGINE_V3_TRACKING_DIAGNOSTIC_20260918","1790010034000","EURJPY.r-1790010034-0006","EURJPY.r","SHORT","OPPORTUNITY_DETECTED","","0.00000000","0.00000000","180.5705000000","PRESSURE_BURST","false"
"SOLTRADE_V3_LIFETIME_EVENT_V2","1.1.0","ENTRY_ENGINE_V3_TRACKING_DIAGNOSTIC_20260918","1790010034000","GBPJPY.r-1790010034-0006","GBPJPY.r","SHORT","OPPORTUNITY_DETECTED","","0.00000000","0.00000000","210.4595000000","PRESSURE_BURST","false"
"SOLTRADE_V3_LIFETIME_EVENT_V2","1.1.0","ENTRY_ENGINE_V3_TRACKING_DIAGNOSTIC_20260918","1790010039000","USDJPY.r-1790010039-0006","USDJPY.r","SHORT","OPPORTUNITY_DETECTED","","0.00000000","0.00000000","157.4285000000","STRUCTURE_TRANSITION","false"
"SOLTRADE_V3_LIFETIME_EVENT_V2","1.1.0","ENTRY_ENGINE_V3_TRACKING_DIAGNOSTIC_20260918","1790010039000","NZDUSD.r-1790010039-0006","NZDUSD.r","SHORT","OPPORTUNITY_DETECTED","","0.00000000","0.00000000","0.5719250000","RATE_BURST","false"
"SOLTRADE_V3_LIFETIME_EVENT_V2","1.1.0","ENTRY_ENGINE_V3_TRACKING_DIAGNOSTIC_20260918","1790010054000","NZDUSD.r-1790010039-0006","NZDUSD.r","SHORT","OPPORTUNITY_ABANDONED","","0.00000000","0.00000000","0.5719350000","STALE_MARKET_NO_CURRENT_TICK","false"
"SOLTRADE_V3_LIFETIME_EVENT_V2","1.1.0","ENTRY_ENGINE_V3_TRACKING_DIAGNOSTIC_20260918","1790010109000","AUDUSD.r-1790010109-0006","AUDUSD.r","SHORT","OPPORTUNITY_DETECTED","","0.00000000","0.00000000","0.7124150000","PRESSURE_BURST","false"
"SOLTRADE_V3_LIFETIME_EVENT_V2","1.1.0","ENTRY_ENGINE_V3_TRACKING_DIAGNOSTIC_20260918","1790010144000","AUDJPY.r-1790010144-0006","AUDJPY.r","SHORT","OPPORTUNITY_DETECTED","","0.00000000","0.00000000","112.1405000000","STRUCTURE_TRANSITION","false"
"SOLTRADE_V3_LIFETIME_EVENT_V2","1.1.0","ENTRY_ENGINE_V3_TRACKING_DIAGNOSTIC_20260918","1790010154000","AUDUSD.r-1790010109-0006","AUDUSD.r","SHORT","OPPORTUNITY_ABANDONED","","0.00000000","0.00000000","0.7124200000","STALE_MARKET_NO_CURRENT_TICK","false"
"SOLTRADE_V3_LIFETIME_EVENT_V2","1.1.0","ENTRY_ENGINE_V3_TRACKING_DIAGNOSTIC_20260918","1790010194000","AUDNZD.r-1790010194-0006","AUDNZD.r","SHORT","OPPORTUNITY_DETECTED","","0.00000000","0.00000000","1.2454700000","RATE_BURST","false"
"SOLTRADE_V3_LIFETIME_EVENT_V2","1.1.0","ENTRY_ENGINE_V3_TRACKING_DIAGNOSTIC_20260918","1790010204000","EURUSD.r-1790010009-0006","EURUSD.r","SHORT","OPPORTUNITY_ABANDONED","","0.00000000","0.00000000","1.1469950000","STALE_MARKET_NO_CURRENT_TICK","false"
"SOLTRADE_V3_LIFETIME_EVENT_V2","1.1.0","ENTRY_ENGINE_V3_TRACKING_DIAGNOSTIC_20260918","1790010209000","GBPUSD.r-1790010009-0006","GBPUSD.r","SHORT","OPPORTUNITY_ABANDONED","","0.00000000","0.00000000","1.3369400000","STALE_MARKET_NO_CURRENT_TICK","false"
"SOLTRADE_V3_LIFETIME_EVENT_V2","1.1.0","ENTRY_ENGINE_V3_TRACKING_DIAGNOSTIC_20260918","1790010209000","USDCAD.r-1790010034-0006","USDCAD.r","SHORT","OPPORTUNITY_ABANDONED","","0.00000000","0.00000000","1.4030450000","STALE_MARKET_NO_CURRENT_TICK","false"
"SOLTRADE_V3_LIFETIME_EVENT_V2","1.1.0","ENTRY_ENGINE_V3_TRACKING_DIAGNOSTIC_20260918","1790010209000","EURGBP.r-1790010009-0006","EURGBP.r","SHORT","OPPORTUNITY_ABANDONED","","0.00000000","0.00000000","0.8579150000","STALE_MARKET_NO_CURRENT_TICK","false"
"SOLTRADE_V3_LIFETIME_EVENT_V2","1.1.0","ENTRY_ENGINE_V3_TRACKING_DIAGNOSTIC_20260918","1790010254000","USDCHF.r-1790010009-0006","USDCHF.r","SHORT","OPPORTUNITY_ABANDONED","","0.00000000","0.00000000","0.8211200000","STALE_MARKET_NO_CURRENT_TICK","false"
"SOLTRADE_V3_LIFETIME_EVENT_V2","1.1.0","ENTRY_ENGINE_V3_TRACKING_DIAGNOSTIC_20260918","1790010319000","AUDNZD.r-1790010194-0006","AUDNZD.r","SHORT","OPPORTUNITY_ABANDONED","","0.00000000","0.00000000","1.2455200000","STALE_MARKET_NO_CURRENT_TICK","false"
"SOLTRADE_V3_LIFETIME_EVENT_V2","1.1.0","ENTRY_ENGINE_V3_TRACKING_DIAGNOSTIC_20260918","1790010889000","EURJPY.r-1790010034-0006","EURJPY.r","SHORT","OPPORTUNITY_ABANDONED","","0.00000000","0.00000000","180.5750000000","STALE_MARKET_NO_CURRENT_TICK","false"
"SOLTRADE_V3_LIFETIME_EVENT_V2","1.1.0","ENTRY_ENGINE_V3_TRACKING_DIAGNOSTIC_20260918","1790010939000","GBPJPY.r-1790010034-0006","GBPJPY.r","SHORT","OPPORTUNITY_ABANDONED","","0.00000000","0.00000000","210.5010000000","TRANSITION_EXPIRED","false"
"SOLTRADE_V3_LIFETIME_EVENT_V2","1.1.0","ENTRY_ENGINE_V3_TRACKING_DIAGNOSTIC_20260918","1790010944000","USDJPY.r-1790010039-0006","USDJPY.r","SHORT","OPPORTUNITY_ABANDONED","","0.00000000","0.00000000","157.4355000000","TRANSITION_EXPIRED","false"
"SOLTRADE_V3_LIFETIME_EVENT_V2","1.1.0","ENTRY_ENGINE_V3_TRACKING_DIAGNOSTIC_20260918","1790011049000","AUDJPY.r-1790010144-0006","AUDJPY.r","SHORT","OPPORTUNITY_ABANDONED","","0.00000000","0.00000000","112.1480000000","TRANSITION_EXPIRED","false"
"SOLTRADE_V3_LIFETIME_EVENT_V2","1.1.0","ENTRY_ENGINE_V3_TRACKING_DIAGNOSTIC_20260918","1790013604000","US500-1790013604-0006","US500","SHORT","OPPORTUNITY_DETECTED","","0.00000000","0.00000000","7769.7750000000","PRESSURE_BURST","false"
"SOLTRADE_V3_LIFETIME_EVENT_V2","1.1.0","ENTRY_ENGINE_V3_TRACKING_DIAGNOSTIC_20260918","1790013609000","XAUUSD.r-1790013609-0006","XAUUSD.r","LONG","OPPORTUNITY_DETECTED","","0.00000000","0.00000000","4344.3650000000","STRUCTURE_TRANSITION","false"
"SOLTRADE_V3_LIFETIME_EVENT_V2","1.1.0","ENTRY_ENGINE_V3_TRACKING_DIAGNOSTIC_20260918","1790013614000","XAGUSD.r-1790013614-0006","XAGUSD.r","LONG","OPPORTUNITY_DETECTED","","0.00000000","0.00000000","65.8765000000","STRUCTURE_TRANSITION","false"
"SOLTRADE_V3_LIFETIME_EVENT_V2","1.1.0","ENTRY_ENGINE_V3_TRACKING_DIAGNOSTIC_20260918","1790013664000","US100-1790013664-0006","US100","SHORT","OPPORTUNITY_DETECTED","","0.00000000","0.00000000","30457.7500000000","STRUCTURE_TRANSITION","false"
"SOLTRADE_V3_LIFETIME_EVENT_V2","1.1.0","ENTRY_ENGINE_V3_TRACKING_DIAGNOSTIC_20260918","1790013669000","US100-1790013664-0006","US100","SHORT","ENTRY_TRIGGERED","","0.00000000","0.00000000","30459.4500000000","expected_net_r=0.73720691;full_loss_probability=0.09849294;bank1_probability=0.88307818;opposite_expected_net_r=-1.27507936;position_time_limit=false","false"
"SOLTRADE_V3_LIFETIME_EVENT_V2","1.1.0","ENTRY_ENGINE_V3_TRACKING_DIAGNOSTIC_20260918","1790013699000","US500-1790013604-0006","US500","SHORT","OPPORTUNITY_ABANDONED","","0.00000000","0.00000000","7771.5250000000","STALE_MARKET_NO_CURRENT_TICK","false"
"SOLTRADE_V3_LIFETIME_EVENT_V2","1.1.0","ENTRY_ENGINE_V3_TRACKING_DIAGNOSTIC_20260918","1790013769000","GER40-1790013769-0006","GER40","SHORT","OPPORTUNITY_DETECTED","","0.00000000","0.00000000","25654.7000000000","STRUCTURE_TRANSITION","false"
"SOLTRADE_V3_LIFETIME_EVENT_V2","1.1.0","ENTRY_ENGINE_V3_TRACKING_DIAGNOSTIC_20260918","1790013769000","UK100-1790013769-0006","UK100","SHORT","OPPORTUNITY_DETECTED","","0.00000000","0.00000000","10759.9000000000","RATE_BURST","false"
"SOLTRADE_V3_LIFETIME_EVENT_V2","1.1.0","ENTRY_ENGINE_V3_TRACKING_DIAGNOSTIC_20260918","1790013779000","EURO50-1790013779-0006","EURO50","SHORT","OPPORTUNITY_DETECTED","","0.00000000","0.00000000","6341.5000000000","PRESSURE_BURST","false"
"SOLTRADE_V3_LIFETIME_EVENT_V2","1.1.0","ENTRY_ENGINE_V3_TRACKING_DIAGNOSTIC_20260918","1790013799000","GER40-1790013769-0006","GER40","SHORT","OPPORTUNITY_ABANDONED","","0.00000000","0.00000000","25652.7000000000","STALE_MARKET_NO_CURRENT_TICK","false"
"SOLTRADE_V3_LIFETIME_EVENT_V2","1.1.0","ENTRY_ENGINE_V3_TRACKING_DIAGNOSTIC_20260918","1790013804000","UK100-1790013769-0006","UK100","SHORT","OPPORTUNITY_ABANDONED","","0.00000000","0.00000000","10758.9000000000","STALE_MARKET_NO_CURRENT_TICK","false"
"SOLTRADE_V3_LIFETIME_EVENT_V2","1.1.0","ENTRY_ENGINE_V3_TRACKING_DIAGNOSTIC_20260918","1790013854000","EURO50-1790013779-0006","EURO50","SHORT","OPPORTUNITY_ABANDONED","","0.00000000","0.00000000","6342.5000000000","STALE_MARKET_NO_CURRENT_TICK","false"
"SOLTRADE_V3_LIFETIME_EVENT_V2","1.1.0","ENTRY_ENGINE_V3_TRACKING_DIAGNOSTIC_20260918","1790013899000","US100-1790013664-0006","US100","SHORT","CAUSAL_INVALIDATION","EXPANDING_PULLBACK_FAILURE","-0.39300246","-1.92500000","30467.1700000000","adverse_r_and_material_evidence_failure","false"
"SOLTRADE_V3_LIFETIME_EVENT_V2","1.1.0","ENTRY_ENGINE_V3_TRACKING_DIAGNOSTIC_20260918","1790013904000","US100-1790013664-0006","US100","SHORT","CAUSAL_INVALIDATION","FROZEN_V3_DIAGNOSTIC","-0.59052183","-1.44230769","30471.0500000000","adverse_r_and_material_evidence_failure","false"
"SOLTRADE_V3_LIFETIME_EVENT_V2","1.1.0","ENTRY_ENGINE_V3_TRACKING_DIAGNOSTIC_20260918","1790013904000","US100-1790013664-0006","US100","SHORT","CAUSAL_INVALIDATION","STRICT_PRESSURE_RESUMPTION","-0.59052183","-1.44230769","30471.0500000000","adverse_r_and_material_evidence_failure","false"
"SOLTRADE_V3_LIFETIME_EVENT_V2","1.1.0","ENTRY_ENGINE_V3_TRACKING_DIAGNOSTIC_20260918","1790013904000","US100-1790013664-0006","US100","SHORT","CAUSAL_INVALIDATION","STRUCTURAL_REVERSAL_CONFIRMATION","-0.59052183","-1.44230769","30471.0500000000","adverse_r_and_material_evidence_failure","false"
"SOLTRADE_V3_LIFETIME_EVENT_V2","1.1.0","ENTRY_ENGINE_V3_TRACKING_DIAGNOSTIC_20260918","1790014474802","US100-1790013664-0006","US100","SHORT","STRUCTURAL_STOP","","-1.01050503","0.00000000","30479.3000000000","baseline_path_exit;terminal_reason=INITIAL_STRUCTURAL_STOP","false"
"SOLTRADE_V3_LIFETIME_EVENT_V2","1.1.0","ENTRY_ENGINE_V3_TRACKING_DIAGNOSTIC_20260918","1790014474000","US100-1790013664-0006","US100","SHORT","POSITION_LIFETIME_COMPLETE","","-1.01050503","0.00000000","30478.3000000000","terminal_reason=INITIAL_STRUCTURAL_STOP;known_final_outcome=true","false"
"SOLTRADE_V3_LIFETIME_EVENT_V2","1.1.0","ENTRY_ENGINE_V3_TRACKING_DIAGNOSTIC_20260918","1790014514000","XAUUSD.r-1790013609-0006","XAUUSD.r","LONG","OPPORTUNITY_ABANDONED","","0.00000000","0.00000000","4349.8150000000","TRANSITION_EXPIRED","false"
"SOLTRADE_V3_LIFETIME_EVENT_V2","1.1.0","ENTRY_ENGINE_V3_TRACKING_DIAGNOSTIC_20260918","1790014519000","XAGUSD.r-1790013614-0006","XAGUSD.r","LONG","OPPORTUNITY_ABANDONED","","0.00000000","0.00000000","66.0135000000","TRANSITION_EXPIRED","false"
"SOLTRADE_V3_LIFETIME_EVENT_V2","1.1.0","ENTRY_ENGINE_V3_TRACKING_DIAGNOSTIC_20260918","1790024409000","EURUSD.r-1790024409-0007","EURUSD.r","SHORT","OPPORTUNITY_DETECTED","","0.00000000","0.00000000","1.1465700000","RATE_BURST","false"
"SOLTRADE_V3_LIFETIME_EVENT_V2","1.1.0","ENTRY_ENGINE_V3_TRACKING_DIAGNOSTIC_20260918","1790024409000","GBPUSD.r-1790024409-0007","GBPUSD.r","SHORT","OPPORTUNITY_DETECTED","","0.00000000","0.00000000","1.3367850000","PRESSURE_BURST","false"
"SOLTRADE_V3_LIFETIME_EVENT_V2","1.1.0","ENTRY_ENGINE_V3_TRACKING_DIAGNOSTIC_20260918","1790024409000","USDCHF.r-1790024409-0007","USDCHF.r","SHORT","OPPORTUNITY_DETECTED","","0.00000000","0.00000000","0.8214450000","RATE_BURST","false"
"SOLTRADE_V3_LIFETIME_EVENT_V2","1.1.0","ENTRY_ENGINE_V3_TRACKING_DIAGNOSTIC_20260918","1790024409000","EURGBP.r-1790024409-0007","EURGBP.r","SHORT","OPPORTUNITY_DETECTED","","0.00000000","0.00000000","0.8577000000","RATE_BURST","false"
"SOLTRADE_V3_LIFETIME_EVENT_V2","1.1.0","ENTRY_ENGINE_V3_TRACKING_DIAGNOSTIC_20260918","1790024414000","GBPUSD.r-1790024409-0007","GBPUSD.r","SHORT","OPPORTUNITY_ABANDONED","","0.00000000","0.00000000","1.3367850000","STALE_MARKET_NO_CURRENT_TICK","false"
"SOLTRADE_V3_LIFETIME_EVENT_V2","1.1.0","ENTRY_ENGINE_V3_TRACKING_DIAGNOSTIC_20260918","1790024414000","EURGBP.r-1790024409-0007","EURGBP.r","SHORT","OPPORTUNITY_ABANDONED","","0.00000000","0.00000000","0.8577000000","STALE_MARKET_NO_CURRENT_TICK","false"
"SOLTRADE_V3_LIFETIME_EVENT_V2","1.1.0","ENTRY_ENGINE_V3_TRACKING_DIAGNOSTIC_20260918","1790024424000","EURUSD.r-1790024409-0007","EURUSD.r","SHORT","OPPORTUNITY_ABANDONED","","0.00000000","0.00000000","1.1465650000","STALE_MARKET_NO_CURRENT_TICK","false"
"SOLTRADE_V3_LIFETIME_EVENT_V2","1.1.0","ENTRY_ENGINE_V3_TRACKING_DIAGNOSTIC_20260918","1790024434000","USDCAD.r-1790024434-0007","USDCAD.r","SHORT","OPPORTUNITY_DETECTED","","0.00000000","0.00000000","1.4030500000","PRESSURE_BURST","false"
"SOLTRADE_V3_LIFETIME_EVENT_V2","1.1.0","ENTRY_ENGINE_V3_TRACKING_DIAGNOSTIC_20260918","1790024434000","EURJPY.r-1790024434-0007","EURJPY.r","SHORT","OPPORTUNITY_DETECTED","","0.00000000","0.00000000","180.3410000000","PRESSURE_BURST","false"
"SOLTRADE_V3_LIFETIME_EVENT_V2","1.1.0","ENTRY_ENGINE_V3_TRACKING_DIAGNOSTIC_20260918","1790024434000","GBPJPY.r-1790024434-0007","GBPJPY.r","SHORT","OPPORTUNITY_DETECTED","","0.00000000","0.00000000","210.3610000000","PRESSURE_BURST","false"
"SOLTRADE_V3_LIFETIME_EVENT_V2","1.1.0","ENTRY_ENGINE_V3_TRACKING_DIAGNOSTIC_20260918","1790024439000","USDJPY.r-1790024439-0007","USDJPY.r","SHORT","OPPORTUNITY_DETECTED","","0.00000000","0.00000000","157.2820000000","PRESSURE_BURST","false"
"SOLTRADE_V3_LIFETIME_EVENT_V2","1.1.0","ENTRY_ENGINE_V3_TRACKING_DIAGNOSTIC_20260918","1790024439000","NZDUSD.r-1790024439-0007","NZDUSD.r","SHORT","OPPORTUNITY_DETECTED","","0.00000000","0.00000000","0.5718450000","PRESSURE_BURST","false"
"SOLTRADE_V3_LIFETIME_EVENT_V2","1.1.0","ENTRY_ENGINE_V3_TRACKING_DIAGNOSTIC_20260918","1790024444000","USDJPY.r-1790024439-0007","USDJPY.r","SHORT","OPPORTUNITY_ABANDONED","","0.00000000","0.00000000","157.2820000000","STALE_MARKET_NO_CURRENT_TICK","false"
"SOLTRADE_V3_LIFETIME_EVENT_V2","1.1.0","ENTRY_ENGINE_V3_TRACKING_DIAGNOSTIC_20260918","1790024444000","USDCAD.r-1790024434-0007","USDCAD.r","SHORT","OPPORTUNITY_ABANDONED","","0.00000000","0.00000000","1.4030500000","STALE_MARKET_NO_CURRENT_TICK","false"
"SOLTRADE_V3_LIFETIME_EVENT_V2","1.1.0","ENTRY_ENGINE_V3_TRACKING_DIAGNOSTIC_20260918","1790024444000","NZDUSD.r-1790024439-0007","NZDUSD.r","SHORT","OPPORTUNITY_ABANDONED","","0.00000000","0.00000000","0.5718450000","STALE_MARKET_NO_CURRENT_TICK","false"
"SOLTRADE_V3_LIFETIME_EVENT_V2","1.1.0","ENTRY_ENGINE_V3_TRACKING_DIAGNOSTIC_20260918","1790024444000","GBPJPY.r-1790024434-0007","GBPJPY.r","SHORT","OPPORTUNITY_ABANDONED","","0.00000000","0.00000000","210.3610000000","STALE_MARKET_NO_CURRENT_TICK","false"
"SOLTRADE_V3_LIFETIME_EVENT_V2","1.1.0","ENTRY_ENGINE_V3_TRACKING_DIAGNOSTIC_20260918","1790024454000","USDCHF.r-1790024409-0007","USDCHF.r","SHORT","OPPORTUNITY_ABANDONED","","0.00000000","0.00000000","0.8215150000","STALE_MARKET_NO_CURRENT_TICK","false"
"SOLTRADE_V3_LIFETIME_EVENT_V2","1.1.0","ENTRY_ENGINE_V3_TRACKING_DIAGNOSTIC_20260918","1790024454000","EURJPY.r-1790024434-0007","EURJPY.r","SHORT","OPPORTUNITY_ABANDONED","","0.00000000","0.00000000","180.4075000000","STALE_MARKET_NO_CURRENT_TICK","false"
"SOLTRADE_V3_LIFETIME_EVENT_V2","1.1.0","ENTRY_ENGINE_V3_TRACKING_DIAGNOSTIC_20260918","1790024509000","AUDUSD.r-1790024509-0007","AUDUSD.r","SHORT","OPPORTUNITY_DETECTED","","0.00000000","0.00000000","0.7118200000","PRESSURE_BURST","false"
"SOLTRADE_V3_LIFETIME_EVENT_V2","1.1.0","ENTRY_ENGINE_V3_TRACKING_DIAGNOSTIC_20260918","1790024549000","AUDJPY.r-1790024549-0007","AUDJPY.r","SHORT","OPPORTUNITY_DETECTED","","0.00000000","0.00000000","111.9960000000","PRESSURE_BURST","false"
"SOLTRADE_V3_LIFETIME_EVENT_V2","1.1.0","ENTRY_ENGINE_V3_TRACKING_DIAGNOSTIC_20260918","1790024559000","AUDJPY.r-1790024549-0007","AUDJPY.r","SHORT","OPPORTUNITY_ABANDONED","","0.00000000","0.00000000","111.9960000000","STALE_MARKET_NO_CURRENT_TICK","false"
"SOLTRADE_V3_LIFETIME_EVENT_V2","1.1.0","ENTRY_ENGINE_V3_TRACKING_DIAGNOSTIC_20260918","1790024594000","AUDNZD.r-1790024594-0007","AUDNZD.r","SHORT","OPPORTUNITY_DETECTED","","0.00000000","0.00000000","1.2446800000","PRESSURE_BURST","false"
"SOLTRADE_V3_LIFETIME_EVENT_V2","1.1.0","ENTRY_ENGINE_V3_TRACKING_DIAGNOSTIC_20260918","1790024604000","AUDNZD.r-1790024594-0007","AUDNZD.r","SHORT","OPPORTUNITY_ABANDONED","","0.00000000","0.00000000","1.2446800000","STALE_MARKET_NO_CURRENT_TICK","false"
"SOLTRADE_V3_LIFETIME_EVENT_V2","1.1.0","ENTRY_ENGINE_V3_TRACKING_DIAGNOSTIC_20260918","1790024654000","AUDUSD.r-1790024509-0007","AUDUSD.r","SHORT","OPPORTUNITY_ABANDONED","","0.00000000","0.00000000","0.7118550000","STALE_MARKET_NO_CURRENT_TICK","false"
"SOLTRADE_V3_LIFETIME_EVENT_V2","1.1.0","ENTRY_ENGINE_V3_TRACKING_DIAGNOSTIC_20260918","1790028004000","US500-1790028004-0007","US500","SHORT","OPPORTUNITY_DETECTED","","0.00000000","0.00000000","7773.6000000000","RATE_BURST","false"
"SOLTRADE_V3_LIFETIME_EVENT_V2","1.1.0","ENTRY_ENGINE_V3_TRACKING_DIAGNOSTIC_20260918","1790028009000","XAUUSD.r-1790028009-0007","XAUUSD.r","LONG","OPPORTUNITY_DETECTED","","0.00000000","0.00000000","4346.3050000000","PRESSURE_BURST","false"
"SOLTRADE_V3_LIFETIME_EVENT_V2","1.1.0","ENTRY_ENGINE_V3_TRACKING_DIAGNOSTIC_20260918","1790028014000","XAGUSD.r-1790028014-0007","XAGUSD.r","LONG","OPPORTUNITY_DETECTED","","0.00000000","0.00000000","66.1255000000","RATE_BURST","false"
"SOLTRADE_V3_LIFETIME_EVENT_V2","1.1.0","ENTRY_ENGINE_V3_TRACKING_DIAGNOSTIC_20260918","1790028064000","US100-1790028064-0007","US100","SHORT","OPPORTUNITY_DETECTED","","0.00000000","0.00000000","30534.5000000000","RATE_BURST","false"
"SOLTRADE_V3_LIFETIME_EVENT_V2","1.1.0","ENTRY_ENGINE_V3_TRACKING_DIAGNOSTIC_20260918","1790028114000","XAGUSD.r-1790028014-0007","XAGUSD.r","LONG","OPPORTUNITY_ABANDONED","","0.00000000","0.00000000","66.0870000000","STALE_MARKET_NO_CURRENT_TICK","false"
"SOLTRADE_V3_LIFETIME_EVENT_V2","1.1.0","ENTRY_ENGINE_V3_TRACKING_DIAGNOSTIC_20260918","1790028169000","GER40-1790028169-0007","GER40","SHORT","OPPORTUNITY_DETECTED","","0.00000000","0.00000000","25645.3000000000","PRESSURE_BURST","false"
"SOLTRADE_V3_LIFETIME_EVENT_V2","1.1.0","ENTRY_ENGINE_V3_TRACKING_DIAGNOSTIC_20260918","1790028169000","UK100-1790028169-0007","UK100","SHORT","OPPORTUNITY_DETECTED","","0.00000000","0.00000000","10760.7000000000","PRESSURE_BURST","false"
"SOLTRADE_V3_LIFETIME_EVENT_V2","1.1.0","ENTRY_ENGINE_V3_TRACKING_DIAGNOSTIC_20260918","1790028179000","EURO50-1790028179-0007","EURO50","SHORT","OPPORTUNITY_DETECTED","","0.00000000","0.00000000","6342.2000000000","RATE_BURST","false"
"SOLTRADE_V3_LIFETIME_EVENT_V2","1.1.0","ENTRY_ENGINE_V3_TRACKING_DIAGNOSTIC_20260918","1790028199000","UK100-1790028169-0007","UK100","SHORT","OPPORTUNITY_ABANDONED","","0.00000000","0.00000000","10761.2000000000","STALE_MARKET_NO_CURRENT_TICK","false"
"SOLTRADE_V3_LIFETIME_EVENT_V2","1.1.0","ENTRY_ENGINE_V3_TRACKING_DIAGNOSTIC_20260918","1790028199000","EURO50-1790028179-0007","EURO50","SHORT","OPPORTUNITY_ABANDONED","","0.00000000","0.00000000","6342.2000000000","STALE_MARKET_NO_CURRENT_TICK","false"
"SOLTRADE_V3_LIFETIME_EVENT_V2","1.1.0","ENTRY_ENGINE_V3_TRACKING_DIAGNOSTIC_20260918","1790028269000","GER40-1790028169-0007","GER40","SHORT","OPPORTUNITY_ABANDONED","","0.00000000","0.00000000","25652.3000000000","STALE_MARKET_NO_CURRENT_TICK","false"
"SOLTRADE_V3_LIFETIME_EVENT_V2","1.1.0","ENTRY_ENGINE_V3_TRACKING_DIAGNOSTIC_20260918","1790028324000","US100-1790028064-0007","US100","SHORT","ENTRY_TRIGGERED","","0.00000000","0.00000000","30554.9500000000","expected_net_r=0.14572124;full_loss_probability=0.08698299;bank1_probability=0.88466853;opposite_expected_net_r=-1.59497118;position_time_limit=false","false"
"SOLTRADE_V3_LIFETIME_EVENT_V2","1.1.0","ENTRY_ENGINE_V3_TRACKING_DIAGNOSTIC_20260918","1790028434000","US500-1790028004-0007","US500","SHORT","OPPORTUNITY_ABANDONED","","0.00000000","0.00000000","7774.8550000000","STALE_MARKET_NO_CURRENT_TICK","false"
"SOLTRADE_V3_LIFETIME_EVENT_V2","1.1.0","ENTRY_ENGINE_V3_TRACKING_DIAGNOSTIC_20260918","1790028678142","US100-1790028064-0007","US100","SHORT","BANK1R","","1.16427985","0.00000000","30534.3000000000","bank_fraction=0.50;repeated_banking=false","false"
"SOLTRADE_V3_LIFETIME_EVENT_V2","1.1.0","ENTRY_ENGINE_V3_TRACKING_DIAGNOSTIC_20260918","1790028914000","XAUUSD.r-1790028009-0007","XAUUSD.r","LONG","OPPORTUNITY_ABANDONED","","0.00000000","0.00000000","4349.5950000000","TRANSITION_EXPIRED","false"
"SOLTRADE_V3_LIFETIME_EVENT_V2","1.1.0","ENTRY_ENGINE_V3_TRACKING_DIAGNOSTIC_20260918","1790029789000","US100-1790028064-0007","US100","SHORT","CAUSAL_INVALIDATION","EXPANDING_PULLBACK_FAILURE","-0.35802310","-1.33333333","30561.3000000000","adverse_r_and_material_evidence_failure","false"
"SOLTRADE_V3_LIFETIME_EVENT_V2","1.1.0","ENTRY_ENGINE_V3_TRACKING_DIAGNOSTIC_20260918","1790029804000","US100-1790028064-0007","US100","SHORT","CAUSAL_INVALIDATION","FROZEN_V3_DIAGNOSTIC","-0.40030929","-1.83333333","30562.0500000000","adverse_r_and_material_evidence_failure","false"
"SOLTRADE_V3_LIFETIME_EVENT_V2","1.1.0","ENTRY_ENGINE_V3_TRACKING_DIAGNOSTIC_20260918","1790029804000","US100-1790028064-0007","US100","SHORT","CAUSAL_INVALIDATION","STRUCTURAL_REVERSAL_CONFIRMATION","-0.40030929","-1.83333333","30562.0500000000","adverse_r_and_material_evidence_failure","false"
"SOLTRADE_V3_LIFETIME_EVENT_V2","1.1.0","ENTRY_ENGINE_V3_TRACKING_DIAGNOSTIC_20260918","1790029819000","US100-1790028064-0007","US100","SHORT","CAUSAL_INVALIDATION","STRICT_PRESSURE_RESUMPTION","-0.52716787","-1.40277778","30564.3000000000","adverse_r_and_material_evidence_failure","false"
"SOLTRADE_V3_LIFETIME_EVENT_V2","1.1.0","ENTRY_ENGINE_V3_TRACKING_DIAGNOSTIC_20260918","1790029823551","US100-1790028064-0007","US100","SHORT","STRUCTURAL_STOP","","-1.00641139","0.00000000","30572.8000000000","baseline_path_exit;terminal_reason=RUNNER_STRUCTURAL_STOP","false"
"SOLTRADE_V3_LIFETIME_EVENT_V2","1.1.0","ENTRY_ENGINE_V3_TRACKING_DIAGNOSTIC_20260918","1790029823000","US100-1790028064-0007","US100","SHORT","POSITION_LIFETIME_COMPLETE","","-1.00641139","0.00000000","30572.0500000000","terminal_reason=RUNNER_STRUCTURAL_STOP;known_final_outcome=true","false"
"SOLTRADE_V3_LIFETIME_EVENT_V2","1.1.0","ENTRY_ENGINE_V3_TRACKING_DIAGNOSTIC_20260918","1790038809000","EURUSD.r-1790038809-0008","EURUSD.r","SHORT","OPPORTUNITY_DETECTED","","0.00000000","0.00000000","1.1470650000","STRUCTURE_TRANSITION","false"
"SOLTRADE_V3_LIFETIME_EVENT_V2","1.1.0","ENTRY_ENGINE_V3_TRACKING_DIAGNOSTIC_20260918","1790038809000","GBPUSD.r-1790038809-0008","GBPUSD.r","SHORT","OPPORTUNITY_DETECTED","","0.00000000","0.00000000","1.3374200000","STRUCTURE_TRANSITION","false"
"SOLTRADE_V3_LIFETIME_EVENT_V2","1.1.0","ENTRY_ENGINE_V3_TRACKING_DIAGNOSTIC_20260918","1790038809000","USDCHF.r-1790038809-0008","USDCHF.r","SHORT","OPPORTUNITY_DETECTED","","0.00000000","0.00000000","0.8206250000","STRUCTURE_TRANSITION","false"
"SOLTRADE_V3_LIFETIME_EVENT_V2","1.1.0","ENTRY_ENGINE_V3_TRACKING_DIAGNOSTIC_20260918","1790038809000","EURGBP.r-1790038809-0008","EURGBP.r","SHORT","OPPORTUNITY_DETECTED","","0.00000000","0.00000000","0.8576550000","STRUCTURE_TRANSITION","false"
"SOLTRADE_V3_LIFETIME_EVENT_V2","1.1.0","ENTRY_ENGINE_V3_TRACKING_DIAGNOSTIC_20260918","1790038834000","USDCAD.r-1790038834-0008","USDCAD.r","SHORT","OPPORTUNITY_DETECTED","","0.00000000","0.00000000","1.4032450000","STRUCTURE_TRANSITION","false"
"SOLTRADE_V3_LIFETIME_EVENT_V2","1.1.0","ENTRY_ENGINE_V3_TRACKING_DIAGNOSTIC_20260918","1790038834000","EURJPY.r-1790038834-0008","EURJPY.r","SHORT","OPPORTUNITY_DETECTED","","0.00000000","0.00000000","180.5055000000","PRESSURE_BURST","false"
"SOLTRADE_V3_LIFETIME_EVENT_V2","1.1.0","ENTRY_ENGINE_V3_TRACKING_DIAGNOSTIC_20260918","1790038834000","GBPJPY.r-1790038834-0008","GBPJPY.r","SHORT","OPPORTUNITY_DETECTED","","0.00000000","0.00000000","210.4605000000","PRESSURE_BURST","false"
"SOLTRADE_V3_LIFETIME_EVENT_V2","1.1.0","ENTRY_ENGINE_V3_TRACKING_DIAGNOSTIC_20260918","1790038839000","USDJPY.r-1790038839-0008","USDJPY.r","SHORT","OPPORTUNITY_DETECTED","","0.00000000","0.00000000","157.3680000000","STRUCTURE_TRANSITION","false"
"SOLTRADE_V3_LIFETIME_EVENT_V2","1.1.0","ENTRY_ENGINE_V3_TRACKING_DIAGNOSTIC_20260918","1790038839000","NZDUSD.r-1790038839-0008","NZDUSD.r","SHORT","OPPORTUNITY_DETECTED","","0.00000000","0.00000000","0.5708650000","RATE_BURST","false"
"SOLTRADE_V3_LIFETIME_EVENT_V2","1.1.0","ENTRY_ENGINE_V3_TRACKING_DIAGNOSTIC_20260918","1790038909000","AUDUSD.r-1790038909-0008","AUDUSD.r","SHORT","OPPORTUNITY_DETECTED","","0.00000000","0.00000000","0.7119400000","PRESSURE_BURST","false"
"SOLTRADE_V3_LIFETIME_EVENT_V2","1.1.0","ENTRY_ENGINE_V3_TRACKING_DIAGNOSTIC_20260918","1790038949000","AUDJPY.r-1790038949-0008","AUDJPY.r","SHORT","OPPORTUNITY_DETECTED","","0.00000000","0.00000000","112.0310000000","STRUCTURE_TRANSITION","false"
"SOLTRADE_V3_LIFETIME_EVENT_V2","1.1.0","ENTRY_ENGINE_V3_TRACKING_DIAGNOSTIC_20260918","1790038959000","EURGBP.r-1790038809-0008","EURGBP.r","SHORT","OPPORTUNITY_ABANDONED","","0.00000000","0.00000000","0.8576350000","STALE_MARKET_NO_CURRENT_TICK","false"
"SOLTRADE_V3_LIFETIME_EVENT_V2","1.1.0","ENTRY_ENGINE_V3_TRACKING_DIAGNOSTIC_20260918","1790038994000","AUDNZD.r-1790038994-0008","AUDNZD.r","SHORT","OPPORTUNITY_DETECTED","","0.00000000","0.00000000","1.2475550000","STRUCTURE_TRANSITION","false"
"SOLTRADE_V3_LIFETIME_EVENT_V2","1.1.0","ENTRY_ENGINE_V3_TRACKING_DIAGNOSTIC_20260918","1790039024000","EURUSD.r-1790038809-0008","EURUSD.r","SHORT","OPPORTUNITY_ABANDONED","","0.00000000","0.00000000","1.1469050000","STALE_MARKET_NO_CURRENT_TICK","false"
"SOLTRADE_V3_LIFETIME_EVENT_V2","1.1.0","ENTRY_ENGINE_V3_TRACKING_DIAGNOSTIC_20260918","1790039064000","USDCAD.r-1790038834-0008","USDCAD.r","SHORT","OPPORTUNITY_ABANDONED","","0.00000000","0.00000000","1.4034100000","STALE_MARKET_NO_CURRENT_TICK","false"
"SOLTRADE_V3_LIFETIME_EVENT_V2","1.1.0","ENTRY_ENGINE_V3_TRACKING_DIAGNOSTIC_20260918","1790039064000","AUDUSD.r-1790038909-0008","AUDUSD.r","SHORT","OPPORTUNITY_ABANDONED","","0.00000000","0.00000000","0.7119000000","STALE_MARKET_NO_CURRENT_TICK","false"
"SOLTRADE_V3_LIFETIME_EVENT_V2","1.1.0","ENTRY_ENGINE_V3_TRACKING_DIAGNOSTIC_20260918","1790039159000","USDCHF.r-1790038809-0008","USDCHF.r","SHORT","OPPORTUNITY_ABANDONED","","0.00000000","0.00000000","0.8206500000","STALE_MARKET_NO_CURRENT_TICK","false"
"SOLTRADE_V3_LIFETIME_EVENT_V2","1.1.0","ENTRY_ENGINE_V3_TRACKING_DIAGNOSTIC_20260918","1790039459000","GBPUSD.r-1790038809-0008","GBPUSD.r","SHORT","OPPORTUNITY_ABANDONED","","0.00000000","0.00000000","1.3371300000","STALE_MARKET_NO_CURRENT_TICK","false"
"SOLTRADE_V3_LIFETIME_EVENT_V2","1.1.0","ENTRY_ENGINE_V3_TRACKING_DIAGNOSTIC_20260918","1790039659000","NZDUSD.r-1790038839-0008","NZDUSD.r","SHORT","OPPORTUNITY_ABANDONED","","0.00000000","0.00000000","0.5698800000","STALE_MARKET_NO_CURRENT_TICK","false"
"SOLTRADE_V3_LIFETIME_EVENT_V2","1.1.0","ENTRY_ENGINE_V3_TRACKING_DIAGNOSTIC_20260918","1790039739000","EURJPY.r-1790038834-0008","EURJPY.r","SHORT","OPPORTUNITY_ABANDONED","","0.00000000","0.00000000","180.5115000000","TRANSITION_EXPIRED","false"
"SOLTRADE_V3_LIFETIME_EVENT_V2","1.1.0","ENTRY_ENGINE_V3_TRACKING_DIAGNOSTIC_20260918","1790039739000","GBPJPY.r-1790038834-0008","GBPJPY.r","SHORT","OPPORTUNITY_ABANDONED","","0.00000000","0.00000000","210.4535000000","TRANSITION_EXPIRED","false"
"SOLTRADE_V3_LIFETIME_EVENT_V2","1.1.0","ENTRY_ENGINE_V3_TRACKING_DIAGNOSTIC_20260918","1790039744000","USDJPY.r-1790038839-0008","USDJPY.r","SHORT","OPPORTUNITY_ABANDONED","","0.00000000","0.00000000","157.4145000000","TRANSITION_EXPIRED","false"
"SOLTRADE_V3_LIFETIME_EVENT_V2","1.1.0","ENTRY_ENGINE_V3_TRACKING_DIAGNOSTIC_20260918","1790039854000","AUDJPY.r-1790038949-0008","AUDJPY.r","SHORT","OPPORTUNITY_ABANDONED","","0.00000000","0.00000000","111.9455000000","TRANSITION_EXPIRED","false"
"SOLTRADE_V3_LIFETIME_EVENT_V2","1.1.0","ENTRY_ENGINE_V3_TRACKING_DIAGNOSTIC_20260918","1790039899000","AUDNZD.r-1790038994-0008","AUDNZD.r","SHORT","OPPORTUNITY_ABANDONED","","0.00000000","0.00000000","1.2484550000","TRANSITION_EXPIRED","false"
"SOLTRADE_V3_LIFETIME_EVENT_V2","1.1.0","ENTRY_ENGINE_V3_TRACKING_DIAGNOSTIC_20260918","1790042404000","US500-1790042404-0008","US500","SHORT","OPPORTUNITY_DETECTED","","0.00000000","0.00000000","7776.5950000000","STRUCTURE_TRANSITION","false"
"SOLTRADE_V3_LIFETIME_EVENT_V2","1.1.0","ENTRY_ENGINE_V3_TRACKING_DIAGNOSTIC_20260918","1790042409000","XAUUSD.r-1790042409-0008","XAUUSD.r","LONG","OPPORTUNITY_DETECTED","","0.00000000","0.00000000","4349.2550000000","PRESSURE_BURST","false"
"SOLTRADE_V3_LIFETIME_EVENT_V2","1.1.0","ENTRY_ENGINE_V3_TRACKING_DIAGNOSTIC_20260918","1790042414000","XAGUSD.r-1790042414-0008","XAGUSD.r","LONG","OPPORTUNITY_DETECTED","","0.00000000","0.00000000","66.3035000000","STRUCTURE_TRANSITION","false"
"SOLTRADE_V3_LIFETIME_EVENT_V2","1.1.0","ENTRY_ENGINE_V3_TRACKING_DIAGNOSTIC_20260918","1790042464000","US100-1790042464-0008","US100","SHORT","OPPORTUNITY_DETECTED","","0.00000000","0.00000000","30631.5000000000","STRUCTURE_TRANSITION","false"
"SOLTRADE_V3_LIFETIME_EVENT_V2","1.1.0","ENTRY_ENGINE_V3_TRACKING_DIAGNOSTIC_20260918","1790042569000","GER40-1790042569-0008","GER40","SHORT","OPPORTUNITY_DETECTED","","0.00000000","0.00000000","25660.3000000000","PRESSURE_BURST","false"
"SOLTRADE_V3_LIFETIME_EVENT_V2","1.1.0","ENTRY_ENGINE_V3_TRACKING_DIAGNOSTIC_20260918","1790042569000","UK100-1790042569-0008","UK100","SHORT","OPPORTUNITY_DETECTED","","0.00000000","0.00000000","10770.7000000000","PRESSURE_BURST","false"
"SOLTRADE_V3_LIFETIME_EVENT_V2","1.1.0","ENTRY_ENGINE_V3_TRACKING_DIAGNOSTIC_20260918","1790042584000","EURO50-1790042584-0008","EURO50","SHORT","OPPORTUNITY_DETECTED","","0.00000000","0.00000000","6347.2000000000","PRESSURE_BURST","false"
"SOLTRADE_V3_LIFETIME_EVENT_V2","1.1.0","ENTRY_ENGINE_V3_TRACKING_DIAGNOSTIC_20260918","1790042594000","UK100-1790042569-0008","UK100","SHORT","OPPORTUNITY_ABANDONED","","0.00000000","0.00000000","10770.7000000000","STALE_MARKET_NO_CURRENT_TICK","false"
"SOLTRADE_V3_LIFETIME_EVENT_V2","1.1.0","ENTRY_ENGINE_V3_TRACKING_DIAGNOSTIC_20260918","1790042594000","EURO50-1790042584-0008","EURO50","SHORT","OPPORTUNITY_ABANDONED","","0.00000000","0.00000000","6347.2000000000","STALE_MARKET_NO_CURRENT_TICK","false"
"SOLTRADE_V3_LIFETIME_EVENT_V2","1.1.0","ENTRY_ENGINE_V3_TRACKING_DIAGNOSTIC_20260918","1790042664000","GER40-1790042569-0008","GER40","SHORT","OPPORTUNITY_ABANDONED","","0.00000000","0.00000000","25658.3000000000","STALE_MARKET_NO_CURRENT_TICK","false"
"SOLTRADE_V3_LIFETIME_EVENT_V2","1.1.0","ENTRY_ENGINE_V3_TRACKING_DIAGNOSTIC_20260918","1790042809000","US500-1790042404-0008","US500","SHORT","OPPORTUNITY_ABANDONED","","0.00000000","0.00000000","7778.8450000000","STALE_MARKET_NO_CURRENT_TICK","false"
"SOLTRADE_V3_LIFETIME_EVENT_V2","1.1.0","ENTRY_ENGINE_V3_TRACKING_DIAGNOSTIC_20260918","1790043314000","XAUUSD.r-1790042409-0008","XAUUSD.r","LONG","OPPORTUNITY_ABANDONED","","0.00000000","0.00000000","4342.2200000000","TRANSITION_EXPIRED","false"
"SOLTRADE_V3_LIFETIME_EVENT_V2","1.1.0","ENTRY_ENGINE_V3_TRACKING_DIAGNOSTIC_20260918","1790043319000","XAGUSD.r-1790042414-0008","XAGUSD.r","LONG","OPPORTUNITY_ABANDONED","","0.00000000","0.00000000","66.1145000000","TRANSITION_EXPIRED","false"
"SOLTRADE_V3_LIFETIME_EVENT_V2","1.1.0","ENTRY_ENGINE_V3_TRACKING_DIAGNOSTIC_20260918","1790043369000","US100-1790042464-0008","US100","SHORT","OPPORTUNITY_ABANDONED","","0.00000000","0.00000000","30625.0000000000","TRANSITION_EXPIRED","false"
"SOLTRADE_V3_LIFETIME_EVENT_V2","1.1.0","ENTRY_ENGINE_V3_TRACKING_DIAGNOSTIC_20260918","1790053209000","EURUSD.r-1790053209-0009","EURUSD.r","SHORT","OPPORTUNITY_DETECTED","","0.00000000","0.00000000","1.1477650000","RATE_BURST","false"
"SOLTRADE_V3_LIFETIME_EVENT_V2","1.1.0","ENTRY_ENGINE_V3_TRACKING_DIAGNOSTIC_20260918","1790053209000","GBPUSD.r-1790053209-0009","GBPUSD.r","SHORT","OPPORTUNITY_DETECTED","","0.00000000","0.00000000","1.3386750000","STRUCTURE_TRANSITION","false"
"SOLTRADE_V3_LIFETIME_EVENT_V2","1.1.0","ENTRY_ENGINE_V3_TRACKING_DIAGNOSTIC_20260918","1790053209000","USDCHF.r-1790053209-0009","USDCHF.r","SHORT","OPPORTUNITY_DETECTED","","0.00000000","0.00000000","0.8201300000","STRUCTURE_TRANSITION","false"
"SOLTRADE_V3_LIFETIME_EVENT_V2","1.1.0","ENTRY_ENGINE_V3_TRACKING_DIAGNOSTIC_20260918","1790053209000","EURGBP.r-1790053209-0009","EURGBP.r","SHORT","OPPORTUNITY_DETECTED","","0.00000000","0.00000000","0.8573800000","RATE_BURST","false"
"SOLTRADE_V3_LIFETIME_EVENT_V2","1.1.0","ENTRY_ENGINE_V3_TRACKING_DIAGNOSTIC_20260918","1790053234000","EURUSD.r-1790053209-0009","EURUSD.r","SHORT","OPPORTUNITY_ABANDONED","","0.00000000","0.00000000","1.1477450000","STALE_MARKET_NO_CURRENT_TICK","false"
"SOLTRADE_V3_LIFETIME_EVENT_V2","1.1.0","ENTRY_ENGINE_V3_TRACKING_DIAGNOSTIC_20260918","1790053234000","USDCAD.r-1790053234-0009","USDCAD.r","SHORT","OPPORTUNITY_DETECTED","","0.00000000","0.00000000","1.4025250000","PRESSURE_BURST","false"
"SOLTRADE_V3_LIFETIME_EVENT_V2","1.1.0","ENTRY_ENGINE_V3_TRACKING_DIAGNOSTIC_20260918","1790053234000","EURJPY.r-1790053234-0009","EURJPY.r","SHORT","OPPORTUNITY_DETECTED","","0.00000000","0.00000000","180.7415000000","RATE_BURST","false"
"SOLTRADE_V3_LIFETIME_EVENT_V2","1.1.0","ENTRY_ENGINE_V3_TRACKING_DIAGNOSTIC_20260918","1790053234000","GBPJPY.r-1790053234-0009","GBPJPY.r","SHORT","OPPORTUNITY_DETECTED","","0.00000000","0.00000000","210.7970000000","STRUCTURE_TRANSITION","false"
"SOLTRADE_V3_LIFETIME_EVENT_V2","1.1.0","ENTRY_ENGINE_V3_TRACKING_DIAGNOSTIC_20260918","1790053239000","USDJPY.r-1790053239-0009","USDJPY.r","SHORT","OPPORTUNITY_DETECTED","","0.00000000","0.00000000","157.4670000000","STRUCTURE_TRANSITION","false"
"SOLTRADE_V3_LIFETIME_EVENT_V2","1.1.0","ENTRY_ENGINE_V3_TRACKING_DIAGNOSTIC_20260918","1790053244000","USDCAD.r-1790053234-0009","USDCAD.r","SHORT","OPPORTUNITY_ABANDONED","","0.00000000","0.00000000","1.4025250000","STALE_MARKET_NO_CURRENT_TICK","false"
"SOLTRADE_V3_LIFETIME_EVENT_V2","1.1.0","ENTRY_ENGINE_V3_TRACKING_DIAGNOSTIC_20260918","1790053249000","NZDUSD.r-1790053249-0009","NZDUSD.r","SHORT","OPPORTUNITY_DETECTED","","0.00000000","0.00000000","0.5736200000","RATE_BURST","false"
"SOLTRADE_V3_LIFETIME_EVENT_V2","1.1.0","ENTRY_ENGINE_V3_TRACKING_DIAGNOSTIC_20260918","1790053254000","USDCHF.r-1790053209-0009","USDCHF.r","SHORT","OPPORTUNITY_ABANDONED","","0.00000000","0.00000000","0.8201100000","STALE_MARKET_NO_CURRENT_TICK","false"
"SOLTRADE_V3_LIFETIME_EVENT_V2","1.1.0","ENTRY_ENGINE_V3_TRACKING_DIAGNOSTIC_20260918","1790053309000","AUDUSD.r-1790053309-0009","AUDUSD.r","SHORT","OPPORTUNITY_DETECTED","","0.00000000","0.00000000","0.7121350000","PRESSURE_BURST","false"
"SOLTRADE_V3_LIFETIME_EVENT_V2","1.1.0","ENTRY_ENGINE_V3_TRACKING_DIAGNOSTIC_20260918","1790053349000","AUDJPY.r-1790053349-0009","AUDJPY.r","SHORT","OPPORTUNITY_DETECTED","","0.00000000","0.00000000","112.1410000000","STRUCTURE_TRANSITION","false"
"SOLTRADE_V3_LIFETIME_EVENT_V2","1.1.0","ENTRY_ENGINE_V3_TRACKING_DIAGNOSTIC_20260918","1790053359000","GBPUSD.r-1790053209-0009","GBPUSD.r","SHORT","OPPORTUNITY_ABANDONED","","0.00000000","0.00000000","1.3386150000","STALE_MARKET_NO_CURRENT_TICK","false"
"SOLTRADE_V3_LIFETIME_EVENT_V2","1.1.0","ENTRY_ENGINE_V3_TRACKING_DIAGNOSTIC_20260918","1790053374000","EURGBP.r-1790053209-0009","EURGBP.r","SHORT","OPPORTUNITY_ABANDONED","","0.00000000","0.00000000","0.8573950000","STALE_MARKET_NO_CURRENT_TICK","false"
"SOLTRADE_V3_LIFETIME_EVENT_V2","1.1.0","ENTRY_ENGINE_V3_TRACKING_DIAGNOSTIC_20260918","1790053394000","AUDNZD.r-1790053394-0009","AUDNZD.r","SHORT","OPPORTUNITY_DETECTED","","0.00000000","0.00000000","1.2414150000","STRUCTURE_TRANSITION","false"
"SOLTRADE_V3_LIFETIME_EVENT_V2","1.1.0","ENTRY_ENGINE_V3_TRACKING_DIAGNOSTIC_20260918","1790053469000","NZDUSD.r-1790053249-0009","NZDUSD.r","SHORT","OPPORTUNITY_ABANDONED","","0.00000000","0.00000000","0.5735850000","STALE_MARKET_NO_CURRENT_TICK","false"
"SOLTRADE_V3_LIFETIME_EVENT_V2","1.1.0","ENTRY_ENGINE_V3_TRACKING_DIAGNOSTIC_20260918","1790053474000","AUDUSD.r-1790053309-0009","AUDUSD.r","SHORT","OPPORTUNITY_ABANDONED","","0.00000000","0.00000000","0.7120700000","STALE_MARKET_NO_CURRENT_TICK","false"
"SOLTRADE_V3_LIFETIME_EVENT_V2","1.1.0","ENTRY_ENGINE_V3_TRACKING_DIAGNOSTIC_20260918","1790053534000","AUDNZD.r-1790053394-0009","AUDNZD.r","SHORT","OPPORTUNITY_ABANDONED","","0.00000000","0.00000000","1.2414850000","STALE_MARKET_NO_CURRENT_TICK","false"
"SOLTRADE_V3_LIFETIME_EVENT_V2","1.1.0","ENTRY_ENGINE_V3_TRACKING_DIAGNOSTIC_20260918","1790053889000","USDJPY.r-1790053239-0009","USDJPY.r","SHORT","OPPORTUNITY_ABANDONED","","0.00000000","0.00000000","157.4580000000","STALE_MARKET_NO_CURRENT_TICK","false"
"SOLTRADE_V3_LIFETIME_EVENT_V2","1.1.0","ENTRY_ENGINE_V3_TRACKING_DIAGNOSTIC_20260918","1790054139000","EURJPY.r-1790053234-0009","EURJPY.r","SHORT","OPPORTUNITY_ABANDONED","","0.00000000","0.00000000","180.7315000000","TRANSITION_EXPIRED","false"
"SOLTRADE_V3_LIFETIME_EVENT_V2","1.1.0","ENTRY_ENGINE_V3_TRACKING_DIAGNOSTIC_20260918","1790054139000","GBPJPY.r-1790053234-0009","GBPJPY.r","SHORT","OPPORTUNITY_ABANDONED","","0.00000000","0.00000000","210.7675000000","TRANSITION_EXPIRED","false"
"SOLTRADE_V3_LIFETIME_EVENT_V2","1.1.0","ENTRY_ENGINE_V3_TRACKING_DIAGNOSTIC_20260918","1790054254000","AUDJPY.r-1790053349-0009","AUDJPY.r","SHORT","OPPORTUNITY_ABANDONED","","0.00000000","0.00000000","112.1255000000","TRANSITION_EXPIRED","false"
"SOLTRADE_V3_LIFETIME_EVENT_V2","1.1.0","ENTRY_ENGINE_V3_TRACKING_DIAGNOSTIC_20260918","1790056804000","US500-1790056804-0009","US500","SHORT","OPPORTUNITY_DETECTED","","0.00000000","0.00000000","7780.8450000000","RATE_BURST","false"
"SOLTRADE_V3_LIFETIME_EVENT_V2","1.1.0","ENTRY_ENGINE_V3_TRACKING_DIAGNOSTIC_20260918","1790056809000","XAUUSD.r-1790056809-0009","XAUUSD.r","LONG","OPPORTUNITY_DETECTED","","0.00000000","0.00000000","4323.3550000000","STRUCTURE_TRANSITION","false"
"SOLTRADE_V3_LIFETIME_EVENT_V2","1.1.0","ENTRY_ENGINE_V3_TRACKING_DIAGNOSTIC_20260918","1790056814000","XAGUSD.r-1790056814-0009","XAGUSD.r","LONG","OPPORTUNITY_DETECTED","","0.00000000","0.00000000","65.5545000000","STRUCTURE_TRANSITION","false"
"SOLTRADE_V3_LIFETIME_EVENT_V2","1.1.0","ENTRY_ENGINE_V3_TRACKING_DIAGNOSTIC_20260918","1790056864000","US100-1790056864-0009","US100","SHORT","OPPORTUNITY_DETECTED","","0.00000000","0.00000000","30563.2500000000","STRUCTURE_TRANSITION","false"
"SOLTRADE_V3_LIFETIME_EVENT_V2","1.1.0","ENTRY_ENGINE_V3_TRACKING_DIAGNOSTIC_20260918","1790056969000","GER40-1790056969-0009","GER40","SHORT","OPPORTUNITY_DETECTED","","0.00000000","0.00000000","25621.3000000000","STRUCTURE_TRANSITION","false"
"SOLTRADE_V3_LIFETIME_EVENT_V2","1.1.0","ENTRY_ENGINE_V3_TRACKING_DIAGNOSTIC_20260918","1790056969000","UK100-1790056969-0009","UK100","SHORT","OPPORTUNITY_DETECTED","","0.00000000","0.00000000","10763.2000000000","STRUCTURE_TRANSITION","false"
"SOLTRADE_V3_LIFETIME_EVENT_V2","1.1.0","ENTRY_ENGINE_V3_TRACKING_DIAGNOSTIC_20260918","1790056984000","EURO50-1790056984-0009","EURO50","SHORT","OPPORTUNITY_DETECTED","","0.00000000","0.00000000","6333.2000000000","PRESSURE_BURST","false"
"SOLTRADE_V3_LIFETIME_EVENT_V2","1.1.0","ENTRY_ENGINE_V3_TRACKING_DIAGNOSTIC_20260918","1790057019000","EURO50-1790056984-0009","EURO50","SHORT","OPPORTUNITY_ABANDONED","","0.00000000","0.00000000","6332.2000000000","STALE_MARKET_NO_CURRENT_TICK","false"
"SOLTRADE_V3_LIFETIME_EVENT_V2","1.1.0","ENTRY_ENGINE_V3_TRACKING_DIAGNOSTIC_20260918","1790057024000","GER40-1790056969-0009","GER40","SHORT","OPPORTUNITY_ABANDONED","","0.00000000","0.00000000","25615.3000000000","STALE_MARKET_NO_CURRENT_TICK","false"
"SOLTRADE_V3_LIFETIME_EVENT_V2","1.1.0","ENTRY_ENGINE_V3_TRACKING_DIAGNOSTIC_20260918","1790057114000","XAUUSD.r-1790056809-0009","XAUUSD.r","LONG","ENTRY_TRIGGERED","","0.00000000","0.00000000","4317.0200000000","expected_net_r=0.24809097;full_loss_probability=0.44753033;bank1_probability=0.51788623;opposite_expected_net_r=-0.89002809;position_time_limit=false","false"
"SOLTRADE_V3_LIFETIME_EVENT_V2","1.1.0","ENTRY_ENGINE_V3_TRACKING_DIAGNOSTIC_20260918","1790057214000","UK100-1790056969-0009","UK100","SHORT","OPPORTUNITY_ABANDONED","","0.00000000","0.00000000","10761.2000000000","STALE_MARKET_NO_CURRENT_TICK","false"
"SOLTRADE_V3_LIFETIME_EVENT_V2","1.1.0","ENTRY_ENGINE_V3_TRACKING_DIAGNOSTIC_20260918","1790057399000","US500-1790056804-0009","US500","SHORT","OPPORTUNITY_ABANDONED","","0.00000000","0.00000000","7779.8450000000","STALE_MARKET_NO_CURRENT_TICK","false"
"SOLTRADE_V3_LIFETIME_EVENT_V2","1.1.0","ENTRY_ENGINE_V3_TRACKING_DIAGNOSTIC_20260918","1790057719000","XAGUSD.r-1790056814-0009","XAGUSD.r","LONG","OPPORTUNITY_ABANDONED","","0.00000000","0.00000000","65.3680000000","TRANSITION_EXPIRED","false"
"SOLTRADE_V3_LIFETIME_EVENT_V2","1.1.0","ENTRY_ENGINE_V3_TRACKING_DIAGNOSTIC_20260918","1790057769000","US100-1790056864-0009","US100","SHORT","OPPORTUNITY_ABANDONED","","0.00000000","0.00000000","30533.0000000000","TRANSITION_EXPIRED","false"
"SOLTRADE_V3_LIFETIME_EVENT_V2","1.1.0","ENTRY_ENGINE_V3_TRACKING_DIAGNOSTIC_20260918","1790062239000","XAUUSD.r-1790056809-0009","XAUUSD.r","LONG","CAUSAL_INVALIDATION","FROZEN_V3_DIAGNOSTIC","-0.41720233","-0.29166667","4313.7400000000","adverse_r_and_material_evidence_failure","false"
"SOLTRADE_V3_LIFETIME_EVENT_V2","1.1.0","ENTRY_ENGINE_V3_TRACKING_DIAGNOSTIC_20260918","1790062239000","XAUUSD.r-1790056809-0009","XAUUSD.r","LONG","CAUSAL_INVALIDATION","STRUCTURAL_REVERSAL_CONFIRMATION","-0.41720233","-0.29166667","4313.7400000000","adverse_r_and_material_evidence_failure","false"
"SOLTRADE_V3_LIFETIME_EVENT_V2","1.1.0","ENTRY_ENGINE_V3_TRACKING_DIAGNOSTIC_20260918","1790062244000","XAUUSD.r-1790056809-0009","XAUUSD.r","LONG","CAUSAL_INVALIDATION","STRICT_PRESSURE_RESUMPTION","-0.58001299","-0.62500000","4312.4600000000","adverse_r_and_material_evidence_failure","false"
"SOLTRADE_V3_LIFETIME_EVENT_V2","1.1.0","ENTRY_ENGINE_V3_TRACKING_DIAGNOSTIC_20260918","1790062244000","XAUUSD.r-1790056809-0009","XAUUSD.r","LONG","CAUSAL_INVALIDATION","EXPANDING_PULLBACK_FAILURE","-0.58001299","-0.62500000","4312.4600000000","adverse_r_and_material_evidence_failure","false"
"SOLTRADE_V3_LIFETIME_EVENT_V2","1.1.0","ENTRY_ENGINE_V3_TRACKING_DIAGNOSTIC_20260918","1790062376011","XAUUSD.r-1790056809-0009","XAUUSD.r","LONG","STRUCTURAL_STOP","","-1.00357511","0.00000000","4309.1300000000","baseline_path_exit;terminal_reason=INITIAL_STRUCTURAL_STOP","false"
"SOLTRADE_V3_LIFETIME_EVENT_V2","1.1.0","ENTRY_ENGINE_V3_TRACKING_DIAGNOSTIC_20260918","1790062376000","XAUUSD.r-1790056809-0009","XAUUSD.r","LONG","POSITION_LIFETIME_COMPLETE","","-1.00357511","0.00000000","4309.5700000000","terminal_reason=INITIAL_STRUCTURAL_STOP;known_final_outcome=true","false"
"SOLTRADE_V3_LIFETIME_EVENT_V2","1.1.0","ENTRY_ENGINE_V3_TRACKING_DIAGNOSTIC_20260918","1790067610000","EURUSD.r-1790067610-0010","EURUSD.r","SHORT","OPPORTUNITY_DETECTED","","0.00000000","0.00000000","1.1457350000","STRUCTURE_TRANSITION","false"
"SOLTRADE_V3_LIFETIME_EVENT_V2","1.1.0","ENTRY_ENGINE_V3_TRACKING_DIAGNOSTIC_20260918","1790067610000","GBPUSD.r-1790067610-0010","GBPUSD.r","SHORT","OPPORTUNITY_DETECTED","","0.00000000","0.00000000","1.3356200000","STRUCTURE_TRANSITION","false"
"SOLTRADE_V3_LIFETIME_EVENT_V2","1.1.0","ENTRY_ENGINE_V3_TRACKING_DIAGNOSTIC_20260918","1790067610000","USDCHF.r-1790067610-0010","USDCHF.r","SHORT","OPPORTUNITY_DETECTED","","0.00000000","0.00000000","0.8207700000","STRUCTURE_TRANSITION","false"
"SOLTRADE_V3_LIFETIME_EVENT_V2","1.1.0","ENTRY_ENGINE_V3_TRACKING_DIAGNOSTIC_20260918","1790067610000","EURGBP.r-1790067610-0010","EURGBP.r","SHORT","OPPORTUNITY_DETECTED","","0.00000000","0.00000000","0.8578200000","STRUCTURE_TRANSITION","false"
"SOLTRADE_V3_LIFETIME_EVENT_V2","1.1.0","ENTRY_ENGINE_V3_TRACKING_DIAGNOSTIC_20260918","1790067635000","USDCAD.r-1790067635-0010","USDCAD.r","SHORT","OPPORTUNITY_DETECTED","","0.00000000","0.00000000","1.4038600000","PRESSURE_BURST","false"
"SOLTRADE_V3_LIFETIME_EVENT_V2","1.1.0","ENTRY_ENGINE_V3_TRACKING_DIAGNOSTIC_20260918","1790067635000","EURJPY.r-1790067635-0010","EURJPY.r","SHORT","OPPORTUNITY_DETECTED","","0.00000000","0.00000000","180.0430000000","STRUCTURE_TRANSITION","false"
"SOLTRADE_V3_LIFETIME_EVENT_V2","1.1.0","ENTRY_ENGINE_V3_TRACKING_DIAGNOSTIC_20260918","1790067635000","GBPJPY.r-1790067635-0010","GBPJPY.r","SHORT","OPPORTUNITY_DETECTED","","0.00000000","0.00000000","209.8830000000","PRESSURE_BURST","false"
"SOLTRADE_V3_LIFETIME_EVENT_V2","1.1.0","ENTRY_ENGINE_V3_TRACKING_DIAGNOSTIC_20260918","1790067640000","USDJPY.r-1790067640-0010","USDJPY.r","SHORT","OPPORTUNITY_DETECTED","","0.00000000","0.00000000","157.1585000000","STRUCTURE_TRANSITION","false"
"SOLTRADE_V3_LIFETIME_EVENT_V2","1.1.0","ENTRY_ENGINE_V3_TRACKING_DIAGNOSTIC_20260918","1790067650000","NZDUSD.r-1790067650-0010","NZDUSD.r","SHORT","OPPORTUNITY_DETECTED","","0.00000000","0.00000000","0.5739350000","STRUCTURE_TRANSITION","false"
"SOLTRADE_V3_LIFETIME_EVENT_V2","1.1.0","ENTRY_ENGINE_V3_TRACKING_DIAGNOSTIC_20260918","1790067710000","AUDUSD.r-1790067710-0010","AUDUSD.r","SHORT","OPPORTUNITY_DETECTED","","0.00000000","0.00000000","0.7110550000","PRESSURE_BURST","false"
"SOLTRADE_V3_LIFETIME_EVENT_V2","1.1.0","ENTRY_ENGINE_V3_TRACKING_DIAGNOSTIC_20260918","1790067760000","AUDJPY.r-1790067760-0010","AUDJPY.r","SHORT","OPPORTUNITY_DETECTED","","0.00000000","0.00000000","111.7575000000","STRUCTURE_TRANSITION","false"
"SOLTRADE_V3_LIFETIME_EVENT_V2","1.1.0","ENTRY_ENGINE_V3_TRACKING_DIAGNOSTIC_20260918","1790067795000","AUDNZD.r-1790067795-0010","AUDNZD.r","SHORT","OPPORTUNITY_DETECTED","","0.00000000","0.00000000","1.2389000000","STRUCTURE_TRANSITION","false"
"SOLTRADE_V3_LIFETIME_EVENT_V2","1.1.0","ENTRY_ENGINE_V3_TRACKING_DIAGNOSTIC_20260918","1790068480000","AUDUSD.r-1790067710-0010","AUDUSD.r","SHORT","OPPORTUNITY_ABANDONED","","0.00000000","0.00000000","0.7107900000","STALE_MARKET_NO_CURRENT_TICK","false"
"SOLTRADE_V3_LIFETIME_EVENT_V2","1.1.0","ENTRY_ENGINE_V3_TRACKING_DIAGNOSTIC_20260918","1790068515000","EURUSD.r-1790067610-0010","EURUSD.r","SHORT","OPPORTUNITY_ABANDONED","","0.00000000","0.00000000","1.1452000000","TRANSITION_EXPIRED","false"
"SOLTRADE_V3_LIFETIME_EVENT_V2","1.1.0","ENTRY_ENGINE_V3_TRACKING_DIAGNOSTIC_20260918","1790068515000","GBPUSD.r-1790067610-0010","GBPUSD.r","SHORT","OPPORTUNITY_ABANDONED","","0.00000000","0.00000000","1.3355000000","TRANSITION_EXPIRED","false"
"SOLTRADE_V3_LIFETIME_EVENT_V2","1.1.0","ENTRY_ENGINE_V3_TRACKING_DIAGNOSTIC_20260918","1790068515000","USDCHF.r-1790067610-0010","USDCHF.r","SHORT","OPPORTUNITY_ABANDONED","","0.00000000","0.00000000","0.8211750000","TRANSITION_EXPIRED","false"
"SOLTRADE_V3_LIFETIME_EVENT_V2","1.1.0","ENTRY_ENGINE_V3_TRACKING_DIAGNOSTIC_20260918","1790068515000","EURGBP.r-1790067610-0010","EURGBP.r","SHORT","OPPORTUNITY_ABANDONED","","0.00000000","0.00000000","0.8575100000","TRANSITION_EXPIRED","false"
"SOLTRADE_V3_LIFETIME_EVENT_V2","1.1.0","ENTRY_ENGINE_V3_TRACKING_DIAGNOSTIC_20260918","1790068540000","USDCAD.r-1790067635-0010","USDCAD.r","SHORT","OPPORTUNITY_ABANDONED","","0.00000000","0.00000000","1.4040350000","TRANSITION_EXPIRED","false"
"SOLTRADE_V3_LIFETIME_EVENT_V2","1.1.0","ENTRY_ENGINE_V3_TRACKING_DIAGNOSTIC_20260918","1790068540000","EURJPY.r-1790067635-0010","EURJPY.r","SHORT","OPPORTUNITY_ABANDONED","","0.00000000","0.00000000","180.1000000000","TRANSITION_EXPIRED","false"
"SOLTRADE_V3_LIFETIME_EVENT_V2","1.1.0","ENTRY_ENGINE_V3_TRACKING_DIAGNOSTIC_20260918","1790068540000","GBPJPY.r-1790067635-0010","GBPJPY.r","SHORT","OPPORTUNITY_ABANDONED","","0.00000000","0.00000000","210.0045000000","TRANSITION_EXPIRED","false"
"SOLTRADE_V3_LIFETIME_EVENT_V2","1.1.0","ENTRY_ENGINE_V3_TRACKING_DIAGNOSTIC_20260918","1790068545000","USDJPY.r-1790067640-0010","USDJPY.r","SHORT","OPPORTUNITY_ABANDONED","","0.00000000","0.00000000","157.2180000000","TRANSITION_EXPIRED","false"
"SOLTRADE_V3_LIFETIME_EVENT_V2","1.1.0","ENTRY_ENGINE_V3_TRACKING_DIAGNOSTIC_20260918","1790068555000","NZDUSD.r-1790067650-0010","NZDUSD.r","SHORT","OPPORTUNITY_ABANDONED","","0.00000000","0.00000000","0.5739050000","TRANSITION_EXPIRED","false"
"SOLTRADE_V3_LIFETIME_EVENT_V2","1.1.0","ENTRY_ENGINE_V3_TRACKING_DIAGNOSTIC_20260918","1790068665000","AUDJPY.r-1790067760-0010","AUDJPY.r","SHORT","OPPORTUNITY_ABANDONED","","0.00000000","0.00000000","111.7925000000","TRANSITION_EXPIRED","false"
"SOLTRADE_V3_LIFETIME_EVENT_V2","1.1.0","ENTRY_ENGINE_V3_TRACKING_DIAGNOSTIC_20260918","1790068700000","AUDNZD.r-1790067795-0010","AUDNZD.r","SHORT","OPPORTUNITY_ABANDONED","","0.00000000","0.00000000","1.2391050000","TRANSITION_EXPIRED","false"
"SOLTRADE_V3_LIFETIME_EVENT_V2","1.1.0","ENTRY_ENGINE_V3_TRACKING_DIAGNOSTIC_20260918","1790071205000","US500-1790071205-0010","US500","SHORT","OPPORTUNITY_DETECTED","","0.00000000","0.00000000","7780.9750000000","STRUCTURE_TRANSITION","false"
"SOLTRADE_V3_LIFETIME_EVENT_V2","1.1.0","ENTRY_ENGINE_V3_TRACKING_DIAGNOSTIC_20260918","1790071210000","XAUUSD.r-1790071210-0010","XAUUSD.r","LONG","OPPORTUNITY_DETECTED","","0.00000000","0.00000000","4334.6450000000","PRESSURE_BURST","false"
"SOLTRADE_V3_LIFETIME_EVENT_V2","1.1.0","ENTRY_ENGINE_V3_TRACKING_DIAGNOSTIC_20260918","1790071215000","XAGUSD.r-1790071215-0010","XAGUSD.r","LONG","OPPORTUNITY_DETECTED","","0.00000000","0.00000000","65.6175000000","STRUCTURE_TRANSITION","false"
"SOLTRADE_V3_LIFETIME_EVENT_V2","1.1.0","ENTRY_ENGINE_V3_TRACKING_DIAGNOSTIC_20260918","1790071265000","XAGUSD.r-1790071215-0010","XAGUSD.r","SHORT","ENTRY_TRIGGERED","","0.00000000","0.00000000","65.6490000000","expected_net_r=0.77625980;full_loss_probability=0.44965230;bank1_probability=0.61156867;opposite_expected_net_r=-1.30951976;position_time_limit=false","false"
"SOLTRADE_V3_LIFETIME_EVENT_V2","1.1.0","ENTRY_ENGINE_V3_TRACKING_DIAGNOSTIC_20260918","1790071265000","US100-1790071265-0010","US100","SHORT","OPPORTUNITY_DETECTED","","0.00000000","0.00000000","30570.6000000000","PRESSURE_BURST","false"
"SOLTRADE_V3_LIFETIME_EVENT_V2","1.1.0","ENTRY_ENGINE_V3_TRACKING_DIAGNOSTIC_20260918","1790071370000","GER40-1790071370-0010","GER40","SHORT","OPPORTUNITY_DETECTED","","0.00000000","0.00000000","25760.3000000000","PRESSURE_BURST","false"
"SOLTRADE_V3_LIFETIME_EVENT_V2","1.1.0","ENTRY_ENGINE_V3_TRACKING_DIAGNOSTIC_20260918","1790071370000","UK100-1790071370-0010","UK100","SHORT","OPPORTUNITY_DETECTED","","0.00000000","0.00000000","10771.2000000000","PRESSURE_BURST","false"
"SOLTRADE_V3_LIFETIME_EVENT_V2","1.1.0","ENTRY_ENGINE_V3_TRACKING_DIAGNOSTIC_20260918","1790071375000","GER40-1790071370-0010","GER40","SHORT","ENTRY_TRIGGERED","","0.00000000","0.00000000","25763.0500000000","expected_net_r=1.22374179;full_loss_probability=0.12927310;bank1_probability=0.84792628;opposite_expected_net_r=-1.55084028;position_time_limit=false","false"
"SOLTRADE_V3_LIFETIME_EVENT_V2","1.1.0","ENTRY_ENGINE_V3_TRACKING_DIAGNOSTIC_20260918","1790071385000","EURO50-1790071385-0010","EURO50","SHORT","OPPORTUNITY_DETECTED","","0.00000000","0.00000000","6362.2000000000","RATE_BURST","false"
"SOLTRADE_V3_LIFETIME_EVENT_V2","1.1.0","ENTRY_ENGINE_V3_TRACKING_DIAGNOSTIC_20260918","1790071395000","EURO50-1790071385-0010","EURO50","SHORT","OPPORTUNITY_ABANDONED","","0.00000000","0.00000000","6362.2000000000","STALE_MARKET_NO_CURRENT_TICK","false"
"SOLTRADE_V3_LIFETIME_EVENT_V2","1.1.0","ENTRY_ENGINE_V3_TRACKING_DIAGNOSTIC_20260918","1790071640000","XAGUSD.r-1790071215-0010","XAGUSD.r","SHORT","CAUSAL_INVALIDATION","EXPANDING_PULLBACK_FAILURE","-0.36293608","-1.10000000","65.7190000000","adverse_r_and_material_evidence_failure","false"
"SOLTRADE_V3_LIFETIME_EVENT_V2","1.1.0","ENTRY_ENGINE_V3_TRACKING_DIAGNOSTIC_20260918","1790071640000","GER40-1790071370-0010","GER40","SHORT","CAUSAL_INVALIDATION","FROZEN_V3_DIAGNOSTIC","-0.42354568","-1.95833333","25780.5500000000","adverse_r_and_material_evidence_failure","false"
"SOLTRADE_V3_LIFETIME_EVENT_V2","1.1.0","ENTRY_ENGINE_V3_TRACKING_DIAGNOSTIC_20260918","1790071695000","GER40-1790071370-0010","GER40","SHORT","CAUSAL_INVALIDATION","STRUCTURAL_REVERSAL_CONFIRMATION","-0.45984960","-0.37500000","25782.0500000000","adverse_r_and_material_evidence_failure","false"
"SOLTRADE_V3_LIFETIME_EVENT_V2","1.1.0","ENTRY_ENGINE_V3_TRACKING_DIAGNOSTIC_20260918","1790072055000","XAUUSD.r-1790071210-0010","XAUUSD.r","LONG","ENTRY_TRIGGERED","","0.00000000","0.00000000","4330.7700000000","expected_net_r=0.28695586;full_loss_probability=0.44200160;bank1_probability=0.51609011;opposite_expected_net_r=-0.87354845;position_time_limit=false","false"
"SOLTRADE_V3_LIFETIME_EVENT_V2","1.1.0","ENTRY_ENGINE_V3_TRACKING_DIAGNOSTIC_20260918","1790072110000","US500-1790071205-0010","US500","SHORT","OPPORTUNITY_ABANDONED","","0.00000000","0.00000000","7780.3550000000","TRANSITION_EXPIRED","false"
"SOLTRADE_V3_LIFETIME_EVENT_V2","1.1.0","ENTRY_ENGINE_V3_TRACKING_DIAGNOSTIC_20260918","1790072170000","US100-1790071265-0010","US100","SHORT","OPPORTUNITY_ABANDONED","","0.00000000","0.00000000","30569.6000000000","TRANSITION_EXPIRED","false"
"SOLTRADE_V3_LIFETIME_EVENT_V2","1.1.0","ENTRY_ENGINE_V3_TRACKING_DIAGNOSTIC_20260918","1790072275000","UK100-1790071370-0010","UK100","SHORT","OPPORTUNITY_ABANDONED","","0.00000000","0.00000000","10770.7000000000","TRANSITION_EXPIRED","false"
"SOLTRADE_V3_LIFETIME_EVENT_V2","1.1.0","ENTRY_ENGINE_V3_TRACKING_DIAGNOSTIC_20260918","1790072587536","GER40-1790071370-0010","GER40","SHORT","BANK1R","","1.00440833","0.00000000","25721.5500000000","bank_fraction=0.50;repeated_banking=false","false"
"SOLTRADE_V3_LIFETIME_EVENT_V2","1.1.0","ENTRY_ENGINE_V3_TRACKING_DIAGNOSTIC_20260918","1790074260000","XAGUSD.r-1790071215-0010","XAGUSD.r","SHORT","CAUSAL_INVALIDATION","FROZEN_V3_DIAGNOSTIC","-0.41478409","-0.46590909","65.7290000000","adverse_r_and_material_evidence_failure","false"
"SOLTRADE_V3_LIFETIME_EVENT_V2","1.1.0","ENTRY_ENGINE_V3_TRACKING_DIAGNOSTIC_20260918","1790074260000","XAGUSD.r-1790071215-0010","XAGUSD.r","SHORT","CAUSAL_INVALIDATION","STRUCTURAL_REVERSAL_CONFIRMATION","-0.41478409","-0.46590909","65.7290000000","adverse_r_and_material_evidence_failure","false"
"SOLTRADE_V3_LIFETIME_EVENT_V2","1.1.0","ENTRY_ENGINE_V3_TRACKING_DIAGNOSTIC_20260918","1790074355000","XAGUSD.r-1790071215-0010","XAGUSD.r","SHORT","CAUSAL_INVALIDATION","STRICT_PRESSURE_RESUMPTION","-0.50811051","-1.04166667","65.7470000000","adverse_r_and_material_evidence_failure","false"
"SOLTRADE_V3_LIFETIME_EVENT_V2","1.1.0","ENTRY_ENGINE_V3_TRACKING_DIAGNOSTIC_20260918","1790074590000","XAUUSD.r-1790071210-0010","XAUUSD.r","LONG","CAUSAL_INVALIDATION","FROZEN_V3_DIAGNOSTIC","-0.41711135","-0.29166667","4325.4100000000","adverse_r_and_material_evidence_failure","false"
"SOLTRADE_V3_LIFETIME_EVENT_V2","1.1.0","ENTRY_ENGINE_V3_TRACKING_DIAGNOSTIC_20260918","1790074590000","XAUUSD.r-1790071210-0010","XAUUSD.r","LONG","CAUSAL_INVALIDATION","STRUCTURAL_REVERSAL_CONFIRMATION","-0.41711135","-0.29166667","4325.4100000000","adverse_r_and_material_evidence_failure","false"
"SOLTRADE_V3_LIFETIME_EVENT_V2","1.1.0","ENTRY_ENGINE_V3_TRACKING_DIAGNOSTIC_20260918","1790074795000","XAUUSD.r-1790071210-0010","XAUUSD.r","LONG","CAUSAL_INVALIDATION","STRICT_PRESSURE_RESUMPTION","-0.61710690","-0.39772727","4322.8400000000","adverse_r_and_material_evidence_failure","false"
"SOLTRADE_V3_LIFETIME_EVENT_V2","1.1.0","ENTRY_ENGINE_V3_TRACKING_DIAGNOSTIC_20260918","1790074800000","XAUUSD.r-1790071210-0010","XAUUSD.r","LONG","CAUSAL_INVALIDATION","EXPANDING_PULLBACK_FAILURE","-0.69570438","-0.95833333","4321.8300000000","adverse_r_and_material_evidence_failure","false"
"SOLTRADE_V3_LIFETIME_EVENT_V2","1.1.0","ENTRY_ENGINE_V3_TRACKING_DIAGNOSTIC_20260918","1790075030917","XAUUSD.r-1790071210-0010","XAUUSD.r","LONG","STRUCTURAL_STOP","","-1.00231234","0.00000000","4317.8900000000","baseline_path_exit;terminal_reason=INITIAL_STRUCTURAL_STOP","false"
"SOLTRADE_V3_LIFETIME_EVENT_V2","1.1.0","ENTRY_ENGINE_V3_TRACKING_DIAGNOSTIC_20260918","1790075030000","XAUUSD.r-1790071210-0010","XAUUSD.r","LONG","POSITION_LIFETIME_COMPLETE","","-1.00231234","0.00000000","4318.3200000000","terminal_reason=INITIAL_STRUCTURAL_STOP;known_final_outcome=true","false"
"SOLTRADE_V3_LIFETIME_EVENT_V2","1.1.0","ENTRY_ENGINE_V3_TRACKING_DIAGNOSTIC_20260918","1790075365920","XAGUSD.r-1790071215-0010","XAGUSD.r","SHORT","BANK1R","","1.00585142","0.00000000","65.4550000000","bank_fraction=0.50;repeated_banking=false","false"
"SOLTRADE_V3_LIFETIME_EVENT_V2","1.1.0","ENTRY_ENGINE_V3_TRACKING_DIAGNOSTIC_20260918","1790078405000","GER40-1790071370-0010","GER40","SHORT","RUNNER_STRUCTURE_ADVANCED","","1.46425793","0.00000000","25757.5900000000","prior_stop=25804.3678571429;new_stop=25757.5900000000;completed_m5_m15=true;monotonic=true","false"
"SOLTRADE_V3_LIFETIME_EVENT_V2","1.1.0","ENTRY_ENGINE_V3_TRACKING_DIAGNOSTIC_20260918","1790079305000","GER40-1790071370-0010","GER40","SHORT","RUNNER_STRUCTURE_ADVANCED","","0.95600311","0.00000000","25755.7800000000","prior_stop=25757.5900000000;new_stop=25755.7800000000;completed_m5_m15=true;monotonic=true","false"
"SOLTRADE_V3_LIFETIME_EVENT_V2","1.1.0","ENTRY_ENGINE_V3_TRACKING_DIAGNOSTIC_20260918","1790079605000","GER40-1790071370-0010","GER40","SHORT","RUNNER_STRUCTURE_ADVANCED","","0.88339528","0.00000000","25755.0300000000","prior_stop=25755.7800000000;new_stop=25755.0300000000;completed_m5_m15=true;monotonic=true","false"
"SOLTRADE_V3_LIFETIME_EVENT_V2","1.1.0","ENTRY_ENGINE_V3_TRACKING_DIAGNOSTIC_20260918","1790079718400","XAGUSD.r-1790071215-0010","XAGUSD.r","SHORT","STRUCTURAL_STOP","","-1.03696023","0.00000000","65.8490000000","baseline_path_exit;terminal_reason=RUNNER_STRUCTURAL_STOP","false"
"SOLTRADE_V3_LIFETIME_EVENT_V2","1.1.0","ENTRY_ENGINE_V3_TRACKING_DIAGNOSTIC_20260918","1790079718000","XAGUSD.r-1790071215-0010","XAGUSD.r","SHORT","POSITION_LIFETIME_COMPLETE","","-1.03696023","0.00000000","65.8550000000","terminal_reason=RUNNER_STRUCTURAL_STOP;known_final_outcome=true","false"
"SOLTRADE_V3_LIFETIME_EVENT_V2","1.1.0","ENTRY_ENGINE_V3_TRACKING_DIAGNOSTIC_20260918","1790079905000","GER40-1790071370-0010","GER40","SHORT","RUNNER_STRUCTURE_ADVANCED","","0.68977440","0.00000000","25754.7500000000","prior_stop=25755.0300000000;new_stop=25754.7500000000;completed_m5_m15=true;monotonic=true","false"
"SOLTRADE_V3_LIFETIME_EVENT_V2","1.1.0","ENTRY_ENGINE_V3_TRACKING_DIAGNOSTIC_20260918","1790080205000","GER40-1790071370-0010","GER40","SHORT","RUNNER_STRUCTURE_ADVANCED","","0.49615351","0.00000000","25754.4800000000","prior_stop=25754.7500000000;new_stop=25754.4800000000;completed_m5_m15=true;monotonic=true","false"
"SOLTRADE_V3_LIFETIME_EVENT_V2","1.1.0","ENTRY_ENGINE_V3_TRACKING_DIAGNOSTIC_20260918","1790080266675","GER40-1790071370-0010","GER40","SHORT","STRUCTURAL_STOP","","0.20572219","0.00000000","25754.5500000000","baseline_path_exit;terminal_reason=RUNNER_STRUCTURAL_STOP","false"
"SOLTRADE_V3_LIFETIME_EVENT_V2","1.1.0","ENTRY_ENGINE_V3_TRACKING_DIAGNOSTIC_20260918","1790080266000","GER40-1790071370-0010","GER40","SHORT","POSITION_LIFETIME_COMPLETE","","0.20572219","0.00000000","25756.5500000000","terminal_reason=RUNNER_STRUCTURAL_STOP;known_final_outcome=true","false"
"SOLTRADE_V3_LIFETIME_EVENT_V2","1.1.0","ENTRY_ENGINE_V3_TRACKING_DIAGNOSTIC_20260918","1790082010000","EURUSD.r-1790082010-0011","EURUSD.r","SHORT","OPPORTUNITY_DETECTED","","0.00000000","0.00000000","1.1456150000","STRUCTURE_TRANSITION","false"
"SOLTRADE_V3_LIFETIME_EVENT_V2","1.1.0","ENTRY_ENGINE_V3_TRACKING_DIAGNOSTIC_20260918","1790082010000","GBPUSD.r-1790082010-0011","GBPUSD.r","SHORT","OPPORTUNITY_DETECTED","","0.00000000","0.00000000","1.3355550000","STRUCTURE_TRANSITION","false"
"SOLTRADE_V3_LIFETIME_EVENT_V2","1.1.0","ENTRY_ENGINE_V3_TRACKING_DIAGNOSTIC_20260918","1790082010000","USDCHF.r-1790082010-0011","USDCHF.r","SHORT","OPPORTUNITY_DETECTED","","0.00000000","0.00000000","0.8202500000","STRUCTURE_TRANSITION","false"
"SOLTRADE_V3_LIFETIME_EVENT_V2","1.1.0","ENTRY_ENGINE_V3_TRACKING_DIAGNOSTIC_20260918","1790082010000","EURGBP.r-1790082010-0011","EURGBP.r","SHORT","OPPORTUNITY_DETECTED","","0.00000000","0.00000000","0.8577750000","STRUCTURE_TRANSITION","false"
"SOLTRADE_V3_LIFETIME_EVENT_V2","1.1.0","ENTRY_ENGINE_V3_TRACKING_DIAGNOSTIC_20260918","1790082035000","USDCAD.r-1790082035-0011","USDCAD.r","SHORT","OPPORTUNITY_DETECTED","","0.00000000","0.00000000","1.4047400000","PRESSURE_BURST","false"
"SOLTRADE_V3_LIFETIME_EVENT_V2","1.1.0","ENTRY_ENGINE_V3_TRACKING_DIAGNOSTIC_20260918","1790082035000","EURJPY.r-1790082035-0011","EURJPY.r","SHORT","OPPORTUNITY_DETECTED","","0.00000000","0.00000000","180.2210000000","STRUCTURE_TRANSITION","false"
"SOLTRADE_V3_LIFETIME_EVENT_V2","1.1.0","ENTRY_ENGINE_V3_TRACKING_DIAGNOSTIC_20260918","1790082035000","GBPJPY.r-1790082035-0011","GBPJPY.r","SHORT","OPPORTUNITY_DETECTED","","0.00000000","0.00000000","210.1045000000","PRESSURE_BURST","false"
"SOLTRADE_V3_LIFETIME_EVENT_V2","1.1.0","ENTRY_ENGINE_V3_TRACKING_DIAGNOSTIC_20260918","1790082040000","USDJPY.r-1790082040-0011","USDJPY.r","SHORT","OPPORTUNITY_DETECTED","","0.00000000","0.00000000","157.3040000000","STRUCTURE_TRANSITION","false"
"SOLTRADE_V3_LIFETIME_EVENT_V2","1.1.0","ENTRY_ENGINE_V3_TRACKING_DIAGNOSTIC_20260918","1790082050000","NZDUSD.r-1790082050-0011","NZDUSD.r","SHORT","OPPORTUNITY_DETECTED","","0.00000000","0.00000000","0.5726450000","STRUCTURE_TRANSITION","false"
"SOLTRADE_V3_LIFETIME_EVENT_V2","1.1.0","ENTRY_ENGINE_V3_TRACKING_DIAGNOSTIC_20260918","1790082110000","AUDUSD.r-1790082110-0011","AUDUSD.r","SHORT","OPPORTUNITY_DETECTED","","0.00000000","0.00000000","0.7108400000","STRUCTURE_TRANSITION","false"
"SOLTRADE_V3_LIFETIME_EVENT_V2","1.1.0","ENTRY_ENGINE_V3_TRACKING_DIAGNOSTIC_20260918","1790082160000","AUDJPY.r-1790082160-0011","AUDJPY.r","SHORT","OPPORTUNITY_DETECTED","","0.00000000","0.00000000","111.7995000000","STRUCTURE_TRANSITION","false"
"SOLTRADE_V3_LIFETIME_EVENT_V2","1.1.0","ENTRY_ENGINE_V3_TRACKING_DIAGNOSTIC_20260918","1790082195000","AUDNZD.r-1790082195-0011","AUDNZD.r","SHORT","OPPORTUNITY_DETECTED","","0.00000000","0.00000000","1.2412700000","STRUCTURE_TRANSITION","false"
"SOLTRADE_V3_LIFETIME_EVENT_V2","1.1.0","ENTRY_ENGINE_V3_TRACKING_DIAGNOSTIC_20260918","1790082710000","AUDUSD.r-1790082110-0011","AUDUSD.r","SHORT","OPPORTUNITY_ABANDONED","","0.00000000","0.00000000","0.7109500000","STALE_MARKET_NO_CURRENT_TICK","false"
"SOLTRADE_V3_LIFETIME_EVENT_V2","1.1.0","ENTRY_ENGINE_V3_TRACKING_DIAGNOSTIC_20260918","1790082760000","EURUSD.r-1790082010-0011","EURUSD.r","SHORT","OPPORTUNITY_ABANDONED","","0.00000000","0.00000000","1.1456850000","STALE_MARKET_NO_CURRENT_TICK","false"
"SOLTRADE_V3_LIFETIME_EVENT_V2","1.1.0","ENTRY_ENGINE_V3_TRACKING_DIAGNOSTIC_20260918","1790082915000","GBPUSD.r-1790082010-0011","GBPUSD.r","SHORT","OPPORTUNITY_ABANDONED","","0.00000000","0.00000000","1.3361300000","TRANSITION_EXPIRED","false"
"SOLTRADE_V3_LIFETIME_EVENT_V2","1.1.0","ENTRY_ENGINE_V3_TRACKING_DIAGNOSTIC_20260918","1790082915000","USDCHF.r-1790082010-0011","USDCHF.r","SHORT","OPPORTUNITY_ABANDONED","","0.00000000","0.00000000","0.8198350000","TRANSITION_EXPIRED","false"
"SOLTRADE_V3_LIFETIME_EVENT_V2","1.1.0","ENTRY_ENGINE_V3_TRACKING_DIAGNOSTIC_20260918","1790082915000","EURGBP.r-1790082010-0011","EURGBP.r","SHORT","OPPORTUNITY_ABANDONED","","0.00000000","0.00000000","0.8575100000","TRANSITION_EXPIRED","false"
"SOLTRADE_V3_LIFETIME_EVENT_V2","1.1.0","ENTRY_ENGINE_V3_TRACKING_DIAGNOSTIC_20260918","1790082940000","USDCAD.r-1790082035-0011","USDCAD.r","SHORT","OPPORTUNITY_ABANDONED","","0.00000000","0.00000000","1.4049800000","TRANSITION_EXPIRED","false"
"SOLTRADE_V3_LIFETIME_EVENT_V2","1.1.0","ENTRY_ENGINE_V3_TRACKING_DIAGNOSTIC_20260918","1790082940000","EURJPY.r-1790082035-0011","EURJPY.r","SHORT","OPPORTUNITY_ABANDONED","","0.00000000","0.00000000","180.1655000000","TRANSITION_EXPIRED","false"
"SOLTRADE_V3_LIFETIME_EVENT_V2","1.1.0","ENTRY_ENGINE_V3_TRACKING_DIAGNOSTIC_20260918","1790082940000","GBPJPY.r-1790082035-0011","GBPJPY.r","SHORT","OPPORTUNITY_ABANDONED","","0.00000000","0.00000000","210.0880000000","TRANSITION_EXPIRED","false"
"SOLTRADE_V3_LIFETIME_EVENT_V2","1.1.0","ENTRY_ENGINE_V3_TRACKING_DIAGNOSTIC_20260918","1790082945000","USDJPY.r-1790082040-0011","USDJPY.r","SHORT","OPPORTUNITY_ABANDONED","","0.00000000","0.00000000","157.2570000000","TRANSITION_EXPIRED","false"
"SOLTRADE_V3_LIFETIME_EVENT_V2","1.1.0","ENTRY_ENGINE_V3_TRACKING_DIAGNOSTIC_20260918","1790082955000","NZDUSD.r-1790082050-0011","NZDUSD.r","SHORT","OPPORTUNITY_ABANDONED","","0.00000000","0.00000000","0.5728100000","TRANSITION_EXPIRED","false"
"SOLTRADE_V3_LIFETIME_EVENT_V2","1.1.0","ENTRY_ENGINE_V3_TRACKING_DIAGNOSTIC_20260918","1790083065000","AUDJPY.r-1790082160-0011","AUDJPY.r","SHORT","OPPORTUNITY_ABANDONED","","0.00000000","0.00000000","111.8035000000","TRANSITION_EXPIRED","false"
"SOLTRADE_V3_LIFETIME_EVENT_V2","1.1.0","ENTRY_ENGINE_V3_TRACKING_DIAGNOSTIC_20260918","1790083100000","AUDNZD.r-1790082195-0011","AUDNZD.r","SHORT","OPPORTUNITY_ABANDONED","","0.00000000","0.00000000","1.2412450000","TRANSITION_EXPIRED","false"
"SOLTRADE_V3_LIFETIME_EVENT_V2","1.1.0","ENTRY_ENGINE_V3_TRACKING_DIAGNOSTIC_20260918","1790085605000","US500-1790085605-0011","US500","SHORT","OPPORTUNITY_DETECTED","","0.00000000","0.00000000","7779.0250000000","STRUCTURE_TRANSITION","false"
"SOLTRADE_V3_LIFETIME_EVENT_V2","1.1.0","ENTRY_ENGINE_V3_TRACKING_DIAGNOSTIC_20260918","1790085610000","XAUUSD.r-1790085610-0011","XAUUSD.r","LONG","OPPORTUNITY_DETECTED","","0.00000000","0.00000000","4334.1900000000","STRUCTURE_TRANSITION","false"
"SOLTRADE_V3_LIFETIME_EVENT_V2","1.1.0","ENTRY_ENGINE_V3_TRACKING_DIAGNOSTIC_20260918","1790085615000","XAGUSD.r-1790085615-0011","XAGUSD.r","SHORT","OPPORTUNITY_DETECTED","","0.00000000","0.00000000","65.8850000000","STRUCTURE_TRANSITION","false"
"SOLTRADE_V3_LIFETIME_EVENT_V2","1.1.0","ENTRY_ENGINE_V3_TRACKING_DIAGNOSTIC_20260918","1790085665000","US100-1790085665-0011","US100","SHORT","OPPORTUNITY_DETECTED","","0.00000000","0.00000000","30666.6000000000","PRESSURE_BURST","false"
"SOLTRADE_V3_LIFETIME_EVENT_V2","1.1.0","ENTRY_ENGINE_V3_TRACKING_DIAGNOSTIC_20260918","1790085770000","GER40-1790085770-0011","GER40","SHORT","OPPORTUNITY_DETECTED","","0.00000000","0.00000000","25703.8000000000","PRESSURE_BURST","false"
"SOLTRADE_V3_LIFETIME_EVENT_V2","1.1.0","ENTRY_ENGINE_V3_TRACKING_DIAGNOSTIC_20260918","1790085770000","UK100-1790085770-0011","UK100","SHORT","OPPORTUNITY_DETECTED","","0.00000000","0.00000000","10753.2000000000","PRESSURE_BURST","false"
"SOLTRADE_V3_LIFETIME_EVENT_V2","1.1.0","ENTRY_ENGINE_V3_TRACKING_DIAGNOSTIC_20260918","1790085785000","EURO50-1790085785-0011","EURO50","SHORT","OPPORTUNITY_DETECTED","","0.00000000","0.00000000","6358.7000000000","PRESSURE_BURST","false"
"SOLTRADE_V3_LIFETIME_EVENT_V2","1.1.0","ENTRY_ENGINE_V3_TRACKING_DIAGNOSTIC_20260918","1790085795000","EURO50-1790085785-0011","EURO50","SHORT","OPPORTUNITY_ABANDONED","","0.00000000","0.00000000","6358.7000000000","STALE_MARKET_NO_CURRENT_TICK","false"
"SOLTRADE_V3_LIFETIME_EVENT_V2","1.1.0","ENTRY_ENGINE_V3_TRACKING_DIAGNOSTIC_20260918","1790086055000","US500-1790085605-0011","US500","SHORT","OPPORTUNITY_ABANDONED","","0.00000000","0.00000000","7781.5250000000","STALE_MARKET_NO_CURRENT_TICK","false"
"SOLTRADE_V3_LIFETIME_EVENT_V2","1.1.0","ENTRY_ENGINE_V3_TRACKING_DIAGNOSTIC_20260918","1790086390000","US100-1790085665-0011","US100","SHORT","ENTRY_TRIGGERED","","0.00000000","0.00000000","30707.3000000000","expected_net_r=0.39255760;full_loss_probability=0.40250178;bank1_probability=0.59120482;opposite_expected_net_r=-0.62285721;position_time_limit=false","false"
"SOLTRADE_V3_LIFETIME_EVENT_V2","1.1.0","ENTRY_ENGINE_V3_TRACKING_DIAGNOSTIC_20260918","1790086420000","US100-1790085665-0011","US100","SHORT","CAUSAL_INVALIDATION","FROZEN_V3_DIAGNOSTIC","-0.48163459","-1.04166667","30725.4000000000","adverse_r_and_material_evidence_failure","false"
"SOLTRADE_V3_LIFETIME_EVENT_V2","1.1.0","ENTRY_ENGINE_V3_TRACKING_DIAGNOSTIC_20260918","1790086420000","US100-1790085665-0011","US100","SHORT","CAUSAL_INVALIDATION","EXPANDING_PULLBACK_FAILURE","-0.48163459","-1.04166667","30725.4000000000","adverse_r_and_material_evidence_failure","false"
"SOLTRADE_V3_LIFETIME_EVENT_V2","1.1.0","ENTRY_ENGINE_V3_TRACKING_DIAGNOSTIC_20260918","1790086515000","XAUUSD.r-1790085610-0011","XAUUSD.r","LONG","OPPORTUNITY_ABANDONED","","0.00000000","0.00000000","4332.8600000000","TRANSITION_EXPIRED","false"
"SOLTRADE_V3_LIFETIME_EVENT_V2","1.1.0","ENTRY_ENGINE_V3_TRACKING_DIAGNOSTIC_20260918","1790086520000","XAGUSD.r-1790085615-0011","XAGUSD.r","SHORT","OPPORTUNITY_ABANDONED","","0.00000000","0.00000000","65.8435000000","TRANSITION_EXPIRED","false"
"SOLTRADE_V3_LIFETIME_EVENT_V2","1.1.0","ENTRY_ENGINE_V3_TRACKING_DIAGNOSTIC_20260918","1790086565000","US100-1790085665-0011","US100","SHORT","CAUSAL_INVALIDATION","STRUCTURAL_REVERSAL_CONFIRMATION","-0.44837254","-1.09090909","30724.1500000000","adverse_r_and_material_evidence_failure","false"
"SOLTRADE_V3_LIFETIME_EVENT_V2","1.1.0","ENTRY_ENGINE_V3_TRACKING_DIAGNOSTIC_20260918","1790086675000","GER40-1790085770-0011","GER40","SHORT","OPPORTUNITY_ABANDONED","","0.00000000","0.00000000","25656.8000000000","TRANSITION_EXPIRED","false"
"SOLTRADE_V3_LIFETIME_EVENT_V2","1.1.0","ENTRY_ENGINE_V3_TRACKING_DIAGNOSTIC_20260918","1790086675000","UK100-1790085770-0011","UK100","SHORT","OPPORTUNITY_ABANDONED","","0.00000000","0.00000000","10740.2000000000","TRANSITION_EXPIRED","false"
"SOLTRADE_V3_LIFETIME_EVENT_V2","1.1.0","ENTRY_ENGINE_V3_TRACKING_DIAGNOSTIC_20260918","1790087525000","US100-1790085665-0011","US100","SHORT","CAUSAL_INVALIDATION","STRICT_PRESSURE_RESUMPTION","-0.56811594","-1.27272727","30728.6500000000","adverse_r_and_material_evidence_failure","false"
"SOLTRADE_V3_LIFETIME_EVENT_V2","1.1.0","ENTRY_ENGINE_V3_TRACKING_DIAGNOSTIC_20260918","1790087624671","US100-1790085665-0011","US100","SHORT","STRUCTURAL_STOP","","-1.02047992","0.00000000","30745.6500000000","baseline_path_exit;terminal_reason=INITIAL_STRUCTURAL_STOP","false"
"SOLTRADE_V3_LIFETIME_EVENT_V2","1.1.0","ENTRY_ENGINE_V3_TRACKING_DIAGNOSTIC_20260918","1790087624000","US100-1790085665-0011","US100","SHORT","POSITION_LIFETIME_COMPLETE","","-1.02047992","0.00000000","30744.4000000000","terminal_reason=INITIAL_STRUCTURAL_STOP;known_final_outcome=true","false"
"SOLTRADE_V3_LIFETIME_EVENT_V2","1.1.0","ENTRY_ENGINE_V3_TRACKING_DIAGNOSTIC_20260918","1790096410000","EURUSD.r-1790096410-0012","EURUSD.r","SHORT","OPPORTUNITY_DETECTED","","0.00000000","0.00000000","1.1436250000","PRESSURE_BURST","false"
"SOLTRADE_V3_LIFETIME_EVENT_V2","1.1.0","ENTRY_ENGINE_V3_TRACKING_DIAGNOSTIC_20260918","1790096410000","GBPUSD.r-1790096410-0012","GBPUSD.r","SHORT","OPPORTUNITY_DETECTED","","0.00000000","0.00000000","1.3329200000","PRESSURE_BURST","false"
"SOLTRADE_V3_LIFETIME_EVENT_V2","1.1.0","ENTRY_ENGINE_V3_TRACKING_DIAGNOSTIC_20260918","1790096410000","USDCHF.r-1790096410-0012","USDCHF.r","SHORT","OPPORTUNITY_DETECTED","","0.00000000","0.00000000","0.8216550000","STRUCTURE_TRANSITION","false"
"SOLTRADE_V3_LIFETIME_EVENT_V2","1.1.0","ENTRY_ENGINE_V3_TRACKING_DIAGNOSTIC_20260918","1790096410000","EURGBP.r-1790096410-0012","EURGBP.r","SHORT","OPPORTUNITY_DETECTED","","0.00000000","0.00000000","0.8579800000","RATE_BURST","false"
"SOLTRADE_V3_LIFETIME_EVENT_V2","1.1.0","ENTRY_ENGINE_V3_TRACKING_DIAGNOSTIC_20260918","1790096435000","USDCAD.r-1790096435-0012","USDCAD.r","SHORT","OPPORTUNITY_DETECTED","","0.00000000","0.00000000","1.4071350000","STRUCTURE_TRANSITION","false"
"SOLTRADE_V3_LIFETIME_EVENT_V2","1.1.0","ENTRY_ENGINE_V3_TRACKING_DIAGNOSTIC_20260918","1790096435000","EURJPY.r-1790096435-0012","EURJPY.r","SHORT","OPPORTUNITY_DETECTED","","0.00000000","0.00000000","180.1125000000","STRUCTURE_TRANSITION","false"
"SOLTRADE_V3_LIFETIME_EVENT_V2","1.1.0","ENTRY_ENGINE_V3_TRACKING_DIAGNOSTIC_20260918","1790096435000","GBPJPY.r-1790096435-0012","GBPJPY.r","SHORT","OPPORTUNITY_DETECTED","","0.00000000","0.00000000","209.9175000000","STRUCTURE_TRANSITION","false"
"SOLTRADE_V3_LIFETIME_EVENT_V2","1.1.0","ENTRY_ENGINE_V3_TRACKING_DIAGNOSTIC_20260918","1790096440000","USDJPY.r-1790096440-0012","USDJPY.r","SHORT","OPPORTUNITY_DETECTED","","0.00000000","0.00000000","157.4805000000","STRUCTURE_TRANSITION","false"
"SOLTRADE_V3_LIFETIME_EVENT_V2","1.1.0","ENTRY_ENGINE_V3_TRACKING_DIAGNOSTIC_20260918","1790096450000","NZDUSD.r-1790096450-0012","NZDUSD.r","SHORT","OPPORTUNITY_DETECTED","","0.00000000","0.00000000","0.5720250000","PRESSURE_BURST","false"
"SOLTRADE_V3_LIFETIME_EVENT_V2","1.1.0","ENTRY_ENGINE_V3_TRACKING_DIAGNOSTIC_20260918","1790096510000","AUDUSD.r-1790096510-0012","AUDUSD.r","SHORT","OPPORTUNITY_DETECTED","","0.00000000","0.00000000","0.7105500000","STRUCTURE_TRANSITION","false"
"SOLTRADE_V3_LIFETIME_EVENT_V2","1.1.0","ENTRY_ENGINE_V3_TRACKING_DIAGNOSTIC_20260918","1790096560000","AUDJPY.r-1790096560-0012","AUDJPY.r","SHORT","OPPORTUNITY_DETECTED","","0.00000000","0.00000000","111.8965000000","STRUCTURE_TRANSITION","false"
"SOLTRADE_V3_LIFETIME_EVENT_V2","1.1.0","ENTRY_ENGINE_V3_TRACKING_DIAGNOSTIC_20260918","1790096570000","EURUSD.r-1790096410-0012","EURUSD.r","SHORT","OPPORTUNITY_ABANDONED","","0.00000000","0.00000000","1.1435500000","STALE_MARKET_NO_CURRENT_TICK","false"
"SOLTRADE_V3_LIFETIME_EVENT_V2","1.1.0","ENTRY_ENGINE_V3_TRACKING_DIAGNOSTIC_20260918","1790096595000","AUDNZD.r-1790096595-0012","AUDNZD.r","SHORT","OPPORTUNITY_DETECTED","","0.00000000","0.00000000","1.2422250000","STRUCTURE_TRANSITION","false"
"SOLTRADE_V3_LIFETIME_EVENT_V2","1.1.0","ENTRY_ENGINE_V3_TRACKING_DIAGNOSTIC_20260918","1790096655000","NZDUSD.r-1790096450-0012","NZDUSD.r","SHORT","OPPORTUNITY_ABANDONED","","0.00000000","0.00000000","0.5719350000","STALE_MARKET_NO_CURRENT_TICK","false"
"SOLTRADE_V3_LIFETIME_EVENT_V2","1.1.0","ENTRY_ENGINE_V3_TRACKING_DIAGNOSTIC_20260918","1790096660000","AUDUSD.r-1790096510-0012","AUDUSD.r","SHORT","OPPORTUNITY_ABANDONED","","0.00000000","0.00000000","0.7104800000","STALE_MARKET_NO_CURRENT_TICK","false"
"SOLTRADE_V3_LIFETIME_EVENT_V2","1.1.0","ENTRY_ENGINE_V3_TRACKING_DIAGNOSTIC_20260918","1790096760000","GBPUSD.r-1790096410-0012","GBPUSD.r","SHORT","OPPORTUNITY_ABANDONED","","0.00000000","0.00000000","1.3328700000","STALE_MARKET_NO_CURRENT_TICK","false"
"SOLTRADE_V3_LIFETIME_EVENT_V2","1.1.0","ENTRY_ENGINE_V3_TRACKING_DIAGNOSTIC_20260918","1790096875000","USDCAD.r-1790096435-0012","USDCAD.r","SHORT","OPPORTUNITY_ABANDONED","","0.00000000","0.00000000","1.4079300000","STALE_MARKET_NO_CURRENT_TICK","false"
"SOLTRADE_V3_LIFETIME_EVENT_V2","1.1.0","ENTRY_ENGINE_V3_TRACKING_DIAGNOSTIC_20260918","1790097315000","USDCHF.r-1790096410-0012","USDCHF.r","SHORT","OPPORTUNITY_ABANDONED","","0.00000000","0.00000000","0.8218400000","TRANSITION_EXPIRED","false"
"SOLTRADE_V3_LIFETIME_EVENT_V2","1.1.0","ENTRY_ENGINE_V3_TRACKING_DIAGNOSTIC_20260918","1790097315000","EURGBP.r-1790096410-0012","EURGBP.r","SHORT","OPPORTUNITY_ABANDONED","","0.00000000","0.00000000","0.8579250000","TRANSITION_EXPIRED","false"
"SOLTRADE_V3_LIFETIME_EVENT_V2","1.1.0","ENTRY_ENGINE_V3_TRACKING_DIAGNOSTIC_20260918","1790097340000","EURJPY.r-1790096435-0012","EURJPY.r","SHORT","OPPORTUNITY_ABANDONED","","0.00000000","0.00000000","180.1005000000","TRANSITION_EXPIRED","false"
"SOLTRADE_V3_LIFETIME_EVENT_V2","1.1.0","ENTRY_ENGINE_V3_TRACKING_DIAGNOSTIC_20260918","1790097340000","GBPJPY.r-1790096435-0012","GBPJPY.r","SHORT","OPPORTUNITY_ABANDONED","","0.00000000","0.00000000","209.9190000000","TRANSITION_EXPIRED","false"
"SOLTRADE_V3_LIFETIME_EVENT_V2","1.1.0","ENTRY_ENGINE_V3_TRACKING_DIAGNOSTIC_20260918","1790097345000","USDJPY.r-1790096440-0012","USDJPY.r","SHORT","OPPORTUNITY_ABANDONED","","0.00000000","0.00000000","157.5160000000","TRANSITION_EXPIRED","false"
"SOLTRADE_V3_LIFETIME_EVENT_V2","1.1.0","ENTRY_ENGINE_V3_TRACKING_DIAGNOSTIC_20260918","1790097465000","AUDJPY.r-1790096560-0012","AUDJPY.r","SHORT","OPPORTUNITY_ABANDONED","","0.00000000","0.00000000","111.8965000000","TRANSITION_EXPIRED","false"
"SOLTRADE_V3_LIFETIME_EVENT_V2","1.1.0","ENTRY_ENGINE_V3_TRACKING_DIAGNOSTIC_20260918","1790097500000","AUDNZD.r-1790096595-0012","AUDNZD.r","SHORT","OPPORTUNITY_ABANDONED","","0.00000000","0.00000000","1.2423200000","TRANSITION_EXPIRED","false"
"SOLTRADE_V3_LIFETIME_EVENT_V2","1.1.0","ENTRY_ENGINE_V3_TRACKING_DIAGNOSTIC_20260918","1790100005000","US500-1790100005-0012","US500","SHORT","OPPORTUNITY_DETECTED","","0.00000000","0.00000000","7781.2750000000","STRUCTURE_TRANSITION","false"
"SOLTRADE_V3_LIFETIME_EVENT_V2","1.1.0","ENTRY_ENGINE_V3_TRACKING_DIAGNOSTIC_20260918","1790100010000","XAUUSD.r-1790100010-0012","XAUUSD.r","LONG","OPPORTUNITY_DETECTED","","0.00000000","0.00000000","4351.0300000000","STRUCTURE_TRANSITION","false"
"SOLTRADE_V3_LIFETIME_EVENT_V2","1.1.0","ENTRY_ENGINE_V3_TRACKING_DIAGNOSTIC_20260918","1790100015000","XAGUSD.r-1790100015-0012","XAGUSD.r","SHORT","OPPORTUNITY_DETECTED","","0.00000000","0.00000000","66.4725000000","PRESSURE_BURST","false"
"SOLTRADE_V3_LIFETIME_EVENT_V2","1.1.0","ENTRY_ENGINE_V3_TRACKING_DIAGNOSTIC_20260918","1790100065000","US100-1790100065-0012","US100","SHORT","OPPORTUNITY_DETECTED","","0.00000000","0.00000000","30703.8500000000","STRUCTURE_TRANSITION","false"
"SOLTRADE_V3_LIFETIME_EVENT_V2","1.1.0","ENTRY_ENGINE_V3_TRACKING_DIAGNOSTIC_20260918","1790100150000","US500-1790100005-0012","US500","SHORT","OPPORTUNITY_ABANDONED","","0.00000000","0.00000000","7777.5250000000","STALE_MARKET_NO_CURRENT_TICK","false"
"SOLTRADE_V3_LIFETIME_EVENT_V2","1.1.0","ENTRY_ENGINE_V3_TRACKING_DIAGNOSTIC_20260918","1790100170000","GER40-1790100170-0012","GER40","SHORT","OPPORTUNITY_DETECTED","","0.00000000","0.00000000","25682.8000000000","PRESSURE_BURST","false"
"SOLTRADE_V3_LIFETIME_EVENT_V2","1.1.0","ENTRY_ENGINE_V3_TRACKING_DIAGNOSTIC_20260918","1790100170000","UK100-1790100170-0012","UK100","SHORT","OPPORTUNITY_DETECTED","","0.00000000","0.00000000","10765.2000000000","PRESSURE_BURST","false"
"SOLTRADE_V3_LIFETIME_EVENT_V2","1.1.0","ENTRY_ENGINE_V3_TRACKING_DIAGNOSTIC_20260918","1790100185000","EURO50-1790100185-0012","EURO50","SHORT","OPPORTUNITY_DETECTED","","0.00000000","0.00000000","6352.7000000000","PRESSURE_BURST","false"
"SOLTRADE_V3_LIFETIME_EVENT_V2","1.1.0","ENTRY_ENGINE_V3_TRACKING_DIAGNOSTIC_20260918","1790100200000","EURO50-1790100185-0012","EURO50","SHORT","OPPORTUNITY_ABANDONED","","0.00000000","0.00000000","6353.7000000000","STALE_MARKET_NO_CURRENT_TICK","false"
"SOLTRADE_V3_LIFETIME_EVENT_V2","1.1.0","ENTRY_ENGINE_V3_TRACKING_DIAGNOSTIC_20260918","1790100250000","US100-1790100065-0012","US100","LONG","ENTRY_TRIGGERED","","0.00000000","0.00000000","30706.9000000000","expected_net_r=0.74060499;full_loss_probability=0.43600040;bank1_probability=0.50284487;opposite_expected_net_r=-1.01134656;position_time_limit=false","false"
"SOLTRADE_V3_LIFETIME_EVENT_V2","1.1.0","ENTRY_ENGINE_V3_TRACKING_DIAGNOSTIC_20260918","1790100335000","XAGUSD.r-1790100015-0012","XAGUSD.r","SHORT","ENTRY_TRIGGERED","","0.00000000","0.00000000","66.6350000000","expected_net_r=0.61449268;full_loss_probability=0.43975284;bank1_probability=0.60205152;opposite_expected_net_r=-1.24868248;position_time_limit=false","false"
"SOLTRADE_V3_LIFETIME_EVENT_V2","1.1.0","ENTRY_ENGINE_V3_TRACKING_DIAGNOSTIC_20260918","1790100345000","XAGUSD.r-1790100015-0012","XAGUSD.r","SHORT","CAUSAL_INVALIDATION","FROZEN_V3_DIAGNOSTIC","-0.51787916","-0.58333333","66.7040000000","adverse_r_and_material_evidence_failure","false"
"SOLTRADE_V3_LIFETIME_EVENT_V2","1.1.0","ENTRY_ENGINE_V3_TRACKING_DIAGNOSTIC_20260918","1790100345000","XAGUSD.r-1790100015-0012","XAGUSD.r","SHORT","CAUSAL_INVALIDATION","STRICT_PRESSURE_RESUMPTION","-0.51787916","-0.58333333","66.7040000000","adverse_r_and_material_evidence_failure","false"
"SOLTRADE_V3_LIFETIME_EVENT_V2","1.1.0","ENTRY_ENGINE_V3_TRACKING_DIAGNOSTIC_20260918","1790100345000","XAGUSD.r-1790100015-0012","XAGUSD.r","SHORT","CAUSAL_INVALIDATION","STRUCTURAL_REVERSAL_CONFIRMATION","-0.51787916","-0.58333333","66.7040000000","adverse_r_and_material_evidence_failure","false"
"SOLTRADE_V3_LIFETIME_EVENT_V2","1.1.0","ENTRY_ENGINE_V3_TRACKING_DIAGNOSTIC_20260918","1790100345000","XAGUSD.r-1790100015-0012","XAGUSD.r","SHORT","CAUSAL_INVALIDATION","EXPANDING_PULLBACK_FAILURE","-0.51787916","-0.58333333","66.7040000000","adverse_r_and_material_evidence_failure","false"
"SOLTRADE_V3_LIFETIME_EVENT_V2","1.1.0","ENTRY_ENGINE_V3_TRACKING_DIAGNOSTIC_20260918","1790100355000","UK100-1790100170-0012","UK100","SHORT","OPPORTUNITY_ABANDONED","","0.00000000","0.00000000","10769.2000000000","STALE_MARKET_NO_CURRENT_TICK","false"
"SOLTRADE_V3_LIFETIME_EVENT_V2","1.1.0","ENTRY_ENGINE_V3_TRACKING_DIAGNOSTIC_20260918","1790100372152","XAGUSD.r-1790100015-0012","XAGUSD.r","SHORT","STRUCTURAL_STOP","","-1.01324184","0.00000000","66.7700000000","baseline_path_exit;terminal_reason=INITIAL_STRUCTURAL_STOP","false"
"SOLTRADE_V3_LIFETIME_EVENT_V2","1.1.0","ENTRY_ENGINE_V3_TRACKING_DIAGNOSTIC_20260918","1790100375000","XAUUSD.r-1790100010-0012","XAUUSD.r","SHORT","ENTRY_TRIGGERED","","0.00000000","0.00000000","4357.1200000000","expected_net_r=0.82041614;full_loss_probability=0.31117126;bank1_probability=0.68964584;opposite_expected_net_r=-0.78484493;position_time_limit=false","false"
"SOLTRADE_V3_LIFETIME_EVENT_V2","1.1.0","ENTRY_ENGINE_V3_TRACKING_DIAGNOSTIC_20260918","1790100372000","XAGUSD.r-1790100015-0012","XAGUSD.r","SHORT","POSITION_LIFETIME_COMPLETE","","-1.01324184","0.00000000","66.8100000000","terminal_reason=INITIAL_STRUCTURAL_STOP;known_final_outcome=true","false"
"SOLTRADE_V3_LIFETIME_EVENT_V2","1.1.0","ENTRY_ENGINE_V3_TRACKING_DIAGNOSTIC_20260918","1790100520000","XAUUSD.r-1790100010-0012","XAUUSD.r","SHORT","CAUSAL_INVALIDATION","EXPANDING_PULLBACK_FAILURE","-0.37911840","-0.98076923","4359.0100000000","adverse_r_and_material_evidence_failure","false"
"SOLTRADE_V3_LIFETIME_EVENT_V2","1.1.0","ENTRY_ENGINE_V3_TRACKING_DIAGNOSTIC_20260918","1790100525000","XAUUSD.r-1790100010-0012","XAUUSD.r","SHORT","CAUSAL_INVALIDATION","FROZEN_V3_DIAGNOSTIC","-0.41121308","-0.87500000","4359.1700000000","adverse_r_and_material_evidence_failure","false"
"SOLTRADE_V3_LIFETIME_EVENT_V2","1.1.0","ENTRY_ENGINE_V3_TRACKING_DIAGNOSTIC_20260918","1790100525000","XAUUSD.r-1790100010-0012","XAUUSD.r","SHORT","CAUSAL_INVALIDATION","STRUCTURAL_REVERSAL_CONFIRMATION","-0.41121308","-0.87500000","4359.1700000000","adverse_r_and_material_evidence_failure","false"
"SOLTRADE_V3_LIFETIME_EVENT_V2","1.1.0","ENTRY_ENGINE_V3_TRACKING_DIAGNOSTIC_20260918","1790100575000","GER40-1790100170-0012","GER40","SHORT","OPPORTUNITY_ABANDONED","","0.00000000","0.00000000","25699.8000000000","STALE_MARKET_NO_CURRENT_TICK","false"
"SOLTRADE_V3_LIFETIME_EVENT_V2","1.1.0","ENTRY_ENGINE_V3_TRACKING_DIAGNOSTIC_20260918","1790100735000","XAUUSD.r-1790100010-0012","XAUUSD.r","SHORT","CAUSAL_INVALIDATION","STRICT_PRESSURE_RESUMPTION","-0.55563914","-0.98076923","4359.8900000000","adverse_r_and_material_evidence_failure","false"
"SOLTRADE_V3_LIFETIME_EVENT_V2","1.1.0","ENTRY_ENGINE_V3_TRACKING_DIAGNOSTIC_20260918","1790100738799","US100-1790100065-0012","US100","LONG","BANK1R","","1.02920767","0.00000000","30732.6700000000","bank_fraction=0.50;repeated_banking=false","false"
"SOLTRADE_V3_LIFETIME_EVENT_V2","1.1.0","ENTRY_ENGINE_V3_TRACKING_DIAGNOSTIC_20260918","1790102125419","XAUUSD.r-1790100010-0012","XAUUSD.r","SHORT","BANK1R","","1.03104157","0.00000000","4351.9800000000","bank_fraction=0.50;repeated_banking=false","false"
"SOLTRADE_V3_LIFETIME_EVENT_V2","1.1.0","ENTRY_ENGINE_V3_TRACKING_DIAGNOSTIC_20260918","1790105458102","XAUUSD.r-1790100010-0012","XAUUSD.r","SHORT","STRUCTURAL_STOP","","-1.01499423","0.00000000","4362.1800000000","baseline_path_exit;terminal_reason=RUNNER_STRUCTURAL_STOP","false"
"SOLTRADE_V3_LIFETIME_EVENT_V2","1.1.0","ENTRY_ENGINE_V3_TRACKING_DIAGNOSTIC_20260918","1790105458000","XAUUSD.r-1790100010-0012","XAUUSD.r","SHORT","POSITION_LIFETIME_COMPLETE","","-1.01499423","0.00000000","4362.1800000000","terminal_reason=RUNNER_STRUCTURAL_STOP;known_final_outcome=true","false"
"SOLTRADE_V3_LIFETIME_EVENT_V2","1.1.0","ENTRY_ENGINE_V3_TRACKING_DIAGNOSTIC_20260918","1790106305000","US100-1790100065-0012","US100","LONG","RUNNER_STRUCTURE_ADVANCED","","3.30688378","0.00000000","30710.2100000000","prior_stop=30681.8613214286;new_stop=30710.2100000000;completed_m5_m15=true;monotonic=true","false"
"SOLTRADE_V3_LIFETIME_EVENT_V2","1.1.0","ENTRY_ENGINE_V3_TRACKING_DIAGNOSTIC_20260918","1790106605000","US100-1790100065-0012","US100","LONG","RUNNER_STRUCTURE_ADVANCED","","3.42669841","0.00000000","30710.2800000000","prior_stop=30710.2100000000;new_stop=30710.2800000000;completed_m5_m15=true;monotonic=true","false"
"SOLTRADE_V3_LIFETIME_EVENT_V2","1.1.0","ENTRY_ENGINE_V3_TRACKING_DIAGNOSTIC_20260918","1790108100000","US100-1790100065-0012","US100","LONG","RUNNER_STRUCTURE_ADVANCED","","2.47816592","0.00000000","30715.2500000000","prior_stop=30710.2800000000;new_stop=30715.2500000000;completed_m5_m15=true;monotonic=true","false"
"SOLTRADE_V3_LIFETIME_EVENT_V2","1.1.0","ENTRY_ENGINE_V3_TRACKING_DIAGNOSTIC_20260918","1790108405000","US100-1790100065-0012","US100","LONG","RUNNER_STRUCTURE_ADVANCED","","2.26849032","0.00000000","30715.3600000000","prior_stop=30715.2500000000;new_stop=30715.3600000000;completed_m5_m15=true;monotonic=true","false"
"SOLTRADE_V3_LIFETIME_EVENT_V2","1.1.0","ENTRY_ENGINE_V3_TRACKING_DIAGNOSTIC_20260918","1790109005000","US100-1790100065-0012","US100","LONG","RUNNER_STRUCTURE_ADVANCED","","1.79921636","0.00000000","30718.7700000000","prior_stop=30715.3600000000;new_stop=30718.7700000000;completed_m5_m15=true;monotonic=true","false"
"SOLTRADE_V3_LIFETIME_EVENT_V2","1.1.0","ENTRY_ENGINE_V3_TRACKING_DIAGNOSTIC_20260918","1790109305000","US100-1790100065-0012","US100","LONG","RUNNER_STRUCTURE_ADVANCED","","1.95896919","0.00000000","30718.8800000000","prior_stop=30718.7700000000;new_stop=30718.8800000000;completed_m5_m15=true;monotonic=true","false"
"SOLTRADE_V3_LIFETIME_EVENT_V2","1.1.0","ENTRY_ENGINE_V3_TRACKING_DIAGNOSTIC_20260918","1790109605000","US100-1790100065-0012","US100","LONG","RUNNER_STRUCTURE_ADVANCED","","1.93900009","0.00000000","30719.2300000000","prior_stop=30718.8800000000;new_stop=30719.2300000000;completed_m5_m15=true;monotonic=true","false"
"SOLTRADE_V3_LIFETIME_EVENT_V2","1.1.0","ENTRY_ENGINE_V3_TRACKING_DIAGNOSTIC_20260918","1790109905000","US100-1790100065-0012","US100","LONG","RUNNER_STRUCTURE_ADVANCED","","1.70935538","0.00000000","30742.6000000000","prior_stop=30719.2300000000;new_stop=30742.6000000000;completed_m5_m15=true;monotonic=true","false"
"SOLTRADE_V3_LIFETIME_EVENT_V2","1.1.0","ENTRY_ENGINE_V3_TRACKING_DIAGNOSTIC_20260918","1790110763472","US100-1790100065-0012","US100","LONG","STRUCTURAL_STOP","","1.41980336","0.00000000","30742.4500000000","baseline_path_exit;terminal_reason=RUNNER_STRUCTURAL_STOP","false"
"SOLTRADE_V3_LIFETIME_EVENT_V2","1.1.0","ENTRY_ENGINE_V3_TRACKING_DIAGNOSTIC_20260918","1790110763000","US100-1790100065-0012","US100","LONG","POSITION_LIFETIME_COMPLETE","","1.41980336","0.00000000","30742.2000000000","terminal_reason=RUNNER_STRUCTURAL_STOP;known_final_outcome=true","false"
"SOLTRADE_V3_LIFETIME_EVENT_V2","1.1.0","ENTRY_ENGINE_V3_TRACKING_DIAGNOSTIC_20260918","1790110810000","EURUSD.r-1790110810-0013","EURUSD.r","SHORT","OPPORTUNITY_DETECTED","","0.00000000","0.00000000","1.1451250000","PRESSURE_BURST","false"
"SOLTRADE_V3_LIFETIME_EVENT_V2","1.1.0","ENTRY_ENGINE_V3_TRACKING_DIAGNOSTIC_20260918","1790110810000","GBPUSD.r-1790110810-0013","GBPUSD.r","SHORT","OPPORTUNITY_DETECTED","","0.00000000","0.00000000","1.3344500000","STRUCTURE_TRANSITION","false"
"SOLTRADE_V3_LIFETIME_EVENT_V2","1.1.0","ENTRY_ENGINE_V3_TRACKING_DIAGNOSTIC_20260918","1790110810000","USDCHF.r-1790110810-0013","USDCHF.r","SHORT","OPPORTUNITY_DETECTED","","0.00000000","0.00000000","0.8206250000","STRUCTURE_TRANSITION","false"
"SOLTRADE_V3_LIFETIME_EVENT_V2","1.1.0","ENTRY_ENGINE_V3_TRACKING_DIAGNOSTIC_20260918","1790110810000","EURGBP.r-1790110810-0013","EURGBP.r","SHORT","OPPORTUNITY_DETECTED","","0.00000000","0.00000000","0.8581350000","STRUCTURE_TRANSITION","false"
"SOLTRADE_V3_LIFETIME_EVENT_V2","1.1.0","ENTRY_ENGINE_V3_TRACKING_DIAGNOSTIC_20260918","1790110815000","GBPUSD.r-1790110810-0013","GBPUSD.r","SHORT","OPPORTUNITY_ABANDONED","","0.00000000","0.00000000","1.3344500000","STALE_MARKET_NO_CURRENT_TICK","false"
"SOLTRADE_V3_LIFETIME_EVENT_V2","1.1.0","ENTRY_ENGINE_V3_TRACKING_DIAGNOSTIC_20260918","1790110815000","EURGBP.r-1790110810-0013","EURGBP.r","SHORT","OPPORTUNITY_ABANDONED","","0.00000000","0.00000000","0.8581350000","STALE_MARKET_NO_CURRENT_TICK","false"
"SOLTRADE_V3_LIFETIME_EVENT_V2","1.1.0","ENTRY_ENGINE_V3_TRACKING_DIAGNOSTIC_20260918","1790110825000","USDCHF.r-1790110810-0013","USDCHF.r","SHORT","OPPORTUNITY_ABANDONED","","0.00000000","0.00000000","0.8204400000","STALE_MARKET_NO_CURRENT_TICK","false"
"SOLTRADE_V3_LIFETIME_EVENT_V2","1.1.0","ENTRY_ENGINE_V3_TRACKING_DIAGNOSTIC_20260918","1790110835000","USDCAD.r-1790110835-0013","USDCAD.r","SHORT","OPPORTUNITY_DETECTED","","0.00000000","0.00000000","1.4059350000","PRESSURE_BURST","false"
"SOLTRADE_V3_LIFETIME_EVENT_V2","1.1.0","ENTRY_ENGINE_V3_TRACKING_DIAGNOSTIC_20260918","1790110835000","EURJPY.r-1790110835-0013","EURJPY.r","SHORT","OPPORTUNITY_DETECTED","","0.00000000","0.00000000","180.2290000000","PRESSURE_BURST","false"
"SOLTRADE_V3_LIFETIME_EVENT_V2","1.1.0","ENTRY_ENGINE_V3_TRACKING_DIAGNOSTIC_20260918","1790110835000","GBPJPY.r-1790110835-0013","GBPJPY.r","SHORT","OPPORTUNITY_DETECTED","","0.00000000","0.00000000","210.0190000000","PRESSURE_BURST","false"
"SOLTRADE_V3_LIFETIME_EVENT_V2","1.1.0","ENTRY_ENGINE_V3_TRACKING_DIAGNOSTIC_20260918","1790110840000","USDJPY.r-1790110840-0013","USDJPY.r","SHORT","OPPORTUNITY_DETECTED","","0.00000000","0.00000000","157.4015000000","PRESSURE_BURST","false"
"SOLTRADE_V3_LIFETIME_EVENT_V2","1.1.0","ENTRY_ENGINE_V3_TRACKING_DIAGNOSTIC_20260918","1790110845000","USDJPY.r-1790110840-0013","USDJPY.r","SHORT","OPPORTUNITY_ABANDONED","","0.00000000","0.00000000","157.4015000000","STALE_MARKET_NO_CURRENT_TICK","false"
"SOLTRADE_V3_LIFETIME_EVENT_V2","1.1.0","ENTRY_ENGINE_V3_TRACKING_DIAGNOSTIC_20260918","1790110845000","EURJPY.r-1790110835-0013","EURJPY.r","SHORT","OPPORTUNITY_ABANDONED","","0.00000000","0.00000000","180.2290000000","STALE_MARKET_NO_CURRENT_TICK","false"
"SOLTRADE_V3_LIFETIME_EVENT_V2","1.1.0","ENTRY_ENGINE_V3_TRACKING_DIAGNOSTIC_20260918","1790110855000","NZDUSD.r-1790110855-0013","NZDUSD.r","SHORT","OPPORTUNITY_DETECTED","","0.00000000","0.00000000","0.5729050000","PRESSURE_BURST","false"
"SOLTRADE_V3_LIFETIME_EVENT_V2","1.1.0","ENTRY_ENGINE_V3_TRACKING_DIAGNOSTIC_20260918","1790110855000","GBPJPY.r-1790110835-0013","GBPJPY.r","SHORT","OPPORTUNITY_ABANDONED","","0.00000000","0.00000000","210.0365000000","STALE_MARKET_NO_CURRENT_TICK","false"
"SOLTRADE_V3_LIFETIME_EVENT_V2","1.1.0","ENTRY_ENGINE_V3_TRACKING_DIAGNOSTIC_20260918","1790110860000","USDCAD.r-1790110835-0013","USDCAD.r","SHORT","OPPORTUNITY_ABANDONED","","0.00000000","0.00000000","1.4059300000","STALE_MARKET_NO_CURRENT_TICK","false"
"SOLTRADE_V3_LIFETIME_EVENT_V2","1.1.0","ENTRY_ENGINE_V3_TRACKING_DIAGNOSTIC_20260918","1790110875000","NZDUSD.r-1790110855-0013","NZDUSD.r","SHORT","OPPORTUNITY_ABANDONED","","0.00000000","0.00000000","0.5729100000","STALE_MARKET_NO_CURRENT_TICK","false"
"SOLTRADE_V3_LIFETIME_EVENT_V2","1.1.0","ENTRY_ENGINE_V3_TRACKING_DIAGNOSTIC_20260918","1790110880000","EURUSD.r-1790110810-0013","EURUSD.r","SHORT","OPPORTUNITY_ABANDONED","","0.00000000","0.00000000","1.1451250000","STALE_MARKET_NO_CURRENT_TICK","false"
"SOLTRADE_V3_LIFETIME_EVENT_V2","1.1.0","ENTRY_ENGINE_V3_TRACKING_DIAGNOSTIC_20260918","1790110925000","AUDUSD.r-1790110925-0013","AUDUSD.r","SHORT","OPPORTUNITY_DETECTED","","0.00000000","0.00000000","0.7115300000","PRESSURE_BURST","false"
"SOLTRADE_V3_LIFETIME_EVENT_V2","1.1.0","ENTRY_ENGINE_V3_TRACKING_DIAGNOSTIC_20260918","1790110935000","AUDUSD.r-1790110925-0013","AUDUSD.r","SHORT","OPPORTUNITY_ABANDONED","","0.00000000","0.00000000","0.7115300000","STALE_MARKET_NO_CURRENT_TICK","false"
"SOLTRADE_V3_LIFETIME_EVENT_V2","1.1.0","ENTRY_ENGINE_V3_TRACKING_DIAGNOSTIC_20260918","1790110970000","AUDJPY.r-1790110970-0013","AUDJPY.r","SHORT","OPPORTUNITY_DETECTED","","0.00000000","0.00000000","111.9725000000","PRESSURE_BURST","false"
"SOLTRADE_V3_LIFETIME_EVENT_V2","1.1.0","ENTRY_ENGINE_V3_TRACKING_DIAGNOSTIC_20260918","1790110985000","AUDJPY.r-1790110970-0013","AUDJPY.r","SHORT","OPPORTUNITY_ABANDONED","","0.00000000","0.00000000","111.9735000000","STALE_MARKET_NO_CURRENT_TICK","false"
"SOLTRADE_V3_LIFETIME_EVENT_V2","1.1.0","ENTRY_ENGINE_V3_TRACKING_DIAGNOSTIC_20260918","1790110995000","AUDNZD.r-1790110995-0013","AUDNZD.r","SHORT","OPPORTUNITY_DETECTED","","0.00000000","0.00000000","1.2426200000","PRESSURE_BURST","false"
"SOLTRADE_V3_LIFETIME_EVENT_V2","1.1.0","ENTRY_ENGINE_V3_TRACKING_DIAGNOSTIC_20260918","1790111010000","AUDNZD.r-1790110995-0013","AUDNZD.r","SHORT","OPPORTUNITY_ABANDONED","","0.00000000","0.00000000","1.2426500000","STALE_MARKET_NO_CURRENT_TICK","false"
"SOLTRADE_V3_LIFETIME_EVENT_V2","1.1.0","ENTRY_ENGINE_V3_TRACKING_DIAGNOSTIC_20260918","1790114405000","US500-1790114405-0013","US500","SHORT","OPPORTUNITY_DETECTED","","0.00000000","0.00000000","7774.2500000000","RATE_BURST","false"
"SOLTRADE_V3_LIFETIME_EVENT_V2","1.1.0","ENTRY_ENGINE_V3_TRACKING_DIAGNOSTIC_20260918","1790114410000","XAUUSD.r-1790114410-0013","XAUUSD.r","SHORT","OPPORTUNITY_DETECTED","","0.00000000","0.00000000","4359.4450000000","PRESSURE_BURST","false"
"SOLTRADE_V3_LIFETIME_EVENT_V2","1.1.0","ENTRY_ENGINE_V3_TRACKING_DIAGNOSTIC_20260918","1790114415000","XAGUSD.r-1790114415-0013","XAGUSD.r","SHORT","OPPORTUNITY_DETECTED","","0.00000000","0.00000000","67.1365000000","RATE_BURST","false"
"SOLTRADE_V3_LIFETIME_EVENT_V2","1.1.0","ENTRY_ENGINE_V3_TRACKING_DIAGNOSTIC_20260918","1790114465000","US100-1790114465-0013","US100","LONG","OPPORTUNITY_DETECTED","","0.00000000","0.00000000","30778.0500000000","RATE_BURST","false"
"SOLTRADE_V3_LIFETIME_EVENT_V2","1.1.0","ENTRY_ENGINE_V3_TRACKING_DIAGNOSTIC_20260918","1790114475000","XAGUSD.r-1790114415-0013","XAGUSD.r","SHORT","OPPORTUNITY_ABANDONED","","0.00000000","0.00000000","67.1465000000","STALE_MARKET_NO_CURRENT_TICK","false"
"SOLTRADE_V3_LIFETIME_EVENT_V2","1.1.0","ENTRY_ENGINE_V3_TRACKING_DIAGNOSTIC_20260918","1790114570000","GER40-1790114570-0013","GER40","SHORT","OPPORTUNITY_DETECTED","","0.00000000","0.00000000","25710.9000000000","PRESSURE_BURST","false"
"SOLTRADE_V3_LIFETIME_EVENT_V2","1.1.0","ENTRY_ENGINE_V3_TRACKING_DIAGNOSTIC_20260918","1790114575000","UK100-1790114575-0013","UK100","SHORT","OPPORTUNITY_DETECTED","","0.00000000","0.00000000","10758.9000000000","PRESSURE_BURST","false"
"SOLTRADE_V3_LIFETIME_EVENT_V2","1.1.0","ENTRY_ENGINE_V3_TRACKING_DIAGNOSTIC_20260918","1790114600000","UK100-1790114575-0013","UK100","SHORT","OPPORTUNITY_ABANDONED","","0.00000000","0.00000000","10759.4000000000","STALE_MARKET_NO_CURRENT_TICK","false"
"SOLTRADE_V3_LIFETIME_EVENT_V2","1.1.0","ENTRY_ENGINE_V3_TRACKING_DIAGNOSTIC_20260918","1790114610000","GER40-1790114570-0013","GER40","SHORT","OPPORTUNITY_ABANDONED","","0.00000000","0.00000000","25712.9000000000","STALE_MARKET_NO_CURRENT_TICK","false"
"SOLTRADE_V3_LIFETIME_EVENT_V2","1.1.0","ENTRY_ENGINE_V3_TRACKING_DIAGNOSTIC_20260918","1790114655000","US500-1790114405-0013","US500","SHORT","OPPORTUNITY_ABANDONED","","0.00000000","0.00000000","7775.5050000000","STALE_MARKET_NO_CURRENT_TICK","false"
"SOLTRADE_V3_LIFETIME_EVENT_V2","1.1.0","ENTRY_ENGINE_V3_TRACKING_DIAGNOSTIC_20260918","1790114685000","EURO50-1790114685-0013","EURO50","SHORT","OPPORTUNITY_DETECTED","","0.00000000","0.00000000","6358.7000000000","PRESSURE_BURST","false"
"SOLTRADE_V3_LIFETIME_EVENT_V2","1.1.0","ENTRY_ENGINE_V3_TRACKING_DIAGNOSTIC_20260918","1790114695000","EURO50-1790114685-0013","EURO50","SHORT","OPPORTUNITY_ABANDONED","","0.00000000","0.00000000","6358.7000000000","STALE_MARKET_NO_CURRENT_TICK","false"
"SOLTRADE_V3_LIFETIME_EVENT_V2","1.1.0","ENTRY_ENGINE_V3_TRACKING_DIAGNOSTIC_20260918","1790115315000","XAUUSD.r-1790114410-0013","XAUUSD.r","SHORT","OPPORTUNITY_ABANDONED","","0.00000000","0.00000000","4364.3250000000","TRANSITION_EXPIRED","false"
"SOLTRADE_V3_LIFETIME_EVENT_V2","1.1.0","ENTRY_ENGINE_V3_TRACKING_DIAGNOSTIC_20260918","1790115370000","US100-1790114465-0013","US100","LONG","OPPORTUNITY_ABANDONED","","0.00000000","0.00000000","30793.5500000000","TRANSITION_EXPIRED","false"
"SOLTRADE_V3_LIFETIME_EVENT_V2","1.1.0","ENTRY_ENGINE_V3_TRACKING_DIAGNOSTIC_20260918","1790125210000","EURUSD.r-1790125210-0014","EURUSD.r","SHORT","OPPORTUNITY_DETECTED","","0.00000000","0.00000000","1.1446450000","PRESSURE_BURST","false"
"SOLTRADE_V3_LIFETIME_EVENT_V2","1.1.0","ENTRY_ENGINE_V3_TRACKING_DIAGNOSTIC_20260918","1790125210000","GBPUSD.r-1790125210-0014","GBPUSD.r","SHORT","OPPORTUNITY_DETECTED","","0.00000000","0.00000000","1.3337450000","STRUCTURE_TRANSITION","false"
"SOLTRADE_V3_LIFETIME_EVENT_V2","1.1.0","ENTRY_ENGINE_V3_TRACKING_DIAGNOSTIC_20260918","1790125210000","USDCHF.r-1790125210-0014","USDCHF.r","SHORT","OPPORTUNITY_DETECTED","","0.00000000","0.00000000","0.8207900000","STRUCTURE_TRANSITION","false"
"SOLTRADE_V3_LIFETIME_EVENT_V2","1.1.0","ENTRY_ENGINE_V3_TRACKING_DIAGNOSTIC_20260918","1790125210000","EURGBP.r-1790125210-0014","EURGBP.r","SHORT","OPPORTUNITY_DETECTED","","0.00000000","0.00000000","0.8582100000","STRUCTURE_TRANSITION","false"
"SOLTRADE_V3_LIFETIME_EVENT_V2","1.1.0","ENTRY_ENGINE_V3_TRACKING_DIAGNOSTIC_20260918","1790125235000","USDCAD.r-1790125235-0014","USDCAD.r","SHORT","OPPORTUNITY_DETECTED","","0.00000000","0.00000000","1.4067600000","STRUCTURE_TRANSITION","false"
"SOLTRADE_V3_LIFETIME_EVENT_V2","1.1.0","ENTRY_ENGINE_V3_TRACKING_DIAGNOSTIC_20260918","1790125235000","EURJPY.r-1790125235-0014","EURJPY.r","SHORT","OPPORTUNITY_DETECTED","","0.00000000","0.00000000","180.3790000000","PRESSURE_BURST","false"
"SOLTRADE_V3_LIFETIME_EVENT_V2","1.1.0","ENTRY_ENGINE_V3_TRACKING_DIAGNOSTIC_20260918","1790125235000","GBPJPY.r-1790125235-0014","GBPJPY.r","SHORT","OPPORTUNITY_DETECTED","","0.00000000","0.00000000","210.1705000000","STRUCTURE_TRANSITION","false"
"SOLTRADE_V3_LIFETIME_EVENT_V2","1.1.0","ENTRY_ENGINE_V3_TRACKING_DIAGNOSTIC_20260918","1790125240000","USDJPY.r-1790125240-0014","USDJPY.r","SHORT","OPPORTUNITY_DETECTED","","0.00000000","0.00000000","157.5945000000","PRESSURE_BURST","false"
"SOLTRADE_V3_LIFETIME_EVENT_V2","1.1.0","ENTRY_ENGINE_V3_TRACKING_DIAGNOSTIC_20260918","1790125265000","NZDUSD.r-1790125265-0014","NZDUSD.r","SHORT","OPPORTUNITY_DETECTED","","0.00000000","0.00000000","0.5717300000","STRUCTURE_TRANSITION","false"
"SOLTRADE_V3_LIFETIME_EVENT_V2","1.1.0","ENTRY_ENGINE_V3_TRACKING_DIAGNOSTIC_20260918","1790125325000","AUDUSD.r-1790125325-0014","AUDUSD.r","SHORT","OPPORTUNITY_DETECTED","","0.00000000","0.00000000","0.7114750000","STRUCTURE_TRANSITION","false"
"SOLTRADE_V3_LIFETIME_EVENT_V2","1.1.0","ENTRY_ENGINE_V3_TRACKING_DIAGNOSTIC_20260918","1790125370000","AUDJPY.r-1790125370-0014","AUDJPY.r","SHORT","OPPORTUNITY_DETECTED","","0.00000000","0.00000000","112.1240000000","STRUCTURE_TRANSITION","false"
"SOLTRADE_V3_LIFETIME_EVENT_V2","1.1.0","ENTRY_ENGINE_V3_TRACKING_DIAGNOSTIC_20260918","1790125395000","AUDNZD.r-1790125395-0014","AUDNZD.r","SHORT","OPPORTUNITY_DETECTED","","0.00000000","0.00000000","1.2448750000","STRUCTURE_TRANSITION","false"
"SOLTRADE_V3_LIFETIME_EVENT_V2","1.1.0","ENTRY_ENGINE_V3_TRACKING_DIAGNOSTIC_20260918","1790125580000","USDCAD.r-1790125235-0014","USDCAD.r","SHORT","OPPORTUNITY_ABANDONED","","0.00000000","0.00000000","1.4069600000","STALE_MARKET_NO_CURRENT_TICK","false"
"SOLTRADE_V3_LIFETIME_EVENT_V2","1.1.0","ENTRY_ENGINE_V3_TRACKING_DIAGNOSTIC_20260918","1790125595000","EURGBP.r-1790125210-0014","EURGBP.r","SHORT","OPPORTUNITY_ABANDONED","","0.00000000","0.00000000","0.8582850000","STALE_MARKET_NO_CURRENT_TICK","false"
"SOLTRADE_V3_LIFETIME_EVENT_V2","1.1.0","ENTRY_ENGINE_V3_TRACKING_DIAGNOSTIC_20260918","1790125710000","EURUSD.r-1790125210-0014","EURUSD.r","SHORT","OPPORTUNITY_ABANDONED","","0.00000000","0.00000000","1.1445450000","STALE_MARKET_NO_CURRENT_TICK","false"
"SOLTRADE_V3_LIFETIME_EVENT_V2","1.1.0","ENTRY_ENGINE_V3_TRACKING_DIAGNOSTIC_20260918","1790125815000","GBPUSD.r-1790125210-0014","GBPUSD.r","SHORT","OPPORTUNITY_ABANDONED","","0.00000000","0.00000000","1.3334600000","STALE_MARKET_NO_CURRENT_TICK","false"
"SOLTRADE_V3_LIFETIME_EVENT_V2","1.1.0","ENTRY_ENGINE_V3_TRACKING_DIAGNOSTIC_20260918","1790125905000","AUDUSD.r-1790125325-0014","AUDUSD.r","SHORT","OPPORTUNITY_ABANDONED","","0.00000000","0.00000000","0.7113800000","STALE_MARKET_NO_CURRENT_TICK","false"
"SOLTRADE_V3_LIFETIME_EVENT_V2","1.1.0","ENTRY_ENGINE_V3_TRACKING_DIAGNOSTIC_20260918","1790126115000","USDCHF.r-1790125210-0014","USDCHF.r","SHORT","OPPORTUNITY_ABANDONED","","0.00000000","0.00000000","0.8209800000","TRANSITION_EXPIRED","false"
"SOLTRADE_V3_LIFETIME_EVENT_V2","1.1.0","ENTRY_ENGINE_V3_TRACKING_DIAGNOSTIC_20260918","1790126140000","EURJPY.r-1790125235-0014","EURJPY.r","SHORT","OPPORTUNITY_ABANDONED","","0.00000000","0.00000000","180.3345000000","TRANSITION_EXPIRED","false"
"SOLTRADE_V3_LIFETIME_EVENT_V2","1.1.0","ENTRY_ENGINE_V3_TRACKING_DIAGNOSTIC_20260918","1790126140000","GBPJPY.r-1790125235-0014","GBPJPY.r","SHORT","OPPORTUNITY_ABANDONED","","0.00000000","0.00000000","210.1035000000","TRANSITION_EXPIRED","false"
"SOLTRADE_V3_LIFETIME_EVENT_V2","1.1.0","ENTRY_ENGINE_V3_TRACKING_DIAGNOSTIC_20260918","1790126145000","USDJPY.r-1790125240-0014","USDJPY.r","SHORT","OPPORTUNITY_ABANDONED","","0.00000000","0.00000000","157.5860000000","TRANSITION_EXPIRED","false"
"SOLTRADE_V3_LIFETIME_EVENT_V2","1.1.0","ENTRY_ENGINE_V3_TRACKING_DIAGNOSTIC_20260918","1790126170000","NZDUSD.r-1790125265-0014","NZDUSD.r","SHORT","OPPORTUNITY_ABANDONED","","0.00000000","0.00000000","0.5712150000","TRANSITION_EXPIRED","false"
"SOLTRADE_V3_LIFETIME_EVENT_V2","1.1.0","ENTRY_ENGINE_V3_TRACKING_DIAGNOSTIC_20260918","1790126275000","AUDJPY.r-1790125370-0014","AUDJPY.r","SHORT","OPPORTUNITY_ABANDONED","","0.00000000","0.00000000","112.0505000000","TRANSITION_EXPIRED","false"
"SOLTRADE_V3_LIFETIME_EVENT_V2","1.1.0","ENTRY_ENGINE_V3_TRACKING_DIAGNOSTIC_20260918","1790126300000","AUDNZD.r-1790125395-0014","AUDNZD.r","SHORT","OPPORTUNITY_ABANDONED","","0.00000000","0.00000000","1.2448100000","TRANSITION_EXPIRED","false"
"SOLTRADE_V3_LIFETIME_EVENT_V2","1.1.0","ENTRY_ENGINE_V3_TRACKING_DIAGNOSTIC_20260918","1790128805000","US500-1790128805-0014","US500","SHORT","OPPORTUNITY_DETECTED","","0.00000000","0.00000000","7776.9950000000","RATE_BURST","false"
"SOLTRADE_V3_LIFETIME_EVENT_V2","1.1.0","ENTRY_ENGINE_V3_TRACKING_DIAGNOSTIC_20260918","1790128810000","XAUUSD.r-1790128810-0014","XAUUSD.r","SHORT","OPPORTUNITY_DETECTED","","0.00000000","0.00000000","4340.9750000000","STRUCTURE_TRANSITION","false"
"SOLTRADE_V3_LIFETIME_EVENT_V2","1.1.0","ENTRY_ENGINE_V3_TRACKING_DIAGNOSTIC_20260918","1790128820000","XAGUSD.r-1790128820-0014","XAGUSD.r","SHORT","OPPORTUNITY_DETECTED","","0.00000000","0.00000000","66.6135000000","PRESSURE_BURST","false"
"SOLTRADE_V3_LIFETIME_EVENT_V2","1.1.0","ENTRY_ENGINE_V3_TRACKING_DIAGNOSTIC_20260918","1790128865000","US100-1790128865-0014","US100","LONG","OPPORTUNITY_DETECTED","","0.00000000","0.00000000","30768.8000000000","STRUCTURE_TRANSITION","false"
"SOLTRADE_V3_LIFETIME_EVENT_V2","1.1.0","ENTRY_ENGINE_V3_TRACKING_DIAGNOSTIC_20260918","1790128975000","US500-1790128805-0014","US500","SHORT","OPPORTUNITY_ABANDONED","","0.00000000","0.00000000","7775.9950000000","STALE_MARKET_NO_CURRENT_TICK","false"
"SOLTRADE_V3_LIFETIME_EVENT_V2","1.1.0","ENTRY_ENGINE_V3_TRACKING_DIAGNOSTIC_20260918","1790128980000","GER40-1790128980-0014","GER40","SHORT","OPPORTUNITY_DETECTED","","0.00000000","0.00000000","25696.9000000000","PRESSURE_BURST","false"
"SOLTRADE_V3_LIFETIME_EVENT_V2","1.1.0","ENTRY_ENGINE_V3_TRACKING_DIAGNOSTIC_20260918","1790128985000","UK100-1790128985-0014","UK100","SHORT","OPPORTUNITY_DETECTED","","0.00000000","0.00000000","10766.4000000000","STRUCTURE_TRANSITION","false"
"SOLTRADE_V3_LIFETIME_EVENT_V2","1.1.0","ENTRY_ENGINE_V3_TRACKING_DIAGNOSTIC_20260918","1790129030000","UK100-1790128985-0014","UK100","SHORT","OPPORTUNITY_ABANDONED","","0.00000000","0.00000000","10765.9000000000","STALE_MARKET_NO_CURRENT_TICK","false"
"SOLTRADE_V3_LIFETIME_EVENT_V2","1.1.0","ENTRY_ENGINE_V3_TRACKING_DIAGNOSTIC_20260918","1790129085000","GER40-1790128980-0014","GER40","SHORT","OPPORTUNITY_ABANDONED","","0.00000000","0.00000000","25694.9000000000","STALE_MARKET_NO_CURRENT_TICK","false"
"SOLTRADE_V3_LIFETIME_EVENT_V2","1.1.0","ENTRY_ENGINE_V3_TRACKING_DIAGNOSTIC_20260918","1790129105000","EURO50-1790129105-0014","EURO50","SHORT","OPPORTUNITY_DETECTED","","0.00000000","0.00000000","6354.7000000000","RATE_BURST","false"
"SOLTRADE_V3_LIFETIME_EVENT_V2","1.1.0","ENTRY_ENGINE_V3_TRACKING_DIAGNOSTIC_20260918","1790129115000","EURO50-1790129105-0014","EURO50","SHORT","OPPORTUNITY_ABANDONED","","0.00000000","0.00000000","6354.7000000000","STALE_MARKET_NO_CURRENT_TICK","false"
"SOLTRADE_V3_LIFETIME_EVENT_V2","1.1.0","ENTRY_ENGINE_V3_TRACKING_DIAGNOSTIC_20260918","1790129715000","XAUUSD.r-1790128810-0014","XAUUSD.r","SHORT","OPPORTUNITY_ABANDONED","","0.00000000","0.00000000","4336.7700000000","TRANSITION_EXPIRED","false"
"SOLTRADE_V3_LIFETIME_EVENT_V2","1.1.0","ENTRY_ENGINE_V3_TRACKING_DIAGNOSTIC_20260918","1790129725000","XAGUSD.r-1790128820-0014","XAGUSD.r","SHORT","OPPORTUNITY_ABANDONED","","0.00000000","0.00000000","66.4645000000","TRANSITION_EXPIRED","false"
"SOLTRADE_V3_LIFETIME_EVENT_V2","1.1.0","ENTRY_ENGINE_V3_TRACKING_DIAGNOSTIC_20260918","1790129770000","US100-1790128865-0014","US100","LONG","OPPORTUNITY_ABANDONED","","0.00000000","0.00000000","30744.8000000000","TRANSITION_EXPIRED","false"
"SOLTRADE_V3_LIFETIME_EVENT_V2","1.1.0","ENTRY_ENGINE_V3_TRACKING_DIAGNOSTIC_20260918","1790139610000","EURUSD.r-1790139610-0015","EURUSD.r","SHORT","OPPORTUNITY_DETECTED","","0.00000000","0.00000000","1.1426550000","PRESSURE_BURST","false"
"SOLTRADE_V3_LIFETIME_EVENT_V2","1.1.0","ENTRY_ENGINE_V3_TRACKING_DIAGNOSTIC_20260918","1790139610000","GBPUSD.r-1790139610-0015","GBPUSD.r","SHORT","OPPORTUNITY_DETECTED","","0.00000000","0.00000000","1.3315950000","STRUCTURE_TRANSITION","false"
"SOLTRADE_V3_LIFETIME_EVENT_V2","1.1.0","ENTRY_ENGINE_V3_TRACKING_DIAGNOSTIC_20260918","1790139610000","USDCHF.r-1790139610-0015","USDCHF.r","SHORT","OPPORTUNITY_DETECTED","","0.00000000","0.00000000","0.8215500000","STRUCTURE_TRANSITION","false"
"SOLTRADE_V3_LIFETIME_EVENT_V2","1.1.0","ENTRY_ENGINE_V3_TRACKING_DIAGNOSTIC_20260918","1790139610000","EURGBP.r-1790139610-0015","EURGBP.r","SHORT","OPPORTUNITY_DETECTED","","0.00000000","0.00000000","0.8581150000","RATE_BURST","false"
"SOLTRADE_V3_LIFETIME_EVENT_V2","1.1.0","ENTRY_ENGINE_V3_TRACKING_DIAGNOSTIC_20260918","1790139635000","USDCAD.r-1790139635-0015","USDCAD.r","SHORT","OPPORTUNITY_DETECTED","","0.00000000","0.00000000","1.4084050000","PRESSURE_BURST","false"
"SOLTRADE_V3_LIFETIME_EVENT_V2","1.1.0","ENTRY_ENGINE_V3_TRACKING_DIAGNOSTIC_20260918","1790139635000","EURJPY.r-1790139635-0015","EURJPY.r","SHORT","OPPORTUNITY_DETECTED","","0.00000000","0.00000000","180.0880000000","PRESSURE_BURST","false"
"SOLTRADE_V3_LIFETIME_EVENT_V2","1.1.0","ENTRY_ENGINE_V3_TRACKING_DIAGNOSTIC_20260918","1790139635000","GBPJPY.r-1790139635-0015","GBPJPY.r","SHORT","OPPORTUNITY_DETECTED","","0.00000000","0.00000000","209.8615000000","STRUCTURE_TRANSITION","false"
"SOLTRADE_V3_LIFETIME_EVENT_V2","1.1.0","ENTRY_ENGINE_V3_TRACKING_DIAGNOSTIC_20260918","1790139640000","USDJPY.r-1790139640-0015","USDJPY.r","SHORT","OPPORTUNITY_DETECTED","","0.00000000","0.00000000","157.6030000000","PRESSURE_BURST","false"
"SOLTRADE_V3_LIFETIME_EVENT_V2","1.1.0","ENTRY_ENGINE_V3_TRACKING_DIAGNOSTIC_20260918","1790139640000","USDCHF.r-1790139610-0015","USDCHF.r","SHORT","OPPORTUNITY_ABANDONED","","0.00000000","0.00000000","0.8215850000","STALE_MARKET_NO_CURRENT_TICK","false"
"SOLTRADE_V3_LIFETIME_EVENT_V2","1.1.0","ENTRY_ENGINE_V3_TRACKING_DIAGNOSTIC_20260918","1790139665000","NZDUSD.r-1790139665-0015","NZDUSD.r","SHORT","OPPORTUNITY_DETECTED","","0.00000000","0.00000000","0.5702200000","STRUCTURE_TRANSITION","false"
"SOLTRADE_V3_LIFETIME_EVENT_V2","1.1.0","ENTRY_ENGINE_V3_TRACKING_DIAGNOSTIC_20260918","1790139675000","USDCAD.r-1790139635-0015","USDCAD.r","SHORT","OPPORTUNITY_ABANDONED","","0.00000000","0.00000000","1.4084050000","STALE_MARKET_NO_CURRENT_TICK","false"
"SOLTRADE_V3_LIFETIME_EVENT_V2","1.1.0","ENTRY_ENGINE_V3_TRACKING_DIAGNOSTIC_20260918","1790139710000","EURGBP.r-1790139610-0015","EURGBP.r","SHORT","OPPORTUNITY_ABANDONED","","0.00000000","0.00000000","0.8581400000","STALE_MARKET_NO_CURRENT_TICK","false"
"SOLTRADE_V3_LIFETIME_EVENT_V2","1.1.0","ENTRY_ENGINE_V3_TRACKING_DIAGNOSTIC_20260918","1790139715000","EURUSD.r-1790139610-0015","EURUSD.r","SHORT","OPPORTUNITY_ABANDONED","","0.00000000","0.00000000","1.1426600000","STALE_MARKET_NO_CURRENT_TICK","false"
"SOLTRADE_V3_LIFETIME_EVENT_V2","1.1.0","ENTRY_ENGINE_V3_TRACKING_DIAGNOSTIC_20260918","1790139725000","AUDUSD.r-1790139725-0015","AUDUSD.r","SHORT","OPPORTUNITY_DETECTED","","0.00000000","0.00000000","0.7102450000","PRESSURE_BURST","false"
"SOLTRADE_V3_LIFETIME_EVENT_V2","1.1.0","ENTRY_ENGINE_V3_TRACKING_DIAGNOSTIC_20260918","1790139760000","AUDUSD.r-1790139725-0015","AUDUSD.r","SHORT","OPPORTUNITY_ABANDONED","","0.00000000","0.00000000","0.7102900000","STALE_MARKET_NO_CURRENT_TICK","false"
"SOLTRADE_V3_LIFETIME_EVENT_V2","1.1.0","ENTRY_ENGINE_V3_TRACKING_DIAGNOSTIC_20260918","1790139765000","NZDUSD.r-1790139665-0015","NZDUSD.r","SHORT","OPPORTUNITY_ABANDONED","","0.00000000","0.00000000","0.5702850000","STALE_MARKET_NO_CURRENT_TICK","false"
"SOLTRADE_V3_LIFETIME_EVENT_V2","1.1.0","ENTRY_ENGINE_V3_TRACKING_DIAGNOSTIC_20260918","1790139770000","AUDJPY.r-1790139770-0015","AUDJPY.r","SHORT","OPPORTUNITY_DETECTED","","0.00000000","0.00000000","111.9450000000","PRESSURE_BURST","false"
"SOLTRADE_V3_LIFETIME_EVENT_V2","1.1.0","ENTRY_ENGINE_V3_TRACKING_DIAGNOSTIC_20260918","1790139795000","AUDNZD.r-1790139795-0015","AUDNZD.r","SHORT","OPPORTUNITY_DETECTED","","0.00000000","0.00000000","1.2455100000","STRUCTURE_TRANSITION","false"
"SOLTRADE_V3_LIFETIME_EVENT_V2","1.1.0","ENTRY_ENGINE_V3_TRACKING_DIAGNOSTIC_20260918","1790140115000","AUDNZD.r-1790139795-0015","AUDNZD.r","SHORT","OPPORTUNITY_ABANDONED","","0.00000000","0.00000000","1.2454250000","STALE_MARKET_NO_CURRENT_TICK","false"
"SOLTRADE_V3_LIFETIME_EVENT_V2","1.1.0","ENTRY_ENGINE_V3_TRACKING_DIAGNOSTIC_20260918","1790140200000","EURJPY.r-1790139635-0015","EURJPY.r","SHORT","OPPORTUNITY_ABANDONED","","0.00000000","0.00000000","180.1155000000","STALE_MARKET_NO_CURRENT_TICK","false"
"SOLTRADE_V3_LIFETIME_EVENT_V2","1.1.0","ENTRY_ENGINE_V3_TRACKING_DIAGNOSTIC_20260918","1790140430000","GBPUSD.r-1790139610-0015","GBPUSD.r","SHORT","OPPORTUNITY_ABANDONED","","0.00000000","0.00000000","1.3316600000","STALE_MARKET_NO_CURRENT_TICK","false"
"SOLTRADE_V3_LIFETIME_EVENT_V2","1.1.0","ENTRY_ENGINE_V3_TRACKING_DIAGNOSTIC_20260918","1790140540000","GBPJPY.r-1790139635-0015","GBPJPY.r","SHORT","OPPORTUNITY_ABANDONED","","0.00000000","0.00000000","209.8470000000","TRANSITION_EXPIRED","false"
"SOLTRADE_V3_LIFETIME_EVENT_V2","1.1.0","ENTRY_ENGINE_V3_TRACKING_DIAGNOSTIC_20260918","1790140545000","USDJPY.r-1790139640-0015","USDJPY.r","SHORT","OPPORTUNITY_ABANDONED","","0.00000000","0.00000000","157.5860000000","TRANSITION_EXPIRED","false"
"SOLTRADE_V3_LIFETIME_EVENT_V2","1.1.0","ENTRY_ENGINE_V3_TRACKING_DIAGNOSTIC_20260918","1790140675000","AUDJPY.r-1790139770-0015","AUDJPY.r","SHORT","OPPORTUNITY_ABANDONED","","0.00000000","0.00000000","111.9510000000","TRANSITION_EXPIRED","false"
"SOLTRADE_V3_LIFETIME_EVENT_V2","1.1.0","ENTRY_ENGINE_V3_TRACKING_DIAGNOSTIC_20260918","1790143205000","US500-1790143205-0015","US500","SHORT","OPPORTUNITY_DETECTED","","0.00000000","0.00000000","7780.9950000000","RATE_BURST","false"
"SOLTRADE_V3_LIFETIME_EVENT_V2","1.1.0","ENTRY_ENGINE_V3_TRACKING_DIAGNOSTIC_20260918","1790143210000","XAUUSD.r-1790143210-0015","XAUUSD.r","SHORT","OPPORTUNITY_DETECTED","","0.00000000","0.00000000","4334.5050000000","STRUCTURE_TRANSITION","false"
"SOLTRADE_V3_LIFETIME_EVENT_V2","1.1.0","ENTRY_ENGINE_V3_TRACKING_DIAGNOSTIC_20260918","1790143220000","XAGUSD.r-1790143220-0015","XAGUSD.r","SHORT","OPPORTUNITY_DETECTED","","0.00000000","0.00000000","66.3245000000","PRESSURE_BURST","false"
"SOLTRADE_V3_LIFETIME_EVENT_V2","1.1.0","ENTRY_ENGINE_V3_TRACKING_DIAGNOSTIC_20260918","1790143270000","US100-1790143270-0015","US100","LONG","OPPORTUNITY_DETECTED","","0.00000000","0.00000000","30787.3000000000","STRUCTURE_TRANSITION","false"
"SOLTRADE_V3_LIFETIME_EVENT_V2","1.1.0","ENTRY_ENGINE_V3_TRACKING_DIAGNOSTIC_20260918","1790143380000","GER40-1790143380-0015","GER40","SHORT","OPPORTUNITY_DETECTED","","0.00000000","0.00000000","25734.9000000000","PRESSURE_BURST","false"
"SOLTRADE_V3_LIFETIME_EVENT_V2","1.1.0","ENTRY_ENGINE_V3_TRACKING_DIAGNOSTIC_20260918","1790143385000","UK100-1790143385-0015","UK100","SHORT","OPPORTUNITY_DETECTED","","0.00000000","0.00000000","10776.4000000000","PRESSURE_BURST","false"
"SOLTRADE_V3_LIFETIME_EVENT_V2","1.1.0","ENTRY_ENGINE_V3_TRACKING_DIAGNOSTIC_20260918","1790143420000","US500-1790143205-0015","US500","SHORT","OPPORTUNITY_ABANDONED","","0.00000000","0.00000000","7783.5050000000","STALE_MARKET_NO_CURRENT_TICK","false"
"SOLTRADE_V3_LIFETIME_EVENT_V2","1.1.0","ENTRY_ENGINE_V3_TRACKING_DIAGNOSTIC_20260918","1790143505000","EURO50-1790143505-0015","EURO50","SHORT","OPPORTUNITY_DETECTED","","0.00000000","0.00000000","6359.7000000000","RATE_BURST","false"
"SOLTRADE_V3_LIFETIME_EVENT_V2","1.1.0","ENTRY_ENGINE_V3_TRACKING_DIAGNOSTIC_20260918","1790143515000","EURO50-1790143505-0015","EURO50","SHORT","OPPORTUNITY_ABANDONED","","0.00000000","0.00000000","6359.7000000000","STALE_MARKET_NO_CURRENT_TICK","false"
"SOLTRADE_V3_LIFETIME_EVENT_V2","1.1.0","ENTRY_ENGINE_V3_TRACKING_DIAGNOSTIC_20260918","1790143545000","UK100-1790143385-0015","UK100","SHORT","OPPORTUNITY_ABANDONED","","0.00000000","0.00000000","10775.9000000000","STALE_MARKET_NO_CURRENT_TICK","false"
"SOLTRADE_V3_LIFETIME_EVENT_V2","1.1.0","ENTRY_ENGINE_V3_TRACKING_DIAGNOSTIC_20260918","1790143705000","GER40-1790143380-0015","GER40","SHORT","OPPORTUNITY_ABANDONED","","0.00000000","0.00000000","25740.9000000000","STALE_MARKET_NO_CURRENT_TICK","false"
"SOLTRADE_V3_LIFETIME_EVENT_V2","1.1.0","ENTRY_ENGINE_V3_TRACKING_DIAGNOSTIC_20260918","1790144115000","XAUUSD.r-1790143210-0015","XAUUSD.r","SHORT","OPPORTUNITY_ABANDONED","","0.00000000","0.00000000","4328.4000000000","TRANSITION_EXPIRED","false"
"SOLTRADE_V3_LIFETIME_EVENT_V2","1.1.0","ENTRY_ENGINE_V3_TRACKING_DIAGNOSTIC_20260918","1790144125000","XAGUSD.r-1790143220-0015","XAGUSD.r","SHORT","OPPORTUNITY_ABANDONED","","0.00000000","0.00000000","66.1975000000","TRANSITION_EXPIRED","false"
"SOLTRADE_V3_LIFETIME_EVENT_V2","1.1.0","ENTRY_ENGINE_V3_TRACKING_DIAGNOSTIC_20260918","1790144175000","US100-1790143270-0015","US100","LONG","OPPORTUNITY_ABANDONED","","0.00000000","0.00000000","30807.3000000000","TRANSITION_EXPIRED","false"
"SOLTRADE_V3_LIFETIME_EVENT_V2","1.1.0","ENTRY_ENGINE_V3_TRACKING_DIAGNOSTIC_20260918","1790154010000","EURUSD.r-1790154010-0016","EURUSD.r","SHORT","OPPORTUNITY_DETECTED","","0.00000000","0.00000000","1.1417250000","PRESSURE_BURST","false"
"SOLTRADE_V3_LIFETIME_EVENT_V2","1.1.0","ENTRY_ENGINE_V3_TRACKING_DIAGNOSTIC_20260918","1790154010000","GBPUSD.r-1790154010-0016","GBPUSD.r","SHORT","OPPORTUNITY_DETECTED","","0.00000000","0.00000000","1.3301000000","STRUCTURE_TRANSITION","false"
"SOLTRADE_V3_LIFETIME_EVENT_V2","1.1.0","ENTRY_ENGINE_V3_TRACKING_DIAGNOSTIC_20260918","1790154010000","USDCHF.r-1790154010-0016","USDCHF.r","SHORT","OPPORTUNITY_DETECTED","","0.00000000","0.00000000","0.8224400000","PRESSURE_BURST","false"
"SOLTRADE_V3_LIFETIME_EVENT_V2","1.1.0","ENTRY_ENGINE_V3_TRACKING_DIAGNOSTIC_20260918","1790154010000","EURGBP.r-1790154010-0016","EURGBP.r","SHORT","OPPORTUNITY_DETECTED","","0.00000000","0.00000000","0.8583750000","STRUCTURE_TRANSITION","false"
"SOLTRADE_V3_LIFETIME_EVENT_V2","1.1.0","ENTRY_ENGINE_V3_TRACKING_DIAGNOSTIC_20260918","1790154035000","USDCAD.r-1790154035-0016","USDCAD.r","SHORT","OPPORTUNITY_DETECTED","","0.00000000","0.00000000","1.4081250000","STRUCTURE_TRANSITION","false"
"SOLTRADE_V3_LIFETIME_EVENT_V2","1.1.0","ENTRY_ENGINE_V3_TRACKING_DIAGNOSTIC_20260918","1790154035000","EURJPY.r-1790154035-0016","EURJPY.r","SHORT","OPPORTUNITY_DETECTED","","0.00000000","0.00000000","180.2510000000","PRESSURE_BURST","false"
"SOLTRADE_V3_LIFETIME_EVENT_V2","1.1.0","ENTRY_ENGINE_V3_TRACKING_DIAGNOSTIC_20260918","1790154035000","GBPJPY.r-1790154035-0016","GBPJPY.r","SHORT","OPPORTUNITY_DETECTED","","0.00000000","0.00000000","209.9905000000","STRUCTURE_TRANSITION","false"
"SOLTRADE_V3_LIFETIME_EVENT_V2","1.1.0","ENTRY_ENGINE_V3_TRACKING_DIAGNOSTIC_20260918","1790154040000","USDJPY.r-1790154040-0016","USDJPY.r","SHORT","OPPORTUNITY_DETECTED","","0.00000000","0.00000000","157.8705000000","STRUCTURE_TRANSITION","false"
"SOLTRADE_V3_LIFETIME_EVENT_V2","1.1.0","ENTRY_ENGINE_V3_TRACKING_DIAGNOSTIC_20260918","1790154065000","NZDUSD.r-1790154065-0016","NZDUSD.r","SHORT","OPPORTUNITY_DETECTED","","0.00000000","0.00000000","0.5703550000","STRUCTURE_TRANSITION","false"
"SOLTRADE_V3_LIFETIME_EVENT_V2","1.1.0","ENTRY_ENGINE_V3_TRACKING_DIAGNOSTIC_20260918","1790154125000","AUDUSD.r-1790154125-0016","AUDUSD.r","SHORT","OPPORTUNITY_DETECTED","","0.00000000","0.00000000","0.7088750000","PRESSURE_BURST","false"
"SOLTRADE_V3_LIFETIME_EVENT_V2","1.1.0","ENTRY_ENGINE_V3_TRACKING_DIAGNOSTIC_20260918","1790154160000","USDCHF.r-1790154010-0016","USDCHF.r","SHORT","OPPORTUNITY_ABANDONED","","0.00000000","0.00000000","0.8224850000","STALE_MARKET_NO_CURRENT_TICK","false"
"SOLTRADE_V3_LIFETIME_EVENT_V2","1.1.0","ENTRY_ENGINE_V3_TRACKING_DIAGNOSTIC_20260918","1790154170000","AUDJPY.r-1790154170-0016","AUDJPY.r","SHORT","OPPORTUNITY_DETECTED","","0.00000000","0.00000000","111.9050000000","STRUCTURE_TRANSITION","false"
"SOLTRADE_V3_LIFETIME_EVENT_V2","1.1.0","ENTRY_ENGINE_V3_TRACKING_DIAGNOSTIC_20260918","1790154195000","AUDNZD.r-1790154195-0016","AUDNZD.r","SHORT","OPPORTUNITY_DETECTED","","0.00000000","0.00000000","1.2427650000","STRUCTURE_TRANSITION","false"
"SOLTRADE_V3_LIFETIME_EVENT_V2","1.1.0","ENTRY_ENGINE_V3_TRACKING_DIAGNOSTIC_20260918","1790154205000","NZDUSD.r-1790154065-0016","NZDUSD.r","SHORT","OPPORTUNITY_ABANDONED","","0.00000000","0.00000000","0.5703600000","STALE_MARKET_NO_CURRENT_TICK","false"
"SOLTRADE_V3_LIFETIME_EVENT_V2","1.1.0","ENTRY_ENGINE_V3_TRACKING_DIAGNOSTIC_20260918","1790154220000","USDCAD.r-1790154035-0016","USDCAD.r","SHORT","OPPORTUNITY_ABANDONED","","0.00000000","0.00000000","1.4080300000","STALE_MARKET_NO_CURRENT_TICK","false"
"SOLTRADE_V3_LIFETIME_EVENT_V2","1.1.0","ENTRY_ENGINE_V3_TRACKING_DIAGNOSTIC_20260918","1790154350000","AUDUSD.r-1790154125-0016","AUDUSD.r","SHORT","OPPORTUNITY_ABANDONED","","0.00000000","0.00000000","0.7085900000","STALE_MARKET_NO_CURRENT_TICK","false"
"SOLTRADE_V3_LIFETIME_EVENT_V2","1.1.0","ENTRY_ENGINE_V3_TRACKING_DIAGNOSTIC_20260918","1790154565000","EURUSD.r-1790154010-0016","EURUSD.r","SHORT","OPPORTUNITY_ABANDONED","","0.00000000","0.00000000","1.1414850000","STALE_MARKET_NO_CURRENT_TICK","false"
"SOLTRADE_V3_LIFETIME_EVENT_V2","1.1.0","ENTRY_ENGINE_V3_TRACKING_DIAGNOSTIC_20260918","1790154570000","USDJPY.r-1790154040-0016","USDJPY.r","SHORT","OPPORTUNITY_ABANDONED","","0.00000000","0.00000000","157.8815000000","STALE_MARKET_NO_CURRENT_TICK","false"
"SOLTRADE_V3_LIFETIME_EVENT_V2","1.1.0","ENTRY_ENGINE_V3_TRACKING_DIAGNOSTIC_20260918","1790154650000","EURGBP.r-1790154010-0016","EURGBP.r","SHORT","OPPORTUNITY_ABANDONED","","0.00000000","0.00000000","0.8583750000","STALE_MARKET_NO_CURRENT_TICK","false"
"SOLTRADE_V3_LIFETIME_EVENT_V2","1.1.0","ENTRY_ENGINE_V3_TRACKING_DIAGNOSTIC_20260918","1790154915000","GBPUSD.r-1790154010-0016","GBPUSD.r","SHORT","OPPORTUNITY_ABANDONED","","0.00000000","0.00000000","1.3294850000","TRANSITION_EXPIRED","false"
"SOLTRADE_V3_LIFETIME_EVENT_V2","1.1.0","ENTRY_ENGINE_V3_TRACKING_DIAGNOSTIC_20260918","1790154940000","EURJPY.r-1790154035-0016","EURJPY.r","SHORT","OPPORTUNITY_ABANDONED","","0.00000000","0.00000000","180.2030000000","TRANSITION_EXPIRED","false"
"SOLTRADE_V3_LIFETIME_EVENT_V2","1.1.0","ENTRY_ENGINE_V3_TRACKING_DIAGNOSTIC_20260918","1790154940000","GBPJPY.r-1790154035-0016","GBPJPY.r","SHORT","OPPORTUNITY_ABANDONED","","0.00000000","0.00000000","209.8965000000","TRANSITION_EXPIRED","false"
"SOLTRADE_V3_LIFETIME_EVENT_V2","1.1.0","ENTRY_ENGINE_V3_TRACKING_DIAGNOSTIC_20260918","1790155075000","AUDJPY.r-1790154170-0016","AUDJPY.r","SHORT","OPPORTUNITY_ABANDONED","","0.00000000","0.00000000","111.8620000000","TRANSITION_EXPIRED","false"
"SOLTRADE_V3_LIFETIME_EVENT_V2","1.1.0","ENTRY_ENGINE_V3_TRACKING_DIAGNOSTIC_20260918","1790155100000","AUDNZD.r-1790154195-0016","AUDNZD.r","SHORT","OPPORTUNITY_ABANDONED","","0.00000000","0.00000000","1.2428400000","TRANSITION_EXPIRED","false"
"SOLTRADE_V3_LIFETIME_EVENT_V2","1.1.0","ENTRY_ENGINE_V3_TRACKING_DIAGNOSTIC_20260918","1790157605000","US500-1790157605-0016","US500","SHORT","OPPORTUNITY_DETECTED","","0.00000000","0.00000000","7779.4950000000","RATE_BURST","false"
"SOLTRADE_V3_LIFETIME_EVENT_V2","1.1.0","ENTRY_ENGINE_V3_TRACKING_DIAGNOSTIC_20260918","1790157610000","XAUUSD.r-1790157610-0016","XAUUSD.r","SHORT","OPPORTUNITY_DETECTED","","0.00000000","0.00000000","4314.4550000000","PRESSURE_BURST","false"
"SOLTRADE_V3_LIFETIME_EVENT_V2","1.1.0","ENTRY_ENGINE_V3_TRACKING_DIAGNOSTIC_20260918","1790157620000","XAGUSD.r-1790157620-0016","XAGUSD.r","SHORT","OPPORTUNITY_DETECTED","","0.00000000","0.00000000","65.1955000000","STRUCTURE_TRANSITION","false"
"SOLTRADE_V3_LIFETIME_EVENT_V2","1.1.0","ENTRY_ENGINE_V3_TRACKING_DIAGNOSTIC_20260918","1790157670000","US100-1790157670-0016","US100","LONG","OPPORTUNITY_DETECTED","","0.00000000","0.00000000","30767.8000000000","PRESSURE_BURST","false"
"SOLTRADE_V3_LIFETIME_EVENT_V2","1.1.0","ENTRY_ENGINE_V3_TRACKING_DIAGNOSTIC_20260918","1790157695000","US500-1790157605-0016","US500","SHORT","OPPORTUNITY_ABANDONED","","0.00000000","0.00000000","7779.6250000000","STALE_MARKET_NO_CURRENT_TICK","false"
"SOLTRADE_V3_LIFETIME_EVENT_V2","1.1.0","ENTRY_ENGINE_V3_TRACKING_DIAGNOSTIC_20260918","1790157780000","GER40-1790157780-0016","GER40","SHORT","OPPORTUNITY_DETECTED","","0.00000000","0.00000000","25481.9000000000","RATE_BURST","false"
"SOLTRADE_V3_LIFETIME_EVENT_V2","1.1.0","ENTRY_ENGINE_V3_TRACKING_DIAGNOSTIC_20260918","1790157785000","GER40-1790157780-0016","GER40","LONG","ENTRY_TRIGGERED","","0.00000000","0.00000000","25478.1500000000","expected_net_r=0.88789589;full_loss_probability=0.17029893;bank1_probability=0.81896688;opposite_expected_net_r=-1.76410215;position_time_limit=false","false"
"SOLTRADE_V3_LIFETIME_EVENT_V2","1.1.0","ENTRY_ENGINE_V3_TRACKING_DIAGNOSTIC_20260918","1790157785000","UK100-1790157785-0016","UK100","SHORT","OPPORTUNITY_DETECTED","","0.00000000","0.00000000","10723.4000000000","PRESSURE_BURST","false"
"SOLTRADE_V3_LIFETIME_EVENT_V2","1.1.0","ENTRY_ENGINE_V3_TRACKING_DIAGNOSTIC_20260918","1790157905000","EURO50-1790157905-0016","EURO50","SHORT","OPPORTUNITY_DETECTED","","0.00000000","0.00000000","6320.7000000000","STRUCTURE_TRANSITION","false"
"SOLTRADE_V3_LIFETIME_EVENT_V2","1.1.0","ENTRY_ENGINE_V3_TRACKING_DIAGNOSTIC_20260918","1790157930000","EURO50-1790157905-0016","EURO50","SHORT","OPPORTUNITY_ABANDONED","","0.00000000","0.00000000","6321.7000000000","STALE_MARKET_NO_CURRENT_TICK","false"
"SOLTRADE_V3_LIFETIME_EVENT_V2","1.1.0","ENTRY_ENGINE_V3_TRACKING_DIAGNOSTIC_20260918","1790158035000","UK100-1790157785-0016","UK100","SHORT","OPPORTUNITY_ABANDONED","","0.00000000","0.00000000","10727.9000000000","STALE_MARKET_NO_CURRENT_TICK","false"
"SOLTRADE_V3_LIFETIME_EVENT_V2","1.1.0","ENTRY_ENGINE_V3_TRACKING_DIAGNOSTIC_20260918","1790158515000","XAUUSD.r-1790157610-0016","XAUUSD.r","SHORT","OPPORTUNITY_ABANDONED","","0.00000000","0.00000000","4316.7350000000","TRANSITION_EXPIRED","false"
"SOLTRADE_V3_LIFETIME_EVENT_V2","1.1.0","ENTRY_ENGINE_V3_TRACKING_DIAGNOSTIC_20260918","1790158525000","XAGUSD.r-1790157620-0016","XAGUSD.r","SHORT","OPPORTUNITY_ABANDONED","","0.00000000","0.00000000","65.3155000000","TRANSITION_EXPIRED","false"
"SOLTRADE_V3_LIFETIME_EVENT_V2","1.1.0","ENTRY_ENGINE_V3_TRACKING_DIAGNOSTIC_20260918","1790158575000","US100-1790157670-0016","US100","LONG","OPPORTUNITY_ABANDONED","","0.00000000","0.00000000","30784.5500000000","TRANSITION_EXPIRED","false"
"SOLTRADE_V3_LIFETIME_EVENT_V2","1.1.0","ENTRY_ENGINE_V3_TRACKING_DIAGNOSTIC_20260918","1790158754383","GER40-1790157780-0016","GER40","LONG","BANK1R","","1.00229095","0.00000000","25505.6500000000","bank_fraction=0.50;repeated_banking=false","false"
"SOLTRADE_V3_LIFETIME_EVENT_V2","1.1.0","ENTRY_ENGINE_V3_TRACKING_DIAGNOSTIC_20260918","1790160635000","GER40-1790157780-0016","GER40","LONG","CAUSAL_INVALIDATION","FROZEN_V3_DIAGNOSTIC","-0.41913985","-0.48611111","25466.6500000000","adverse_r_and_material_evidence_failure","false"
"SOLTRADE_V3_LIFETIME_EVENT_V2","1.1.0","ENTRY_ENGINE_V3_TRACKING_DIAGNOSTIC_20260918","1790160635000","GER40-1790157780-0016","GER40","LONG","CAUSAL_INVALIDATION","EXPANDING_PULLBACK_FAILURE","-0.41913985","-0.48611111","25466.6500000000","adverse_r_and_material_evidence_failure","false"
"SOLTRADE_V3_LIFETIME_EVENT_V2","1.1.0","ENTRY_ENGINE_V3_TRACKING_DIAGNOSTIC_20260918","1790161210000","GER40-1790157780-0016","GER40","LONG","CAUSAL_INVALIDATION","STRUCTURAL_REVERSAL_CONFIRMATION","-0.45558680","-0.55357143","25465.6500000000","adverse_r_and_material_evidence_failure","false"
"SOLTRADE_V3_LIFETIME_EVENT_V2","1.1.0","ENTRY_ENGINE_V3_TRACKING_DIAGNOSTIC_20260918","1790161220000","GER40-1790157780-0016","GER40","LONG","CAUSAL_INVALIDATION","STRICT_PRESSURE_RESUMPTION","-0.52848068","-0.70000000","25463.6500000000","adverse_r_and_material_evidence_failure","false"
"SOLTRADE_V3_LIFETIME_EVENT_V2","1.1.0","ENTRY_ENGINE_V3_TRACKING_DIAGNOSTIC_20260918","1790161388132","GER40-1790157780-0016","GER40","LONG","STRUCTURAL_STOP","","-1.00229095","0.00000000","25450.6500000000","baseline_path_exit;terminal_reason=RUNNER_STRUCTURAL_STOP","false"
"SOLTRADE_V3_LIFETIME_EVENT_V2","1.1.0","ENTRY_ENGINE_V3_TRACKING_DIAGNOSTIC_20260918","1790161388000","GER40-1790157780-0016","GER40","LONG","POSITION_LIFETIME_COMPLETE","","-1.00229095","0.00000000","25451.6500000000","terminal_reason=RUNNER_STRUCTURAL_STOP;known_final_outcome=true","false"
"SOLTRADE_V3_LIFETIME_EVENT_V2","1.1.0","ENTRY_ENGINE_V3_TRACKING_DIAGNOSTIC_20260918","1790168410000","EURUSD.r-1790168410-0017","EURUSD.r","SHORT","OPPORTUNITY_DETECTED","","0.00000000","0.00000000","1.1407400000","STRUCTURE_TRANSITION","false"
"SOLTRADE_V3_LIFETIME_EVENT_V2","1.1.0","ENTRY_ENGINE_V3_TRACKING_DIAGNOSTIC_20260918","1790168410000","GBPUSD.r-1790168410-0017","GBPUSD.r","SHORT","OPPORTUNITY_DETECTED","","0.00000000","0.00000000","1.3275450000","STRUCTURE_TRANSITION","false"
"SOLTRADE_V3_LIFETIME_EVENT_V2","1.1.0","ENTRY_ENGINE_V3_TRACKING_DIAGNOSTIC_20260918","1790168410000","USDCHF.r-1790168410-0017","USDCHF.r","SHORT","OPPORTUNITY_DETECTED","","0.00000000","0.00000000","0.8232850000","STRUCTURE_TRANSITION","false"
"SOLTRADE_V3_LIFETIME_EVENT_V2","1.1.0","ENTRY_ENGINE_V3_TRACKING_DIAGNOSTIC_20260918","1790168410000","EURGBP.r-1790168410-0017","EURGBP.r","SHORT","OPPORTUNITY_DETECTED","","0.00000000","0.00000000","0.8592750000","STRUCTURE_TRANSITION","false"
"SOLTRADE_V3_LIFETIME_EVENT_V2","1.1.0","ENTRY_ENGINE_V3_TRACKING_DIAGNOSTIC_20260918","1790168435000","USDCAD.r-1790168435-0017","USDCAD.r","SHORT","OPPORTUNITY_DETECTED","","0.00000000","0.00000000","1.4085750000","STRUCTURE_TRANSITION","false"
"SOLTRADE_V3_LIFETIME_EVENT_V2","1.1.0","ENTRY_ENGINE_V3_TRACKING_DIAGNOSTIC_20260918","1790168435000","EURJPY.r-1790168435-0017","EURJPY.r","SHORT","OPPORTUNITY_DETECTED","","0.00000000","0.00000000","180.1180000000","STRUCTURE_TRANSITION","false"
"SOLTRADE_V3_LIFETIME_EVENT_V2","1.1.0","ENTRY_ENGINE_V3_TRACKING_DIAGNOSTIC_20260918","1790168435000","GBPJPY.r-1790168435-0017","GBPJPY.r","SHORT","OPPORTUNITY_DETECTED","","0.00000000","0.00000000","209.6210000000","STRUCTURE_TRANSITION","false"
"SOLTRADE_V3_LIFETIME_EVENT_V2","1.1.0","ENTRY_ENGINE_V3_TRACKING_DIAGNOSTIC_20260918","1790168440000","USDJPY.r-1790168440-0017","USDJPY.r","SHORT","OPPORTUNITY_DETECTED","","0.00000000","0.00000000","157.9010000000","STRUCTURE_TRANSITION","false"
"SOLTRADE_V3_LIFETIME_EVENT_V2","1.1.0","ENTRY_ENGINE_V3_TRACKING_DIAGNOSTIC_20260918","1790168465000","NZDUSD.r-1790168465-0017","NZDUSD.r","SHORT","OPPORTUNITY_DETECTED","","0.00000000","0.00000000","0.5689650000","STRUCTURE_TRANSITION","false"
"SOLTRADE_V3_LIFETIME_EVENT_V2","1.1.0","ENTRY_ENGINE_V3_TRACKING_DIAGNOSTIC_20260918","1790168525000","AUDUSD.r-1790168525-0017","AUDUSD.r","SHORT","OPPORTUNITY_DETECTED","","0.00000000","0.00000000","0.7063850000","STRUCTURE_TRANSITION","false"
"SOLTRADE_V3_LIFETIME_EVENT_V2","1.1.0","ENTRY_ENGINE_V3_TRACKING_DIAGNOSTIC_20260918","1790168570000","AUDJPY.r-1790168570-0017","AUDJPY.r","SHORT","OPPORTUNITY_DETECTED","","0.00000000","0.00000000","111.5400000000","PRESSURE_BURST","false"
"SOLTRADE_V3_LIFETIME_EVENT_V2","1.1.0","ENTRY_ENGINE_V3_TRACKING_DIAGNOSTIC_20260918","1790168595000","AUDNZD.r-1790168595-0017","AUDNZD.r","SHORT","OPPORTUNITY_DETECTED","","0.00000000","0.00000000","1.2414500000","STRUCTURE_TRANSITION","false"
"SOLTRADE_V3_LIFETIME_EVENT_V2","1.1.0","ENTRY_ENGINE_V3_TRACKING_DIAGNOSTIC_20260918","1790168735000","AUDUSD.r-1790168525-0017","AUDUSD.r","SHORT","OPPORTUNITY_ABANDONED","","0.00000000","0.00000000","0.7064300000","STALE_MARKET_NO_CURRENT_TICK","false"
"SOLTRADE_V3_LIFETIME_EVENT_V2","1.1.0","ENTRY_ENGINE_V3_TRACKING_DIAGNOSTIC_20260918","1790169315000","EURUSD.r-1790168410-0017","EURUSD.r","SHORT","OPPORTUNITY_ABANDONED","","0.00000000","0.00000000","1.1400600000","TRANSITION_EXPIRED","false"
"SOLTRADE_V3_LIFETIME_EVENT_V2","1.1.0","ENTRY_ENGINE_V3_TRACKING_DIAGNOSTIC_20260918","1790169315000","GBPUSD.r-1790168410-0017","GBPUSD.r","SHORT","OPPORTUNITY_ABANDONED","","0.00000000","0.00000000","1.3265800000","TRANSITION_EXPIRED","false"
"SOLTRADE_V3_LIFETIME_EVENT_V2","1.1.0","ENTRY_ENGINE_V3_TRACKING_DIAGNOSTIC_20260918","1790169315000","USDCHF.r-1790168410-0017","USDCHF.r","SHORT","OPPORTUNITY_ABANDONED","","0.00000000","0.00000000","0.8236750000","TRANSITION_EXPIRED","false"
"SOLTRADE_V3_LIFETIME_EVENT_V2","1.1.0","ENTRY_ENGINE_V3_TRACKING_DIAGNOSTIC_20260918","1790169315000","EURGBP.r-1790168410-0017","EURGBP.r","SHORT","OPPORTUNITY_ABANDONED","","0.00000000","0.00000000","0.8593900000","TRANSITION_EXPIRED","false"
"SOLTRADE_V3_LIFETIME_EVENT_V2","1.1.0","ENTRY_ENGINE_V3_TRACKING_DIAGNOSTIC_20260918","1790169340000","USDCAD.r-1790168435-0017","USDCAD.r","SHORT","OPPORTUNITY_ABANDONED","","0.00000000","0.00000000","1.4091800000","TRANSITION_EXPIRED","false"
"SOLTRADE_V3_LIFETIME_EVENT_V2","1.1.0","ENTRY_ENGINE_V3_TRACKING_DIAGNOSTIC_20260918","1790169340000","EURJPY.r-1790168435-0017","EURJPY.r","SHORT","OPPORTUNITY_ABANDONED","","0.00000000","0.00000000","180.0895000000","TRANSITION_EXPIRED","false"
"SOLTRADE_V3_LIFETIME_EVENT_V2","1.1.0","ENTRY_ENGINE_V3_TRACKING_DIAGNOSTIC_20260918","1790169340000","GBPJPY.r-1790168435-0017","GBPJPY.r","SHORT","OPPORTUNITY_ABANDONED","","0.00000000","0.00000000","209.5655000000","TRANSITION_EXPIRED","false"
"SOLTRADE_V3_LIFETIME_EVENT_V2","1.1.0","ENTRY_ENGINE_V3_TRACKING_DIAGNOSTIC_20260918","1790169345000","USDJPY.r-1790168440-0017","USDJPY.r","SHORT","OPPORTUNITY_ABANDONED","","0.00000000","0.00000000","157.9455000000","TRANSITION_EXPIRED","false"
"SOLTRADE_V3_LIFETIME_EVENT_V2","1.1.0","ENTRY_ENGINE_V3_TRACKING_DIAGNOSTIC_20260918","1790169370000","NZDUSD.r-1790168465-0017","NZDUSD.r","SHORT","OPPORTUNITY_ABANDONED","","0.00000000","0.00000000","0.5685400000","TRANSITION_EXPIRED","false"
"SOLTRADE_V3_LIFETIME_EVENT_V2","1.1.0","ENTRY_ENGINE_V3_TRACKING_DIAGNOSTIC_20260918","1790169475000","AUDJPY.r-1790168570-0017","AUDJPY.r","SHORT","OPPORTUNITY_ABANDONED","","0.00000000","0.00000000","111.4795000000","TRANSITION_EXPIRED","false"
"SOLTRADE_V3_LIFETIME_EVENT_V2","1.1.0","ENTRY_ENGINE_V3_TRACKING_DIAGNOSTIC_20260918","1790169500000","AUDNZD.r-1790168595-0017","AUDNZD.r","SHORT","OPPORTUNITY_ABANDONED","","0.00000000","0.00000000","1.2413300000","TRANSITION_EXPIRED","false"
"SOLTRADE_V3_LIFETIME_EVENT_V2","1.1.0","ENTRY_ENGINE_V3_TRACKING_DIAGNOSTIC_20260918","1790172005000","US500-1790172005-0017","US500","SHORT","OPPORTUNITY_DETECTED","","0.00000000","0.00000000","7746.6250000000","STRUCTURE_TRANSITION","false"
"SOLTRADE_V3_LIFETIME_EVENT_V2","1.1.0","ENTRY_ENGINE_V3_TRACKING_DIAGNOSTIC_20260918","1790172010000","XAUUSD.r-1790172010-0017","XAUUSD.r","SHORT","OPPORTUNITY_DETECTED","","0.00000000","0.00000000","4285.9950000000","PRESSURE_BURST","false"
"SOLTRADE_V3_LIFETIME_EVENT_V2","1.1.0","ENTRY_ENGINE_V3_TRACKING_DIAGNOSTIC_20260918","1790172020000","XAGUSD.r-1790172020-0017","XAGUSD.r","SHORT","OPPORTUNITY_DETECTED","","0.00000000","0.00000000","64.6115000000","STRUCTURE_TRANSITION","false"
"SOLTRADE_V3_LIFETIME_EVENT_V2","1.1.0","ENTRY_ENGINE_V3_TRACKING_DIAGNOSTIC_20260918","1790172070000","US100-1790172070-0017","US100","LONG","OPPORTUNITY_DETECTED","","0.00000000","0.00000000","30618.3000000000","PRESSURE_BURST","false"
"SOLTRADE_V3_LIFETIME_EVENT_V2","1.1.0","ENTRY_ENGINE_V3_TRACKING_DIAGNOSTIC_20260918","1790172180000","GER40-1790172180-0017","GER40","LONG","OPPORTUNITY_DETECTED","","0.00000000","0.00000000","25483.9000000000","PRESSURE_BURST","false"
"SOLTRADE_V3_LIFETIME_EVENT_V2","1.1.0","ENTRY_ENGINE_V3_TRACKING_DIAGNOSTIC_20260918","1790172180000","US100-1790172070-0017","US100","LONG","ENTRY_TRIGGERED","","0.00000000","0.00000000","30578.3500000000","expected_net_r=0.50263299;full_loss_probability=0.34653156;bank1_probability=0.63216568;opposite_expected_net_r=-0.72163609;position_time_limit=false","false"
"SOLTRADE_V3_LIFETIME_EVENT_V2","1.1.0","ENTRY_ENGINE_V3_TRACKING_DIAGNOSTIC_20260918","1790172185000","UK100-1790172185-0017","UK100","SHORT","OPPORTUNITY_DETECTED","","0.00000000","0.00000000","10729.9000000000","PRESSURE_BURST","false"
"SOLTRADE_V3_LIFETIME_EVENT_V2","1.1.0","ENTRY_ENGINE_V3_TRACKING_DIAGNOSTIC_20260918","1790172305000","EURO50-1790172305-0017","EURO50","SHORT","OPPORTUNITY_DETECTED","","0.00000000","0.00000000","6315.2000000000","PRESSURE_BURST","false"
"SOLTRADE_V3_LIFETIME_EVENT_V2","1.1.0","ENTRY_ENGINE_V3_TRACKING_DIAGNOSTIC_20260918","1790172325000","EURO50-1790172305-0017","EURO50","SHORT","OPPORTUNITY_ABANDONED","","0.00000000","0.00000000","6314.2000000000","STALE_MARKET_NO_CURRENT_TICK","false"
"SOLTRADE_V3_LIFETIME_EVENT_V2","1.1.0","ENTRY_ENGINE_V3_TRACKING_DIAGNOSTIC_20260918","1790172395000","US100-1790172070-0017","US100","LONG","CAUSAL_INVALIDATION","FROZEN_V3_DIAGNOSTIC","-0.40755798","-0.29166667","30564.0000000000","adverse_r_and_material_evidence_failure","false"
"SOLTRADE_V3_LIFETIME_EVENT_V2","1.1.0","ENTRY_ENGINE_V3_TRACKING_DIAGNOSTIC_20260918","1790172395000","US100-1790172070-0017","US100","LONG","CAUSAL_INVALIDATION","STRUCTURAL_REVERSAL_CONFIRMATION","-0.40755798","-0.29166667","30564.0000000000","adverse_r_and_material_evidence_failure","false"
"SOLTRADE_V3_LIFETIME_EVENT_V2","1.1.0","ENTRY_ENGINE_V3_TRACKING_DIAGNOSTIC_20260918","1790172410000","US100-1790172070-0017","US100","LONG","CAUSAL_INVALIDATION","EXPANDING_PULLBACK_FAILURE","-0.42885892","-0.75000000","30563.2500000000","adverse_r_and_material_evidence_failure","false"
"SOLTRADE_V3_LIFETIME_EVENT_V2","1.1.0","ENTRY_ENGINE_V3_TRACKING_DIAGNOSTIC_20260918","1790172425000","US100-1790172070-0017","US100","LONG","CAUSAL_INVALIDATION","STRICT_PRESSURE_RESUMPTION","-0.59926644","-0.62500000","30557.2500000000","adverse_r_and_material_evidence_failure","false"
"SOLTRADE_V3_LIFETIME_EVENT_V2","1.1.0","ENTRY_ENGINE_V3_TRACKING_DIAGNOSTIC_20260918","1790172465143","US100-1790172070-0017","US100","LONG","STRUCTURAL_STOP","","-1.09628836","0.00000000","30539.7500000000","baseline_path_exit;terminal_reason=INITIAL_STRUCTURAL_STOP","false"
"SOLTRADE_V3_LIFETIME_EVENT_V2","1.1.0","ENTRY_ENGINE_V3_TRACKING_DIAGNOSTIC_20260918","1790172465000","US100-1790172070-0017","US100","LONG","POSITION_LIFETIME_COMPLETE","","-1.09628836","0.00000000","30539.2500000000","terminal_reason=INITIAL_STRUCTURAL_STOP;known_final_outcome=true","false"
"SOLTRADE_V3_LIFETIME_EVENT_V2","1.1.0","ENTRY_ENGINE_V3_TRACKING_DIAGNOSTIC_20260918","1790172550000","XAGUSD.r-1790172020-0017","XAGUSD.r","SHORT","ENTRY_TRIGGERED","","0.00000000","0.00000000","64.7860000000","expected_net_r=0.29543100;full_loss_probability=0.36640624;bank1_probability=0.67774408;opposite_expected_net_r=-0.81655180;position_time_limit=false","false"
"SOLTRADE_V3_LIFETIME_EVENT_V2","1.1.0","ENTRY_ENGINE_V3_TRACKING_DIAGNOSTIC_20260918","1790172910000","US500-1790172005-0017","US500","SHORT","OPPORTUNITY_ABANDONED","","0.00000000","0.00000000","7734.8750000000","TRANSITION_EXPIRED","false"
"SOLTRADE_V3_LIFETIME_EVENT_V2","1.1.0","ENTRY_ENGINE_V3_TRACKING_DIAGNOSTIC_20260918","1790172915000","XAUUSD.r-1790172010-0017","XAUUSD.r","SHORT","OPPORTUNITY_ABANDONED","","0.00000000","0.00000000","4283.3000000000","TRANSITION_EXPIRED","false"
"SOLTRADE_V3_LIFETIME_EVENT_V2","1.1.0","ENTRY_ENGINE_V3_TRACKING_DIAGNOSTIC_20260918","1790173085000","GER40-1790172180-0017","GER40","LONG","OPPORTUNITY_ABANDONED","","0.00000000","0.00000000","25487.9000000000","TRANSITION_EXPIRED","false"
"SOLTRADE_V3_LIFETIME_EVENT_V2","1.1.0","ENTRY_ENGINE_V3_TRACKING_DIAGNOSTIC_20260918","1790173090000","UK100-1790172185-0017","UK100","SHORT","OPPORTUNITY_ABANDONED","","0.00000000","0.00000000","10748.9000000000","TRANSITION_EXPIRED","false"
"SOLTRADE_V3_LIFETIME_EVENT_V2","1.1.0","ENTRY_ENGINE_V3_TRACKING_DIAGNOSTIC_20260918","1790173341401","XAGUSD.r-1790172020-0017","XAGUSD.r","SHORT","BANK1R","","1.00882520","0.00000000","64.5190000000","bank_fraction=0.50;repeated_banking=false","false"
"SOLTRADE_V3_LIFETIME_EVENT_V2","1.1.0","ENTRY_ENGINE_V3_TRACKING_DIAGNOSTIC_20260918","1790175230000","XAGUSD.r-1790172020-0017","XAGUSD.r","SHORT","CAUSAL_INVALIDATION","FROZEN_V3_DIAGNOSTIC","-0.50252341","-1.13461538","64.9190000000","adverse_r_and_material_evidence_failure","false"
"SOLTRADE_V3_LIFETIME_EVENT_V2","1.1.0","ENTRY_ENGINE_V3_TRACKING_DIAGNOSTIC_20260918","1790175230000","XAGUSD.r-1790172020-0017","XAGUSD.r","SHORT","CAUSAL_INVALIDATION","STRICT_PRESSURE_RESUMPTION","-0.50252341","-1.13461538","64.9190000000","adverse_r_and_material_evidence_failure","false"
"SOLTRADE_V3_LIFETIME_EVENT_V2","1.1.0","ENTRY_ENGINE_V3_TRACKING_DIAGNOSTIC_20260918","1790175230000","XAGUSD.r-1790172020-0017","XAGUSD.r","SHORT","CAUSAL_INVALIDATION","EXPANDING_PULLBACK_FAILURE","-0.50252341","-1.13461538","64.9190000000","adverse_r_and_material_evidence_failure","false"
"SOLTRADE_V3_LIFETIME_EVENT_V2","1.1.0","ENTRY_ENGINE_V3_TRACKING_DIAGNOSTIC_20260918","1790175305000","XAGUSD.r-1790172020-0017","XAGUSD.r","SHORT","CAUSAL_INVALIDATION","STRUCTURAL_REVERSAL_CONFIRMATION","-0.53652876","-0.37500000","64.9280000000","adverse_r_and_material_evidence_failure","false"
"SOLTRADE_V3_LIFETIME_EVENT_V2","1.1.0","ENTRY_ENGINE_V3_TRACKING_DIAGNOSTIC_20260918","1790182805000","XAGUSD.r-1790172020-0017","XAGUSD.r","SHORT","RUNNER_STRUCTURE_ADVANCED","","1.12973309","0.00000000","64.7360000000","prior_stop=65.0506642857;new_stop=64.7360000000;completed_m5_m15=true;monotonic=true","false"
"SOLTRADE_V3_LIFETIME_EVENT_V2","1.1.0","ENTRY_ENGINE_V3_TRACKING_DIAGNOSTIC_20260918","1790182810000","EURUSD.r-1790182810-0018","EURUSD.r","SHORT","OPPORTUNITY_DETECTED","","0.00000000","0.00000000","1.1377600000","STRUCTURE_TRANSITION","false"
"SOLTRADE_V3_LIFETIME_EVENT_V2","1.1.0","ENTRY_ENGINE_V3_TRACKING_DIAGNOSTIC_20260918","1790182810000","GBPUSD.r-1790182810-0018","GBPUSD.r","SHORT","OPPORTUNITY_DETECTED","","0.00000000","0.00000000","1.3233050000","STRUCTURE_TRANSITION","false"
"SOLTRADE_V3_LIFETIME_EVENT_V2","1.1.0","ENTRY_ENGINE_V3_TRACKING_DIAGNOSTIC_20260918","1790182810000","USDCHF.r-1790182810-0018","USDCHF.r","SHORT","OPPORTUNITY_DETECTED","","0.00000000","0.00000000","0.8257200000","STRUCTURE_TRANSITION","false"
"SOLTRADE_V3_LIFETIME_EVENT_V2","1.1.0","ENTRY_ENGINE_V3_TRACKING_DIAGNOSTIC_20260918","1790182810000","EURGBP.r-1790182810-0018","EURGBP.r","SHORT","OPPORTUNITY_DETECTED","","0.00000000","0.00000000","0.8597950000","RATE_BURST","false"
"SOLTRADE_V3_LIFETIME_EVENT_V2","1.1.0","ENTRY_ENGINE_V3_TRACKING_DIAGNOSTIC_20260918","1790182830000","XAGUSD.r-1790172020-0017","XAGUSD.r","SHORT","RUNNER_STRUCTURE_ADVANCED","","1.09194937","0.00000000","64.7340000000","prior_stop=64.7360000000;new_stop=64.7340000000;completed_m5_m15=true;monotonic=true","false"
"SOLTRADE_V3_LIFETIME_EVENT_V2","1.1.0","ENTRY_ENGINE_V3_TRACKING_DIAGNOSTIC_20260918","1790182835000","USDCAD.r-1790182835-0018","USDCAD.r","SHORT","OPPORTUNITY_DETECTED","","0.00000000","0.00000000","1.4104400000","PRESSURE_BURST","false"
"SOLTRADE_V3_LIFETIME_EVENT_V2","1.1.0","ENTRY_ENGINE_V3_TRACKING_DIAGNOSTIC_20260918","1790182835000","EURJPY.r-1790182835-0018","EURJPY.r","SHORT","OPPORTUNITY_DETECTED","","0.00000000","0.00000000","180.1820000000","STRUCTURE_TRANSITION","false"
"SOLTRADE_V3_LIFETIME_EVENT_V2","1.1.0","ENTRY_ENGINE_V3_TRACKING_DIAGNOSTIC_20260918","1790182835000","GBPJPY.r-1790182835-0018","GBPJPY.r","SHORT","OPPORTUNITY_DETECTED","","0.00000000","0.00000000","209.5720000000","PRESSURE_BURST","false"
"SOLTRADE_V3_LIFETIME_EVENT_V2","1.1.0","ENTRY_ENGINE_V3_TRACKING_DIAGNOSTIC_20260918","1790182840000","USDJPY.r-1790182840-0018","USDJPY.r","SHORT","OPPORTUNITY_DETECTED","","0.00000000","0.00000000","158.3780000000","STRUCTURE_TRANSITION","false"
"SOLTRADE_V3_LIFETIME_EVENT_V2","1.1.0","ENTRY_ENGINE_V3_TRACKING_DIAGNOSTIC_20260918","1790182845000","XAGUSD.r-1790172020-0017","XAGUSD.r","SHORT","RUNNER_STRUCTURE_ADVANCED","","1.11084123","0.00000000","64.7290000000","prior_stop=64.7340000000;new_stop=64.7290000000;completed_m5_m15=true;monotonic=true","false"
"SOLTRADE_V3_LIFETIME_EVENT_V2","1.1.0","ENTRY_ENGINE_V3_TRACKING_DIAGNOSTIC_20260918","1790182865000","NZDUSD.r-1790182865-0018","NZDUSD.r","SHORT","OPPORTUNITY_DETECTED","","0.00000000","0.00000000","0.5664150000","STRUCTURE_TRANSITION","false"
"SOLTRADE_V3_LIFETIME_EVENT_V2","1.1.0","ENTRY_ENGINE_V3_TRACKING_DIAGNOSTIC_20260918","1790182900000","XAGUSD.r-1790172020-0017","XAGUSD.r","SHORT","RUNNER_STRUCTURE_ADVANCED","","0.93703614","0.00000000","64.7240000000","prior_stop=64.7290000000;new_stop=64.7240000000;completed_m5_m15=true;monotonic=true","false"
"SOLTRADE_V3_LIFETIME_EVENT_V2","1.1.0","ENTRY_ENGINE_V3_TRACKING_DIAGNOSTIC_20260918","1790182925000","AUDUSD.r-1790182925-0018","AUDUSD.r","SHORT","OPPORTUNITY_DETECTED","","0.00000000","0.00000000","0.7030300000","STRUCTURE_TRANSITION","false"
"SOLTRADE_V3_LIFETIME_EVENT_V2","1.1.0","ENTRY_ENGINE_V3_TRACKING_DIAGNOSTIC_20260918","1790182970000","AUDJPY.r-1790182970-0018","AUDJPY.r","SHORT","OPPORTUNITY_DETECTED","","0.00000000","0.00000000","111.2945000000","STRUCTURE_TRANSITION","false"
"SOLTRADE_V3_LIFETIME_EVENT_V2","1.1.0","ENTRY_ENGINE_V3_TRACKING_DIAGNOSTIC_20260918","1790182995000","AUDNZD.r-1790182995-0018","AUDNZD.r","SHORT","OPPORTUNITY_DETECTED","","0.00000000","0.00000000","1.2411400000","PRESSURE_BURST","false"
"SOLTRADE_V3_LIFETIME_EVENT_V2","1.1.0","ENTRY_ENGINE_V3_TRACKING_DIAGNOSTIC_20260918","1790183715000","EURUSD.r-1790182810-0018","EURUSD.r","SHORT","OPPORTUNITY_ABANDONED","","0.00000000","0.00000000","1.1370350000","TRANSITION_EXPIRED","false"
"SOLTRADE_V3_LIFETIME_EVENT_V2","1.1.0","ENTRY_ENGINE_V3_TRACKING_DIAGNOSTIC_20260918","1790183715000","GBPUSD.r-1790182810-0018","GBPUSD.r","SHORT","OPPORTUNITY_ABANDONED","","0.00000000","0.00000000","1.3224000000","TRANSITION_EXPIRED","false"
"SOLTRADE_V3_LIFETIME_EVENT_V2","1.1.0","ENTRY_ENGINE_V3_TRACKING_DIAGNOSTIC_20260918","1790183715000","USDCHF.r-1790182810-0018","USDCHF.r","SHORT","OPPORTUNITY_ABANDONED","","0.00000000","0.00000000","0.8255400000","TRANSITION_EXPIRED","false"
"SOLTRADE_V3_LIFETIME_EVENT_V2","1.1.0","ENTRY_ENGINE_V3_TRACKING_DIAGNOSTIC_20260918","1790183715000","EURGBP.r-1790182810-0018","EURGBP.r","SHORT","OPPORTUNITY_ABANDONED","","0.00000000","0.00000000","0.8598250000","TRANSITION_EXPIRED","false"
"SOLTRADE_V3_LIFETIME_EVENT_V2","1.1.0","ENTRY_ENGINE_V3_TRACKING_DIAGNOSTIC_20260918","1790183740000","USDCAD.r-1790182835-0018","USDCAD.r","SHORT","OPPORTUNITY_ABANDONED","","0.00000000","0.00000000","1.4102300000","TRANSITION_EXPIRED","false"
"SOLTRADE_V3_LIFETIME_EVENT_V2","1.1.0","ENTRY_ENGINE_V3_TRACKING_DIAGNOSTIC_20260918","1790183740000","EURJPY.r-1790182835-0018","EURJPY.r","SHORT","OPPORTUNITY_ABANDONED","","0.00000000","0.00000000","180.0945000000","TRANSITION_EXPIRED","false"
"SOLTRADE_V3_LIFETIME_EVENT_V2","1.1.0","ENTRY_ENGINE_V3_TRACKING_DIAGNOSTIC_20260918","1790183740000","GBPJPY.r-1790182835-0018","GBPJPY.r","SHORT","OPPORTUNITY_ABANDONED","","0.00000000","0.00000000","209.4500000000","TRANSITION_EXPIRED","false"
"SOLTRADE_V3_LIFETIME_EVENT_V2","1.1.0","ENTRY_ENGINE_V3_TRACKING_DIAGNOSTIC_20260918","1790183745000","USDJPY.r-1790182840-0018","USDJPY.r","SHORT","OPPORTUNITY_ABANDONED","","0.00000000","0.00000000","158.3775000000","TRANSITION_EXPIRED","false"
"SOLTRADE_V3_LIFETIME_EVENT_V2","1.1.0","ENTRY_ENGINE_V3_TRACKING_DIAGNOSTIC_20260918","1790183770000","NZDUSD.r-1790182865-0018","NZDUSD.r","SHORT","OPPORTUNITY_ABANDONED","","0.00000000","0.00000000","0.5663050000","TRANSITION_EXPIRED","false"
"SOLTRADE_V3_LIFETIME_EVENT_V2","1.1.0","ENTRY_ENGINE_V3_TRACKING_DIAGNOSTIC_20260918","1790183830000","AUDUSD.r-1790182925-0018","AUDUSD.r","SHORT","OPPORTUNITY_ABANDONED","","0.00000000","0.00000000","0.7030800000","TRANSITION_EXPIRED","false"
"SOLTRADE_V3_LIFETIME_EVENT_V2","1.1.0","ENTRY_ENGINE_V3_TRACKING_DIAGNOSTIC_20260918","1790183875000","AUDJPY.r-1790182970-0018","AUDJPY.r","SHORT","OPPORTUNITY_ABANDONED","","0.00000000","0.00000000","111.3715000000","TRANSITION_EXPIRED","false"
"SOLTRADE_V3_LIFETIME_EVENT_V2","1.1.0","ENTRY_ENGINE_V3_TRACKING_DIAGNOSTIC_20260918","1790183900000","AUDNZD.r-1790182995-0018","AUDNZD.r","SHORT","OPPORTUNITY_ABANDONED","","0.00000000","0.00000000","1.2416150000","TRANSITION_EXPIRED","false"
"SOLTRADE_V3_LIFETIME_EVENT_V2","1.1.0","ENTRY_ENGINE_V3_TRACKING_DIAGNOSTIC_20260918","1790185210000","XAGUSD.r-1790172020-0017","XAGUSD.r","SHORT","RUNNER_STRUCTURE_ADVANCED","","1.79850484","0.00000000","64.7190000000","prior_stop=64.7240000000;new_stop=64.7190000000;completed_m5_m15=true;monotonic=true","false"
"SOLTRADE_V3_LIFETIME_EVENT_V2","1.1.0","ENTRY_ENGINE_V3_TRACKING_DIAGNOSTIC_20260918","1790186405000","US500-1790186405-0018","US500","SHORT","OPPORTUNITY_DETECTED","","0.00000000","0.00000000","7728.6250000000","RATE_BURST","false"
"SOLTRADE_V3_LIFETIME_EVENT_V2","1.1.0","ENTRY_ENGINE_V3_TRACKING_DIAGNOSTIC_20260918","1790186410000","XAUUSD.r-1790186410-0018","XAUUSD.r","SHORT","OPPORTUNITY_DETECTED","","0.00000000","0.00000000","4292.8650000000","PRESSURE_BURST","false"
"SOLTRADE_V3_LIFETIME_EVENT_V2","1.1.0","ENTRY_ENGINE_V3_TRACKING_DIAGNOSTIC_20260918","1790186470000","US100-1790186470-0018","US100","LONG","OPPORTUNITY_DETECTED","","0.00000000","0.00000000","30517.3000000000","STRUCTURE_TRANSITION","false"
"SOLTRADE_V3_LIFETIME_EVENT_V2","1.1.0","ENTRY_ENGINE_V3_TRACKING_DIAGNOSTIC_20260918","1790186580000","GER40-1790186580-0018","GER40","LONG","OPPORTUNITY_DETECTED","","0.00000000","0.00000000","25387.4000000000","STRUCTURE_TRANSITION","false"
"SOLTRADE_V3_LIFETIME_EVENT_V2","1.1.0","ENTRY_ENGINE_V3_TRACKING_DIAGNOSTIC_20260918","1790186585000","UK100-1790186585-0018","UK100","SHORT","OPPORTUNITY_DETECTED","","0.00000000","0.00000000","10701.4000000000","PRESSURE_BURST","false"
"SOLTRADE_V3_LIFETIME_EVENT_V2","1.1.0","ENTRY_ENGINE_V3_TRACKING_DIAGNOSTIC_20260918","1790186700000","US100-1790186470-0018","US100","LONG","ENTRY_TRIGGERED","","0.00000000","0.00000000","30481.8500000000","expected_net_r=0.29860271;full_loss_probability=0.37653041;bank1_probability=0.59948511;opposite_expected_net_r=-1.06670674;position_time_limit=false","false"
"SOLTRADE_V3_LIFETIME_EVENT_V2","1.1.0","ENTRY_ENGINE_V3_TRACKING_DIAGNOSTIC_20260918","1790186705000","GER40-1790186580-0018","GER40","LONG","ENTRY_TRIGGERED","","0.00000000","0.00000000","25375.6500000000","expected_net_r=0.12970433;full_loss_probability=0.38651148;bank1_probability=0.64126871;opposite_expected_net_r=-1.47146169;position_time_limit=false","false"
"SOLTRADE_V3_LIFETIME_EVENT_V2","1.1.0","ENTRY_ENGINE_V3_TRACKING_DIAGNOSTIC_20260918","1790186705000","EURO50-1790186705-0018","EURO50","SHORT","OPPORTUNITY_DETECTED","","0.00000000","0.00000000","6294.2000000000","RATE_BURST","false"
"SOLTRADE_V3_LIFETIME_EVENT_V2","1.1.0","ENTRY_ENGINE_V3_TRACKING_DIAGNOSTIC_20260918","1790186725000","EURO50-1790186705-0018","EURO50","SHORT","OPPORTUNITY_ABANDONED","","0.00000000","0.00000000","6294.2000000000","STALE_MARKET_NO_CURRENT_TICK","false"
"SOLTRADE_V3_LIFETIME_EVENT_V2","1.1.0","ENTRY_ENGINE_V3_TRACKING_DIAGNOSTIC_20260918","1790187025000","UK100-1790186585-0018","UK100","SHORT","OPPORTUNITY_ABANDONED","","0.00000000","0.00000000","10701.4000000000","STALE_MARKET_NO_CURRENT_TICK","false"
"SOLTRADE_V3_LIFETIME_EVENT_V2","1.1.0","ENTRY_ENGINE_V3_TRACKING_DIAGNOSTIC_20260918","1790187310000","US500-1790186405-0018","US500","SHORT","OPPORTUNITY_ABANDONED","","0.00000000","0.00000000","7722.3750000000","TRANSITION_EXPIRED","false"
"SOLTRADE_V3_LIFETIME_EVENT_V2","1.1.0","ENTRY_ENGINE_V3_TRACKING_DIAGNOSTIC_20260918","1790187315000","XAUUSD.r-1790186410-0018","XAUUSD.r","SHORT","OPPORTUNITY_ABANDONED","","0.00000000","0.00000000","4289.6650000000","TRANSITION_EXPIRED","false"
"SOLTRADE_V3_LIFETIME_EVENT_V2","1.1.0","ENTRY_ENGINE_V3_TRACKING_DIAGNOSTIC_20260918","1790187528714","GER40-1790186580-0018","GER40","LONG","BANK1R","","1.02453724","0.00000000","25401.1500000000","bank_fraction=0.50;repeated_banking=false","false"
"SOLTRADE_V3_LIFETIME_EVENT_V2","1.1.0","ENTRY_ENGINE_V3_TRACKING_DIAGNOSTIC_20260918","1790190435558","US100-1790186470-0018","US100","LONG","BANK1R","","1.07435198","0.00000000","30523.2500000000","bank_fraction=0.50;repeated_banking=false","false"
"SOLTRADE_V3_LIFETIME_EVENT_V2","1.1.0","ENTRY_ENGINE_V3_TRACKING_DIAGNOSTIC_20260918","1790190770000","XAGUSD.r-1790172020-0017","XAGUSD.r","SHORT","RUNNER_STRUCTURE_ADVANCED","","1.01260357","0.00000000","64.7140000000","prior_stop=64.7190000000;new_stop=64.7140000000;completed_m5_m15=true;monotonic=true","false"
"SOLTRADE_V3_LIFETIME_EVENT_V2","1.1.0","ENTRY_ENGINE_V3_TRACKING_DIAGNOSTIC_20260918","1790191070000","XAGUSD.r-1790172020-0017","XAGUSD.r","SHORT","RUNNER_STRUCTURE_ADVANCED","","1.37532723","0.00000000","64.7020000000","prior_stop=64.7140000000;new_stop=64.7020000000;completed_m5_m15=true;monotonic=true","false"
"SOLTRADE_V3_LIFETIME_EVENT_V2","1.1.0","ENTRY_ENGINE_V3_TRACKING_DIAGNOSTIC_20260918","1790192705000","XAGUSD.r-1790172020-0017","XAGUSD.r","SHORT","RUNNER_STRUCTURE_ADVANCED","","1.86651553","0.00000000","64.6800000000","prior_stop=64.7020000000;new_stop=64.6800000000;completed_m5_m15=true;monotonic=true","false"
"SOLTRADE_V3_LIFETIME_EVENT_V2","1.1.0","ENTRY_ENGINE_V3_TRACKING_DIAGNOSTIC_20260918","1790193165000","US100-1790186470-0018","US100","LONG","CAUSAL_INVALIDATION","EXPANDING_PULLBACK_FAILURE","-0.39834065","-1.25000000","30466.5000000000","adverse_r_and_material_evidence_failure","false"
"SOLTRADE_V3_LIFETIME_EVENT_V2","1.1.0","ENTRY_ENGINE_V3_TRACKING_DIAGNOSTIC_20260918","1790193175000","US100-1790186470-0018","US100","LONG","CAUSAL_INVALIDATION","FROZEN_V3_DIAGNOSTIC","-0.45024171","-0.29166667","30464.5000000000","adverse_r_and_material_evidence_failure","false"
"SOLTRADE_V3_LIFETIME_EVENT_V2","1.1.0","ENTRY_ENGINE_V3_TRACKING_DIAGNOSTIC_20260918","1790193175000","US100-1790186470-0018","US100","LONG","CAUSAL_INVALIDATION","STRUCTURAL_REVERSAL_CONFIRMATION","-0.45024171","-0.29166667","30464.5000000000","adverse_r_and_material_evidence_failure","false"
"SOLTRADE_V3_LIFETIME_EVENT_V2","1.1.0","ENTRY_ENGINE_V3_TRACKING_DIAGNOSTIC_20260918","1790193210000","XAGUSD.r-1790172020-0017","XAGUSD.r","SHORT","RUNNER_STRUCTURE_ADVANCED","","1.60580790","0.00000000","64.6780000000","prior_stop=64.6800000000;new_stop=64.6780000000;completed_m5_m15=true;monotonic=true","false"
"SOLTRADE_V3_LIFETIME_EVENT_V2","1.1.0","ENTRY_ENGINE_V3_TRACKING_DIAGNOSTIC_20260918","1790193400000","XAGUSD.r-1790172020-0017","XAGUSD.r","SHORT","RUNNER_STRUCTURE_ADVANCED","","1.63981324","0.00000000","64.6750000000","prior_stop=64.6780000000;new_stop=64.6750000000;completed_m5_m15=true;monotonic=true","false"
"SOLTRADE_V3_LIFETIME_EVENT_V2","1.1.0","ENTRY_ENGINE_V3_TRACKING_DIAGNOSTIC_20260918","1790196305000","XAGUSD.r-1790172020-0017","XAGUSD.r","SHORT","RUNNER_STRUCTURE_ADVANCED","","1.27708957","0.00000000","64.5250000000","prior_stop=64.6750000000;new_stop=64.5250000000;completed_m5_m15=true;monotonic=true","false"
"SOLTRADE_V3_LIFETIME_EVENT_V2","1.1.0","ENTRY_ENGINE_V3_TRACKING_DIAGNOSTIC_20260918","1790196310000","XAGUSD.r-1790172020-0017","XAGUSD.r","SHORT","RUNNER_STRUCTURE_ADVANCED","","1.26197609","0.00000000","64.5220000000","prior_stop=64.5250000000;new_stop=64.5220000000;completed_m5_m15=true;monotonic=true","false"
"SOLTRADE_V3_LIFETIME_EVENT_V2","1.1.0","ENTRY_ENGINE_V3_TRACKING_DIAGNOSTIC_20260918","1790196585000","XAGUSD.r-1790172020-0017","XAGUSD.r","SHORT","RUNNER_STRUCTURE_ADVANCED","","1.30731655","0.00000000","64.5070000000","prior_stop=64.5220000000;new_stop=64.5070000000;completed_m5_m15=true;monotonic=true","false"
"SOLTRADE_V3_LIFETIME_EVENT_V2","1.1.0","ENTRY_ENGINE_V3_TRACKING_DIAGNOSTIC_20260918","1790196891046","XAGUSD.r-1790172020-0017","XAGUSD.r","SHORT","STRUCTURAL_STOP","","1.05416565","0.00000000","64.5070000000","baseline_path_exit;terminal_reason=RUNNER_STRUCTURAL_STOP","false"
"SOLTRADE_V3_LIFETIME_EVENT_V2","1.1.0","ENTRY_ENGINE_V3_TRACKING_DIAGNOSTIC_20260918","1790196891000","XAGUSD.r-1790172020-0017","XAGUSD.r","SHORT","POSITION_LIFETIME_COMPLETE","","1.05416565","0.00000000","64.5140000000","terminal_reason=RUNNER_STRUCTURAL_STOP;known_final_outcome=true","false"
"SOLTRADE_V3_LIFETIME_EVENT_V2","1.1.0","ENTRY_ENGINE_V3_TRACKING_DIAGNOSTIC_20260918","1790196900000","XAGUSD.r-1790196900-0018","XAGUSD.r","SHORT","OPPORTUNITY_DETECTED","","0.00000000","0.00000000","64.4980000000","PRESSURE_BURST","false"
"SOLTRADE_V3_LIFETIME_EVENT_V2","1.1.0","ENTRY_ENGINE_V3_TRACKING_DIAGNOSTIC_20260918","1790197205000","XAGUSD.r-1790196900-0018","XAGUSD.r","SHORT","OPPORTUNITY_ABANDONED","","0.00000000","0.00000000","64.4520000000","STALE_MARKET_NO_CURRENT_TICK","false"
"SOLTRADE_V3_LIFETIME_EVENT_V2","1.1.0","ENTRY_ENGINE_V3_TRACKING_DIAGNOSTIC_20260918","1790197210000","EURUSD.r-1790197210-0019","EURUSD.r","SHORT","OPPORTUNITY_DETECTED","","0.00000000","0.00000000","1.1377350000","RATE_BURST","false"
"SOLTRADE_V3_LIFETIME_EVENT_V2","1.1.0","ENTRY_ENGINE_V3_TRACKING_DIAGNOSTIC_20260918","1790197210000","GBPUSD.r-1790197210-0019","GBPUSD.r","SHORT","OPPORTUNITY_DETECTED","","0.00000000","0.00000000","1.3240650000","RATE_BURST","false"
"SOLTRADE_V3_LIFETIME_EVENT_V2","1.1.0","ENTRY_ENGINE_V3_TRACKING_DIAGNOSTIC_20260918","1790197210000","USDCHF.r-1790197210-0019","USDCHF.r","SHORT","OPPORTUNITY_DETECTED","","0.00000000","0.00000000","0.8248000000","PRESSURE_BURST","false"
"SOLTRADE_V3_LIFETIME_EVENT_V2","1.1.0","ENTRY_ENGINE_V3_TRACKING_DIAGNOSTIC_20260918","1790197210000","EURGBP.r-1790197210-0019","EURGBP.r","SHORT","OPPORTUNITY_DETECTED","","0.00000000","0.00000000","0.8592550000","STRUCTURE_TRANSITION","false"
"SOLTRADE_V3_LIFETIME_EVENT_V2","1.1.0","ENTRY_ENGINE_V3_TRACKING_DIAGNOSTIC_20260918","1790197215000","EURUSD.r-1790197210-0019","EURUSD.r","SHORT","OPPORTUNITY_ABANDONED","","0.00000000","0.00000000","1.1377350000","STALE_MARKET_NO_CURRENT_TICK","false"
"SOLTRADE_V3_LIFETIME_EVENT_V2","1.1.0","ENTRY_ENGINE_V3_TRACKING_DIAGNOSTIC_20260918","1790197215000","GBPUSD.r-1790197210-0019","GBPUSD.r","SHORT","OPPORTUNITY_ABANDONED","","0.00000000","0.00000000","1.3240650000","STALE_MARKET_NO_CURRENT_TICK","false"
"SOLTRADE_V3_LIFETIME_EVENT_V2","1.1.0","ENTRY_ENGINE_V3_TRACKING_DIAGNOSTIC_20260918","1790197215000","EURGBP.r-1790197210-0019","EURGBP.r","SHORT","OPPORTUNITY_ABANDONED","","0.00000000","0.00000000","0.8592550000","STALE_MARKET_NO_CURRENT_TICK","false"
"SOLTRADE_V3_LIFETIME_EVENT_V2","1.1.0","ENTRY_ENGINE_V3_TRACKING_DIAGNOSTIC_20260918","1790197225000","USDCHF.r-1790197210-0019","USDCHF.r","SHORT","OPPORTUNITY_ABANDONED","","0.00000000","0.00000000","0.8246850000","STALE_MARKET_NO_CURRENT_TICK","false"
"SOLTRADE_V3_LIFETIME_EVENT_V2","1.1.0","ENTRY_ENGINE_V3_TRACKING_DIAGNOSTIC_20260918","1790197235000","USDCAD.r-1790197235-0019","USDCAD.r","SHORT","OPPORTUNITY_DETECTED","","0.00000000","0.00000000","1.4099000000","RATE_BURST","false"
"SOLTRADE_V3_LIFETIME_EVENT_V2","1.1.0","ENTRY_ENGINE_V3_TRACKING_DIAGNOSTIC_20260918","1790197235000","EURJPY.r-1790197235-0019","EURJPY.r","SHORT","OPPORTUNITY_DETECTED","","0.00000000","0.00000000","180.1140000000","PRESSURE_BURST","false"
"SOLTRADE_V3_LIFETIME_EVENT_V2","1.1.0","ENTRY_ENGINE_V3_TRACKING_DIAGNOSTIC_20260918","1790197235000","GBPJPY.r-1790197235-0019","GBPJPY.r","SHORT","OPPORTUNITY_DETECTED","","0.00000000","0.00000000","209.6240000000","PRESSURE_BURST","false"
"SOLTRADE_V3_LIFETIME_EVENT_V2","1.1.0","ENTRY_ENGINE_V3_TRACKING_DIAGNOSTIC_20260918","1790197240000","USDJPY.r-1790197240-0019","USDJPY.r","SHORT","OPPORTUNITY_DETECTED","","0.00000000","0.00000000","158.2930000000","PRESSURE_BURST","false"
"SOLTRADE_V3_LIFETIME_EVENT_V2","1.1.0","ENTRY_ENGINE_V3_TRACKING_DIAGNOSTIC_20260918","1790197240000","EURJPY.r-1790197235-0019","EURJPY.r","SHORT","OPPORTUNITY_ABANDONED","","0.00000000","0.00000000","180.1140000000","STALE_MARKET_NO_CURRENT_TICK","false"
"SOLTRADE_V3_LIFETIME_EVENT_V2","1.1.0","ENTRY_ENGINE_V3_TRACKING_DIAGNOSTIC_20260918","1790197245000","USDCAD.r-1790197235-0019","USDCAD.r","SHORT","OPPORTUNITY_ABANDONED","","0.00000000","0.00000000","1.4099000000","STALE_MARKET_NO_CURRENT_TICK","false"
"SOLTRADE_V3_LIFETIME_EVENT_V2","1.1.0","ENTRY_ENGINE_V3_TRACKING_DIAGNOSTIC_20260918","1790197250000","USDJPY.r-1790197240-0019","USDJPY.r","SHORT","OPPORTUNITY_ABANDONED","","0.00000000","0.00000000","158.2930000000","STALE_MARKET_NO_CURRENT_TICK","false"
"SOLTRADE_V3_LIFETIME_EVENT_V2","1.1.0","ENTRY_ENGINE_V3_TRACKING_DIAGNOSTIC_20260918","1790197250000","GBPJPY.r-1790197235-0019","GBPJPY.r","SHORT","OPPORTUNITY_ABANDONED","","0.00000000","0.00000000","209.6160000000","STALE_MARKET_NO_CURRENT_TICK","false"
"SOLTRADE_V3_LIFETIME_EVENT_V2","1.1.0","ENTRY_ENGINE_V3_TRACKING_DIAGNOSTIC_20260918","1790197270000","NZDUSD.r-1790197270-0019","NZDUSD.r","SHORT","OPPORTUNITY_DETECTED","","0.00000000","0.00000000","0.5675650000","RATE_BURST","false"
"SOLTRADE_V3_LIFETIME_EVENT_V2","1.1.0","ENTRY_ENGINE_V3_TRACKING_DIAGNOSTIC_20260918","1790197280000","NZDUSD.r-1790197270-0019","NZDUSD.r","SHORT","OPPORTUNITY_ABANDONED","","0.00000000","0.00000000","0.5675650000","STALE_MARKET_NO_CURRENT_TICK","false"
"SOLTRADE_V3_LIFETIME_EVENT_V2","1.1.0","ENTRY_ENGINE_V3_TRACKING_DIAGNOSTIC_20260918","1790197345000","AUDUSD.r-1790197345-0019","AUDUSD.r","SHORT","OPPORTUNITY_DETECTED","","0.00000000","0.00000000","0.7038750000","PRESSURE_BURST","false"
"SOLTRADE_V3_LIFETIME_EVENT_V2","1.1.0","ENTRY_ENGINE_V3_TRACKING_DIAGNOSTIC_20260918","1790197355000","AUDUSD.r-1790197345-0019","AUDUSD.r","SHORT","OPPORTUNITY_ABANDONED","","0.00000000","0.00000000","0.7038750000","STALE_MARKET_NO_CURRENT_TICK","false"
"SOLTRADE_V3_LIFETIME_EVENT_V2","1.1.0","ENTRY_ENGINE_V3_TRACKING_DIAGNOSTIC_20260918","1790197375000","AUDJPY.r-1790197375-0019","AUDJPY.r","SHORT","OPPORTUNITY_DETECTED","","0.00000000","0.00000000","111.4345000000","PRESSURE_BURST","false"
"SOLTRADE_V3_LIFETIME_EVENT_V2","1.1.0","ENTRY_ENGINE_V3_TRACKING_DIAGNOSTIC_20260918","1790197385000","AUDJPY.r-1790197375-0019","AUDJPY.r","SHORT","OPPORTUNITY_ABANDONED","","0.00000000","0.00000000","111.4345000000","STALE_MARKET_NO_CURRENT_TICK","false"
"SOLTRADE_V3_LIFETIME_EVENT_V2","1.1.0","ENTRY_ENGINE_V3_TRACKING_DIAGNOSTIC_20260918","1790197395000","AUDNZD.r-1790197395-0019","AUDNZD.r","SHORT","OPPORTUNITY_DETECTED","","0.00000000","0.00000000","1.2402100000","PRESSURE_BURST","false"
"SOLTRADE_V3_LIFETIME_EVENT_V2","1.1.0","ENTRY_ENGINE_V3_TRACKING_DIAGNOSTIC_20260918","1790197400000","AUDNZD.r-1790197395-0019","AUDNZD.r","SHORT","OPPORTUNITY_ABANDONED","","0.00000000","0.00000000","1.2402100000","STALE_MARKET_NO_CURRENT_TICK","false"
"SOLTRADE_V3_LIFETIME_EVENT_V2","1.1.0","ENTRY_ENGINE_V3_TRACKING_DIAGNOSTIC_20260918","1790200805000","US500-1790200805-0019","US500","SHORT","OPPORTUNITY_DETECTED","","0.00000000","0.00000000","7719.6750000000","PRESSURE_BURST","false"
"SOLTRADE_V3_LIFETIME_EVENT_V2","1.1.0","ENTRY_ENGINE_V3_TRACKING_DIAGNOSTIC_20260918","1790200810000","XAUUSD.r-1790200810-0019","XAUUSD.r","SHORT","OPPORTUNITY_DETECTED","","0.00000000","0.00000000","4291.1950000000","RATE_BURST","false"
"SOLTRADE_V3_LIFETIME_EVENT_V2","1.1.0","ENTRY_ENGINE_V3_TRACKING_DIAGNOSTIC_20260918","1790200950000","US500-1790200805-0019","US500","SHORT","OPPORTUNITY_ABANDONED","","0.00000000","0.00000000","7722.3050000000","STALE_MARKET_NO_CURRENT_TICK","false"
"SOLTRADE_V3_LIFETIME_EVENT_V2","1.1.0","ENTRY_ENGINE_V3_TRACKING_DIAGNOSTIC_20260918","1790200985000","UK100-1790200985-0019","UK100","SHORT","OPPORTUNITY_DETECTED","","0.00000000","0.00000000","10705.1000000000","STRUCTURE_TRANSITION","false"
"SOLTRADE_V3_LIFETIME_EVENT_V2","1.1.0","ENTRY_ENGINE_V3_TRACKING_DIAGNOSTIC_20260918","1790200990000","UK100-1790200985-0019","UK100","SHORT","OPPORTUNITY_ABANDONED","","0.00000000","0.00000000","10705.1000000000","STALE_MARKET_NO_CURRENT_TICK","false"
"SOLTRADE_V3_LIFETIME_EVENT_V2","1.1.0","ENTRY_ENGINE_V3_TRACKING_DIAGNOSTIC_20260918","1790201105000","EURO50-1790201105-0019","EURO50","SHORT","OPPORTUNITY_DETECTED","","0.00000000","0.00000000","6306.5000000000","RATE_BURST","false"
"SOLTRADE_V3_LIFETIME_EVENT_V2","1.1.0","ENTRY_ENGINE_V3_TRACKING_DIAGNOSTIC_20260918","1790201125000","EURO50-1790201105-0019","EURO50","SHORT","OPPORTUNITY_ABANDONED","","0.00000000","0.00000000","6306.5000000000","STALE_MARKET_NO_CURRENT_TICK","false"
"SOLTRADE_V3_LIFETIME_EVENT_V2","1.1.0","ENTRY_ENGINE_V3_TRACKING_DIAGNOSTIC_20260918","1790201715000","XAUUSD.r-1790200810-0019","XAUUSD.r","SHORT","OPPORTUNITY_ABANDONED","","0.00000000","0.00000000","4288.2850000000","TRANSITION_EXPIRED","false"
"SOLTRADE_V3_LIFETIME_EVENT_V2","1.1.0","ENTRY_ENGINE_V3_TRACKING_DIAGNOSTIC_20260918","1790202600000","US100-1790186470-0018","US100","LONG","RUNNER_STRUCTURE_ADVANCED","","1.51291595","0.00000000","30498.1200000000","prior_stop=30443.3151428571;new_stop=30498.1200000000;completed_m5_m15=true;monotonic=true","false"
"SOLTRADE_V3_LIFETIME_EVENT_V2","1.1.0","ENTRY_ENGINE_V3_TRACKING_DIAGNOSTIC_20260918","1790203505000","US100-1790186470-0018","US100","LONG","RUNNER_STRUCTURE_ADVANCED","","1.73349546","0.00000000","30498.4000000000","prior_stop=30498.1200000000;new_stop=30498.4000000000;completed_m5_m15=true;monotonic=true","false"
"SOLTRADE_V3_LIFETIME_EVENT_V2","1.1.0","ENTRY_ENGINE_V3_TRACKING_DIAGNOSTIC_20260918","1790203805000","US100-1790186470-0018","US100","LONG","RUNNER_STRUCTURE_ADVANCED","","1.77890889","0.00000000","30498.4600000000","prior_stop=30498.4000000000;new_stop=30498.4600000000;completed_m5_m15=true;monotonic=true","false"
"SOLTRADE_V3_LIFETIME_EVENT_V2","1.1.0","ENTRY_ENGINE_V3_TRACKING_DIAGNOSTIC_20260918","1790204405000","US100-1790186470-0018","US100","LONG","RUNNER_STRUCTURE_ADVANCED","","1.71403256","0.00000000","30508.0900000000","prior_stop=30498.4600000000;new_stop=30508.0900000000;completed_m5_m15=true;monotonic=true","false"
"SOLTRADE_V3_LIFETIME_EVENT_V2","1.1.0","ENTRY_ENGINE_V3_TRACKING_DIAGNOSTIC_20260918","1790205005000","US100-1790186470-0018","US100","LONG","RUNNER_STRUCTURE_ADVANCED","","1.75944599","0.00000000","30508.1200000000","prior_stop=30508.0900000000;new_stop=30508.1200000000;completed_m5_m15=true;monotonic=true","false"
"SOLTRADE_V3_LIFETIME_EVENT_V2","1.1.0","ENTRY_ENGINE_V3_TRACKING_DIAGNOSTIC_20260918","1790205305000","US100-1790186470-0018","US100","LONG","RUNNER_STRUCTURE_ADVANCED","","1.52589122","0.00000000","30516.1200000000","prior_stop=30508.1200000000;new_stop=30516.1200000000;completed_m5_m15=true;monotonic=true","false"
"SOLTRADE_V3_LIFETIME_EVENT_V2","1.1.0","ENTRY_ENGINE_V3_TRACKING_DIAGNOSTIC_20260918","1790205605000","US100-1790186470-0018","US100","LONG","RUNNER_STRUCTURE_ADVANCED","","1.43506436","0.00000000","30516.2800000000","prior_stop=30516.1200000000;new_stop=30516.2800000000;completed_m5_m15=true;monotonic=true","false"
"SOLTRADE_V3_LIFETIME_EVENT_V2","1.1.0","ENTRY_ENGINE_V3_TRACKING_DIAGNOSTIC_20260918","1790207141255","US100-1790186470-0018","US100","LONG","STRUCTURAL_STOP","","0.85766505","0.00000000","30514.9000000000","baseline_path_exit;terminal_reason=RUNNER_STRUCTURAL_STOP","false"
"SOLTRADE_V3_LIFETIME_EVENT_V2","1.1.0","ENTRY_ENGINE_V3_TRACKING_DIAGNOSTIC_20260918","1790207141000","US100-1790186470-0018","US100","LONG","POSITION_LIFETIME_COMPLETE","","0.85766505","0.00000000","30513.6500000000","terminal_reason=RUNNER_STRUCTURAL_STOP;known_final_outcome=true","false"
"SOLTRADE_V3_LIFETIME_EVENT_V2","1.1.0","ENTRY_ENGINE_V3_TRACKING_DIAGNOSTIC_20260918","1790207150000","US100-1790207150-0019","US100","LONG","OPPORTUNITY_DETECTED","","0.00000000","0.00000000","30513.7000000000","STRUCTURE_TRANSITION","false"
"SOLTRADE_V3_LIFETIME_EVENT_V2","1.1.0","ENTRY_ENGINE_V3_TRACKING_DIAGNOSTIC_20260918","1790207155000","US100-1790207150-0019","US100","LONG","ENTRY_TRIGGERED","","0.00000000","0.00000000","30515.0000000000","expected_net_r=0.25420691;full_loss_probability=0.40564815;bank1_probability=0.58980900;opposite_expected_net_r=-1.24775087;position_time_limit=false","false"
"SOLTRADE_V3_LIFETIME_EVENT_V2","1.1.0","ENTRY_ENGINE_V3_TRACKING_DIAGNOSTIC_20260918","1790207375000","US100-1790207150-0019","US100","LONG","CAUSAL_INVALIDATION","FROZEN_V3_DIAGNOSTIC","-0.44872620","-0.62500000","30508.9000000000","adverse_r_and_material_evidence_failure","false"
"SOLTRADE_V3_LIFETIME_EVENT_V2","1.1.0","ENTRY_ENGINE_V3_TRACKING_DIAGNOSTIC_20260918","1790207410000","US100-1790207150-0019","US100","LONG","CAUSAL_INVALIDATION","STRICT_PRESSURE_RESUMPTION","-0.59584955","-0.50000000","30506.9000000000","adverse_r_and_material_evidence_failure","false"
"SOLTRADE_V3_LIFETIME_EVENT_V2","1.1.0","ENTRY_ENGINE_V3_TRACKING_DIAGNOSTIC_20260918","1790207410000","US100-1790207150-0019","US100","LONG","CAUSAL_INVALIDATION","STRUCTURAL_REVERSAL_CONFIRMATION","-0.59584955","-0.50000000","30506.9000000000","adverse_r_and_material_evidence_failure","false"
"SOLTRADE_V3_LIFETIME_EVENT_V2","1.1.0","ENTRY_ENGINE_V3_TRACKING_DIAGNOSTIC_20260918","1790207430000","GER40-1790186580-0018","GER40","LONG","CAUSAL_INVALIDATION","FROZEN_V3_DIAGNOSTIC","-0.54039317","-0.58333333","25362.2000000000","adverse_r_and_material_evidence_failure","false"
"SOLTRADE_V3_LIFETIME_EVENT_V2","1.1.0","ENTRY_ENGINE_V3_TRACKING_DIAGNOSTIC_20260918","1790207430000","GER40-1790186580-0018","GER40","LONG","CAUSAL_INVALIDATION","STRICT_PRESSURE_RESUMPTION","-0.54039317","-0.58333333","25362.2000000000","adverse_r_and_material_evidence_failure","false"
"SOLTRADE_V3_LIFETIME_EVENT_V2","1.1.0","ENTRY_ENGINE_V3_TRACKING_DIAGNOSTIC_20260918","1790207430000","GER40-1790186580-0018","GER40","LONG","CAUSAL_INVALIDATION","STRUCTURAL_REVERSAL_CONFIRMATION","-0.54039317","-0.58333333","25362.2000000000","adverse_r_and_material_evidence_failure","false"
"SOLTRADE_V3_LIFETIME_EVENT_V2","1.1.0","ENTRY_ENGINE_V3_TRACKING_DIAGNOSTIC_20260918","1790207430000","GER40-1790186580-0018","GER40","LONG","CAUSAL_INVALIDATION","EXPANDING_PULLBACK_FAILURE","-0.54039317","-0.58333333","25362.2000000000","adverse_r_and_material_evidence_failure","false"
"SOLTRADE_V3_LIFETIME_EVENT_V2","1.1.0","ENTRY_ENGINE_V3_TRACKING_DIAGNOSTIC_20260918","1790208102222","US100-1790207150-0019","US100","LONG","STRUCTURAL_STOP","","-1.00043874","0.00000000","30501.4000000000","baseline_path_exit;terminal_reason=INITIAL_STRUCTURAL_STOP","false"
"SOLTRADE_V3_LIFETIME_EVENT_V2","1.1.0","ENTRY_ENGINE_V3_TRACKING_DIAGNOSTIC_20260918","1790208102000","US100-1790207150-0019","US100","LONG","POSITION_LIFETIME_COMPLETE","","-1.00043874","0.00000000","30502.6500000000","terminal_reason=INITIAL_STRUCTURAL_STOP;known_final_outcome=true","false"
"SOLTRADE_V3_LIFETIME_EVENT_V2","1.1.0","ENTRY_ENGINE_V3_TRACKING_DIAGNOSTIC_20260918","1790208901414","GER40-1790186580-0018","GER40","LONG","STRUCTURAL_STOP","","-1.14105324","0.00000000","25347.2500000000","baseline_path_exit;terminal_reason=RUNNER_STRUCTURAL_STOP","false"
"SOLTRADE_V3_LIFETIME_EVENT_V2","1.1.0","ENTRY_ENGINE_V3_TRACKING_DIAGNOSTIC_20260918","1790208901000","GER40-1790186580-0018","GER40","LONG","POSITION_LIFETIME_COMPLETE","","-1.14105324","0.00000000","25349.2500000000","terminal_reason=RUNNER_STRUCTURAL_STOP;known_final_outcome=true","false"
"SOLTRADE_V3_LIFETIME_EVENT_V2","1.1.0","ENTRY_ENGINE_V3_TRACKING_DIAGNOSTIC_20260918","1790208910000","GER40-1790208910-0019","GER40","LONG","OPPORTUNITY_DETECTED","","0.00000000","0.00000000","25348.4000000000","PRESSURE_BURST","false"
"SOLTRADE_V3_LIFETIME_EVENT_V2","1.1.0","ENTRY_ENGINE_V3_TRACKING_DIAGNOSTIC_20260918","1790208915000","GER40-1790208910-0019","GER40","LONG","ENTRY_TRIGGERED","","0.00000000","0.00000000","25352.5500000000","expected_net_r=0.73020768;full_loss_probability=0.43882359;bank1_probability=0.55769800;opposite_expected_net_r=-1.98583277;position_time_limit=false","false"
"SOLTRADE_V3_LIFETIME_EVENT_V2","1.1.0","ENTRY_ENGINE_V3_TRACKING_DIAGNOSTIC_20260918","1790208934178","GER40-1790208910-0019","GER40","LONG","BANK1R","","1.05319777","0.00000000","25362.5500000000","bank_fraction=0.50;repeated_banking=false","false"
"SOLTRADE_V3_LIFETIME_EVENT_V2","1.1.0","ENTRY_ENGINE_V3_TRACKING_DIAGNOSTIC_20260918","1790208940000","GER40-1790208910-0019","GER40","LONG","RUNNER_STRUCTURE_ADVANCED","","0.99000591","0.00000000","25354.1000000000","prior_stop=25343.0551071429;new_stop=25354.1000000000;completed_m5_m15=true;monotonic=true","false"
"SOLTRADE_V3_LIFETIME_EVENT_V2","1.1.0","ENTRY_ENGINE_V3_TRACKING_DIAGNOSTIC_20260918","1790208958231","GER40-1790208910-0019","GER40","LONG","STRUCTURAL_STOP","","0.15797967","0.00000000","25354.0500000000","baseline_path_exit;terminal_reason=RUNNER_STRUCTURAL_STOP","false"
"SOLTRADE_V3_LIFETIME_EVENT_V2","1.1.0","ENTRY_ENGINE_V3_TRACKING_DIAGNOSTIC_20260918","1790208958000","GER40-1790208910-0019","GER40","LONG","POSITION_LIFETIME_COMPLETE","","0.15797967","0.00000000","25354.0500000000","terminal_reason=RUNNER_STRUCTURAL_STOP;known_final_outcome=true","false"
"SOLTRADE_V3_LIFETIME_EVENT_V2","1.1.0","ENTRY_ENGINE_V3_TRACKING_DIAGNOSTIC_20260918","1790211300000","XAGUSD.r-1790211300-0019","XAGUSD.r","SHORT","OPPORTUNITY_DETECTED","","0.00000000","0.00000000","64.3115000000","PRESSURE_BURST","false"
"SOLTRADE_V3_LIFETIME_EVENT_V2","1.1.0","ENTRY_ENGINE_V3_TRACKING_DIAGNOSTIC_20260918","1790211610000","EURUSD.r-1790211610-0020","EURUSD.r","SHORT","OPPORTUNITY_DETECTED","","0.00000000","0.00000000","1.1376250000","RATE_BURST","false"
"SOLTRADE_V3_LIFETIME_EVENT_V2","1.1.0","ENTRY_ENGINE_V3_TRACKING_DIAGNOSTIC_20260918","1790211610000","GBPUSD.r-1790211610-0020","GBPUSD.r","SHORT","OPPORTUNITY_DETECTED","","0.00000000","0.00000000","1.3228900000","PRESSURE_BURST","false"
"SOLTRADE_V3_LIFETIME_EVENT_V2","1.1.0","ENTRY_ENGINE_V3_TRACKING_DIAGNOSTIC_20260918","1790211610000","USDCHF.r-1790211610-0020","USDCHF.r","SHORT","OPPORTUNITY_DETECTED","","0.00000000","0.00000000","0.8250650000","STRUCTURE_TRANSITION","false"
"SOLTRADE_V3_LIFETIME_EVENT_V2","1.1.0","ENTRY_ENGINE_V3_TRACKING_DIAGNOSTIC_20260918","1790211620000","EURGBP.r-1790211620-0020","EURGBP.r","SHORT","OPPORTUNITY_DETECTED","","0.00000000","0.00000000","0.8599400000","STRUCTURE_TRANSITION","false"
"SOLTRADE_V3_LIFETIME_EVENT_V2","1.1.0","ENTRY_ENGINE_V3_TRACKING_DIAGNOSTIC_20260918","1790211635000","USDCAD.r-1790211635-0020","USDCAD.r","SHORT","OPPORTUNITY_DETECTED","","0.00000000","0.00000000","1.4108100000","RATE_BURST","false"
"SOLTRADE_V3_LIFETIME_EVENT_V2","1.1.0","ENTRY_ENGINE_V3_TRACKING_DIAGNOSTIC_20260918","1790211635000","EURJPY.r-1790211635-0020","EURJPY.r","SHORT","OPPORTUNITY_DETECTED","","0.00000000","0.00000000","179.7900000000","PRESSURE_BURST","false"
"SOLTRADE_V3_LIFETIME_EVENT_V2","1.1.0","ENTRY_ENGINE_V3_TRACKING_DIAGNOSTIC_20260918","1790211635000","GBPJPY.r-1790211635-0020","GBPJPY.r","SHORT","OPPORTUNITY_DETECTED","","0.00000000","0.00000000","209.0645000000","PRESSURE_BURST","false"
"SOLTRADE_V3_LIFETIME_EVENT_V2","1.1.0","ENTRY_ENGINE_V3_TRACKING_DIAGNOSTIC_20260918","1790211640000","USDJPY.r-1790211640-0020","USDJPY.r","SHORT","OPPORTUNITY_DETECTED","","0.00000000","0.00000000","158.0510000000","STRUCTURE_TRANSITION","false"
"SOLTRADE_V3_LIFETIME_EVENT_V2","1.1.0","ENTRY_ENGINE_V3_TRACKING_DIAGNOSTIC_20260918","1790211670000","NZDUSD.r-1790211670-0020","NZDUSD.r","SHORT","OPPORTUNITY_DETECTED","","0.00000000","0.00000000","0.5678550000","PRESSURE_BURST","false"
"SOLTRADE_V3_LIFETIME_EVENT_V2","1.1.0","ENTRY_ENGINE_V3_TRACKING_DIAGNOSTIC_20260918","1790211745000","AUDUSD.r-1790211745-0020","AUDUSD.r","SHORT","OPPORTUNITY_DETECTED","","0.00000000","0.00000000","0.7033400000","RATE_BURST","false"
"SOLTRADE_V3_LIFETIME_EVENT_V2","1.1.0","ENTRY_ENGINE_V3_TRACKING_DIAGNOSTIC_20260918","1790211775000","AUDJPY.r-1790211775-0020","AUDJPY.r","SHORT","OPPORTUNITY_DETECTED","","0.00000000","0.00000000","111.1585000000","STRUCTURE_TRANSITION","false"
"SOLTRADE_V3_LIFETIME_EVENT_V2","1.1.0","ENTRY_ENGINE_V3_TRACKING_DIAGNOSTIC_20260918","1790211795000","AUDNZD.r-1790211795-0020","AUDNZD.r","SHORT","OPPORTUNITY_DETECTED","","0.00000000","0.00000000","1.2387200000","STRUCTURE_TRANSITION","false"
"SOLTRADE_V3_LIFETIME_EVENT_V2","1.1.0","ENTRY_ENGINE_V3_TRACKING_DIAGNOSTIC_20260918","1790211985000","EURGBP.r-1790211620-0020","EURGBP.r","SHORT","OPPORTUNITY_ABANDONED","","0.00000000","0.00000000","0.8599450000","STALE_MARKET_NO_CURRENT_TICK","false"
"SOLTRADE_V3_LIFETIME_EVENT_V2","1.1.0","ENTRY_ENGINE_V3_TRACKING_DIAGNOSTIC_20260918","1790212035000","USDCAD.r-1790211635-0020","USDCAD.r","SHORT","OPPORTUNITY_ABANDONED","","0.00000000","0.00000000","1.4108400000","STALE_MARKET_NO_CURRENT_TICK","false"
"SOLTRADE_V3_LIFETIME_EVENT_V2","1.1.0","ENTRY_ENGINE_V3_TRACKING_DIAGNOSTIC_20260918","1790212040000","AUDUSD.r-1790211745-0020","AUDUSD.r","SHORT","OPPORTUNITY_ABANDONED","","0.00000000","0.00000000","0.7033150000","STALE_MARKET_NO_CURRENT_TICK","false"
"SOLTRADE_V3_LIFETIME_EVENT_V2","1.1.0","ENTRY_ENGINE_V3_TRACKING_DIAGNOSTIC_20260918","1790212205000","XAGUSD.r-1790211300-0019","XAGUSD.r","SHORT","OPPORTUNITY_ABANDONED","","0.00000000","0.00000000","64.4090000000","TRANSITION_EXPIRED","false"
"SOLTRADE_V3_LIFETIME_EVENT_V2","1.1.0","ENTRY_ENGINE_V3_TRACKING_DIAGNOSTIC_20260918","1790212395000","EURUSD.r-1790211610-0020","EURUSD.r","SHORT","OPPORTUNITY_ABANDONED","","0.00000000","0.00000000","1.1381900000","STALE_MARKET_NO_CURRENT_TICK","false"
"SOLTRADE_V3_LIFETIME_EVENT_V2","1.1.0","ENTRY_ENGINE_V3_TRACKING_DIAGNOSTIC_20260918","1790212515000","GBPUSD.r-1790211610-0020","GBPUSD.r","SHORT","OPPORTUNITY_ABANDONED","","0.00000000","0.00000000","1.3235650000","TRANSITION_EXPIRED","false"
"SOLTRADE_V3_LIFETIME_EVENT_V2","1.1.0","ENTRY_ENGINE_V3_TRACKING_DIAGNOSTIC_20260918","1790212515000","USDCHF.r-1790211610-0020","USDCHF.r","SHORT","OPPORTUNITY_ABANDONED","","0.00000000","0.00000000","0.8245650000","TRANSITION_EXPIRED","false"
"SOLTRADE_V3_LIFETIME_EVENT_V2","1.1.0","ENTRY_ENGINE_V3_TRACKING_DIAGNOSTIC_20260918","1790212540000","EURJPY.r-1790211635-0020","EURJPY.r","SHORT","OPPORTUNITY_ABANDONED","","0.00000000","0.00000000","179.6725000000","TRANSITION_EXPIRED","false"
"SOLTRADE_V3_LIFETIME_EVENT_V2","1.1.0","ENTRY_ENGINE_V3_TRACKING_DIAGNOSTIC_20260918","1790212540000","GBPJPY.r-1790211635-0020","GBPJPY.r","SHORT","OPPORTUNITY_ABANDONED","","0.00000000","0.00000000","208.9390000000","TRANSITION_EXPIRED","false"
"SOLTRADE_V3_LIFETIME_EVENT_V2","1.1.0","ENTRY_ENGINE_V3_TRACKING_DIAGNOSTIC_20260918","1790212545000","USDJPY.r-1790211640-0020","USDJPY.r","SHORT","OPPORTUNITY_ABANDONED","","0.00000000","0.00000000","157.8650000000","TRANSITION_EXPIRED","false"
"SOLTRADE_V3_LIFETIME_EVENT_V2","1.1.0","ENTRY_ENGINE_V3_TRACKING_DIAGNOSTIC_20260918","1790212575000","NZDUSD.r-1790211670-0020","NZDUSD.r","SHORT","OPPORTUNITY_ABANDONED","","0.00000000","0.00000000","0.5680400000","TRANSITION_EXPIRED","false"
"SOLTRADE_V3_LIFETIME_EVENT_V2","1.1.0","ENTRY_ENGINE_V3_TRACKING_DIAGNOSTIC_20260918","1790212680000","AUDJPY.r-1790211775-0020","AUDJPY.r","SHORT","OPPORTUNITY_ABANDONED","","0.00000000","0.00000000","111.1085000000","TRANSITION_EXPIRED","false"
"SOLTRADE_V3_LIFETIME_EVENT_V2","1.1.0","ENTRY_ENGINE_V3_TRACKING_DIAGNOSTIC_20260918","1790212700000","AUDNZD.r-1790211795-0020","AUDNZD.r","SHORT","OPPORTUNITY_ABANDONED","","0.00000000","0.00000000","1.2385250000","TRANSITION_EXPIRED","false"
"SOLTRADE_V3_LIFETIME_EVENT_V2","1.1.0","ENTRY_ENGINE_V3_TRACKING_DIAGNOSTIC_20260918","1790215205000","US500-1790215205-0020","US500","SHORT","OPPORTUNITY_DETECTED","","0.00000000","0.00000000","7710.8050000000","RATE_BURST","false"
"SOLTRADE_V3_LIFETIME_EVENT_V2","1.1.0","ENTRY_ENGINE_V3_TRACKING_DIAGNOSTIC_20260918","1790215210000","XAUUSD.r-1790215210-0020","XAUUSD.r","SHORT","OPPORTUNITY_DETECTED","","0.00000000","0.00000000","4279.2700000000","STRUCTURE_TRANSITION","false"
"SOLTRADE_V3_LIFETIME_EVENT_V2","1.1.0","ENTRY_ENGINE_V3_TRACKING_DIAGNOSTIC_20260918","1790215390000","UK100-1790215390-0020","UK100","SHORT","OPPORTUNITY_DETECTED","","0.00000000","0.00000000","10693.8500000000","PRESSURE_BURST","false"
"SOLTRADE_V3_LIFETIME_EVENT_V2","1.1.0","ENTRY_ENGINE_V3_TRACKING_DIAGNOSTIC_20260918","1790215410000","UK100-1790215390-0020","UK100","SHORT","OPPORTUNITY_ABANDONED","","0.00000000","0.00000000","10694.1000000000","STALE_MARKET_NO_CURRENT_TICK","false"
"SOLTRADE_V3_LIFETIME_EVENT_V2","1.1.0","ENTRY_ENGINE_V3_TRACKING_DIAGNOSTIC_20260918","1790215435000","US500-1790215205-0020","US500","SHORT","OPPORTUNITY_ABANDONED","","0.00000000","0.00000000","7708.8050000000","STALE_MARKET_NO_CURRENT_TICK","false"
"SOLTRADE_V3_LIFETIME_EVENT_V2","1.1.0","ENTRY_ENGINE_V3_TRACKING_DIAGNOSTIC_20260918","1790215505000","EURO50-1790215505-0020","EURO50","SHORT","OPPORTUNITY_DETECTED","","0.00000000","0.00000000","6281.5000000000","RATE_BURST","false"
"SOLTRADE_V3_LIFETIME_EVENT_V2","1.1.0","ENTRY_ENGINE_V3_TRACKING_DIAGNOSTIC_20260918","1790215525000","EURO50-1790215505-0020","EURO50","SHORT","OPPORTUNITY_ABANDONED","","0.00000000","0.00000000","6280.5000000000","STALE_MARKET_NO_CURRENT_TICK","false"
"SOLTRADE_V3_LIFETIME_EVENT_V2","1.1.0","ENTRY_ENGINE_V3_TRACKING_DIAGNOSTIC_20260918","1790216115000","XAUUSD.r-1790215210-0020","XAUUSD.r","SHORT","OPPORTUNITY_ABANDONED","","0.00000000","0.00000000","4283.3650000000","TRANSITION_EXPIRED","false"
"SOLTRADE_V3_LIFETIME_EVENT_V2","1.1.0","ENTRY_ENGINE_V3_TRACKING_DIAGNOSTIC_20260918","1790221550000","US100-1790221550-0020","US100","LONG","OPPORTUNITY_DETECTED","","0.00000000","0.00000000","30449.2000000000","PRESSURE_BURST","false"
"SOLTRADE_V3_LIFETIME_EVENT_V2","1.1.0","ENTRY_ENGINE_V3_TRACKING_DIAGNOSTIC_20260918","1790222455000","US100-1790221550-0020","US100","LONG","OPPORTUNITY_ABANDONED","","0.00000000","0.00000000","30450.7000000000","TRANSITION_EXPIRED","false"
"SOLTRADE_V3_LIFETIME_EVENT_V2","1.1.0","ENTRY_ENGINE_V3_TRACKING_DIAGNOSTIC_20260918","1790223310000","GER40-1790223310-0020","GER40","LONG","OPPORTUNITY_DETECTED","","0.00000000","0.00000000","25325.4000000000","STRUCTURE_TRANSITION","false"
"SOLTRADE_V3_LIFETIME_EVENT_V2","1.1.0","ENTRY_ENGINE_V3_TRACKING_DIAGNOSTIC_20260918","1790223320000","GER40-1790223310-0020","GER40","LONG","OPPORTUNITY_ABANDONED","","0.00000000","0.00000000","25325.4000000000","STALE_MARKET_NO_CURRENT_TICK","false"
"SOLTRADE_V3_LIFETIME_EVENT_V2","1.1.0","ENTRY_ENGINE_V3_TRACKING_DIAGNOSTIC_20260918","1790225700000","XAGUSD.r-1790225700-0020","XAGUSD.r","SHORT","OPPORTUNITY_DETECTED","","0.00000000","0.00000000","64.1825000000","STRUCTURE_TRANSITION","false"
"SOLTRADE_V3_LIFETIME_EVENT_V2","1.1.0","ENTRY_ENGINE_V3_TRACKING_DIAGNOSTIC_20260918","1790226010000","EURUSD.r-1790226010-0021","EURUSD.r","SHORT","OPPORTUNITY_DETECTED","","0.00000000","0.00000000","1.1383650000","STRUCTURE_TRANSITION","false"
"SOLTRADE_V3_LIFETIME_EVENT_V2","1.1.0","ENTRY_ENGINE_V3_TRACKING_DIAGNOSTIC_20260918","1790226010000","GBPUSD.r-1790226010-0021","GBPUSD.r","SHORT","OPPORTUNITY_DETECTED","","0.00000000","0.00000000","1.3241750000","PRESSURE_BURST","false"
"SOLTRADE_V3_LIFETIME_EVENT_V2","1.1.0","ENTRY_ENGINE_V3_TRACKING_DIAGNOSTIC_20260918","1790226010000","USDCHF.r-1790226010-0021","USDCHF.r","SHORT","OPPORTUNITY_DETECTED","","0.00000000","0.00000000","0.8242100000","PRESSURE_BURST","false"
"SOLTRADE_V3_LIFETIME_EVENT_V2","1.1.0","ENTRY_ENGINE_V3_TRACKING_DIAGNOSTIC_20260918","1790226020000","EURGBP.r-1790226020-0021","EURGBP.r","SHORT","OPPORTUNITY_DETECTED","","0.00000000","0.00000000","0.8596900000","STRUCTURE_TRANSITION","false"
"SOLTRADE_V3_LIFETIME_EVENT_V2","1.1.0","ENTRY_ENGINE_V3_TRACKING_DIAGNOSTIC_20260918","1790226035000","USDCAD.r-1790226035-0021","USDCAD.r","SHORT","OPPORTUNITY_DETECTED","","0.00000000","0.00000000","1.4104300000","RATE_BURST","false"
"SOLTRADE_V3_LIFETIME_EVENT_V2","1.1.0","ENTRY_ENGINE_V3_TRACKING_DIAGNOSTIC_20260918","1790226035000","EURJPY.r-1790226035-0021","EURJPY.r","SHORT","OPPORTUNITY_DETECTED","","0.00000000","0.00000000","179.7060000000","PRESSURE_BURST","false"
"SOLTRADE_V3_LIFETIME_EVENT_V2","1.1.0","ENTRY_ENGINE_V3_TRACKING_DIAGNOSTIC_20260918","1790226035000","GBPJPY.r-1790226035-0021","GBPJPY.r","SHORT","OPPORTUNITY_DETECTED","","0.00000000","0.00000000","209.0405000000","STRUCTURE_TRANSITION","false"
"SOLTRADE_V3_LIFETIME_EVENT_V2","1.1.0","ENTRY_ENGINE_V3_TRACKING_DIAGNOSTIC_20260918","1790226040000","USDJPY.r-1790226040-0021","USDJPY.r","SHORT","OPPORTUNITY_DETECTED","","0.00000000","0.00000000","157.8530000000","PRESSURE_BURST","false"
"SOLTRADE_V3_LIFETIME_EVENT_V2","1.1.0","ENTRY_ENGINE_V3_TRACKING_DIAGNOSTIC_20260918","1790226050000","EURUSD.r-1790226010-0021","EURUSD.r","SHORT","OPPORTUNITY_ABANDONED","","0.00000000","0.00000000","1.1384050000","STALE_MARKET_NO_CURRENT_TICK","false"
"SOLTRADE_V3_LIFETIME_EVENT_V2","1.1.0","ENTRY_ENGINE_V3_TRACKING_DIAGNOSTIC_20260918","1790226070000","NZDUSD.r-1790226070-0021","NZDUSD.r","SHORT","OPPORTUNITY_DETECTED","","0.00000000","0.00000000","0.5674150000","PRESSURE_BURST","false"
"SOLTRADE_V3_LIFETIME_EVENT_V2","1.1.0","ENTRY_ENGINE_V3_TRACKING_DIAGNOSTIC_20260918","1790226080000","EURGBP.r-1790226020-0021","EURGBP.r","SHORT","OPPORTUNITY_ABANDONED","","0.00000000","0.00000000","0.8596650000","STALE_MARKET_NO_CURRENT_TICK","false"
"SOLTRADE_V3_LIFETIME_EVENT_V2","1.1.0","ENTRY_ENGINE_V3_TRACKING_DIAGNOSTIC_20260918","1790226140000","GBPUSD.r-1790226010-0021","GBPUSD.r","SHORT","OPPORTUNITY_ABANDONED","","0.00000000","0.00000000","1.3243200000","STALE_MARKET_NO_CURRENT_TICK","false"
"SOLTRADE_V3_LIFETIME_EVENT_V2","1.1.0","ENTRY_ENGINE_V3_TRACKING_DIAGNOSTIC_20260918","1790226145000","AUDUSD.r-1790226145-0021","AUDUSD.r","SHORT","OPPORTUNITY_DETECTED","","0.00000000","0.00000000","0.7036900000","RATE_BURST","false"
"SOLTRADE_V3_LIFETIME_EVENT_V2","1.1.0","ENTRY_ENGINE_V3_TRACKING_DIAGNOSTIC_20260918","1790226165000","USDCHF.r-1790226010-0021","USDCHF.r","SHORT","OPPORTUNITY_ABANDONED","","0.00000000","0.00000000","0.8242100000","STALE_MARKET_NO_CURRENT_TICK","false"
"SOLTRADE_V3_LIFETIME_EVENT_V2","1.1.0","ENTRY_ENGINE_V3_TRACKING_DIAGNOSTIC_20260918","1790226165000","USDCAD.r-1790226035-0021","USDCAD.r","SHORT","OPPORTUNITY_ABANDONED","","0.00000000","0.00000000","1.4104150000","STALE_MARKET_NO_CURRENT_TICK","false"
"SOLTRADE_V3_LIFETIME_EVENT_V2","1.1.0","ENTRY_ENGINE_V3_TRACKING_DIAGNOSTIC_20260918","1790226170000","NZDUSD.r-1790226070-0021","NZDUSD.r","SHORT","OPPORTUNITY_ABANDONED","","0.00000000","0.00000000","0.5675150000","STALE_MARKET_NO_CURRENT_TICK","false"
"SOLTRADE_V3_LIFETIME_EVENT_V2","1.1.0","ENTRY_ENGINE_V3_TRACKING_DIAGNOSTIC_20260918","1790226175000","AUDJPY.r-1790226175-0021","AUDJPY.r","SHORT","OPPORTUNITY_DETECTED","","0.00000000","0.00000000","111.0980000000","STRUCTURE_TRANSITION","false"
"SOLTRADE_V3_LIFETIME_EVENT_V2","1.1.0","ENTRY_ENGINE_V3_TRACKING_DIAGNOSTIC_20260918","1790226195000","AUDNZD.r-1790226195-0021","AUDNZD.r","SHORT","OPPORTUNITY_DETECTED","","0.00000000","0.00000000","1.2399550000","STRUCTURE_TRANSITION","false"
"SOLTRADE_V3_LIFETIME_EVENT_V2","1.1.0","ENTRY_ENGINE_V3_TRACKING_DIAGNOSTIC_20260918","1790226280000","AUDUSD.r-1790226145-0021","AUDUSD.r","SHORT","OPPORTUNITY_ABANDONED","","0.00000000","0.00000000","0.7037300000","STALE_MARKET_NO_CURRENT_TICK","false"
"SOLTRADE_V3_LIFETIME_EVENT_V2","1.1.0","ENTRY_ENGINE_V3_TRACKING_DIAGNOSTIC_20260918","1790226605000","XAGUSD.r-1790225700-0020","XAGUSD.r","SHORT","OPPORTUNITY_ABANDONED","","0.00000000","0.00000000","64.2900000000","TRANSITION_EXPIRED","false"
"SOLTRADE_V3_LIFETIME_EVENT_V2","1.1.0","ENTRY_ENGINE_V3_TRACKING_DIAGNOSTIC_20260918","1790226940000","EURJPY.r-1790226035-0021","EURJPY.r","SHORT","OPPORTUNITY_ABANDONED","","0.00000000","0.00000000","179.7785000000","TRANSITION_EXPIRED","false"
"SOLTRADE_V3_LIFETIME_EVENT_V2","1.1.0","ENTRY_ENGINE_V3_TRACKING_DIAGNOSTIC_20260918","1790226940000","GBPJPY.r-1790226035-0021","GBPJPY.r","SHORT","OPPORTUNITY_ABANDONED","","0.00000000","0.00000000","209.1020000000","TRANSITION_EXPIRED","false"
"SOLTRADE_V3_LIFETIME_EVENT_V2","1.1.0","ENTRY_ENGINE_V3_TRACKING_DIAGNOSTIC_20260918","1790226945000","USDJPY.r-1790226040-0021","USDJPY.r","SHORT","OPPORTUNITY_ABANDONED","","0.00000000","0.00000000","157.9370000000","TRANSITION_EXPIRED","false"
"SOLTRADE_V3_LIFETIME_EVENT_V2","1.1.0","ENTRY_ENGINE_V3_TRACKING_DIAGNOSTIC_20260918","1790227080000","AUDJPY.r-1790226175-0021","AUDJPY.r","SHORT","OPPORTUNITY_ABANDONED","","0.00000000","0.00000000","111.1475000000","TRANSITION_EXPIRED","false"
"SOLTRADE_V3_LIFETIME_EVENT_V2","1.1.0","ENTRY_ENGINE_V3_TRACKING_DIAGNOSTIC_20260918","1790227100000","AUDNZD.r-1790226195-0021","AUDNZD.r","SHORT","OPPORTUNITY_ABANDONED","","0.00000000","0.00000000","1.2401300000","TRANSITION_EXPIRED","false"
"SOLTRADE_V3_LIFETIME_EVENT_V2","1.1.0","ENTRY_ENGINE_V3_TRACKING_DIAGNOSTIC_20260918","1790229605000","US500-1790229605-0021","US500","SHORT","OPPORTUNITY_DETECTED","","0.00000000","0.00000000","7687.0550000000","RATE_BURST","false"
"SOLTRADE_V3_LIFETIME_EVENT_V2","1.1.0","ENTRY_ENGINE_V3_TRACKING_DIAGNOSTIC_20260918","1790229610000","XAUUSD.r-1790229610-0021","XAUUSD.r","SHORT","OPPORTUNITY_DETECTED","","0.00000000","0.00000000","4279.6950000000","PRESSURE_BURST","false"
"SOLTRADE_V3_LIFETIME_EVENT_V2","1.1.0","ENTRY_ENGINE_V3_TRACKING_DIAGNOSTIC_20260918","1790229790000","UK100-1790229790-0021","UK100","SHORT","OPPORTUNITY_DETECTED","","0.00000000","0.00000000","10685.6000000000","STRUCTURE_TRANSITION","false"
"SOLTRADE_V3_LIFETIME_EVENT_V2","1.1.0","ENTRY_ENGINE_V3_TRACKING_DIAGNOSTIC_20260918","1790229905000","EURO50-1790229905-0021","EURO50","SHORT","OPPORTUNITY_DETECTED","","0.00000000","0.00000000","6270.5000000000","RATE_BURST","false"
"SOLTRADE_V3_LIFETIME_EVENT_V2","1.1.0","ENTRY_ENGINE_V3_TRACKING_DIAGNOSTIC_20260918","1790229940000","EURO50-1790229905-0021","EURO50","SHORT","OPPORTUNITY_ABANDONED","","0.00000000","0.00000000","6269.5000000000","STALE_MARKET_NO_CURRENT_TICK","false"
"SOLTRADE_V3_LIFETIME_EVENT_V2","1.1.0","ENTRY_ENGINE_V3_TRACKING_DIAGNOSTIC_20260918","1790230130000","UK100-1790229790-0021","UK100","SHORT","OPPORTUNITY_ABANDONED","","0.00000000","0.00000000","10696.6000000000","STALE_MARKET_NO_CURRENT_TICK","false"
"SOLTRADE_V3_LIFETIME_EVENT_V2","1.1.0","ENTRY_ENGINE_V3_TRACKING_DIAGNOSTIC_20260918","1790230510000","US500-1790229605-0021","US500","SHORT","OPPORTUNITY_ABANDONED","","0.00000000","0.00000000","7691.2950000000","TRANSITION_EXPIRED","false"
"SOLTRADE_V3_LIFETIME_EVENT_V2","1.1.0","ENTRY_ENGINE_V3_TRACKING_DIAGNOSTIC_20260918","1790230515000","XAUUSD.r-1790229610-0021","XAUUSD.r","SHORT","OPPORTUNITY_ABANDONED","","0.00000000","0.00000000","4281.9950000000","TRANSITION_EXPIRED","false"
"SOLTRADE_V3_LIFETIME_EVENT_V2","1.1.0","ENTRY_ENGINE_V3_TRACKING_DIAGNOSTIC_20260918","1790235950000","US100-1790235950-0021","US100","LONG","OPPORTUNITY_DETECTED","","0.00000000","0.00000000","30377.2000000000","STRUCTURE_TRANSITION","false"
"SOLTRADE_V3_LIFETIME_EVENT_V2","1.1.0","ENTRY_ENGINE_V3_TRACKING_DIAGNOSTIC_20260918","1790236855000","US100-1790235950-0021","US100","LONG","OPPORTUNITY_ABANDONED","","0.00000000","0.00000000","30326.7000000000","TRANSITION_EXPIRED","false"
"SOLTRADE_V3_LIFETIME_EVENT_V2","1.1.0","ENTRY_ENGINE_V3_TRACKING_DIAGNOSTIC_20260918","1790237710000","GER40-1790237710-0021","GER40","LONG","OPPORTUNITY_DETECTED","","0.00000000","0.00000000","25226.2000000000","STRUCTURE_TRANSITION","false"
"SOLTRADE_V3_LIFETIME_EVENT_V2","1.1.0","ENTRY_ENGINE_V3_TRACKING_DIAGNOSTIC_20260918","1790237745000","GER40-1790237710-0021","GER40","LONG","ENTRY_TRIGGERED","","0.00000000","0.00000000","25215.6500000000","expected_net_r=0.34006867;full_loss_probability=0.43801082;bank1_probability=0.57380642;opposite_expected_net_r=-1.16449457;position_time_limit=false","false"
"SOLTRADE_V3_LIFETIME_EVENT_V2","1.1.0","ENTRY_ENGINE_V3_TRACKING_DIAGNOSTIC_20260918","1790238430000","GER40-1790237710-0021","GER40","LONG","CAUSAL_INVALIDATION","EXPANDING_PULLBACK_FAILURE","-0.39932162","-0.91666667","25197.1500000000","adverse_r_and_material_evidence_failure","false"
"SOLTRADE_V3_LIFETIME_EVENT_V2","1.1.0","ENTRY_ENGINE_V3_TRACKING_DIAGNOSTIC_20260918","1790238440000","GER40-1790237710-0021","GER40","LONG","CAUSAL_INVALIDATION","FROZEN_V3_DIAGNOSTIC","-0.42090657","-0.70000000","25196.1500000000","adverse_r_and_material_evidence_failure","false"
"SOLTRADE_V3_LIFETIME_EVENT_V2","1.1.0","ENTRY_ENGINE_V3_TRACKING_DIAGNOSTIC_20260918","1790238440000","GER40-1790237710-0021","GER40","LONG","CAUSAL_INVALIDATION","STRUCTURAL_REVERSAL_CONFIRMATION","-0.42090657","-0.70000000","25196.1500000000","adverse_r_and_material_evidence_failure","false"
"SOLTRADE_V3_LIFETIME_EVENT_V2","1.1.0","ENTRY_ENGINE_V3_TRACKING_DIAGNOSTIC_20260918","1790238525000","GER40-1790237710-0021","GER40","LONG","CAUSAL_INVALIDATION","STRICT_PRESSURE_RESUMPTION","-0.59358619","-0.50000000","25188.1500000000","adverse_r_and_material_evidence_failure","false"
"SOLTRADE_V3_LIFETIME_EVENT_V2","1.1.0","ENTRY_ENGINE_V3_TRACKING_DIAGNOSTIC_20260918","1790240100000","XAGUSD.r-1790240100-0021","XAGUSD.r","SHORT","OPPORTUNITY_DETECTED","","0.00000000","0.00000000","63.6450000000","STRUCTURE_TRANSITION","false"
"SOLTRADE_V3_LIFETIME_EVENT_V2","1.1.0","ENTRY_ENGINE_V3_TRACKING_DIAGNOSTIC_20260918","1790240410000","EURUSD.r-1790240410-0022","EURUSD.r","SHORT","OPPORTUNITY_DETECTED","","0.00000000","0.00000000","1.1380450000","PRESSURE_BURST","false"
"SOLTRADE_V3_LIFETIME_EVENT_V2","1.1.0","ENTRY_ENGINE_V3_TRACKING_DIAGNOSTIC_20260918","1790240410000","GBPUSD.r-1790240410-0022","GBPUSD.r","SHORT","OPPORTUNITY_DETECTED","","0.00000000","0.00000000","1.3236450000","STRUCTURE_TRANSITION","false"
"SOLTRADE_V3_LIFETIME_EVENT_V2","1.1.0","ENTRY_ENGINE_V3_TRACKING_DIAGNOSTIC_20260918","1790240410000","USDCHF.r-1790240410-0022","USDCHF.r","SHORT","OPPORTUNITY_DETECTED","","0.00000000","0.00000000","0.8278650000","STRUCTURE_TRANSITION","false"
"SOLTRADE_V3_LIFETIME_EVENT_V2","1.1.0","ENTRY_ENGINE_V3_TRACKING_DIAGNOSTIC_20260918","1790240420000","EURGBP.r-1790240420-0022","EURGBP.r","SHORT","OPPORTUNITY_DETECTED","","0.00000000","0.00000000","0.8597850000","STRUCTURE_TRANSITION","false"
"SOLTRADE_V3_LIFETIME_EVENT_V2","1.1.0","ENTRY_ENGINE_V3_TRACKING_DIAGNOSTIC_20260918","1790240435000","USDCAD.r-1790240435-0022","USDCAD.r","SHORT","OPPORTUNITY_DETECTED","","0.00000000","0.00000000","1.4107300000","RATE_BURST","false"
"SOLTRADE_V3_LIFETIME_EVENT_V2","1.1.0","ENTRY_ENGINE_V3_TRACKING_DIAGNOSTIC_20260918","1790240435000","EURJPY.r-1790240435-0022","EURJPY.r","SHORT","OPPORTUNITY_DETECTED","","0.00000000","0.00000000","180.4450000000","PRESSURE_BURST","false"
"SOLTRADE_V3_LIFETIME_EVENT_V2","1.1.0","ENTRY_ENGINE_V3_TRACKING_DIAGNOSTIC_20260918","1790240435000","GBPJPY.r-1790240435-0022","GBPJPY.r","SHORT","OPPORTUNITY_DETECTED","","0.00000000","0.00000000","209.8995000000","STRUCTURE_TRANSITION","false"
"SOLTRADE_V3_LIFETIME_EVENT_V2","1.1.0","ENTRY_ENGINE_V3_TRACKING_DIAGNOSTIC_20260918","1790240440000","USDJPY.r-1790240440-0022","USDJPY.r","SHORT","OPPORTUNITY_DETECTED","","0.00000000","0.00000000","158.5580000000","STRUCTURE_TRANSITION","false"
"SOLTRADE_V3_LIFETIME_EVENT_V2","1.1.0","ENTRY_ENGINE_V3_TRACKING_DIAGNOSTIC_20260918","1790240446438","GER40-1790237710-0021","GER40","LONG","BANK1R","","1.00370028","0.00000000","25262.1500000000","bank_fraction=0.50;repeated_banking=false","false"
"SOLTRADE_V3_LIFETIME_EVENT_V2","1.1.0","ENTRY_ENGINE_V3_TRACKING_DIAGNOSTIC_20260918","1790240475000","EURUSD.r-1790240410-0022","EURUSD.r","SHORT","OPPORTUNITY_ABANDONED","","0.00000000","0.00000000","1.1380050000","STALE_MARKET_NO_CURRENT_TICK","false"
"SOLTRADE_V3_LIFETIME_EVENT_V2","1.1.0","ENTRY_ENGINE_V3_TRACKING_DIAGNOSTIC_20260918","1790240485000","NZDUSD.r-1790240485-0022","NZDUSD.r","SHORT","OPPORTUNITY_DETECTED","","0.00000000","0.00000000","0.5674050000","PRESSURE_BURST","false"
"SOLTRADE_V3_LIFETIME_EVENT_V2","1.1.0","ENTRY_ENGINE_V3_TRACKING_DIAGNOSTIC_20260918","1790240545000","AUDUSD.r-1790240545-0022","AUDUSD.r","SHORT","OPPORTUNITY_DETECTED","","0.00000000","0.00000000","0.7029950000","PRESSURE_BURST","false"
"SOLTRADE_V3_LIFETIME_EVENT_V2","1.1.0","ENTRY_ENGINE_V3_TRACKING_DIAGNOSTIC_20260918","1790240575000","AUDJPY.r-1790240575-0022","AUDJPY.r","SHORT","OPPORTUNITY_DETECTED","","0.00000000","0.00000000","111.4760000000","STRUCTURE_TRANSITION","false"
"SOLTRADE_V3_LIFETIME_EVENT_V2","1.1.0","ENTRY_ENGINE_V3_TRACKING_DIAGNOSTIC_20260918","1790240580000","AUDUSD.r-1790240545-0022","AUDUSD.r","SHORT","OPPORTUNITY_ABANDONED","","0.00000000","0.00000000","0.7029750000","STALE_MARKET_NO_CURRENT_TICK","false"
"SOLTRADE_V3_LIFETIME_EVENT_V2","1.1.0","ENTRY_ENGINE_V3_TRACKING_DIAGNOSTIC_20260918","1790240595000","AUDNZD.r-1790240595-0022","AUDNZD.r","SHORT","OPPORTUNITY_DETECTED","","0.00000000","0.00000000","1.2389750000","STRUCTURE_TRANSITION","false"
"SOLTRADE_V3_LIFETIME_EVENT_V2","1.1.0","ENTRY_ENGINE_V3_TRACKING_DIAGNOSTIC_20260918","1790240850000","USDCAD.r-1790240435-0022","USDCAD.r","SHORT","OPPORTUNITY_ABANDONED","","0.00000000","0.00000000","1.4106600000","STALE_MARKET_NO_CURRENT_TICK","false"
"SOLTRADE_V3_LIFETIME_EVENT_V2","1.1.0","ENTRY_ENGINE_V3_TRACKING_DIAGNOSTIC_20260918","1790241005000","XAGUSD.r-1790240100-0021","XAGUSD.r","SHORT","OPPORTUNITY_ABANDONED","","0.00000000","0.00000000","63.7830000000","TRANSITION_EXPIRED","false"
"SOLTRADE_V3_LIFETIME_EVENT_V2","1.1.0","ENTRY_ENGINE_V3_TRACKING_DIAGNOSTIC_20260918","1790241315000","GBPUSD.r-1790240410-0022","GBPUSD.r","SHORT","OPPORTUNITY_ABANDONED","","0.00000000","0.00000000","1.3231000000","TRANSITION_EXPIRED","false"
"SOLTRADE_V3_LIFETIME_EVENT_V2","1.1.0","ENTRY_ENGINE_V3_TRACKING_DIAGNOSTIC_20260918","1790241315000","USDCHF.r-1790240410-0022","USDCHF.r","SHORT","OPPORTUNITY_ABANDONED","","0.00000000","0.00000000","0.8279950000","TRANSITION_EXPIRED","false"
"SOLTRADE_V3_LIFETIME_EVENT_V2","1.1.0","ENTRY_ENGINE_V3_TRACKING_DIAGNOSTIC_20260918","1790241325000","EURGBP.r-1790240420-0022","EURGBP.r","SHORT","OPPORTUNITY_ABANDONED","","0.00000000","0.00000000","0.8597500000","TRANSITION_EXPIRED","false"
"SOLTRADE_V3_LIFETIME_EVENT_V2","1.1.0","ENTRY_ENGINE_V3_TRACKING_DIAGNOSTIC_20260918","1790241340000","EURJPY.r-1790240435-0022","EURJPY.r","SHORT","OPPORTUNITY_ABANDONED","","0.00000000","0.00000000","180.4850000000","TRANSITION_EXPIRED","false"
"SOLTRADE_V3_LIFETIME_EVENT_V2","1.1.0","ENTRY_ENGINE_V3_TRACKING_DIAGNOSTIC_20260918","1790241340000","GBPJPY.r-1790240435-0022","GBPJPY.r","SHORT","OPPORTUNITY_ABANDONED","","0.00000000","0.00000000","209.9245000000","TRANSITION_EXPIRED","false"
"SOLTRADE_V3_LIFETIME_EVENT_V2","1.1.0","ENTRY_ENGINE_V3_TRACKING_DIAGNOSTIC_20260918","1790241345000","USDJPY.r-1790240440-0022","USDJPY.r","SHORT","OPPORTUNITY_ABANDONED","","0.00000000","0.00000000","158.6570000000","TRANSITION_EXPIRED","false"
"SOLTRADE_V3_LIFETIME_EVENT_V2","1.1.0","ENTRY_ENGINE_V3_TRACKING_DIAGNOSTIC_20260918","1790241390000","NZDUSD.r-1790240485-0022","NZDUSD.r","SHORT","OPPORTUNITY_ABANDONED","","0.00000000","0.00000000","0.5670350000","TRANSITION_EXPIRED","false"
"SOLTRADE_V3_LIFETIME_EVENT_V2","1.1.0","ENTRY_ENGINE_V3_TRACKING_DIAGNOSTIC_20260918","1790241480000","AUDJPY.r-1790240575-0022","AUDJPY.r","SHORT","OPPORTUNITY_ABANDONED","","0.00000000","0.00000000","111.5075000000","TRANSITION_EXPIRED","false"
"SOLTRADE_V3_LIFETIME_EVENT_V2","1.1.0","ENTRY_ENGINE_V3_TRACKING_DIAGNOSTIC_20260918","1790241500000","AUDNZD.r-1790240595-0022","AUDNZD.r","SHORT","OPPORTUNITY_ABANDONED","","0.00000000","0.00000000","1.2394900000","TRANSITION_EXPIRED","false"
"SOLTRADE_V3_LIFETIME_EVENT_V2","1.1.0","ENTRY_ENGINE_V3_TRACKING_DIAGNOSTIC_20260918","1790244005000","US500-1790244005-0022","US500","SHORT","OPPORTUNITY_DETECTED","","0.00000000","0.00000000","7668.4250000000","PRESSURE_BURST","false"
"SOLTRADE_V3_LIFETIME_EVENT_V2","1.1.0","ENTRY_ENGINE_V3_TRACKING_DIAGNOSTIC_20260918","1790244010000","XAUUSD.r-1790244010-0022","XAUUSD.r","SHORT","OPPORTUNITY_DETECTED","","0.00000000","0.00000000","4254.8450000000","STRUCTURE_TRANSITION","false"
"SOLTRADE_V3_LIFETIME_EVENT_V2","1.1.0","ENTRY_ENGINE_V3_TRACKING_DIAGNOSTIC_20260918","1790244190000","UK100-1790244190-0022","UK100","SHORT","OPPORTUNITY_DETECTED","","0.00000000","0.00000000","10718.6000000000","PRESSURE_BURST","false"
"SOLTRADE_V3_LIFETIME_EVENT_V2","1.1.0","ENTRY_ENGINE_V3_TRACKING_DIAGNOSTIC_20260918","1790244305000","EURO50-1790244305-0022","EURO50","SHORT","OPPORTUNITY_DETECTED","","0.00000000","0.00000000","6277.5000000000","PRESSURE_BURST","false"
"SOLTRADE_V3_LIFETIME_EVENT_V2","1.1.0","ENTRY_ENGINE_V3_TRACKING_DIAGNOSTIC_20260918","1790244335000","EURO50-1790244305-0022","EURO50","SHORT","OPPORTUNITY_ABANDONED","","0.00000000","0.00000000","6276.5000000000","STALE_MARKET_NO_CURRENT_TICK","false"
"SOLTRADE_V3_LIFETIME_EVENT_V2","1.1.0","ENTRY_ENGINE_V3_TRACKING_DIAGNOSTIC_20260918","1790244910000","US500-1790244005-0022","US500","SHORT","OPPORTUNITY_ABANDONED","","0.00000000","0.00000000","7669.9250000000","TRANSITION_EXPIRED","false"
"SOLTRADE_V3_LIFETIME_EVENT_V2","1.1.0","ENTRY_ENGINE_V3_TRACKING_DIAGNOSTIC_20260918","1790244915000","XAUUSD.r-1790244010-0022","XAUUSD.r","SHORT","OPPORTUNITY_ABANDONED","","0.00000000","0.00000000","4252.3200000000","TRANSITION_EXPIRED","false"
"SOLTRADE_V3_LIFETIME_EVENT_V2","1.1.0","ENTRY_ENGINE_V3_TRACKING_DIAGNOSTIC_20260918","1790245095000","UK100-1790244190-0022","UK100","SHORT","OPPORTUNITY_ABANDONED","","0.00000000","0.00000000","10731.1000000000","TRANSITION_EXPIRED","false"
"SOLTRADE_V3_LIFETIME_EVENT_V2","1.1.0","ENTRY_ENGINE_V3_TRACKING_DIAGNOSTIC_20260918","1790245805000","GER40-1790237710-0021","GER40","LONG","RUNNER_STRUCTURE_ADVANCED","","2.70891150","0.00000000","25240.4900000000","prior_stop=25169.3214285714;new_stop=25240.4900000000;completed_m5_m15=true;monotonic=true","false"
"SOLTRADE_V3_LIFETIME_EVENT_V2","1.1.0","ENTRY_ENGINE_V3_TRACKING_DIAGNOSTIC_20260918","1790246405000","GER40-1790237710-0021","GER40","LONG","RUNNER_STRUCTURE_ADVANCED","","3.39962997","0.00000000","25240.6300000000","prior_stop=25240.4900000000;new_stop=25240.6300000000;completed_m5_m15=true;monotonic=true","false"
"SOLTRADE_V3_LIFETIME_EVENT_V2","1.1.0","ENTRY_ENGINE_V3_TRACKING_DIAGNOSTIC_20260918","1790246705000","GER40-1790237710-0021","GER40","LONG","RUNNER_STRUCTURE_ADVANCED","","3.46438483","0.00000000","25262.0400000000","prior_stop=25240.6300000000;new_stop=25262.0400000000;completed_m5_m15=true;monotonic=true","false"
"SOLTRADE_V3_LIFETIME_EVENT_V2","1.1.0","ENTRY_ENGINE_V3_TRACKING_DIAGNOSTIC_20260918","1790247000000","GER40-1790237710-0021","GER40","LONG","RUNNER_STRUCTURE_ADVANCED","","3.91766883","0.00000000","25262.0800000000","prior_stop=25262.0400000000;new_stop=25262.0800000000;completed_m5_m15=true;monotonic=true","false"
"SOLTRADE_V3_LIFETIME_EVENT_V2","1.1.0","ENTRY_ENGINE_V3_TRACKING_DIAGNOSTIC_20260918","1790247305000","GER40-1790237710-0021","GER40","LONG","RUNNER_STRUCTURE_ADVANCED","","3.37804502","0.00000000","25262.2600000000","prior_stop=25262.0800000000;new_stop=25262.2600000000;completed_m5_m15=true;monotonic=true","false"
"SOLTRADE_V3_LIFETIME_EVENT_V2","1.1.0","ENTRY_ENGINE_V3_TRACKING_DIAGNOSTIC_20260918","1790247605000","GER40-1790237710-0021","GER40","LONG","RUNNER_STRUCTURE_ADVANCED","","3.59389454","0.00000000","25262.5300000000","prior_stop=25262.2600000000;new_stop=25262.5300000000;completed_m5_m15=true;monotonic=true","false"
"SOLTRADE_V3_LIFETIME_EVENT_V2","1.1.0","ENTRY_ENGINE_V3_TRACKING_DIAGNOSTIC_20260918","1790247905000","GER40-1790237710-0021","GER40","LONG","RUNNER_STRUCTURE_ADVANCED","","3.42121492","0.00000000","25262.7400000000","prior_stop=25262.5300000000;new_stop=25262.7400000000;completed_m5_m15=true;monotonic=true","false"
